,RNTI,numDLTotal,numDLnew,numReTx_DL,avgMCS_DL,numULTotal,numULnew,numReTx_UL,avgMCS_UL,DL_throughput_bits,DL_goodput_bits,UL_throughput_bits,UL_goodput_bits,TTI,PulseBWoffset,numRBs,NumFrames,pulseAttenuation,FolderName,prf,FreqOffset,PulseWidth,BW,DL_throughput_bps,DL_goodput_bps,UL_throughput_bps,UL_goodput_bps,DLReTxPrcnt,ULReTxPrcnt
0,1,160,47,113,25.82,38,10,28,25.58,4853296,1326272,1797872,479184,14,0,51,10,0,250421-213944_Run_484_Idx_2191,1210,0,5e-05,20000000,48532960.0,13262720.0,17978720.0,4791840.0,0.70625,0.7368421052631579
1,1,290,81,209,25.71,95,25,70,27.0,4251112,1163200,2320888,610760,7,0,51,10,0,250421-211923_Run_875_Idx_45254,2190,0,5e-05,20000000,42511120.0,11632000.0,23208880.0,6107600.0,0.7206896551724138,0.7368421052631579
2,1,320,118,202,6.89,304,129,175,3.45,82432,23040,41344,17544,2,0,51,10,0,250421-224138_Run_1597_Idx_26368,4000,0,5e-05,20000000,824320.0,230400.0,413440.0,175440.0,0.63125,0.5756578947368421
3,1,320,88,232,23.75,171,52,119,23.54,1566128,405832,1342384,363776,4,0,51,10,0,250421-220706_Run_1510_Idx_94268,3780,0,5e-05,20000000,15661280.0,4058320.0,13423840.0,3637760.0,0.725,0.695906432748538
4,1,320,104,216,20.19,304,96,208,22.32,326624,86408,1066528,278040,2,0,51,10,0,250421-223845_Run_1693_Idx_6392,4240,0,5e-05,20000000,3266240.0,864080.0,10665280.0,2780400.0,0.675,0.6842105263157895
5,1,320,80,240,26.56,171,45,126,27.0,1942144,485536,1975848,519960,4,0,51,10,0,250421-210209_Run_194_Idx_48165,490,0,5e-05,20000000,19421440.0,4855360.0,19758480.0,5199600.0,0.75,0.7368421052631579
6,1,160,46,114,24.31,38,13,25,24.16,4167624,1147600,1855440,542344,14,0,51,10,0,250421-214952_Run_468_Idx_99155,1170,0,5e-05,20000000,41676240.0,11476000.0,18554400.0,5423440.0,0.7125,0.6578947368421053
7,1,320,89,231,21.76,171,65,106,18.74,1426048,370368,1043688,314040,4,0,51,10,0,250421-222605_Run_1358_Idx_30345,3400,0,5e-05,20000000,14260480.0,3703680.0,10436880.0,3140400.0,0.721875,0.6198830409356725
8,1,320,80,240,26.6,304,94,210,25.58,487424,121856,1266352,351616,2,0,51,10,0,250421-210802_Run_421_Idx_14466,1060,0,5e-05,20000000,4874240.0,1218560.0,12663520.0,3516160.0,0.75,0.6907894736842105
9,1,320,89,231,19.72,171,53,118,17.71,1075032,276128,626232,196608,4,0,51,10,0,250421-224913_Run_1886_Idx_70468,4720,0,5e-05,20000000,10750320.0,2761280.0,6262320.0,1966080.0,0.721875,0.6900584795321637
10,1,290,79,211,26.2,95,25,70,27.0,4593992,1225904,2320888,610760,7,0,51,10,0,250421-215306_Run_463_Idx_82624,1160,0,5e-05,20000000,45939920.0,12259040.0,23208880.0,6107600.0,0.7275862068965517,0.7368421052631579
11,1,290,78,212,18.04,95,25,70,16.27,2025992,523176,1021040,256256,7,0,51,10,0,250421-225127_Run_1819_Idx_46758,4550,0,5e-05,20000000,20259920.0,5231760.0,10210400.0,2562560.0,0.7310344827586207,0.7368421052631579
12,1,320,83,237,24.27,171,50,121,23.1,1569760,396560,1211056,319136,4,0,51,10,0,250421-230036_Run_1930_Idx_56405,4830,0,5e-05,20000000,15697600.0,3965600.0,12110560.0,3191360.0,0.740625,0.7076023391812866
13,1,320,104,216,23.61,304,102,202,22.8,416896,115408,1062184,287544,2,0,51,10,0,250421-222301_Run_1065_Idx_79491,2670,0,5e-05,20000000,4168960.0,1154080.0,10621840.0,2875440.0,0.675,0.6644736842105263
14,1,290,80,210,26.17,95,27,68,25.58,4542152,1230872,2102096,574016,7,0,51,10,0,250421-212042_Run_635_Idx_34661,1590,0,5e-05,20000000,45421520.0,12308720.0,21020960.0,5740160.0,0.7241379310344828,0.7157894736842105
15,1,290,88,202,25.47,95,35,60,24.16,4576392,1254456,2084552,618728,7,0,51,10,0,250421-204215_Run_99_Idx_45491,250,0,5e-05,20000000,45763920.0,12544560.0,20845520.0,6187280.0,0.696551724137931,0.631578947368421
16,1,320,80,240,26.65,304,112,192,24.07,494080,123520,1205536,358408,2,0,51,10,0,250421-210035_Run_197_Idx_19702,500,0,5e-05,20000000,4940800.0,1235200.0,12055360.0,3584080.0,0.75,0.631578947368421
17,1,290,78,212,26.59,95,25,70,27.0,4720392,1265256,2320888,610760,7,0,51,10,0,250421-212935_Run_739_Idx_10643,1850,0,5e-05,20000000,47203920.0,12652560.0,23208880.0,6107600.0,0.7310344827586207,0.7368421052631579
18,1,320,80,240,26.12,171,47,124,25.11,1915904,478976,1422704,378808,4,0,51,10,0,250421-221640_Run_1494_Idx_10844,3740,0,5e-05,20000000,19159040.0,4789760.0,14227040.0,3788080.0,0.75,0.7251461988304093
19,1,320,80,240,26.48,171,45,126,27.0,1915904,478976,1975848,519960,4,0,51,10,0,250421-204514_Run_42_Idx_33009,110,0,5e-05,20000000,19159040.0,4789760.0,19758480.0,5199600.0,0.75,0.7368421052631579
20,1,320,80,240,26.65,304,80,224,27.0,494080,123520,1361920,358400,2,0,51,10,0,250421-210448_Run_189_Idx_71618,480,0,5e-05,20000000,4940800.0,1235200.0,13619200.0,3584000.0,0.75,0.7368421052631579
21,1,160,43,117,23.49,38,10,28,21.32,4293376,1150752,1337328,364048,14,0,51,10,0,250421-225939_Run_1904_Idx_22272,4760,0,5e-05,20000000,42933760.0,11507520.0,13373280.0,3640480.0,0.73125,0.7368421052631579
22,1,160,43,117,25.72,38,10,28,25.58,4894896,1322520,1797872,479184,14,0,51,10,0,250421-211003_Run_536_Idx_1820,1340,0,5e-05,20000000,48948960.0,13225200.0,17978720.0,4791840.0,0.73125,0.7368421052631579
23,1,160,44,116,26.33,38,10,28,27.0,5039040,1348568,2258416,594320,14,0,51,10,0,250421-210709_Run_304_Idx_93324,760,0,5e-05,20000000,50390400.0,13485680.0,22584160.0,5943200.0,0.725,0.7368421052631579
24,1,320,94,226,25.25,304,80,224,27.0,452048,119536,1361920,358400,2,0,51,10,0,250421-211013_Run_417_Idx_14466,1050,0,5e-05,20000000,4520480.0,1195360.0,13619200.0,3584000.0,0.70625,0.7368421052631579
25,1,320,80,240,26.5,171,45,126,27.0,1915904,478976,1975848,519960,4,0,51,10,0,250421-210346_Run_310_Idx_51250,780,0,5e-05,20000000,19159040.0,4789760.0,19758480.0,5199600.0,0.75,0.7368421052631579
26,1,160,43,117,26.61,38,10,28,27.0,5235144,1386000,2258416,594320,14,0,51,10,0,250421-213006_Run_144_Idx_82007,360,0,5e-05,20000000,52351440.0,13860000.0,22584160.0,5943200.0,0.73125,0.7368421052631579
27,1,160,43,117,19.3,38,10,28,21.42,2992432,815528,1797872,479184,14,0,51,10,0,250421-221042_Run_1268_Idx_82007,3170,0,5e-05,20000000,29924320.0,8155280.0,17978720.0,4791840.0,0.73125,0.7368421052631579
28,1,320,92,228,24.61,304,90,214,25.58,449056,117856,1214224,333696,2,0,51,10,0,250421-221825_Run_1073_Idx_91911,2690,0,5e-05,20000000,4490560.0,1178560.0,12142240.0,3336960.0,0.7125,0.7039473684210527
29,1,290,78,212,24.96,95,25,70,24.52,4131272,1109416,1848216,492592,7,0,51,10,0,250421-220840_Run_1151_Idx_3654,2880,0,5e-05,20000000,41312720.0,11094160.0,18482160.0,4925920.0,0.7310344827586207,0.7368421052631579
30,1,320,80,240,26.41,171,53,118,23.58,1880192,470048,1203368,349096,4,0,51,10,0,250421-221448_Run_1318_Idx_77904,3300,0,5e-05,20000000,18801920.0,4700480.0,12033680.0,3490960.0,0.75,0.6900584795321637
31,1,160,44,116,22.64,38,10,28,23.05,3527992,896552,1452464,364048,14,0,51,10,0,250421-220029_Run_1164_Idx_56251,2910,0,5e-05,20000000,35279920.0,8965520.0,14524640.0,3640480.0,0.725,0.7368421052631579
32,1,320,107,213,23.88,304,89,215,25.58,428152,120424,1201192,329216,2,0,51,10,0,250421-205422_Run_1041_Idx_94238,2610,0,5e-05,20000000,4281520.0,1204240.0,12011920.0,3292160.0,0.665625,0.7072368421052632
33,1,320,80,240,26.65,304,80,224,27.0,494080,123520,1361920,358400,2,0,51,10,0,250421-205204_Run_689_Idx_24085,1730,0,5e-05,20000000,4940800.0,1235200.0,13619200.0,3584000.0,0.75,0.7368421052631579
34,1,160,43,117,22.96,38,10,28,21.32,3664008,993216,1337328,364048,14,0,51,10,0,250421-221051_Run_1504_Idx_13114,3760,0,5e-05,20000000,36640080.0,9932160.0,13373280.0,3640480.0,0.73125,0.7368421052631579
35,1,320,80,240,26.6,304,80,224,27.0,487424,121856,1361920,358400,2,0,51,10,0,250421-213051_Run_737_Idx_9346,1850,0,5e-05,20000000,4874240.0,1218560.0,13619200.0,3584000.0,0.75,0.7368421052631579
36,1,290,78,212,22.78,95,25,70,24.16,2984232,784136,1493712,374424,7,0,51,10,0,250421-223219_Run_1551_Idx_67176,3880,0,5e-05,20000000,29842320.0,7841360.0,14937120.0,3744240.0,0.7310344827586207,0.7368421052631579
37,1,160,43,117,26.6,38,10,28,27.0,5078216,1346768,2258416,594320,14,0,51,10,0,250421-212136_Run_396_Idx_27734,990,0,5e-05,20000000,50782160.0,13467680.0,22584160.0,5943200.0,0.73125,0.7368421052631579
38,1,320,80,240,26.48,171,53,118,25.58,1915904,478976,1772048,491488,4,0,51,10,0,250421-210728_Run_422_Idx_65880,1060,0,5e-05,20000000,19159040.0,4789760.0,17720480.0,4914880.0,0.75,0.6900584795321637
39,1,290,78,212,26.59,95,25,70,27.0,4720392,1265256,2320888,610760,7,0,51,10,0,250421-204029_Run_63_Idx_10643,160,0,5e-05,20000000,47203920.0,12652560.0,23208880.0,6107600.0,0.7310344827586207,0.7368421052631579
40,1,160,43,117,20.76,38,10,28,22.84,3349120,875680,1797872,479184,14,0,51,10,0,250421-223659_Run_1728_Idx_82007,4320,0,5e-05,20000000,33491200.0,8756800.0,17978720.0,4791840.0,0.73125,0.7368421052631579
41,1,290,86,204,21.71,95,30,65,22.74,3395112,961800,1813280,524168,7,0,51,10,0,250421-210840_Run_895_Idx_57045,2240,0,5e-05,20000000,33951120.0,9618000.0,18132800.0,5241680.0,0.7034482758620689,0.6842105263157895
42,1,290,80,210,25.99,95,25,70,27.0,4473672,1196632,2320888,610760,7,0,51,10,0,250421-205306_Run_687_Idx_47120,1720,0,5e-05,20000000,44736720.0,11966320.0,23208880.0,6107600.0,0.7241379310344828,0.7368421052631579
43,1,320,80,240,26.48,171,45,126,27.0,1942144,485536,1975848,519960,4,0,51,10,0,250421-220053_Run_1102_Idx_40035,2760,0,5e-05,20000000,19421440.0,4855360.0,19758480.0,5199600.0,0.75,0.7368421052631579
44,1,320,102,218,23.82,171,52,119,25.58,1520160,424624,1769000,487008,4,0,51,10,0,250421-212314_Run_750_Idx_30345,1880,0,5e-05,20000000,15201600.0,4246240.0,17690000.0,4870080.0,0.68125,0.695906432748538
45,1,290,79,211,26.49,95,25,70,27.0,4703272,1266064,2320888,610760,7,0,51,10,0,250421-211632_Run_287_Idx_17819,720,0,5e-05,20000000,47032720.0,12660640.0,23208880.0,6107600.0,0.7275862068965517,0.7368421052631579
46,1,320,90,230,25.3,304,104,200,20.44,439408,114512,866704,235688,2,0,51,10,0,250421-223942_Run_1569_Idx_85630,3930,0,5e-05,20000000,4394080.0,1145120.0,8667040.0,2356880.0,0.71875,0.6578947368421053
47,1,320,96,224,23.22,304,94,210,22.31,416896,110072,936208,251704,2,0,51,10,0,250421-225104_Run_1773_Idx_27660,4440,0,5e-05,20000000,4168960.0,1100720.0,9362080.0,2517040.0,0.7,0.6907894736842105
48,1,290,78,212,26.64,95,25,70,27.0,4781832,1280616,2320888,610760,7,0,51,10,0,250421-204334_Run_71_Idx_3654,180,0,5e-05,20000000,47818320.0,12806160.0,23208880.0,6107600.0,0.7310344827586207,0.7368421052631579
49,1,160,45,115,26.16,38,10,28,27.0,5051504,1362624,2258416,594320,14,0,51,10,0,250421-213442_Run_492_Idx_61321,1230,0,5e-05,20000000,50515040.0,13626240.0,22584160.0,5943200.0,0.71875,0.7368421052631579
50,1,320,80,240,26.5,171,45,126,27.0,1915904,478976,1975848,519960,4,0,51,10,0,250421-204549_Run_2_Idx_51250,10,0,5e-05,20000000,19159040.0,4789760.0,19758480.0,5199600.0,0.75,0.7368421052631579
51,1,320,80,240,26.56,171,45,126,27.0,1942144,485536,1975848,519960,4,0,51,10,0,250421-204407_Run_70_Idx_21514,180,0,5e-05,20000000,19421440.0,4855360.0,19758480.0,5199600.0,0.75,0.7368421052631579
52,1,290,78,212,19.68,95,25,70,17.83,2292168,598280,1021040,256256,7,0,51,10,0,250421-225442_Run_1899_Idx_67176,4750,0,5e-05,20000000,22921680.0,5982800.0,10210400.0,2562560.0,0.7310344827586207,0.7368421052631579
53,1,320,80,240,26.56,171,45,126,27.0,1942144,485536,1975848,519960,4,0,51,10,0,250421-205553_Run_206_Idx_48165,520,0,5e-05,20000000,19421440.0,4855360.0,19758480.0,5199600.0,0.75,0.7368421052631579
54,1,320,101,219,23.99,304,101,203,23.67,421720,116824,1079560,313472,2,0,51,10,0,250421-220232_Run_1281_Idx_35829,3210,0,5e-05,20000000,4217200.0,1168240.0,10795600.0,3134720.0,0.684375,0.6677631578947368
55,1,320,112,208,22.23,304,99,205,24.16,375224,109120,1196848,334920,2,0,51,10,0,250421-221743_Run_1313_Idx_14381,3290,0,5e-05,20000000,3752240.0,1091200.0,11968480.0,3349200.0,0.65,0.6743421052631579
56,1,290,85,205,24.05,95,27,68,23.15,4079912,1097952,1836864,481680,7,0,51,10,0,250421-204645_Run_699_Idx_52751,1750,0,5e-05,20000000,40799120.0,10979520.0,18368640.0,4816800.0,0.7068965517241379,0.7157894736842105
57,1,160,43,117,23.72,38,10,28,24.26,4215024,1111576,1797872,479184,14,0,51,10,0,250421-210712_Run_1016_Idx_60828,2540,0,5e-05,20000000,42150240.0,11115760.0,17978720.0,4791840.0,0.73125,0.7368421052631579
58,1,160,43,117,26.5,38,10,28,27.0,5078216,1346768,2258416,594320,14,0,51,10,0,250421-215229_Run_228_Idx_13114,570,0,5e-05,20000000,50782160.0,13467680.0,22584160.0,5943200.0,0.73125,0.7368421052631579
59,1,160,43,117,21.48,38,10,28,22.74,3703800,1013152,1797872,479184,14,0,51,10,0,250421-210809_Run_896_Idx_22272,2240,0,5e-05,20000000,37038000.0,10131520.0,17978720.0,4791840.0,0.73125,0.7368421052631579
60,1,160,43,117,23.48,38,10,28,22.74,3991680,1050528,1452464,364048,14,0,51,10,0,250421-223545_Run_1668_Idx_27734,4170,0,5e-05,20000000,39916800.0,10505280.0,14524640.0,3640480.0,0.73125,0.7368421052631579
61,1,320,80,240,26.3,304,104,200,23.62,494080,123520,1057840,309536,2,0,51,10,0,250421-210219_Run_669_Idx_69321,1680,0,5e-05,20000000,4940800.0,1235200.0,10578400.0,3095360.0,0.75,0.6578947368421053
62,1,320,114,206,22.65,304,131,173,18.67,392776,116048,897112,274112,2,0,51,10,0,250421-205620_Run_1037_Idx_37808,2600,0,5e-05,20000000,3927760.0,1160480.0,8971120.0,2741120.0,0.64375,0.569078947368421
63,1,320,80,240,26.48,171,45,126,27.0,1915904,478976,1975848,519960,4,0,51,10,0,250421-211213_Run_770_Idx_54611,1930,0,5e-05,20000000,19159040.0,4789760.0,19758480.0,5199600.0,0.75,0.7368421052631579
64,1,160,43,117,24.81,38,10,28,24.16,4334488,1170824,1337328,364048,14,0,51,10,0,250421-215354_Run_1468_Idx_22272,3670,0,5e-05,20000000,43344880.0,11708240.0,13373280.0,3640480.0,0.73125,0.7368421052631579
65,1,320,80,240,26.65,304,80,224,27.0,494080,123520,1361920,358400,2,0,51,10,0,250421-213422_Run_137_Idx_71618,350,0,5e-05,20000000,4940800.0,1235200.0,13619200.0,3584000.0,0.75,0.7368421052631579
66,1,320,92,228,24.2,171,53,118,24.79,1490040,383184,1624824,443368,4,0,51,10,0,250421-220321_Run_1098_Idx_4771,2750,0,5e-05,20000000,14900400.0,3831840.0,16248240.0,4433680.0,0.7125,0.6900584795321637
67,1,160,44,116,25.72,38,10,28,25.58,4565664,1230224,1797872,479184,14,0,51,10,0,250421-213354_Run_612_Idx_56251,1530,0,5e-05,20000000,45656640.0,12302240.0,17978720.0,4791840.0,0.725,0.7368421052631579
68,1,320,80,240,26.6,304,95,209,21.56,487424,121856,940552,260528,2,0,51,10,0,250421-224738_Run_1857_Idx_26604,4650,0,5e-05,20000000,4874240.0,1218560.0,9405520.0,2605280.0,0.75,0.6875
69,1,290,78,212,26.64,95,25,70,27.0,4781832,1280616,2320888,610760,7,0,51,10,0,250421-204857_Run_219_Idx_54015,550,0,5e-05,20000000,47818320.0,12806160.0,23208880.0,6107600.0,0.7310344827586207,0.7368421052631579
70,1,320,94,226,25.25,304,80,224,27.0,452048,119536,1361920,358400,2,0,51,10,0,250421-214230_Run_361_Idx_14466,910,0,5e-05,20000000,4520480.0,1195360.0,13619200.0,3584000.0,0.70625,0.7368421052631579
71,1,290,80,210,25.99,95,25,70,27.0,4525032,1213752,2320888,610760,7,0,51,10,0,250421-205156_Run_927_Idx_65032,2320,0,5e-05,20000000,45250320.0,12137520.0,23208880.0,6107600.0,0.7241379310344828,0.7368421052631579
72,1,290,78,212,23.9,95,26,69,22.45,3378472,882696,1291680,337704,7,0,51,10,0,250421-223459_Run_1639_Idx_82624,4100,0,5e-05,20000000,33784720.0,8826960.0,12916800.0,3377040.0,0.7310344827586207,0.7263157894736842
73,1,320,83,237,23.91,171,45,126,25.63,1539800,390040,1581384,421344,4,0,51,10,0,250421-224815_Run_1778_Idx_75569,4450,0,5e-05,20000000,15398000.0,3900400.0,15813840.0,4213440.0,0.740625,0.7368421052631579
74,1,290,79,211,26.03,95,31,64,23.87,4593512,1212944,1998832,538624,7,0,51,10,0,250421-213927_Run_603_Idx_86147,1510,0,5e-05,20000000,45935120.0,12129440.0,19988320.0,5386240.0,0.7275862068965517,0.6736842105263158
75,1,160,45,115,25.15,38,10,28,25.58,4315256,1153520,1913008,479184,14,0,51,10,0,250421-210852_Run_776_Idx_37464,1940,0,5e-05,20000000,43152560.0,11535200.0,19130080.0,4791840.0,0.71875,0.7368421052631579
76,1,320,94,226,24.14,171,50,121,25.58,1577888,419456,1580096,432568,4,0,51,10,0,250421-205059_Run_810_Idx_88280,2030,0,5e-05,20000000,15778880.0,4194560.0,15800960.0,4325680.0,0.70625,0.7076023391812866
77,1,290,80,210,25.99,95,25,70,27.0,4422312,1196632,2320888,610760,7,0,51,10,0,250421-210527_Run_663_Idx_47120,1660,0,5e-05,20000000,44223120.0,11966320.0,23208880.0,6107600.0,0.7241379310344828,0.7368421052631579
78,1,290,83,207,25.47,95,25,70,27.0,4206792,1149456,2320888,610760,7,0,51,10,0,250421-213649_Run_727_Idx_13310,1820,0,5e-05,20000000,42067920.0,11494560.0,23208880.0,6107600.0,0.7137931034482758,0.7368421052631579
79,1,320,106,214,21.77,304,92,212,24.87,346144,97848,1118656,307904,2,0,51,10,0,250421-220054_Run_1457_Idx_86950,3650,0,5e-05,20000000,3461440.0,978480.0,11186560.0,3079040.0,0.66875,0.6973684210526315
80,1,320,80,240,26.2,304,98,206,23.84,487424,121856,1079560,308720,2,0,51,10,0,250421-221941_Run_1489_Idx_91793,3730,0,5e-05,20000000,4874240.0,1218560.0,10795600.0,3087200.0,0.75,0.6776315789473685
81,1,320,114,206,19.24,304,113,191,18.48,345920,98304,858016,254288,2,0,51,10,0,250421-222425_Run_1361_Idx_69735,3410,0,5e-05,20000000,3459200.0,983040.0,8580160.0,2542880.0,0.64375,0.6282894736842105
82,1,290,80,210,24.17,95,25,70,25.58,3778792,1010072,1966384,492592,7,0,51,10,0,250421-222227_Run_1187_Idx_52003,2970,0,5e-05,20000000,37787920.0,10100720.0,19663840.0,4925920.0,0.7241379310344828,0.7368421052631579
83,1,320,92,228,22.4,171,50,121,22.83,1238488,327920,1295672,361240,4,0,51,10,0,250421-215502_Run_1350_Idx_64555,3380,0,5e-05,20000000,12384880.0,3279200.0,12956720.0,3612400.0,0.7125,0.7076023391812866
84,1,160,44,116,24.14,38,10,28,22.74,4570224,1230904,1797872,479184,14,0,51,10,0,250421-212413_Run_984_Idx_37818,2460,0,5e-05,20000000,45702240.0,12309040.0,17978720.0,4791840.0,0.725,0.7368421052631579
85,1,320,80,240,26.65,304,80,224,27.0,494080,123520,1361920,358400,2,0,51,10,0,250421-205830_Run_201_Idx_71618,510,0,5e-05,20000000,4940800.0,1235200.0,13619200.0,3584000.0,0.75,0.7368421052631579
86,1,320,110,210,20.78,304,97,207,22.27,323504,91640,993736,278440,2,0,51,10,0,250421-215527_Run_1409_Idx_81315,3530,0,5e-05,20000000,3235040.0,916400.0,9937360.0,2784400.0,0.65625,0.680921052631579
87,1,320,80,240,26.48,171,45,126,27.0,1915904,478976,1975848,519960,4,0,51,10,0,250421-210118_Run_790_Idx_54611,1980,0,5e-05,20000000,19159040.0,4789760.0,19758480.0,5199600.0,0.75,0.7368421052631579
88,1,160,44,116,26.16,38,10,28,27.0,4958752,1328496,2258416,594320,14,0,51,10,0,250421-205629_Run_324_Idx_93324,810,0,5e-05,20000000,49587520.0,13284960.0,22584160.0,5943200.0,0.725,0.7368421052631579
89,1,290,84,206,25.84,95,29,66,25.58,4480712,1235864,2259632,628304,7,0,51,10,0,250421-210653_Run_423_Idx_15785,1060,0,5e-05,20000000,44807120.0,12358640.0,22596320.0,6283040.0,0.7103448275862069,0.6947368421052632
90,1,290,77,213,25.86,95,30,65,22.49,4610632,1194208,1841688,472536,7,0,51,10,0,250421-221452_Run_1079_Idx_91252,2700,0,5e-05,20000000,46106320.0,11942080.0,18416880.0,4725360.0,0.7344827586206897,0.6842105263157895
91,1,290,87,203,24.74,95,33,62,23.59,4138312,1118448,1944560,579344,7,0,51,10,0,250421-205412_Run_447_Idx_49486,1120,0,5e-05,20000000,41383120.0,11184480.0,19445600.0,5793440.0,0.7,0.6526315789473685
92,1,320,80,240,26.3,304,108,196,22.41,494080,123520,1083904,275328,2,0,51,10,0,250421-221606_Run_1077_Idx_71004,2700,0,5e-05,20000000,4940800.0,1235200.0,10839040.0,2753280.0,0.75,0.6447368421052632
93,1,320,96,224,25.25,304,80,224,27.0,461696,122880,1361920,358400,2,0,51,10,0,250421-204934_Run_337_Idx_92681,850,0,5e-05,20000000,4616960.0,1228800.0,13619200.0,3584000.0,0.7,0.7368421052631579
94,1,160,43,117,19.41,38,10,28,15.63,2268552,600352,70832,18640,14,0,51,10,0,250421-225128_Run_1772_Idx_60828,4430,0,5e-05,20000000,22685520.0,6003520.0,708320.0,186400.0,0.73125,0.7368421052631579
95,1,160,43,117,23.79,38,10,28,20.11,4152256,1090672,991920,248912,14,0,51,10,0,250421-225053_Run_1836_Idx_27734,4590,0,5e-05,20000000,41522560.0,10906720.0,9919200.0,2489120.0,0.73125,0.7368421052631579
96,1,290,85,205,23.73,95,28,67,25.05,3891592,1063712,2180864,601160,7,0,51,10,0,250421-215008_Run_823_Idx_36913,2060,0,5e-05,20000000,38915920.0,10637120.0,21808640.0,6011600.0,0.7068965517241379,0.7052631578947368
97,1,320,87,233,25.21,171,45,126,27.0,1589104,409768,1975848,519960,4,0,51,10,0,250421-221635_Run_1138_Idx_78774,2850,0,5e-05,20000000,15891040.0,4097680.0,19758480.0,5199600.0,0.728125,0.7368421052631579
98,1,320,101,219,21.7,171,49,122,25.58,1179680,325784,1761312,464472,4,0,51,10,0,250421-215651_Run_1290_Idx_67154,3230,0,5e-05,20000000,11796800.0,3257840.0,17613120.0,4644720.0,0.684375,0.7134502923976608
99,1,290,81,209,26.21,95,25,70,27.0,4600552,1250560,2320888,610760,7,0,51,10,0,250421-211323_Run_411_Idx_38204,1030,0,5e-05,20000000,46005520.0,12505600.0,23208880.0,6107600.0,0.7206896551724138,0.7368421052631579
100,1,320,80,240,26.5,304,80,224,27.0,479744,119936,1361920,358400,2,0,51,10,0,250421-212710_Run_505_Idx_33396,1270,0,5e-05,20000000,4797440.0,1199360.0,13619200.0,3584000.0,0.75,0.7368421052631579
101,1,320,80,240,26.52,171,57,114,23.68,1942144,485536,1443264,395976,4,0,51,10,0,250421-205144_Run_1046_Idx_99267,2620,0,5e-05,20000000,19421440.0,4855360.0,14432640.0,3959760.0,0.75,0.6666666666666666
102,1,160,43,117,25.84,38,10,28,27.0,4684744,1248400,2258416,594320,14,0,51,10,0,250421-221745_Run_1256_Idx_82007,3140,0,5e-05,20000000,46847440.0,12484000.0,22584160.0,5943200.0,0.73125,0.7368421052631579
103,1,320,92,228,23.91,171,53,118,23.69,1537824,406992,1421432,407984,4,0,51,10,0,250421-220153_Run_1282_Idx_43829,3210,0,5e-05,20000000,15378240.0,4069920.0,14214320.0,4079840.0,0.7125,0.6900584795321637
104,1,160,43,117,24.21,38,10,28,24.16,4037280,1052328,1452464,364048,14,0,51,10,0,250421-222303_Run_1420_Idx_22272,3550,0,5e-05,20000000,40372800.0,10523280.0,14524640.0,3640480.0,0.73125,0.7368421052631579
105,1,160,43,117,24.34,38,10,28,22.84,4293376,1150752,1797872,479184,14,0,51,10,0,250421-223752_Run_1572_Idx_22272,3930,0,5e-05,20000000,42933760.0,11507520.0,17978720.0,4791840.0,0.73125,0.7368421052631579
106,1,320,91,229,25.17,171,45,126,27.0,1716648,449056,1975848,519960,4,0,51,10,0,250421-221637_Run_1258_Idx_91050,3150,0,5e-05,20000000,17166480.0,4490560.0,19758480.0,5199600.0,0.715625,0.7368421052631579
107,1,320,99,221,23.52,171,54,117,22.94,1573264,426168,1285808,363344,4,0,51,10,0,250421-222225_Run_1066_Idx_4042,2670,0,5e-05,20000000,15732640.0,4261680.0,12858080.0,3633440.0,0.690625,0.6842105263157895
108,1,320,80,240,26.6,304,80,224,27.0,487424,121856,1361920,358400,2,0,51,10,0,250421-210151_Run_789_Idx_9346,1980,0,5e-05,20000000,4874240.0,1218560.0,13619200.0,3584000.0,0.75,0.7368421052631579
109,1,160,43,117,26.5,38,10,28,27.0,5277976,1406696,2258416,594320,14,0,51,10,0,250421-204219_Run_60_Idx_46277,150,0,5e-05,20000000,52779760.0,14066960.0,22584160.0,5943200.0,0.73125,0.7368421052631579
110,1,320,80,240,26.48,171,45,126,27.0,1915904,478976,1975848,519960,4,0,51,10,0,250421-212458_Run_390_Idx_33009,980,0,5e-05,20000000,19159040.0,4789760.0,19758480.0,5199600.0,0.75,0.7368421052631579
111,1,160,43,117,25.65,38,10,28,27.0,4647896,1249176,2258416,594320,14,0,51,10,0,250421-222045_Run_1424_Idx_22272,3560,0,5e-05,20000000,46478960.0,12491760.0,22584160.0,5943200.0,0.73125,0.7368421052631579
112,1,290,81,209,26.02,95,30,65,25.58,4542632,1210400,2202720,614744,7,0,51,10,0,250421-203855_Run_39_Idx_86044,100,0,5e-05,20000000,45426320.0,12104000.0,22027200.0,6147440.0,0.7206896551724138,0.6842105263157895
113,1,290,78,212,23.06,95,25,70,21.64,3265192,888616,1375544,374424,7,0,51,10,0,250421-225927_Run_1959_Idx_42567,4900,0,5e-05,20000000,32651920.0,8886160.0,13755440.0,3744240.0,0.7310344827586207,0.7368421052631579
114,1,160,43,117,26.5,38,10,28,27.0,5090776,1359896,2258416,594320,14,0,51,10,0,250421-205058_Run_572_Idx_1820,1430,0,5e-05,20000000,50907760.0,13598960.0,22584160.0,5943200.0,0.73125,0.7368421052631579
115,1,320,80,240,26.65,304,91,213,25.58,494080,123520,1227256,338176,2,0,51,10,0,250421-211100_Run_1009_Idx_14734,2530,0,5e-05,20000000,4940800.0,1235200.0,12272560.0,3381760.0,0.75,0.7006578947368421
116,1,320,98,222,24.32,304,90,214,25.58,400592,108536,1214224,333696,2,0,51,10,0,250421-222559_Run_1181_Idx_31968,2960,0,5e-05,20000000,4005920.0,1085360.0,12142240.0,3336960.0,0.69375,0.7039473684210527
117,1,320,117,203,21.84,304,110,194,22.45,384736,114632,1027432,310352,2,0,51,10,0,250421-214956_Run_941_Idx_32915,2360,0,5e-05,20000000,3847360.0,1146320.0,10274320.0,3103520.0,0.634375,0.6381578947368421
118,1,290,81,209,25.06,95,25,70,27.0,3805992,1043360,2320888,610760,7,0,51,10,0,250421-221338_Run_1143_Idx_68411,2860,0,5e-05,20000000,38059920.0,10433600.0,23208880.0,6107600.0,0.7206896551724138,0.7368421052631579
119,1,160,43,117,25.31,38,10,28,27.0,4651512,1250080,2258416,594320,14,0,51,10,0,250421-221823_Run_1428_Idx_22272,3570,0,5e-05,20000000,46515120.0,12500800.0,22584160.0,5943200.0,0.73125,0.7368421052631579
120,1,160,43,117,22.24,38,10,28,24.16,3503432,953072,1337328,364048,14,0,51,10,0,250421-220249_Run_1220_Idx_27734,3050,0,5e-05,20000000,35034320.0,9530720.0,13373280.0,3640480.0,0.73125,0.7368421052631579
121,1,320,98,222,23.9,304,112,192,21.27,410240,110144,905800,262840,2,0,51,10,0,250421-220012_Run_1521_Idx_90585,3810,0,5e-05,20000000,4102400.0,1101440.0,9058000.0,2628400.0,0.69375,0.631578947368421
122,1,320,80,240,26.65,304,80,224,27.0,494080,123520,1361920,358400,2,0,51,10,0,250421-214548_Run_593_Idx_24085,1490,0,5e-05,20000000,4940800.0,1235200.0,13619200.0,3584000.0,0.75,0.7368421052631579
123,1,290,80,210,22.06,95,26,69,21.88,3155432,871352,1552480,429160,7,0,51,10,0,250421-215837_Run_1167_Idx_68411,2920,0,5e-05,20000000,31554320.0,8713520.0,15524800.0,4291600.0,0.7241379310344828,0.7263157894736842
124,1,320,80,240,26.6,304,80,224,27.0,487424,121856,1361920,358400,2,0,51,10,0,250421-211742_Run_285_Idx_29121,720,0,5e-05,20000000,4874240.0,1218560.0,13619200.0,3584000.0,0.75,0.7368421052631579
125,1,320,86,234,21.63,171,48,123,24.53,1183224,299416,1531224,406120,4,0,51,10,0,250421-225352_Run_1862_Idx_52105,4660,0,5e-05,20000000,11832240.0,2994160.0,15312240.0,4061200.0,0.73125,0.7192982456140351
126,1,320,80,240,26.6,304,80,224,27.0,487424,121856,1361920,358400,2,0,51,10,0,250421-212607_Run_745_Idx_9346,1870,0,5e-05,20000000,4874240.0,1218560.0,13619200.0,3584000.0,0.75,0.7368421052631579
127,1,290,78,212,22.82,95,25,70,22.82,3453512,905736,1493712,374424,7,0,51,10,0,250421-223820_Run_1755_Idx_91797,4390,0,5e-05,20000000,34535120.0,9057360.0,14937120.0,3744240.0,0.7310344827586207,0.7368421052631579
128,1,290,78,212,26.59,95,25,70,27.0,4720392,1265256,2320888,610760,7,0,51,10,0,250421-204515_Run_55_Idx_10643,140,0,5e-05,20000000,47203920.0,12652560.0,23208880.0,6107600.0,0.7310344827586207,0.7368421052631579
129,1,320,91,229,23.62,304,109,195,20.03,434584,116184,871048,258088,2,0,51,10,0,250421-223726_Run_1605_Idx_39045,4020,0,5e-05,20000000,4345840.0,1161840.0,8710480.0,2580880.0,0.715625,0.6414473684210527
130,1,320,80,240,26.41,171,45,126,27.0,1880192,470048,1975848,519960,4,0,51,10,0,250421-212634_Run_506_Idx_60744,1270,0,5e-05,20000000,18801920.0,4700480.0,19758480.0,5199600.0,0.75,0.7368421052631579
131,1,290,81,209,25.55,95,29,66,24.44,4200232,1124800,1972576,536848,7,0,51,10,0,250421-211700_Run_523_Idx_94053,1310,0,5e-05,20000000,42002320.0,11248000.0,19725760.0,5368480.0,0.7206896551724138,0.6947368421052632
132,1,320,80,240,26.6,304,85,219,25.58,487424,121856,1196848,311296,2,0,51,10,0,250421-225947_Run_1973_Idx_92148,4940,0,5e-05,20000000,4874240.0,1218560.0,11968480.0,3112960.0,0.75,0.7203947368421053
133,1,320,80,240,26.65,304,80,224,27.0,494080,123520,1361920,358400,2,0,51,10,0,250421-213323_Run_613_Idx_24085,1540,0,5e-05,20000000,4940800.0,1235200.0,13619200.0,3584000.0,0.75,0.7368421052631579
134,1,160,43,117,24.33,38,10,28,27.0,3981296,1053144,2258416,594320,14,0,51,10,0,250421-225817_Run_1948_Idx_46277,4870,0,5e-05,20000000,39812960.0,10531440.0,22584160.0,5943200.0,0.73125,0.7368421052631579
135,1,290,78,212,26.64,95,25,70,27.0,4781832,1280616,2320888,610760,7,0,51,10,0,250421-214427_Run_595_Idx_3654,1490,0,5e-05,20000000,47818320.0,12806160.0,23208880.0,6107600.0,0.7310344827586207,0.7368421052631579
136,1,320,80,240,26.56,171,60,111,20.0,1942144,485536,1059832,317224,4,0,51,10,0,250421-222338_Run_1246_Idx_53374,3120,0,5e-05,20000000,19421440.0,4855360.0,10598320.0,3172240.0,0.75,0.6491228070175439
137,1,160,43,117,25.54,38,10,28,27.0,4616792,1241400,2258416,594320,14,0,51,10,0,250421-222037_Run_1308_Idx_1820,3270,0,5e-05,20000000,46167920.0,12414000.0,22584160.0,5943200.0,0.73125,0.7368421052631579
138,1,320,80,240,26.5,304,80,224,27.0,479744,119936,1361920,358400,2,0,51,10,0,250421-210259_Run_549_Idx_33396,1380,0,5e-05,20000000,4797440.0,1199360.0,13619200.0,3584000.0,0.75,0.7368421052631579
139,1,160,43,117,20.14,38,10,28,18.68,3035872,836376,1337328,364048,14,0,51,10,0,250421-222658_Run_1120_Idx_87442,2800,0,5e-05,20000000,30358720.0,8363760.0,13373280.0,3640480.0,0.73125,0.7368421052631579
140,1,290,82,208,25.47,95,30,65,23.61,4241032,1131528,1920064,511480,7,0,51,10,0,250421-213920_Run_723_Idx_10096,1810,0,5e-05,20000000,42410320.0,11315280.0,19200640.0,5114800.0,0.7172413793103448,0.6842105263157895
141,1,160,43,117,25.66,38,10,28,25.58,4727576,1269096,1797872,479184,14,0,51,10,0,250421-214857_Run_708_Idx_46277,1770,0,5e-05,20000000,47275760.0,12690960.0,17978720.0,4791840.0,0.73125,0.7368421052631579
142,1,160,43,117,25.76,38,10,28,25.58,4922128,1288352,1797872,479184,14,0,51,10,0,250421-213542_Run_964_Idx_60828,2410,0,5e-05,20000000,49221280.0,12883520.0,17978720.0,4791840.0,0.73125,0.7368421052631579
143,1,290,78,212,21.54,95,25,70,24.21,3468072,905096,1385080,376808,7,0,51,10,0,250421-225307_Run_1879_Idx_54015,4700,0,5e-05,20000000,34680720.0,9050960.0,13850800.0,3768080.0,0.7310344827586207,0.7368421052631579
144,1,320,80,240,26.65,304,88,216,25.58,494080,123520,1222912,324736,2,0,51,10,0,250421-215452_Run_1173_Idx_54612,2940,0,5e-05,20000000,4940800.0,1235200.0,12229120.0,3247360.0,0.75,0.7105263157894737
145,1,160,43,117,20.31,38,10,28,19.0,2780128,772440,1346224,366272,14,0,51,10,0,250421-225846_Run_1920_Idx_1820,4800,0,5e-05,20000000,27801280.0,7724400.0,13462240.0,3662720.0,0.73125,0.7368421052631579
146,1,290,78,212,26.64,95,25,70,27.0,4781832,1280616,2320888,610760,7,0,51,10,0,250421-212821_Run_147_Idx_54015,370,0,5e-05,20000000,47818320.0,12806160.0,23208880.0,6107600.0,0.7310344827586207,0.7368421052631579
147,1,320,106,214,23.92,304,93,211,25.58,419888,118696,1253320,347136,2,0,51,10,0,250421-212350_Run_749_Idx_61119,1880,0,5e-05,20000000,4198880.0,1186960.0,12533200.0,3471360.0,0.66875,0.694078947368421
148,1,320,80,240,26.41,171,52,119,25.58,1880192,470048,1731728,477912,4,0,51,10,0,250421-214838_Run_470_Idx_41603,1180,0,5e-05,20000000,18801920.0,4700480.0,17317280.0,4779120.0,0.75,0.695906432748538
149,1,290,78,212,26.18,95,25,70,27.0,4610632,1230064,2320888,610760,7,0,51,10,0,250421-212919_Run_975_Idx_67176,2440,0,5e-05,20000000,46106320.0,12300640.0,23208880.0,6107600.0,0.7310344827586207,0.7368421052631579
150,1,290,84,206,25.37,95,29,66,25.58,4285832,1161464,2177344,601168,7,0,51,10,0,250421-205950_Run_555_Idx_2099,1390,0,5e-05,20000000,42858320.0,11614640.0,21773440.0,6011680.0,0.7103448275862069,0.6947368421052632
151,1,290,79,211,25.94,95,29,66,25.58,4611112,1243024,2368176,655440,7,0,51,10,0,250421-210358_Run_547_Idx_45134,1370,0,5e-05,20000000,46111120.0,12430240.0,23681760.0,6554400.0,0.7275862068965517,0.6947368421052632
152,1,320,96,224,24.96,304,80,224,27.0,442624,118112,1361920,358400,2,0,51,10,0,250421-213253_Run_969_Idx_3421,2430,0,5e-05,20000000,4426240.0,1181120.0,13619200.0,3584000.0,0.7,0.7368421052631579
153,1,320,98,222,22.72,171,55,116,24.36,1493424,409848,1716832,483664,4,0,51,10,0,250421-205634_Run_918_Idx_42850,2300,0,5e-05,20000000,14934240.0,4098480.0,17168320.0,4836640.0,0.69375,0.6783625730994152
154,1,160,44,116,26.27,38,10,28,27.0,5058368,1347752,2258416,594320,14,0,51,10,0,250421-212308_Run_156_Idx_67097,390,0,5e-05,20000000,50583680.0,13477520.0,22584160.0,5943200.0,0.725,0.7368421052631579
155,1,160,43,117,25.64,38,10,28,25.58,4765424,1249176,1797872,479184,14,0,51,10,0,250421-222520_Run_1416_Idx_22272,3540,0,5e-05,20000000,47654240.0,12491760.0,17978720.0,4791840.0,0.73125,0.7368421052631579
156,1,160,43,117,18.8,38,10,28,21.32,2639624,737120,1337328,364048,14,0,51,10,0,250421-230015_Run_1972_Idx_13114,4930,0,5e-05,20000000,26396240.0,7371200.0,13373280.0,3640480.0,0.73125,0.7368421052631579
157,1,320,80,240,26.65,304,108,196,21.11,494080,123520,1001368,284016,2,0,51,10,0,250421-222415_Run_1245_Idx_76444,3120,0,5e-05,20000000,4940800.0,1235200.0,10013680.0,2840160.0,0.75,0.6447368421052632
158,1,160,43,117,22.54,38,10,28,21.53,3883840,1013968,1452464,364048,14,0,51,10,0,250421-225600_Run_1952_Idx_46277,4880,0,5e-05,20000000,38838400.0,10139680.0,14524640.0,3640480.0,0.73125,0.7368421052631579
159,1,160,46,114,25.68,38,14,24,24.16,4999896,1331280,2028144,601776,14,0,51,10,0,250421-204546_Run_80_Idx_10566,200,0,5e-05,20000000,49998960.0,13312800.0,20281440.0,6017760.0,0.7125,0.631578947368421
160,1,320,89,231,23.68,171,45,126,27.0,1577848,408576,1975848,519960,4,0,51,10,0,250421-220245_Run_1454_Idx_94655,3640,0,5e-05,20000000,15778480.0,4085760.0,19758480.0,5199600.0,0.721875,0.7368421052631579
161,1,290,78,212,26.41,95,25,70,27.0,4628232,1242216,2320888,610760,7,0,51,10,0,250421-210154_Run_551_Idx_46758,1380,0,5e-05,20000000,46282320.0,12422160.0,23208880.0,6107600.0,0.7310344827586207,0.7368421052631579
162,1,320,80,240,26.65,304,103,201,24.18,494080,123520,1170784,339808,2,0,51,10,0,250421-212455_Run_865_Idx_79992,2170,0,5e-05,20000000,4940800.0,1235200.0,11707840.0,3398080.0,0.75,0.6611842105263158
163,1,320,97,223,19.73,171,49,122,22.43,1106456,300016,1215512,327800,4,0,51,10,0,250421-225740_Run_1922_Idx_97747,4810,0,5e-05,20000000,11064560.0,3000160.0,12155120.0,3278000.0,0.696875,0.7134502923976608
164,1,290,84,206,22.11,95,26,69,24.44,3121192,857464,1653984,428280,7,0,51,10,0,250421-221819_Run_1135_Idx_86147,2840,0,5e-05,20000000,31211920.0,8574640.0,16539840.0,4282800.0,0.7103448275862069,0.7263157894736842
165,1,160,43,117,25.03,38,10,28,25.58,4605200,1189096,1797872,479184,14,0,51,10,0,250421-221526_Run_1496_Idx_13114,3740,0,5e-05,20000000,46052000.0,11890960.0,17978720.0,4791840.0,0.73125,0.7368421052631579
166,1,290,78,212,21.73,95,26,69,21.4,3138312,869736,1340608,376192,7,0,51,10,0,250421-223949_Run_1723_Idx_85350,4310,0,5e-05,20000000,31383120.0,8697360.0,13406080.0,3761920.0,0.7310344827586207,0.7263157894736842
167,1,320,94,226,24.17,304,80,224,27.0,421720,111552,1361920,358400,2,0,51,10,0,250421-220325_Run_1453_Idx_35818,3640,0,5e-05,20000000,4217200.0,1115520.0,13619200.0,3584000.0,0.70625,0.7368421052631579
168,1,320,105,215,21.92,171,54,117,23.54,1341216,386608,1406288,403368,4,0,51,10,0,250421-215916_Run_1166_Idx_4997,2920,0,5e-05,20000000,13412160.0,3866080.0,14062880.0,4033680.0,0.671875,0.6842105263157895
169,1,290,78,212,21.41,95,25,70,22.47,3196712,837256,1375544,374424,7,0,51,10,0,250421-224418_Run_1683_Idx_10643,4210,0,5e-05,20000000,31967120.0,8372560.0,13755440.0,3744240.0,0.7310344827586207,0.7368421052631579
170,1,290,78,212,26.45,95,25,70,27.0,4696232,1246376,2320888,610760,7,0,51,10,0,250421-211408_Run_647_Idx_3654,1620,0,5e-05,20000000,46962320.0,12463760.0,23208880.0,6107600.0,0.7310344827586207,0.7368421052631579
171,1,290,78,212,19.99,95,25,70,18.57,2700232,751656,1375544,374424,7,0,51,10,0,250421-230320_Run_1967_Idx_91797,4920,0,5e-05,20000000,27002320.0,7516560.0,13755440.0,3744240.0,0.7310344827586207,0.7368421052631579
172,1,320,90,230,23.83,304,100,204,21.11,379912,98432,897112,248176,2,0,51,10,0,250421-225330_Run_1801_Idx_52973,4510,0,5e-05,20000000,3799120.0,984320.0,8971120.0,2481760.0,0.71875,0.6710526315789473
173,1,320,93,227,25.3,304,80,224,27.0,453880,119528,1361920,358400,2,0,51,10,0,250421-205305_Run_925_Idx_50037,2320,0,5e-05,20000000,4538800.0,1195280.0,13619200.0,3584000.0,0.709375,0.7368421052631579
174,1,320,80,240,26.48,171,52,119,24.95,1942144,485536,1575592,434136,4,0,51,10,0,250421-222702_Run_1058_Idx_55651,2650,0,5e-05,20000000,19421440.0,4855360.0,15755920.0,4341360.0,0.75,0.695906432748538
175,1,290,80,210,21.33,95,26,69,21.62,3367912,873112,1519968,401568,7,0,51,10,0,250421-220554_Run_1215_Idx_38204,3040,0,5e-05,20000000,33679120.0,8731120.0,15199680.0,4015680.0,0.7241379310344828,0.7263157894736842
176,1,320,80,240,26.18,171,53,118,24.95,1915904,478976,1525064,429520,4,0,51,10,0,250421-220139_Run_1222_Idx_65880,3060,0,5e-05,20000000,19159040.0,4789760.0,15250640.0,4295200.0,0.75,0.6900584795321637
177,1,290,82,208,24.93,95,27,68,23.6,3942952,1078408,1998832,535072,7,0,51,10,0,250421-211401_Run_1003_Idx_60040,2510,0,5e-05,20000000,39429520.0,10784080.0,19988320.0,5350720.0,0.7172413793103448,0.7157894736842105
178,1,320,88,232,22.03,171,46,125,24.49,1269920,332800,1558808,414648,4,0,51,10,0,250421-224916_Run_1854_Idx_8107,4640,0,5e-05,20000000,12699200.0,3328000.0,15588080.0,4146480.0,0.725,0.7309941520467836
179,1,320,97,223,24.2,171,52,119,25.58,1531136,404544,1822576,496104,4,0,51,10,0,250421-210323_Run_786_Idx_60221,1970,0,5e-05,20000000,15311360.0,4045440.0,18225760.0,4961040.0,0.696875,0.695906432748538
180,1,160,45,115,26.16,38,11,27,25.58,5038944,1349496,1970576,538616,14,0,51,10,0,250421-214715_Run_236_Idx_59602,590,0,5e-05,20000000,50389440.0,13494960.0,19705760.0,5386160.0,0.71875,0.7105263157894737
181,1,320,99,221,20.26,304,94,210,19.89,285560,77832,808704,230688,2,0,51,10,0,250421-230026_Run_1917_Idx_74484,4800,0,5e-05,20000000,2855600.0,778320.0,8087040.0,2306880.0,0.690625,0.6907894736842105
182,1,160,43,117,20.73,38,10,28,24.16,3379360,848672,1913008,479184,14,0,51,10,0,250421-221556_Run_1316_Idx_1820,3290,0,5e-05,20000000,33793600.0,8486720.0,19130080.0,4791840.0,0.73125,0.7368421052631579
183,1,290,78,212,23.58,95,25,70,20.27,3960072,1075176,1375544,374424,7,0,51,10,0,250421-223614_Run_1607_Idx_3654,4020,0,5e-05,20000000,39600720.0,10751760.0,13755440.0,3744240.0,0.7310344827586207,0.7368421052631579
184,1,320,80,240,26.65,304,100,204,22.47,494080,123520,1001368,265552,2,0,51,10,0,250421-221059_Run_1441_Idx_34734,3610,0,5e-05,20000000,4940800.0,1235200.0,10013680.0,2655520.0,0.75,0.6710526315789473
185,1,160,47,113,25.66,38,10,28,27.0,5003648,1373848,2258416,594320,14,0,51,10,0,250421-204756_Run_340_Idx_67416,850,0,5e-05,20000000,50036480.0,13738480.0,22584160.0,5943200.0,0.70625,0.7368421052631579
186,1,320,109,211,21.93,304,98,206,22.99,355792,104472,1010056,291344,2,0,51,10,0,250421-224059_Run_1721_Idx_94025,4310,0,5e-05,20000000,3557920.0,1044720.0,10100560.0,2913440.0,0.659375,0.6776315789473685
187,1,160,43,117,26.16,38,10,28,27.0,4853784,1300648,2258416,594320,14,0,51,10,0,250421-212523_Run_508_Idx_1820,1270,0,5e-05,20000000,48537840.0,13006480.0,22584160.0,5943200.0,0.73125,0.7368421052631579
188,1,290,78,212,26.59,95,25,70,27.0,4720392,1265256,2320888,610760,7,0,51,10,0,250421-213022_Run_263_Idx_91797,660,0,5e-05,20000000,47203920.0,12652560.0,23208880.0,6107600.0,0.7310344827586207,0.7368421052631579
189,1,160,43,117,25.09,38,10,28,25.58,4447752,1189152,1797872,479184,14,0,51,10,0,250421-222925_Run_1236_Idx_82007,3090,0,5e-05,20000000,44477520.0,11891520.0,17978720.0,4791840.0,0.73125,0.7368421052631579
190,1,290,81,209,25.8,95,26,69,25.58,4439432,1180320,2019808,519736,7,0,51,10,0,250421-211051_Run_891_Idx_76910,2230,0,5e-05,20000000,44394320.0,11803200.0,20198080.0,5197360.0,0.7206896551724138,0.7263157894736842
191,1,320,90,230,24.79,304,110,194,20.25,439408,114512,888424,240848,2,0,51,10,0,250421-221317_Run_1437_Idx_92874,3600,0,5e-05,20000000,4394080.0,1145120.0,8884240.0,2408480.0,0.71875,0.6381578947368421
192,1,320,96,224,20.4,171,57,114,21.23,1033768,280904,1170696,329664,4,0,51,10,0,250421-223003_Run_1678_Idx_75359,4200,0,5e-05,20000000,10337680.0,2809040.0,11706960.0,3296640.0,0.7,0.6666666666666666
193,1,320,80,240,26.5,304,95,209,23.86,479744,119936,937496,270624,2,0,51,10,0,250421-221525_Run_1317_Idx_14279,3300,0,5e-05,20000000,4797440.0,1199360.0,9374960.0,2706240.0,0.75,0.6875
194,1,320,80,240,26.48,171,51,120,24.01,1915904,478976,1469072,402776,4,0,51,10,0,250421-220719_Run_1390_Idx_42698,3480,0,5e-05,20000000,19159040.0,4789760.0,14690720.0,4027760.0,0.75,0.7017543859649122
195,1,290,85,205,25.06,95,34,61,22.52,4148392,1115072,1956760,527720,7,0,51,10,0,250421-211825_Run_639_Idx_37527,1600,0,5e-05,20000000,41483920.0,11150720.0,19567600.0,5277200.0,0.7068965517241379,0.6421052631578947
196,1,160,46,114,25.32,38,10,28,27.0,4709344,1253648,2258416,594320,14,0,51,10,0,250421-210037_Run_316_Idx_59602,790,0,5e-05,20000000,47093440.0,12536480.0,22584160.0,5943200.0,0.7125,0.7368421052631579
197,1,320,91,229,21.37,171,51,120,23.22,1191824,308960,1481696,398024,4,0,51,10,0,250421-225415_Run_1814_Idx_64555,4540,0,5e-05,20000000,11918240.0,3089600.0,14816960.0,3980240.0,0.715625,0.7017543859649122
198,1,320,87,233,22.76,171,59,112,19.61,1340432,347384,890440,250776,4,0,51,10,0,250421-223640_Run_1758_Idx_5989,4400,0,5e-05,20000000,13404320.0,3473840.0,8904400.0,2507760.0,0.728125,0.6549707602339181
199,1,320,105,215,21.96,304,103,201,21.37,368432,104160,931864,257272,2,0,51,10,0,250421-224146_Run_1749_Idx_38800,4380,0,5e-05,20000000,3684320.0,1041600.0,9318640.0,2572720.0,0.671875,0.6611842105263158
200,1,160,43,117,19.21,38,10,28,14.47,2814688,756280,70832,18640,14,0,51,10,0,250421-224810_Run_1888_Idx_82007,4720,0,5e-05,20000000,28146880.0,7562800.0,708320.0,186400.0,0.73125,0.7368421052631579
201,1,320,80,240,26.6,304,93,211,25.58,487424,121856,1253320,347136,2,0,51,10,0,250421-215059_Run_705_Idx_20310,1770,0,5e-05,20000000,4874240.0,1218560.0,12533200.0,3471360.0,0.75,0.694078947368421
202,1,290,78,212,25.47,95,27,68,24.79,4302472,1160776,2102096,574016,7,0,51,10,0,250421-220846_Run_1271_Idx_48914,3180,0,5e-05,20000000,43024720.0,11607760.0,21020960.0,5740160.0,0.7310344827586207,0.7157894736842105
203,1,160,44,116,25.99,38,10,28,27.0,4973928,1341624,2258416,594320,14,0,51,10,0,250421-213709_Run_488_Idx_80582,1220,0,5e-05,20000000,49739280.0,13416240.0,22584160.0,5943200.0,0.725,0.7368421052631579
204,1,160,44,116,25.94,38,10,28,27.0,4880632,1270152,2258416,594320,14,0,51,10,0,250421-210158_Run_432_Idx_85404,1080,0,5e-05,20000000,48806320.0,12701520.0,22584160.0,5943200.0,0.725,0.7368421052631579
205,1,320,105,215,22.34,304,88,216,24.92,331448,94512,1188160,324736,2,0,51,10,0,250421-221031_Run_1385_Idx_32033,3470,0,5e-05,20000000,3314480.0,945120.0,11881600.0,3247360.0,0.671875,0.7105263157894737
206,1,320,92,228,23.88,171,48,123,24.79,1375448,352568,1473712,388336,4,0,51,10,0,250421-223433_Run_1578_Idx_45018,3950,0,5e-05,20000000,13754480.0,3525680.0,14737120.0,3883360.0,0.7125,0.7192982456140351
207,1,160,43,117,21.99,38,10,28,21.32,3560744,933000,991920,248912,14,0,51,10,0,250421-215749_Run_1228_Idx_27734,3070,0,5e-05,20000000,35607440.0,9330000.0,9919200.0,2489120.0,0.73125,0.7368421052631579
208,1,290,80,210,25.61,95,25,70,27.0,4131272,1128152,2320888,610760,7,0,51,10,0,250421-214737_Run_827_Idx_65032,2070,0,5e-05,20000000,41312720.0,11281520.0,23208880.0,6107600.0,0.7241379310344828,0.7368421052631579
209,1,290,78,212,26.4,95,25,70,27.0,4703272,1248136,2320888,610760,7,0,51,10,0,250421-215129_Run_347_Idx_42567,870,0,5e-05,20000000,47032720.0,12481360.0,23208880.0,6107600.0,0.7310344827586207,0.7368421052631579
210,1,320,103,217,21.83,304,96,208,24.08,355568,100816,1066528,304104,2,0,51,10,0,250421-223244_Run_1765_Idx_28754,4420,0,5e-05,20000000,3555680.0,1008160.0,10665280.0,3041040.0,0.678125,0.6842105263157895
211,1,290,78,212,26.14,95,25,70,25.63,4382472,1180776,1857752,494976,7,0,51,10,0,250421-205823_Run_439_Idx_42567,1100,0,5e-05,20000000,43824720.0,11807760.0,18577520.0,4949760.0,0.7310344827586207,0.7368421052631579
212,1,160,45,115,23.94,38,10,28,22.74,4217544,1153480,1337328,364048,14,0,51,10,0,250421-204718_Run_936_Idx_47958,2340,0,5e-05,20000000,42175440.0,11534800.0,13373280.0,3640480.0,0.71875,0.7368421052631579
213,1,320,92,228,24.86,171,55,116,23.74,1729232,457248,1624528,443936,4,0,51,10,0,250421-204719_Run_698_Idx_8659,1750,0,5e-05,20000000,17292320.0,4572480.0,16245280.0,4439360.0,0.7125,0.6783625730994152
214,1,290,78,212,26.48,95,25,70,27.0,4628232,1242216,2320888,610760,7,0,51,10,0,250421-204617_Run_27_Idx_46758,70,0,5e-05,20000000,46282320.0,12422160.0,23208880.0,6107600.0,0.7310344827586207,0.7368421052631579
215,1,320,106,214,23.12,304,102,202,24.16,378304,105888,1101280,317952,2,0,51,10,0,250421-222852_Run_1237_Idx_98814,3100,0,5e-05,20000000,3783040.0,1058880.0,11012800.0,3179520.0,0.66875,0.6644736842105263
216,1,320,80,240,26.41,171,52,119,25.58,1880192,470048,1769000,487008,4,0,51,10,0,250421-214103_Run_482_Idx_41603,1210,0,5e-05,20000000,18801920.0,4700480.0,17690000.0,4870080.0,0.75,0.695906432748538
217,1,320,96,224,24.28,171,51,120,25.58,1505632,397672,1796288,482528,4,0,51,10,0,250421-211000_Run_774_Idx_78597,1940,0,5e-05,20000000,15056320.0,3976720.0,17962880.0,4825280.0,0.7,0.7017543859649122
218,1,290,78,212,18.49,95,25,70,15.12,2111112,578696,75696,19920,7,0,51,10,0,250421-224841_Run_1887_Idx_54015,4720,0,5e-05,20000000,21111120.0,5786960.0,756960.0,199200.0,0.7310344827586207,0.7368421052631579
219,1,320,96,224,24.62,304,80,224,27.0,442624,118112,1361920,358400,2,0,51,10,0,250421-212931_Run_857_Idx_86256,2150,0,5e-05,20000000,4426240.0,1181120.0,13619200.0,3584000.0,0.7,0.7368421052631579
220,1,320,80,240,26.48,171,45,126,27.0,1915904,478976,1975848,519960,4,0,51,10,0,250421-204303_Run_46_Idx_33009,120,0,5e-05,20000000,19159040.0,4789760.0,19758480.0,5199600.0,0.75,0.7368421052631579
221,1,320,100,220,20.7,171,49,122,22.68,1108264,308208,1415960,379760,4,0,51,10,0,250421-215446_Run_1410_Idx_60221,3530,0,5e-05,20000000,11082640.0,3082080.0,14159600.0,3797600.0,0.6875,0.7134502923976608
222,1,290,89,201,24.24,95,28,67,25.58,3984232,1137184,2126592,587592,7,0,51,10,0,250421-212241_Run_751_Idx_73286,1880,0,5e-05,20000000,39842320.0,11371840.0,21265920.0,5875920.0,0.6931034482758621,0.7052631578947368
223,1,160,43,117,26.65,38,10,28,27.0,5355000,1425952,2258416,594320,14,0,51,10,0,250421-204338_Run_84_Idx_22272,210,0,5e-05,20000000,53550000.0,14259520.0,22584160.0,5943200.0,0.73125,0.7368421052631579
224,1,320,80,240,26.56,171,45,126,27.0,1942144,485536,1975848,519960,4,0,51,10,0,250421-213844_Run_130_Idx_48165,330,0,5e-05,20000000,19421440.0,4855360.0,19758480.0,5199600.0,0.75,0.7368421052631579
225,1,320,80,240,26.56,171,54,117,25.58,1942144,485536,1875152,523256,4,0,51,10,0,250421-214625_Run_118_Idx_80265,300,0,5e-05,20000000,19421440.0,4855360.0,18751520.0,5232560.0,0.75,0.6842105263157895
226,1,320,87,233,24.15,304,91,213,23.75,418280,107832,1027432,277360,2,0,51,10,0,250421-224746_Run_1873_Idx_91793,4690,0,5e-05,20000000,4182800.0,1078320.0,10274320.0,2773600.0,0.728125,0.7006578947368421
227,1,160,43,117,21.79,38,10,28,24.16,3606344,934800,1913008,479184,14,0,51,10,0,250421-225500_Run_1940_Idx_87442,4850,0,5e-05,20000000,36063440.0,9348000.0,19130080.0,4791840.0,0.73125,0.7368421052631579
228,1,320,80,240,26.6,304,80,224,27.0,487424,121856,1361920,358400,2,0,51,10,0,250421-212535_Run_389_Idx_2588,980,0,5e-05,20000000,4874240.0,1218560.0,13619200.0,3584000.0,0.75,0.7368421052631579
229,1,290,78,212,20.19,95,25,70,19.03,2615240,730408,1385080,376808,7,0,51,10,0,250421-225917_Run_1919_Idx_46758,4800,0,5e-05,20000000,26152400.0,7304080.0,13850800.0,3768080.0,0.7310344827586207,0.7368421052631579
230,1,320,83,237,23.28,171,48,123,24.08,1530872,387592,1403400,374192,4,0,51,10,0,250421-225528_Run_1926_Idx_68761,4820,0,5e-05,20000000,15308720.0,3875920.0,14034000.0,3741920.0,0.740625,0.7192982456140351
231,1,290,85,205,24.16,95,28,67,25.01,3942952,1063712,2126592,587592,7,0,51,10,0,250421-214234_Run_835_Idx_36913,2090,0,5e-05,20000000,39429520.0,10637120.0,21265920.0,5875920.0,0.7068965517241379,0.7052631578947368
232,1,320,80,240,26.65,304,101,203,22.17,494080,123520,953584,252656,2,0,51,10,0,250421-224155_Run_1565_Idx_63581,3920,0,5e-05,20000000,4940800.0,1235200.0,9535840.0,2526560.0,0.75,0.6677631578947368
233,1,290,83,207,24.47,95,27,68,25.58,4052712,1080976,2209272,601152,7,0,51,10,0,250421-205027_Run_811_Idx_63290,2030,0,5e-05,20000000,40527120.0,10809760.0,22092720.0,6011520.0,0.7137931034482758,0.7157894736842105
234,1,160,46,114,25.68,38,14,24,23.45,5117424,1331280,1797872,544208,14,0,51,10,0,250421-205858_Run_200_Idx_91449,500,0,5e-05,20000000,51174240.0,13312800.0,17978720.0,5442080.0,0.7125,0.631578947368421
235,1,320,91,229,25.3,304,98,206,23.29,444232,116184,1083904,291344,2,0,51,10,0,250421-211505_Run_1001_Idx_9973,2510,0,5e-05,20000000,4442320.0,1161840.0,10839040.0,2913440.0,0.715625,0.6776315789473685
236,1,320,83,237,23.86,171,45,126,27.0,1117656,284288,1975848,519960,4,0,51,10,0,250421-225928_Run_1946_Idx_78472,4870,0,5e-05,20000000,11176560.0,2842880.0,19758480.0,5199600.0,0.740625,0.7368421052631579
237,1,320,90,230,25.3,304,80,224,27.0,439408,114512,1361920,358400,2,0,51,10,0,250421-221750_Run_1429_Idx_68158,3580,0,5e-05,20000000,4394080.0,1145120.0,13619200.0,3584000.0,0.71875,0.7368421052631579
238,1,320,80,240,26.65,304,80,224,27.0,494080,123520,1361920,358400,2,0,51,10,0,250421-212933_Run_145_Idx_71618,370,0,5e-05,20000000,4940800.0,1235200.0,13619200.0,3584000.0,0.75,0.7368421052631579
239,1,320,80,240,26.65,304,95,209,25.58,494080,123520,1283728,356096,2,0,51,10,0,250421-211805_Run_165_Idx_47997,420,0,5e-05,20000000,4940800.0,1235200.0,12837280.0,3560960.0,0.75,0.6875
240,1,160,43,117,25.81,38,10,28,27.0,4961304,1327528,2258416,594320,14,0,51,10,0,250421-211227_Run_888_Idx_22272,2220,0,5e-05,20000000,49613040.0,13275280.0,22584160.0,5943200.0,0.73125,0.7368421052631579
241,1,320,80,240,26.48,171,61,110,23.84,1915904,478976,1579048,467768,4,0,51,10,0,250421-205444_Run_446_Idx_27429,1120,0,5e-05,20000000,19159040.0,4789760.0,15790480.0,4677680.0,0.75,0.6432748538011696
242,1,320,80,240,26.48,171,45,126,27.0,1915904,478976,1975848,519960,4,0,51,10,0,250421-210603_Run_306_Idx_51250,770,0,5e-05,20000000,19159040.0,4789760.0,19758480.0,5199600.0,0.75,0.7368421052631579
243,1,320,88,232,24.84,171,51,120,23.7,1690864,437520,1382752,362344,4,0,51,10,0,250421-220818_Run_1090_Idx_45443,2730,0,5e-05,20000000,16908640.0,4375200.0,13827520.0,3623440.0,0.725,0.7017543859649122
244,1,320,107,213,22.24,171,57,114,23.68,1522552,436248,1357872,400320,4,0,51,10,0,250421-204822_Run_934_Idx_42004,2340,0,5e-05,20000000,15225520.0,4362480.0,13578720.0,4003200.0,0.665625,0.6666666666666666
245,1,320,97,223,23.58,304,95,209,18.64,373256,97216,828896,222840,2,0,51,10,0,250421-220240_Run_1517_Idx_39049,3800,0,5e-05,20000000,3732560.0,972160.0,8288960.0,2228400.0,0.696875,0.6875
246,1,160,43,117,25.55,38,10,28,27.0,4491192,1210000,2258416,594320,14,0,51,10,0,250421-221522_Run_1140_Idx_87442,2850,0,5e-05,20000000,44911920.0,12100000.0,22584160.0,5943200.0,0.73125,0.7368421052631579
247,1,290,80,210,25.84,95,27,68,25.58,4497832,1181272,2102096,574016,7,0,51,10,0,250421-214938_Run_707_Idx_1978,1770,0,5e-05,20000000,44978320.0,11812720.0,21020960.0,5740160.0,0.7241379310344828,0.7157894736842105
248,1,160,43,117,26.45,38,10,28,27.0,5277976,1406696,2258416,594320,14,0,51,10,0,250421-212859_Run_740_Idx_46277,1850,0,5e-05,20000000,52779760.0,14066960.0,22584160.0,5943200.0,0.73125,0.7368421052631579
249,1,290,79,211,25.88,95,25,70,27.0,4337192,1174544,2320888,610760,7,0,51,10,0,250421-222113_Run_1307_Idx_82624,3270,0,5e-05,20000000,43371920.0,11745440.0,23208880.0,6107600.0,0.7275862068965517,0.7368421052631579
250,1,290,79,211,26.44,95,25,70,27.0,4703272,1266064,2320888,610760,7,0,51,10,0,250421-214854_Run_351_Idx_87244,880,0,5e-05,20000000,47032720.0,12660640.0,23208880.0,6107600.0,0.7275862068965517,0.7368421052631579
251,1,320,80,240,26.48,171,53,118,24.0,1915904,478976,1557808,403640,4,0,51,10,0,250421-213501_Run_730_Idx_97419,1830,0,5e-05,20000000,19159040.0,4789760.0,15578080.0,4036400.0,0.75,0.6900584795321637
252,1,290,80,210,25.75,95,28,67,24.44,4480712,1164152,1995704,522392,7,0,51,10,0,250421-213424_Run_731_Idx_13310,1830,0,5e-05,20000000,44807120.0,11641520.0,19957040.0,5223920.0,0.7241379310344828,0.7052631578947368
253,1,320,90,230,25.12,171,45,126,27.0,1693128,440864,1975848,519960,4,0,51,10,0,250421-205229_Run_926_Idx_55677,2320,0,5e-05,20000000,16931280.0,4408640.0,19758480.0,5199600.0,0.71875,0.7368421052631579
254,1,320,100,220,19.47,304,112,192,18.87,280144,78552,779824,232432,2,0,51,10,0,250421-225553_Run_1897_Idx_50258,4750,0,5e-05,20000000,2801440.0,785520.0,7798240.0,2324320.0,0.6875,0.631578947368421
255,1,320,104,216,23.25,304,107,197,22.51,426544,117016,1057840,283880,2,0,51,10,0,250421-214230_Run_953_Idx_33963,2390,0,5e-05,20000000,4265440.0,1170160.0,10578400.0,2838800.0,0.675,0.6480263157894737
256,1,320,80,240,26.56,171,52,119,25.58,1942144,485536,1732616,477912,4,0,51,10,0,250421-212116_Run_634_Idx_78774,1590,0,5e-05,20000000,19421440.0,4855360.0,17326160.0,4779120.0,0.75,0.695906432748538
257,1,290,79,211,25.95,95,28,67,25.58,4566312,1231824,2288040,628296,7,0,51,10,0,250421-211529_Run_407_Idx_12160,1020,0,5e-05,20000000,45663120.0,12318240.0,22880400.0,6282960.0,0.7275862068965517,0.7052631578947368
258,1,320,80,240,26.48,171,52,119,25.58,1915904,478976,1768112,487008,4,0,51,10,0,250421-210536_Run_782_Idx_80932,1960,0,5e-05,20000000,19159040.0,4789760.0,17681120.0,4870080.0,0.75,0.695906432748538
259,1,290,80,210,20.49,95,30,65,19.17,2744552,768632,1524856,432712,7,0,51,10,0,250421-222733_Run_1119_Idx_86147,2800,0,5e-05,20000000,27445520.0,7686320.0,15248560.0,4327120.0,0.7241379310344828,0.6842105263157895
260,1,320,97,223,19.99,304,101,203,19.04,320416,84408,684256,187496,2,0,51,10,0,250421-230016_Run_1889_Idx_51608,4730,0,5e-05,20000000,3204160.0,844080.0,6842560.0,1874960.0,0.696875,0.6677631578947368
261,1,320,98,222,23.75,171,54,117,24.63,1410072,373000,1637672,443800,4,0,51,10,0,250421-210706_Run_898_Idx_98019,2250,0,5e-05,20000000,14100720.0,3730000.0,16376720.0,4438000.0,0.69375,0.6842105263157895
262,1,290,78,212,25.56,95,25,70,27.0,4104072,1111176,2320888,610760,7,0,51,10,0,250421-221847_Run_1371_Idx_10643,3430,0,5e-05,20000000,41040720.0,11111760.0,23208880.0,6107600.0,0.7310344827586207,0.7368421052631579
263,1,320,101,219,23.38,171,48,123,25.58,1477280,407024,1564904,423608,4,0,51,10,0,250421-205350_Run_1042_Idx_63783,2610,0,5e-05,20000000,14772800.0,4070240.0,15649040.0,4236080.0,0.684375,0.7192982456140351
264,1,290,83,207,26.03,95,29,66,25.58,4566312,1252176,2259632,628304,7,0,51,10,0,250421-214756_Run_235_Idx_53611,590,0,5e-05,20000000,45663120.0,12521760.0,22596320.0,6283040.0,0.7137931034482758,0.6947368421052632
265,1,320,80,240,26.65,304,80,224,27.0,494080,123520,1361920,358400,2,0,51,10,0,250421-223812_Run_1541_Idx_78175,3860,0,5e-05,20000000,4940800.0,1235200.0,13619200.0,3584000.0,0.75,0.7368421052631579
266,1,320,89,231,22.22,171,45,126,27.0,1179440,303632,1975848,519960,4,0,51,10,0,250421-224950_Run_1822_Idx_27513,4560,0,5e-05,20000000,11794400.0,3036320.0,19758480.0,5199600.0,0.721875,0.7368421052631579
267,1,290,78,212,24.26,95,25,70,25.58,3556232,974216,1848216,492592,7,0,51,10,0,250421-215620_Run_1527_Idx_91797,3820,0,5e-05,20000000,35562320.0,9742160.0,18482160.0,4925920.0,0.7310344827586207,0.7368421052631579
268,1,320,90,230,24.68,304,94,210,22.6,432976,114512,992680,269080,2,0,51,10,0,250421-230115_Run_1929_Idx_69321,4830,0,5e-05,20000000,4329760.0,1145120.0,9926800.0,2690800.0,0.71875,0.6907894736842105
269,1,290,78,212,23.03,95,25,70,23.04,3265192,888616,1375544,374424,7,0,51,10,0,250421-223520_Run_1699_Idx_10643,4250,0,5e-05,20000000,32651920.0,8886160.0,13755440.0,3744240.0,0.7310344827586207,0.7368421052631579
270,1,160,43,117,23.08,38,10,28,22.74,3418536,887848,1452464,364048,14,0,51,10,0,250421-222256_Run_1304_Idx_1820,3260,0,5e-05,20000000,34185360.0,8878480.0,14524640.0,3640480.0,0.73125,0.7368421052631579
271,1,290,78,212,22.01,95,25,70,22.76,3207272,865576,1375544,374424,7,0,51,10,0,250421-223712_Run_1635_Idx_46758,4090,0,5e-05,20000000,32072720.0,8655760.0,13755440.0,3744240.0,0.7310344827586207,0.7368421052631579
272,1,320,80,240,26.48,171,45,126,27.0,1915904,478976,1975848,519960,4,0,51,10,0,250421-204340_Run_58_Idx_54611,150,0,5e-05,20000000,19159040.0,4789760.0,19758480.0,5199600.0,0.75,0.7368421052631579
273,1,320,97,223,23.53,304,96,208,23.62,371872,95664,1053496,273696,2,0,51,10,0,250421-223509_Run_1577_Idx_57338,3950,0,5e-05,20000000,3718720.0,956640.0,10534960.0,2736960.0,0.696875,0.6842105263157895
274,1,290,81,209,24.22,95,27,68,24.46,3813032,1010880,1865792,495248,7,0,51,10,0,250421-222704_Run_1179_Idx_11969,2950,0,5e-05,20000000,38130320.0,10108800.0,18657920.0,4952480.0,0.7206896551724138,0.7157894736842105
275,1,320,109,211,22.71,304,96,208,24.2,400816,110904,1166440,317136,2,0,51,10,0,250421-210850_Run_1013_Idx_29335,2540,0,5e-05,20000000,4008160.0,1109040.0,11664400.0,3171360.0,0.659375,0.6842105263157895
276,1,320,80,240,26.28,171,45,126,27.0,1880192,470048,1975848,519960,4,0,51,10,0,250421-210226_Run_550_Idx_60744,1380,0,5e-05,20000000,18801920.0,4700480.0,19758480.0,5199600.0,0.75,0.7368421052631579
277,1,290,78,212,26.64,95,25,70,27.0,4781832,1280616,2320888,610760,7,0,51,10,0,250421-211914_Run_163_Idx_54015,410,0,5e-05,20000000,47818320.0,12806160.0,23208880.0,6107600.0,0.7310344827586207,0.7368421052631579
278,1,320,95,225,24.3,171,45,126,27.0,1628512,434208,1975848,519960,4,0,51,10,0,250421-212855_Run_858_Idx_45018,2150,0,5e-05,20000000,16285120.0,4342080.0,19758480.0,5199600.0,0.703125,0.7368421052631579
279,1,160,43,117,21.22,38,10,28,19.95,3330176,875552,991920,248912,14,0,51,10,0,250421-214802_Run_944_Idx_60828,2360,0,5e-05,20000000,33301760.0,8755520.0,9919200.0,2489120.0,0.73125,0.7368421052631579
280,1,320,80,240,26.3,304,96,208,22.35,494080,123520,966616,265008,2,0,51,10,0,250421-223032_Run_1617_Idx_11627,4050,0,5e-05,20000000,4940800.0,1235200.0,9666160.0,2650080.0,0.75,0.6842105263157895
281,1,160,43,117,26.16,38,10,28,27.0,4964568,1328344,2258416,594320,14,0,51,10,0,250421-211106_Run_772_Idx_46277,1930,0,5e-05,20000000,49645680.0,13283440.0,22584160.0,5943200.0,0.73125,0.7368421052631579
282,1,160,44,116,26.33,38,10,28,27.0,5131504,1381672,2258416,594320,14,0,51,10,0,250421-204338_Run_32_Idx_80582,80,0,5e-05,20000000,51315040.0,13816720.0,22584160.0,5943200.0,0.725,0.7368421052631579
283,1,290,79,211,26.31,95,25,70,27.0,4617672,1231824,2320888,610760,7,0,51,10,0,250421-214703_Run_711_Idx_20723,1780,0,5e-05,20000000,46176720.0,12318240.0,23208880.0,6107600.0,0.7275862068965517,0.7368421052631579
284,1,320,91,229,24.5,171,55,116,22.77,1666232,449016,1394664,377624,4,0,51,10,0,250421-222740_Run_1178_Idx_48262,2950,0,5e-05,20000000,16662320.0,4490160.0,13946640.0,3776240.0,0.715625,0.6783625730994152
285,1,320,91,229,23.84,171,48,123,25.58,1514880,398800,1637672,441800,4,0,51,10,0,250421-223039_Run_1234_Idx_31695,3090,0,5e-05,20000000,15148800.0,3988000.0,16376720.0,4418000.0,0.715625,0.7192982456140351
286,1,320,94,226,24.01,304,90,214,22.82,399344,106360,1040464,281568,2,0,51,10,0,250421-221046_Run_1325_Idx_5670,3320,0,5e-05,20000000,3993440.0,1063600.0,10404640.0,2815680.0,0.70625,0.7039473684210527
287,1,160,43,117,26.33,38,10,28,27.0,5121272,1367520,2258416,594320,14,0,51,10,0,250421-214622_Run_712_Idx_46277,1780,0,5e-05,20000000,51212720.0,13675200.0,22584160.0,5943200.0,0.73125,0.7368421052631579
288,1,290,78,212,24.49,95,26,69,24.22,4080392,1071016,2025088,534184,7,0,51,10,0,250421-225452_Run_1927_Idx_82624,4820,0,5e-05,20000000,40803920.0,10710160.0,20250880.0,5341840.0,0.7310344827586207,0.7263157894736842
289,1,160,43,117,24.52,38,10,28,25.63,4416952,1191440,1806768,481408,14,0,51,10,0,250421-220257_Run_1160_Idx_87442,2900,0,5e-05,20000000,44169520.0,11914400.0,18067680.0,4814080.0,0.73125,0.7368421052631579
290,1,320,94,226,25.25,304,80,224,27.0,452048,119536,1361920,358400,2,0,51,10,0,250421-210131_Run_433_Idx_14466,1090,0,5e-05,20000000,4520480.0,1195360.0,13619200.0,3584000.0,0.70625,0.7368421052631579
291,1,160,43,117,25.5,38,10,28,27.0,4605200,1189096,2258416,594320,14,0,51,10,0,250421-220314_Run_1516_Idx_13114,3790,0,5e-05,20000000,46052000.0,11890960.0,22584160.0,5943200.0,0.73125,0.7368421052631579
292,1,160,43,117,23.72,38,10,28,27.0,3833272,1045520,2258416,594320,14,0,51,10,0,250421-224843_Run_1824_Idx_1820,4560,0,5e-05,20000000,38332720.0,10455200.0,22584160.0,5943200.0,0.73125,0.7368421052631579
293,1,320,80,240,25.86,171,56,115,22.58,1942144,485536,1192096,315088,4,0,51,10,0,250421-214417_Run_950_Idx_10393,2380,0,5e-05,20000000,19421440.0,4855360.0,11920960.0,3150880.0,0.75,0.672514619883041
294,1,320,80,240,26.5,171,53,118,25.58,1915904,478976,1771160,491488,4,0,51,10,0,250421-214835_Run_234_Idx_78778,590,0,5e-05,20000000,19159040.0,4789760.0,17711600.0,4914880.0,0.75,0.6900584795321637
295,1,160,46,114,26.1,38,10,28,27.0,5196648,1410504,2258416,594320,14,0,51,10,0,250421-211413_Run_172_Idx_41032,430,0,5e-05,20000000,51966480.0,14105040.0,22584160.0,5943200.0,0.7125,0.7368421052631579
296,1,320,105,215,22.94,304,98,206,22.97,389336,108984,1010056,278312,2,0,51,10,0,250421-220444_Run_1217_Idx_82484,3050,0,5e-05,20000000,3893360.0,1089840.0,10100560.0,2783120.0,0.671875,0.6776315789473685
297,1,320,80,240,24.0,304,80,224,27.0,392704,98176,1361920,358400,2,0,51,10,0,250421-222013_Run_1425_Idx_81817,3570,0,5e-05,20000000,3927040.0,981760.0,13619200.0,3584000.0,0.75,0.7368421052631579
298,1,320,80,240,26.65,304,105,199,23.36,494080,123520,1118656,292296,2,0,51,10,0,250421-214044_Run_601_Idx_10445,1510,0,5e-05,20000000,4940800.0,1235200.0,11186560.0,2922960.0,0.75,0.6546052631578947
299,1,320,105,215,23.64,304,98,206,25.05,421720,117080,1257664,352160,2,0,51,10,0,250421-205813_Run_677_Idx_54633,1700,0,5e-05,20000000,4217200.0,1170800.0,12576640.0,3521600.0,0.671875,0.6776315789473685
300,1,320,90,230,24.32,171,45,126,27.0,1643240,426216,1975848,519960,4,0,51,10,0,250421-215648_Run_1170_Idx_53702,2930,0,5e-05,20000000,16432400.0,4262160.0,19758480.0,5199600.0,0.71875,0.7368421052631579
301,1,290,78,212,26.36,95,25,70,27.0,4696232,1246376,2320888,610760,7,0,51,10,0,250421-214705_Run_591_Idx_3654,1480,0,5e-05,20000000,46962320.0,12463760.0,23208880.0,6107600.0,0.7310344827586207,0.7368421052631579
302,1,160,43,117,25.34,38,10,28,24.26,4727576,1269096,1797872,479184,14,0,51,10,0,250421-214111_Run_720_Idx_46277,1800,0,5e-05,20000000,47275760.0,12690960.0,17978720.0,4791840.0,0.73125,0.7368421052631579
303,1,320,110,210,19.92,304,100,204,21.02,307328,83576,905800,252520,2,0,51,10,0,250421-225422_Run_1845_Idx_38176,4620,0,5e-05,20000000,3073280.0,835760.0,9058000.0,2525200.0,0.65625,0.6710526315789473
304,1,320,101,219,22.88,304,102,202,22.43,362360,100376,975304,287544,2,0,51,10,0,250421-224248_Run_1625_Idx_51198,4070,0,5e-05,20000000,3623600.0,1003760.0,9753040.0,2875440.0,0.684375,0.6644736842105263
305,1,320,94,226,25.12,304,80,224,27.0,452048,119536,1361920,358400,2,0,51,10,0,250421-215334_Run_701_Idx_88131,1760,0,5e-05,20000000,4520480.0,1195360.0,13619200.0,3584000.0,0.70625,0.7368421052631579
306,1,320,118,202,22.46,304,111,193,24.16,388088,115936,1209880,358272,2,0,51,10,0,250421-215150_Run_465_Idx_13575,1170,0,5e-05,20000000,3880880.0,1159360.0,12098800.0,3582720.0,0.63125,0.6348684210526315
307,1,320,109,211,21.04,304,96,208,22.66,349360,96432,1044808,286728,2,0,51,10,0,250421-225043_Run_1789_Idx_86868,4480,0,5e-05,20000000,3493600.0,964320.0,10448080.0,2867280.0,0.659375,0.6842105263157895
308,1,290,78,212,24.04,95,25,70,27.0,3994312,1058056,2320888,610760,7,0,51,10,0,250421-215608_Run_1171_Idx_3654,2930,0,5e-05,20000000,39943120.0,10580560.0,23208880.0,6107600.0,0.7310344827586207,0.7368421052631579
309,1,320,80,240,26.5,304,80,224,27.0,479744,119936,1361920,358400,2,0,51,10,0,250421-204304_Run_33_Idx_33396,90,0,5e-05,20000000,4797440.0,1199360.0,13619200.0,3584000.0,0.75,0.7368421052631579
310,1,160,43,117,26.01,38,10,28,25.63,4690568,1249856,1806768,481408,14,0,51,10,0,250421-212035_Run_280_Idx_13114,700,0,5e-05,20000000,46905680.0,12498560.0,18067680.0,4814080.0,0.73125,0.7368421052631579
311,1,290,85,205,24.36,95,30,65,24.73,3942952,1097952,1996192,563112,7,0,51,10,0,250421-213357_Run_967_Idx_36113,2420,0,5e-05,20000000,39429520.0,10979520.0,19961920.0,5631120.0,0.7068965517241379,0.6842105263157895
312,1,160,43,117,26.61,38,10,28,27.0,5235144,1386000,2258416,594320,14,0,51,10,0,250421-210104_Run_196_Idx_82007,490,0,5e-05,20000000,52351440.0,13860000.0,22584160.0,5943200.0,0.73125,0.7368421052631579
313,1,160,43,117,23.57,38,10,28,25.58,3792160,1025448,1797872,479184,14,0,51,10,0,250421-220121_Run_1340_Idx_1820,3350,0,5e-05,20000000,37921600.0,10254480.0,17978720.0,4791840.0,0.73125,0.7368421052631579
314,1,320,98,222,18.26,171,61,110,16.62,1061904,282216,907896,243656,4,0,51,10,0,250421-223057_Run_1646_Idx_24764,4120,0,5e-05,20000000,10619040.0,2822160.0,9078960.0,2436560.0,0.69375,0.6432748538011696
315,1,320,100,220,24.37,304,96,208,25.05,416896,113544,1240288,347544,2,0,51,10,0,250421-211610_Run_881_Idx_9407,2210,0,5e-05,20000000,4168960.0,1135440.0,12402880.0,3475440.0,0.6875,0.6842105263157895
316,1,160,44,116,23.54,38,10,28,24.16,4096240,1112408,1797872,479184,14,0,51,10,0,250421-212102_Run_872_Idx_78589,2180,0,5e-05,20000000,40962400.0,11124080.0,17978720.0,4791840.0,0.725,0.7368421052631579
317,1,320,102,218,21.47,171,48,123,24.95,1122320,319288,1638560,441800,4,0,51,10,0,250421-220949_Run_1386_Idx_54405,3470,0,5e-05,20000000,11223200.0,3192880.0,16385600.0,4418000.0,0.68125,0.7192982456140351
318,1,290,81,209,25.84,95,25,70,27.0,4474152,1193280,2320888,610760,7,0,51,10,0,250421-212129_Run_515_Idx_52312,1290,0,5e-05,20000000,44741520.0,11932800.0,23208880.0,6107600.0,0.7206896551724138,0.7368421052631579
319,1,320,88,232,25.15,171,45,126,27.0,1692592,437520,1975848,519960,4,0,51,10,0,250421-210043_Run_910_Idx_12466,2280,0,5e-05,20000000,16925920.0,4375200.0,19758480.0,5199600.0,0.725,0.7368421052631579
320,1,320,80,240,26.5,171,45,126,27.0,1915904,478976,1975848,519960,4,0,51,10,0,250421-205735_Run_322_Idx_51250,810,0,5e-05,20000000,19159040.0,4789760.0,19758480.0,5199600.0,0.75,0.7368421052631579
321,1,160,44,116,25.44,38,12,26,23.45,4968352,1310848,1682736,482912,14,0,51,10,0,250421-205340_Run_448_Idx_49245,1120,0,5e-05,20000000,49683520.0,13108480.0,16827360.0,4829120.0,0.725,0.6842105263157895
322,1,160,44,116,20.64,38,10,28,14.37,3294232,877312,79728,20864,14,0,51,10,0,250421-205440_Run_684_Idx_56251,1710,0,5e-05,20000000,32942320.0,8773120.0,797280.0,208640.0,0.725,0.7368421052631579
323,1,160,43,117,24.96,38,10,28,24.16,4193984,1091504,1452464,364048,14,0,51,10,0,250421-213931_Run_840_Idx_22272,2100,0,5e-05,20000000,41939840.0,10915040.0,14524640.0,3640480.0,0.73125,0.7368421052631579
324,1,160,43,117,26.6,38,10,28,27.0,5078216,1346768,2258416,594320,14,0,51,10,0,250421-214534_Run_356_Idx_27734,890,0,5e-05,20000000,50782160.0,13467680.0,22584160.0,5943200.0,0.73125,0.7368421052631579
325,1,290,81,209,25.33,95,25,70,27.0,4011432,1094720,2320888,610760,7,0,51,10,0,250421-213140_Run_971_Idx_53495,2430,0,5e-05,20000000,40114320.0,10947200.0,23208880.0,6107600.0,0.7206896551724138,0.7368421052631579
326,1,290,78,212,26.49,95,25,70,27.0,4703272,1248136,2320888,610760,7,0,51,10,0,250421-214422_Run_715_Idx_10643,1790,0,5e-05,20000000,47032720.0,12481360.0,23208880.0,6107600.0,0.7310344827586207,0.7368421052631579
327,1,320,103,217,23.95,304,100,204,23.71,420112,115344,1075216,308992,2,0,51,10,0,250421-222631_Run_1121_Idx_54633,2810,0,5e-05,20000000,4201120.0,1153440.0,10752160.0,3089920.0,0.678125,0.6710526315789473
328,1,320,91,229,24.62,304,97,207,22.57,427928,114520,1001368,278176,2,0,51,10,0,250421-225727_Run_1977_Idx_34330,4950,0,5e-05,20000000,4279280.0,1145200.0,10013680.0,2781760.0,0.715625,0.680921052631579
329,1,160,43,117,20.84,38,10,28,17.05,2971168,795400,70832,18640,14,0,51,10,0,250421-223059_Run_1768_Idx_13114,4420,0,5e-05,20000000,29711680.0,7954000.0,708320.0,186400.0,0.73125,0.7368421052631579
330,1,160,49,111,25.34,38,14,24,24.16,5039072,1375856,2028144,601776,14,0,51,10,0,250421-204137_Run_100_Idx_86384,250,0,5e-05,20000000,50390720.0,13758560.0,20281440.0,6017760.0,0.69375,0.631578947368421
331,1,160,43,117,25.66,38,10,28,25.58,4747648,1229920,1913008,479184,14,0,51,10,0,250421-213124_Run_736_Idx_46277,1840,0,5e-05,20000000,47476480.0,12299200.0,19130080.0,4791840.0,0.73125,0.7368421052631579
332,1,160,43,117,18.31,38,10,28,19.16,2616648,696976,991920,248912,14,0,51,10,0,250421-224423_Run_1744_Idx_13114,4360,0,5e-05,20000000,26166480.0,6969760.0,9919200.0,2489120.0,0.73125,0.7368421052631579
333,1,320,90,230,23.58,171,49,122,25.58,1462312,377280,1640720,446280,4,0,51,10,0,250421-223038_Run_1554_Idx_45443,3890,0,5e-05,20000000,14623120.0,3772800.0,16407200.0,4462800.0,0.71875,0.7134502923976608
334,1,290,78,212,22.35,95,26,69,21.68,3121192,818376,1548960,402024,7,0,51,10,0,250421-222916_Run_1587_Idx_89856,3970,0,5e-05,20000000,31211920.0,8183760.0,15489600.0,4020240.0,0.7310344827586207,0.7263157894736842
335,1,320,110,210,21.65,304,112,192,18.61,355792,102928,801544,228088,2,0,51,10,0,250421-223630_Run_1729_Idx_59441,4330,0,5e-05,20000000,3557920.0,1029280.0,8015440.0,2280880.0,0.65625,0.631578947368421
336,1,290,78,212,23.37,95,25,70,25.58,3309512,869736,1966384,492592,7,0,51,10,0,250421-225705_Run_1991_Idx_54015,4980,0,5e-05,20000000,33095120.0,8697360.0,19663840.0,4925920.0,0.7310344827586207,0.7368421052631579
337,1,320,104,216,22.53,304,93,211,24.27,376472,107312,1149064,321072,2,0,51,10,0,250421-223515_Run_1669_Idx_96273,4180,0,5e-05,20000000,3764720.0,1073120.0,11490640.0,3210720.0,0.675,0.694078947368421
338,1,160,45,115,26.09,38,10,28,27.0,4919576,1330296,2258416,594320,14,0,51,10,0,250421-205954_Run_436_Idx_59102,1090,0,5e-05,20000000,49195760.0,13302960.0,22584160.0,5943200.0,0.71875,0.7368421052631579
339,1,320,91,229,24.54,171,45,126,27.0,1542568,405320,1975848,519960,4,0,51,10,0,250421-221414_Run_1142_Idx_35168,2860,0,5e-05,20000000,15425680.0,4053200.0,19758480.0,5199600.0,0.715625,0.7368421052631579
340,1,160,43,117,24.68,38,10,28,24.26,4471480,1131496,1913008,479184,14,0,51,10,0,250421-220327_Run_1396_Idx_46277,3490,0,5e-05,20000000,44714800.0,11314960.0,19130080.0,4791840.0,0.73125,0.7368421052631579
341,1,160,47,113,25.42,38,10,28,25.58,4636568,1247048,1797872,479184,14,0,51,10,0,250421-213000_Run_500_Idx_2191,1250,0,5e-05,20000000,46365680.0,12470480.0,17978720.0,4791840.0,0.70625,0.7368421052631579
342,1,290,79,211,26.45,95,25,70,27.0,4747592,1264304,2320888,610760,7,0,51,10,0,250421-204436_Run_95_Idx_66629,240,0,5e-05,20000000,47475920.0,12643040.0,23208880.0,6107600.0,0.7275862068965517,0.7368421052631579
343,1,320,112,208,19.98,171,64,107,20.29,1100648,301104,1162936,323704,4,0,51,10,0,250421-222808_Run_1118_Idx_1113,2800,0,5e-05,20000000,11006480.0,3011040.0,11629360.0,3237040.0,0.65,0.6257309941520468
344,1,160,43,117,26.5,38,10,28,27.0,5078216,1346768,2258416,594320,14,0,51,10,0,250421-212250_Run_276_Idx_13114,690,0,5e-05,20000000,50782160.0,13467680.0,22584160.0,5943200.0,0.73125,0.7368421052631579
345,1,320,107,213,21.81,304,102,202,22.39,349360,89872,927520,239760,2,0,51,10,0,250421-224457_Run_1529_Idx_17121,3830,0,5e-05,20000000,3493600.0,898720.0,9275200.0,2397600.0,0.665625,0.6644736842105263
346,1,320,80,240,26.6,304,80,224,27.0,487424,121856,1361920,358400,2,0,51,10,0,250421-212436_Run_273_Idx_29121,690,0,5e-05,20000000,4874240.0,1218560.0,13619200.0,3584000.0,0.75,0.7368421052631579
347,1,290,79,211,26.07,95,28,67,25.58,4429352,1197584,2180864,601160,7,0,51,10,0,250421-212030_Run_755_Idx_1978,1890,0,5e-05,20000000,44293520.0,11975840.0,21808640.0,6011600.0,0.7275862068965517,0.7052631578947368
348,1,290,86,204,25.51,95,35,60,24.16,4480712,1220360,2084552,618728,7,0,51,10,0,250421-210959_Run_299_Idx_96521,750,0,5e-05,20000000,44807120.0,12203600.0,20845520.0,6187280.0,0.7034482758620689,0.631578947368421
349,1,160,44,116,25.16,38,10,28,24.47,4570224,1230904,1797872,479184,14,0,51,10,0,250421-213808_Run_960_Idx_37818,2400,0,5e-05,20000000,45702240.0,12309040.0,17978720.0,4791840.0,0.725,0.7368421052631579
350,1,320,80,240,22.85,304,107,197,22.01,392704,98176,970960,279536,2,0,51,10,0,250421-220823_Run_1445_Idx_84835,3620,0,5e-05,20000000,3927040.0,981760.0,9709600.0,2795360.0,0.75,0.6480263157894737
351,1,160,43,117,22.07,38,10,28,22.74,3117488,837192,1337328,364048,14,0,51,10,0,250421-223447_Run_1700_Idx_46277,4250,0,5e-05,20000000,31174880.0,8371920.0,13373280.0,3640480.0,0.73125,0.7368421052631579
352,1,160,45,115,24.4,38,10,28,24.16,4133568,1073480,1337328,364048,14,0,51,10,0,250421-211530_Run_1000_Idx_46840,2500,0,5e-05,20000000,41335680.0,10734800.0,13373280.0,3640480.0,0.71875,0.7368421052631579
353,1,290,83,207,25.04,95,29,66,25.58,4172552,1115216,2177344,601168,7,0,51,10,0,250421-205202_Run_451_Idx_77536,1130,0,5e-05,20000000,41725520.0,11152160.0,21773440.0,6011680.0,0.7137931034482758,0.6947368421052632
354,1,320,80,240,26.48,171,52,119,25.58,1915904,478976,1822576,496104,4,0,51,10,0,250421-213237_Run_734_Idx_80932,1840,0,5e-05,20000000,19159040.0,4789760.0,18225760.0,4961040.0,0.75,0.695906432748538
355,1,160,44,116,24.98,38,10,28,24.16,4216448,1113320,1452464,364048,14,0,51,10,0,250421-213841_Run_724_Idx_60379,1810,0,5e-05,20000000,42164480.0,11133200.0,14524640.0,3640480.0,0.725,0.7368421052631579
356,1,290,78,212,26.64,95,25,70,27.0,4781832,1280616,2320888,610760,7,0,51,10,0,250421-212510_Run_627_Idx_3654,1570,0,5e-05,20000000,47818320.0,12806160.0,23208880.0,6107600.0,0.7310344827586207,0.7368421052631579
357,1,320,80,240,26.6,304,80,224,25.63,487424,121856,1089536,290304,2,0,51,10,0,250421-213008_Run_381_Idx_2588,960,0,5e-05,20000000,4874240.0,1218560.0,10895360.0,2903040.0,0.75,0.7368421052631579
358,1,320,95,225,23.95,171,55,116,24.0,1558408,412008,1406400,399456,4,0,51,10,0,250421-222554_Run_1122_Idx_6701,2810,0,5e-05,20000000,15584080.0,4120080.0,14064000.0,3994560.0,0.703125,0.6783625730994152
359,1,320,100,220,22.83,304,96,208,22.98,353960,94192,1005712,278040,2,0,51,10,0,250421-223300_Run_1673_Idx_29524,4190,0,5e-05,20000000,3539600.0,941920.0,10057120.0,2780400.0,0.6875,0.6842105263157895
360,1,290,84,206,23.93,95,27,68,25.03,3891592,1080024,2100728,574016,7,0,51,10,0,250421-212135_Run_871_Idx_58035,2180,0,5e-05,20000000,38915920.0,10800240.0,21007280.0,5740160.0,0.7103448275862069,0.7157894736842105
361,1,290,83,207,24.81,95,29,66,24.18,4131272,1130576,1890288,535968,7,0,51,10,0,250421-212346_Run_867_Idx_44273,2170,0,5e-05,20000000,41312720.0,11305760.0,18902880.0,5359680.0,0.7137931034482758,0.6947368421052632
362,1,320,80,240,26.41,171,53,118,25.58,1880192,470048,1848272,509680,4,0,51,10,0,250421-210022_Run_554_Idx_77904,1390,0,5e-05,20000000,18801920.0,4700480.0,18482720.0,5096800.0,0.75,0.6900584795321637
363,1,290,78,212,21.68,95,26,69,23.02,3138312,835496,1548960,402024,7,0,51,10,0,250421-225921_Run_1987_Idx_85350,4970,0,5e-05,20000000,31383120.0,8354960.0,15489600.0,4020240.0,0.7310344827586207,0.7263157894736842
364,1,320,92,228,23.8,171,55,116,21.81,1583008,416112,1193864,334144,4,0,51,10,0,250421-215932_Run_1522_Idx_58970,3810,0,5e-05,20000000,15830080.0,4161120.0,11938640.0,3341440.0,0.7125,0.6783625730994152
365,1,160,43,117,22.01,38,10,28,21.42,3756600,987176,1797872,479184,14,0,51,10,0,250421-230058_Run_1916_Idx_1820,4790,0,5e-05,20000000,37566000.0,9871760.0,17978720.0,4791840.0,0.73125,0.7368421052631579
366,1,320,80,240,26.56,171,45,126,27.0,1942144,485536,1975848,519960,4,0,51,10,0,250421-204140_Run_74_Idx_21514,190,0,5e-05,20000000,19421440.0,4855360.0,19758480.0,5199600.0,0.75,0.7368421052631579
367,1,320,91,229,25.3,304,80,224,27.0,444232,116184,1361920,358400,2,0,51,10,0,250421-210116_Run_909_Idx_71031,2280,0,5e-05,20000000,4442320.0,1161840.0,13619200.0,3584000.0,0.715625,0.7368421052631579
368,1,320,98,222,23.52,171,55,116,24.79,1520696,412776,1768816,496808,4,0,51,10,0,250421-205742_Run_678_Idx_20548,1700,0,5e-05,20000000,15206960.0,4127760.0,17688160.0,4968080.0,0.69375,0.6783625730994152
369,1,160,43,117,25.79,38,10,28,27.0,4807864,1289168,2258416,594320,14,0,51,10,0,250421-212637_Run_744_Idx_46277,1860,0,5e-05,20000000,48078640.0,12891680.0,22584160.0,5943200.0,0.73125,0.7368421052631579
370,1,320,80,240,26.56,171,45,126,27.0,1942144,485536,1975848,519960,4,0,51,10,0,250421-211101_Run_178_Idx_48165,450,0,5e-05,20000000,19421440.0,4855360.0,19758480.0,5199600.0,0.75,0.7368421052631579
371,1,320,86,234,25.15,171,54,117,20.92,1643824,421136,1156664,319568,4,0,51,10,0,250421-223905_Run_1570_Idx_45018,3930,0,5e-05,20000000,16438240.0,4211360.0,11566640.0,3195680.0,0.73125,0.6842105263157895
372,1,290,79,211,26.54,95,25,70,27.0,4764712,1281424,2320888,610760,7,0,51,10,0,250421-211237_Run_175_Idx_85350,440,0,5e-05,20000000,47647120.0,12814240.0,23208880.0,6107600.0,0.7275862068965517,0.7368421052631579
373,1,290,78,212,25.31,95,26,69,23.89,4206792,1111176,1970360,520616,7,0,51,10,0,250421-220641_Run_1391_Idx_20723,3480,0,5e-05,20000000,42067920.0,11111760.0,19703600.0,5206160.0,0.7310344827586207,0.7263157894736842
374,1,320,90,230,25.25,304,80,224,27.0,432752,112848,1361920,358400,2,0,51,10,0,250421-221512_Run_1377_Idx_3348,3450,0,5e-05,20000000,4327520.0,1128480.0,13619200.0,3584000.0,0.71875,0.7368421052631579
375,1,320,80,240,26.56,171,45,126,27.0,1942144,485536,1975848,519960,4,0,51,10,0,250421-204723_Run_222_Idx_48165,560,0,5e-05,20000000,19421440.0,4855360.0,19758480.0,5199600.0,0.75,0.7368421052631579
376,1,160,43,117,26.18,38,10,28,27.0,5198296,1386776,2258416,594320,14,0,51,10,0,250421-215931_Run_1104_Idx_60828,2760,0,5e-05,20000000,51982960.0,13867760.0,22584160.0,5943200.0,0.73125,0.7368421052631579
377,1,320,96,224,23.28,304,80,224,27.0,400592,106800,1361920,358400,2,0,51,10,0,250421-224210_Run_1657_Idx_46372,4150,0,5e-05,20000000,4005920.0,1068000.0,13619200.0,3584000.0,0.7,0.7368421052631579
378,1,290,79,211,25.94,95,25,70,27.0,4353832,1178704,2320888,610760,7,0,51,10,0,250421-221824_Run_1255_Idx_85350,3140,0,5e-05,20000000,43538320.0,11787040.0,23208880.0,6107600.0,0.7275862068965517,0.7368421052631579
379,1,290,83,207,26.08,95,29,66,25.58,4627752,1267536,2259632,628304,7,0,51,10,0,250421-205316_Run_211_Idx_39980,530,0,5e-05,20000000,46277520.0,12675360.0,22596320.0,6283040.0,0.7137931034482758,0.6947368421052632
380,1,290,79,211,25.52,95,30,65,23.87,4302472,1127344,1815040,511480,7,0,51,10,0,250421-205112_Run_1047_Idx_60040,2620,0,5e-05,20000000,43024720.0,11273440.0,18150400.0,5114800.0,0.7275862068965517,0.6842105263157895
381,1,320,95,225,20.76,171,51,120,24.33,1080528,301432,1500704,416216,4,0,51,10,0,250421-223438_Run_1670_Idx_48262,4180,0,5e-05,20000000,10805280.0,3014320.0,15007040.0,4162160.0,0.703125,0.7017543859649122
382,1,290,86,204,25.47,95,35,60,23.87,4576392,1218600,2142800,633632,7,0,51,10,0,250421-205931_Run_199_Idx_47326,500,0,5e-05,20000000,45763920.0,12186000.0,21428000.0,6336320.0,0.7034482758620689,0.631578947368421
383,1,320,80,240,26.65,304,92,212,24.78,494080,123520,1083904,303560,2,0,51,10,0,250421-225300_Run_1785_Idx_3901,4470,0,5e-05,20000000,4940800.0,1235200.0,10839040.0,3035600.0,0.75,0.6973684210526315
384,1,160,43,117,23.58,38,10,28,24.16,3682144,973144,1452464,364048,14,0,51,10,0,250421-222918_Run_1472_Idx_13114,3680,0,5e-05,20000000,36821440.0,9731440.0,14524640.0,3640480.0,0.73125,0.7368421052631579
385,1,290,78,212,23.26,95,26,69,20.04,3847272,1008456,1237344,337248,7,0,51,10,0,250421-223349_Run_1763_Idx_17819,4410,0,5e-05,20000000,38472720.0,10084560.0,12373440.0,3372480.0,0.7310344827586207,0.7263157894736842
386,1,290,78,212,23.58,95,26,69,20.2,3412232,938216,1391360,388880,7,0,51,10,0,250421-225220_Run_1803_Idx_43476,4510,0,5e-05,20000000,34122320.0,9382160.0,13913600.0,3888800.0,0.7310344827586207,0.7263157894736842
387,1,160,43,117,21.48,38,10,28,18.95,3703800,1013152,1337328,364048,14,0,51,10,0,250421-205447_Run_1040_Idx_60828,2600,0,5e-05,20000000,37038000.0,10131520.0,13373280.0,3640480.0,0.73125,0.7368421052631579
388,1,320,91,229,24.43,304,99,205,23.1,437576,114520,1066528,291480,2,0,51,10,0,250421-215718_Run_1229_Idx_34265,3080,0,5e-05,20000000,4375760.0,1145200.0,10665280.0,2914800.0,0.715625,0.6743421052631579
389,1,160,43,117,22.27,38,10,28,21.63,3626776,993896,1337328,364048,14,0,51,10,0,250421-224133_Run_1688_Idx_46277,4220,0,5e-05,20000000,36267760.0,9938960.0,13373280.0,3640480.0,0.73125,0.7368421052631579
390,1,320,80,240,26.65,304,80,224,27.0,494080,123520,1361920,358400,2,0,51,10,0,250421-205625_Run_205_Idx_71618,520,0,5e-05,20000000,4940800.0,1235200.0,13619200.0,3584000.0,0.75,0.7368421052631579
391,1,320,86,234,22.07,171,52,119,22.11,1397080,354336,1313344,341944,4,0,51,10,0,250421-230231_Run_1982_Idx_82984,4960,0,5e-05,20000000,13970800.0,3543360.0,13133440.0,3419440.0,0.73125,0.695906432748538
392,1,320,80,240,26.48,171,52,119,23.23,1915904,478976,1458224,399160,4,0,51,10,0,250421-223654_Run_1666_Idx_77007,4170,0,5e-05,20000000,19159040.0,4789760.0,14582240.0,3991600.0,0.75,0.695906432748538
393,1,290,78,212,24.91,95,25,70,27.0,3521992,957096,2320888,610760,7,0,51,10,0,250421-230114_Run_1943_Idx_10643,4860,0,5e-05,20000000,35219920.0,9570960.0,23208880.0,6107600.0,0.7310344827586207,0.7368421052631579
394,1,160,44,116,25.92,38,10,28,27.0,4861976,1309296,2258416,594320,14,0,51,10,0,250421-213528_Run_372_Idx_85404,930,0,5e-05,20000000,48619760.0,13092960.0,22584160.0,5943200.0,0.725,0.7368421052631579
395,1,320,90,230,21.43,171,53,118,20.53,1420976,367792,1044640,293848,4,0,51,10,0,250421-224241_Run_1686_Idx_79337,4220,0,5e-05,20000000,14209760.0,3677920.0,10446400.0,2938480.0,0.71875,0.6900584795321637
396,1,160,43,117,22.63,38,10,28,21.32,3519864,967168,1337328,364048,14,0,51,10,0,250421-220347_Run_1336_Idx_1820,3340,0,5e-05,20000000,35198640.0,9671680.0,13373280.0,3640480.0,0.73125,0.7368421052631579
397,1,320,91,229,25.3,304,80,224,27.0,444232,116184,1361920,358400,2,0,51,10,0,250421-224745_Run_1709_Idx_68501,4280,0,5e-05,20000000,4442320.0,1161840.0,13619200.0,3584000.0,0.715625,0.7368421052631579
398,1,320,80,240,26.54,171,45,126,27.0,1942144,485536,1975848,519960,4,0,51,10,0,250421-214348_Run_122_Idx_48165,310,0,5e-05,20000000,19421440.0,4855360.0,19758480.0,5199600.0,0.75,0.7368421052631579
399,1,320,108,212,23.98,304,95,209,25.58,426320,118824,1283728,356096,2,0,51,10,0,250421-212751_Run_385_Idx_82484,970,0,5e-05,20000000,4263200.0,1188240.0,12837280.0,3560960.0,0.6625,0.6875
400,1,320,95,225,25.15,171,45,126,27.0,1713632,455704,1975848,519960,4,0,51,10,0,250421-210141_Run_314_Idx_94268,790,0,5e-05,20000000,17136320.0,4557040.0,19758480.0,5199600.0,0.703125,0.7368421052631579
401,1,160,43,117,25.99,38,10,28,25.58,4884280,1308272,1797872,479184,14,0,51,10,0,250421-211525_Run_764_Idx_46277,1910,0,5e-05,20000000,48842800.0,13082720.0,17978720.0,4791840.0,0.73125,0.7368421052631579
402,1,160,43,117,26.5,38,10,28,27.0,5078216,1346768,2258416,594320,14,0,51,10,0,250421-211136_Run_296_Idx_13114,740,0,5e-05,20000000,50782160.0,13467680.0,22584160.0,5943200.0,0.73125,0.7368421052631579
403,1,160,43,117,25.12,38,10,28,27.0,4295312,1131648,2258416,594320,14,0,51,10,0,250421-222917_Run_1116_Idx_87442,2790,0,5e-05,20000000,42953120.0,11316480.0,22584160.0,5943200.0,0.73125,0.7368421052631579
404,1,160,43,117,20.63,38,10,28,16.58,3718416,933000,991920,248912,14,0,51,10,0,250421-221309_Run_1500_Idx_13114,3750,0,5e-05,20000000,37184160.0,9330000.0,9919200.0,2489120.0,0.73125,0.7368421052631579
405,1,160,48,112,23.98,38,14,24,22.89,5066584,1297976,1797872,544208,14,0,51,10,0,250421-211920_Run_400_Idx_89632,1000,0,5e-05,20000000,50665840.0,12979760.0,17978720.0,5442080.0,0.7,0.631578947368421
406,1,320,80,240,26.54,171,48,123,25.58,1942144,485536,1735024,450896,4,0,51,10,0,250421-215412_Run_1174_Idx_22244,2940,0,5e-05,20000000,19421440.0,4855360.0,17350240.0,4508960.0,0.75,0.7192982456140351
407,1,290,78,212,22.67,95,25,70,24.53,3316552,888616,1848216,492592,7,0,51,10,0,250421-225317_Run_1863_Idx_91797,4660,0,5e-05,20000000,33165520.0,8886160.0,18482160.0,4925920.0,0.7310344827586207,0.7368421052631579
408,1,160,43,117,21.97,38,10,28,21.53,3661104,953072,1337328,364048,14,0,51,10,0,250421-223313_Run_1764_Idx_13114,4410,0,5e-05,20000000,36611040.0,9530720.0,13373280.0,3640480.0,0.73125,0.7368421052631579
409,1,290,77,213,26.13,95,25,70,27.0,4514952,1196776,2320888,610760,7,0,51,10,0,250421-211139_Run_771_Idx_49417,1930,0,5e-05,20000000,45149520.0,11967760.0,23208880.0,6107600.0,0.7344827586206897,0.7368421052631579
410,1,290,78,212,26.59,95,25,70,27.0,4720392,1265256,2320888,610760,7,0,51,10,0,250421-210526_Run_307_Idx_91797,770,0,5e-05,20000000,47203920.0,12652560.0,23208880.0,6107600.0,0.7310344827586207,0.7368421052631579
411,1,160,44,116,25.63,38,10,28,25.58,4568280,1230224,1797872,479184,14,0,51,10,0,250421-215658_Run_1108_Idx_37818,2770,0,5e-05,20000000,45682800.0,12302240.0,17978720.0,4791840.0,0.725,0.7368421052631579
412,1,290,79,211,26.4,95,25,70,27.0,4686152,1248944,2320888,610760,7,0,51,10,0,250421-214011_Run_247_Idx_17819,620,0,5e-05,20000000,46861520.0,12489440.0,23208880.0,6107600.0,0.7275862068965517,0.7368421052631579
413,1,320,80,240,26.6,304,80,224,27.0,487424,121856,1361920,358400,2,0,51,10,0,250421-203850_Run_13_Idx_29121,40,0,5e-05,20000000,4874240.0,1218560.0,13619200.0,3584000.0,0.75,0.7368421052631579
414,1,290,78,212,25.26,95,25,70,27.0,3942952,1058056,2320888,610760,7,0,51,10,0,250421-221637_Run_1431_Idx_96012,3580,0,5e-05,20000000,39429520.0,10580560.0,23208880.0,6107600.0,0.7310344827586207,0.7368421052631579
415,1,320,80,240,26.5,304,93,211,25.58,479744,119936,1253320,347136,2,0,51,10,0,250421-214141_Run_481_Idx_94751,1210,0,5e-05,20000000,4797440.0,1199360.0,12533200.0,3471360.0,0.75,0.694078947368421
416,1,320,110,210,21.79,304,100,204,23.27,363608,107696,1083904,317680,2,0,51,10,0,250421-224630_Run_1649_Idx_28017,4130,0,5e-05,20000000,3636080.0,1076960.0,10839040.0,3176800.0,0.65625,0.6710526315789473
417,1,290,78,212,21.79,95,26,69,21.0,3213832,888616,1447456,402904,7,0,51,10,0,250421-224206_Run_1687_Idx_20723,4220,0,5e-05,20000000,32138320.0,8886160.0,14474560.0,4029040.0,0.7310344827586207,0.7263157894736842
418,1,320,98,222,18.74,171,51,120,21.5,1027344,267912,1235936,323616,4,0,51,10,0,250421-223807_Run_1694_Idx_60221,4240,0,5e-05,20000000,10273440.0,2679120.0,12359360.0,3236160.0,0.69375,0.7017543859649122
419,1,320,90,230,22.08,171,46,125,25.58,1205872,316256,1682448,423744,4,0,51,10,0,250421-225740_Run_1990_Idx_91050,4980,0,5e-05,20000000,12058720.0,3162560.0,16824480.0,4237440.0,0.71875,0.7309941520467836
420,1,290,85,205,23.9,95,25,70,25.58,3874472,1046592,1848216,492592,7,0,51,10,0,250421-205319_Run_1043_Idx_45779,2610,0,5e-05,20000000,38744720.0,10465920.0,18482160.0,4925920.0,0.7068965517241379,0.7368421052631579
421,1,290,78,212,21.43,95,26,69,20.28,3183176,821032,564960,156024,7,0,51,10,0,250421-222103_Run_1367_Idx_20723,3420,0,5e-05,20000000,31831760.0,8210320.0,5649600.0,1560240.0,0.7310344827586207,0.7263157894736842
422,1,290,80,210,25.02,95,25,70,25.06,4031240,1077464,1857752,494976,7,0,51,10,0,250421-220337_Run_1159_Idx_47120,2900,0,5e-05,20000000,40312400.0,10774640.0,18577520.0,4949760.0,0.7241379310344828,0.7368421052631579
423,1,160,43,117,26.26,38,10,28,27.0,5380864,1407376,2258416,594320,14,0,51,10,0,250421-213758_Run_368_Idx_27734,920,0,5e-05,20000000,53808640.0,14073760.0,22584160.0,5943200.0,0.73125,0.7368421052631579
424,1,160,49,111,25.08,38,11,27,25.58,4610240,1278248,2028144,538616,14,0,51,10,0,250421-212605_Run_388_Idx_81225,970,0,5e-05,20000000,46102400.0,12782480.0,20281440.0,5386160.0,0.69375,0.7105263157894737
425,1,160,43,117,25.76,38,10,28,27.0,4884888,1308424,2258416,594320,14,0,51,10,0,250421-223624_Run_1544_Idx_60828,3860,0,5e-05,20000000,48848880.0,13084240.0,22584160.0,5943200.0,0.73125,0.7368421052631579
426,1,320,80,240,26.2,304,94,210,25.05,487424,121856,1162096,325552,2,0,51,10,0,250421-220218_Run_1221_Idx_14466,3060,0,5e-05,20000000,4874240.0,1218560.0,11620960.0,3255520.0,0.75,0.6907894736842105
427,1,320,87,233,24.29,171,50,121,23.54,1421632,360504,1398896,380104,4,0,51,10,0,250421-223223_Run_1674_Idx_34866,4190,0,5e-05,20000000,14216320.0,3605040.0,13988960.0,3801040.0,0.728125,0.7076023391812866
428,1,290,79,211,25.52,95,25,70,27.0,4233992,1110224,2320888,610760,7,0,51,10,0,250421-221117_Run_1147_Idx_43476,2870,0,5e-05,20000000,42339920.0,11102240.0,23208880.0,6107600.0,0.7275862068965517,0.7368421052631579
429,1,290,78,212,20.76,95,26,69,24.16,3053192,779976,1966384,493480,7,0,51,10,0,250421-221630_Run_1315_Idx_82624,3290,0,5e-05,20000000,30531920.0,7799760.0,19663840.0,4934800.0,0.7310344827586207,0.7263157894736842
430,1,290,78,212,26.3,95,25,70,27.0,4611112,1225096,2320888,610760,7,0,51,10,0,250421-204719_Run_579_Idx_46758,1450,0,5e-05,20000000,46111120.0,12250960.0,23208880.0,6107600.0,0.7310344827586207,0.7368421052631579
431,1,320,92,228,21.89,171,45,126,27.0,1280264,335528,1975848,519960,4,0,51,10,0,250421-224133_Run_1658_Idx_34866,4150,0,5e-05,20000000,12802640.0,3355280.0,19758480.0,5199600.0,0.7125,0.7368421052631579
432,1,320,101,219,23.58,171,52,119,25.58,1597840,434904,1822576,496104,4,0,51,10,0,250421-212852_Run_502_Idx_31965,1260,0,5e-05,20000000,15978400.0,4349040.0,18225760.0,4961040.0,0.684375,0.695906432748538
433,1,320,80,240,26.65,304,80,224,27.0,494080,123520,1361920,358400,2,0,51,10,0,250421-204440_Run_69_Idx_24085,180,0,5e-05,20000000,4940800.0,1235200.0,13619200.0,3584000.0,0.75,0.7368421052631579
434,1,160,45,115,25.33,38,12,26,24.87,4281368,1165096,1913008,540480,14,0,51,10,0,250421-211836_Run_520_Idx_2191,1300,0,5e-05,20000000,42813680.0,11650960.0,19130080.0,5404800.0,0.71875,0.6842105263157895
435,1,320,89,231,24.36,171,50,121,25.58,1643528,426152,1580984,432568,4,0,51,10,0,250421-221747_Run_1074_Idx_45443,2690,0,5e-05,20000000,16435280.0,4261520.0,15809840.0,4325680.0,0.721875,0.7076023391812866
436,1,320,94,226,25.15,304,80,224,27.0,444368,117616,1361920,358400,2,0,51,10,0,250421-213636_Run_489_Idx_31863,1230,0,5e-05,20000000,4443680.0,1176160.0,13619200.0,3584000.0,0.70625,0.7368421052631579
437,1,320,93,227,24.4,171,58,113,24.2,1717024,452360,1403448,412192,4,0,51,10,0,250421-211813_Run_402_Idx_26446,1010,0,5e-05,20000000,17170240.0,4523600.0,14034480.0,4121920.0,0.709375,0.6608187134502924
438,1,320,80,240,26.0,304,106,198,24.34,479744,119936,1179472,344560,2,0,51,10,0,250421-210722_Run_541_Idx_75643,1360,0,5e-05,20000000,4797440.0,1199360.0,11794720.0,3445600.0,0.75,0.6513157894736842
439,1,290,78,212,19.89,95,26,69,21.32,2665992,717416,1186656,311448,7,0,51,10,0,250421-224846_Run_1871_Idx_17819,4680,0,5e-05,20000000,26659920.0,7174160.0,11866560.0,3114480.0,0.7310344827586207,0.7263157894736842
440,1,290,78,212,26.36,95,25,70,27.0,4576392,1229256,2320888,610760,7,0,51,10,0,250421-223921_Run_1539_Idx_67176,3850,0,5e-05,20000000,45763920.0,12292560.0,23208880.0,6107600.0,0.7310344827586207,0.7368421052631579
441,1,320,93,227,23.9,171,45,126,27.0,1543808,408624,1975848,519960,4,0,51,10,0,250421-222044_Run_1190_Idx_3770,2980,0,5e-05,20000000,15438080.0,4086240.0,19758480.0,5199600.0,0.709375,0.7368421052631579
442,1,160,43,117,21.99,38,10,28,22.84,3096448,817120,1452464,364048,14,0,51,10,0,250421-223231_Run_1704_Idx_46277,4260,0,5e-05,20000000,30964480.0,8171200.0,14524640.0,3640480.0,0.73125,0.7368421052631579
443,1,290,80,210,24.12,95,27,68,24.16,3908712,1042552,1710016,456304,7,0,51,10,0,250421-222519_Run_1123_Idx_34661,2810,0,5e-05,20000000,39087120.0,10425520.0,17100160.0,4563040.0,0.7241379310344828,0.7157894736842105
444,1,160,43,117,23.66,38,10,28,24.16,3897352,1051552,1797872,479184,14,0,51,10,0,250421-220533_Run_1276_Idx_82007,3190,0,5e-05,20000000,38973520.0,10515520.0,17978720.0,4791840.0,0.73125,0.7368421052631579
445,1,290,89,201,24.17,95,27,68,24.16,3686152,1032704,1599648,428712,7,0,51,10,0,250421-213256_Run_851_Idx_57045,2130,0,5e-05,20000000,36861520.0,10327040.0,15996480.0,4287120.0,0.6931034482758621,0.7157894736842105
446,1,320,102,218,22.18,304,90,214,24.57,336272,92712,1170784,316320,2,0,51,10,0,250421-223417_Run_1701_Idx_44560,4260,0,5e-05,20000000,3362720.0,927120.0,11707840.0,3163200.0,0.68125,0.7039473684210527
447,1,290,78,212,23.37,95,26,69,21.46,3583432,972456,1445632,402448,7,0,51,10,0,250421-221203_Run_1439_Idx_89856,3600,0,5e-05,20000000,35834320.0,9724560.0,14456320.0,4024480.0,0.7310344827586207,0.7263157894736842
448,1,160,43,117,22.91,38,10,28,19.89,3330176,875552,70832,18640,14,0,51,10,0,250421-221157_Run_1084_Idx_60828,2710,0,5e-05,20000000,33301760.0,8755520.0,708320.0,186400.0,0.73125,0.7368421052631579
449,1,160,43,117,25.48,38,10,28,24.16,4527816,1209168,1337328,364048,14,0,51,10,0,250421-220019_Run_1224_Idx_27734,3060,0,5e-05,20000000,45278160.0,12091680.0,13373280.0,3640480.0,0.73125,0.7368421052631579
450,1,160,43,117,26.16,38,10,28,27.0,4934072,1320720,2258416,594320,14,0,51,10,0,250421-215226_Run_464_Idx_1820,1160,0,5e-05,20000000,49340720.0,13207200.0,22584160.0,5943200.0,0.73125,0.7368421052631579
451,1,290,78,212,26.45,95,25,70,27.0,4764712,1263496,2320888,610760,7,0,51,10,0,250421-214822_Run_115_Idx_54015,290,0,5e-05,20000000,47647120.0,12634960.0,23208880.0,6107600.0,0.7310344827586207,0.7368421052631579
452,1,320,80,240,26.6,304,80,224,27.0,487424,121856,1361920,358400,2,0,51,10,0,250421-215014_Run_349_Idx_2588,880,0,5e-05,20000000,4874240.0,1218560.0,13619200.0,3584000.0,0.75,0.7368421052631579
453,1,320,80,240,23.71,171,56,115,21.83,1546624,386656,1184816,333576,4,0,51,10,0,250421-220742_Run_1446_Idx_56186,3620,0,5e-05,20000000,15466240.0,3866560.0,11848160.0,3335760.0,0.75,0.672514619883041
454,1,320,89,231,24.54,171,45,126,27.0,1677368,439192,1975848,519960,4,0,51,10,0,250421-223517_Run_1546_Idx_25126,3870,0,5e-05,20000000,16773680.0,4391920.0,19758480.0,5199600.0,0.721875,0.7368421052631579
455,1,320,107,213,22.49,304,92,212,24.55,341456,97544,1153408,316592,2,0,51,10,0,250421-222441_Run_1301_Idx_94623,3260,0,5e-05,20000000,3414560.0,975440.0,11534080.0,3165920.0,0.665625,0.6973684210526315
456,1,160,48,112,25.02,38,14,24,22.74,4766848,1295552,1740304,486640,14,0,51,10,0,250421-205834_Run_320_Idx_49391,800,0,5e-05,20000000,47668480.0,12955520.0,17403040.0,4866400.0,0.7,0.631578947368421
457,1,320,80,240,26.41,171,45,126,27.0,1880192,470048,1975848,519960,4,0,51,10,0,250421-212417_Run_510_Idx_60744,1280,0,5e-05,20000000,18801920.0,4700480.0,19758480.0,5199600.0,0.75,0.7368421052631579
458,1,160,45,115,23.68,38,11,27,23.61,4058608,1114400,1797872,481048,14,0,51,10,0,250421-205640_Run_680_Idx_94830,1700,0,5e-05,20000000,40586080.0,11144000.0,17978720.0,4810480.0,0.71875,0.7105263157894737
459,1,160,43,117,26.39,38,10,28,27.0,5315824,1386776,2258416,594320,14,0,51,10,0,250421-224210_Run_1596_Idx_87442,3990,0,5e-05,20000000,53158240.0,13867760.0,22584160.0,5943200.0,0.73125,0.7368421052631579
460,1,320,95,225,23.31,171,50,121,24.63,1461408,390472,1488856,398592,4,0,51,10,0,250421-222411_Run_1418_Idx_14641,3550,0,5e-05,20000000,14614080.0,3904720.0,14888560.0,3985920.0,0.703125,0.7076023391812866
461,1,290,78,212,20.27,95,26,69,16.79,2265192,595816,235968,73776,7,0,51,10,0,250421-225158_Run_1771_Idx_66629,4430,0,5e-05,20000000,22651920.0,5958160.0,2359680.0,737760.0,0.7310344827586207,0.7263157894736842
462,1,320,88,232,24.37,171,45,126,27.0,1405872,366056,1975848,519960,4,0,51,10,0,250421-221657_Run_1374_Idx_97419,3440,0,5e-05,20000000,14058720.0,3660560.0,19758480.0,5199600.0,0.725,0.7368421052631579
463,1,290,78,212,23.4,95,25,70,22.74,3908712,1040936,1848216,492592,7,0,51,10,0,250421-220436_Run_1451_Idx_96012,3630,0,5e-05,20000000,39087120.0,10409360.0,18482160.0,4925920.0,0.7310344827586207,0.7368421052631579
464,1,290,78,212,26.64,95,25,70,27.0,4781832,1280616,2320888,610760,7,0,51,10,0,250421-210559_Run_187_Idx_54015,470,0,5e-05,20000000,47818320.0,12806160.0,23208880.0,6107600.0,0.7310344827586207,0.7368421052631579
465,1,160,43,117,26.61,38,10,28,27.0,5355000,1425952,2258416,594320,14,0,51,10,0,250421-212200_Run_988_Idx_60828,2470,0,5e-05,20000000,53550000.0,14259520.0,22584160.0,5943200.0,0.73125,0.7368421052631579
466,1,290,79,211,26.45,95,25,70,27.0,4747592,1264304,2320888,610760,7,0,51,10,0,250421-205726_Run_203_Idx_85350,510,0,5e-05,20000000,47475920.0,12643040.0,23208880.0,6107600.0,0.7275862068965517,0.7368421052631579
467,1,320,86,234,19.96,171,49,122,18.63,1028952,264552,1080840,310608,4,0,51,10,0,250421-225534_Run_1966_Idx_50669,4920,0,5e-05,20000000,10289520.0,2645520.0,10808400.0,3106080.0,0.73125,0.7134502923976608
468,1,320,86,234,25.21,171,45,126,27.0,1619472,414616,1975848,519960,4,0,51,10,0,250421-224539_Run_1590_Idx_91499,3980,0,5e-05,20000000,16194720.0,4146160.0,19758480.0,5199600.0,0.73125,0.7368421052631579
469,1,290,78,212,26.59,95,25,70,27.0,4720392,1265256,2320888,610760,7,0,51,10,0,250421-213341_Run_375_Idx_42567,940,0,5e-05,20000000,47203920.0,12652560.0,23208880.0,6107600.0,0.7310344827586207,0.7368421052631579
470,1,320,80,240,26.6,304,80,224,27.0,487424,121856,1361920,358400,2,0,51,10,0,250421-213232_Run_377_Idx_2588,950,0,5e-05,20000000,4874240.0,1218560.0,13619200.0,3584000.0,0.75,0.7368421052631579
471,1,320,80,240,26.6,304,80,224,27.0,487424,121856,1361920,358400,2,0,51,10,0,250421-215249_Run_345_Idx_2588,870,0,5e-05,20000000,4874240.0,1218560.0,13619200.0,3584000.0,0.75,0.7368421052631579
472,1,290,80,210,24.22,95,25,70,27.0,3693192,1010072,2320888,610760,7,0,51,10,0,250421-222007_Run_1191_Idx_52003,2980,0,5e-05,20000000,36931920.0,10100720.0,23208880.0,6107600.0,0.7241379310344828,0.7368421052631579
473,1,160,44,116,26.09,38,10,28,27.0,4804664,1289320,2258416,594320,14,0,51,10,0,250421-210402_Run_428_Idx_85404,1070,0,5e-05,20000000,48046640.0,12893200.0,22584160.0,5943200.0,0.725,0.7368421052631579
474,1,320,80,240,26.0,304,93,211,24.96,479744,119936,1131688,316728,2,0,51,10,0,250421-223355_Run_1641_Idx_94751,4110,0,5e-05,20000000,4797440.0,1199360.0,11316880.0,3167280.0,0.75,0.694078947368421
475,1,320,95,225,25.15,304,80,224,27.0,449192,119288,1361920,358400,2,0,51,10,0,250421-211556_Run_525_Idx_14279,1320,0,5e-05,20000000,4491920.0,1192880.0,13619200.0,3584000.0,0.703125,0.7368421052631579
476,1,320,80,240,26.65,304,80,224,27.0,494080,123520,1361920,358400,2,0,51,10,0,250421-212025_Run_161_Idx_71618,410,0,5e-05,20000000,4940800.0,1235200.0,13619200.0,3584000.0,0.75,0.7368421052631579
477,1,160,43,117,21.44,38,10,28,21.42,3213976,817120,1452464,364048,14,0,51,10,0,250421-224554_Run_1680_Idx_46277,4200,0,5e-05,20000000,32139760.0,8171200.0,14524640.0,3640480.0,0.73125,0.7368421052631579
478,1,320,80,240,26.65,304,80,224,27.0,494080,123520,1361920,358400,2,0,51,10,0,250421-212343_Run_985_Idx_78175,2470,0,5e-05,20000000,4940800.0,1235200.0,13619200.0,3584000.0,0.75,0.7368421052631579
479,1,320,80,240,26.41,171,45,126,27.0,1880192,470048,1975848,519960,4,0,51,10,0,250421-204445_Run_30_Idx_60744,80,0,5e-05,20000000,18801920.0,4700480.0,19758480.0,5199600.0,0.75,0.7368421052631579
480,1,320,89,231,25.3,304,95,209,22.61,434584,112840,899576,248112,2,0,51,10,0,250421-222854_Run_1557_Idx_86792,3900,0,5e-05,20000000,4345840.0,1128400.0,8995760.0,2481120.0,0.721875,0.6875
481,1,320,94,226,23.78,171,63,108,20.73,1610400,423376,1152960,321864,4,0,51,10,0,250421-211229_Run_1006_Idx_80282,2520,0,5e-05,20000000,16104000.0,4233760.0,11529600.0,3218640.0,0.70625,0.631578947368421
482,1,320,80,240,26.48,171,45,126,25.63,1915904,478976,1581384,421344,4,0,51,10,0,250421-214419_Run_358_Idx_33009,900,0,5e-05,20000000,19159040.0,4789760.0,15813840.0,4213440.0,0.75,0.7368421052631579
483,1,160,43,117,23.14,38,10,28,22.74,3784088,1033224,1337328,364048,14,0,51,10,0,250421-222114_Run_1068_Idx_60828,2670,0,5e-05,20000000,37840880.0,10332240.0,13373280.0,3640480.0,0.73125,0.7368421052631579
484,1,320,80,240,26.21,171,53,118,25.58,1942144,485536,1699280,473296,4,0,51,10,0,250421-213610_Run_134_Idx_91401,340,0,5e-05,20000000,19421440.0,4855360.0,16992800.0,4732960.0,0.75,0.6900584795321637
485,1,290,79,211,26.39,95,25,70,27.0,4611112,1243024,2320888,610760,7,0,51,10,0,250421-204411_Run_31_Idx_82624,80,0,5e-05,20000000,46111120.0,12430240.0,23208880.0,6107600.0,0.7275862068965517,0.7368421052631579
486,1,320,98,222,21.61,304,104,200,19.48,345920,90848,875392,227000,2,0,51,10,0,250421-224527_Run_1681_Idx_60221,4210,0,5e-05,20000000,3459200.0,908480.0,8753920.0,2270000.0,0.69375,0.6578947368421053
487,1,160,43,117,24.83,38,10,28,24.26,4491192,1210000,1797872,479184,14,0,51,10,0,250421-212312_Run_868_Idx_22272,2170,0,5e-05,20000000,44911920.0,12100000.0,17978720.0,4791840.0,0.73125,0.7368421052631579
488,1,160,44,116,25.15,38,10,28,25.58,4673080,1212424,1913008,479184,14,0,51,10,0,250421-210219_Run_788_Idx_60379,1970,0,5e-05,20000000,46730800.0,12124240.0,19130080.0,4791840.0,0.725,0.7368421052631579
489,1,320,97,223,23.9,304,89,215,25.58,403808,110080,1201192,329216,2,0,51,10,0,250421-215445_Run_1233_Idx_52476,3090,0,5e-05,20000000,4038080.0,1100800.0,12011920.0,3292160.0,0.696875,0.7072368421052632
490,1,160,43,117,26.61,38,10,28,27.0,5355000,1425952,2258416,594320,14,0,51,10,0,250421-203849_Run_104_Idx_60828,260,0,5e-05,20000000,53550000.0,14259520.0,22584160.0,5943200.0,0.73125,0.7368421052631579
491,1,320,80,240,25.6,304,98,206,20.63,494080,123520,879736,243560,2,0,51,10,0,250421-225911_Run_1905_Idx_68145,4770,0,5e-05,20000000,4940800.0,1235200.0,8797360.0,2435600.0,0.75,0.6776315789473685
492,1,160,43,117,18.96,38,10,28,18.47,2860064,758024,991920,248912,14,0,51,10,0,250421-225712_Run_1936_Idx_87442,4840,0,5e-05,20000000,28600640.0,7580240.0,9919200.0,2489120.0,0.73125,0.7368421052631579
493,1,290,78,212,26.64,95,25,70,27.0,4781832,1280616,2320888,610760,7,0,51,10,0,250421-203854_Run_91_Idx_96012,230,0,5e-05,20000000,47818320.0,12806160.0,23208880.0,6107600.0,0.7310344827586207,0.7368421052631579
494,1,290,78,212,22.86,95,26,69,21.6,3350792,922856,1501728,416472,7,0,51,10,0,250421-221126_Run_1503_Idx_17819,3760,0,5e-05,20000000,33507920.0,9228560.0,15017280.0,4164720.0,0.7310344827586207,0.7263157894736842
495,1,320,80,240,26.56,171,45,126,27.0,1942144,485536,1975848,519960,4,0,51,10,0,250421-204613_Run_66_Idx_21514,170,0,5e-05,20000000,19421440.0,4855360.0,19758480.0,5199600.0,0.75,0.7368421052631579
496,1,290,78,212,22.47,95,25,70,21.64,3514952,903976,1493712,374424,7,0,51,10,0,250421-224258_Run_1563_Idx_96012,3910,0,5e-05,20000000,35149520.0,9039760.0,14937120.0,3744240.0,0.7310344827586207,0.7368421052631579
497,1,290,80,210,26.11,95,25,70,27.0,4474152,1209592,2320888,610760,7,0,51,10,0,250421-211451_Run_527_Idx_44243,1320,0,5e-05,20000000,44741520.0,12095920.0,23208880.0,6107600.0,0.7241379310344828,0.7368421052631579
498,1,320,102,218,24.2,304,96,208,25.22,420112,113672,1222912,343200,2,0,51,10,0,250421-214124_Run_837_Idx_86950,2100,0,5e-05,20000000,4201120.0,1136720.0,12229120.0,3432000.0,0.68125,0.6842105263157895
499,1,160,43,117,22.55,38,10,28,27.0,4013688,1031424,2258416,594320,14,0,51,10,0,250421-225310_Run_1832_Idx_27734,4580,0,5e-05,20000000,40136880.0,10314240.0,22584160.0,5943200.0,0.73125,0.7368421052631579
500,1,160,43,117,25.98,38,10,28,25.58,4804600,1288352,1797872,479184,14,0,51,10,0,250421-213659_Run_844_Idx_22272,2110,0,5e-05,20000000,48046000.0,12883520.0,17978720.0,4791840.0,0.73125,0.7368421052631579
501,1,320,94,226,25.25,304,80,224,27.0,452048,119536,1361920,358400,2,0,51,10,0,250421-205353_Run_329_Idx_79075,830,0,5e-05,20000000,4520480.0,1195360.0,13619200.0,3584000.0,0.70625,0.7368421052631579
502,1,320,80,240,25.8,304,110,194,19.76,487424,121856,732040,236504,2,0,51,10,0,250421-230317_Run_1997_Idx_69176,5000,0,5e-05,20000000,4874240.0,1218560.0,7320400.0,2365040.0,0.75,0.6381578947368421
503,1,160,44,116,24.16,38,10,28,19.89,4588032,1230168,1337328,364048,14,0,51,10,0,250421-205410_Run_804_Idx_60379,2010,0,5e-05,20000000,45880320.0,12301680.0,13373280.0,3640480.0,0.725,0.7368421052631579
504,1,160,43,117,20.14,38,10,28,17.74,2831800,721576,991920,248912,14,0,51,10,0,250421-225410_Run_1900_Idx_60828,4750,0,5e-05,20000000,28318000.0,7215760.0,9919200.0,2489120.0,0.73125,0.7368421052631579
505,1,320,105,215,21.43,304,104,200,21.31,352352,97728,918832,248720,2,0,51,10,0,250421-224316_Run_1685_Idx_14459,4220,0,5e-05,20000000,3523520.0,977280.0,9188320.0,2487200.0,0.671875,0.6578947368421053
506,1,290,81,209,23.44,95,26,69,21.12,3624712,976640,1498536,416016,7,0,51,10,0,250421-221055_Run_1207_Idx_12160,3020,0,5e-05,20000000,36247120.0,9766400.0,14985360.0,4160160.0,0.7206896551724138,0.7263157894736842
507,1,320,85,235,24.75,171,57,114,18.03,1594064,406384,735320,197744,4,0,51,10,0,250421-222118_Run_1486_Idx_88724,3720,0,5e-05,20000000,15940640.0,4063840.0,7353200.0,1977440.0,0.734375,0.6666666666666666
508,1,320,80,240,26.65,304,80,224,27.0,494080,123520,1361920,358400,2,0,51,10,0,250421-204218_Run_73_Idx_24085,190,0,5e-05,20000000,4940800.0,1235200.0,13619200.0,3584000.0,0.75,0.7368421052631579
509,1,320,80,240,26.5,304,107,197,22.11,479744,119936,1014400,275192,2,0,51,10,0,250421-222919_Run_1293_Idx_22487,3240,0,5e-05,20000000,4797440.0,1199360.0,10144000.0,2751920.0,0.75,0.6480263157894737
510,1,160,43,117,24.42,38,10,28,25.63,4454448,1171432,1806768,481408,14,0,51,10,0,250421-224709_Run_1780_Idx_60828,4450,0,5e-05,20000000,44544480.0,11714320.0,18067680.0,4814080.0,0.73125,0.7368421052631579
511,1,320,82,238,24.0,171,47,124,24.96,1516280,381848,1410560,378808,4,0,51,10,0,250421-225601_Run_1874_Idx_60399,4690,0,5e-05,20000000,15162800.0,3818480.0,14105600.0,3788080.0,0.74375,0.7251461988304093
512,1,290,78,212,26.59,95,25,70,27.0,4720392,1265256,2320888,610760,7,0,51,10,0,250421-204956_Run_455_Idx_42567,1140,0,5e-05,20000000,47203920.0,12652560.0,23208880.0,6107600.0,0.7310344827586207,0.7368421052631579
513,1,290,78,212,23.32,95,25,70,21.44,3624712,957096,1493712,374424,7,0,51,10,0,250421-225537_Run_1859_Idx_91797,4650,0,5e-05,20000000,36247120.0,9570960.0,14937120.0,3744240.0,0.7310344827586207,0.7368421052631579
514,1,320,103,217,23.97,171,52,119,25.58,1588072,447216,1822576,496104,4,0,51,10,0,250421-213732_Run_606_Idx_71863,1520,0,5e-05,20000000,15880720.0,4472160.0,18225760.0,4961040.0,0.678125,0.695906432748538
515,1,160,43,117,19.8,38,10,28,24.21,3467128,894784,1346224,366272,14,0,51,10,0,250421-225233_Run_1880_Idx_82007,4700,0,5e-05,20000000,34671280.0,8947840.0,13462240.0,3662720.0,0.73125,0.7368421052631579
516,1,320,93,227,24.74,304,80,224,27.0,444232,116312,1361920,358400,2,0,51,10,0,250421-221450_Run_1261_Idx_70168,3160,0,5e-05,20000000,4442320.0,1163120.0,13619200.0,3584000.0,0.709375,0.7368421052631579
517,1,320,107,213,21.06,171,51,120,24.16,1199376,338568,1704096,451896,4,0,51,10,0,250421-221705_Run_1314_Idx_98699,3290,0,5e-05,20000000,11993760.0,3385680.0,17040960.0,4518960.0,0.665625,0.7017543859649122
518,1,320,93,227,24.88,304,92,212,23.8,447448,119528,1109968,299216,2,0,51,10,0,250421-222153_Run_1129_Idx_10445,2830,0,5e-05,20000000,4474480.0,1195280.0,11099680.0,2992160.0,0.709375,0.6973684210526315
519,1,320,89,231,20.93,171,51,120,19.63,1039184,269952,1052632,288904,4,0,51,10,0,250421-225950_Run_1918_Idx_32363,4800,0,5e-05,20000000,10391840.0,2699520.0,10526320.0,2889040.0,0.721875,0.7017543859649122
520,1,320,80,240,26.6,304,80,224,27.0,487424,121856,1361920,358400,2,0,51,10,0,250421-214738_Run_353_Idx_2588,890,0,5e-05,20000000,4874240.0,1218560.0,13619200.0,3584000.0,0.75,0.7368421052631579
521,1,320,106,214,23.61,304,96,208,24.69,394384,109104,1153408,317136,2,0,51,10,0,250421-220401_Run_1097_Idx_28602,2750,0,5e-05,20000000,3943840.0,1091040.0,11534080.0,3171360.0,0.66875,0.6842105263157895
522,1,320,93,227,24.86,304,106,198,21.94,440792,117864,1023088,283744,2,0,51,10,0,250421-222818_Run_1177_Idx_88418,2950,0,5e-05,20000000,4407920.0,1178640.0,10230880.0,2837440.0,0.709375,0.6513157894736842
523,1,320,92,228,25.21,171,65,106,22.05,1767112,463768,1464912,398840,4,0,51,10,0,250421-211859_Run_638_Idx_13193,1600,0,5e-05,20000000,17671120.0,4637680.0,14649120.0,3988400.0,0.7125,0.6198830409356725
524,1,160,43,117,25.62,38,10,28,24.26,4841448,1287576,1797872,479184,14,0,51,10,0,250421-220805_Run_1272_Idx_82007,3180,0,5e-05,20000000,48414480.0,12875760.0,17978720.0,4791840.0,0.73125,0.7368421052631579
525,1,290,80,210,23.82,95,26,69,22.78,3641832,992952,2025480,547752,7,0,51,10,0,250421-220822_Run_1211_Idx_38204,3030,0,5e-05,20000000,36418320.0,9929520.0,20254800.0,5477520.0,0.7241379310344828,0.7263157894736842
526,1,320,80,240,26.65,304,112,192,24.16,494080,123520,1222912,362752,2,0,51,10,0,250421-204335_Run_97_Idx_24314,250,0,5e-05,20000000,4940800.0,1235200.0,12229120.0,3627520.0,0.75,0.631578947368421
527,1,320,80,240,26.65,304,93,211,25.58,494080,123520,1253320,347136,2,0,51,10,0,250421-210848_Run_657_Idx_33852,1650,0,5e-05,20000000,4940800.0,1235200.0,12533200.0,3471360.0,0.75,0.694078947368421
528,1,320,93,227,24.79,304,90,214,25.09,415288,109880,1214224,333696,2,0,51,10,0,250421-222634_Run_1241_Idx_87631,3110,0,5e-05,20000000,4152880.0,1098800.0,12142240.0,3336960.0,0.709375,0.7039473684210527
529,1,290,78,212,26.59,95,25,70,27.0,4720392,1265256,2320888,610760,7,0,51,10,0,250421-212425_Run_391_Idx_42567,980,0,5e-05,20000000,47203920.0,12652560.0,23208880.0,6107600.0,0.7310344827586207,0.7368421052631579
530,1,160,43,117,23.08,38,10,28,24.16,3507920,934800,1337328,364048,14,0,51,10,0,250421-224316_Run_1532_Idx_60828,3830,0,5e-05,20000000,35079200.0,9348000.0,13373280.0,3640480.0,0.73125,0.7368421052631579
531,1,320,92,228,22.91,171,51,120,23.22,1325280,347328,1309456,340808,4,0,51,10,0,250421-223554_Run_1698_Idx_79337,4250,0,5e-05,20000000,13252800.0,3473280.0,13094560.0,3408080.0,0.7125,0.7017543859649122
532,1,290,82,208,25.06,95,25,70,27.0,4028552,1061288,2320888,610760,7,0,51,10,0,250421-215230_Run_1115_Idx_91252,2790,0,5e-05,20000000,40285520.0,10612880.0,23208880.0,6107600.0,0.7172413793103448,0.7368421052631579
533,1,290,78,212,23.92,95,25,70,22.56,3788872,1006696,1375544,374424,7,0,51,10,0,250421-230001_Run_1931_Idx_3654,4830,0,5e-05,20000000,37888720.0,10066960.0,13755440.0,3744240.0,0.7310344827586207,0.7368421052631579
534,1,320,101,219,22.72,171,51,120,24.22,1506376,404096,1588736,420560,4,0,51,10,0,250421-210817_Run_1014_Idx_92757,2540,0,5e-05,20000000,15063760.0,4040960.0,15887360.0,4205600.0,0.684375,0.7017543859649122
535,1,290,78,212,19.08,95,26,69,16.01,2939912,820136,1445632,402448,7,0,51,10,0,250421-224912_Run_1839_Idx_87244,4600,0,5e-05,20000000,29399120.0,8201360.0,14456320.0,4024480.0,0.7310344827586207,0.7263157894736842
536,1,160,43,117,22.74,38,10,28,20.58,4235096,1072400,1452464,364048,14,0,51,10,0,250421-223103_Run_1616_Idx_87442,4040,0,5e-05,20000000,42350960.0,10724000.0,14524640.0,3640480.0,0.73125,0.7368421052631579
537,1,320,93,227,25.15,171,69,102,21.63,1744832,458880,1429528,387424,4,0,51,10,0,250421-205937_Run_318_Idx_6191,800,0,5e-05,20000000,17448320.0,4588800.0,14295280.0,3874240.0,0.709375,0.5964912280701754
538,1,320,80,240,26.56,171,45,126,27.0,1942144,485536,1975848,519960,4,0,51,10,0,250421-204411_Run_18_Idx_48165,50,0,5e-05,20000000,19421440.0,4855360.0,19758480.0,5199600.0,0.75,0.7368421052631579
539,1,320,90,230,24.25,171,57,114,23.53,1666888,434304,1405992,386880,4,0,51,10,0,250421-204857_Run_814_Idx_78597,2040,0,5e-05,20000000,16668880.0,4343040.0,14059920.0,3868800.0,0.71875,0.6666666666666666
540,1,320,102,218,21.99,171,56,115,21.5,1393512,368744,1181176,316088,4,0,51,10,0,250421-220503_Run_1334_Idx_98699,3340,0,5e-05,20000000,13935120.0,3687440.0,11811760.0,3160880.0,0.68125,0.672514619883041
541,1,160,44,116,25.89,38,14,24,24.16,4859648,1269344,2028144,601776,14,0,51,10,0,250421-210923_Run_300_Idx_25285,750,0,5e-05,20000000,48596480.0,12693440.0,20281440.0,6017760.0,0.725,0.631578947368421
542,1,320,80,240,26.5,171,45,126,27.0,1915904,478976,1975848,519960,4,0,51,10,0,250421-220434_Run_1514_Idx_51250,3790,0,5e-05,20000000,19159040.0,4789760.0,19758480.0,5199600.0,0.75,0.7368421052631579
543,1,320,80,240,25.2,304,80,224,27.0,378368,94592,1361920,358400,2,0,51,10,0,250421-214645_Run_473_Idx_33396,1190,0,5e-05,20000000,3783680.0,945920.0,13619200.0,3584000.0,0.75,0.7368421052631579
544,1,320,87,233,24.86,171,53,118,23.51,1589104,409768,1323648,367256,4,0,51,10,0,250421-220550_Run_1094_Idx_10735,2740,0,5e-05,20000000,15891040.0,4097680.0,13236480.0,3672560.0,0.728125,0.6900584795321637
545,1,320,89,231,25.3,304,80,224,27.0,434584,112840,1361920,358400,2,0,51,10,0,250421-221230_Run_1145_Idx_61312,2870,0,5e-05,20000000,4345840.0,1128400.0,13619200.0,3584000.0,0.721875,0.7368421052631579
546,1,320,80,240,26.48,171,48,123,22.68,1915904,478976,1205416,318272,4,0,51,10,0,250421-225202_Run_1834_Idx_45653,4590,0,5e-05,20000000,19159040.0,4789760.0,12054160.0,3182720.0,0.75,0.7192982456140351
547,1,320,80,240,26.6,304,80,224,25.63,487424,121856,1089536,290304,2,0,51,10,0,250421-211457_Run_765_Idx_9346,1920,0,5e-05,20000000,4874240.0,1218560.0,10895360.0,2903040.0,0.75,0.7368421052631579
548,1,290,86,204,23.73,95,29,66,23.31,3908712,1098760,1738032,497904,7,0,51,10,0,250421-204751_Run_935_Idx_29447,2340,0,5e-05,20000000,39087120.0,10987600.0,17380320.0,4979040.0,0.7034482758620689,0.6947368421052632
549,1,320,90,230,23.56,171,53,118,21.88,1396624,359664,1435392,386152,4,0,51,10,0,250421-221211_Run_1382_Idx_79337,3460,0,5e-05,20000000,13966240.0,3596640.0,14353920.0,3861520.0,0.71875,0.6900584795321637
550,1,290,78,212,24.45,95,27,68,21.66,3925832,1058056,1710016,482560,7,0,51,10,0,250421-223828_Run_1571_Idx_65032,3930,0,5e-05,20000000,39258320.0,10580560.0,17100160.0,4825600.0,0.7310344827586207,0.7157894736842105
551,1,290,80,210,26.17,95,27,68,25.58,4542152,1230872,2102096,574016,7,0,51,10,0,250421-210954_Run_1011_Idx_91252,2530,0,5e-05,20000000,45421520.0,12308720.0,21020960.0,5740160.0,0.7241379310344828,0.7157894736842105
552,1,160,44,116,26.33,38,10,28,27.0,5039040,1348568,2258416,594320,14,0,51,10,0,250421-211556_Run_288_Idx_93324,720,0,5e-05,20000000,50390400.0,13485680.0,22584160.0,5943200.0,0.725,0.7368421052631579
553,1,290,80,210,25.58,95,30,65,23.87,4473672,1179512,1841688,525048,7,0,51,10,0,250421-210116_Run_671_Idx_86147,1680,0,5e-05,20000000,44736720.0,11795120.0,18416880.0,5250480.0,0.7241379310344828,0.6842105263157895
554,1,320,80,240,26.65,304,80,224,27.0,494080,123520,1361920,358400,2,0,51,10,0,250421-204541_Run_93_Idx_78175,240,0,5e-05,20000000,4940800.0,1235200.0,13619200.0,3584000.0,0.75,0.7368421052631579
555,1,320,110,210,20.23,304,104,200,21.64,344536,101320,1036120,305192,2,0,51,10,0,250421-224639_Run_1781_Idx_97273,4460,0,5e-05,20000000,3445360.0,1013200.0,10361200.0,3051920.0,0.65625,0.6578947368421053
556,1,290,81,209,25.65,95,30,65,25.01,4234472,1159040,2045576,575800,7,0,51,10,0,250421-211913_Run_519_Idx_86044,1300,0,5e-05,20000000,42344720.0,11590400.0,20455760.0,5758000.0,0.7206896551724138,0.6842105263157895
557,1,290,82,208,25.71,95,25,70,27.0,4473672,1198248,2320888,610760,7,0,51,10,0,250421-204953_Run_931_Idx_76910,2330,0,5e-05,20000000,44736720.0,11982480.0,23208880.0,6107600.0,0.7172413793103448,0.7368421052631579
558,1,290,87,203,25.66,95,30,65,25.01,4497832,1255408,2046944,575800,7,0,51,10,0,250421-211845_Run_283_Idx_40473,710,0,5e-05,20000000,44978320.0,12554080.0,20469440.0,5758000.0,0.7,0.6842105263157895
559,1,290,78,212,26.59,95,25,70,27.0,4720392,1265256,2320888,610760,7,0,51,10,0,250421-205837_Run_795_Idx_10643,1990,0,5e-05,20000000,47203920.0,12652560.0,23208880.0,6107600.0,0.7310344827586207,0.7368421052631579
560,1,160,43,117,26.1,38,10,28,27.0,4961304,1327528,2258416,594320,14,0,51,10,0,250421-212626_Run_980_Idx_60828,2450,0,5e-05,20000000,49613040.0,13275280.0,22584160.0,5943200.0,0.73125,0.7368421052631579
561,1,320,89,231,25.12,171,45,126,27.0,1668744,432672,1975848,519960,4,0,51,10,0,250421-212637_Run_862_Idx_94655,2160,0,5e-05,20000000,16687440.0,4326720.0,19758480.0,5199600.0,0.721875,0.7368421052631579
562,1,320,80,240,26.41,171,54,117,25.26,1880192,470048,1768816,496672,4,0,51,10,0,250421-211948_Run_518_Idx_27513,1300,0,5e-05,20000000,18801920.0,4700480.0,17688160.0,4966720.0,0.75,0.6842105263157895
563,1,320,92,228,23.75,171,50,121,23.05,1447272,383376,1347368,366256,4,0,51,10,0,250421-221004_Run_1326_Idx_64555,3320,0,5e-05,20000000,14472720.0,3833760.0,13473680.0,3662560.0,0.7125,0.7076023391812866
564,1,160,43,117,24.91,38,10,28,24.16,4511264,1170824,1452464,364048,14,0,51,10,0,250421-221856_Run_1072_Idx_60828,2680,0,5e-05,20000000,45112640.0,11708240.0,14524640.0,3640480.0,0.73125,0.7368421052631579
565,1,320,96,224,23.95,304,80,224,27.0,416672,110016,1361920,358400,2,0,51,10,0,250421-225500_Run_1829_Idx_46372,4580,0,5e-05,20000000,4166720.0,1100160.0,13619200.0,3584000.0,0.7,0.7368421052631579
566,1,320,103,217,23.35,304,97,207,24.81,418504,116952,1240288,347680,2,0,51,10,0,250421-205707_Run_917_Idx_92874,2300,0,5e-05,20000000,4185040.0,1169520.0,12402880.0,3476800.0,0.678125,0.680921052631579
567,1,160,43,117,17.59,38,10,28,18.79,2808888,750248,1337328,364048,14,0,51,10,0,250421-222947_Run_1648_Idx_1820,4120,0,5e-05,20000000,28088880.0,7502480.0,13373280.0,3640480.0,0.73125,0.7368421052631579
568,1,160,43,117,20.88,38,10,28,21.42,3429568,934800,1337328,364048,14,0,51,10,0,250421-225835_Run_1892_Idx_60828,4730,0,5e-05,20000000,34295680.0,9348000.0,13373280.0,3640480.0,0.73125,0.7368421052631579
569,1,320,102,218,23.35,171,51,120,25.58,1426080,387160,1795696,482528,4,0,51,10,0,250421-211844_Run_994_Idx_4042,2490,0,5e-05,20000000,14260800.0,3871600.0,17956960.0,4825280.0,0.68125,0.7017543859649122
570,1,160,43,117,21.68,38,10,28,18.47,3758784,992304,991920,248912,14,0,51,10,0,250421-222007_Run_1252_Idx_82007,3130,0,5e-05,20000000,37587840.0,9923040.0,9919200.0,2489120.0,0.73125,0.7368421052631579
571,1,160,43,117,23.66,38,10,28,25.58,4013688,1031424,1797872,479184,14,0,51,10,0,250421-222629_Run_1180_Idx_27734,2950,0,5e-05,20000000,40136880.0,10314240.0,17978720.0,4791840.0,0.73125,0.7368421052631579
572,1,320,107,213,23.64,304,93,211,25.33,421720,118816,1253320,347136,2,0,51,10,0,250421-215127_Run_821_Idx_92874,2060,0,5e-05,20000000,4217200.0,1188160.0,12533200.0,3471360.0,0.665625,0.694078947368421
573,1,320,80,240,26.65,304,80,224,27.0,494080,123520,1361920,358400,2,0,51,10,0,250421-214154_Run_125_Idx_71618,320,0,5e-05,20000000,4940800.0,1235200.0,13619200.0,3584000.0,0.75,0.7368421052631579
574,1,320,90,230,23.86,171,50,121,25.58,1470192,378848,1769408,468952,4,0,51,10,0,250421-222303_Run_1186_Idx_24296,2970,0,5e-05,20000000,14701920.0,3788480.0,17694080.0,4689520.0,0.71875,0.7076023391812866
575,1,320,87,233,24.6,171,52,119,22.91,1668208,429328,1571768,412600,4,0,51,10,0,250421-220515_Run_1450_Idx_29806,3630,0,5e-05,20000000,16682080.0,4293280.0,15717680.0,4126000.0,0.728125,0.695906432748538
576,1,320,106,214,23.05,304,91,213,25.58,384736,105888,1248976,338176,2,0,51,10,0,250421-215732_Run_1289_Idx_5132,3230,0,5e-05,20000000,3847360.0,1058880.0,12489760.0,3381760.0,0.66875,0.7006578947368421
577,1,160,43,117,25.79,38,10,28,27.0,5118008,1327528,2258416,594320,14,0,51,10,0,250421-223403_Run_1548_Idx_60828,3870,0,5e-05,20000000,51180080.0,13275280.0,22584160.0,5943200.0,0.73125,0.7368421052631579
578,1,320,80,240,26.48,171,45,126,27.0,1915904,478976,1975848,519960,4,0,51,10,0,250421-211148_Run_414_Idx_33009,1040,0,5e-05,20000000,19159040.0,4789760.0,19758480.0,5199600.0,0.75,0.7368421052631579
579,1,320,94,226,20.52,171,49,122,17.6,1056160,284312,988128,257144,4,0,51,10,0,250421-225201_Run_1818_Idx_41179,4550,0,5e-05,20000000,10561600.0,2843120.0,9881280.0,2571440.0,0.70625,0.7134502923976608
580,1,320,85,235,24.12,171,50,121,20.4,1494664,379688,1069520,296896,4,0,51,10,0,250421-225254_Run_1802_Idx_53702,4510,0,5e-05,20000000,14946640.0,3796880.0,10695200.0,2968960.0,0.734375,0.7076023391812866
581,1,290,78,212,20.83,95,26,69,22.23,2847272,715656,1655744,415592,7,0,51,10,0,250421-224722_Run_1795_Idx_89856,4490,0,5e-05,20000000,28472720.0,7156560.0,16557440.0,4155920.0,0.7310344827586207,0.7263157894736842
582,1,320,80,240,26.48,171,47,124,24.32,1942144,485536,1211648,331576,4,0,51,10,0,250421-225223_Run_1786_Idx_19332,4470,0,5e-05,20000000,19421440.0,4855360.0,12116480.0,3315760.0,0.75,0.7251461988304093
583,1,290,78,212,23.51,95,25,70,27.0,3446952,934056,2320888,610760,7,0,51,10,0,250421-224916_Run_1823_Idx_46758,4560,0,5e-05,20000000,34469520.0,9340560.0,23208880.0,6107600.0,0.7310344827586207,0.7368421052631579
584,1,160,43,117,23.84,38,10,28,21.42,4233160,1091504,1452464,364048,14,0,51,10,0,250421-211127_Run_1008_Idx_60828,2520,0,5e-05,20000000,42331600.0,10915040.0,14524640.0,3640480.0,0.73125,0.7368421052631579
585,1,160,43,117,25.49,38,10,28,27.0,4414168,1190744,2258416,594320,14,0,51,10,0,250421-213611_Run_728_Idx_46277,1820,0,5e-05,20000000,44141680.0,11907440.0,22584160.0,5943200.0,0.73125,0.7368421052631579
586,1,160,44,116,25.98,38,10,28,27.0,5122784,1349912,2258416,594320,14,0,51,10,0,250421-212527_Run_864_Idx_78589,2160,0,5e-05,20000000,51227840.0,13499120.0,22584160.0,5943200.0,0.725,0.7368421052631579
587,1,320,80,240,26.54,171,52,119,25.58,1942144,485536,1822576,496104,4,0,51,10,0,250421-213023_Run_618_Idx_78774,1550,0,5e-05,20000000,19421440.0,4855360.0,18225760.0,4961040.0,0.75,0.695906432748538
588,1,290,78,212,26.54,95,25,70,27.0,4764712,1263496,2320888,610760,7,0,51,10,0,250421-212343_Run_155_Idx_54015,390,0,5e-05,20000000,47647120.0,12634960.0,23208880.0,6107600.0,0.7310344827586207,0.7368421052631579
589,1,320,94,226,22.14,171,49,122,21.15,1292608,339864,1141264,295872,4,0,51,10,0,250421-225041_Run_1806_Idx_85321,4520,0,5e-05,20000000,12926080.0,3398640.0,11412640.0,2958720.0,0.70625,0.7134502923976608
590,1,320,113,207,21.49,304,108,196,22.45,346144,93472,983992,279672,2,0,51,10,0,250421-220224_Run_1161_Idx_50163,2910,0,5e-05,20000000,3461440.0,934720.0,9839920.0,2796720.0,0.646875,0.6447368421052632
591,1,290,78,212,23.59,95,25,70,19.95,3144584,837064,85232,22304,7,0,51,10,0,250421-225053_Run_1883_Idx_54015,4710,0,5e-05,20000000,31445840.0,8370640.0,852320.0,223040.0,0.7310344827586207,0.7368421052631579
592,1,320,98,222,22.79,304,97,207,23.32,365216,95672,1040464,286864,2,0,51,10,0,250421-223631_Run_1697_Idx_64418,4250,0,5e-05,20000000,3652160.0,956720.0,10404640.0,2868640.0,0.69375,0.680921052631579
593,1,320,97,223,23.9,304,101,203,23.64,410240,110080,1079560,309128,2,0,51,10,0,250421-220745_Run_1509_Idx_73592,3780,0,5e-05,20000000,4102400.0,1100800.0,10795600.0,3091280.0,0.696875,0.6677631578947368
594,1,320,90,230,24.72,171,45,126,27.0,1692264,440864,1975848,519960,4,0,51,10,0,250421-211333_Run_886_Idx_55677,2220,0,5e-05,20000000,16922640.0,4408640.0,19758480.0,5199600.0,0.71875,0.7368421052631579
595,1,160,43,117,23.34,38,10,28,25.58,3643584,953904,1913008,479184,14,0,51,10,0,250421-223539_Run_1576_Idx_22272,3940,0,5e-05,20000000,36435840.0,9539040.0,19130080.0,4791840.0,0.73125,0.7368421052631579
596,1,320,93,227,23.26,171,45,126,27.0,1498952,392656,1975848,519960,4,0,51,10,0,250421-225422_Run_1830_Idx_3770,4580,0,5e-05,20000000,14989520.0,3926560.0,19758480.0,5199600.0,0.709375,0.7368421052631579
597,1,160,44,116,25.01,38,12,26,24.16,4582168,1225896,1682736,482912,14,0,51,10,0,250421-213222_Run_496_Idx_63537,1240,0,5e-05,20000000,45821680.0,12258960.0,16827360.0,4829120.0,0.725,0.6842105263157895
598,1,290,89,201,20.59,95,30,65,22.17,3377992,895744,1917848,497912,7,0,51,10,0,250421-213514_Run_847_Idx_58974,2120,0,5e-05,20000000,33779920.0,8957440.0,19178480.0,4979120.0,0.6931034482758621,0.6842105263157895
599,1,290,86,204,24.47,95,25,70,27.0,4148392,1133000,2320888,610760,7,0,51,10,0,250421-210952_Run_655_Idx_7287,1640,0,5e-05,20000000,41483920.0,11330000.0,23208880.0,6107600.0,0.7034482758620689,0.7368421052631579
600,1,160,43,117,20.31,38,10,28,19.89,3051456,815472,991920,248912,14,0,51,10,0,250421-224813_Run_1872_Idx_13114,4680,0,5e-05,20000000,30514560.0,8154720.0,9919200.0,2489120.0,0.73125,0.7368421052631579
601,1,160,43,117,26.26,38,10,28,25.58,4939648,1287520,1913008,479184,14,0,51,10,0,250421-222849_Run_1176_Idx_27734,2940,0,5e-05,20000000,49396480.0,12875200.0,19130080.0,4791840.0,0.73125,0.7368421052631579
602,1,320,91,229,24.71,171,50,121,24.63,1705136,449056,1480808,397592,4,0,51,10,0,250421-222114_Run_1130_Idx_95140,2830,0,5e-05,20000000,17051360.0,4490560.0,14808080.0,3975920.0,0.715625,0.7076023391812866
603,1,320,80,240,26.5,304,103,201,23.54,479744,119936,1114312,292024,2,0,51,10,0,250421-211807_Run_521_Idx_42951,1310,0,5e-05,20000000,4797440.0,1199360.0,11143120.0,2920240.0,0.75,0.6611842105263158
604,1,320,89,231,24.65,304,102,202,23.18,420248,109256,1014400,283200,2,0,51,10,0,250421-215817_Run_1345_Idx_2852,3370,0,5e-05,20000000,4202480.0,1092560.0,10144000.0,2832000.0,0.721875,0.6644736842105263
605,1,290,79,211,23.11,95,26,69,22.49,3190152,849264,1443872,388880,7,0,51,10,0,250421-222546_Run_1299_Idx_44243,3250,0,5e-05,20000000,31901520.0,8492640.0,14438720.0,3888800.0,0.7275862068965517,0.7263157894736842
606,1,320,80,240,26.52,171,45,126,27.0,1942144,485536,1975848,519960,4,0,51,10,0,250421-223735_Run_1542_Idx_40035,3860,0,5e-05,20000000,19421440.0,4855360.0,19758480.0,5199600.0,0.75,0.7368421052631579
607,1,160,43,117,23.38,38,10,28,21.32,3302944,868744,991920,248912,14,0,51,10,0,250421-224106_Run_1628_Idx_1820,4070,0,5e-05,20000000,33029440.0,8687440.0,9919200.0,2489120.0,0.73125,0.7368421052631579
608,1,320,89,231,25.19,171,45,126,27.0,1642664,426152,1975848,519960,4,0,51,10,0,250421-222442_Run_1062_Idx_25126,2660,0,5e-05,20000000,16426640.0,4261520.0,19758480.0,5199600.0,0.721875,0.7368421052631579
609,1,290,78,212,20.2,95,25,70,19.89,2101032,563336,548368,138088,7,0,51,10,0,250421-224520_Run_1651_Idx_42567,4130,0,5e-05,20000000,21010320.0,5633360.0,5483680.0,1380880.0,0.7310344827586207,0.7368421052631579
610,1,320,80,240,26.6,304,98,206,23.52,487424,121856,1092592,313064,2,0,51,10,0,250421-223731_Run_1665_Idx_62319,4170,0,5e-05,20000000,4874240.0,1218560.0,10925920.0,3130640.0,0.75,0.6776315789473685
611,1,320,80,240,26.65,304,80,224,27.0,494080,123520,1361920,358400,2,0,51,10,0,250421-214942_Run_113_Idx_71618,290,0,5e-05,20000000,4940800.0,1235200.0,13619200.0,3584000.0,0.75,0.7368421052631579
612,1,320,97,223,21.95,171,53,118,22.58,1403720,386968,1179608,341672,4,0,51,10,0,250421-224553_Run_1650_Idx_5760,4130,0,5e-05,20000000,14037200.0,3869680.0,11796080.0,3416720.0,0.696875,0.6900584795321637
613,1,160,43,117,23.75,38,10,28,25.58,3940792,1072400,1797872,479184,14,0,51,10,0,250421-222926_Run_1556_Idx_60828,3890,0,5e-05,20000000,39407920.0,10724000.0,17978720.0,4791840.0,0.73125,0.7368421052631579
614,1,160,43,117,21.32,38,10,28,14.37,3599176,912984,70832,18640,14,0,51,10,0,250421-230337_Run_2000_Idx_82007,5000,0,5e-05,20000000,35991760.0,9129840.0,708320.0,186400.0,0.73125,0.7368421052631579
615,1,320,80,240,26.18,171,52,119,25.58,1915904,478976,1659848,459720,4,0,51,10,0,250421-211602_Run_406_Idx_77007,1020,0,5e-05,20000000,19159040.0,4789760.0,16598480.0,4597200.0,0.75,0.695906432748538
616,1,320,80,240,26.48,171,45,126,27.0,1915904,478976,1975848,519960,4,0,51,10,0,250421-205029_Run_454_Idx_33009,1140,0,5e-05,20000000,19159040.0,4789760.0,19758480.0,5199600.0,0.75,0.7368421052631579
617,1,160,43,117,23.22,38,10,28,24.16,3979360,1072248,1797872,479184,14,0,51,10,0,250421-224807_Run_1856_Idx_46277,4640,0,5e-05,20000000,39793600.0,10722480.0,17978720.0,4791840.0,0.73125,0.7368421052631579
618,1,320,80,240,26.52,171,63,108,23.72,1942144,485536,1595944,481480,4,0,51,10,0,250421-214234_Run_598_Idx_85321,1500,0,5e-05,20000000,19421440.0,4855360.0,15959440.0,4814800.0,0.75,0.631578947368421
619,1,320,80,240,26.48,171,60,111,23.06,1915904,478976,1414792,387880,4,0,51,10,0,250421-213959_Run_722_Idx_26582,1810,0,5e-05,20000000,19159040.0,4789760.0,14147920.0,3878800.0,0.75,0.6491228070175439
620,1,320,80,240,26.48,171,63,108,24.16,1942144,485536,1774456,526552,4,0,51,10,0,250421-204257_Run_98_Idx_85157,250,0,5e-05,20000000,19421440.0,4855360.0,17744560.0,5265520.0,0.75,0.631578947368421
621,1,160,44,116,26.09,38,12,26,25.58,5395728,1447728,2143280,598048,14,0,51,10,0,250421-213454_Run_136_Idx_41032,340,0,5e-05,20000000,53957280.0,14477280.0,21432800.0,5980480.0,0.725,0.6842105263157895
622,1,320,80,240,26.56,171,45,126,27.0,1942144,485536,1975848,519960,4,0,51,10,0,250421-212635_Run_150_Idx_48165,380,0,5e-05,20000000,19421440.0,4855360.0,19758480.0,5199600.0,0.75,0.7368421052631579
623,1,160,43,117,23.32,38,10,28,24.47,3898096,1012320,1797872,479184,14,0,51,10,0,250421-215519_Run_1232_Idx_27734,3080,0,5e-05,20000000,38980960.0,10123200.0,17978720.0,4791840.0,0.73125,0.7368421052631579
624,1,290,80,210,25.24,95,25,70,25.58,4062792,1111032,1848216,492592,7,0,51,10,0,250421-223003_Run_1235_Idx_48914,3090,0,5e-05,20000000,40627920.0,11110320.0,18482160.0,4925920.0,0.7241379310344828,0.7368421052631579
625,1,160,46,114,25.12,38,11,27,24.32,5060184,1372048,1740304,481048,14,0,51,10,0,250421-211707_Run_404_Idx_65755,1010,0,5e-05,20000000,50601840.0,13720480.0,17403040.0,4810480.0,0.7125,0.7105263157894737
626,1,160,43,117,22.66,38,10,28,21.53,3742976,1013152,1337328,364048,14,0,51,10,0,250421-221129_Run_1440_Idx_22272,3600,0,5e-05,20000000,37429760.0,10131520.0,13373280.0,3640480.0,0.73125,0.7368421052631579
627,1,320,93,227,25.01,171,45,126,27.0,1714664,450792,1975848,519960,4,0,51,10,0,250421-211026_Run_654_Idx_37002,1640,0,5e-05,20000000,17146640.0,4507920.0,19758480.0,5199600.0,0.709375,0.7368421052631579
628,1,160,43,117,24.86,38,10,28,25.58,4529760,1209848,1797872,479184,14,0,51,10,0,250421-204955_Run_812_Idx_46277,2030,0,5e-05,20000000,45297600.0,12098480.0,17978720.0,4791840.0,0.73125,0.7368421052631579
629,1,290,78,212,25.29,95,25,70,25.58,4131752,1105256,1848216,492592,7,0,51,10,0,250421-215658_Run_1347_Idx_46758,3370,0,5e-05,20000000,41317520.0,11052560.0,18482160.0,4925920.0,0.7310344827586207,0.7368421052631579
630,1,290,85,205,23.21,95,28,67,23.04,3634792,978112,1764288,497016,7,0,51,10,0,250421-222149_Run_1067_Idx_98935,2670,0,5e-05,20000000,36347920.0,9781120.0,17642880.0,4970160.0,0.7068965517241379,0.7052631578947368
631,1,320,80,240,26.6,304,80,224,27.0,487424,121856,1361920,358400,2,0,51,10,0,250421-214130_Run_245_Idx_29121,620,0,5e-05,20000000,4874240.0,1218560.0,13619200.0,3584000.0,0.75,0.7368421052631579
632,1,320,117,203,19.5,304,112,192,20.96,292856,84024,914488,262840,2,0,51,10,0,250421-223041_Run_1677_Idx_2487,4200,0,5e-05,20000000,2928560.0,840240.0,9144880.0,2628400.0,0.634375,0.631578947368421
633,1,320,87,233,20.48,171,48,123,23.57,1310640,337688,1080616,293200,4,0,51,10,0,250421-225342_Run_1878_Idx_5578,4700,0,5e-05,20000000,13106400.0,3376880.0,10806160.0,2932000.0,0.728125,0.7192982456140351
634,1,320,80,240,26.41,171,57,114,22.33,1880192,470048,1315616,374144,4,0,51,10,0,250421-222840_Run_1294_Idx_2378,3240,0,5e-05,20000000,18801920.0,4700480.0,13156160.0,3741440.0,0.75,0.6666666666666666
635,1,320,103,217,23.26,171,52,119,25.43,1548384,429928,1732616,477912,4,0,51,10,0,250421-215048_Run_822_Idx_7071,2060,0,5e-05,20000000,15483840.0,4299280.0,17326160.0,4779120.0,0.678125,0.695906432748538
636,1,290,78,212,26.59,95,25,70,27.0,4720392,1265256,2320888,610760,7,0,51,10,0,250421-203942_Run_51_Idx_42567,130,0,5e-05,20000000,47203920.0,12652560.0,23208880.0,6107600.0,0.7310344827586207,0.7368421052631579
637,1,290,81,209,24.83,95,27,68,24.04,3891592,1060480,2000592,548640,7,0,51,10,0,250421-220512_Run_1095_Idx_2788,2740,0,5e-05,20000000,38915920.0,10604800.0,20005920.0,5486400.0,0.7206896551724138,0.7157894736842105
638,1,320,106,214,21.92,171,55,116,23.56,1401040,378832,1448608,395408,4,0,51,10,0,250421-212056_Run_990_Idx_44425,2480,0,5e-05,20000000,14010400.0,3788320.0,14486080.0,3954080.0,0.66875,0.6783625730994152
639,1,320,80,240,26.5,304,96,208,25.58,479744,119936,1292416,360576,2,0,51,10,0,250421-204030_Run_37_Idx_72648,100,0,5e-05,20000000,4797440.0,1199360.0,12924160.0,3605760.0,0.75,0.6842105263157895
640,1,160,43,117,23.5,38,10,28,25.58,4013912,1031480,1797872,479184,14,0,51,10,0,250421-230326_Run_1980_Idx_82007,4950,0,5e-05,20000000,40139120.0,10314800.0,17978720.0,4791840.0,0.73125,0.7368421052631579
641,1,320,89,231,25.21,171,45,126,27.0,1643528,426152,1975848,519960,4,0,51,10,0,250421-221153_Run_1146_Idx_93587,2870,0,5e-05,20000000,16435280.0,4261520.0,19758480.0,5199600.0,0.721875,0.7368421052631579
642,1,320,90,230,24.68,304,92,212,23.98,425072,110928,1053496,281840,2,0,51,10,0,250421-221307_Run_1321_Idx_90655,3310,0,5e-05,20000000,4250720.0,1109280.0,10534960.0,2818400.0,0.71875,0.6973684210526315
643,1,160,43,117,26.26,38,10,28,27.0,4958752,1328496,2258416,594320,14,0,51,10,0,250421-213039_Run_380_Idx_27734,950,0,5e-05,20000000,49587520.0,13284960.0,22584160.0,5943200.0,0.73125,0.7368421052631579
644,1,290,78,212,26.31,95,25,70,27.0,4696232,1246376,2320888,610760,7,0,51,10,0,250421-220012_Run_1103_Idx_67176,2760,0,5e-05,20000000,46962320.0,12463760.0,23208880.0,6107600.0,0.7310344827586207,0.7368421052631579
645,1,290,78,212,26.54,95,25,70,27.0,4764712,1263496,2320888,610760,7,0,51,10,0,250421-224247_Run_1595_Idx_3654,3990,0,5e-05,20000000,47647120.0,12634960.0,23208880.0,6107600.0,0.7310344827586207,0.7368421052631579
646,1,320,80,240,26.65,304,80,224,27.0,494080,123520,1361920,358400,2,0,51,10,0,250421-212841_Run_621_Idx_24085,1560,0,5e-05,20000000,4940800.0,1235200.0,13619200.0,3584000.0,0.75,0.7368421052631579
647,1,320,88,232,22.25,171,55,116,20.71,1507248,383344,1001256,278976,4,0,51,10,0,250421-222826_Run_1354_Idx_79337,3390,0,5e-05,20000000,15072480.0,3833440.0,10012560.0,2789760.0,0.725,0.6783625730994152
648,1,290,79,211,25.94,95,28,67,25.58,4611112,1243024,2288040,628296,7,0,51,10,0,250421-210826_Run_539_Idx_75108,1350,0,5e-05,20000000,46111120.0,12430240.0,22880400.0,6282960.0,0.7275862068965517,0.7052631578947368
649,1,320,95,225,23.64,304,91,213,25.58,391304,104816,1227256,338176,2,0,51,10,0,250421-220314_Run_1337_Idx_75643,3350,0,5e-05,20000000,3913040.0,1048160.0,12272560.0,3381760.0,0.703125,0.7006578947368421
650,1,290,78,212,24.04,95,28,67,21.95,3720872,1002536,1524464,417368,7,0,51,10,0,250421-222803_Run_1295_Idx_52312,3240,0,5e-05,20000000,37208720.0,10025360.0,15244640.0,4173680.0,0.7310344827586207,0.7052631578947368
651,1,320,80,240,26.6,304,80,224,27.0,487424,121856,1361920,358400,2,0,51,10,0,250421-213137_Run_261_Idx_29121,660,0,5e-05,20000000,4874240.0,1218560.0,13619200.0,3584000.0,0.75,0.7368421052631579
652,1,320,103,217,21.82,304,97,207,23.66,367048,100872,1140376,312928,2,0,51,10,0,250421-224652_Run_1813_Idx_39045,4540,0,5e-05,20000000,3670480.0,1008720.0,11403760.0,3129280.0,0.678125,0.680921052631579
653,1,290,80,210,23.14,95,26,69,24.16,3419272,941592,1495016,415136,7,0,51,10,0,250421-220326_Run_1219_Idx_38204,3050,0,5e-05,20000000,34192720.0,9415920.0,14950160.0,4151360.0,0.7241379310344828,0.7263157894736842
654,1,290,82,208,24.94,95,27,68,25.58,4165512,1112648,2072320,546880,7,0,51,10,0,250421-210419_Run_903_Idx_18976,2260,0,5e-05,20000000,41655120.0,11126480.0,20723200.0,5468800.0,0.7172413793103448,0.7157894736842105
655,1,320,80,240,26.1,171,50,121,24.06,1915904,478976,1296656,357160,4,0,51,10,0,250421-221904_Run_1490_Idx_89047,3730,0,5e-05,20000000,19159040.0,4789760.0,12966560.0,3571600.0,0.75,0.7076023391812866
656,1,160,43,117,23.46,38,10,28,22.74,3713808,986272,1337328,364048,14,0,51,10,0,250421-222512_Run_1300_Idx_1820,3250,0,5e-05,20000000,37138080.0,9862720.0,13373280.0,3640480.0,0.73125,0.7368421052631579
657,1,290,78,212,20.96,95,25,70,25.29,3001352,767016,1966384,492592,7,0,51,10,0,250421-225535_Run_1939_Idx_3654,4850,0,5e-05,20000000,30013520.0,7670160.0,19663840.0,4925920.0,0.7310344827586207,0.7368421052631579
658,1,320,91,229,24.45,304,104,200,21.23,437576,114520,918832,240032,2,0,51,10,0,250421-221208_Run_1205_Idx_72041,3020,0,5e-05,20000000,4375760.0,1145200.0,9188320.0,2400320.0,0.715625,0.6578947368421053
659,1,160,43,117,20.96,38,10,28,21.58,3395832,896984,1346224,366272,14,0,51,10,0,250421-220100_Run_1400_Idx_46277,3500,0,5e-05,20000000,33958320.0,8969840.0,13462240.0,3662720.0,0.73125,0.7368421052631579
660,1,160,44,116,26.33,38,10,28,27.0,5118944,1368544,2258416,594320,14,0,51,10,0,250421-203944_Run_64_Idx_60379,160,0,5e-05,20000000,51189440.0,13685440.0,22584160.0,5943200.0,0.725,0.7368421052631579
661,1,320,107,213,23.55,304,92,212,25.58,397600,110776,1257664,342656,2,0,51,10,0,250421-211920_Run_993_Idx_41966,2490,0,5e-05,20000000,3976000.0,1107760.0,12576640.0,3426560.0,0.665625,0.6973684210526315
662,1,160,43,117,15.74,38,10,28,10.37,2152960,581248,70832,18640,14,0,51,10,0,250421-223752_Run_1604_Idx_87442,4010,0,5e-05,20000000,21529600.0,5812480.0,708320.0,186400.0,0.73125,0.7368421052631579
663,1,160,43,117,24.07,38,10,28,22.74,3989976,1084696,1337328,364048,14,0,51,10,0,250421-224524_Run_1620_Idx_1820,4050,0,5e-05,20000000,39899760.0,10846960.0,13373280.0,3640480.0,0.73125,0.7368421052631579
664,1,320,80,240,26.65,304,106,198,23.09,494080,123520,1075216,292432,2,0,51,10,0,250421-205217_Run_1045_Idx_22932,2620,0,5e-05,20000000,4940800.0,1235200.0,10752160.0,2924320.0,0.75,0.6513157894736842
665,1,290,85,205,24.85,95,34,61,22.52,4011912,1093792,1920064,541288,7,0,51,10,0,250421-214251_Run_479_Idx_54633,1200,0,5e-05,20000000,40119120.0,10937920.0,19200640.0,5412880.0,0.7068965517241379,0.6421052631578947
666,1,320,80,240,26.48,171,45,126,27.0,1915904,478976,1975848,519960,4,0,51,10,0,250421-204031_Run_50_Idx_33009,130,0,5e-05,20000000,19159040.0,4789760.0,19758480.0,5199600.0,0.75,0.7368421052631579
667,1,320,90,230,21.69,171,52,119,20.87,1244368,325376,1093032,283432,4,0,51,10,0,250421-224451_Run_1682_Idx_94378,4210,0,5e-05,20000000,12443680.0,3253760.0,10930320.0,2834320.0,0.71875,0.695906432748538
668,1,290,78,212,20.48,95,26,69,20.35,3206792,818376,1496448,375768,7,0,51,10,0,250421-224530_Run_1783_Idx_66629,4460,0,5e-05,20000000,32067920.0,8183760.0,14964480.0,3757680.0,0.7310344827586207,0.7263157894736842
669,1,290,78,212,21.6,95,25,70,21.4,2922792,768776,1493712,374424,7,0,51,10,0,250421-224627_Run_1679_Idx_10643,4200,0,5e-05,20000000,29227920.0,7687760.0,14937120.0,3744240.0,0.7310344827586207,0.7368421052631579
670,1,290,82,208,24.73,95,25,70,25.58,3796360,1029256,1848216,492592,7,0,51,10,0,250421-222445_Run_1183_Idx_12160,2960,0,5e-05,20000000,37963600.0,10292560.0,18482160.0,4925920.0,0.7172413793103448,0.7368421052631579
671,1,290,78,212,25.62,95,25,70,27.0,4268232,1126536,2320888,610760,7,0,51,10,0,250421-224505_Run_1591_Idx_3654,3980,0,5e-05,20000000,42682320.0,11265360.0,23208880.0,6107600.0,0.7310344827586207,0.7368421052631579
672,1,320,80,240,26.5,171,45,126,27.0,1942144,485536,1975848,519960,4,0,51,10,0,250421-204444_Run_82_Idx_80127,210,0,5e-05,20000000,19421440.0,4855360.0,19758480.0,5199600.0,0.75,0.7368421052631579
673,1,320,80,240,26.42,171,45,126,27.0,1915904,478976,1975848,519960,4,0,51,10,0,250421-212751_Run_742_Idx_54611,1860,0,5e-05,20000000,19159040.0,4789760.0,19758480.0,5199600.0,0.75,0.7368421052631579
674,1,320,90,230,21.67,171,55,116,19.49,1378800,359992,1064584,280680,4,0,51,10,0,250421-223432_Run_1610_Idx_23474,4030,0,5e-05,20000000,13788000.0,3599920.0,10645840.0,2806800.0,0.71875,0.6783625730994152
675,1,320,96,224,25.3,304,80,224,27.0,468352,124544,1361920,358400,2,0,51,10,0,250421-211550_Run_169_Idx_52739,430,0,5e-05,20000000,4683520.0,1245440.0,13619200.0,3584000.0,0.7,0.7368421052631579
676,1,320,90,230,25.12,171,52,119,23.79,1667048,434344,1458976,394112,4,0,51,10,0,250421-211433_Run_1002_Idx_45405,2510,0,5e-05,20000000,16670480.0,4343440.0,14589760.0,3941120.0,0.71875,0.695906432748538
677,1,290,83,207,24.7,95,26,69,25.58,3891592,1044976,2018896,519736,7,0,51,10,0,250421-215503_Run_1111_Idx_60040,2780,0,5e-05,20000000,38915920.0,10449760.0,20188960.0,5197360.0,0.7137931034482758,0.7263157894736842
678,1,290,78,212,22.92,95,25,70,21.36,3453512,939976,1375544,374424,7,0,51,10,0,250421-223605_Run_1759_Idx_91797,4400,0,5e-05,20000000,34535120.0,9399760.0,13755440.0,3744240.0,0.7310344827586207,0.7368421052631579
679,1,320,80,240,26.65,304,90,214,25.58,494080,123520,1214224,333696,2,0,51,10,0,250421-215856_Run_1105_Idx_27621,2770,0,5e-05,20000000,4940800.0,1235200.0,12142240.0,3336960.0,0.75,0.7039473684210527
680,1,290,84,206,22.72,95,27,68,24.2,3600552,977304,1892048,521504,7,0,51,10,0,250421-212022_Run_991_Idx_50435,2480,0,5e-05,20000000,36005520.0,9773040.0,18920480.0,5215040.0,0.7103448275862069,0.7157894736842105
681,1,320,80,240,26.56,171,45,126,27.0,1942144,485536,1975848,519960,4,0,51,10,0,250421-204929_Run_218_Idx_48165,550,0,5e-05,20000000,19421440.0,4855360.0,19758480.0,5199600.0,0.75,0.7368421052631579
682,1,160,44,116,24.88,38,11,27,25.58,4389248,1151720,2028144,538616,14,0,51,10,0,250421-205129_Run_452_Idx_59102,1130,0,5e-05,20000000,43892480.0,11517200.0,20281440.0,5386160.0,0.725,0.7105263157894737
683,1,290,81,209,23.28,95,27,68,22.86,3583432,923520,1494624,376200,7,0,51,10,0,250421-220107_Run_1163_Idx_90023,2910,0,5e-05,20000000,35834320.0,9235200.0,14946240.0,3762000.0,0.7206896551724138,0.7157894736842105
684,1,320,80,240,26.5,171,45,126,27.0,1942144,485536,1975848,519960,4,0,51,10,0,250421-204222_Run_86_Idx_80127,220,0,5e-05,20000000,19421440.0,4855360.0,19758480.0,5199600.0,0.75,0.7368421052631579
685,1,290,81,209,25.52,95,25,70,27.0,4114152,1128960,2320888,610760,7,0,51,10,0,250421-221600_Run_1139_Idx_68411,2850,0,5e-05,20000000,41141520.0,11289600.0,23208880.0,6107600.0,0.7206896551724138,0.7368421052631579
686,1,160,43,117,23.98,38,10,28,27.0,4292016,1110800,2258416,594320,14,0,51,10,0,250421-221300_Run_1264_Idx_82007,3160,0,5e-05,20000000,42920160.0,11108000.0,22584160.0,5943200.0,0.73125,0.7368421052631579
687,1,320,80,240,26.15,171,60,111,24.32,1915904,478976,1481336,435296,4,0,51,10,0,250421-212617_Run_270_Idx_94268,680,0,5e-05,20000000,19159040.0,4789760.0,14813360.0,4352960.0,0.75,0.6491228070175439
688,1,320,80,240,26.65,304,80,224,27.0,494080,123520,1361920,358400,2,0,51,10,0,250421-210243_Run_193_Idx_71618,490,0,5e-05,20000000,4940800.0,1235200.0,13619200.0,3584000.0,0.75,0.7368421052631579
689,1,320,97,223,23.55,171,54,117,24.79,1516080,409496,1611680,456944,4,0,51,10,0,250421-213432_Run_966_Idx_58525,2420,0,5e-05,20000000,15160800.0,4094960.0,16116800.0,4569440.0,0.696875,0.6842105263157895
690,1,290,81,209,26.21,95,25,70,27.0,4600552,1250560,2320888,610760,7,0,51,10,0,250421-205617_Run_443_Idx_38204,1110,0,5e-05,20000000,46005520.0,12505600.0,23208880.0,6107600.0,0.7206896551724138,0.7368421052631579
691,1,160,43,117,26.22,38,10,28,27.0,5198296,1386776,2258416,594320,14,0,51,10,0,250421-204821_Run_696_Idx_87442,1740,0,5e-05,20000000,51982960.0,13867760.0,22584160.0,5943200.0,0.73125,0.7368421052631579
692,1,160,43,117,24.22,38,10,28,24.26,4724312,1229104,1797872,479184,14,0,51,10,0,250421-230154_Run_1928_Idx_87442,4820,0,5e-05,20000000,47243120.0,12291040.0,17978720.0,4791840.0,0.73125,0.7368421052631579
693,1,160,43,117,24.72,38,10,28,27.0,4647896,1249176,2258416,594320,14,0,51,10,0,250421-215529_Run_1172_Idx_87442,2930,0,5e-05,20000000,46478960.0,12491760.0,22584160.0,5943200.0,0.73125,0.7368421052631579
694,1,160,43,117,21.12,38,10,28,21.42,3173472,797200,1452464,364048,14,0,51,10,0,250421-224649_Run_1796_Idx_22272,4490,0,5e-05,20000000,31734720.0,7972000.0,14524640.0,3640480.0,0.73125,0.7368421052631579
695,1,320,101,219,24.2,171,51,120,25.58,1601608,436032,1727792,473432,4,0,51,10,0,250421-215252_Run_582_Idx_5084,1460,0,5e-05,20000000,16016080.0,4360320.0,17277920.0,4734320.0,0.684375,0.7017543859649122
696,1,290,83,207,23.01,95,30,65,24.19,3877160,1011408,1947552,550952,7,0,51,10,0,250421-205511_Run_683_Idx_54773,1710,0,5e-05,20000000,38771600.0,10114080.0,19475520.0,5509520.0,0.7137931034482758,0.6842105263157895
697,1,160,43,117,22.39,38,10,28,21.32,3333440,876368,1452464,364048,14,0,51,10,0,250421-221101_Run_1384_Idx_46277,3460,0,5e-05,20000000,33334400.0,8763680.0,14524640.0,3640480.0,0.73125,0.7368421052631579
698,1,320,80,240,26.5,304,94,210,25.58,479744,119936,1266352,351616,2,0,51,10,0,250421-214919_Run_469_Idx_31863,1180,0,5e-05,20000000,4797440.0,1199360.0,12663520.0,3516160.0,0.75,0.6907894736842105
699,1,160,43,117,25.49,38,10,28,24.26,4764808,1268416,1797872,479184,14,0,51,10,0,250421-224635_Run_1740_Idx_13114,4350,0,5e-05,20000000,47648080.0,12684160.0,17978720.0,4791840.0,0.73125,0.7368421052631579
700,1,320,94,226,25.3,304,80,224,27.0,458704,121200,1361920,358400,2,0,51,10,0,250421-210321_Run_905_Idx_35818,2270,0,5e-05,20000000,4587040.0,1212000.0,13619200.0,3584000.0,0.70625,0.7368421052631579
701,1,320,92,228,22.55,171,53,118,24.0,1458480,380256,1531928,430224,4,0,51,10,0,250421-222121_Run_1250_Idx_43829,3130,0,5e-05,20000000,14584800.0,3802560.0,15319280.0,4302240.0,0.7125,0.6900584795321637
702,1,290,81,209,25.19,95,25,70,25.58,4011432,1077600,1848216,492592,7,0,51,10,0,250421-220243_Run_1099_Idx_53495,2750,0,5e-05,20000000,40114320.0,10776000.0,18482160.0,4925920.0,0.7206896551724138,0.7368421052631579
703,1,160,43,117,26.5,38,10,28,27.0,5277976,1406696,2258416,594320,14,0,51,10,0,250421-210012_Run_792_Idx_46277,1980,0,5e-05,20000000,52779760.0,14066960.0,22584160.0,5943200.0,0.73125,0.7368421052631579
704,1,320,107,213,21.28,171,60,111,22.05,1287280,366144,1257176,374440,4,0,51,10,0,250421-214915_Run_942_Idx_33907,2360,0,5e-05,20000000,12872800.0,3661440.0,12571760.0,3744400.0,0.665625,0.6491228070175439
705,1,320,80,240,25.7,171,63,108,22.47,1915904,478976,1457816,446504,4,0,51,10,0,250421-221605_Run_1198_Idx_35030,3000,0,5e-05,20000000,19159040.0,4789760.0,14578160.0,4465040.0,0.75,0.631578947368421
706,1,320,80,240,26.65,304,80,224,27.0,494080,123520,1361920,358400,2,0,51,10,0,250421-224358_Run_1593_Idx_24085,3990,0,5e-05,20000000,4940800.0,1235200.0,13619200.0,3584000.0,0.75,0.7368421052631579
707,1,320,80,240,26.2,304,93,211,25.58,487424,121856,1253320,347136,2,0,51,10,0,250421-211638_Run_405_Idx_1042,1020,0,5e-05,20000000,4874240.0,1218560.0,12533200.0,3471360.0,0.75,0.694078947368421
708,1,290,81,209,25.67,95,25,70,24.16,4576392,1214560,1493712,374424,7,0,51,10,0,250421-221932_Run_1071_Idx_53495,2680,0,5e-05,20000000,45763920.0,12145600.0,14937120.0,3744240.0,0.7206896551724138,0.7368421052631579
709,1,320,106,214,22.5,171,61,110,24.16,1370144,396968,1603744,472112,4,0,51,10,0,250421-205819_Run_558_Idx_6610,1400,0,5e-05,20000000,13701440.0,3969680.0,16037440.0,4721120.0,0.66875,0.6432748538011696
710,1,160,43,117,26.44,38,10,28,27.0,5090776,1359896,2258416,594320,14,0,51,10,0,250421-210123_Run_552_Idx_1820,1380,0,5e-05,20000000,50907760.0,13598960.0,22584160.0,5943200.0,0.73125,0.7368421052631579
711,1,320,80,240,26.56,171,45,126,27.0,1942144,485536,1975848,519960,4,0,51,10,0,250421-204142_Run_22_Idx_48165,60,0,5e-05,20000000,19421440.0,4855360.0,19758480.0,5199600.0,0.75,0.7368421052631579
712,1,320,80,240,26.38,171,47,124,21.57,1915904,478976,1217856,308744,4,0,51,10,0,250421-224703_Run_1858_Idx_11559,4650,0,5e-05,20000000,19159040.0,4789760.0,12178560.0,3087440.0,0.75,0.7251461988304093
713,1,160,43,117,26.5,38,10,28,27.0,5078216,1346768,2258416,594320,14,0,51,10,0,250421-203944_Run_12_Idx_13114,30,0,5e-05,20000000,50782160.0,13467680.0,22584160.0,5943200.0,0.73125,0.7368421052631579
714,1,320,90,230,24.41,304,80,224,27.0,368432,96768,1361920,358400,2,0,51,10,0,250421-230004_Run_1945_Idx_3348,4870,0,5e-05,20000000,3684320.0,967680.0,13619200.0,3584000.0,0.71875,0.7368421052631579
715,1,320,80,240,26.56,171,45,126,27.0,1942144,485536,1975848,519960,4,0,51,10,0,250421-203859_Run_26_Idx_48165,70,0,5e-05,20000000,19421440.0,4855360.0,19758480.0,5199600.0,0.75,0.7368421052631579
716,1,290,78,212,21.07,95,25,70,24.16,2641832,698536,1493712,374424,7,0,51,10,0,250421-215934_Run_1459_Idx_96012,3650,0,5e-05,20000000,26418320.0,6985360.0,14937120.0,3744240.0,0.7310344827586207,0.7368421052631579
717,1,320,93,227,24.05,304,112,192,21.87,447224,117864,1010056,280216,2,0,51,10,0,250421-205343_Run_805_Idx_68847,2020,0,5e-05,20000000,4472240.0,1178640.0,10100560.0,2802160.0,0.709375,0.631578947368421
718,1,160,43,117,23.59,38,10,28,22.74,3940184,1072248,1337328,364048,14,0,51,10,0,250421-215829_Run_1404_Idx_46277,3510,0,5e-05,20000000,39401840.0,10722480.0,13373280.0,3640480.0,0.73125,0.7368421052631579
719,1,160,44,116,25.26,38,11,27,25.58,4559480,1184048,2028144,538616,14,0,51,10,0,250421-212742_Run_504_Idx_61321,1260,0,5e-05,20000000,45594800.0,11840480.0,20281440.0,5386160.0,0.725,0.7105263157894737
720,1,160,43,117,23.44,38,10,28,22.74,4117568,1072400,1452464,364048,14,0,51,10,0,250421-214036_Run_956_Idx_60828,2390,0,5e-05,20000000,41175680.0,10724000.0,14524640.0,3640480.0,0.73125,0.7368421052631579
721,1,160,43,117,22.98,38,10,28,25.58,3564840,934024,1913008,479184,14,0,51,10,0,250421-225631_Run_1992_Idx_82007,4980,0,5e-05,20000000,35648400.0,9340240.0,19130080.0,4791840.0,0.73125,0.7368421052631579
722,1,160,46,114,22.98,38,10,28,24.26,3944280,1076056,1797872,479184,14,0,51,10,0,250421-211948_Run_992_Idx_42100,2480,0,5e-05,20000000,39442800.0,10760560.0,17978720.0,4791840.0,0.7125,0.7368421052631579
723,1,320,80,240,26.6,304,80,224,27.0,487424,121856,1361920,358400,2,0,51,10,0,250421-211221_Run_413_Idx_2588,1040,0,5e-05,20000000,4874240.0,1218560.0,13619200.0,3584000.0,0.75,0.7368421052631579
724,1,290,78,212,21.79,95,25,70,27.0,3087432,831336,2320888,610760,7,0,51,10,0,250421-230225_Run_1995_Idx_46758,4990,0,5e-05,20000000,30874320.0,8313360.0,23208880.0,6107600.0,0.7310344827586207,0.7368421052631579
725,1,160,43,117,21.64,38,10,28,21.32,3446120,874720,1452464,364048,14,0,51,10,0,250421-225639_Run_1964_Idx_27734,4910,0,5e-05,20000000,34461200.0,8747200.0,14524640.0,3640480.0,0.73125,0.7368421052631579
726,1,290,83,207,25.2,95,28,67,25.58,4165992,1126416,2123920,574024,7,0,51,10,0,250421-212817_Run_503_Idx_86044,1260,0,5e-05,20000000,41659920.0,11264160.0,21239200.0,5740240.0,0.7137931034482758,0.7052631578947368
727,1,320,110,210,20.2,304,103,201,20.44,310544,91616,810232,244240,2,0,51,10,0,250421-224956_Run_1869_Idx_52401,4680,0,5e-05,20000000,3105440.0,916160.0,8102320.0,2442400.0,0.65625,0.6611842105263158
728,1,160,43,117,26.61,38,10,28,27.0,5355000,1425952,2258416,594320,14,0,51,10,0,250421-204608_Run_92_Idx_60828,230,0,5e-05,20000000,53550000.0,14259520.0,22584160.0,5943200.0,0.73125,0.7368421052631579
729,1,320,80,240,26.48,171,45,126,27.0,1915904,478976,1975848,519960,4,0,51,10,0,250421-214051_Run_246_Idx_51250,620,0,5e-05,20000000,19159040.0,4789760.0,19758480.0,5199600.0,0.75,0.7368421052631579
730,1,160,43,117,26.33,38,10,28,27.0,4921512,1307592,2258416,594320,14,0,51,10,0,250421-213431_Run_256_Idx_13114,640,0,5e-05,20000000,49215120.0,13075920.0,22584160.0,5943200.0,0.73125,0.7368421052631579
731,1,320,93,227,23.62,304,80,224,27.0,389696,103080,1361920,358400,2,0,51,10,0,250421-225029_Run_1821_Idx_94751,4560,0,5e-05,20000000,3896960.0,1030800.0,13619200.0,3584000.0,0.709375,0.7368421052631579
732,1,320,80,240,26.5,171,61,110,24.19,1915904,478976,1648112,485256,4,0,51,10,0,250421-214557_Run_238_Idx_11131,600,0,5e-05,20000000,19159040.0,4789760.0,16481120.0,4852560.0,0.75,0.6432748538011696
733,1,320,80,240,26.6,304,102,202,24.51,487424,121856,1162096,335328,2,0,51,10,0,250421-210824_Run_777_Idx_42679,1950,0,5e-05,20000000,4874240.0,1218560.0,11620960.0,3353280.0,0.75,0.6644736842105263
734,1,160,43,117,20.97,38,10,28,22.74,3547096,973976,1797872,479184,14,0,51,10,0,250421-224858_Run_1792_Idx_22272,4480,0,5e-05,20000000,35470960.0,9739760.0,17978720.0,4791840.0,0.73125,0.7368421052631579
735,1,320,94,226,25.3,304,125,179,21.49,458704,121200,1066528,290672,2,0,51,10,0,250421-212238_Run_157_Idx_32126,400,0,5e-05,20000000,4587040.0,1212000.0,10665280.0,2906720.0,0.70625,0.5888157894736842
736,1,290,80,210,25.99,95,27,68,25.58,4490792,1196632,2072320,546880,7,0,51,10,0,250421-212947_Run_619_Idx_34661,1550,0,5e-05,20000000,44907920.0,11966320.0,20723200.0,5468800.0,0.7241379310344828,0.7157894736842105
737,1,290,85,205,23.12,95,34,61,24.16,3549672,973952,2182168,645856,7,0,51,10,0,250421-205748_Run_559_Idx_54633,1400,0,5e-05,20000000,35496720.0,9739520.0,21821680.0,6458560.0,0.7068965517241379,0.6421052631578947
738,1,160,43,117,26.01,38,10,28,27.0,4857400,1301552,2258416,594320,14,0,51,10,0,250421-214444_Run_476_Idx_1820,1190,0,5e-05,20000000,48574000.0,13015520.0,22584160.0,5943200.0,0.73125,0.7368421052631579
739,1,290,78,212,22.79,95,27,68,21.6,3361352,899816,1633008,443616,7,0,51,10,0,250421-220424_Run_1335_Idx_44243,3340,0,5e-05,20000000,33613520.0,8998160.0,16330080.0,4436160.0,0.7310344827586207,0.7157894736842105
740,1,320,80,240,26.2,304,95,209,23.9,487424,121856,1066528,277904,2,0,51,10,0,250421-221717_Run_1493_Idx_59589,3740,0,5e-05,20000000,4874240.0,1218560.0,10665280.0,2779040.0,0.75,0.6875
741,1,320,92,228,25.12,171,45,126,27.0,1740872,457208,1975848,519960,4,0,51,10,0,250421-221923_Run_1370_Idx_90709,3430,0,5e-05,20000000,17408720.0,4572080.0,19758480.0,5199600.0,0.7125,0.7368421052631579
742,1,290,81,209,24.37,95,26,69,25.58,4079912,1094720,2130504,574008,7,0,51,10,0,250421-221710_Run_1075_Idx_91252,2690,0,5e-05,20000000,40799120.0,10947200.0,21305040.0,5740080.0,0.7206896551724138,0.7263157894736842
743,1,290,79,211,26.4,95,25,70,27.0,4686152,1248944,2320888,610760,7,0,51,10,0,250421-211116_Run_415_Idx_87244,1040,0,5e-05,20000000,46861520.0,12489440.0,23208880.0,6107600.0,0.7275862068965517,0.7368421052631579
744,1,160,45,115,23.21,38,10,28,23.55,3813200,1009072,1682736,421616,14,0,51,10,0,250421-205306_Run_568_Idx_61321,1420,0,5e-05,20000000,38132000.0,10090720.0,16827360.0,4216160.0,0.71875,0.7368421052631579
745,1,160,43,117,25.04,38,10,28,27.0,4211504,1090672,2258416,594320,14,0,51,10,0,250421-223802_Run_1664_Idx_27734,4160,0,5e-05,20000000,42115040.0,10906720.0,22584160.0,5943200.0,0.73125,0.7368421052631579
746,1,290,78,212,24.09,95,25,70,27.0,4104072,1076936,2320888,610760,7,0,51,10,0,250421-225346_Run_1831_Idx_42567,4580,0,5e-05,20000000,41040720.0,10769360.0,23208880.0,6107600.0,0.7310344827586207,0.7368421052631579
747,1,320,80,240,26.2,304,106,198,23.11,487424,121856,1096936,292432,2,0,51,10,0,250421-204725_Run_817_Idx_50377,2050,0,5e-05,20000000,4874240.0,1218560.0,10969360.0,2924320.0,0.75,0.6513157894736842
748,1,290,78,212,26.64,95,25,70,27.0,4781832,1280616,2320888,610760,7,0,51,10,0,250421-204108_Run_23_Idx_54015,60,0,5e-05,20000000,47818320.0,12806160.0,23208880.0,6107600.0,0.7310344827586207,0.7368421052631579
749,1,320,88,232,19.86,171,50,121,19.67,1054480,271896,855688,248776,4,0,51,10,0,250421-225940_Run_1890_Idx_32348,4730,0,5e-05,20000000,10544800.0,2718960.0,8556880.0,2487760.0,0.725,0.7076023391812866
750,1,320,80,240,25.6,171,46,125,20.0,1942144,485536,1059760,291120,4,0,51,10,0,250421-225835_Run_1906_Idx_65106,4770,0,5e-05,20000000,19421440.0,4855360.0,10597600.0,2911200.0,0.75,0.7309941520467836
751,1,320,80,240,26.5,171,45,126,27.0,1915904,478976,1975848,519960,4,0,51,10,0,250421-204342_Run_6_Idx_51250,20,0,5e-05,20000000,19159040.0,4789760.0,19758480.0,5199600.0,0.75,0.7368421052631579
752,1,320,98,222,22.22,171,50,121,24.01,1219968,334656,1541432,411736,4,0,51,10,0,250421-222404_Run_1302_Idx_76054,3260,0,5e-05,20000000,12199680.0,3346560.0,15414320.0,4117360.0,0.69375,0.7076023391812866
753,1,290,79,211,26.4,95,25,70,27.0,4686376,1249168,2320888,610760,7,0,51,10,0,250421-210230_Run_431_Idx_87244,1080,0,5e-05,20000000,46863760.0,12491680.0,23208880.0,6107600.0,0.7275862068965517,0.7368421052631579
754,1,320,100,220,23.82,304,96,208,25.13,413680,113544,1205536,338856,2,0,51,10,0,250421-213510_Run_965_Idx_94238,2420,0,5e-05,20000000,4136800.0,1135440.0,12055360.0,3388560.0,0.6875,0.6842105263157895
755,1,320,80,240,26.41,171,45,126,27.0,1880192,470048,1975848,519960,4,0,51,10,0,250421-205204_Run_570_Idx_60744,1430,0,5e-05,20000000,18801920.0,4700480.0,19758480.0,5199600.0,0.75,0.7368421052631579
756,1,320,92,228,25.3,304,80,224,27.0,449056,117856,1361920,358400,2,0,51,10,0,250421-221713_Run_1257_Idx_78509,3150,0,5e-05,20000000,4490560.0,1178560.0,13619200.0,3584000.0,0.7125,0.7368421052631579
757,1,320,101,219,19.32,171,55,116,21.42,1142496,311136,1449424,387016,4,0,51,10,0,250421-221152_Run_1266_Idx_57385,3170,0,5e-05,20000000,11424960.0,3111360.0,14494240.0,3870160.0,0.684375,0.6783625730994152
758,1,320,80,240,26.56,171,45,126,27.0,1942144,485536,1975848,519960,4,0,51,10,0,250421-205136_Run_214_Idx_48165,540,0,5e-05,20000000,19421440.0,4855360.0,19758480.0,5199600.0,0.75,0.7368421052631579
759,1,160,43,117,25.66,38,10,28,25.58,4570872,1229920,1797872,479184,14,0,51,10,0,250421-210641_Run_780_Idx_46277,1950,0,5e-05,20000000,45708720.0,12299200.0,17978720.0,4791840.0,0.73125,0.7368421052631579
760,1,320,80,240,26.6,304,80,224,27.0,487424,121856,1361920,358400,2,0,51,10,0,250421-204112_Run_49_Idx_2588,130,0,5e-05,20000000,4874240.0,1218560.0,13619200.0,3584000.0,0.75,0.7368421052631579
761,1,320,80,240,26.48,171,59,112,23.08,1915904,478976,1530224,396840,4,0,51,10,0,250421-214228_Run_718_Idx_65067,1800,0,5e-05,20000000,19159040.0,4789760.0,15302240.0,3968400.0,0.75,0.6549707602339181
762,1,320,80,240,26.6,304,94,210,25.58,487424,121856,1266352,351616,2,0,51,10,0,250421-211710_Run_761_Idx_88131,1910,0,5e-05,20000000,4874240.0,1218560.0,12663520.0,3516160.0,0.75,0.6907894736842105
763,1,160,43,117,16.84,38,10,28,16.0,2463784,658760,540272,136000,14,0,51,10,0,250421-224128_Run_1720_Idx_82007,4300,0,5e-05,20000000,24637840.0,6587600.0,5402720.0,1360000.0,0.73125,0.7368421052631579
764,1,160,43,117,22.98,38,10,28,21.63,3847448,975488,1452464,364048,14,0,51,10,0,250421-220628_Run_1448_Idx_22272,3620,0,5e-05,20000000,38474480.0,9754880.0,14524640.0,3640480.0,0.73125,0.7368421052631579
765,1,320,98,222,18.97,171,55,116,19.72,1056552,294648,902032,267536,4,0,51,10,0,250421-224528_Run_1742_Idx_61490,4360,0,5e-05,20000000,10565520.0,2946480.0,9020320.0,2675360.0,0.69375,0.6783625730994152
766,1,320,91,229,23.76,171,45,126,27.0,1336624,356712,1975848,519960,4,0,51,10,0,250421-224347_Run_1654_Idx_61142,4140,0,5e-05,20000000,13366240.0,3567120.0,19758480.0,5199600.0,0.715625,0.7368421052631579
767,1,320,91,229,24.53,304,100,204,24.16,444232,116184,1170784,326368,2,0,51,10,0,250421-214730_Run_945_Idx_75965,2370,0,5e-05,20000000,4442320.0,1161840.0,11707840.0,3263680.0,0.715625,0.6710526315789473
768,1,160,43,117,23.86,38,10,28,22.74,4037280,1052328,1452464,364048,14,0,51,10,0,250421-222443_Run_1124_Idx_87442,2810,0,5e-05,20000000,40372800.0,10523280.0,14524640.0,3640480.0,0.73125,0.7368421052631579
769,1,290,78,212,21.58,95,25,70,23.11,3076872,820136,1375544,374424,7,0,51,10,0,250421-224247_Run_1747_Idx_91797,4370,0,5e-05,20000000,30768720.0,8201360.0,13755440.0,3744240.0,0.7310344827586207,0.7368421052631579
770,1,320,80,240,26.5,304,80,224,27.0,479744,119936,1361920,358400,2,0,51,10,0,250421-211350_Run_529_Idx_33396,1330,0,5e-05,20000000,4797440.0,1199360.0,13619200.0,3584000.0,0.75,0.7368421052631579
771,1,320,80,240,26.65,304,93,211,25.58,494080,123520,1253320,347136,2,0,51,10,0,250421-211724_Run_641_Idx_33852,1610,0,5e-05,20000000,4940800.0,1235200.0,12533200.0,3471360.0,0.75,0.694078947368421
772,1,320,90,230,23.02,171,48,123,25.11,1327864,350064,1636784,441800,4,0,51,10,0,250421-223214_Run_1582_Idx_53866,3960,0,5e-05,20000000,13278640.0,3500640.0,16367840.0,4418000.0,0.71875,0.7192982456140351
773,1,320,80,240,26.5,171,52,119,25.58,1942144,485536,1822576,496104,4,0,51,10,0,250421-211125_Run_890_Idx_57250,2230,0,5e-05,20000000,19421440.0,4855360.0,18225760.0,4961040.0,0.75,0.695906432748538
774,1,320,80,240,26.6,304,80,224,27.0,487424,121856,1361920,358400,2,0,51,10,0,250421-205103_Run_453_Idx_2588,1140,0,5e-05,20000000,4874240.0,1218560.0,13619200.0,3584000.0,0.75,0.7368421052631579
775,1,320,102,218,22.64,304,101,203,22.09,370264,97592,1062184,287408,2,0,51,10,0,250421-223029_Run_1585_Idx_97779,3970,0,5e-05,20000000,3702640.0,975920.0,10621840.0,2874080.0,0.68125,0.6677631578947368
776,1,160,43,117,18.76,38,10,28,15.68,2474440,651824,991920,248912,14,0,51,10,0,250421-225055_Run_1820_Idx_1820,4550,0,5e-05,20000000,24744400.0,6518240.0,9919200.0,2489120.0,0.73125,0.7368421052631579
777,1,320,92,228,25.3,304,80,224,27.0,449056,117856,1361920,358400,2,0,51,10,0,250421-212813_Run_977_Idx_62017,2450,0,5e-05,20000000,4490560.0,1178560.0,13619200.0,3584000.0,0.7125,0.7368421052631579
778,1,160,43,117,20.84,38,10,28,19.89,3389784,895472,1337328,364048,14,0,51,10,0,250421-224344_Run_1684_Idx_46277,4210,0,5e-05,20000000,33897840.0,8954720.0,13373280.0,3640480.0,0.73125,0.7368421052631579
779,1,160,43,117,23.88,38,10,28,21.32,3897128,1051496,1337328,364048,14,0,51,10,0,250421-225855_Run_1960_Idx_27734,4900,0,5e-05,20000000,38971280.0,10514960.0,13373280.0,3640480.0,0.73125,0.7368421052631579
780,1,160,43,117,24.45,38,10,28,24.16,3897352,1051552,1797872,479184,14,0,51,10,0,250421-222445_Run_1244_Idx_82007,3110,0,5e-05,20000000,38973520.0,10515520.0,17978720.0,4791840.0,0.73125,0.7368421052631579
781,1,320,80,240,26.56,171,45,126,27.0,1942144,485536,1975848,519960,4,0,51,10,0,250421-204617_Run_14_Idx_48165,40,0,5e-05,20000000,19421440.0,4855360.0,19758480.0,5199600.0,0.75,0.7368421052631579
782,1,320,88,232,19.22,171,52,119,20.9,1064968,274416,1136832,319704,4,0,51,10,0,250421-230126_Run_1970_Idx_94268,4930,0,5e-05,20000000,10649680.0,2744160.0,11368320.0,3197040.0,0.725,0.695906432748538
783,1,290,78,212,24.49,95,26,69,23.59,3658952,957096,1603232,415592,7,0,51,10,0,250421-220628_Run_1511_Idx_17819,3780,0,5e-05,20000000,36589520.0,9570960.0,16032320.0,4155920.0,0.7310344827586207,0.7263157894736842
784,1,160,43,117,21.89,38,10,28,22.84,3484328,913896,1452464,364048,14,0,51,10,0,250421-223746_Run_1756_Idx_13114,4390,0,5e-05,20000000,34843280.0,9138960.0,14524640.0,3640480.0,0.73125,0.7368421052631579
785,1,320,93,227,22.02,171,52,119,22.35,1292848,346112,1120096,319000,4,0,51,10,0,250421-224023_Run_1722_Idx_43829,4310,0,5e-05,20000000,12928480.0,3461120.0,11200960.0,3190000.0,0.709375,0.695906432748538
786,1,160,43,117,25.32,38,10,28,27.0,4843776,1288352,2258416,594320,14,0,51,10,0,250421-204635_Run_1056_Idx_60828,2640,0,5e-05,20000000,48437760.0,12883520.0,22584160.0,5943200.0,0.73125,0.7368421052631579
787,1,320,80,240,26.6,304,80,224,27.0,487424,121856,1361920,358400,2,0,51,10,0,250421-211247_Run_769_Idx_9346,1930,0,5e-05,20000000,4874240.0,1218560.0,13619200.0,3584000.0,0.75,0.7368421052631579
788,1,290,80,210,26.03,95,25,70,27.0,4549192,1215512,2320888,610760,7,0,51,10,0,250421-212714_Run_743_Idx_66078,1860,0,5e-05,20000000,45491920.0,12155120.0,23208880.0,6107600.0,0.7241379310344828,0.7368421052631579
789,1,320,80,240,26.65,304,80,224,27.0,494080,123520,1361920,358400,2,0,51,10,0,250421-204958_Run_693_Idx_24085,1740,0,5e-05,20000000,4940800.0,1235200.0,13619200.0,3584000.0,0.75,0.7368421052631579
790,1,320,80,240,26.65,304,80,224,27.0,494080,123520,1361920,358400,2,0,51,10,0,250421-204306_Run_85_Idx_81817,220,0,5e-05,20000000,4940800.0,1235200.0,13619200.0,3584000.0,0.75,0.7368421052631579
791,1,160,43,117,21.22,38,10,28,19.89,3208160,854648,531376,133776,14,0,51,10,0,250421-224450_Run_1652_Idx_27734,4130,0,5e-05,20000000,32081600.0,8546480.0,5313760.0,1337760.0,0.73125,0.7368421052631579
792,1,160,43,117,23.3,38,10,28,24.16,3153400,875552,1337328,364048,14,0,51,10,0,250421-221345_Run_1436_Idx_22272,3590,0,5e-05,20000000,31534000.0,8755520.0,13373280.0,3640480.0,0.73125,0.7368421052631579
793,1,160,43,117,23.59,38,10,28,25.58,3838848,1012320,1913008,479184,14,0,51,10,0,250421-222151_Run_1188_Idx_27734,2970,0,5e-05,20000000,38388480.0,10123200.0,19130080.0,4791840.0,0.73125,0.7368421052631579
794,1,320,105,215,18.15,171,56,115,18.19,1160040,322408,909576,272720,4,0,51,10,0,250421-222350_Run_1362_Idx_26075,3410,0,5e-05,20000000,11600400.0,3224080.0,9095760.0,2727200.0,0.671875,0.672514619883041
795,1,290,80,210,25.42,95,29,66,23.87,4285352,1128152,1682392,484336,7,0,51,10,0,250421-211603_Run_999_Idx_60040,2500,0,5e-05,20000000,42853520.0,11281520.0,16823920.0,4843360.0,0.7241379310344828,0.6947368421052632
796,1,160,49,111,25.42,38,14,24,22.74,5198880,1415808,1740304,486640,14,0,51,10,0,250421-212057_Run_160_Idx_33339,400,0,5e-05,20000000,51988800.0,14158080.0,17403040.0,4866400.0,0.69375,0.631578947368421
797,1,290,78,212,26.09,95,25,70,24.53,4576392,1212136,1848216,492592,7,0,51,10,0,250421-222301_Run_1127_Idx_3654,2820,0,5e-05,20000000,45763920.0,12121360.0,18482160.0,4925920.0,0.7310344827586207,0.7368421052631579
798,1,290,79,211,23.27,95,25,70,25.58,3343752,887664,1966384,492592,7,0,51,10,0,250421-215612_Run_1291_Idx_85350,3230,0,5e-05,20000000,33437520.0,8876640.0,19663840.0,4925920.0,0.7275862068965517,0.7368421052631579
799,1,160,43,117,24.09,38,10,28,24.16,3839072,1012376,1452464,364048,14,0,51,10,0,250421-222703_Run_1240_Idx_82007,3100,0,5e-05,20000000,38390720.0,10123760.0,14524640.0,3640480.0,0.73125,0.7368421052631579
800,1,160,43,117,26.61,38,10,28,27.0,5235144,1386000,2258416,594320,14,0,51,10,0,250421-210311_Run_192_Idx_82007,480,0,5e-05,20000000,52351440.0,13860000.0,22584160.0,5943200.0,0.73125,0.7368421052631579
801,1,290,78,212,22.23,95,26,69,21.73,3189672,852616,1657504,429160,7,0,51,10,0,250421-225005_Run_1807_Idx_43476,4520,0,5e-05,20000000,31896720.0,8526160.0,16575040.0,4291600.0,0.7310344827586207,0.7263157894736842
802,1,320,80,240,26.65,304,80,224,27.0,494080,123520,1361920,358400,2,0,51,10,0,250421-210430_Run_1021_Idx_78175,2560,0,5e-05,20000000,4940800.0,1235200.0,13619200.0,3584000.0,0.75,0.7368421052631579
803,1,320,86,234,25.19,171,56,115,23.68,1642096,421136,1610384,452760,4,0,51,10,0,250421-212520_Run_982_Idx_45405,2460,0,5e-05,20000000,16420960.0,4211360.0,16103840.0,4527600.0,0.73125,0.672514619883041
804,1,320,88,232,25.17,171,45,126,27.0,1692592,437520,1975848,519960,4,0,51,10,0,250421-224709_Run_1710_Idx_91401,4280,0,5e-05,20000000,16925920.0,4375200.0,19758480.0,5199600.0,0.725,0.7368421052631579
805,1,160,47,113,25.66,38,10,28,27.0,4983672,1353872,2258416,594320,14,0,51,10,0,250421-211346_Run_292_Idx_67416,730,0,5e-05,20000000,49836720.0,13538720.0,22584160.0,5943200.0,0.70625,0.7368421052631579
806,1,160,43,117,25.21,38,10,28,27.0,4293376,1150752,2258416,594320,14,0,51,10,0,250421-221302_Run_1144_Idx_87442,2860,0,5e-05,20000000,42933760.0,11507520.0,22584160.0,5943200.0,0.73125,0.7368421052631579
807,1,160,43,117,25.78,38,10,28,27.0,4884888,1308424,2258416,594320,14,0,51,10,0,250421-212844_Run_976_Idx_60828,2440,0,5e-05,20000000,48848880.0,13084240.0,22584160.0,5943200.0,0.73125,0.7368421052631579
808,1,160,43,117,26.43,38,10,28,27.0,5078216,1346768,2258416,594320,14,0,51,10,0,250421-215050_Run_348_Idx_27734,870,0,5e-05,20000000,50782160.0,13467680.0,22584160.0,5943200.0,0.73125,0.7368421052631579
809,1,290,78,212,23.21,95,26,69,21.19,3161704,819944,1084000,285784,7,0,51,10,0,250421-224138_Run_1535_Idx_66629,3840,0,5e-05,20000000,31617040.0,8199440.0,10840000.0,2857840.0,0.7310344827586207,0.7263157894736842
810,1,160,45,115,26.09,38,10,28,27.0,4922192,1330296,2258416,594320,14,0,51,10,0,250421-205545_Run_444_Idx_59102,1110,0,5e-05,20000000,49221920.0,13302960.0,22584160.0,5943200.0,0.71875,0.7368421052631579
811,1,320,91,229,25.12,171,45,126,27.0,1687816,442496,1975848,519960,4,0,51,10,0,250421-204822_Run_458_Idx_61142,1150,0,5e-05,20000000,16878160.0,4424960.0,19758480.0,5199600.0,0.715625,0.7368421052631579
812,1,320,80,240,26.56,171,45,126,27.0,1942144,485536,1975848,519960,4,0,51,10,0,250421-214116_Run_126_Idx_48165,320,0,5e-05,20000000,19421440.0,4855360.0,19758480.0,5199600.0,0.75,0.7368421052631579
813,1,290,78,212,22.24,95,25,70,20.63,3059752,803016,1021040,256256,7,0,51,10,0,250421-225126_Run_1835_Idx_42567,4590,0,5e-05,20000000,30597520.0,8030160.0,10210400.0,2562560.0,0.7310344827586207,0.7368421052631579
814,1,320,119,201,20.01,304,116,188,20.67,323632,89032,914488,250352,2,0,51,10,0,250421-222845_Run_1117_Idx_66290,2800,0,5e-05,20000000,3236320.0,890320.0,9144880.0,2503520.0,0.628125,0.618421052631579
815,1,320,80,240,26.5,171,45,126,27.0,1915904,478976,1975848,519960,4,0,51,10,0,250421-213547_Run_254_Idx_51250,640,0,5e-05,20000000,19159040.0,4789760.0,19758480.0,5199600.0,0.75,0.7368421052631579
816,1,290,78,212,21.02,95,25,70,24.46,2289352,648936,1848216,492592,7,0,51,10,0,250421-220908_Run_1387_Idx_10643,3470,0,5e-05,20000000,22893520.0,6489360.0,18482160.0,4925920.0,0.7310344827586207,0.7368421052631579
817,1,290,78,212,17.77,95,25,70,19.32,2505352,677256,1375544,374424,7,0,51,10,0,250421-223022_Run_1647_Idx_46758,4120,0,5e-05,20000000,25053520.0,6772560.0,13755440.0,3744240.0,0.7310344827586207,0.7368421052631579
818,1,290,79,211,26.39,95,25,70,27.0,4611112,1243024,2320888,610760,7,0,51,10,0,250421-204926_Run_575_Idx_82624,1440,0,5e-05,20000000,46111120.0,12430240.0,23208880.0,6107600.0,0.7275862068965517,0.7368421052631579
819,1,160,43,117,25.64,38,10,28,27.0,4491192,1210000,2258416,594320,14,0,51,10,0,250421-214659_Run_828_Idx_22272,2070,0,5e-05,20000000,44911920.0,12100000.0,22584160.0,5943200.0,0.73125,0.7368421052631579
820,1,320,89,231,25.21,171,45,126,27.0,1695688,439192,1975848,519960,4,0,51,10,0,250421-205340_Run_686_Idx_93587,1720,0,5e-05,20000000,16956880.0,4391920.0,19758480.0,5199600.0,0.721875,0.7368421052631579
821,1,290,82,208,24.98,95,28,67,23.61,3994312,1078408,1902488,508824,7,0,51,10,0,250421-211711_Run_879_Idx_8489,2200,0,5e-05,20000000,39943120.0,10784080.0,19024880.0,5088240.0,0.7172413793103448,0.7052631578947368
822,1,320,80,240,26.65,304,80,224,27.0,494080,123520,1361920,358400,2,0,51,10,0,250421-210922_Run_181_Idx_71618,460,0,5e-05,20000000,4940800.0,1235200.0,13619200.0,3584000.0,0.75,0.7368421052631579
823,1,320,90,230,24.49,304,80,224,27.0,374864,98376,1361920,358400,2,0,51,10,0,250421-230243_Run_1941_Idx_3348,4860,0,5e-05,20000000,3748640.0,983760.0,13619200.0,3584000.0,0.71875,0.7368421052631579
824,1,320,85,235,25.12,171,48,123,23.58,1621168,412944,1137152,306368,4,0,51,10,0,250421-222817_Run_1558_Idx_13870,3900,0,5e-05,20000000,16211680.0,4129440.0,11371520.0,3063680.0,0.734375,0.7192982456140351
825,1,160,43,117,26.61,38,10,28,27.0,5235144,1386000,2258416,594320,14,0,51,10,0,250421-212524_Run_152_Idx_82007,380,0,5e-05,20000000,52351440.0,13860000.0,22584160.0,5943200.0,0.73125,0.7368421052631579
826,1,320,80,240,26.56,171,52,119,25.58,1942144,485536,1696232,468816,4,0,51,10,0,250421-211650_Run_642_Idx_78774,1610,0,5e-05,20000000,19421440.0,4855360.0,16962320.0,4688160.0,0.75,0.695906432748538
827,1,160,43,117,26.33,38,10,28,27.0,4934072,1320720,2258416,594320,14,0,51,10,0,250421-212308_Run_512_Idx_1820,1280,0,5e-05,20000000,49340720.0,13207200.0,22584160.0,5943200.0,0.73125,0.7368421052631579
828,1,320,80,240,26.65,304,93,211,25.33,494080,123520,1262008,347136,2,0,51,10,0,250421-221009_Run_1269_Idx_70168,3180,0,5e-05,20000000,4940800.0,1235200.0,12620080.0,3471360.0,0.75,0.694078947368421
829,1,290,79,211,25.75,95,25,70,25.58,4309512,1129104,1966384,492592,7,0,51,10,0,250421-222928_Run_1175_Idx_87244,2940,0,5e-05,20000000,43095120.0,11291040.0,19663840.0,4925920.0,0.7275862068965517,0.7368421052631579
830,1,160,43,117,21.71,38,10,28,24.16,3035264,836224,1797872,479184,14,0,51,10,0,250421-220831_Run_1388_Idx_46277,3470,0,5e-05,20000000,30352640.0,8362240.0,17978720.0,4791840.0,0.73125,0.7368421052631579
831,1,160,43,117,24.51,38,10,28,25.58,4371336,1170048,1797872,479184,14,0,51,10,0,250421-225449_Run_1876_Idx_82007,4690,0,5e-05,20000000,43713360.0,11700480.0,17978720.0,4791840.0,0.73125,0.7368421052631579
832,1,320,101,219,24.29,304,93,211,25.58,415288,113608,1253320,347136,2,0,51,10,0,250421-215331_Run_581_Idx_48434,1460,0,5e-05,20000000,4152880.0,1136080.0,12533200.0,3471360.0,0.684375,0.694078947368421
833,1,290,80,210,21.89,95,26,69,22.45,3360872,905592,1288160,336824,7,0,51,10,0,250421-222044_Run_1251_Idx_23604,3130,0,5e-05,20000000,33608720.0,9055920.0,12881600.0,3368240.0,0.7241379310344828,0.7263157894736842
834,1,320,111,209,23.9,304,95,209,25.58,432752,122232,1283728,356096,2,0,51,10,0,250421-205311_Run_449_Idx_22901,1130,0,5e-05,20000000,4327520.0,1222320.0,12837280.0,3560960.0,0.653125,0.6875
835,1,320,90,230,24.66,171,45,126,27.0,1538920,400136,1975848,519960,4,0,51,10,0,250421-221413_Run_1262_Idx_5578,3160,0,5e-05,20000000,15389200.0,4001360.0,19758480.0,5199600.0,0.71875,0.7368421052631579
836,1,320,80,240,26.56,171,45,126,27.0,1942144,485536,1975848,519960,4,0,51,10,0,250421-224322_Run_1594_Idx_21514,3990,0,5e-05,20000000,19421440.0,4855360.0,19758480.0,5199600.0,0.75,0.7368421052631579
837,1,160,43,117,26.61,38,10,28,27.0,5235144,1386000,2258416,594320,14,0,51,10,0,250421-215256_Run_108_Idx_82007,270,0,5e-05,20000000,52351440.0,13860000.0,22584160.0,5943200.0,0.73125,0.7368421052631579
838,1,290,78,212,23.32,95,26,69,20.63,3720392,989576,1524856,429160,7,0,51,10,0,250421-222303_Run_1247_Idx_85350,3120,0,5e-05,20000000,37203920.0,9895760.0,15248560.0,4291600.0,0.7310344827586207,0.7263157894736842
839,1,320,80,240,26.5,171,45,126,27.0,1915904,478976,1975848,519960,4,0,51,10,0,250421-214324_Run_242_Idx_51250,610,0,5e-05,20000000,19159040.0,4789760.0,19758480.0,5199600.0,0.75,0.7368421052631579
840,1,290,81,209,25.89,95,25,70,27.0,4388072,1197440,2320888,610760,7,0,51,10,0,250421-210121_Run_1027_Idx_53495,2570,0,5e-05,20000000,43880720.0,11974400.0,23208880.0,6107600.0,0.7206896551724138,0.7368421052631579
841,1,160,44,116,25.5,38,11,27,25.58,4598848,1204120,2028144,538616,14,0,51,10,0,250421-205918_Run_556_Idx_61321,1390,0,5e-05,20000000,45988480.0,12041200.0,20281440.0,5386160.0,0.725,0.7105263157894737
842,1,160,45,115,26.09,38,10,28,27.0,4922192,1330296,2258416,594320,14,0,51,10,0,250421-215324_Run_344_Idx_59102,860,0,5e-05,20000000,49221920.0,13302960.0,22584160.0,5943200.0,0.71875,0.7368421052631579
843,1,320,80,240,26.6,304,96,208,25.49,487424,121856,1275040,356232,2,0,51,10,0,250421-212000_Run_281_Idx_92681,710,0,5e-05,20000000,4874240.0,1218560.0,12750400.0,3562320.0,0.75,0.6842105263157895
844,1,320,91,229,23.79,171,45,126,27.0,1486096,384344,1975848,519960,4,0,51,10,0,250421-221926_Run_1310_Idx_61118,3280,0,5e-05,20000000,14860960.0,3843440.0,19758480.0,5199600.0,0.715625,0.7368421052631579
845,1,290,78,212,23.2,95,25,70,21.87,3520328,905320,1493712,374424,7,0,51,10,0,250421-220705_Run_1447_Idx_96012,3620,0,5e-05,20000000,35203280.0,9053200.0,14937120.0,3744240.0,0.7310344827586207,0.7368421052631579
846,1,320,80,240,26.6,304,80,224,27.0,487424,121856,1361920,358400,2,0,51,10,0,250421-210419_Run_309_Idx_29121,780,0,5e-05,20000000,4874240.0,1218560.0,13619200.0,3584000.0,0.75,0.7368421052631579
847,1,320,103,217,24.2,304,90,214,25.58,423328,115344,1240288,333696,2,0,51,10,0,250421-215625_Run_1109_Idx_39695,2780,0,5e-05,20000000,4233280.0,1153440.0,12402880.0,3336960.0,0.678125,0.7039473684210527
848,1,320,91,229,24.75,171,45,126,27.0,1638248,429456,1975848,519960,4,0,51,10,0,250421-215252_Run_702_Idx_92850,1760,0,5e-05,20000000,16382480.0,4294560.0,19758480.0,5199600.0,0.715625,0.7368421052631579
849,1,160,43,117,23.35,38,13,25,24.16,3993272,1065496,1855440,542344,14,0,51,10,0,250421-205718_Run_560_Idx_63537,1400,0,5e-05,20000000,39932720.0,10654960.0,18554400.0,5423440.0,0.73125,0.6578947368421053
850,1,160,43,117,23.84,38,10,28,27.0,4334488,1170824,2258416,594320,14,0,51,10,0,250421-220127_Run_1456_Idx_22272,3640,0,5e-05,20000000,43344880.0,11708240.0,22584160.0,5943200.0,0.73125,0.7368421052631579
851,1,320,106,214,20.85,304,103,201,22.03,313984,91416,944896,283336,2,0,51,10,0,250421-225307_Run_1769_Idx_17121,4430,0,5e-05,20000000,3139840.0,914160.0,9448960.0,2833360.0,0.66875,0.6611842105263158
852,1,320,87,233,24.13,171,56,115,21.32,1471824,374064,1064656,306992,4,0,51,10,0,250421-223534_Run_1638_Idx_41179,4100,0,5e-05,20000000,14718240.0,3740640.0,10646560.0,3069920.0,0.728125,0.672514619883041
853,1,160,44,116,26.03,38,11,27,25.58,5118944,1368544,1970576,538616,14,0,51,10,0,250421-212725_Run_268_Idx_74420,670,0,5e-05,20000000,51189440.0,13685440.0,19705760.0,5386160.0,0.725,0.7105263157894737
854,1,320,117,203,20.94,304,113,191,20.94,368432,106536,923176,271664,2,0,51,10,0,250421-220712_Run_1213_Idx_59375,3040,0,5e-05,20000000,3684320.0,1065360.0,9231760.0,2716640.0,0.634375,0.6282894736842105
855,1,160,44,116,25.67,38,10,28,25.58,4657904,1263272,1797872,479184,14,0,51,10,0,250421-211626_Run_524_Idx_80582,1310,0,5e-05,20000000,46579040.0,12632720.0,17978720.0,4791840.0,0.725,0.7368421052631579
856,1,290,78,212,26.39,95,25,70,27.0,4559752,1225096,2320888,610760,7,0,51,10,0,250421-212558_Run_507_Idx_46758,1270,0,5e-05,20000000,45597520.0,12250960.0,23208880.0,6107600.0,0.7310344827586207,0.7368421052631579
857,1,320,80,240,26.5,171,45,126,25.63,1915904,478976,1581384,421344,4,0,51,10,0,250421-212144_Run_278_Idx_51250,700,0,5e-05,20000000,19159040.0,4789760.0,15813840.0,4213440.0,0.75,0.7368421052631579
858,1,160,43,117,25.98,38,10,28,25.58,4981376,1288352,1913008,479184,14,0,51,10,0,250421-211018_Run_892_Idx_22272,2230,0,5e-05,20000000,49813760.0,12883520.0,19130080.0,4791840.0,0.73125,0.7368421052631579
859,1,320,89,231,21.28,171,53,118,19.05,1099144,289480,908264,262920,4,0,51,10,0,250421-225516_Run_1898_Idx_45405,4750,0,5e-05,20000000,10991440.0,2894800.0,9082640.0,2629200.0,0.721875,0.6900584795321637
860,1,160,43,117,23.49,38,10,28,22.74,3641032,953072,1452464,364048,14,0,51,10,0,250421-215813_Run_1524_Idx_13114,3810,0,5e-05,20000000,36410320.0,9530720.0,14524640.0,3640480.0,0.73125,0.7368421052631579
861,1,320,94,226,24.26,304,80,224,27.0,418640,109576,1361920,358400,2,0,51,10,0,250421-222004_Run_1309_Idx_31863,3280,0,5e-05,20000000,4186400.0,1095760.0,13619200.0,3584000.0,0.70625,0.7368421052631579
862,1,160,43,117,26.23,38,10,28,27.0,5198296,1386776,2258416,594320,14,0,51,10,0,250421-214624_Run_592_Idx_87442,1480,0,5e-05,20000000,51982960.0,13867760.0,22584160.0,5943200.0,0.73125,0.7368421052631579
863,1,290,78,212,26.39,95,25,70,27.0,4611112,1225096,2320888,610760,7,0,51,10,0,250421-211244_Run_531_Idx_46758,1330,0,5e-05,20000000,46111120.0,12250960.0,23208880.0,6107600.0,0.7310344827586207,0.7368421052631579
864,1,290,78,212,19.87,95,25,70,21.62,2580392,683176,1493712,374424,7,0,51,10,0,250421-225311_Run_1847_Idx_10643,4620,0,5e-05,20000000,25803920.0,6831760.0,14937120.0,3744240.0,0.7310344827586207,0.7368421052631579
865,1,160,46,114,24.39,38,11,27,25.58,4555192,1215304,2028144,538616,14,0,51,10,0,250421-213618_Run_608_Idx_887,1520,0,5e-05,20000000,45551920.0,12153040.0,20281440.0,5386160.0,0.7125,0.7105263157894737
866,1,320,93,227,18.62,171,53,118,20.7,1138048,287648,1329760,368960,4,0,51,10,0,250421-224603_Run_1782_Idx_7817,4460,0,5e-05,20000000,11380480.0,2876480.0,13297600.0,3689600.0,0.709375,0.6900584795321637
867,1,160,43,117,19.49,38,10,28,22.74,3389784,895472,1797872,479184,14,0,51,10,0,250421-223700_Run_1696_Idx_46277,4240,0,5e-05,20000000,33897840.0,8954720.0,17978720.0,4791840.0,0.73125,0.7368421052631579
868,1,320,91,229,21.24,171,50,121,23.38,1238744,326248,1353304,361912,4,0,51,10,0,250421-224002_Run_1630_Idx_4316,4080,0,5e-05,20000000,12387440.0,3262480.0,13533040.0,3619120.0,0.715625,0.7076023391812866
869,1,290,78,212,23.83,95,25,70,27.0,3960072,1075176,2320888,610760,7,0,51,10,0,250421-220206_Run_1455_Idx_96012,3640,0,5e-05,20000000,39600720.0,10751760.0,23208880.0,6107600.0,0.7310344827586207,0.7368421052631579
870,1,290,78,212,25.61,95,25,70,25.58,4199752,1109416,1848216,492592,7,0,51,10,0,250421-222555_Run_1415_Idx_96012,3540,0,5e-05,20000000,41997520.0,11094160.0,18482160.0,4925920.0,0.7310344827586207,0.7368421052631579
871,1,320,90,230,19.23,171,56,115,16.28,1332176,347616,1056008,290208,4,0,51,10,0,250421-223902_Run_1602_Idx_73880,4010,0,5e-05,20000000,13321760.0,3476160.0,10560080.0,2902080.0,0.71875,0.672514619883041
872,1,160,43,117,23.8,38,10,28,27.0,3833272,1045520,2258416,594320,14,0,51,10,0,250421-221815_Run_1312_Idx_1820,3280,0,5e-05,20000000,38332720.0,10455200.0,22584160.0,5943200.0,0.73125,0.7368421052631579
873,1,320,80,240,26.65,304,80,224,27.0,494080,123520,1361920,358400,2,0,51,10,0,250421-213158_Run_141_Idx_71618,360,0,5e-05,20000000,4940800.0,1235200.0,13619200.0,3584000.0,0.75,0.7368421052631579
874,1,290,78,212,24.7,95,25,70,25.58,4097032,1109416,1848216,492592,7,0,51,10,0,250421-225525_Run_1875_Idx_54015,4690,0,5e-05,20000000,40970320.0,11094160.0,18482160.0,4925920.0,0.7310344827586207,0.7368421052631579
875,1,290,81,209,26.17,95,26,69,25.58,4593512,1248800,2021960,546872,7,0,51,10,0,250421-210741_Run_659_Idx_34661,1650,0,5e-05,20000000,45935120.0,12488000.0,20219600.0,5468720.0,0.7206896551724138,0.7263157894736842
876,1,160,44,116,26.27,38,12,26,25.58,5115680,1367728,2143280,598048,14,0,51,10,0,250421-214503_Run_120_Idx_41032,300,0,5e-05,20000000,51156800.0,13677280.0,21432800.0,5980480.0,0.725,0.6842105263157895
877,1,290,78,212,25.46,95,25,70,24.24,4165512,1126536,1848216,492592,7,0,51,10,0,250421-220939_Run_1443_Idx_96012,3610,0,5e-05,20000000,41655120.0,11265360.0,18482160.0,4925920.0,0.7310344827586207,0.7368421052631579
878,1,320,92,228,24.75,304,80,224,27.0,439408,117856,1361920,358400,2,0,51,10,0,250421-223553_Run_1545_Idx_62017,3870,0,5e-05,20000000,4394080.0,1178560.0,13619200.0,3584000.0,0.7125,0.7368421052631579
879,1,290,80,210,25.35,95,25,70,27.0,4165512,1111032,2320888,610760,7,0,51,10,0,250421-222408_Run_1063_Idx_15846,2660,0,5e-05,20000000,41655120.0,11110320.0,23208880.0,6107600.0,0.7241379310344828,0.7368421052631579
880,1,320,80,240,26.56,171,53,118,25.58,1942144,485536,1772048,491488,4,0,51,10,0,250421-205348_Run_210_Idx_91401,530,0,5e-05,20000000,19421440.0,4855360.0,17720480.0,4914880.0,0.75,0.6900584795321637
881,1,320,93,227,24.18,171,45,126,27.0,1695688,440312,1975848,519960,4,0,51,10,0,250421-205949_Run_1030_Idx_32348,2580,0,5e-05,20000000,16956880.0,4403120.0,19758480.0,5199600.0,0.709375,0.7368421052631579
882,1,320,80,240,26.5,171,53,118,25.58,1915904,478976,1848864,509680,4,0,51,10,0,250421-205107_Run_334_Idx_78778,840,0,5e-05,20000000,19159040.0,4789760.0,18488640.0,5096800.0,0.75,0.6900584795321637
883,1,160,44,116,26.09,38,10,28,27.0,4804664,1289320,2258416,594320,14,0,51,10,0,250421-204717_Run_460_Idx_85404,1150,0,5e-05,20000000,48046640.0,12893200.0,22584160.0,5943200.0,0.725,0.7368421052631579
884,1,160,43,117,25.33,38,10,28,27.0,4344496,1143944,2258416,594320,14,0,51,10,0,250421-224627_Run_1828_Idx_1820,4570,0,5e-05,20000000,43444960.0,11439440.0,22584160.0,5943200.0,0.73125,0.7368421052631579
885,1,160,43,117,24.45,38,10,28,25.58,3919752,1013152,1913008,479184,14,0,51,10,0,250421-211738_Run_996_Idx_60828,2490,0,5e-05,20000000,39197520.0,10131520.0,19130080.0,4791840.0,0.73125,0.7368421052631579
886,1,160,43,117,24.2,38,10,28,24.16,4410904,1150752,1797872,479184,14,0,51,10,0,250421-222002_Run_1132_Idx_87442,2830,0,5e-05,20000000,44109040.0,11507520.0,17978720.0,4791840.0,0.73125,0.7368421052631579
887,1,320,91,229,25.3,304,110,194,22.07,444232,116184,1023088,279944,2,0,51,10,0,250421-211817_Run_877_Idx_257,2200,0,5e-05,20000000,4442320.0,1161840.0,10230880.0,2799440.0,0.715625,0.6381578947368421
888,1,160,47,113,25.42,38,10,28,27.0,4610336,1275520,2258416,594320,14,0,51,10,0,250421-214032_Run_364_Idx_65755,910,0,5e-05,20000000,46103360.0,12755200.0,22584160.0,5943200.0,0.70625,0.7368421052631579
889,1,320,80,240,26.6,304,80,224,27.0,487424,121856,1361920,358400,2,0,51,10,0,250421-205807_Run_321_Idx_29121,810,0,5e-05,20000000,4874240.0,1218560.0,13619200.0,3584000.0,0.75,0.7368421052631579
890,1,290,81,209,25.92,95,27,68,25.05,4474152,1193280,2155000,587584,7,0,51,10,0,250421-205545_Run_563_Idx_45134,1410,0,5e-05,20000000,44741520.0,11932800.0,21550000.0,5875840.0,0.7206896551724138,0.7157894736842105
891,1,290,78,212,26.59,95,25,70,27.0,4720392,1265256,2320888,610760,7,0,51,10,0,250421-205456_Run_327_Idx_91797,820,0,5e-05,20000000,47203920.0,12652560.0,23208880.0,6107600.0,0.7310344827586207,0.7368421052631579
892,1,320,80,240,26.5,304,80,224,27.0,479744,119936,1361920,358400,2,0,51,10,0,250421-204517_Run_29_Idx_33396,80,0,5e-05,20000000,4797440.0,1199360.0,13619200.0,3584000.0,0.75,0.7368421052631579
893,1,160,43,117,20.94,38,10,28,17.47,3527992,895624,991920,248912,14,0,51,10,0,250421-225509_Run_1912_Idx_22272,4780,0,5e-05,20000000,35279920.0,8956240.0,9919200.0,2489120.0,0.73125,0.7368421052631579
894,1,290,78,212,26.46,95,25,70,27.0,4748040,1246824,2320888,610760,7,0,51,10,0,250421-205104_Run_215_Idx_54015,540,0,5e-05,20000000,47480400.0,12468240.0,23208880.0,6107600.0,0.7310344827586207,0.7368421052631579
895,1,290,78,212,23.66,95,26,69,19.96,3960072,1075176,1475016,416472,7,0,51,10,0,250421-225759_Run_1907_Idx_89856,4770,0,5e-05,20000000,39600720.0,10751760.0,14750160.0,4164720.0,0.7310344827586207,0.7263157894736842
896,1,320,80,240,26.3,304,105,199,22.91,494080,123520,1057840,283608,2,0,51,10,0,250421-222045_Run_1069_Idx_50420,2680,0,5e-05,20000000,4940800.0,1235200.0,10578400.0,2836080.0,0.75,0.6546052631578947
897,1,290,87,203,22.36,95,29,66,25.01,3206792,894128,2021568,562224,7,0,51,10,0,250421-210534_Run_1019_Idx_39359,2550,0,5e-05,20000000,32067920.0,8941280.0,20215680.0,5622240.0,0.7,0.6947368421052632
898,1,290,80,210,25.77,95,28,67,25.58,4490792,1213752,2288040,628296,7,0,51,10,0,250421-205914_Run_675_Idx_90023,1690,0,5e-05,20000000,44907920.0,12137520.0,22880400.0,6282960.0,0.7241379310344828,0.7052631578947368
899,1,290,88,202,23.88,95,34,61,24.16,4326632,1102136,2085008,618296,7,0,51,10,0,250421-211955_Run_399_Idx_73524,1000,0,5e-05,20000000,43266320.0,11021360.0,20850080.0,6182960.0,0.696551724137931,0.6421052631578947
900,1,320,80,240,26.48,171,45,126,27.0,1915904,478976,1975848,519960,4,0,51,10,0,250421-204110_Run_62_Idx_54611,160,0,5e-05,20000000,19159040.0,4789760.0,19758480.0,5199600.0,0.75,0.7368421052631579
901,1,290,81,209,26.03,95,25,70,27.0,4525032,1231680,2320888,610760,7,0,51,10,0,250421-210216_Run_907_Idx_45254,2270,0,5e-05,20000000,45250320.0,12316800.0,23208880.0,6107600.0,0.7206896551724138,0.7368421052631579
902,1,320,80,240,26.6,304,80,224,27.0,487424,121856,1361920,358400,2,0,51,10,0,250421-204547_Run_41_Idx_2588,110,0,5e-05,20000000,4874240.0,1218560.0,13619200.0,3584000.0,0.75,0.7368421052631579
903,1,320,80,240,26.5,171,45,126,27.0,1915904,478976,1975848,519960,4,0,51,10,0,250421-211243_Run_294_Idx_51250,740,0,5e-05,20000000,19159040.0,4789760.0,19758480.0,5199600.0,0.75,0.7368421052631579
904,1,320,103,217,23.95,304,95,209,25.22,400816,110520,1214224,338720,2,0,51,10,0,250421-213409_Run_849_Idx_86950,2130,0,5e-05,20000000,4008160.0,1105200.0,12142240.0,3387200.0,0.678125,0.6875
905,1,160,43,117,23.04,38,10,28,21.42,3915264,1031424,1452464,364048,14,0,51,10,0,250421-225500_Run_1860_Idx_13114,4650,0,5e-05,20000000,39152640.0,10314240.0,14524640.0,3640480.0,0.73125,0.7368421052631579
906,1,320,95,225,23.75,304,80,224,27.0,405640,108400,1361920,358400,2,0,51,10,0,250421-230053_Run_1993_Idx_13385,4990,0,5e-05,20000000,4056400.0,1084000.0,13619200.0,3584000.0,0.703125,0.7368421052631579
907,1,320,94,226,25.12,171,45,126,27.0,1742272,460552,1975848,519960,4,0,51,10,0,250421-210937_Run_418_Idx_57764,1050,0,5e-05,20000000,17422720.0,4605520.0,19758480.0,5199600.0,0.70625,0.7368421052631579
908,1,320,80,240,26.5,171,45,126,27.0,1915904,478976,1975848,519960,4,0,51,10,0,250421-213100_Run_262_Idx_51250,660,0,5e-05,20000000,19159040.0,4789760.0,19758480.0,5199600.0,0.75,0.7368421052631579
909,1,290,78,212,26.49,95,25,70,27.0,4651912,1248136,2320888,610760,7,0,51,10,0,250421-213840_Run_367_Idx_42567,920,0,5e-05,20000000,46519120.0,12481360.0,23208880.0,6107600.0,0.7310344827586207,0.7368421052631579
910,1,320,91,229,24.22,171,45,126,27.0,1495528,393560,1975848,519960,4,0,51,10,0,250421-221826_Run_1194_Idx_61142,2990,0,5e-05,20000000,14955280.0,3935600.0,19758480.0,5199600.0,0.715625,0.7368421052631579
911,1,320,90,230,24.09,171,51,120,24.16,1618320,415736,1483288,393976,4,0,51,10,0,250421-220651_Run_1274_Idx_82795,3190,0,5e-05,20000000,16183200.0,4157360.0,14832880.0,3939760.0,0.71875,0.7017543859649122
912,1,320,80,240,26.65,304,80,224,27.0,494080,123520,1361920,358400,2,0,51,10,0,250421-214823_Run_589_Idx_24085,1480,0,5e-05,20000000,4940800.0,1235200.0,13619200.0,3584000.0,0.75,0.7368421052631579
913,1,160,43,117,26.04,38,10,28,27.0,5224160,1368200,2258416,594320,14,0,51,10,0,250421-214813_Run_352_Idx_27734,880,0,5e-05,20000000,52241600.0,13682000.0,22584160.0,5943200.0,0.73125,0.7368421052631579
914,1,320,80,240,26.48,171,49,122,24.63,1942144,485536,1540024,402208,4,0,51,10,0,250421-222631_Run_1414_Idx_56926,3540,0,5e-05,20000000,19421440.0,4855360.0,15400240.0,4022080.0,0.75,0.7134502923976608
915,1,320,107,213,21.29,304,98,206,22.6,365216,104288,1075216,304376,2,0,51,10,0,250421-222406_Run_1481_Idx_41439,3710,0,5e-05,20000000,3652160.0,1042880.0,10752160.0,3043760.0,0.665625,0.6776315789473685
916,1,160,44,116,25.89,38,10,28,25.58,4642464,1249424,1797872,479184,14,0,51,10,0,250421-211541_Run_644_Idx_56251,1610,0,5e-05,20000000,46424640.0,12494240.0,17978720.0,4791840.0,0.725,0.7368421052631579
917,1,160,43,117,22.54,38,10,28,21.47,3377832,877672,1000816,251136,14,0,51,10,0,250421-224105_Run_1536_Idx_60828,3840,0,5e-05,20000000,33778320.0,8776720.0,10008160.0,2511360.0,0.73125,0.7368421052631579
918,1,290,78,212,20.23,95,26,69,18.49,2255112,614696,129120,47064,7,0,51,10,0,250421-223132_Run_1767_Idx_17819,4420,0,5e-05,20000000,22551120.0,6146960.0,1291200.0,470640.0,0.7310344827586207,0.7263157894736842
919,1,320,84,236,21.97,171,48,123,24.19,1193496,305560,1388504,370440,4,0,51,10,0,250421-225730_Run_1894_Idx_55651,4740,0,5e-05,20000000,11934960.0,3055600.0,13885040.0,3704400.0,0.7375,0.7192982456140351
920,1,290,78,212,26.14,95,25,70,25.63,4382472,1180776,1857752,494976,7,0,51,10,0,250421-211352_Run_767_Idx_10643,1920,0,5e-05,20000000,43824720.0,11807760.0,18577520.0,4949760.0,0.7310344827586207,0.7368421052631579
921,1,160,46,114,25.99,38,12,26,24.87,4999768,1351296,1913008,540480,14,0,51,10,0,250421-211810_Run_284_Idx_25285,710,0,5e-05,20000000,49997680.0,13512960.0,19130080.0,5404800.0,0.7125,0.6842105263157895
922,1,290,81,209,25.47,95,30,65,23.65,4251112,1146080,1946320,537736,7,0,51,10,0,250421-213847_Run_959_Idx_50435,2400,0,5e-05,20000000,42511120.0,11460800.0,19463200.0,5377360.0,0.7206896551724138,0.6842105263157895
923,1,320,80,240,26.5,304,95,209,25.58,479744,119936,1283728,356096,2,0,51,10,0,250421-210055_Run_553_Idx_14279,1390,0,5e-05,20000000,4797440.0,1199360.0,12837280.0,3560960.0,0.75,0.6875
924,1,320,80,240,26.52,171,49,122,25.14,1942144,485536,1695184,455376,4,0,51,10,0,250421-220921_Run_1150_Idx_65674,2880,0,5e-05,20000000,19421440.0,4855360.0,16951840.0,4553760.0,0.75,0.7134502923976608
925,1,320,80,240,26.6,304,89,215,24.15,487424,121856,1144720,307496,2,0,51,10,0,250421-225748_Run_1949_Idx_7898,4880,0,5e-05,20000000,4874240.0,1218560.0,11447200.0,3074960.0,0.75,0.7072368421052632
926,1,320,89,231,25.19,171,45,126,27.0,1643528,426152,1975848,519960,4,0,51,10,0,250421-212737_Run_978_Idx_25126,2450,0,5e-05,20000000,16435280.0,4261520.0,19758480.0,5199600.0,0.721875,0.7368421052631579
927,1,320,104,216,20.72,304,94,210,21.31,349360,99328,811520,235736,2,0,51,10,0,250421-224309_Run_1717_Idx_70624,4300,0,5e-05,20000000,3493600.0,993280.0,8115200.0,2357360.0,0.675,0.6907894736842105
928,1,320,80,240,26.65,304,80,224,27.0,494080,123520,1361920,358400,2,0,51,10,0,250421-204756_Run_221_Idx_71618,560,0,5e-05,20000000,4940800.0,1235200.0,13619200.0,3584000.0,0.75,0.7368421052631579
929,1,160,43,117,21.51,38,10,28,17.37,3561936,893880,991920,248912,14,0,51,10,0,250421-223444_Run_1732_Idx_82007,4330,0,5e-05,20000000,35619360.0,8938800.0,9919200.0,2489120.0,0.73125,0.7368421052631579
930,1,320,93,227,25.3,304,80,224,27.0,453880,119528,1361920,358400,2,0,51,10,0,250421-210638_Run_661_Idx_33852,1660,0,5e-05,20000000,4538800.0,1195280.0,13619200.0,3584000.0,0.709375,0.7368421052631579
931,1,160,43,117,25.66,38,10,28,27.0,4845104,1269096,2258416,594320,14,0,51,10,0,250421-221322_Run_1380_Idx_46277,3450,0,5e-05,20000000,48451040.0,12690960.0,22584160.0,5943200.0,0.73125,0.7368421052631579
932,1,320,88,232,23.72,171,50,121,23.58,1643536,421552,1501184,389200,4,0,51,10,0,250421-215747_Run_1462_Idx_53866,3660,0,5e-05,20000000,16435360.0,4215520.0,15011840.0,3892000.0,0.725,0.7076023391812866
933,1,320,108,212,19.7,304,99,205,21.03,310544,81840,940552,248040,2,0,51,10,0,250421-224812_Run_1841_Idx_33791,4610,0,5e-05,20000000,3105440.0,818400.0,9405520.0,2480400.0,0.6625,0.6743421052631579
934,1,320,99,221,18.88,171,53,118,21.77,1140400,323472,1015824,300976,4,0,51,10,0,250421-224234_Run_1718_Idx_35574,4300,0,5e-05,20000000,11404000.0,3234720.0,10158240.0,3009760.0,0.690625,0.6900584795321637
935,1,160,43,117,22.84,38,10,28,19.89,3703800,1013152,1337328,364048,14,0,51,10,0,250421-225147_Run_1804_Idx_87442,4510,0,5e-05,20000000,37038000.0,10131520.0,13373280.0,3640480.0,0.73125,0.7368421052631579
936,1,160,43,117,19.89,38,10,28,21.32,2752544,731144,1452464,364048,14,0,51,10,0,250421-225634_Run_1924_Idx_1820,4810,0,5e-05,20000000,27525440.0,7311440.0,14524640.0,3640480.0,0.73125,0.7368421052631579
937,1,320,104,216,20.32,171,55,116,21.66,1251712,357496,1381336,399568,4,0,51,10,0,250421-222328_Run_1482_Idx_95123,3710,0,5e-05,20000000,12517120.0,3574960.0,13813360.0,3995680.0,0.675,0.6783625730994152
938,1,290,78,212,22.9,95,25,70,19.25,3269672,889736,1385080,376808,7,0,51,10,0,250421-220123_Run_1519_Idx_91797,3800,0,5e-05,20000000,32696720.0,8897360.0,13850800.0,3768080.0,0.7310344827586207,0.7368421052631579
939,1,160,43,117,26.61,38,10,28,27.0,5235144,1386000,2258416,594320,14,0,51,10,0,250421-204025_Run_24_Idx_82007,60,0,5e-05,20000000,52351440.0,13860000.0,22584160.0,5943200.0,0.73125,0.7368421052631579
940,1,320,80,240,26.5,171,54,117,25.42,1915904,478976,1822280,509816,4,0,51,10,0,250421-211923_Run_282_Idx_52105,710,0,5e-05,20000000,19159040.0,4789760.0,18222800.0,5098160.0,0.75,0.6842105263157895
941,1,160,44,116,25.72,38,11,27,25.58,4775040,1282568,1970576,538616,14,0,51,10,0,250421-210327_Run_548_Idx_61321,1370,0,5e-05,20000000,47750400.0,12825680.0,19705760.0,5386160.0,0.725,0.7105263157894737
942,1,320,93,227,24.74,304,80,224,27.0,408632,108216,1361920,358400,2,0,51,10,0,250421-221734_Run_1373_Idx_20310,3440,0,5e-05,20000000,4086320.0,1082160.0,13619200.0,3584000.0,0.709375,0.7368421052631579
943,1,320,93,227,25.3,304,80,224,27.0,453880,119528,1361920,358400,2,0,51,10,0,250421-212404_Run_629_Idx_33852,1580,0,5e-05,20000000,4538800.0,1195280.0,13619200.0,3584000.0,0.709375,0.7368421052631579
944,1,160,44,116,25.04,38,10,28,24.16,4604456,1230128,1797872,479184,14,0,51,10,0,250421-211129_Run_652_Idx_56251,1630,0,5e-05,20000000,46044560.0,12301280.0,17978720.0,4791840.0,0.725,0.7368421052631579
945,1,320,91,229,24.27,304,80,224,27.0,392552,103264,1361920,358400,2,0,51,10,0,250421-224424_Run_1653_Idx_85000,4140,0,5e-05,20000000,3925520.0,1032640.0,13619200.0,3584000.0,0.715625,0.7368421052631579
946,1,290,78,212,25.65,95,25,70,27.0,4131752,1105256,2320888,610760,7,0,51,10,0,250421-224704_Run_1827_Idx_46758,4570,0,5e-05,20000000,41317520.0,11052560.0,23208880.0,6107600.0,0.7310344827586207,0.7368421052631579
947,1,160,43,117,25.98,38,10,28,27.0,4961304,1327528,2258416,594320,14,0,51,10,0,250421-205124_Run_928_Idx_22272,2320,0,5e-05,20000000,49613040.0,13275280.0,22584160.0,5943200.0,0.73125,0.7368421052631579
948,1,290,78,212,23.54,95,25,70,24.16,3377992,903976,1375544,374424,7,0,51,10,0,250421-224347_Run_1531_Idx_67176,3830,0,5e-05,20000000,33779920.0,9039760.0,13755440.0,3744240.0,0.7310344827586207,0.7368421052631579
949,1,160,45,115,26.09,38,10,28,27.0,4922192,1330296,2258416,594320,14,0,51,10,0,250421-211250_Run_412_Idx_59102,1030,0,5e-05,20000000,49221920.0,13302960.0,22584160.0,5943200.0,0.71875,0.7368421052631579
950,1,320,91,229,24.16,304,96,208,22.7,434584,112968,1101280,282384,2,0,51,10,0,250421-215826_Run_1461_Idx_84835,3660,0,5e-05,20000000,4345840.0,1129680.0,11012800.0,2823840.0,0.715625,0.6842105263157895
951,1,320,80,240,26.65,304,80,224,27.0,494080,123520,1361920,358400,2,0,51,10,0,250421-220132_Run_1101_Idx_78175,2760,0,5e-05,20000000,4940800.0,1235200.0,13619200.0,3584000.0,0.75,0.7368421052631579
952,1,160,44,116,25.56,38,11,27,24.87,4714728,1262496,1740304,481048,14,0,51,10,0,250421-210538_Run_544_Idx_61321,1360,0,5e-05,20000000,47147280.0,12624960.0,17403040.0,4810480.0,0.725,0.7105263157894737
953,1,160,43,117,24.31,38,10,28,25.58,3820712,1032392,1797872,479184,14,0,51,10,0,250421-215541_Run_1528_Idx_13114,3820,0,5e-05,20000000,38207120.0,10323920.0,17978720.0,4791840.0,0.73125,0.7368421052631579
954,1,290,82,208,24.39,95,29,66,24.44,4086952,1097288,1946712,550416,7,0,51,10,0,250421-204824_Run_815_Idx_80589,2040,0,5e-05,20000000,40869520.0,10972880.0,19467120.0,5504160.0,0.7172413793103448,0.6947368421052632
955,1,290,83,207,25.73,95,35,60,24.16,4576392,1216176,2084552,618728,7,0,51,10,0,250421-204618_Run_79_Idx_25522,200,0,5e-05,20000000,45763920.0,12161760.0,20845520.0,6187280.0,0.7137931034482758,0.631578947368421
956,1,320,80,240,25.88,171,57,114,24.47,1880192,470048,1415616,407712,4,0,51,10,0,250421-210647_Run_542_Idx_2378,1360,0,5e-05,20000000,18801920.0,4700480.0,14156160.0,4077120.0,0.75,0.6666666666666666
957,1,160,43,117,24.26,38,10,28,27.0,3977416,1071568,2258416,594320,14,0,51,10,0,250421-221711_Run_1196_Idx_27734,2990,0,5e-05,20000000,39774160.0,10715680.0,22584160.0,5943200.0,0.73125,0.7368421052631579
958,1,320,91,229,25.17,171,52,119,25.27,1743592,455576,1768112,487008,4,0,51,10,0,250421-211234_Run_650_Idx_85321,1630,0,5e-05,20000000,17435920.0,4555760.0,17681120.0,4870080.0,0.715625,0.695906432748538
959,1,290,78,212,20.86,95,26,69,19.89,3093992,837256,1501728,416472,7,0,51,10,0,250421-225101_Run_1867_Idx_17819,4670,0,5e-05,20000000,30939920.0,8372560.0,15017280.0,4164720.0,0.7310344827586207,0.7263157894736842
960,1,320,92,228,23.67,171,50,121,24.47,1492760,401504,1437168,385448,4,0,51,10,0,250421-223255_Run_1550_Idx_45405,3880,0,5e-05,20000000,14927600.0,4015040.0,14371680.0,3854480.0,0.7125,0.7076023391812866
961,1,290,81,209,23.9,95,26,69,25.01,4011432,1060480,2077992,547752,7,0,51,10,0,250421-214613_Run_947_Idx_91252,2370,0,5e-05,20000000,40114320.0,10604800.0,20779920.0,5477520.0,0.7206896551724138,0.7263157894736842
962,1,320,91,229,22.18,171,49,122,22.16,1473616,390672,1019808,287368,4,0,51,10,0,250421-223336_Run_1734_Idx_53374,4340,0,5e-05,20000000,14736160.0,3906720.0,10198080.0,2873680.0,0.715625,0.7134502923976608
963,1,160,45,115,25.15,38,10,28,25.58,4568640,1191824,1797872,479184,14,0,51,10,0,250421-213347_Run_732_Idx_37464,1830,0,5e-05,20000000,45686400.0,11918240.0,17978720.0,4791840.0,0.71875,0.7368421052631579
964,1,160,43,117,22.69,38,10,28,21.42,3839464,993080,1452464,364048,14,0,51,10,0,250421-224932_Run_1808_Idx_87442,4520,0,5e-05,20000000,38394640.0,9930800.0,14524640.0,3640480.0,0.73125,0.7368421052631579
965,1,160,43,117,24.93,38,10,28,25.58,4587680,1189928,1913008,479184,14,0,51,10,0,250421-210348_Run_904_Idx_22272,2260,0,5e-05,20000000,45876800.0,11899280.0,19130080.0,4791840.0,0.73125,0.7368421052631579
966,1,290,92,198,24.89,95,37,58,21.88,4422312,1223448,1893352,517240,7,0,51,10,0,250421-212131_Run_159_Idx_88742,400,0,5e-05,20000000,44223120.0,12234480.0,18933520.0,5172400.0,0.6827586206896552,0.6105263157894737
967,1,290,78,212,15.28,95,26,69,18.16,1912712,529096,1237344,337248,7,0,51,10,0,250421-222316_Run_1363_Idx_20723,3410,0,5e-05,20000000,19127120.0,5290960.0,12373440.0,3372480.0,0.7310344827586207,0.7263157894736842
968,1,320,112,208,21.4,304,104,200,22.09,363968,96256,979648,261752,2,0,51,10,0,250421-220542_Run_1333_Idx_84899,3340,0,5e-05,20000000,3639680.0,962560.0,9796480.0,2617520.0,0.65,0.6578947368421053
969,1,160,45,115,26.1,38,11,27,25.58,5256576,1389504,1970576,538616,14,0,51,10,0,250421-205241_Run_212_Idx_41032,530,0,5e-05,20000000,52565760.0,13895040.0,19705760.0,5386160.0,0.71875,0.7105263157894737
970,1,320,94,226,25.3,304,80,224,27.0,458704,121200,1361920,358400,2,0,51,10,0,250421-214856_Run_825_Idx_35818,2070,0,5e-05,20000000,4587040.0,1212000.0,13619200.0,3584000.0,0.70625,0.7368421052631579
971,1,290,78,212,26.64,95,25,70,27.0,4781832,1280616,2320888,610760,7,0,51,10,0,250421-204338_Run_19_Idx_54015,50,0,5e-05,20000000,47818320.0,12806160.0,23208880.0,6107600.0,0.7310344827586207,0.7368421052631579
972,1,160,43,117,25.79,38,10,28,25.58,4884888,1308424,1797872,479184,14,0,51,10,0,250421-215201_Run_820_Idx_22272,2050,0,5e-05,20000000,48848880.0,13084240.0,17978720.0,4791840.0,0.73125,0.7368421052631579
973,1,320,102,218,20.62,171,58,113,21.33,1264176,347632,1133128,320704,4,0,51,10,0,250421-220632_Run_1214_Idx_92634,3040,0,5e-05,20000000,12641760.0,3476320.0,11331280.0,3207040.0,0.68125,0.6608187134502924
974,1,290,78,212,26.64,95,25,70,27.0,4781832,1280616,2320888,610760,7,0,51,10,0,250421-214940_Run_587_Idx_3654,1470,0,5e-05,20000000,47818320.0,12806160.0,23208880.0,6107600.0,0.7310344827586207,0.7368421052631579
975,1,320,80,240,26.65,304,80,224,27.0,494080,123520,1361920,358400,2,0,51,10,0,250421-213924_Run_129_Idx_71618,330,0,5e-05,20000000,4940800.0,1235200.0,13619200.0,3584000.0,0.75,0.7368421052631579
976,1,320,80,240,26.6,304,80,224,27.0,487424,121856,1361920,358400,2,0,51,10,0,250421-203850_Run_65_Idx_9346,170,0,5e-05,20000000,4874240.0,1218560.0,13619200.0,3584000.0,0.75,0.7368421052631579
977,1,320,89,231,25.3,304,104,200,23.83,434584,112840,1183816,344288,2,0,51,10,0,250421-212556_Run_981_Idx_39695,2460,0,5e-05,20000000,4345840.0,1128400.0,11838160.0,3442880.0,0.721875,0.6578947368421053
978,1,320,92,228,25.17,171,50,121,25.58,1767112,463768,1652864,450760,4,0,51,10,0,250421-220648_Run_1154_Idx_78824,2890,0,5e-05,20000000,17671120.0,4637680.0,16528640.0,4507600.0,0.7125,0.7076023391812866
979,1,290,78,212,20.22,95,25,70,16.43,3350792,854376,1021040,256256,7,0,51,10,0,250421-221344_Run_1499_Idx_91797,3750,0,5e-05,20000000,33507920.0,8543760.0,10210400.0,2562560.0,0.7310344827586207,0.7368421052631579
980,1,320,91,229,25.12,171,45,126,27.0,1690408,442496,1975848,519960,4,0,51,10,0,250421-210058_Run_434_Idx_61142,1090,0,5e-05,20000000,16904080.0,4424960.0,19758480.0,5199600.0,0.715625,0.7368421052631579
981,1,320,90,230,25.3,304,80,224,27.0,439408,114512,1361920,358400,2,0,51,10,0,250421-210225_Run_1025_Idx_27621,2570,0,5e-05,20000000,4394080.0,1145120.0,13619200.0,3584000.0,0.71875,0.7368421052631579
982,1,160,43,117,25.31,38,10,28,27.0,4452016,1170824,2258416,594320,14,0,51,10,0,250421-221602_Run_1432_Idx_22272,3580,0,5e-05,20000000,44520160.0,11708240.0,22584160.0,5943200.0,0.73125,0.7368421052631579
983,1,160,43,117,24.68,38,10,28,22.79,3759032,1026960,885680,251136,14,0,51,10,0,250421-221339_Run_1320_Idx_1820,3300,0,5e-05,20000000,37590320.0,10269600.0,8856800.0,2511360.0,0.73125,0.7368421052631579
984,1,320,80,240,26.6,304,80,224,27.0,487424,121856,1361920,358400,2,0,51,10,0,250421-210335_Run_429_Idx_2588,1080,0,5e-05,20000000,4874240.0,1218560.0,13619200.0,3584000.0,0.75,0.7368421052631579
985,1,290,78,212,20.94,95,26,69,23.31,2751592,751656,1603232,441848,7,0,51,10,0,250421-223403_Run_1671_Idx_87244,4180,0,5e-05,20000000,27515920.0,7516560.0,16032320.0,4418480.0,0.7310344827586207,0.7263157894736842
986,1,290,81,209,26.03,95,28,67,25.58,4514952,1216320,2124832,574024,7,0,51,10,0,250421-213200_Run_735_Idx_79075,1840,0,5e-05,20000000,45149520.0,12163200.0,21248320.0,5740240.0,0.7206896551724138,0.7052631578947368
987,1,160,43,117,26.6,38,10,28,27.0,5078216,1346768,2258416,594320,14,0,51,10,0,250421-204923_Run_456_Idx_27734,1140,0,5e-05,20000000,50782160.0,13467680.0,22584160.0,5943200.0,0.73125,0.7368421052631579
988,1,320,80,240,26.56,171,45,126,27.0,1942144,485536,1975848,519960,4,0,51,10,0,250421-205757_Run_202_Idx_48165,510,0,5e-05,20000000,19421440.0,4855360.0,19758480.0,5199600.0,0.75,0.7368421052631579
989,1,290,79,211,25.94,95,30,65,24.73,4611112,1243024,2130504,603816,7,0,51,10,0,250421-210614_Run_543_Idx_34666,1360,0,5e-05,20000000,46111120.0,12430240.0,21305040.0,6038160.0,0.7275862068965517,0.6842105263157895
990,1,320,80,240,26.6,304,80,224,27.0,487424,121856,1361920,358400,2,0,51,10,0,250421-215153_Run_229_Idx_29121,580,0,5e-05,20000000,4874240.0,1218560.0,13619200.0,3584000.0,0.75,0.7368421052631579
991,1,320,91,229,25.15,171,45,126,27.0,1664488,436016,1975848,519960,4,0,51,10,0,250421-214816_Run_826_Idx_56186,2070,0,5e-05,20000000,16644880.0,4360160.0,19758480.0,5199600.0,0.715625,0.7368421052631579
992,1,320,80,240,26.41,171,55,116,24.0,1880192,470048,1500184,395408,4,0,51,10,0,250421-211733_Run_522_Idx_71907,1310,0,5e-05,20000000,18801920.0,4700480.0,15001840.0,3954080.0,0.75,0.6783625730994152
993,1,290,77,213,22.68,95,26,69,22.8,3617672,971648,1501728,416472,7,0,51,10,0,250421-223301_Run_1735_Idx_54015,4340,0,5e-05,20000000,36176720.0,9716480.0,15017280.0,4164720.0,0.7344827586206897,0.7263157894736842
994,1,320,92,228,24.51,304,80,224,27.0,444232,116248,1361920,358400,2,0,51,10,0,250421-215728_Run_1169_Idx_44613,2930,0,5e-05,20000000,4442320.0,1162480.0,13619200.0,3584000.0,0.7125,0.7368421052631579
995,1,290,78,212,23.41,95,26,69,21.6,3248072,854376,1548960,402024,7,0,51,10,0,250421-221136_Run_1383_Idx_20723,3460,0,5e-05,20000000,32480720.0,8543760.0,15489600.0,4020240.0,0.7310344827586207,0.7263157894736842
996,1,160,43,117,25.15,38,10,28,27.0,4216352,1131496,2258416,594320,14,0,51,10,0,250421-230035_Run_1944_Idx_46277,4860,0,5e-05,20000000,42163520.0,11314960.0,22584160.0,5943200.0,0.73125,0.7368421052631579
997,1,320,92,228,25.3,304,80,224,27.0,449056,117856,1361920,358400,2,0,51,10,0,250421-205057_Run_929_Idx_3901,2330,0,5e-05,20000000,4490560.0,1178560.0,13619200.0,3584000.0,0.7125,0.7368421052631579
998,1,320,89,231,24.86,171,57,114,23.4,1642664,426152,1305296,387176,4,0,51,10,0,250421-221052_Run_1086_Idx_7817,2720,0,5e-05,20000000,16426640.0,4261520.0,13052960.0,3871760.0,0.721875,0.6666666666666666
999,1,160,43,117,23.63,38,10,28,22.74,4450080,1189928,1797872,479184,14,0,51,10,0,250421-220358_Run_1452_Idx_22272,3630,0,5e-05,20000000,44500800.0,11899280.0,17978720.0,4791840.0,0.73125,0.7368421052631579
1000,1,320,109,211,21.82,304,102,202,23.09,373256,97984,1023088,274512,2,0,51,10,0,250421-220028_Run_1401_Idx_79669,3510,0,5e-05,20000000,3732560.0,979840.0,10230880.0,2745120.0,0.659375,0.6644736842105263
1001,1,320,80,240,26.28,171,54,117,24.63,1880192,470048,1637080,443800,4,0,51,10,0,250421-213114_Run_498_Idx_27513,1250,0,5e-05,20000000,18801920.0,4700480.0,16370800.0,4438000.0,0.75,0.6842105263157895
1002,1,320,93,227,24.6,171,49,122,24.96,1550112,409984,1604336,437184,4,0,51,10,0,250421-222556_Run_1242_Idx_70468,3110,0,5e-05,20000000,15501120.0,4099840.0,16043360.0,4371840.0,0.709375,0.7134502923976608
1003,1,160,43,117,26.61,38,10,28,27.0,5235144,1386000,2258416,594320,14,0,51,10,0,250421-212743_Run_148_Idx_82007,370,0,5e-05,20000000,52351440.0,13860000.0,22584160.0,5943200.0,0.73125,0.7368421052631579
1004,1,160,43,117,26.06,38,10,28,27.0,5000480,1327528,2258416,594320,14,0,51,10,0,250421-210450_Run_664_Idx_87442,1660,0,5e-05,20000000,50004800.0,13275280.0,22584160.0,5943200.0,0.73125,0.7368421052631579
1005,1,320,89,231,25.15,304,80,224,27.0,420248,109256,1361920,358400,2,0,51,10,0,250421-222228_Run_1305_Idx_46170,3270,0,5e-05,20000000,4202480.0,1092560.0,13619200.0,3584000.0,0.721875,0.7368421052631579
1006,1,290,78,212,26.64,95,25,70,27.0,4781832,1280616,2320888,610760,7,0,51,10,0,250421-213308_Run_139_Idx_54015,350,0,5e-05,20000000,47818320.0,12806160.0,23208880.0,6107600.0,0.7310344827586207,0.7368421052631579
1007,1,290,81,209,24.71,95,30,65,22.21,4429352,1199200,1894656,525048,7,0,51,10,0,250421-205235_Run_807_Idx_80589,2020,0,5e-05,20000000,44293520.0,11992000.0,18946560.0,5250480.0,0.7206896551724138,0.6842105263157895
1008,1,160,43,117,26.61,38,10,28,27.0,5235144,1386000,2258416,594320,14,0,51,10,0,250421-213722_Run_132_Idx_82007,330,0,5e-05,20000000,52351440.0,13860000.0,22584160.0,5943200.0,0.73125,0.7368421052631579
1009,1,320,99,221,22.26,304,91,213,24.22,352352,94128,1131688,307768,2,0,51,10,0,250421-225429_Run_1861_Idx_59263,4660,0,5e-05,20000000,3523520.0,941280.0,11316880.0,3077680.0,0.690625,0.7006578947368421
1010,1,320,80,240,26.5,304,96,208,25.4,479744,119936,1257664,351888,2,0,51,10,0,250421-212025_Run_517_Idx_72648,1300,0,5e-05,20000000,4797440.0,1199360.0,12576640.0,3518880.0,0.75,0.6842105263157895
1011,1,290,79,211,24.41,95,25,70,22.99,3532072,973264,1375544,374424,7,0,51,10,0,250421-220115_Run_1283_Idx_85350,3210,0,5e-05,20000000,35320720.0,9732640.0,13755440.0,3744240.0,0.7275862068965517,0.7368421052631579
1012,1,160,43,117,26.61,38,10,28,27.0,5235144,1386000,2258416,594320,14,0,51,10,0,250421-211836_Run_164_Idx_82007,410,0,5e-05,20000000,52351440.0,13860000.0,22584160.0,5943200.0,0.73125,0.7368421052631579
1013,1,290,78,212,26.59,95,25,70,27.0,4720392,1265256,2320888,610760,7,0,51,10,0,250421-204030_Run_11_Idx_91797,30,0,5e-05,20000000,47203920.0,12652560.0,23208880.0,6107600.0,0.7310344827586207,0.7368421052631579
1014,1,320,110,210,22.69,304,96,208,24.78,378304,107752,1222912,338856,2,0,51,10,0,250421-210644_Run_1017_Idx_79491,2550,0,5e-05,20000000,3783040.0,1077520.0,12229120.0,3388560.0,0.65625,0.6842105263157895
1015,1,290,87,203,24.48,95,28,67,24.51,4063272,1129648,2074080,561336,7,0,51,10,0,250421-205340_Run_567_Idx_27768,1420,0,5e-05,20000000,40632720.0,11296480.0,20740800.0,5613360.0,0.7,0.7052631578947368
1016,1,320,80,240,25.75,171,63,108,23.88,1915904,478976,1721288,512816,4,0,51,10,0,250421-212031_Run_398_Idx_35030,1000,0,5e-05,20000000,19159040.0,4789760.0,17212880.0,5128160.0,0.75,0.631578947368421
1017,1,290,79,211,25.67,95,25,70,27.0,4593512,1195824,2320888,610760,7,0,51,10,0,250421-205918_Run_1031_Idx_66629,2580,0,5e-05,20000000,45935120.0,11958240.0,23208880.0,6107600.0,0.7275862068965517,0.7368421052631579
1018,1,320,95,225,25.25,304,80,224,27.0,456872,121208,1361920,358400,2,0,51,10,0,250421-205721_Run_441_Idx_37479,1110,0,5e-05,20000000,4568720.0,1212080.0,13619200.0,3584000.0,0.703125,0.7368421052631579
1019,1,320,80,240,26.56,171,45,126,27.0,1942144,485536,1975848,519960,4,0,51,10,0,250421-212545_Run_626_Idx_21514,1570,0,5e-05,20000000,19421440.0,4855360.0,19758480.0,5199600.0,0.75,0.7368421052631579
1020,1,320,108,212,19.82,304,97,207,21.46,296432,83136,927520,256456,2,0,51,10,0,250421-225817_Run_1921_Idx_84922,4810,0,5e-05,20000000,2964320.0,831360.0,9275200.0,2564560.0,0.6625,0.680921052631579
1021,1,320,90,230,24.05,171,61,110,21.92,1665160,434304,1196120,329392,4,0,51,10,0,250421-205308_Run_806_Idx_2254,2020,0,5e-05,20000000,16651600.0,4343040.0,11961200.0,3293920.0,0.71875,0.6432748538011696
1022,1,320,80,240,26.42,171,45,126,27.0,1915904,478976,1975848,519960,4,0,51,10,0,250421-213014_Run_738_Idx_54611,1850,0,5e-05,20000000,19159040.0,4789760.0,19758480.0,5199600.0,0.75,0.7368421052631579
1023,1,290,78,212,26.48,95,25,70,27.0,4628232,1242216,2320888,610760,7,0,51,10,0,250421-204143_Run_35_Idx_46758,90,0,5e-05,20000000,46282320.0,12422160.0,23208880.0,6107600.0,0.7310344827586207,0.7368421052631579
1024,1,320,80,240,26.6,304,92,212,24.05,487424,121856,1136032,312248,2,0,51,10,0,250421-225240_Run_1833_Idx_6070,4590,0,5e-05,20000000,4874240.0,1218560.0,11360320.0,3122480.0,0.75,0.6973684210526315
1025,1,160,43,117,16.09,38,10,28,17.26,2682680,718696,1337328,364048,14,0,51,10,0,250421-222244_Run_1364_Idx_46277,3410,0,5e-05,20000000,26826800.0,7186960.0,13373280.0,3640480.0,0.73125,0.7368421052631579
1026,1,290,78,212,26.45,95,25,70,27.0,4696232,1246376,2320888,610760,7,0,51,10,0,250421-205057_Run_691_Idx_3654,1730,0,5e-05,20000000,46962320.0,12463760.0,23208880.0,6107600.0,0.7310344827586207,0.7368421052631579
1027,1,160,43,117,20.25,38,10,28,21.32,3248304,815472,1452464,364048,14,0,51,10,0,250421-220516_Run_1216_Idx_27734,3040,0,5e-05,20000000,32483040.0,8154720.0,14524640.0,3640480.0,0.73125,0.7368421052631579
1028,1,320,95,225,22.95,171,53,118,23.71,1296800,335096,1344320,358864,4,0,51,10,0,250421-215923_Run_1286_Idx_46063,3220,0,5e-05,20000000,12968000.0,3350960.0,13443200.0,3588640.0,0.703125,0.6900584795321637
1029,1,320,94,226,24.2,304,99,205,22.5,432752,114712,1057840,287136,2,0,51,10,0,250421-220944_Run_1209_Idx_33612,3030,0,5e-05,20000000,4327520.0,1147120.0,10578400.0,2871360.0,0.70625,0.6743421052631579
1030,1,290,78,212,25.38,95,25,70,27.0,3864392,1042696,2320888,610760,7,0,51,10,0,250421-221621_Run_1375_Idx_10643,3440,0,5e-05,20000000,38643920.0,10426960.0,23208880.0,6107600.0,0.7310344827586207,0.7368421052631579
1031,1,320,88,232,25.19,171,45,126,27.0,1690864,437520,1975848,519960,4,0,51,10,0,250421-210153_Run_1026_Idx_13870,2570,0,5e-05,20000000,16908640.0,4375200.0,19758480.0,5199600.0,0.725,0.7368421052631579
1032,1,320,80,240,26.6,304,80,224,27.0,487424,121856,1361920,358400,2,0,51,10,0,250421-212319_Run_393_Idx_2588,990,0,5e-05,20000000,4874240.0,1218560.0,13619200.0,3584000.0,0.75,0.7368421052631579
1033,1,160,43,117,16.74,38,10,28,10.68,2344352,638696,70832,18640,14,0,51,10,0,250421-222222_Run_1484_Idx_13114,3710,0,5e-05,20000000,23443520.0,6386960.0,708320.0,186400.0,0.73125,0.7368421052631579
1034,1,290,78,212,21.16,95,25,70,22.47,3111112,803016,1493712,374424,7,0,51,10,0,250421-225712_Run_1963_Idx_42567,4910,0,5e-05,20000000,31111120.0,8030160.0,14937120.0,3744240.0,0.7310344827586207,0.7368421052631579
1035,1,320,80,240,26.56,171,63,108,24.16,1942144,485536,1774456,526552,4,0,51,10,0,250421-203859_Run_78_Idx_85321,200,0,5e-05,20000000,19421440.0,4855360.0,17744560.0,5265520.0,0.75,0.631578947368421
1036,1,320,114,206,6.66,171,69,102,3.3,343456,91136,66472,22408,4,0,51,10,0,250421-224103_Run_1598_Idx_20470,4000,0,5e-05,20000000,3434560.0,911360.0,664720.0,224080.0,0.64375,0.5964912280701754
1037,1,290,78,212,25.84,95,25,70,25.58,4309512,1128296,1966384,492592,7,0,51,10,0,250421-225835_Run_1975_Idx_91797,4940,0,5e-05,20000000,43095120.0,11282960.0,19663840.0,4925920.0,0.7310344827586207,0.7368421052631579
1038,1,160,43,117,23.11,38,10,28,21.42,4017208,1052328,1337328,364048,14,0,51,10,0,250421-225927_Run_1932_Idx_87442,4830,0,5e-05,20000000,40172080.0,10523280.0,13373280.0,3640480.0,0.73125,0.7368421052631579
1039,1,320,80,240,26.65,304,80,224,27.0,494080,123520,1361920,358400,2,0,51,10,0,250421-205003_Run_217_Idx_71618,550,0,5e-05,20000000,4940800.0,1235200.0,13619200.0,3584000.0,0.75,0.7368421052631579
1040,1,320,80,240,26.48,171,51,120,25.58,1915904,478976,1692296,464336,4,0,51,10,0,250421-215018_Run_706_Idx_42698,1770,0,5e-05,20000000,19159040.0,4789760.0,16922960.0,4643360.0,0.75,0.7017543859649122
1041,1,290,78,212,26.64,95,25,70,27.0,4781832,1280616,2320888,610760,7,0,51,10,0,250421-213803_Run_131_Idx_54015,330,0,5e-05,20000000,47818320.0,12806160.0,23208880.0,6107600.0,0.7310344827586207,0.7368421052631579
1042,1,290,78,212,26.39,95,25,70,27.0,4559752,1225096,2320888,610760,7,0,51,10,0,250421-212343_Run_511_Idx_46758,1280,0,5e-05,20000000,45597520.0,12250960.0,23208880.0,6107600.0,0.7310344827586207,0.7368421052631579
1043,1,320,86,234,24.56,171,53,118,23.84,1555792,399128,1323192,367960,4,0,51,10,0,250421-215737_Run_1346_Idx_49404,3370,0,5e-05,20000000,15557920.0,3991280.0,13231920.0,3679600.0,0.73125,0.6900584795321637
1044,1,290,79,211,26.2,95,25,70,27.0,4593992,1225904,2320888,610760,7,0,51,10,0,250421-213748_Run_487_Idx_82624,1220,0,5e-05,20000000,45939920.0,12259040.0,23208880.0,6107600.0,0.7275862068965517,0.7368421052631579
1045,1,320,80,240,26.6,304,94,210,25.58,487424,121856,1266352,351616,2,0,51,10,0,250421-210612_Run_781_Idx_88131,1960,0,5e-05,20000000,4874240.0,1218560.0,12663520.0,3516160.0,0.75,0.6907894736842105
1046,1,320,86,234,25.12,171,45,126,27.0,1589776,408056,1975848,519960,4,0,51,10,0,250421-221435_Run_1378_Idx_42698,3450,0,5e-05,20000000,15897760.0,4080560.0,19758480.0,5199600.0,0.73125,0.7368421052631579
1047,1,290,78,212,22.46,95,26,69,20.37,3533448,934280,1869312,495240,7,0,51,10,0,250421-230137_Run_1915_Idx_82624,4790,0,5e-05,20000000,35334480.0,9342800.0,18693120.0,4952400.0,0.7310344827586207,0.7263157894736842
1048,1,160,43,117,21.81,38,10,28,27.0,3664624,973976,2258416,594320,14,0,51,10,0,250421-230234_Run_1996_Idx_87442,4990,0,5e-05,20000000,36646240.0,9739760.0,22584160.0,5943200.0,0.73125,0.7368421052631579
1049,1,160,43,117,26.6,38,10,28,27.0,5078216,1346768,2258416,594320,14,0,51,10,0,250421-204409_Run_44_Idx_27734,110,0,5e-05,20000000,50782160.0,13467680.0,22584160.0,5943200.0,0.73125,0.7368421052631579
1050,1,290,78,212,25.12,95,26,69,24.44,4080392,1105256,1711776,468984,7,0,51,10,0,250421-223242_Run_1643_Idx_82624,4110,0,5e-05,20000000,40803920.0,11052560.0,17117760.0,4689840.0,0.7310344827586207,0.7263157894736842
1051,1,160,43,117,25.94,38,10,28,25.58,4782944,1248344,1913008,479184,14,0,51,10,0,250421-225758_Run_1976_Idx_13114,4940,0,5e-05,20000000,47829440.0,12483440.0,19130080.0,4791840.0,0.73125,0.7368421052631579
1052,1,160,43,117,19.71,38,10,28,21.47,2613504,730784,1346224,366272,14,0,51,10,0,250421-224314_Run_1624_Idx_1820,4060,0,5e-05,20000000,26135040.0,7307840.0,13462240.0,3662720.0,0.73125,0.7368421052631579
1053,1,320,102,218,22.82,171,50,121,24.95,1451752,402840,1653752,450760,4,0,51,10,0,250421-212207_Run_870_Idx_98019,2180,0,5e-05,20000000,14517520.0,4028400.0,16537520.0,4507600.0,0.68125,0.7076023391812866
1054,1,160,43,117,26.5,38,10,28,27.0,5078216,1346768,2258416,594320,14,0,51,10,0,250421-204444_Run_4_Idx_13114,10,0,5e-05,20000000,50782160.0,13467680.0,22584160.0,5943200.0,0.73125,0.7368421052631579
1055,1,320,80,240,25.88,171,55,116,24.63,1880192,470048,1507576,430088,4,0,51,10,0,250421-211110_Run_534_Idx_71907,1340,0,5e-05,20000000,18801920.0,4700480.0,15075760.0,4300880.0,0.75,0.6783625730994152
1056,1,160,43,117,25.68,38,10,28,25.63,4579352,1232040,1806768,481408,14,0,51,10,0,250421-211319_Run_768_Idx_46277,1920,0,5e-05,20000000,45793520.0,12320400.0,18067680.0,4814080.0,0.73125,0.7368421052631579
1057,1,160,44,116,24.08,38,10,28,24.16,4575264,1212576,1797872,479184,14,0,51,10,0,250421-214531_Run_948_Idx_37818,2370,0,5e-05,20000000,45752640.0,12125760.0,17978720.0,4791840.0,0.725,0.7368421052631579
1058,1,160,43,117,24.7,38,10,28,24.16,4254200,1150752,1797872,479184,14,0,51,10,0,250421-211329_Run_1004_Idx_60828,2510,0,5e-05,20000000,42542000.0,11507520.0,17978720.0,4791840.0,0.73125,0.7368421052631579
1059,1,160,43,117,23.38,38,10,28,20.0,4177784,1131648,1337328,364048,14,0,51,10,0,250421-225723_Run_1908_Idx_22272,4770,0,5e-05,20000000,41777840.0,11316480.0,13373280.0,3640480.0,0.73125,0.7368421052631579
1060,1,290,80,210,25.08,95,26,69,23.93,4131272,1128152,1733144,468104,7,0,51,10,0,250421-205716_Run_1035_Idx_53495,2590,0,5e-05,20000000,41312720.0,11281520.0,17331440.0,4681040.0,0.7241379310344828,0.7263157894736842
1061,1,160,43,117,24.78,38,10,28,24.47,4177784,1131648,1797872,479184,14,0,51,10,0,250421-220434_Run_1096_Idx_60828,2740,0,5e-05,20000000,41777840.0,11316480.0,17978720.0,4791840.0,0.73125,0.7368421052631579
1062,1,320,80,240,26.65,304,93,211,25.58,494080,123520,1253320,347136,2,0,51,10,0,250421-213546_Run_609_Idx_33852,1530,0,5e-05,20000000,4940800.0,1235200.0,12533200.0,3471360.0,0.75,0.694078947368421
1063,1,320,96,224,22.12,171,51,120,23.08,1237688,317792,1165984,306128,4,0,51,10,0,250421-224421_Run_1530_Idx_12812,3830,0,5e-05,20000000,12376880.0,3177920.0,11659840.0,3061280.0,0.7,0.7017543859649122
1064,1,290,78,212,26.36,95,25,70,27.0,4679112,1247184,2320888,610760,7,0,51,10,0,250421-212728_Run_623_Idx_3654,1560,0,5e-05,20000000,46791120.0,12471840.0,23208880.0,6107600.0,0.7310344827586207,0.7368421052631579
1065,1,320,93,227,24.38,304,80,224,27.0,439408,114704,1361920,358400,2,0,51,10,0,250421-210022_Run_1029_Idx_85489,2580,0,5e-05,20000000,4394080.0,1147040.0,13619200.0,3584000.0,0.709375,0.7368421052631579
1066,1,320,80,240,26.5,171,45,126,27.0,1915904,478976,1975848,519960,4,0,51,10,0,250421-212400_Run_274_Idx_51250,690,0,5e-05,20000000,19159040.0,4789760.0,19758480.0,5199600.0,0.75,0.7368421052631579
1067,1,160,43,117,26.43,38,12,26,25.58,5458536,1427448,2143280,598048,14,0,51,10,0,250421-204614_Run_40_Idx_59102,100,0,5e-05,20000000,54585360.0,14274480.0,21432800.0,5980480.0,0.73125,0.6842105263157895
1068,1,290,80,210,25.8,95,25,70,27.0,4473672,1213752,2320888,610760,7,0,51,10,0,250421-211259_Run_887_Idx_65032,2220,0,5e-05,20000000,44736720.0,12137520.0,23208880.0,6107600.0,0.7241379310344828,0.7368421052631579
1069,1,160,43,117,23.81,38,10,28,25.58,4056384,1091504,1797872,479184,14,0,51,10,0,250421-205246_Run_1044_Idx_60828,2610,0,5e-05,20000000,40563840.0,10915040.0,17978720.0,4791840.0,0.73125,0.7368421052631579
1070,1,160,43,117,23.51,38,10,28,21.42,3820712,1032392,1337328,364048,14,0,51,10,0,250421-221017_Run_1208_Idx_27734,3020,0,5e-05,20000000,38207120.0,10323920.0,13373280.0,3640480.0,0.73125,0.7368421052631579
1071,1,160,43,117,21.26,38,10,28,21.42,3190248,874776,1337328,364048,14,0,51,10,0,250421-223915_Run_1724_Idx_82007,4310,0,5e-05,20000000,31902480.0,8747760.0,13373280.0,3640480.0,0.73125,0.7368421052631579
1072,1,160,43,117,24.14,38,10,28,21.32,4097496,1111576,1337328,364048,14,0,51,10,0,250421-224011_Run_1568_Idx_22272,3920,0,5e-05,20000000,40974960.0,11115760.0,13373280.0,3640480.0,0.73125,0.7368421052631579
1073,1,320,88,232,25.17,171,45,126,27.0,1691728,437520,1975848,519960,4,0,51,10,0,250421-215309_Run_1114_Idx_13870,2790,0,5e-05,20000000,16917280.0,4375200.0,19758480.0,5199600.0,0.725,0.7368421052631579
1074,1,290,78,212,22.09,95,25,70,22.74,3155432,835496,1375544,374424,7,0,51,10,0,250421-230144_Run_1983_Idx_54015,4960,0,5e-05,20000000,31554320.0,8354960.0,13755440.0,3744240.0,0.7310344827586207,0.7368421052631579
1075,1,320,88,232,25.17,171,45,126,25.16,1691728,437520,1581384,421344,4,0,51,10,0,250421-220415_Run_1158_Idx_56405,2900,0,5e-05,20000000,16917280.0,4375200.0,15813840.0,4213440.0,0.725,0.7368421052631579
1076,1,320,92,228,25.3,304,80,224,25.63,449056,117856,1089536,290304,2,0,51,10,0,250421-220455_Run_1157_Idx_44613,2900,0,5e-05,20000000,4490560.0,1178560.0,10895360.0,2903040.0,0.7125,0.7368421052631579
1077,1,320,93,227,24.62,304,102,202,23.54,447224,117864,1079560,291888,2,0,51,10,0,250421-204928_Run_813_Idx_64418,2040,0,5e-05,20000000,4472240.0,1178640.0,10795600.0,2918880.0,0.709375,0.6644736842105263
1078,1,320,92,228,21.23,171,55,116,18.81,1249160,322160,860896,232152,4,0,51,10,0,250421-223554_Run_1730_Idx_57086,4330,0,5e-05,20000000,12491600.0,3221600.0,8608960.0,2321520.0,0.7125,0.6783625730994152
1079,1,320,94,226,24.44,304,80,224,27.0,419888,111496,1361920,358400,2,0,51,10,0,250421-222122_Run_1189_Idx_14466,2980,0,5e-05,20000000,4198880.0,1114960.0,13619200.0,3584000.0,0.70625,0.7368421052631579
1080,1,320,96,224,22.53,171,49,122,24.16,1153464,319400,1274320,354680,4,0,51,10,0,250421-221452_Run_1434_Idx_14641,3590,0,5e-05,20000000,11534640.0,3194000.0,12743200.0,3546800.0,0.7,0.7134502923976608
1081,1,160,43,117,25.58,38,10,28,24.26,4961304,1327528,1797872,479184,14,0,51,10,0,250421-222225_Run_1128_Idx_87442,2820,0,5e-05,20000000,49613040.0,13275280.0,17978720.0,4791840.0,0.73125,0.7368421052631579
1082,1,320,80,240,26.65,304,88,216,24.92,494080,123520,1196848,324736,2,0,51,10,0,250421-222414_Run_1125_Idx_54612,2820,0,5e-05,20000000,4940800.0,1235200.0,11968480.0,3247360.0,0.75,0.7105263157894737
1083,1,320,80,240,26.56,171,52,119,25.43,1942144,485536,1732616,477912,4,0,51,10,0,250421-220928_Run_1270_Idx_93172,3180,0,5e-05,20000000,19421440.0,4855360.0,17326160.0,4779120.0,0.75,0.695906432748538
1084,1,160,43,117,24.62,38,10,28,25.58,3901616,1033224,1797872,479184,14,0,51,10,0,250421-210600_Run_900_Idx_22272,2250,0,5e-05,20000000,39016160.0,10332240.0,17978720.0,4791840.0,0.73125,0.7368421052631579
1085,1,160,43,117,26.33,38,10,28,27.0,5078216,1346768,2258416,594320,14,0,51,10,0,250421-214951_Run_232_Idx_13114,580,0,5e-05,20000000,50782160.0,13467680.0,22584160.0,5943200.0,0.73125,0.7368421052631579
1086,1,320,92,228,20.07,171,50,121,22.27,1238592,323480,1326648,357864,4,0,51,10,0,250421-225005_Run_1790_Idx_88171,4480,0,5e-05,20000000,12385920.0,3234800.0,13266480.0,3578640.0,0.7125,0.7076023391812866
1087,1,290,79,211,26.4,95,25,70,27.0,4686152,1248944,2320888,610760,7,0,51,10,0,250421-205702_Run_323_Idx_17819,810,0,5e-05,20000000,46861520.0,12489440.0,23208880.0,6107600.0,0.7275862068965517,0.7368421052631579
1088,1,320,80,240,26.5,171,51,120,25.58,1942144,485536,1655912,455240,4,0,51,10,0,250421-213817_Run_842_Idx_98672,2110,0,5e-05,20000000,19421440.0,4855360.0,16559120.0,4552400.0,0.75,0.7017543859649122
1089,1,320,80,240,26.56,171,45,126,27.0,1942144,485536,1975848,519960,4,0,51,10,0,250421-214743_Run_590_Idx_21514,1480,0,5e-05,20000000,19421440.0,4855360.0,19758480.0,5199600.0,0.75,0.7368421052631579
1090,1,160,43,117,26.27,38,10,28,27.0,5118008,1366704,2258416,594320,14,0,51,10,0,250421-213003_Run_856_Idx_22272,2140,0,5e-05,20000000,51180080.0,13667040.0,22584160.0,5943200.0,0.73125,0.7368421052631579
1091,1,320,95,225,22.08,171,48,123,25.58,1115760,291280,1735616,450896,4,0,51,10,0,250421-223647_Run_1574_Idx_68388,3940,0,5e-05,20000000,11157600.0,2912800.0,17356160.0,4508960.0,0.703125,0.7192982456140351
1092,1,160,43,117,24.94,38,10,28,22.74,4647896,1249176,1337328,364048,14,0,51,10,0,250421-214301_Run_952_Idx_60828,2380,0,5e-05,20000000,46478960.0,12491760.0,13373280.0,3640480.0,0.73125,0.7368421052631579
1093,1,320,90,230,24.79,304,97,207,22.79,439408,114512,1109968,291208,2,0,51,10,0,250421-220555_Run_1449_Idx_84835,3630,0,5e-05,20000000,4394080.0,1145120.0,11099680.0,2912080.0,0.71875,0.680921052631579
1094,1,160,43,117,21.97,38,10,28,20.0,4017208,1052328,1337328,364048,14,0,51,10,0,250421-223321_Run_1612_Idx_87442,4030,0,5e-05,20000000,40172080.0,10523280.0,13373280.0,3640480.0,0.73125,0.7368421052631579
1095,1,290,78,212,25.89,95,25,70,27.0,4422312,1177896,2320888,610760,7,0,51,10,0,250421-223700_Run_1543_Idx_67176,3860,0,5e-05,20000000,44223120.0,11778960.0,23208880.0,6107600.0,0.7310344827586207,0.7368421052631579
1096,1,290,81,209,26.31,95,25,70,27.0,4669032,1267680,2320888,610760,7,0,51,10,0,250421-215405_Run_343_Idx_38204,860,0,5e-05,20000000,46690320.0,12676800.0,23208880.0,6107600.0,0.7206896551724138,0.7368421052631579
1097,1,290,78,212,21.08,95,25,70,21.12,2892136,786792,1347472,364120,7,0,51,10,0,250421-220136_Run_1399_Idx_10643,3500,0,5e-05,20000000,28921360.0,7867920.0,13474720.0,3641200.0,0.7310344827586207,0.7368421052631579
1098,1,160,43,117,21.68,38,10,28,21.32,3349280,914728,1337328,364048,14,0,51,10,0,250421-215800_Run_1168_Idx_87442,2920,0,5e-05,20000000,33492800.0,9147280.0,13373280.0,3640480.0,0.73125,0.7368421052631579
1099,1,320,80,240,26.41,171,45,126,27.0,1880192,470048,1975848,519960,4,0,51,10,0,250421-213830_Run_486_Idx_60744,1220,0,5e-05,20000000,18801920.0,4700480.0,19758480.0,5199600.0,0.75,0.7368421052631579
1100,1,320,96,224,21.95,171,46,125,24.53,1201248,323320,1475944,387360,4,0,51,10,0,250421-220937_Run_1506_Idx_88724,3770,0,5e-05,20000000,12012480.0,3233200.0,14759440.0,3873600.0,0.7,0.7309941520467836
1101,1,320,107,213,20.57,304,97,207,21.76,344536,88264,962272,247768,2,0,51,10,0,250421-230308_Run_1981_Idx_29661,4960,0,5e-05,20000000,3445360.0,882640.0,9622720.0,2477680.0,0.665625,0.680921052631579
1102,1,320,80,240,26.6,304,80,224,27.0,487424,121856,1361920,358400,2,0,51,10,0,250421-210854_Run_301_Idx_29121,760,0,5e-05,20000000,4874240.0,1218560.0,13619200.0,3584000.0,0.75,0.7368421052631579
1103,1,320,80,240,26.56,171,45,126,27.0,1942144,485536,1975848,519960,4,0,51,10,0,250421-214902_Run_114_Idx_48165,290,0,5e-05,20000000,19421440.0,4855360.0,19758480.0,5199600.0,0.75,0.7368421052631579
1104,1,290,79,211,26.13,95,32,63,24.44,4703272,1266064,2183016,631848,7,0,51,10,0,250421-212542_Run_271_Idx_46849,680,0,5e-05,20000000,47032720.0,12660640.0,21830160.0,6318480.0,0.7275862068965517,0.6631578947368421
1105,1,290,87,203,25.47,95,25,70,27.0,4412232,1221168,2320888,610760,7,0,51,10,0,250421-214112_Run_363_Idx_77536,910,0,5e-05,20000000,44122320.0,12211680.0,23208880.0,6107600.0,0.7,0.7368421052631579
1106,1,320,80,240,26.6,304,80,224,27.0,487424,121856,1361920,358400,2,0,51,10,0,250421-204341_Run_45_Idx_2588,120,0,5e-05,20000000,4874240.0,1218560.0,13619200.0,3584000.0,0.75,0.7368421052631579
1107,1,320,116,204,22.26,304,108,196,23.89,397600,117784,1118656,331800,2,0,51,10,0,250421-204855_Run_933_Idx_68969,2340,0,5e-05,20000000,3976000.0,1177840.0,11186560.0,3318000.0,0.6375,0.6447368421052632
1108,1,290,78,212,26.64,95,25,70,27.0,4781832,1280616,2320888,610760,7,0,51,10,0,250421-204106_Run_75_Idx_3654,190,0,5e-05,20000000,47818320.0,12806160.0,23208880.0,6107600.0,0.7310344827586207,0.7368421052631579
1109,1,320,92,228,25.3,304,80,224,27.0,449056,117856,1361920,358400,2,0,51,10,0,250421-221712_Run_1137_Idx_44613,2850,0,5e-05,20000000,4490560.0,1178560.0,13619200.0,3584000.0,0.7125,0.7368421052631579
1110,1,320,96,224,24.99,304,103,201,23.5,455488,124544,1140376,322432,2,0,51,10,0,250421-204752_Run_697_Idx_77893,1750,0,5e-05,20000000,4554880.0,1245440.0,11403760.0,3224320.0,0.7,0.6611842105263158
1111,1,160,43,117,22.72,38,10,28,24.26,3661104,953072,1797872,479184,14,0,51,10,0,250421-225242_Run_1864_Idx_13114,4660,0,5e-05,20000000,36611040.0,9530720.0,17978720.0,4791840.0,0.73125,0.7368421052631579
1112,1,160,43,117,23.33,38,10,28,19.89,3779600,1012320,876784,248912,14,0,51,10,0,250421-221236_Run_1204_Idx_27734,3010,0,5e-05,20000000,37796000.0,10123200.0,8767840.0,2489120.0,0.73125,0.7368421052631579
1113,1,290,78,212,26.59,95,25,70,27.0,4720392,1265256,2320888,610760,7,0,51,10,0,250421-212325_Run_275_Idx_91797,690,0,5e-05,20000000,47203920.0,12652560.0,23208880.0,6107600.0,0.7310344827586207,0.7368421052631579
1114,1,160,45,115,25.89,38,10,28,25.58,4842512,1310376,1797872,479184,14,0,51,10,0,250421-210707_Run_660_Idx_59474,1650,0,5e-05,20000000,48425120.0,13103760.0,17978720.0,4791840.0,0.71875,0.7368421052631579
1115,1,320,80,240,26.41,171,45,126,27.0,1880192,470048,1975848,519960,4,0,51,10,0,250421-215346_Run_462_Idx_60744,1160,0,5e-05,20000000,18801920.0,4700480.0,19758480.0,5199600.0,0.75,0.7368421052631579
1116,1,290,78,212,21.89,95,26,69,22.84,2734472,734536,1547136,401568,7,0,51,10,0,250421-223305_Run_1703_Idx_20723,4260,0,5e-05,20000000,27344720.0,7345360.0,15471360.0,4015680.0,0.7310344827586207,0.7263157894736842
1117,1,320,93,227,24.6,171,45,126,27.0,1523168,403464,1975848,519960,4,0,51,10,0,250421-213215_Run_970_Idx_32348,2430,0,5e-05,20000000,15231680.0,4034640.0,19758480.0,5199600.0,0.709375,0.7368421052631579
1118,1,160,43,117,22.06,38,10,28,22.74,3602080,953128,1452464,364048,14,0,51,10,0,250421-225847_Run_1988_Idx_82007,4970,0,5e-05,20000000,36020800.0,9531280.0,14524640.0,3640480.0,0.73125,0.7368421052631579
1119,1,290,78,212,20.83,95,25,70,23.06,3138312,869736,1848216,492592,7,0,51,10,0,250421-224931_Run_1791_Idx_96012,4480,0,5e-05,20000000,31383120.0,8697360.0,18482160.0,4925920.0,0.7310344827586207,0.7368421052631579
1120,1,160,43,117,26.33,38,10,28,27.0,4934072,1320720,2258416,594320,14,0,51,10,0,250421-204853_Run_576_Idx_1820,1440,0,5e-05,20000000,49340720.0,13207200.0,22584160.0,5943200.0,0.73125,0.7368421052631579
1121,1,320,80,240,26.6,304,80,224,27.0,487424,121856,1361920,358400,2,0,51,10,0,250421-213624_Run_253_Idx_29121,640,0,5e-05,20000000,4874240.0,1218560.0,13619200.0,3584000.0,0.75,0.7368421052631579
1122,1,320,80,240,26.3,304,95,209,25.58,494080,123520,1279384,356096,2,0,51,10,0,250421-213649_Run_133_Idx_47997,340,0,5e-05,20000000,4940800.0,1235200.0,12793840.0,3560960.0,0.75,0.6875
1123,1,160,43,117,25.82,38,10,28,27.0,4884280,1308272,2258416,594320,14,0,51,10,0,250421-221809_Run_1372_Idx_46277,3430,0,5e-05,20000000,48842800.0,13082720.0,22584160.0,5943200.0,0.73125,0.7368421052631579
1124,1,160,43,117,26.56,38,10,28,27.0,5355000,1425952,2258416,594320,14,0,51,10,0,250421-214859_Run_588_Idx_87442,1470,0,5e-05,20000000,53550000.0,14259520.0,22584160.0,5943200.0,0.73125,0.7368421052631579
1125,1,160,43,117,19.23,38,10,28,22.84,2842424,797808,1797872,479184,14,0,51,10,0,250421-222737_Run_1412_Idx_22272,3530,0,5e-05,20000000,28424240.0,7978080.0,17978720.0,4791840.0,0.73125,0.7368421052631579
1126,1,320,94,226,19.92,171,50,121,20.58,1073752,287008,889592,248776,4,0,51,10,0,250421-224919_Run_1870_Idx_76172,4680,0,5e-05,20000000,10737520.0,2870080.0,8895920.0,2487760.0,0.70625,0.7076023391812866
1127,1,320,103,217,22.08,304,98,206,21.24,366824,100816,866704,239216,2,0,51,10,0,250421-224357_Run_1745_Idx_28439,4370,0,5e-05,20000000,3668240.0,1008160.0,8667040.0,2392160.0,0.678125,0.6776315789473685
1128,1,160,43,117,26.56,38,10,28,27.0,5355000,1425952,2258416,594320,14,0,51,10,0,250421-212435_Run_628_Idx_87442,1570,0,5e-05,20000000,53550000.0,14259520.0,22584160.0,5943200.0,0.73125,0.7368421052631579
1129,1,290,78,212,26.21,95,28,67,25.58,4497832,1196776,2235136,614728,7,0,51,10,0,250421-211559_Run_763_Idx_18971,1910,0,5e-05,20000000,44978320.0,11967760.0,22351360.0,6147280.0,0.7310344827586207,0.7052631578947368
1130,1,320,91,229,23.32,171,54,117,21.66,1433432,366576,1393392,386880,4,0,51,10,0,250421-222953_Run_1586_Idx_14641,3970,0,5e-05,20000000,14334320.0,3665760.0,13933920.0,3868800.0,0.715625,0.6842105263157895
1131,1,320,80,240,26.5,171,45,126,27.0,1915904,478976,1975848,519960,4,0,51,10,0,250421-215112_Run_230_Idx_51250,580,0,5e-05,20000000,19159040.0,4789760.0,19758480.0,5199600.0,0.75,0.7368421052631579
1132,1,320,80,240,26.12,171,54,117,24.33,1942144,485536,1609072,456736,4,0,51,10,0,250421-205543_Run_682_Idx_93587,1710,0,5e-05,20000000,19421440.0,4855360.0,16090720.0,4567360.0,0.75,0.6842105263157895
1133,1,320,89,231,24.72,171,45,126,27.0,1696552,439192,1975848,519960,4,0,51,10,0,250421-204740_Run_1054_Idx_25126,2640,0,5e-05,20000000,16965520.0,4391920.0,19758480.0,5199600.0,0.721875,0.7368421052631579
1134,1,320,80,240,26.48,171,50,121,23.9,1915904,478976,1416680,380400,4,0,51,10,0,250421-224027_Run_1690_Idx_26793,4230,0,5e-05,20000000,19159040.0,4789760.0,14166800.0,3804000.0,0.75,0.7076023391812866
1135,1,320,80,240,26.6,304,107,197,23.02,487424,121856,1088248,292568,2,0,51,10,0,250421-214038_Run_721_Idx_39412,1810,0,5e-05,20000000,4874240.0,1218560.0,10882480.0,2925680.0,0.75,0.6480263157894737
1136,1,320,88,232,23.78,171,53,118,25.11,1483568,381776,1690840,469952,4,0,51,10,0,250421-221854_Run_1134_Idx_95140,2840,0,5e-05,20000000,14835680.0,3817760.0,16908400.0,4699520.0,0.725,0.6900584795321637
1137,1,290,77,213,24.27,95,26,69,24.44,3480712,937408,2077600,560440,7,0,51,10,0,250421-222521_Run_1243_Idx_54015,3110,0,5e-05,20000000,34807120.0,9374080.0,20776000.0,5604400.0,0.7344827586206897,0.7263157894736842
1138,1,290,86,204,25.66,95,25,70,27.0,4497832,1237480,2320888,610760,7,0,51,10,0,250421-211421_Run_291_Idx_46849,730,0,5e-05,20000000,44978320.0,12374800.0,23208880.0,6107600.0,0.7034482758620689,0.7368421052631579
1139,1,160,44,116,26.27,38,12,26,25.58,5176672,1367728,2143280,598048,14,0,51,10,0,250421-211621_Run_168_Idx_41032,420,0,5e-05,20000000,51766720.0,13677280.0,21432800.0,5980480.0,0.725,0.6842105263157895
1140,1,160,44,116,25.82,38,10,28,27.0,4776984,1283248,2258416,594320,14,0,51,10,0,250421-211419_Run_528_Idx_80582,1320,0,5e-05,20000000,47769840.0,12832480.0,22584160.0,5943200.0,0.725,0.7368421052631579
1141,1,320,91,229,25.3,304,80,224,27.0,444232,116184,1361920,358400,2,0,51,10,0,250421-205413_Run_685_Idx_69773,1720,0,5e-05,20000000,4442320.0,1161840.0,13619200.0,3584000.0,0.715625,0.7368421052631579
1142,1,290,79,211,23.85,95,25,70,23.29,3686632,1003344,1848216,492592,7,0,51,10,0,250421-220925_Run_1327_Idx_82624,3320,0,5e-05,20000000,36866320.0,10033440.0,18482160.0,4925920.0,0.7275862068965517,0.7368421052631579
1143,1,160,43,117,24.66,38,10,28,23.05,4210760,1129904,1337328,364048,14,0,51,10,0,250421-220038_Run_1284_Idx_82007,3210,0,5e-05,20000000,42107600.0,11299040.0,13373280.0,3640480.0,0.73125,0.7368421052631579
1144,1,320,90,230,25.15,171,45,126,27.0,1640968,427824,1975848,519960,4,0,51,10,0,250421-211957_Run_874_Idx_55677,2190,0,5e-05,20000000,16409680.0,4278240.0,19758480.0,5199600.0,0.71875,0.7368421052631579
1145,1,160,43,117,24.52,38,10,28,24.21,3908160,1054448,1346224,366272,14,0,51,10,0,250421-224438_Run_1560_Idx_22272,3900,0,5e-05,20000000,39081600.0,10544480.0,13462240.0,3662720.0,0.73125,0.7368421052631579
1146,1,290,78,212,26.64,95,25,70,27.0,4781832,1280616,2320888,610760,7,0,51,10,0,250421-204143_Run_87_Idx_96012,220,0,5e-05,20000000,47818320.0,12806160.0,23208880.0,6107600.0,0.7310344827586207,0.7368421052631579
1147,1,160,43,117,23.14,38,10,28,25.58,3641256,953128,1913008,479184,14,0,51,10,0,250421-215533_Run_1292_Idx_82007,3230,0,5e-05,20000000,36412560.0,9531280.0,19130080.0,4791840.0,0.73125,0.7368421052631579
1148,1,320,80,240,26.39,171,50,121,25.58,1942144,485536,1653752,450760,4,0,51,10,0,250421-215815_Run_1106_Idx_97989,2770,0,5e-05,20000000,19421440.0,4855360.0,16537520.0,4507600.0,0.75,0.7076023391812866
1149,1,320,111,209,21.58,304,101,203,23.35,334664,93288,1018744,287408,2,0,51,10,0,250421-215755_Run_1405_Idx_23345,3520,0,5e-05,20000000,3346640.0,932880.0,10187440.0,2874080.0,0.653125,0.6677631578947368
1150,1,290,78,212,26.64,95,25,70,27.0,4781832,1280616,2320888,610760,7,0,51,10,0,250421-203940_Run_103_Idx_67176,260,0,5e-05,20000000,47818320.0,12806160.0,23208880.0,6107600.0,0.7310344827586207,0.7368421052631579
1151,1,290,79,211,26.13,95,28,67,25.58,4703272,1266064,2288040,628296,7,0,51,10,0,250421-212802_Run_267_Idx_82160,670,0,5e-05,20000000,47032720.0,12660640.0,22880400.0,6282960.0,0.7275862068965517,0.7052631578947368
1152,1,160,43,117,21.01,38,10,28,22.95,3665952,993896,1797872,479184,14,0,51,10,0,250421-225453_Run_1844_Idx_46277,4610,0,5e-05,20000000,36659520.0,9938960.0,17978720.0,4791840.0,0.73125,0.7368421052631579
1153,1,160,43,117,24.08,38,10,28,25.58,3977640,1071624,1797872,479184,14,0,51,10,0,250421-215805_Run_1288_Idx_82007,3220,0,5e-05,20000000,39776400.0,10716240.0,17978720.0,4791840.0,0.73125,0.7368421052631579
1154,1,290,78,212,21.46,95,25,70,24.21,2991272,820136,1848216,492592,7,0,51,10,0,250421-220856_Run_1507_Idx_91797,3770,0,5e-05,20000000,29912720.0,8201360.0,18482160.0,4925920.0,0.7310344827586207,0.7368421052631579
1155,1,160,44,116,25.55,38,10,28,27.0,4888672,1290928,2258416,594320,14,0,51,10,0,250421-212221_Run_632_Idx_56251,1580,0,5e-05,20000000,48886720.0,12909280.0,22584160.0,5943200.0,0.725,0.7368421052631579
1156,1,320,80,240,26.5,171,45,126,27.0,1915904,478976,1975848,519960,4,0,51,10,0,250421-204111_Run_10_Idx_51250,30,0,5e-05,20000000,19159040.0,4789760.0,19758480.0,5199600.0,0.75,0.7368421052631579
1157,1,320,93,227,24.88,304,80,224,27.0,421720,111488,1361920,358400,2,0,51,10,0,250421-221451_Run_1141_Idx_33852,2860,0,5e-05,20000000,4217200.0,1114880.0,13619200.0,3584000.0,0.709375,0.7368421052631579
1158,1,320,95,225,22.92,304,90,214,22.41,415288,110008,861536,230320,2,0,51,10,0,250421-225418_Run_1877_Idx_65440,4700,0,5e-05,20000000,4152880.0,1100080.0,8615360.0,2303200.0,0.703125,0.7039473684210527
1159,1,290,82,208,22.04,95,32,63,18.8,3497832,992808,1471888,434032,7,0,51,10,0,250421-205517_Run_1039_Idx_28705,2600,0,5e-05,20000000,34978320.0,9928080.0,14718880.0,4340320.0,0.7172413793103448,0.6631578947368421
1160,1,320,80,240,26.48,171,45,126,25.58,1915904,478976,1673760,419264,4,0,51,10,0,250421-225911_Run_1974_Idx_51250,4940,0,5e-05,20000000,19159040.0,4789760.0,16737600.0,4192640.0,0.75,0.7368421052631579
1161,1,290,78,212,25.71,95,25,70,27.0,4165512,1126536,2320888,610760,7,0,51,10,0,250421-222120_Run_1423_Idx_96012,3560,0,5e-05,20000000,41655120.0,11265360.0,23208880.0,6107600.0,0.7310344827586207,0.7368421052631579
1162,1,320,104,216,21.73,304,112,192,19.62,343064,90920,831952,223744,2,0,51,10,0,250421-223823_Run_1633_Idx_84899,4090,0,5e-05,20000000,3430640.0,909200.0,8319520.0,2237440.0,0.675,0.631578947368421
1163,1,320,103,217,21.27,304,96,208,21.98,339488,91168,953584,260664,2,0,51,10,0,250421-225825_Run_1961_Idx_88418,4910,0,5e-05,20000000,3394880.0,911680.0,9535840.0,2606640.0,0.678125,0.6842105263157895
1164,1,160,44,116,24.17,38,10,28,24.16,4333232,1171656,1797872,479184,14,0,51,10,0,250421-214156_Run_836_Idx_78589,2090,0,5e-05,20000000,43332320.0,11716560.0,17978720.0,4791840.0,0.725,0.7368421052631579
1165,1,320,80,240,26.48,171,45,126,27.0,1915904,478976,1975848,519960,4,0,51,10,0,250421-213154_Run_378_Idx_33009,950,0,5e-05,20000000,19159040.0,4789760.0,19758480.0,5199600.0,0.75,0.7368421052631579
1166,1,290,78,212,21.95,95,26,69,18.71,3624712,991336,1499904,416016,7,0,51,10,0,250421-222531_Run_1359_Idx_20723,3400,0,5e-05,20000000,36247120.0,9913360.0,14999040.0,4160160.0,0.7310344827586207,0.7263157894736842
1167,1,290,83,207,25.52,95,25,70,27.0,4268232,1164816,2320888,610760,7,0,51,10,0,250421-212254_Run_631_Idx_90023,1580,0,5e-05,20000000,42682320.0,11648160.0,23208880.0,6107600.0,0.7137931034482758,0.7368421052631579
1168,1,290,78,212,23.15,95,25,70,24.46,3556232,939976,1848216,492592,7,0,51,10,0,250421-224842_Run_1855_Idx_10643,4640,0,5e-05,20000000,35562320.0,9399760.0,18482160.0,4925920.0,0.7310344827586207,0.7368421052631579
1169,1,290,78,212,25.76,95,31,64,23.33,4463592,1162536,2025088,538624,7,0,51,10,0,250421-214150_Run_719_Idx_79075,1800,0,5e-05,20000000,44635920.0,11625360.0,20250880.0,5386240.0,0.7310344827586207,0.6736842105263158
1170,1,320,92,228,23.4,304,114,190,19.7,397376,104936,827608,232704,2,0,51,10,0,250421-223717_Run_1757_Idx_33356,4400,0,5e-05,20000000,3973760.0,1049360.0,8276080.0,2327040.0,0.7125,0.625
1171,1,320,80,240,26.48,171,45,126,27.0,1915904,478976,1975848,519960,4,0,51,10,0,250421-212531_Run_746_Idx_54611,1870,0,5e-05,20000000,19159040.0,4789760.0,19758480.0,5199600.0,0.75,0.7368421052631579
1172,1,160,43,117,26.5,38,10,28,27.0,5078216,1346768,2258416,594320,14,0,51,10,0,250421-204220_Run_8_Idx_13114,20,0,5e-05,20000000,50782160.0,13467680.0,22584160.0,5943200.0,0.73125,0.7368421052631579
1173,1,320,91,229,25.3,304,80,224,27.0,444232,116184,1361920,358400,2,0,51,10,0,250421-214626_Run_829_Idx_71031,2080,0,5e-05,20000000,4442320.0,1161840.0,13619200.0,3584000.0,0.715625,0.7368421052631579
1174,1,320,92,228,21.61,171,53,118,19.64,1249848,330328,985768,270016,4,0,51,10,0,250421-225136_Run_1866_Idx_64806,4670,0,5e-05,20000000,12498480.0,3303280.0,9857680.0,2700160.0,0.7125,0.6900584795321637
1175,1,320,95,225,24.45,304,106,198,24.2,456872,121208,1179472,344560,2,0,51,10,0,250421-211849_Run_401_Idx_1902,1010,0,5e-05,20000000,4568720.0,1212080.0,11794720.0,3445600.0,0.703125,0.6513157894736842
1176,1,320,87,233,25.15,304,80,224,27.0,410600,105912,1361920,358400,2,0,51,10,0,250421-224813_Run_1825_Idx_82191,4570,0,5e-05,20000000,4106000.0,1059120.0,13619200.0,3584000.0,0.728125,0.7368421052631579
1177,1,320,80,240,26.6,304,80,224,27.0,487424,121856,1361920,358400,2,0,51,10,0,250421-212828_Run_741_Idx_9346,1860,0,5e-05,20000000,4874240.0,1218560.0,13619200.0,3584000.0,0.75,0.7368421052631579
1178,1,160,43,117,22.51,38,10,28,21.37,3567168,934800,1452464,364048,14,0,51,10,0,250421-222841_Run_1588_Idx_22272,3970,0,5e-05,20000000,35671680.0,9348000.0,14524640.0,3640480.0,0.73125,0.7368421052631579
1179,1,290,81,209,26.17,95,30,65,25.58,4644872,1248800,2202720,614744,7,0,51,10,0,250421-214545_Run_119_Idx_99699,300,0,5e-05,20000000,46448720.0,12488000.0,22027200.0,6147440.0,0.7206896551724138,0.6842105263157895
1180,1,290,81,209,23.76,95,28,67,24.47,3840232,1043360,2021960,548648,7,0,51,10,0,250421-210744_Run_1015_Idx_60040,2540,0,5e-05,20000000,38402320.0,10433600.0,20219600.0,5486480.0,0.7206896551724138,0.7052631578947368
1181,1,320,102,218,23.55,171,51,120,25.27,1516944,418808,1728680,473432,4,0,51,10,0,250421-214311_Run_834_Idx_42850,2090,0,5e-05,20000000,15169440.0,4188080.0,17286800.0,4734320.0,0.68125,0.7017543859649122
1182,1,290,78,212,24.26,95,25,70,24.74,3654152,990248,1848216,492592,7,0,51,10,0,250421-223138_Run_1583_Idx_96012,3960,0,5e-05,20000000,36541520.0,9902480.0,18482160.0,4925920.0,0.7310344827586207,0.7368421052631579
1183,1,320,80,240,26.54,171,52,119,24.32,1942144,485536,1516784,394408,4,0,51,10,0,250421-213657_Run_962_Idx_55651,2410,0,5e-05,20000000,19421440.0,4855360.0,15167840.0,3944080.0,0.75,0.695906432748538
1184,1,320,80,240,26.6,304,80,224,27.0,487424,121856,1361920,358400,2,0,51,10,0,250421-213958_Run_365_Idx_2588,920,0,5e-05,20000000,4874240.0,1218560.0,13619200.0,3584000.0,0.75,0.7368421052631579
1185,1,320,80,240,26.56,171,45,126,27.0,1942144,485536,1975848,519960,4,0,51,10,0,250421-210415_Run_190_Idx_48165,480,0,5e-05,20000000,19421440.0,4855360.0,19758480.0,5199600.0,0.75,0.7368421052631579
1186,1,290,77,213,21.03,95,26,69,18.66,3001352,766208,1239168,311448,7,0,51,10,0,250421-223519_Run_1731_Idx_54015,4330,0,5e-05,20000000,30013520.0,7662080.0,12391680.0,3114480.0,0.7344827586206897,0.7263157894736842
1187,1,320,102,218,22.73,304,89,215,25.58,352576,95984,1231600,329216,2,0,51,10,0,250421-223722_Run_1573_Idx_97626,3940,0,5e-05,20000000,3525760.0,959840.0,12316000.0,3292160.0,0.68125,0.7072368421052632
1188,1,160,43,117,24.12,38,10,28,24.74,4059392,1092408,1797872,479184,14,0,51,10,0,250421-223101_Run_1584_Idx_22272,3960,0,5e-05,20000000,40593920.0,10924080.0,17978720.0,4791840.0,0.73125,0.7368421052631579
1189,1,320,102,218,24.15,304,94,210,25.58,413456,112008,1275040,351616,2,0,51,10,0,250421-210356_Run_785_Idx_52642,1970,0,5e-05,20000000,4134560.0,1120080.0,12750400.0,3516160.0,0.68125,0.6907894736842105
1190,1,160,43,117,26.61,38,10,28,27.0,5235144,1386000,2258416,594320,14,0,51,10,0,250421-204513_Run_16_Idx_82007,40,0,5e-05,20000000,52351440.0,13860000.0,22584160.0,5943200.0,0.73125,0.7368421052631579
1191,1,160,43,117,25.93,38,10,28,25.58,4804600,1288352,1797872,479184,14,0,51,10,0,250421-210919_Run_1012_Idx_60828,2530,0,5e-05,20000000,48046000.0,12883520.0,17978720.0,4791840.0,0.73125,0.7368421052631579
1192,1,320,80,240,25.8,304,102,202,19.47,487424,121856,745072,191976,2,0,51,10,0,250421-223503_Run_1761_Idx_65215,4410,0,5e-05,20000000,4874240.0,1218560.0,7450720.0,1919760.0,0.75,0.6644736842105263
1193,1,160,43,117,22.38,38,10,28,22.74,3818032,992304,1337328,364048,14,0,51,10,0,250421-230104_Run_1984_Idx_82007,4960,0,5e-05,20000000,38180320.0,9923040.0,13373280.0,3640480.0,0.73125,0.7368421052631579
1194,1,320,80,240,26.65,304,80,224,27.0,494080,123520,1361920,358400,2,0,51,10,0,250421-204223_Run_21_Idx_71618,60,0,5e-05,20000000,4940800.0,1235200.0,13619200.0,3584000.0,0.75,0.7368421052631579
1195,1,320,80,240,25.84,171,53,118,25.58,1880192,470048,1699280,473296,4,0,51,10,0,250421-210430_Run_546_Idx_77904,1370,0,5e-05,20000000,18801920.0,4700480.0,16992800.0,4732960.0,0.75,0.6900584795321637
1196,1,160,43,117,25.17,38,10,28,25.58,4371728,1150752,1797872,479184,14,0,51,10,0,250421-220205_Run_1100_Idx_60828,2750,0,5e-05,20000000,43717280.0,11507520.0,17978720.0,4791840.0,0.73125,0.7368421052631579
1197,1,320,93,227,25.12,171,45,126,27.0,1718752,452360,1975848,519960,4,0,51,10,0,250421-211356_Run_410_Idx_3770,1030,0,5e-05,20000000,17187520.0,4523600.0,19758480.0,5199600.0,0.709375,0.7368421052631579
1198,1,320,86,234,24.2,171,45,126,27.0,1269168,327472,1975848,519960,4,0,51,10,0,250421-230156_Run_1942_Idx_42698,4860,0,5e-05,20000000,12691680.0,3274720.0,19758480.0,5199600.0,0.73125,0.7368421052631579
1199,1,320,80,240,26.45,171,45,126,27.0,1915904,478976,1975848,519960,4,0,51,10,0,250421-213814_Run_250_Idx_51250,630,0,5e-05,20000000,19159040.0,4789760.0,19758480.0,5199600.0,0.75,0.7368421052631579
1200,1,290,80,210,26.08,95,27,68,25.58,4525032,1213752,2156368,587584,7,0,51,10,0,250421-213738_Run_843_Idx_76910,2110,0,5e-05,20000000,45250320.0,12137520.0,21563680.0,5875840.0,0.7241379310344828,0.7157894736842105
1201,1,160,43,117,26.61,38,10,28,27.0,5235144,1386000,2258416,594320,14,0,51,10,0,250421-211204_Run_176_Idx_82007,440,0,5e-05,20000000,52351440.0,13860000.0,22584160.0,5943200.0,0.73125,0.7368421052631579
1202,1,320,80,240,26.5,171,45,126,27.0,1942144,485536,1975848,519960,4,0,51,10,0,250421-203947_Run_90_Idx_80127,230,0,5e-05,20000000,19421440.0,4855360.0,19758480.0,5199600.0,0.75,0.7368421052631579
1203,1,160,43,117,22.76,38,10,28,20.11,3626776,993896,1337328,364048,14,0,51,10,0,250421-225022_Run_1852_Idx_46277,4630,0,5e-05,20000000,36267760.0,9938960.0,13373280.0,3640480.0,0.73125,0.7368421052631579
1204,1,160,43,117,25.99,38,10,28,27.0,5159120,1347600,2258416,594320,14,0,51,10,0,250421-205734_Run_916_Idx_22272,2290,0,5e-05,20000000,51591200.0,13476000.0,22584160.0,5943200.0,0.73125,0.7368421052631579
1205,1,290,83,207,26.03,95,30,65,25.58,4566312,1252176,2202720,614744,7,0,51,10,0,250421-213245_Run_259_Idx_63595,650,0,5e-05,20000000,45663120.0,12521760.0,22027200.0,6147440.0,0.7137931034482758,0.6842105263157895
1206,1,290,78,212,23.6,95,26,69,21.36,3590472,957096,1552416,416016,7,0,51,10,0,250421-222511_Run_1479_Idx_17819,3700,0,5e-05,20000000,35904720.0,9570960.0,15524160.0,4160160.0,0.7310344827586207,0.7263157894736842
1207,1,320,80,240,26.65,304,89,215,25.0,494080,123520,1209880,329216,2,0,51,10,0,250421-221003_Run_1149_Idx_61312,2880,0,5e-05,20000000,4940800.0,1235200.0,12098800.0,3292160.0,0.75,0.7072368421052632
1208,1,320,97,223,22.52,304,88,216,25.58,352576,94056,1222912,324736,2,0,51,10,0,250421-225817_Run_1989_Idx_65440,4980,0,5e-05,20000000,3525760.0,940560.0,12229120.0,3247360.0,0.696875,0.7105263157894737
1209,1,320,86,234,24.56,171,54,117,21.11,1644688,421136,1095536,302784,4,0,51,10,0,250421-221238_Run_1438_Idx_45018,3600,0,5e-05,20000000,16446880.0,4211360.0,10955360.0,3027840.0,0.73125,0.6842105263157895
1210,1,320,80,240,26.56,171,45,126,27.0,1942144,485536,1975848,519960,4,0,51,10,0,250421-211441_Run_646_Idx_21514,1620,0,5e-05,20000000,19421440.0,4855360.0,19758480.0,5199600.0,0.75,0.7368421052631579
1211,1,320,84,236,25.02,171,45,126,27.0,1590968,404712,1975848,519960,4,0,51,10,0,250421-223916_Run_1662_Idx_48654,4160,0,5e-05,20000000,15909680.0,4047120.0,19758480.0,5199600.0,0.7375,0.7368421052631579
1212,1,160,43,117,25.78,38,10,28,25.58,4727576,1269096,1797872,479184,14,0,51,10,0,250421-211954_Run_756_Idx_46277,1890,0,5e-05,20000000,47275760.0,12690960.0,17978720.0,4791840.0,0.73125,0.7368421052631579
1213,1,320,103,217,20.43,304,103,201,19.97,333280,96048,784168,244240,2,0,51,10,0,250421-224949_Run_1885_Idx_52921,4720,0,5e-05,20000000,3332800.0,960480.0,7841680.0,2442400.0,0.678125,0.6611842105263158
1214,1,320,102,218,23.03,304,106,198,22.57,392552,108792,1036120,305464,2,0,51,10,0,250421-215945_Run_1225_Idx_26154,3070,0,5e-05,20000000,3925520.0,1087920.0,10361200.0,3054640.0,0.68125,0.6513157894736842
1215,1,320,101,219,20.29,304,112,192,18.52,341320,92704,745072,210712,2,0,51,10,0,250421-225654_Run_1909_Idx_40174,4780,0,5e-05,20000000,3413200.0,927040.0,7450720.0,2107120.0,0.684375,0.631578947368421
1216,1,160,43,117,24.91,38,10,28,25.58,4647896,1249176,1797872,479184,14,0,51,10,0,250421-221636_Run_1076_Idx_60828,2690,0,5e-05,20000000,46478960.0,12491760.0,17978720.0,4791840.0,0.73125,0.7368421052631579
1217,1,160,43,117,26.56,38,10,28,27.0,5355000,1425952,2258416,594320,14,0,51,10,0,250421-204509_Run_68_Idx_87442,170,0,5e-05,20000000,53550000.0,14259520.0,22584160.0,5943200.0,0.73125,0.7368421052631579
1218,1,290,78,212,22.2,95,25,70,22.54,3128232,854376,1375544,374424,7,0,51,10,0,250421-224036_Run_1751_Idx_91797,4380,0,5e-05,20000000,31282320.0,8543760.0,13755440.0,3744240.0,0.7310344827586207,0.7368421052631579
1219,1,290,78,212,26.59,95,25,70,27.0,4720392,1265256,2320888,610760,7,0,51,10,0,250421-204441_Run_43_Idx_42567,110,0,5e-05,20000000,47203920.0,12652560.0,23208880.0,6107600.0,0.7310344827586207,0.7368421052631579
1220,1,320,80,240,26.54,171,45,126,27.0,1942144,485536,1975848,519960,4,0,51,10,0,250421-210357_Run_1022_Idx_40035,2560,0,5e-05,20000000,19421440.0,4855360.0,19758480.0,5199600.0,0.75,0.7368421052631579
1221,1,160,45,115,25.67,38,10,28,27.0,4872112,1283400,2258416,594320,14,0,51,10,0,250421-212056_Run_516_Idx_61321,1290,0,5e-05,20000000,48721120.0,12834000.0,22584160.0,5943200.0,0.71875,0.7368421052631579
1222,1,290,78,212,20.91,95,25,70,22.93,3299432,888616,1848216,492592,7,0,51,10,0,250421-224704_Run_1843_Idx_42567,4610,0,5e-05,20000000,32994320.0,8886160.0,18482160.0,4925920.0,0.7310344827586207,0.7368421052631579
1223,1,290,78,212,26.59,95,25,70,27.0,4720392,1265256,2320888,610760,7,0,51,10,0,250421-210046_Run_791_Idx_10643,1980,0,5e-05,20000000,47203920.0,12652560.0,23208880.0,6107600.0,0.7310344827586207,0.7368421052631579
1224,1,320,80,240,26.41,171,50,121,25.14,1880192,470048,1520472,414376,4,0,51,10,0,250421-205617_Run_562_Idx_70101,1410,0,5e-05,20000000,18801920.0,4700480.0,15204720.0,4143760.0,0.75,0.7076023391812866
1225,1,320,80,240,26.6,304,80,224,27.0,487424,121856,1361920,358400,2,0,51,10,0,250421-213723_Run_369_Idx_2588,930,0,5e-05,20000000,4874240.0,1218560.0,13619200.0,3584000.0,0.75,0.7368421052631579
1226,1,320,80,240,26.65,304,80,224,27.0,494080,123520,1361920,358400,2,0,51,10,0,250421-213033_Run_973_Idx_78175,2440,0,5e-05,20000000,4940800.0,1235200.0,13619200.0,3584000.0,0.75,0.7368421052631579
1227,1,320,100,220,23.9,304,92,212,25.58,410240,110272,1257664,342656,2,0,51,10,0,250421-222340_Run_1185_Idx_17484,2970,0,5e-05,20000000,4102400.0,1102720.0,12576640.0,3426560.0,0.6875,0.6973684210526315
1228,1,290,78,212,22.97,95,25,70,21.62,2762152,728616,1021040,256256,7,0,51,10,0,250421-224138_Run_1627_Idx_46758,4070,0,5e-05,20000000,27621520.0,7286160.0,10210400.0,2562560.0,0.7310344827586207,0.7368421052631579
1229,1,160,43,117,26.14,38,10,28,27.0,4961304,1327528,2258416,594320,14,0,51,10,0,250421-205939_Run_912_Idx_22272,2280,0,5e-05,20000000,49613040.0,13275280.0,22584160.0,5943200.0,0.73125,0.7368421052631579
1230,1,160,43,117,26.5,38,10,28,27.0,5090776,1359896,2258416,594320,14,0,51,10,0,250421-204545_Run_28_Idx_1820,70,0,5e-05,20000000,50907760.0,13598960.0,22584160.0,5943200.0,0.73125,0.7368421052631579
1231,1,290,78,212,25.67,95,25,70,25.58,4343752,1162536,1848216,492592,7,0,51,10,0,250421-222733_Run_1475_Idx_91797,3690,0,5e-05,20000000,43437520.0,11625360.0,18482160.0,4925920.0,0.7310344827586207,0.7368421052631579
1232,1,320,92,228,24.09,304,101,203,24.2,387728,100112,1201192,339536,2,0,51,10,0,250421-220526_Run_1393_Idx_32033,3490,0,5e-05,20000000,3877280.0,1001120.0,12011920.0,3395360.0,0.7125,0.6677631578947368
1233,1,290,81,209,26.2,95,25,70,27.0,4576872,1244640,2320888,610760,7,0,51,10,0,250421-213520_Run_491_Idx_52312,1230,0,5e-05,20000000,45768720.0,12446400.0,23208880.0,6107600.0,0.7206896551724138,0.7368421052631579
1234,1,320,80,240,26.3,304,96,208,25.31,494080,123520,1240288,347544,2,0,51,10,0,250421-210422_Run_665_Idx_11627,1670,0,5e-05,20000000,4940800.0,1235200.0,12402880.0,3475440.0,0.75,0.6842105263157895
1235,1,290,78,212,24.06,95,25,70,24.52,4028552,1058056,1848216,492592,7,0,51,10,0,250421-215709_Run_1463_Idx_96012,3660,0,5e-05,20000000,40285520.0,10580560.0,18482160.0,4925920.0,0.7310344827586207,0.7368421052631579
1236,1,320,92,228,25.25,304,125,179,21.49,442400,116192,1066528,290672,2,0,51,10,0,250421-210010_Run_317_Idx_55957,800,0,5e-05,20000000,4424000.0,1161920.0,10665280.0,2906720.0,0.7125,0.5888157894736842
1237,1,290,77,213,23.85,95,26,69,25.03,3463592,920288,1972576,534184,7,0,51,10,0,250421-215844_Run_1287_Idx_54015,3220,0,5e-05,20000000,34635920.0,9202880.0,19725760.0,5341840.0,0.7344827586206897,0.7263157894736842
1238,1,290,78,212,24.3,95,25,70,24.18,3772232,968296,1966384,492592,7,0,51,10,0,250421-220653_Run_1331_Idx_46758,3330,0,5e-05,20000000,37722320.0,9682960.0,19663840.0,4925920.0,0.7310344827586207,0.7368421052631579
1239,1,160,43,117,24.84,38,10,28,24.26,4334488,1170824,1797872,479184,14,0,51,10,0,250421-220857_Run_1444_Idx_22272,3610,0,5e-05,20000000,43344880.0,11708240.0,17978720.0,4791840.0,0.73125,0.7368421052631579
1240,1,320,80,240,26.2,304,109,195,24.25,487424,121856,1201192,353656,2,0,51,10,0,250421-212653_Run_269_Idx_88366,680,0,5e-05,20000000,4874240.0,1218560.0,12011920.0,3536560.0,0.75,0.6414473684210527
1241,1,320,102,218,22.12,304,103,201,19.75,400816,108848,800368,223312,2,0,51,10,0,250421-223251_Run_1613_Idx_46204,4040,0,5e-05,20000000,4008160.0,1088480.0,8003680.0,2233120.0,0.68125,0.6611842105263158
1242,1,290,81,209,26.21,95,25,70,27.0,4600552,1250560,2320888,610760,7,0,51,10,0,250421-210027_Run_435_Idx_38204,1090,0,5e-05,20000000,46005520.0,12505600.0,23208880.0,6107600.0,0.7206896551724138,0.7368421052631579
1243,1,160,44,116,25.51,38,14,24,23.45,4840288,1250104,1797872,544208,14,0,51,10,0,250421-214118_Run_600_Idx_3459,1500,0,5e-05,20000000,48402880.0,12501040.0,17978720.0,5442080.0,0.725,0.631578947368421
1244,1,160,43,117,24.39,38,10,28,24.16,4187792,1104768,1797872,479184,14,0,51,10,0,250421-222728_Run_1296_Idx_1820,3240,0,5e-05,20000000,41877920.0,11047680.0,17978720.0,4791840.0,0.73125,0.7368421052631579
1245,1,160,43,117,22.11,38,10,28,24.16,3627384,994048,1797872,479184,14,0,51,10,0,250421-224918_Run_1776_Idx_60828,4440,0,5e-05,20000000,36273840.0,9940480.0,17978720.0,4791840.0,0.73125,0.7368421052631579
1246,1,290,81,209,25.75,95,28,67,25.01,4309512,1164960,1970816,548648,7,0,51,10,0,250421-210715_Run_779_Idx_79075,1950,0,5e-05,20000000,43095120.0,11649600.0,19708160.0,5486480.0,0.7206896551724138,0.7052631578947368
1247,1,160,43,117,26.22,38,10,28,27.0,5159120,1347600,2258416,594320,14,0,51,10,0,250421-211335_Run_648_Idx_87442,1620,0,5e-05,20000000,51591200.0,13476000.0,22584160.0,5943200.0,0.73125,0.7368421052631579
1248,1,290,78,212,20.3,95,26,69,15.63,2768712,717416,422040,127200,7,0,51,10,0,250421-230333_Run_1999_Idx_17819,5000,0,5e-05,20000000,27687120.0,7174160.0,4220400.0,1272000.0,0.7310344827586207,0.7263157894736842
1249,1,160,45,115,25.99,38,10,28,27.0,4961368,1330296,2258416,594320,14,0,51,10,0,250421-205210_Run_332_Idx_74420,830,0,5e-05,20000000,49613680.0,13302960.0,22584160.0,5943200.0,0.71875,0.7368421052631579
1250,1,160,44,116,25.08,38,13,25,22.89,4210272,1130928,1797872,484776,14,0,51,10,0,250421-211752_Run_640_Idx_887,1600,0,5e-05,20000000,42102720.0,11309280.0,17978720.0,4847760.0,0.725,0.6578947368421053
1251,1,320,80,240,26.48,171,45,126,27.0,1915904,478976,1975848,519960,4,0,51,10,0,250421-214503_Run_714_Idx_54611,1790,0,5e-05,20000000,19159040.0,4789760.0,19758480.0,5199600.0,0.75,0.7368421052631579
1252,1,320,80,240,26.41,171,45,126,27.0,1880192,470048,1975848,519960,4,0,51,10,0,250421-204221_Run_34_Idx_60744,90,0,5e-05,20000000,18801920.0,4700480.0,19758480.0,5199600.0,0.75,0.7368421052631579
1253,1,320,80,240,26.6,304,96,208,25.58,487424,121856,1292416,360576,2,0,51,10,0,250421-213359_Run_257_Idx_92681,650,0,5e-05,20000000,4874240.0,1218560.0,12924160.0,3605760.0,0.75,0.6842105263157895
1254,1,160,43,117,7.38,38,10,28,4.42,971872,246800,70832,18640,14,0,51,10,0,250421-224001_Run_1600_Idx_87442,4000,0,5e-05,20000000,9718720.0,2468000.0,708320.0,186400.0,0.73125,0.7368421052631579
1255,1,160,45,115,24.68,38,13,25,22.89,4268376,1147448,1797872,484776,14,0,51,10,0,250421-214214_Run_480_Idx_3732,1200,0,5e-05,20000000,42683760.0,11474480.0,17978720.0,4847760.0,0.71875,0.6578947368421053
1256,1,290,78,212,24.39,95,25,70,24.46,3942952,1058056,1848216,492592,7,0,51,10,0,250421-220612_Run_1275_Idx_54015,3190,0,5e-05,20000000,39429520.0,10580560.0,18482160.0,4925920.0,0.7310344827586207,0.7368421052631579
1257,1,160,43,117,22.58,38,10,28,21.32,3309488,894792,1337328,364048,14,0,51,10,0,250421-223531_Run_1760_Idx_13114,4400,0,5e-05,20000000,33094880.0,8947920.0,13373280.0,3640480.0,0.73125,0.7368421052631579
1258,1,320,80,240,26.42,171,45,126,27.0,1915904,478976,1975848,519960,4,0,51,10,0,250421-214934_Run_350_Idx_33009,880,0,5e-05,20000000,19159040.0,4789760.0,19758480.0,5199600.0,0.75,0.7368421052631579
1259,1,160,43,117,23.58,38,10,28,21.32,3853344,1006344,991920,248912,14,0,51,10,0,250421-215850_Run_1344_Idx_1820,3360,0,5e-05,20000000,38533440.0,10063440.0,9919200.0,2489120.0,0.73125,0.7368421052631579
1260,1,320,80,240,26.5,171,45,126,27.0,1915904,478976,1975848,519960,4,0,51,10,0,250421-210819_Run_302_Idx_51250,760,0,5e-05,20000000,19159040.0,4789760.0,19758480.0,5199600.0,0.75,0.7368421052631579
1261,1,290,79,211,25.12,95,30,65,22.45,4490792,1161584,1736664,472536,7,0,51,10,0,250421-214339_Run_951_Idx_60040,2380,0,5e-05,20000000,44907920.0,11615840.0,17366640.0,4725360.0,0.7275862068965517,0.6842105263157895
1262,1,160,43,117,22.01,38,10,28,18.79,3561936,893880,1452464,364048,14,0,51,10,0,250421-220303_Run_1280_Idx_82007,3200,0,5e-05,20000000,35619360.0,8938800.0,14524640.0,3640480.0,0.73125,0.7368421052631579
1263,1,160,43,117,25.72,38,10,28,27.0,4922128,1288352,2258416,594320,14,0,51,10,0,250421-221039_Run_1148_Idx_87442,2870,0,5e-05,20000000,49221280.0,12883520.0,22584160.0,5943200.0,0.73125,0.7368421052631579
1264,1,290,78,212,25.77,95,25,70,24.53,4566312,1213896,1848216,492592,7,0,51,10,0,250421-224712_Run_1739_Idx_91797,4350,0,5e-05,20000000,45663120.0,12138960.0,18482160.0,4925920.0,0.7310344827586207,0.7368421052631579
1265,1,320,94,226,23.02,171,51,120,22.44,1412384,364000,1240280,327664,4,0,51,10,0,250421-222547_Run_1478_Idx_64806,3700,0,5e-05,20000000,14123840.0,3640000.0,12402800.0,3276640.0,0.70625,0.7017543859649122
1266,1,290,78,212,25.95,95,28,67,24.46,4507912,1212136,2051736,549528,7,0,51,10,0,250421-215241_Run_819_Idx_45254,2050,0,5e-05,20000000,45079120.0,12121360.0,20517360.0,5495280.0,0.7310344827586207,0.7052631578947368
1267,1,290,78,212,19.75,95,25,70,21.76,2386408,660360,1385080,376808,7,0,51,10,0,250421-224345_Run_1623_Idx_46758,4060,0,5e-05,20000000,23864080.0,6603600.0,13850800.0,3768080.0,0.7310344827586207,0.7368421052631579
1268,1,160,43,117,25.36,38,10,28,25.58,4410288,1169992,1797872,479184,14,0,51,10,0,250421-222655_Run_1476_Idx_13114,3690,0,5e-05,20000000,44102880.0,11699920.0,17978720.0,4791840.0,0.73125,0.7368421052631579
1269,1,290,78,212,21.17,95,25,70,22.84,3293064,870408,1848216,492592,7,0,51,10,0,250421-223734_Run_1727_Idx_54015,4320,0,5e-05,20000000,32930640.0,8704080.0,18482160.0,4925920.0,0.7310344827586207,0.7368421052631579
1270,1,320,103,217,22.07,171,60,111,22.2,1314344,352936,1261928,357248,4,0,51,10,0,250421-220145_Run_1162_Idx_73725,2910,0,5e-05,20000000,13143440.0,3529360.0,12619280.0,3572480.0,0.678125,0.6491228070175439
1271,1,320,87,233,21.13,171,53,118,18.36,1352680,340616,756336,205000,4,0,51,10,0,250421-225618_Run_1910_Idx_45018,4780,0,5e-05,20000000,13526800.0,3406160.0,7563360.0,2050000.0,0.728125,0.6900584795321637
1272,1,320,80,240,26.65,304,80,224,27.0,494080,123520,1361920,358400,2,0,51,10,0,250421-211344_Run_173_Idx_71618,440,0,5e-05,20000000,4940800.0,1235200.0,13619200.0,3584000.0,0.75,0.7368421052631579
1273,1,320,80,240,26.5,304,80,224,27.0,479744,119936,1361920,358400,2,0,51,10,0,250421-212452_Run_509_Idx_33396,1280,0,5e-05,20000000,4797440.0,1199360.0,13619200.0,3584000.0,0.75,0.7368421052631579
1274,1,320,80,240,26.48,171,45,126,27.0,1915904,478976,1975848,519960,4,0,51,10,0,250421-204546_Run_54_Idx_54611,140,0,5e-05,20000000,19159040.0,4789760.0,19758480.0,5199600.0,0.75,0.7368421052631579
1275,1,320,100,220,22.54,304,101,203,21.99,358784,95800,1049152,287408,2,0,51,10,0,250421-221248_Run_1381_Idx_16986,3460,0,5e-05,20000000,3587840.0,958000.0,10491520.0,2874080.0,0.6875,0.6677631578947368
1276,1,320,94,226,25.06,171,45,126,27.0,1732640,458144,1975848,519960,4,0,51,10,0,250421-211522_Run_526_Idx_49404,1320,0,5e-05,20000000,17326400.0,4581440.0,19758480.0,5199600.0,0.70625,0.7368421052631579
1277,1,320,101,219,23.57,304,93,211,24.96,391168,108784,1144720,316728,2,0,51,10,0,250421-223331_Run_1549_Idx_76620,3880,0,5e-05,20000000,3911680.0,1087840.0,11447200.0,3167280.0,0.684375,0.694078947368421
1278,1,320,95,225,25.21,171,69,102,21.63,1818112,481824,1429528,387424,4,0,51,10,0,250421-212204_Run_158_Idx_8914,400,0,5e-05,20000000,18181120.0,4818240.0,14295280.0,3874240.0,0.703125,0.5964912280701754
1279,1,320,99,221,24.13,171,54,117,25.11,1625792,432688,1644360,465336,4,0,51,10,0,250421-214045_Run_838_Idx_42850,2100,0,5e-05,20000000,16257920.0,4326880.0,16443600.0,4653360.0,0.690625,0.6842105263157895
1280,1,320,97,223,20.1,171,49,122,22.36,954616,268368,1207416,334224,4,0,51,10,0,250421-224419_Run_1622_Idx_97747,4060,0,5e-05,20000000,9546160.0,2683680.0,12074160.0,3342240.0,0.696875,0.7134502923976608
1281,1,320,80,240,26.19,171,56,115,23.53,1942144,485536,1318552,382400,4,0,51,10,0,250421-210147_Run_670_Idx_35168,1680,0,5e-05,20000000,19421440.0,4855360.0,13185520.0,3824000.0,0.75,0.672514619883041
1282,1,320,101,219,23.65,304,93,211,25.05,400816,110392,1162096,321072,2,0,51,10,0,250421-222448_Run_1417_Idx_85630,3550,0,5e-05,20000000,4008160.0,1103920.0,11620960.0,3210720.0,0.684375,0.694078947368421
1283,1,320,94,226,25.06,171,66,105,22.02,1732640,458144,1360808,371984,4,0,51,10,0,250421-214329_Run_478_Idx_10902,1200,0,5e-05,20000000,17326400.0,4581440.0,13608080.0,3719840.0,0.70625,0.6140350877192983
1284,1,320,94,226,25.12,171,45,126,27.0,1689248,447512,1975848,519960,4,0,51,10,0,250421-214150_Run_362_Idx_57764,910,0,5e-05,20000000,16892480.0,4475120.0,19758480.0,5199600.0,0.70625,0.7368421052631579
1285,1,320,88,232,21.72,171,47,124,24.32,1313072,340680,1405328,374464,4,0,51,10,0,250421-225026_Run_1774_Idx_93252,4440,0,5e-05,20000000,13130720.0,3406800.0,14053280.0,3744640.0,0.725,0.7251461988304093
1286,1,290,91,199,23.97,95,34,61,24.16,3840712,1098640,2073624,618720,7,0,51,10,0,250421-215031_Run_467_Idx_84569,1170,0,5e-05,20000000,38407120.0,10986400.0,20736240.0,6187200.0,0.6862068965517242,0.6421052631578947
1287,1,320,99,221,23.14,304,86,218,24.76,387728,106992,1162096,315776,2,0,51,10,0,250421-224952_Run_1853_Idx_1544,4640,0,5e-05,20000000,3877280.0,1069920.0,11620960.0,3157760.0,0.690625,0.7171052631578947
1288,1,160,43,117,26.5,38,10,28,27.0,5277976,1406696,2258416,594320,14,0,51,10,0,250421-205804_Run_796_Idx_46277,1990,0,5e-05,20000000,52779760.0,14066960.0,22584160.0,5943200.0,0.73125,0.7368421052631579
1289,1,320,111,209,22.21,171,69,102,18.43,1491280,418760,1080664,324568,4,0,51,10,0,250421-220419_Run_1278_Idx_55069,3200,0,5e-05,20000000,14912800.0,4187600.0,10806640.0,3245680.0,0.653125,0.5964912280701754
1290,1,290,78,212,7.59,95,31,64,3.54,861352,219176,83904,27072,7,0,51,10,0,250421-224030_Run_1599_Idx_25336,4000,0,5e-05,20000000,8613520.0,2191760.0,839040.0,270720.0,0.7310344827586207,0.6736842105263158
1291,1,160,44,116,26.16,38,12,26,25.58,4898824,1308520,2143280,598048,14,0,51,10,0,250421-213208_Run_260_Idx_59602,650,0,5e-05,20000000,48988240.0,13085200.0,21432800.0,5980480.0,0.725,0.6842105263157895
1292,1,320,80,240,26.0,304,103,201,24.42,479744,119936,1157752,335464,2,0,51,10,0,250421-211143_Run_533_Idx_42951,1340,0,5e-05,20000000,4797440.0,1199360.0,11577520.0,3354640.0,0.75,0.6611842105263158
1293,1,290,78,212,26.39,95,25,70,27.0,4559752,1225096,2320888,610760,7,0,51,10,0,250421-205131_Run_571_Idx_46758,1430,0,5e-05,20000000,45597520.0,12250960.0,23208880.0,6107600.0,0.7310344827586207,0.7368421052631579
1294,1,290,78,212,25.95,95,25,70,25.63,4365352,1163656,1857752,494976,7,0,51,10,0,250421-214340_Run_359_Idx_42567,900,0,5e-05,20000000,43653520.0,11636560.0,18577520.0,4949760.0,0.7310344827586207,0.7368421052631579
1295,1,320,88,232,24.28,304,80,224,25.63,429760,111168,1089536,290304,2,0,51,10,0,250421-224850_Run_1777_Idx_32333,4450,0,5e-05,20000000,4297600.0,1111680.0,10895360.0,2903040.0,0.725,0.7368421052631579
1296,1,320,87,233,23.9,304,93,211,21.35,424936,109496,836296,229848,2,0,51,10,0,250421-225344_Run_1901_Idx_53053,4760,0,5e-05,20000000,4249360.0,1094960.0,8362960.0,2298480.0,0.728125,0.694078947368421
1297,1,320,93,227,23.76,171,51,120,22.53,1496928,396904,1287152,348200,4,0,51,10,0,250421-220901_Run_1210_Idx_65337,3030,0,5e-05,20000000,14969280.0,3969040.0,12871520.0,3482000.0,0.709375,0.7017543859649122
1298,1,290,77,213,26.08,95,26,69,25.01,4542152,1177088,2025088,534184,7,0,51,10,0,250421-213619_Run_963_Idx_67176,2410,0,5e-05,20000000,45421520.0,11770880.0,20250880.0,5341840.0,0.7344827586206897,0.7263157894736842
1299,1,320,80,240,26.48,171,45,126,27.0,1915904,478976,1975848,519960,4,0,51,10,0,250421-213418_Run_374_Idx_33009,940,0,5e-05,20000000,19159040.0,4789760.0,19758480.0,5199600.0,0.75,0.7368421052631579
1300,1,160,43,117,26.61,38,10,28,27.0,5235144,1386000,2258416,594320,14,0,51,10,0,250421-215018_Run_112_Idx_82007,280,0,5e-05,20000000,52351440.0,13860000.0,22584160.0,5943200.0,0.73125,0.7368421052631579
1301,1,290,78,212,25.56,95,25,70,27.0,4189672,1094056,2320888,610760,7,0,51,10,0,250421-221359_Run_1379_Idx_10643,3450,0,5e-05,20000000,41896720.0,10940560.0,23208880.0,6107600.0,0.7310344827586207,0.7368421052631579
1302,1,320,80,240,26.6,304,80,224,27.0,487424,121856,1361920,358400,2,0,51,10,0,250421-204416_Run_5_Idx_29121,20,0,5e-05,20000000,4874240.0,1218560.0,13619200.0,3584000.0,0.75,0.7368421052631579
1303,1,320,92,228,25.25,304,80,224,27.0,442400,116192,1361920,358400,2,0,51,10,0,250421-213807_Run_725_Idx_60777,1820,0,5e-05,20000000,4424000.0,1161920.0,13619200.0,3584000.0,0.7125,0.7368421052631579
1304,1,320,80,240,26.6,304,80,224,27.0,487424,121856,1361920,358400,2,0,51,10,0,250421-215432_Run_225_Idx_29121,570,0,5e-05,20000000,4874240.0,1218560.0,13619200.0,3584000.0,0.75,0.7368421052631579
1305,1,320,86,234,24.8,171,50,121,25.11,1617584,414576,1368384,374648,4,0,51,10,0,250421-222809_Run_1474_Idx_97820,3690,0,5e-05,20000000,16175840.0,4145760.0,13683840.0,3746480.0,0.73125,0.7076023391812866
1306,1,320,80,240,26.48,171,45,126,25.63,1915904,478976,1581384,421344,4,0,51,10,0,250421-211846_Run_758_Idx_54611,1900,0,5e-05,20000000,19159040.0,4789760.0,15813840.0,4213440.0,0.75,0.7368421052631579
1307,1,320,94,226,24.84,304,80,224,27.0,437936,117616,1361920,358400,2,0,51,10,0,250421-212238_Run_513_Idx_31863,1290,0,5e-05,20000000,4379360.0,1176160.0,13619200.0,3584000.0,0.70625,0.7368421052631579
1308,1,160,43,117,25.61,38,10,28,27.0,4765424,1249176,2258416,594320,14,0,51,10,0,250421-222332_Run_1064_Idx_60828,2660,0,5e-05,20000000,47654240.0,12491760.0,22584160.0,5943200.0,0.73125,0.7368421052631579
1309,1,290,80,210,24.09,95,28,67,21.97,3805992,1008312,1762528,483448,7,0,51,10,0,250421-211158_Run_1007_Idx_2788,2520,0,5e-05,20000000,38059920.0,10083120.0,17625280.0,4834480.0,0.7241379310344828,0.7052631578947368
1310,1,290,78,212,22.2,95,25,70,24.44,3446952,934056,1848216,492592,7,0,51,10,0,250421-223929_Run_1631_Idx_46758,4080,0,5e-05,20000000,34469520.0,9340560.0,18482160.0,4925920.0,0.7310344827586207,0.7368421052631579
1311,1,160,43,117,24.96,38,10,28,24.16,4254200,1150752,1337328,364048,14,0,51,10,0,250421-225113_Run_1788_Idx_22272,4470,0,5e-05,20000000,42542000.0,11507520.0,13373280.0,3640480.0,0.73125,0.7368421052631579
1312,1,320,97,223,21.21,171,49,122,24.47,1158824,315872,1390912,371872,4,0,51,10,0,250421-220013_Run_1458_Idx_35412,3650,0,5e-05,20000000,11588240.0,3158720.0,13909120.0,3718720.0,0.696875,0.7134502923976608
1313,1,320,80,240,26.3,304,96,208,24.6,494080,123520,1101280,312792,2,0,51,10,0,250421-221346_Run_1081_Idx_3421,2710,0,5e-05,20000000,4940800.0,1235200.0,11012800.0,3127920.0,0.75,0.6842105263157895
1314,1,320,80,240,26.65,304,92,212,25.58,494080,123520,1240288,342656,2,0,51,10,0,250421-213858_Run_841_Idx_3901,2110,0,5e-05,20000000,4940800.0,1235200.0,12402880.0,3426560.0,0.75,0.6973684210526315
1315,1,290,82,208,25.74,95,28,67,25.58,4285832,1176968,2179496,601160,7,0,51,10,0,250421-214759_Run_471_Idx_94053,1180,0,5e-05,20000000,42858320.0,11769680.0,21794960.0,6011600.0,0.7172413793103448,0.7052631578947368
1316,1,320,80,240,26.54,171,45,126,27.0,1942144,485536,1975848,519960,4,0,51,10,0,250421-212956_Run_974_Idx_40035,2440,0,5e-05,20000000,19421440.0,4855360.0,19758480.0,5199600.0,0.75,0.7368421052631579
1317,1,320,80,240,25.91,171,57,114,21.8,1880192,470048,953680,293984,4,0,51,10,0,250421-220006_Run_1342_Idx_2378,3360,0,5e-05,20000000,18801920.0,4700480.0,9536800.0,2939840.0,0.75,0.6666666666666666
1318,1,320,118,202,22.08,304,105,199,23.68,394384,117912,1170784,340080,2,0,51,10,0,250421-210947_Run_893_Idx_96684,2240,0,5e-05,20000000,3943840.0,1179120.0,11707840.0,3400800.0,0.63125,0.6546052631578947
1319,1,160,43,117,25.75,38,11,27,25.58,5000480,1327528,1970576,538616,14,0,51,10,0,250421-205841_Run_676_Idx_56251,1690,0,5e-05,20000000,50004800.0,13275280.0,19705760.0,5386160.0,0.73125,0.7105263157894737
1320,1,290,78,212,25.94,95,25,70,27.0,4340776,1157512,2320888,610760,7,0,51,10,0,250421-214524_Run_475_Idx_46758,1190,0,5e-05,20000000,43407760.0,11575120.0,23208880.0,6107600.0,0.7310344827586207,0.7368421052631579
1321,1,320,89,231,23.13,171,53,118,21.79,1401120,364136,1132832,319136,4,0,51,10,0,250421-221202_Run_1502_Idx_88724,3760,0,5e-05,20000000,14011200.0,3641360.0,11328320.0,3191360.0,0.721875,0.6900584795321637
1322,1,320,80,240,26.5,304,80,224,27.0,479744,119936,1361920,358400,2,0,51,10,0,250421-205031_Run_573_Idx_33396,1440,0,5e-05,20000000,4797440.0,1199360.0,13619200.0,3584000.0,0.75,0.7368421052631579
1323,1,160,43,117,24.18,38,10,28,27.0,3583720,973144,2258416,594320,14,0,51,10,0,250421-224239_Run_1656_Idx_27734,4140,0,5e-05,20000000,35837200.0,9731440.0,22584160.0,5943200.0,0.73125,0.7368421052631579
1324,1,160,43,117,20.38,38,10,28,21.42,3213976,817120,1452464,364048,14,0,51,10,0,250421-225237_Run_1848_Idx_46277,4620,0,5e-05,20000000,32139760.0,8171200.0,14524640.0,3640480.0,0.73125,0.7368421052631579
1325,1,160,43,117,26.5,38,10,28,27.0,5078216,1346768,2258416,594320,14,0,51,10,0,250421-205422_Run_328_Idx_13114,820,0,5e-05,20000000,50782160.0,13467680.0,22584160.0,5943200.0,0.73125,0.7368421052631579
1326,1,160,43,117,25.27,38,10,28,27.0,4686464,1249024,2258416,594320,14,0,51,10,0,250421-223007_Run_1708_Idx_46277,4270,0,5e-05,20000000,46864640.0,12490240.0,22584160.0,5943200.0,0.73125,0.7368421052631579
1327,1,290,78,212,17.13,95,27,68,12.97,2521992,681416,372720,128544,7,0,51,10,0,250421-223825_Run_1603_Idx_47120,4010,0,5e-05,20000000,25219920.0,6814160.0,3727200.0,1285440.0,0.7310344827586207,0.7157894736842105
1328,1,320,88,232,23.43,171,53,118,22.26,1253264,319992,1039184,297896,4,0,51,10,0,250421-224212_Run_1626_Idx_4316,4070,0,5e-05,20000000,12532640.0,3199920.0,10391840.0,2978960.0,0.725,0.6900584795321637
1329,1,320,80,240,26.65,304,80,224,27.0,494080,123520,1361920,358400,2,0,51,10,0,250421-203945_Run_25_Idx_71618,70,0,5e-05,20000000,4940800.0,1235200.0,13619200.0,3584000.0,0.75,0.7368421052631579
1330,1,290,89,201,24.43,95,28,67,25.58,4079912,1135424,2123920,574024,7,0,51,10,0,250421-213655_Run_607_Idx_50376,1520,0,5e-05,20000000,40799120.0,11354240.0,21239200.0,5740240.0,0.6931034482758621,0.7052631578947368
1331,1,320,80,240,26.5,304,102,202,24.42,479744,119936,1179472,330984,2,0,51,10,0,250421-213151_Run_497_Idx_90655,1250,0,5e-05,20000000,4797440.0,1199360.0,11794720.0,3309840.0,0.75,0.6644736842105263
1332,1,320,80,240,26.65,304,91,213,22.74,494080,123520,1153408,290392,2,0,51,10,0,250421-224527_Run_1713_Idx_68501,4290,0,5e-05,20000000,4940800.0,1235200.0,11534080.0,2903920.0,0.75,0.7006578947368421
1333,1,160,43,117,24.46,38,10,28,22.74,4017208,1091504,1337328,364048,14,0,51,10,0,250421-211433_Run_884_Idx_22272,2210,0,5e-05,20000000,40172080.0,10915040.0,13373280.0,3640480.0,0.73125,0.7368421052631579
1334,1,290,82,208,25.99,95,29,66,25.58,4559272,1232488,2176432,601168,7,0,51,10,0,250421-211656_Run_167_Idx_99699,420,0,5e-05,20000000,45592720.0,12324880.0,21764320.0,6011680.0,0.7172413793103448,0.6947368421052632
1335,1,160,43,117,26.6,38,10,28,27.0,5078216,1346768,2258416,594320,14,0,51,10,0,250421-212349_Run_392_Idx_27734,980,0,5e-05,20000000,50782160.0,13467680.0,22584160.0,5943200.0,0.73125,0.7368421052631579
1336,1,160,43,117,23.15,38,10,28,21.32,3741392,973144,1337328,364048,14,0,51,10,0,250421-222434_Run_1480_Idx_13114,3700,0,5e-05,20000000,37413920.0,9731440.0,13373280.0,3640480.0,0.73125,0.7368421052631579
1337,1,320,102,218,20.09,304,118,186,15.99,326624,91104,723352,211528,2,0,51,10,0,250421-225023_Run_1837_Idx_1820,4600,0,5e-05,20000000,3266240.0,911040.0,7233520.0,2115280.0,0.68125,0.6118421052631579
1338,1,290,82,208,26.27,95,25,70,27.0,4713352,1283848,2320888,610760,7,0,51,10,0,250421-211445_Run_171_Idx_86480,430,0,5e-05,20000000,47133520.0,12838480.0,23208880.0,6107600.0,0.7172413793103448,0.7368421052631579
1339,1,290,80,210,19.19,95,27,68,21.48,2864392,802872,1837776,507936,7,0,51,10,0,250421-221116_Run_1267_Idx_86480,3170,0,5e-05,20000000,28643920.0,8028720.0,18377760.0,5079360.0,0.7241379310344828,0.7157894736842105
1340,1,320,80,240,26.19,171,49,122,25.58,1942144,485536,1567952,428088,4,0,51,10,0,250421-215149_Run_938_Idx_17802,2350,0,5e-05,20000000,19421440.0,4855360.0,15679520.0,4280880.0,0.75,0.7134502923976608
1341,1,160,43,117,24.72,38,10,28,24.16,4146680,1123872,1337328,364048,14,0,51,10,0,250421-223206_Run_1644_Idx_1820,4110,0,5e-05,20000000,41466800.0,11238720.0,13373280.0,3640480.0,0.73125,0.7368421052631579
1342,1,320,94,226,24.76,304,80,224,27.0,426320,113104,1361920,358400,2,0,51,10,0,250421-221903_Run_1193_Idx_14466,2990,0,5e-05,20000000,4263200.0,1131040.0,13619200.0,3584000.0,0.70625,0.7368421052631579
1343,1,320,80,240,26.65,304,80,224,27.0,494080,123520,1361920,358400,2,0,51,10,0,250421-211135_Run_177_Idx_71618,450,0,5e-05,20000000,4940800.0,1235200.0,13619200.0,3584000.0,0.75,0.7368421052631579
1344,1,160,43,117,21.0,38,10,28,14.37,3361960,853680,70832,18640,14,0,51,10,0,250421-221453_Run_1200_Idx_27734,3000,0,5e-05,20000000,33619600.0,8536800.0,708320.0,186400.0,0.73125,0.7368421052631579
1345,1,160,45,115,25.94,38,10,28,27.0,5079672,1350272,2258416,594320,14,0,51,10,0,250421-213932_Run_248_Idx_74420,620,0,5e-05,20000000,50796720.0,13502720.0,22584160.0,5943200.0,0.71875,0.7368421052631579
1346,1,320,92,228,25.15,171,45,126,27.0,1740872,457208,1975848,519960,4,0,51,10,0,250421-211453_Run_290_Idx_36040,730,0,5e-05,20000000,17408720.0,4572080.0,19758480.0,5199600.0,0.7125,0.7368421052631579
1347,1,290,78,212,26.49,95,25,70,27.0,4703272,1248136,2320888,610760,7,0,51,10,0,250421-212455_Run_747_Idx_10643,1870,0,5e-05,20000000,47032720.0,12481360.0,23208880.0,6107600.0,0.7310344827586207,0.7368421052631579
1348,1,160,43,117,26.28,38,10,28,27.0,5157024,1327656,2258416,594320,14,0,51,10,0,250421-205032_Run_216_Idx_82007,540,0,5e-05,20000000,51570240.0,13276560.0,22584160.0,5943200.0,0.73125,0.7368421052631579
1349,1,320,97,223,23.27,304,99,205,21.45,366824,97216,931864,256728,2,0,51,10,0,250421-225208_Run_1849_Idx_52642,4630,0,5e-05,20000000,3668240.0,972160.0,9318640.0,2567280.0,0.696875,0.6743421052631579
1350,1,290,86,204,25.56,95,29,66,25.58,4429352,1220360,2176432,601168,7,0,51,10,0,250421-205036_Run_335_Idx_90305,840,0,5e-05,20000000,44293520.0,12203600.0,21764320.0,6011680.0,0.7034482758620689,0.6947368421052632
1351,1,320,102,218,22.3,304,102,202,21.18,383128,108848,927520,274512,2,0,51,10,0,250421-223414_Run_1733_Idx_29661,4340,0,5e-05,20000000,3831280.0,1088480.0,9275200.0,2745120.0,0.68125,0.6644736842105263
1352,1,320,91,229,21.91,171,54,117,16.54,1523880,390632,798880,206136,4,0,51,10,0,250421-221419_Run_1498_Idx_64806,3750,0,5e-05,20000000,15238800.0,3906320.0,7988800.0,2061360.0,0.715625,0.6842105263157895
1353,1,320,80,240,26.65,304,92,212,25.58,494080,123520,1257664,342656,2,0,51,10,0,250421-213100_Run_617_Idx_44613,1550,0,5e-05,20000000,4940800.0,1235200.0,12576640.0,3426560.0,0.75,0.6973684210526315
1354,1,160,43,117,23.91,38,10,28,24.16,3346728,913896,1797872,479184,14,0,51,10,0,250421-223111_Run_1676_Idx_27734,4190,0,5e-05,20000000,33467280.0,9138960.0,17978720.0,4791840.0,0.73125,0.7368421052631579
1355,1,320,91,229,24.85,304,94,210,24.69,437576,114520,1092592,308176,2,0,51,10,0,250421-222846_Run_1473_Idx_12858,3690,0,5e-05,20000000,4375760.0,1145200.0,10925920.0,3081760.0,0.715625,0.6907894736842105
1356,1,320,80,240,26.56,171,45,126,27.0,1942144,485536,1975848,519960,4,0,51,10,0,250421-215139_Run_110_Idx_48165,280,0,5e-05,20000000,19421440.0,4855360.0,19758480.0,5199600.0,0.75,0.7368421052631579
1357,1,320,103,217,21.61,304,126,178,18.76,379688,105640,888424,269088,2,0,51,10,0,250421-222642_Run_1357_Idx_45517,3400,0,5e-05,20000000,3796880.0,1056400.0,8884240.0,2690880.0,0.678125,0.5855263157894737
1358,1,320,80,240,26.6,304,80,224,25.63,487424,121856,1089536,290304,2,0,51,10,0,250421-205927_Run_437_Idx_2588,1100,0,5e-05,20000000,4874240.0,1218560.0,10895360.0,2903040.0,0.75,0.7368421052631579
1359,1,160,43,117,20.5,38,10,28,18.58,2835504,776296,1337328,364048,14,0,51,10,0,250421-230249_Run_1968_Idx_13114,4920,0,5e-05,20000000,28355040.0,7762960.0,13373280.0,3640480.0,0.73125,0.7368421052631579
1360,1,320,80,240,26.56,171,48,123,24.85,1942144,485536,1582096,423608,4,0,51,10,0,250421-222337_Run_1126_Idx_22244,2820,0,5e-05,20000000,19421440.0,4855360.0,15820960.0,4236080.0,0.75,0.7192982456140351
1361,1,320,91,229,25.3,304,118,186,21.93,444232,116184,1075216,294064,2,0,51,10,0,250421-211935_Run_637_Idx_80461,1600,0,5e-05,20000000,4442320.0,1161840.0,10752160.0,2940640.0,0.715625,0.6118421052631579
1362,1,320,95,225,23.3,171,57,114,24.16,1383544,369304,1504344,435704,4,0,51,10,0,250421-222816_Run_1238_Idx_35574,3100,0,5e-05,20000000,13835440.0,3693040.0,15043440.0,4357040.0,0.703125,0.6666666666666666
1363,1,320,103,217,21.92,304,115,189,17.26,392552,105640,692944,198088,2,0,51,10,0,250421-221455_Run_1497_Idx_26946,3750,0,5e-05,20000000,3925520.0,1056400.0,6929440.0,1980880.0,0.678125,0.6217105263157895
1364,1,320,91,229,22.92,171,49,122,25.58,1284584,340608,1568840,428088,4,0,51,10,0,250421-220236_Run_1338_Idx_32363,3350,0,5e-05,20000000,12845840.0,3406080.0,15688400.0,4280880.0,0.715625,0.7134502923976608
1365,1,320,80,240,26.56,171,45,126,27.0,1942144,485536,1975848,519960,4,0,51,10,0,250421-214507_Run_594_Idx_21514,1490,0,5e-05,20000000,19421440.0,4855360.0,19758480.0,5199600.0,0.75,0.7368421052631579
1366,1,160,43,117,26.27,38,10,28,27.0,5041592,1347600,2258416,594320,14,0,51,10,0,250421-210253_Run_1024_Idx_60828,2560,0,5e-05,20000000,50415920.0,13476000.0,22584160.0,5943200.0,0.73125,0.7368421052631579
1367,1,320,80,240,26.56,171,45,126,27.0,1942144,485536,1975848,519960,4,0,51,10,0,250421-213344_Run_138_Idx_48165,350,0,5e-05,20000000,19421440.0,4855360.0,19758480.0,5199600.0,0.75,0.7368421052631579
1368,1,160,43,117,22.09,38,10,28,24.16,3114224,836376,1337328,364048,14,0,51,10,0,250421-225358_Run_1800_Idx_87442,4500,0,5e-05,20000000,31142240.0,8363760.0,13373280.0,3640480.0,0.73125,0.7368421052631579
1369,1,320,80,240,26.6,304,109,195,23.9,487424,121856,1162096,344968,2,0,51,10,0,250421-205518_Run_445_Idx_5547,1120,0,5e-05,20000000,4874240.0,1218560.0,11620960.0,3449680.0,0.75,0.6414473684210527
1370,1,290,80,210,26.08,95,25,70,27.0,4473672,1213752,2320888,610760,7,0,51,10,0,250421-210011_Run_911_Idx_65032,2280,0,5e-05,20000000,44736720.0,12137520.0,23208880.0,6107600.0,0.7241379310344828,0.7368421052631579
1371,1,320,80,240,26.17,171,46,125,24.7,1942144,485536,1316376,350976,4,0,51,10,0,250421-223117_Run_1738_Idx_67620,4350,0,5e-05,20000000,19421440.0,4855360.0,13163760.0,3509760.0,0.75,0.7309941520467836
1372,1,290,79,211,26.49,95,25,70,27.0,4703272,1266064,2320888,610760,7,0,51,10,0,250421-210745_Run_303_Idx_17819,760,0,5e-05,20000000,47032720.0,12660640.0,23208880.0,6107600.0,0.7275862068965517,0.7368421052631579
1373,1,290,81,209,25.06,95,25,70,27.0,4216872,1146080,2320888,610760,7,0,51,10,0,250421-212821_Run_859_Idx_45254,2150,0,5e-05,20000000,42168720.0,11460800.0,23208880.0,6107600.0,0.7206896551724138,0.7368421052631579
1374,1,320,80,240,26.6,304,95,209,25.58,487424,121856,1279384,356096,2,0,51,10,0,250421-214915_Run_233_Idx_59589,590,0,5e-05,20000000,4874240.0,1218560.0,12793840.0,3560960.0,0.75,0.6875
1375,1,290,78,212,26.64,95,25,70,27.0,4781832,1280616,2320888,610760,7,0,51,10,0,250421-212559_Run_151_Idx_54015,380,0,5e-05,20000000,47818320.0,12806160.0,23208880.0,6107600.0,0.7310344827586207,0.7368421052631579
1376,1,320,87,233,24.35,171,55,116,22.5,1481456,376472,1145384,324048,4,0,51,10,0,250421-223030_Run_1470_Idx_88724,3680,0,5e-05,20000000,14814560.0,3764720.0,11453840.0,3240480.0,0.728125,0.6783625730994152
1377,1,320,80,240,26.6,304,80,224,27.0,487424,121856,1361920,358400,2,0,51,10,0,250421-204648_Run_461_Idx_2588,1160,0,5e-05,20000000,4874240.0,1218560.0,13619200.0,3584000.0,0.75,0.7368421052631579
1378,1,290,78,212,26.59,95,25,70,27.0,4720392,1265256,2320888,610760,7,0,51,10,0,250421-211210_Run_295_Idx_91797,740,0,5e-05,20000000,47203920.0,12652560.0,23208880.0,6107600.0,0.7310344827586207,0.7368421052631579
1379,1,320,92,228,25.25,304,80,224,27.0,442400,116192,1361920,358400,2,0,51,10,0,250421-211526_Run_289_Idx_30324,730,0,5e-05,20000000,4424000.0,1161920.0,13619200.0,3584000.0,0.7125,0.7368421052631579
1380,1,320,92,228,24.96,304,80,224,27.0,449056,117856,1361920,358400,2,0,51,10,0,250421-211406_Run_885_Idx_3901,2220,0,5e-05,20000000,4490560.0,1178560.0,13619200.0,3584000.0,0.7125,0.7368421052631579
1381,1,290,91,199,21.49,95,31,64,19.99,3326632,948720,1421592,420912,7,0,51,10,0,250421-214838_Run_943_Idx_82053,2360,0,5e-05,20000000,33266320.0,9487200.0,14215920.0,4209120.0,0.6862068965517242,0.6736842105263158
1382,1,160,43,117,25.84,38,10,28,25.63,4733624,1270608,1806768,481408,14,0,51,10,0,250421-211738_Run_760_Idx_46277,1900,0,5e-05,20000000,47336240.0,12706080.0,18067680.0,4814080.0,0.73125,0.7368421052631579
1383,1,290,78,212,23.06,95,26,69,22.74,3070312,797096,1547136,401568,7,0,51,10,0,250421-222329_Run_1303_Idx_82624,3260,0,5e-05,20000000,30703120.0,7970960.0,15471360.0,4015680.0,0.7310344827586207,0.7263157894736842
1384,1,320,97,223,23.71,171,53,118,24.17,1519792,408176,1588664,443368,4,0,51,10,0,250421-204942_Run_1050_Idx_69836,2630,0,5e-05,20000000,15197920.0,4081760.0,15886640.0,4433680.0,0.696875,0.6900584795321637
1385,1,320,104,216,19.52,304,117,187,15.73,362224,96112,727696,198360,2,0,51,10,0,250421-223937_Run_1601_Idx_50163,4010,0,5e-05,20000000,3622240.0,961120.0,7276960.0,1983600.0,0.675,0.6151315789473685
1386,1,160,44,116,23.57,38,10,28,24.26,3957952,1072648,1797872,479184,14,0,51,10,0,250421-205333_Run_924_Idx_78589,2310,0,5e-05,20000000,39579520.0,10726480.0,17978720.0,4791840.0,0.725,0.7368421052631579
1387,1,320,80,240,26.65,304,80,224,27.0,494080,123520,1361920,358400,2,0,51,10,0,250421-215220_Run_109_Idx_71618,280,0,5e-05,20000000,4940800.0,1235200.0,13619200.0,3584000.0,0.75,0.7368421052631579
1388,1,320,94,226,25.12,171,45,126,27.0,1742272,460552,1975848,519960,4,0,51,10,0,250421-210510_Run_426_Idx_57764,1070,0,5e-05,20000000,17422720.0,4605520.0,19758480.0,5199600.0,0.70625,0.7368421052631579
1389,1,290,78,212,24.01,95,26,69,21.34,3669032,989576,1391360,388880,7,0,51,10,0,250421-224044_Run_1567_Idx_89856,3920,0,5e-05,20000000,36690320.0,9895760.0,13913600.0,3888800.0,0.7310344827586207,0.7263157894736842
1390,1,320,80,240,26.5,304,80,224,27.0,479744,119936,1361920,358400,2,0,51,10,0,250421-205239_Run_569_Idx_33396,1430,0,5e-05,20000000,4797440.0,1199360.0,13619200.0,3584000.0,0.75,0.7368421052631579
1391,1,320,95,225,24.0,304,100,204,23.33,413680,110008,1058896,309256,2,0,51,10,0,250421-224249_Run_1533_Idx_89129,3840,0,5e-05,20000000,4136800.0,1100080.0,10588960.0,3092560.0,0.703125,0.6710526315789473
1392,1,320,80,240,25.4,171,54,117,21.99,1915904,478976,1264432,345448,4,0,51,10,0,250421-205515_Run_802_Idx_8107,2010,0,5e-05,20000000,19159040.0,4789760.0,12644320.0,3454480.0,0.75,0.6842105263157895
1393,1,320,80,240,26.5,171,54,117,25.58,1915904,478976,1875152,523256,4,0,51,10,0,250421-213321_Run_258_Idx_52105,650,0,5e-05,20000000,19159040.0,4789760.0,18751520.0,5232560.0,0.75,0.6842105263157895
1394,1,290,78,212,26.64,95,25,70,27.0,4781832,1280616,2320888,610760,7,0,51,10,0,250421-212235_Run_987_Idx_67176,2470,0,5e-05,20000000,47818320.0,12806160.0,23208880.0,6107600.0,0.7310344827586207,0.7368421052631579
1395,1,320,80,240,26.6,304,80,224,27.0,487424,121856,1361920,358400,2,0,51,10,0,250421-214402_Run_241_Idx_29121,610,0,5e-05,20000000,4874240.0,1218560.0,13619200.0,3584000.0,0.75,0.7368421052631579
1396,1,290,82,208,22.67,95,26,69,21.62,3385032,908968,1129192,297424,7,0,51,10,0,250421-215826_Run_1227_Idx_11969,3070,0,5e-05,20000000,33850320.0,9089680.0,11291920.0,2974240.0,0.7172413793103448,0.7263157894736842
1397,1,160,43,117,25.32,38,10,28,27.0,4529760,1209848,2258416,594320,14,0,51,10,0,250421-221544_Run_1376_Idx_46277,3440,0,5e-05,20000000,45297600.0,12098480.0,22584160.0,5943200.0,0.73125,0.7368421052631579
1398,1,290,78,212,26.18,95,25,70,27.0,4679112,1229256,2320888,610760,7,0,51,10,0,250421-205807_Run_915_Idx_96012,2290,0,5e-05,20000000,46791120.0,12292560.0,23208880.0,6107600.0,0.7310344827586207,0.7368421052631579
1399,1,320,80,240,26.5,171,45,126,27.0,1915904,478976,1975848,519960,4,0,51,10,0,250421-205528_Run_326_Idx_51250,820,0,5e-05,20000000,19159040.0,4789760.0,19758480.0,5199600.0,0.75,0.7368421052631579
1400,1,290,79,211,26.45,95,25,70,27.0,4747592,1264304,2320888,610760,7,0,51,10,0,250421-214309_Run_123_Idx_85350,310,0,5e-05,20000000,47475920.0,12643040.0,23208880.0,6107600.0,0.7275862068965517,0.7368421052631579
1401,1,320,109,211,22.39,171,62,109,24.16,1475040,424104,1715944,503880,4,0,51,10,0,250421-215110_Run_466_Idx_81109,1170,0,5e-05,20000000,14750400.0,4241040.0,17159440.0,5038800.0,0.659375,0.6374269005847953
1402,1,320,93,227,25.25,304,80,224,27.0,447224,117864,1361920,358400,2,0,51,10,0,250421-210548_Run_425_Idx_1042,1070,0,5e-05,20000000,4472240.0,1178640.0,13619200.0,3584000.0,0.709375,0.7368421052631579
1403,1,320,97,223,23.47,304,88,216,25.16,385120,105408,1188160,324736,2,0,51,10,0,250421-223252_Run_1581_Idx_1880,3960,0,5e-05,20000000,3851200.0,1054080.0,11881600.0,3247360.0,0.696875,0.7105263157894737
1404,1,290,79,211,26.54,95,25,70,27.0,4764712,1281424,2320888,610760,7,0,51,10,0,250421-213044_Run_143_Idx_85350,360,0,5e-05,20000000,47647120.0,12814240.0,23208880.0,6107600.0,0.7275862068965517,0.7368421052631579
1405,1,290,78,212,23.84,95,25,70,24.18,3213832,888616,1848216,492592,7,0,51,10,0,250421-223147_Run_1675_Idx_42567,4190,0,5e-05,20000000,32138320.0,8886160.0,18482160.0,4925920.0,0.7310344827586207,0.7368421052631579
1406,1,320,80,240,26.65,304,99,205,23.62,494080,123520,1131688,291480,2,0,51,10,0,250421-213735_Run_961_Idx_31647,2410,0,5e-05,20000000,4940800.0,1235200.0,11316880.0,2914800.0,0.75,0.6743421052631579
1407,1,290,79,211,24.83,95,25,70,25.58,3909192,1054704,1848216,492592,7,0,51,10,0,250421-221152_Run_1323_Idx_82624,3310,0,5e-05,20000000,39091920.0,10547040.0,18482160.0,4925920.0,0.7275862068965517,0.7368421052631579
1408,1,320,80,240,26.3,304,87,217,24.84,494080,123520,1188160,320256,2,0,51,10,0,250421-223155_Run_1737_Idx_36401,4350,0,5e-05,20000000,4940800.0,1235200.0,11881600.0,3202560.0,0.75,0.7138157894736842
1409,1,320,94,226,25.15,171,45,126,27.0,1768352,467072,1975848,519960,4,0,51,10,0,250421-205319_Run_330_Idx_30176,830,0,5e-05,20000000,17683520.0,4670720.0,19758480.0,5199600.0,0.70625,0.7368421052631579
1410,1,160,43,117,23.24,38,10,28,23.05,3555168,966200,1797872,479184,14,0,51,10,0,250421-220845_Run_1328_Idx_1820,3320,0,5e-05,20000000,35551680.0,9662000.0,17978720.0,4791840.0,0.73125,0.7368421052631579
1411,1,320,80,240,26.48,171,45,126,27.0,1915904,478976,1975848,519960,4,0,51,10,0,250421-214743_Run_710_Idx_54611,1780,0,5e-05,20000000,19159040.0,4789760.0,19758480.0,5199600.0,0.75,0.7368421052631579
1412,1,290,79,211,24.95,95,25,70,27.0,4069832,1094864,2320888,610760,7,0,51,10,0,250421-221749_Run_1195_Idx_87244,2990,0,5e-05,20000000,40698320.0,10948640.0,23208880.0,6107600.0,0.7275862068965517,0.7368421052631579
1413,1,320,110,210,22.54,171,67,104,18.74,1471800,430496,1121096,337736,4,0,51,10,0,250421-205548_Run_1038_Idx_28753,2600,0,5e-05,20000000,14718000.0,4304960.0,11210960.0,3377360.0,0.65625,0.6081871345029239
1414,1,160,45,115,21.47,38,10,28,18.79,3743944,1035080,1337328,364048,14,0,51,10,0,250421-205533_Run_920_Idx_47958,2300,0,5e-05,20000000,37439440.0,10350800.0,13373280.0,3640480.0,0.71875,0.7368421052631579
1415,1,160,44,116,26.26,38,11,27,25.58,5101200,1368448,1970576,538616,14,0,51,10,0,250421-210618_Run_424_Idx_59102,1060,0,5e-05,20000000,51012000.0,13684480.0,19705760.0,5386160.0,0.725,0.7105263157894737
1416,1,320,95,225,22.02,171,53,118,23.37,1441192,369264,1213104,341672,4,0,51,10,0,250421-215947_Run_1402_Idx_32708,3510,0,5e-05,20000000,14411920.0,3692640.0,12131040.0,3416720.0,0.703125,0.6900584795321637
1417,1,160,44,116,25.26,38,10,28,27.0,4413520,1191728,2258416,594320,14,0,51,10,0,250421-213104_Run_972_Idx_37818,2430,0,5e-05,20000000,44135200.0,11917280.0,22584160.0,5943200.0,0.725,0.7368421052631579
1418,1,320,80,240,24.84,171,45,126,27.0,1546624,386656,1975848,519960,4,0,51,10,0,250421-221935_Run_1426_Idx_80127,3570,0,5e-05,20000000,15466240.0,3866560.0,19758480.0,5199600.0,0.75,0.7368421052631579
1419,1,290,78,212,22.13,95,25,70,23.33,3309992,899816,1848216,492592,7,0,51,10,0,250421-225341_Run_1815_Idx_46758,4540,0,5e-05,20000000,33099920.0,8998160.0,18482160.0,4925920.0,0.7310344827586207,0.7368421052631579
1420,1,320,114,206,22.57,304,110,194,24.16,392912,117288,1196848,353792,2,0,51,10,0,250421-205851_Run_557_Idx_89463,1400,0,5e-05,20000000,3929120.0,1172880.0,11968480.0,3537920.0,0.64375,0.6381578947368421
1421,1,320,102,218,22.67,304,105,199,19.56,368656,100808,801544,222792,2,0,51,10,0,250421-225117_Run_1805_Idx_15551,4520,0,5e-05,20000000,3686560.0,1008080.0,8015440.0,2227920.0,0.68125,0.6546052631578947
1422,1,320,92,228,25.21,171,45,126,27.0,1766248,463768,1975848,519960,4,0,51,10,0,250421-212328_Run_630_Idx_97032,1580,0,5e-05,20000000,17662480.0,4637680.0,19758480.0,5199600.0,0.7125,0.7368421052631579
1423,1,290,78,212,21.96,95,26,69,20.18,3248072,888616,1496384,415136,7,0,51,10,0,250421-230149_Run_1955_Idx_87244,4890,0,5e-05,20000000,32480720.0,8886160.0,14963840.0,4151360.0,0.7310344827586207,0.7263157894736842
1424,1,320,93,227,21.77,171,53,118,22.23,1291408,334272,1138768,305696,4,0,51,10,0,250421-223857_Run_1754_Idx_5989,4390,0,5e-05,20000000,12914080.0,3342720.0,11387680.0,3056960.0,0.709375,0.6900584795321637
1425,1,320,97,223,19.93,171,52,119,21.54,1063848,270488,1178424,310608,4,0,51,10,0,250421-225346_Run_1846_Idx_60221,4620,0,5e-05,20000000,10638480.0,2704880.0,11784240.0,3106080.0,0.696875,0.695906432748538
1426,1,320,80,240,26.56,171,45,126,27.0,1942144,485536,1975848,519960,4,0,51,10,0,250421-212856_Run_146_Idx_48165,370,0,5e-05,20000000,19421440.0,4855360.0,19758480.0,5199600.0,0.75,0.7368421052631579
1427,1,290,81,209,24.37,95,26,69,23.89,3788872,1009120,2025480,547752,7,0,51,10,0,250421-220740_Run_1091_Idx_91252,2730,0,5e-05,20000000,37888720.0,10091200.0,20254800.0,5477520.0,0.7206896551724138,0.7263157894736842
1428,1,320,103,217,24.03,171,53,118,25.58,1555024,424688,1848864,509680,4,0,51,10,0,250421-212714_Run_386_Idx_54910,970,0,5e-05,20000000,15550240.0,4246880.0,18488640.0,5096800.0,0.678125,0.6900584795321637
1429,1,290,80,210,25.86,95,29,66,25.01,4542152,1230872,2158128,602928,7,0,51,10,0,250421-210318_Run_667_Idx_25336,1670,0,5e-05,20000000,45421520.0,12308720.0,21581280.0,6029280.0,0.7241379310344828,0.6947368421052632
1430,1,320,89,231,25.19,171,56,115,23.32,1695688,439192,1406992,386448,4,0,51,10,0,250421-213926_Run_958_Idx_4771,2400,0,5e-05,20000000,16956880.0,4391920.0,14069920.0,3864480.0,0.721875,0.672514619883041
1431,1,320,80,240,26.48,171,55,116,24.63,1915904,478976,1579456,448280,4,0,51,10,0,250421-210749_Run_778_Idx_35853,1950,0,5e-05,20000000,19159040.0,4789760.0,15794560.0,4482800.0,0.75,0.6783625730994152
1432,1,290,81,209,25.66,95,35,60,23.37,4405192,1163200,2037776,607376,7,0,51,10,0,250421-214157_Run_599_Idx_4389,1500,0,5e-05,20000000,44051920.0,11632000.0,20377760.0,6073760.0,0.7206896551724138,0.631578947368421
1433,1,320,80,240,26.6,304,108,196,22.93,487424,121856,1136032,292704,2,0,51,10,0,250421-214308_Run_717_Idx_64542,1800,0,5e-05,20000000,4874240.0,1218560.0,11360320.0,2927040.0,0.75,0.6447368421052632
1434,1,320,104,216,23.31,304,99,205,24.2,384872,103784,1196848,334920,2,0,51,10,0,250421-220812_Run_1329_Idx_51198,3330,0,5e-05,20000000,3848720.0,1037840.0,11968480.0,3349200.0,0.675,0.6743421052631579
1435,1,320,80,240,26.5,171,53,118,21.49,1942144,485536,1100448,297896,4,0,51,10,0,250421-224119_Run_1566_Idx_12466,3920,0,5e-05,20000000,19421440.0,4855360.0,11004480.0,2978960.0,0.75,0.6900584795321637
1436,1,320,80,240,25.11,171,45,126,27.0,1484672,371168,1975848,519960,4,0,51,10,0,250421-214605_Run_474_Idx_60744,1190,0,5e-05,20000000,14846720.0,3711680.0,19758480.0,5199600.0,0.75,0.7368421052631579
1437,1,290,79,211,21.37,95,25,70,18.94,3138312,802064,1493712,374424,7,0,51,10,0,250421-220342_Run_1279_Idx_85350,3200,0,5e-05,20000000,31383120.0,8020640.0,14937120.0,3744240.0,0.7275862068965517,0.7368421052631579
1438,1,320,97,223,22.02,171,53,118,23.65,1303256,361840,1276528,362912,4,0,51,10,0,250421-215716_Run_1406_Idx_54405,3520,0,5e-05,20000000,13032560.0,3618400.0,12765280.0,3629120.0,0.696875,0.6900584795321637
1439,1,160,43,117,24.46,38,10,28,25.58,3901616,1033224,1797872,479184,14,0,51,10,0,250421-223322_Run_1580_Idx_22272,3950,0,5e-05,20000000,39016160.0,10332240.0,17978720.0,4791840.0,0.73125,0.7368421052631579
1440,1,290,79,211,25.82,95,26,69,25.58,4336712,1161584,2023328,546872,7,0,51,10,0,250421-215736_Run_1107_Idx_15846,2770,0,5e-05,20000000,43367120.0,11615840.0,20233280.0,5468720.0,0.7275862068965517,0.7263157894736842
1441,1,160,43,117,26.56,38,10,28,27.0,5355000,1425952,2258416,594320,14,0,51,10,0,250421-204023_Run_76_Idx_87442,190,0,5e-05,20000000,53550000.0,14259520.0,22584160.0,5943200.0,0.73125,0.7368421052631579
1442,1,160,44,116,23.98,38,10,28,25.58,3864056,1054168,1797872,479184,14,0,51,10,0,250421-212207_Run_752_Idx_60379,1880,0,5e-05,20000000,38640560.0,10541680.0,17978720.0,4791840.0,0.725,0.7368421052631579
1443,1,290,83,207,24.87,95,25,70,27.0,4172552,1115216,2320888,610760,7,0,51,10,0,250421-215214_Run_703_Idx_13310,1760,0,5e-05,20000000,41725520.0,11152160.0,23208880.0,6107600.0,0.7137931034482758,0.7368421052631579
1444,1,320,80,240,26.65,304,80,224,27.0,494080,123520,1361920,358400,2,0,51,10,0,250421-215459_Run_105_Idx_71618,270,0,5e-05,20000000,4940800.0,1235200.0,13619200.0,3584000.0,0.75,0.7368421052631579
1445,1,160,44,116,25.81,38,10,28,27.0,4568280,1230224,2258416,594320,14,0,51,10,0,250421-211846_Run_876_Idx_78589,2190,0,5e-05,20000000,45682800.0,12302240.0,22584160.0,5943200.0,0.725,0.7368421052631579
1446,1,160,43,117,25.52,38,12,26,24.32,4805928,1269096,1913008,540480,14,0,51,10,0,250421-214436_Run_240_Idx_74420,600,0,5e-05,20000000,48059280.0,12690960.0,19130080.0,5404800.0,0.73125,0.6842105263157895
1447,1,320,88,232,23.72,171,45,126,27.0,1344880,350376,1975848,519960,4,0,51,10,0,250421-223122_Run_1706_Idx_97419,4270,0,5e-05,20000000,13448800.0,3503760.0,19758480.0,5199600.0,0.725,0.7368421052631579
1448,1,320,80,240,26.65,304,80,224,27.0,494080,123520,1361920,358400,2,0,51,10,0,250421-215101_Run_585_Idx_24085,1470,0,5e-05,20000000,4940800.0,1235200.0,13619200.0,3584000.0,0.75,0.7368421052631579
1449,1,160,44,116,24.33,38,10,28,24.16,4377448,1192504,1797872,479184,14,0,51,10,0,250421-204839_Run_1052_Idx_37818,2630,0,5e-05,20000000,43774480.0,11925040.0,17978720.0,4791840.0,0.725,0.7368421052631579
1450,1,160,43,117,26.61,38,10,28,27.0,5235144,1386000,2258416,594320,14,0,51,10,0,250421-213957_Run_128_Idx_82007,320,0,5e-05,20000000,52351440.0,13860000.0,22584160.0,5943200.0,0.73125,0.7368421052631579
1451,1,290,78,212,26.59,95,25,70,27.0,4720392,1265256,2320888,610760,7,0,51,10,0,250421-204303_Run_59_Idx_10643,150,0,5e-05,20000000,47203920.0,12652560.0,23208880.0,6107600.0,0.7310344827586207,0.7368421052631579
1452,1,320,80,240,26.65,304,80,224,27.0,494080,123520,1361920,358400,2,0,51,10,0,250421-214428_Run_121_Idx_71618,310,0,5e-05,20000000,4940800.0,1235200.0,13619200.0,3584000.0,0.75,0.7368421052631579
1453,1,320,80,240,26.65,304,80,224,27.0,494080,123520,1361920,358400,2,0,51,10,0,250421-205210_Run_213_Idx_71618,540,0,5e-05,20000000,4940800.0,1235200.0,13619200.0,3584000.0,0.75,0.7368421052631579
1454,1,290,78,212,22.29,95,25,70,25.29,3258152,886856,1848216,492592,7,0,51,10,0,250421-225657_Run_1895_Idx_67176,4740,0,5e-05,20000000,32581520.0,8868560.0,18482160.0,4925920.0,0.7310344827586207,0.7368421052631579
1455,1,160,44,116,23.61,38,10,28,22.74,3604696,954928,991920,248912,14,0,51,10,0,250421-213321_Run_968_Idx_37818,2420,0,5e-05,20000000,36046960.0,9549280.0,9919200.0,2489120.0,0.725,0.7368421052631579
1456,1,320,80,240,26.65,304,80,224,27.0,494080,123520,1361920,358400,2,0,51,10,0,250421-212711_Run_149_Idx_71618,380,0,5e-05,20000000,4940800.0,1235200.0,13619200.0,3584000.0,0.75,0.7368421052631579
1457,1,320,96,224,24.81,304,80,224,27.0,449056,119720,1361920,358400,2,0,51,10,0,250421-211100_Run_653_Idx_11627,1640,0,5e-05,20000000,4490560.0,1197200.0,13619200.0,3584000.0,0.7,0.7368421052631579
1458,1,320,80,240,26.48,171,45,126,27.0,1915904,478976,1975848,519960,4,0,51,10,0,250421-212245_Run_394_Idx_33009,990,0,5e-05,20000000,19159040.0,4789760.0,19758480.0,5199600.0,0.75,0.7368421052631579
1459,1,320,90,230,25.3,304,80,224,27.0,439408,114512,1361920,358400,2,0,51,10,0,250421-222520_Run_1061_Idx_27621,2660,0,5e-05,20000000,4394080.0,1145120.0,13619200.0,3584000.0,0.71875,0.7368421052631579
1460,1,160,43,117,23.39,38,10,28,27.0,3466192,933968,2258416,594320,14,0,51,10,0,250421-221932_Run_1192_Idx_27734,2980,0,5e-05,20000000,34661920.0,9339680.0,22584160.0,5943200.0,0.73125,0.7368421052631579
1461,1,320,96,224,23.9,304,89,215,25.58,405416,110016,1201192,329216,2,0,51,10,0,250421-215740_Run_1525_Idx_12858,3820,0,5e-05,20000000,4054160.0,1100160.0,12011920.0,3292160.0,0.7,0.7072368421052632
1462,1,290,78,212,24.78,95,25,70,24.16,3669032,989576,1375544,374424,7,0,51,10,0,250421-225148_Run_1787_Idx_96012,4470,0,5e-05,20000000,36690320.0,9895760.0,13755440.0,3744240.0,0.7310344827586207,0.7368421052631579
1463,1,160,44,116,25.46,38,11,27,24.16,4648184,1250200,1510032,423480,14,0,51,10,0,250421-210245_Run_668_Idx_59474,1670,0,5e-05,20000000,46481840.0,12502000.0,15100320.0,4234800.0,0.725,0.7105263157894737
1464,1,320,80,240,26.65,304,80,224,27.0,494080,123520,1361920,358400,2,0,51,10,0,250421-212452_Run_153_Idx_71618,390,0,5e-05,20000000,4940800.0,1235200.0,13619200.0,3584000.0,0.75,0.7368421052631579
1465,1,320,100,220,21.99,304,87,217,24.78,368656,99072,1214224,320256,2,0,51,10,0,250421-225646_Run_1937_Idx_65704,4850,0,5e-05,20000000,3686560.0,990720.0,12142240.0,3202560.0,0.6875,0.7138157894736842
1466,1,160,44,116,24.65,38,10,28,24.16,3954080,1071680,1797872,479184,14,0,51,10,0,250421-211639_Run_880_Idx_78589,2200,0,5e-05,20000000,39540800.0,10716800.0,17978720.0,4791840.0,0.725,0.7368421052631579
1467,1,320,96,224,20.95,171,54,117,20.26,1165640,319400,845296,258304,4,0,51,10,0,250421-225232_Run_1770_Idx_69836,4430,0,5e-05,20000000,11656400.0,3194000.0,8452960.0,2583040.0,0.7,0.6842105263157895
1468,1,160,43,117,25.51,38,10,28,27.0,4605424,1189152,2258416,594320,14,0,51,10,0,250421-224557_Run_1712_Idx_82007,4280,0,5e-05,20000000,46054240.0,11891520.0,22584160.0,5943200.0,0.73125,0.7368421052631579
1469,1,320,105,215,22.28,304,95,209,23.66,365440,96176,1075216,282248,2,0,51,10,0,250421-220003_Run_1285_Idx_11923,3220,0,5e-05,20000000,3654400.0,961760.0,10752160.0,2822480.0,0.671875,0.6875
1470,1,290,78,212,23.92,95,25,70,25.58,3635272,985416,1848216,492592,7,0,51,10,0,250421-220158_Run_1339_Idx_46758,3350,0,5e-05,20000000,36352720.0,9854160.0,18482160.0,4925920.0,0.7310344827586207,0.7368421052631579
1471,1,160,43,117,24.41,38,10,28,24.16,4177784,1131648,1797872,479184,14,0,51,10,0,250421-220702_Run_1092_Idx_60828,2730,0,5e-05,20000000,41777840.0,11316480.0,17978720.0,4791840.0,0.73125,0.7368421052631579
1472,1,320,80,240,26.56,171,45,126,27.0,1942144,485536,1975848,519960,4,0,51,10,0,250421-211310_Run_174_Idx_48165,440,0,5e-05,20000000,19421440.0,4855360.0,19758480.0,5199600.0,0.75,0.7368421052631579
1473,1,320,80,240,25.95,304,103,201,22.74,494080,123520,1031776,274648,2,0,51,10,0,250421-214457_Run_949_Idx_66407,2380,0,5e-05,20000000,4940800.0,1235200.0,10317760.0,2746480.0,0.75,0.6611842105263158
1474,1,320,80,240,26.41,171,45,126,27.0,1880192,470048,1975848,519960,4,0,51,10,0,250421-211317_Run_530_Idx_60744,1330,0,5e-05,20000000,18801920.0,4700480.0,19758480.0,5199600.0,0.75,0.7368421052631579
1475,1,320,80,240,26.42,171,51,120,25.58,1915904,478976,1693184,464336,4,0,51,10,0,250421-212105_Run_754_Idx_42698,1890,0,5e-05,20000000,19159040.0,4789760.0,16931840.0,4643360.0,0.75,0.7017543859649122
1476,1,320,80,240,26.41,171,45,126,27.0,1880192,470048,1975848,519960,4,0,51,10,0,250421-204751_Run_578_Idx_60744,1450,0,5e-05,20000000,18801920.0,4700480.0,19758480.0,5199600.0,0.75,0.7368421052631579
1477,1,320,116,204,18.27,304,111,193,18.61,293216,78824,866704,232296,2,0,51,10,0,250421-223135_Run_1645_Idx_71317,4120,0,5e-05,20000000,2932160.0,788240.0,8667040.0,2322960.0,0.6375,0.6348684210526315
1478,1,290,85,205,25.74,95,28,67,25.58,4439912,1230752,2125224,587592,7,0,51,10,0,250421-214023_Run_483_Idx_2099,1210,0,5e-05,20000000,44399120.0,12307520.0,21252240.0,5875920.0,0.7068965517241379,0.7052631578947368
1479,1,290,78,212,24.58,95,25,70,27.0,3830152,1008456,2320888,610760,7,0,51,10,0,250421-223045_Run_1707_Idx_10643,4270,0,5e-05,20000000,38301520.0,10084560.0,23208880.0,6107600.0,0.7310344827586207,0.7368421052631579
1480,1,290,83,207,25.26,95,29,66,24.28,4617672,1252176,2051736,576672,7,0,51,10,0,250421-211741_Run_403_Idx_77536,1010,0,5e-05,20000000,46176720.0,12521760.0,20517360.0,5766720.0,0.7137931034482758,0.6947368421052632
1481,1,320,80,240,26.48,171,45,126,27.0,1915904,478976,1975848,519960,4,0,51,10,0,250421-213644_Run_370_Idx_33009,930,0,5e-05,20000000,19159040.0,4789760.0,19758480.0,5199600.0,0.75,0.7368421052631579
1482,1,320,80,240,26.6,304,80,224,25.63,487424,121856,1089536,290304,2,0,51,10,0,250421-211924_Run_757_Idx_9346,1900,0,5e-05,20000000,4874240.0,1218560.0,10895360.0,2903040.0,0.75,0.7368421052631579
1483,1,290,79,211,26.54,95,25,70,27.0,4764712,1281424,2320888,610760,7,0,51,10,0,250421-205522_Run_207_Idx_85350,520,0,5e-05,20000000,47647120.0,12814240.0,23208880.0,6107600.0,0.7275862068965517,0.7368421052631579
1484,1,160,43,117,26.5,38,10,28,27.0,5277976,1406696,2258416,594320,14,0,51,10,0,250421-204442_Run_56_Idx_46277,140,0,5e-05,20000000,52779760.0,14066960.0,22584160.0,5943200.0,0.73125,0.7368421052631579
1485,1,160,46,114,24.88,38,10,28,25.58,4335944,1195328,1797872,479184,14,0,51,10,0,250421-215133_Run_584_Idx_94830,1460,0,5e-05,20000000,43359440.0,11953280.0,17978720.0,4791840.0,0.7125,0.7368421052631579
1486,1,320,103,217,23.02,304,95,209,23.64,404032,110520,1153408,321344,2,0,51,10,0,250421-222158_Run_1249_Idx_70624,3130,0,5e-05,20000000,4040320.0,1105200.0,11534080.0,3213440.0,0.678125,0.6875
1487,1,320,91,229,22.87,304,94,210,22.19,379912,100104,997024,269080,2,0,51,10,0,250421-225806_Run_1893_Idx_50420,4740,0,5e-05,20000000,3799120.0,1001040.0,9970240.0,2690800.0,0.715625,0.6907894736842105
1488,1,160,43,117,21.42,38,10,28,24.16,3173472,836376,1452464,364048,14,0,51,10,0,250421-215859_Run_1460_Idx_22272,3650,0,5e-05,20000000,31734720.0,8363760.0,14524640.0,3640480.0,0.73125,0.7368421052631579
1489,1,160,43,117,22.42,38,10,28,27.0,3622896,973144,2258416,594320,14,0,51,10,0,250421-224022_Run_1660_Idx_27734,4150,0,5e-05,20000000,36228960.0,9731440.0,22584160.0,5943200.0,0.73125,0.7368421052631579
1490,1,320,90,230,19.96,171,57,114,15.98,1139280,295336,942720,263352,4,0,51,10,0,250421-224947_Run_1838_Idx_85423,4600,0,5e-05,20000000,11392800.0,2953360.0,9427200.0,2633520.0,0.71875,0.6666666666666666
1491,1,160,43,117,26.61,38,10,28,27.0,5235144,1386000,2258416,594320,14,0,51,10,0,250421-210521_Run_188_Idx_82007,470,0,5e-05,20000000,52351440.0,13860000.0,22584160.0,5943200.0,0.73125,0.7368421052631579
1492,1,320,117,203,22.47,304,129,175,18.49,399208,117848,892768,269496,2,0,51,10,0,250421-220459_Run_1277_Idx_66506,3200,0,5e-05,20000000,3992080.0,1178480.0,8927680.0,2694960.0,0.634375,0.5756578947368421
1493,1,160,43,117,26.35,38,10,28,27.0,5315824,1386776,2258416,594320,14,0,51,10,0,250421-213133_Run_616_Idx_87442,1540,0,5e-05,20000000,53158240.0,13867760.0,22584160.0,5943200.0,0.73125,0.7368421052631579
1494,1,320,97,223,20.08,171,51,120,22.02,1110472,294336,1271320,323616,4,0,51,10,0,250421-224754_Run_1794_Idx_34050,4490,0,5e-05,20000000,11104720.0,2943360.0,12713200.0,3236160.0,0.696875,0.7017543859649122
1495,1,160,43,117,26.27,38,10,28,25.63,4923944,1308200,1806768,481408,14,0,51,10,0,250421-214303_Run_360_Idx_27734,900,0,5e-05,20000000,49239440.0,13082000.0,18067680.0,4814080.0,0.73125,0.7368421052631579
1496,1,320,94,226,24.11,304,104,200,23.77,426320,113104,1153408,339944,2,0,51,10,0,250421-221426_Run_1201_Idx_47793,3010,0,5e-05,20000000,4263200.0,1131040.0,11534080.0,3399440.0,0.70625,0.6578947368421053
1497,1,160,43,117,26.06,38,10,28,27.0,5000480,1327528,2258416,594320,14,0,51,10,0,250421-205232_Run_688_Idx_87442,1720,0,5e-05,20000000,50004800.0,13275280.0,22584160.0,5943200.0,0.73125,0.7368421052631579
1498,1,320,88,232,23.55,171,51,120,19.71,1639744,437520,932416,256008,4,0,51,10,0,250421-223649_Run_1606_Idx_58782,4020,0,5e-05,20000000,16397440.0,4375200.0,9324160.0,2560080.0,0.725,0.7017543859649122
1499,1,160,43,117,26.5,38,10,28,27.0,5078216,1346768,2258416,594320,14,0,51,10,0,250421-212945_Run_264_Idx_13114,660,0,5e-05,20000000,50782160.0,13467680.0,22584160.0,5943200.0,0.73125,0.7368421052631579
1500,1,320,80,240,26.65,304,94,210,25.58,494080,123520,1275040,351616,2,0,51,10,0,250421-211158_Run_889_Idx_35818,2230,0,5e-05,20000000,4940800.0,1235200.0,12750400.0,3516160.0,0.75,0.6907894736842105
1501,1,160,43,117,26.45,38,10,28,27.0,5078216,1346768,2258416,594320,14,0,51,10,0,250421-210449_Run_308_Idx_13114,770,0,5e-05,20000000,50782160.0,13467680.0,22584160.0,5943200.0,0.73125,0.7368421052631579
1502,1,320,101,219,23.92,171,53,118,24.95,1513840,413544,1637376,456808,4,0,51,10,0,250421-213331_Run_850_Idx_66923,2130,0,5e-05,20000000,15138400.0,4135440.0,16373760.0,4568080.0,0.684375,0.6900584795321637
1503,1,320,80,240,26.48,171,45,126,27.0,1915904,478976,1975848,519960,4,0,51,10,0,250421-205910_Run_794_Idx_54611,1990,0,5e-05,20000000,19159040.0,4789760.0,19758480.0,5199600.0,0.75,0.7368421052631579
1504,1,290,78,212,23.53,95,26,69,25.58,3532072,955336,2023328,546872,7,0,51,10,0,250421-223001_Run_1555_Idx_66629,3890,0,5e-05,20000000,35320720.0,9553360.0,20233280.0,5468720.0,0.7310344827586207,0.7263157894736842
1505,1,320,91,229,20.63,171,46,125,25.26,1158256,292800,1681856,423744,4,0,51,10,0,250421-225609_Run_1938_Idx_97032,4850,0,5e-05,20000000,11582560.0,2928000.0,16818560.0,4237440.0,0.715625,0.7309941520467836
1506,1,290,78,212,26.4,95,25,70,27.0,4703272,1248136,2320888,610760,7,0,51,10,0,250421-215032_Run_231_Idx_91797,580,0,5e-05,20000000,47032720.0,12481360.0,23208880.0,6107600.0,0.7310344827586207,0.7368421052631579
1507,1,320,80,240,26.5,304,80,224,27.0,479744,119936,1361920,358400,2,0,51,10,0,250421-213909_Run_485_Idx_33396,1220,0,5e-05,20000000,4797440.0,1199360.0,13619200.0,3584000.0,0.75,0.7368421052631579
1508,1,160,43,117,26.33,38,10,28,27.0,5051600,1320720,2258416,594320,14,0,51,10,0,250421-211211_Run_532_Idx_1820,1330,0,5e-05,20000000,50516000.0,13207200.0,22584160.0,5943200.0,0.73125,0.7368421052631579
1509,1,320,80,240,26.56,171,45,126,27.0,1942144,485536,1975848,519960,4,0,51,10,0,250421-215019_Run_586_Idx_21514,1470,0,5e-05,20000000,19421440.0,4855360.0,19758480.0,5199600.0,0.75,0.7368421052631579
1510,1,160,43,117,25.11,38,10,28,24.16,4765424,1249176,1337328,364048,14,0,51,10,0,250421-221417_Run_1080_Idx_60828,2700,0,5e-05,20000000,47654240.0,12491760.0,13373280.0,3640480.0,0.73125,0.7368421052631579
1511,1,290,78,212,26.49,95,25,70,27.0,4651912,1248136,2320888,610760,7,0,51,10,0,250421-213508_Run_255_Idx_91797,640,0,5e-05,20000000,46519120.0,12481360.0,23208880.0,6107600.0,0.7310344827586207,0.7368421052631579
1512,1,290,78,212,26.59,95,25,70,27.0,4720392,1265256,2320888,610760,7,0,51,10,0,250421-215310_Run_227_Idx_91797,570,0,5e-05,20000000,47203920.0,12652560.0,23208880.0,6107600.0,0.7310344827586207,0.7368421052631579
1513,1,320,80,240,26.65,304,98,206,19.74,494080,123520,866704,221840,2,0,51,10,0,250421-224902_Run_1809_Idx_44441,4530,0,5e-05,20000000,4940800.0,1235200.0,8667040.0,2218400.0,0.75,0.6776315789473685
1514,1,320,80,240,26.65,304,94,210,25.05,494080,123520,1170784,325552,2,0,51,10,0,250421-222740_Run_1057_Idx_48844,2650,0,5e-05,20000000,4940800.0,1235200.0,11707840.0,3255520.0,0.75,0.6907894736842105
1515,1,160,44,116,25.99,38,11,27,25.58,4717344,1262496,1970576,538616,14,0,51,10,0,250421-214719_Run_472_Idx_61321,1180,0,5e-05,20000000,47173440.0,12624960.0,19705760.0,5386160.0,0.725,0.7105263157894737
1516,1,320,88,232,25.25,304,94,210,21.03,423104,109504,940552,264736,2,0,51,10,0,250421-225530_Run_1953_Idx_42679,4890,0,5e-05,20000000,4231040.0,1095040.0,9405520.0,2647360.0,0.725,0.6907894736842105
1517,1,320,80,240,26.6,304,80,224,27.0,487424,121856,1361920,358400,2,0,51,10,0,250421-214823_Run_709_Idx_9346,1780,0,5e-05,20000000,4874240.0,1218560.0,13619200.0,3584000.0,0.75,0.7368421052631579
1518,1,160,44,116,25.51,38,11,27,24.87,4882080,1289280,1740304,481048,14,0,51,10,0,250421-213847_Run_604_Idx_59474,1510,0,5e-05,20000000,48820800.0,12892800.0,17403040.0,4810480.0,0.725,0.7105263157894737
1519,1,320,92,228,23.78,171,57,114,23.4,1545128,408272,1434144,421264,4,0,51,10,0,250421-221349_Run_1202_Idx_84384,3010,0,5e-05,20000000,15451280.0,4082720.0,14341440.0,4212640.0,0.7125,0.6666666666666666
1520,1,320,80,240,26.3,304,94,210,25.05,494080,123520,1240288,342928,2,0,51,10,0,250421-205614_Run_681_Idx_14609,1710,0,5e-05,20000000,4940800.0,1235200.0,12402880.0,3429280.0,0.75,0.6907894736842105
1521,1,290,78,212,20.62,95,26,69,17.89,3155432,801256,1078048,271168,7,0,51,10,0,250421-225543_Run_1911_Idx_89856,4780,0,5e-05,20000000,31554320.0,8012560.0,10780480.0,2711680.0,0.7310344827586207,0.7263157894736842
1522,1,320,100,220,22.68,304,88,216,25.03,376472,102232,1188160,324736,2,0,51,10,0,250421-221018_Run_1505_Idx_34330,3770,0,5e-05,20000000,3764720.0,1022320.0,11881600.0,3247360.0,0.6875,0.7105263157894737
1523,1,290,87,203,24.72,95,26,69,25.58,3967112,1084208,2018896,519736,7,0,51,10,0,250421-210926_Run_775_Idx_11680,1940,0,5e-05,20000000,39671120.0,10842080.0,20188960.0,5197360.0,0.7,0.7263157894736842
1524,1,160,43,117,23.24,38,10,28,24.16,3567168,934800,1452464,364048,14,0,51,10,0,250421-223145_Run_1552_Idx_60828,3880,0,5e-05,20000000,35671680.0,9348000.0,14524640.0,3640480.0,0.73125,0.7368421052631579
1525,1,320,80,240,26.5,304,94,210,25.24,479744,119936,1257664,347272,2,0,51,10,0,250421-205446_Run_565_Idx_31863,1420,0,5e-05,20000000,4797440.0,1199360.0,12576640.0,3472720.0,0.75,0.6907894736842105
1526,1,290,86,204,25.38,95,25,70,27.0,4343752,1186120,2320888,610760,7,0,51,10,0,250421-210110_Run_315_Idx_46849,790,0,5e-05,20000000,43437520.0,11861200.0,23208880.0,6107600.0,0.7034482758620689,0.7368421052631579
1527,1,320,98,222,22.2,304,99,205,23.56,362224,100552,1114312,321888,2,0,51,10,0,250421-230033_Run_1985_Idx_5132,4970,0,5e-05,20000000,3622240.0,1005520.0,11143120.0,3218880.0,0.69375,0.6743421052631579
1528,1,320,111,209,20.11,304,95,209,21.85,322168,85424,967320,252368,2,0,51,10,0,250421-223846_Run_1725_Idx_52921,4320,0,5e-05,20000000,3221680.0,854240.0,9673200.0,2523680.0,0.653125,0.6875
1529,1,320,80,240,26.56,171,45,126,27.0,1942144,485536,1975848,519960,4,0,51,10,0,250421-204926_Run_694_Idx_21514,1740,0,5e-05,20000000,19421440.0,4855360.0,19758480.0,5199600.0,0.75,0.7368421052631579
1530,1,320,80,240,25.88,171,52,119,25.58,1880192,470048,1659848,459720,4,0,51,10,0,250421-210859_Run_538_Idx_41603,1350,0,5e-05,20000000,18801920.0,4700480.0,16598480.0,4597200.0,0.75,0.695906432748538
1531,1,320,186,134,5.32,171,117,54,1.89,312320,105024,62624,39296,4,0,51,10,0,250421-205705_Run_798_Idx_46260,2000,0,5e-05,20000000,3123200.0,1050240.0,626240.0,392960.0,0.41875,0.3157894736842105
1532,1,290,85,205,25.66,95,25,70,27.0,4446472,1219552,2320888,610760,7,0,51,10,0,250421-204829_Run_339_Idx_31485,850,0,5e-05,20000000,44464720.0,12195520.0,23208880.0,6107600.0,0.7068965517241379,0.7368421052631579
1533,1,290,79,211,24.85,95,29,66,21.88,4079912,1075984,1027752,314112,7,0,51,10,0,250421-221232_Run_1083_Idx_2788,2710,0,5e-05,20000000,40799120.0,10759840.0,10277520.0,3141120.0,0.7275862068965517,0.6947368421052632
1534,1,290,85,205,22.82,95,28,67,22.49,3669032,995232,1789176,470760,7,0,51,10,0,250421-214114_Run_955_Idx_98935,2390,0,5e-05,20000000,36690320.0,9952320.0,17891760.0,4707600.0,0.7068965517241379,0.7052631578947368
1535,1,320,80,240,26.41,171,61,110,23.05,1880192,470048,1478648,397704,4,0,51,10,0,250421-213333_Run_494_Idx_4316,1240,0,5e-05,20000000,18801920.0,4700480.0,14786480.0,3977040.0,0.75,0.6432748538011696
1536,1,160,43,117,25.84,38,10,28,27.0,4684744,1248400,2258416,594320,14,0,51,10,0,250421-221522_Run_1260_Idx_82007,3150,0,5e-05,20000000,46847440.0,12484000.0,22584160.0,5943200.0,0.73125,0.7368421052631579
1537,1,320,95,225,22.34,304,104,200,19.97,400592,105128,866704,235688,2,0,51,10,0,250421-222903_Run_1353_Idx_61119,3390,0,5e-05,20000000,4005920.0,1051280.0,8667040.0,2356880.0,0.703125,0.6578947368421053
1538,1,290,78,212,26.27,95,25,70,27.0,4679112,1229256,2320888,610760,7,0,51,10,0,250421-204854_Run_695_Idx_3654,1740,0,5e-05,20000000,46791120.0,12292560.0,23208880.0,6107600.0,0.7310344827586207,0.7368421052631579
1539,1,160,43,117,25.94,38,10,28,25.63,4607848,1229176,1806768,481408,14,0,51,10,0,250421-212821_Run_384_Idx_27734,960,0,5e-05,20000000,46078480.0,12291760.0,18067680.0,4814080.0,0.73125,0.7368421052631579
1540,1,320,80,240,26.54,171,51,120,25.58,1942144,485536,1692296,464336,4,0,51,10,0,250421-211026_Run_1010_Idx_11038,2530,0,5e-05,20000000,19421440.0,4855360.0,16922960.0,4643360.0,0.75,0.7017543859649122
1541,1,320,80,240,26.56,171,45,126,27.0,1942144,485536,1975848,519960,4,0,51,10,0,250421-211949_Run_162_Idx_48165,410,0,5e-05,20000000,19421440.0,4855360.0,19758480.0,5199600.0,0.75,0.7368421052631579
1542,1,160,43,117,26.1,38,10,28,27.0,4961304,1327528,2258416,594320,14,0,51,10,0,250421-210049_Run_1028_Idx_60828,2570,0,5e-05,20000000,49613040.0,13275280.0,22584160.0,5943200.0,0.73125,0.7368421052631579
1543,1,160,43,117,26.61,38,10,28,27.0,5235144,1386000,2258416,594320,14,0,51,10,0,250421-210739_Run_184_Idx_82007,460,0,5e-05,20000000,52351440.0,13860000.0,22584160.0,5943200.0,0.73125,0.7368421052631579
1544,1,320,80,240,26.56,171,45,126,27.0,1942144,485536,1975848,519960,4,0,51,10,0,250421-210847_Run_182_Idx_48165,460,0,5e-05,20000000,19421440.0,4855360.0,19758480.0,5199600.0,0.75,0.7368421052631579
1545,1,320,89,231,24.95,304,100,204,23.2,434584,112840,1096936,291616,2,0,51,10,0,250421-220630_Run_1093_Idx_9973,2740,0,5e-05,20000000,4345840.0,1128400.0,10969360.0,2916160.0,0.721875,0.6710526315789473
1546,1,320,86,234,25.12,171,45,126,27.0,1592528,408096,1975848,519960,4,0,51,10,0,250421-222156_Run_1422_Idx_98672,3560,0,5e-05,20000000,15925280.0,4080960.0,19758480.0,5199600.0,0.73125,0.7368421052631579
1547,1,290,78,212,26.4,95,25,70,27.0,4686152,1248944,2320888,610760,7,0,51,10,0,250421-213118_Run_379_Idx_42567,950,0,5e-05,20000000,46861520.0,12489440.0,23208880.0,6107600.0,0.7310344827586207,0.7368421052631579
1548,1,290,78,212,23.83,95,25,70,21.53,3932872,1008456,1493712,374424,7,0,51,10,0,250421-225636_Run_1951_Idx_10643,4880,0,5e-05,20000000,39328720.0,10084560.0,14937120.0,3744240.0,0.7310344827586207,0.7368421052631579
1549,1,320,98,222,21.69,304,111,193,19.03,368432,100496,858016,240984,2,0,51,10,0,250421-225212_Run_1865_Idx_92681,4670,0,5e-05,20000000,3684320.0,1004960.0,8580160.0,2409840.0,0.69375,0.6348684210526315
1550,1,290,78,212,19.19,95,26,69,21.32,2443432,683176,1447456,402904,7,0,51,10,0,250421-230049_Run_1971_Idx_17819,4930,0,5e-05,20000000,24434320.0,6831760.0,14474560.0,4029040.0,0.7310344827586207,0.7263157894736842
1551,1,160,43,117,21.92,38,10,28,21.32,3322048,907920,1337328,364048,14,0,51,10,0,250421-223638_Run_1636_Idx_1820,4090,0,5e-05,20000000,33220480.0,9079200.0,13373280.0,3640480.0,0.73125,0.7368421052631579
1552,1,320,80,240,26.6,304,80,224,27.0,487424,121856,1361920,358400,2,0,51,10,0,250421-205601_Run_325_Idx_29121,820,0,5e-05,20000000,4874240.0,1218560.0,13619200.0,3584000.0,0.75,0.7368421052631579
1553,1,290,78,212,26.54,95,25,70,27.0,4764712,1263496,2320888,610760,7,0,51,10,0,250421-213210_Run_615_Idx_3654,1540,0,5e-05,20000000,47647120.0,12634960.0,23208880.0,6107600.0,0.7310344827586207,0.7368421052631579
1554,1,320,109,211,23.72,171,53,118,25.58,1667264,463360,1848864,509680,4,0,51,10,0,250421-205235_Run_450_Idx_27174,1130,0,5e-05,20000000,16672640.0,4633600.0,18488640.0,5096800.0,0.659375,0.6900584795321637
1555,1,160,43,117,26.6,38,10,28,27.0,5078216,1346768,2258416,594320,14,0,51,10,0,250421-213304_Run_376_Idx_27734,940,0,5e-05,20000000,50782160.0,13467680.0,22584160.0,5943200.0,0.73125,0.7368421052631579
1556,1,320,95,225,24.39,171,53,118,24.95,1539800,410400,1613136,451760,4,0,51,10,0,250421-211535_Run_882_Idx_34050,2210,0,5e-05,20000000,15398000.0,4104000.0,16131360.0,4517600.0,0.703125,0.6900584795321637
1557,1,290,78,212,26.14,95,25,70,25.63,4382472,1180776,1857752,494976,7,0,51,10,0,250421-212111_Run_279_Idx_91797,700,0,5e-05,20000000,43824720.0,11807760.0,18577520.0,4949760.0,0.7310344827586207,0.7368421052631579
1558,1,290,78,212,24.62,95,25,70,24.21,3522120,957128,1385080,376808,7,0,51,10,0,250421-224512_Run_1559_Idx_96012,3900,0,5e-05,20000000,35221200.0,9571280.0,13850800.0,3768080.0,0.7310344827586207,0.7368421052631579
1559,1,320,107,213,22.12,304,94,210,19.53,365216,102680,811520,227048,2,0,51,10,0,250421-220253_Run_1397_Idx_16986,3500,0,5e-05,20000000,3652160.0,1026800.0,8115200.0,2270480.0,0.665625,0.6907894736842105
1560,1,320,80,240,26.52,171,63,108,24.0,1942144,485536,1648520,494624,4,0,51,10,0,250421-210003_Run_198_Idx_32718,500,0,5e-05,20000000,19421440.0,4855360.0,16485200.0,4946240.0,0.75,0.631578947368421
1561,1,320,102,218,22.68,171,53,118,25.26,1311664,363352,1743416,483096,4,0,51,10,0,250421-210609_Run_1018_Idx_30826,2550,0,5e-05,20000000,13116640.0,3633520.0,17434160.0,4830960.0,0.68125,0.6900584795321637
1562,1,160,44,116,25.99,38,12,26,25.58,4863040,1289320,2143280,598048,14,0,51,10,0,250421-205003_Run_336_Idx_59602,840,0,5e-05,20000000,48630400.0,12893200.0,21432800.0,5980480.0,0.725,0.6842105263157895
1563,1,320,80,240,26.56,171,51,120,25.58,1942144,485536,1693184,464336,4,0,51,10,0,250421-210815_Run_658_Idx_91499,1650,0,5e-05,20000000,19421440.0,4855360.0,16931840.0,4643360.0,0.75,0.7017543859649122
1564,1,290,78,212,25.14,95,26,69,23.87,4165512,1126536,1606752,442728,7,0,51,10,0,250421-215434_Run_1467_Idx_89856,3670,0,5e-05,20000000,41655120.0,11265360.0,16067520.0,4427280.0,0.7310344827586207,0.7263157894736842
1565,1,320,80,240,26.6,304,92,212,25.58,487424,121856,1257664,342656,2,0,51,10,0,250421-213315_Run_733_Idx_60777,1840,0,5e-05,20000000,4874240.0,1218560.0,12576640.0,3426560.0,0.75,0.6973684210526315
1566,1,320,95,225,24.32,171,48,123,25.58,1542272,402560,1735024,450896,4,0,51,10,0,250421-215543_Run_1110_Idx_85157,2780,0,5e-05,20000000,15422720.0,4025600.0,17350240.0,4508960.0,0.703125,0.7192982456140351
1567,1,320,87,233,21.37,171,45,126,27.0,1044912,273072,1975848,519960,4,0,51,10,0,250421-230127_Run_1994_Idx_57250,4990,0,5e-05,20000000,10449120.0,2730720.0,19758480.0,5199600.0,0.728125,0.7368421052631579
1568,1,290,78,212,23.53,95,25,70,22.74,4114152,1040936,1966384,492592,7,0,51,10,0,250421-224414_Run_1715_Idx_54015,4290,0,5e-05,20000000,41141520.0,10409360.0,19663840.0,4925920.0,0.7310344827586207,0.7368421052631579
1569,1,160,43,117,26.5,38,10,28,27.0,5090776,1359896,2258416,594320,14,0,51,10,0,250421-204108_Run_36_Idx_1820,90,0,5e-05,20000000,50907760.0,13598960.0,22584160.0,5943200.0,0.73125,0.7368421052631579
1570,1,160,44,116,26.09,38,10,28,27.0,4802048,1289320,2258416,594320,14,0,51,10,0,250421-210830_Run_420_Idx_85404,1050,0,5e-05,20000000,48020480.0,12893200.0,22584160.0,5943200.0,0.725,0.7368421052631579
1571,1,160,43,117,24.04,38,10,28,19.95,4075808,1071560,79728,20864,14,0,51,10,0,250421-225019_Run_1884_Idx_82007,4710,0,5e-05,20000000,40758080.0,10715600.0,797280.0,208640.0,0.73125,0.7368421052631579
1572,1,320,80,240,26.65,304,112,192,23.75,494080,123520,1170784,349720,2,0,51,10,0,250421-214313_Run_597_Idx_97624,1500,0,5e-05,20000000,4940800.0,1235200.0,11707840.0,3497200.0,0.75,0.631578947368421
1573,1,160,43,117,24.71,38,10,28,25.58,4264208,1123872,1797872,479184,14,0,51,10,0,250421-215618_Run_1348_Idx_1820,3370,0,5e-05,20000000,42642080.0,11238720.0,17978720.0,4791840.0,0.73125,0.7368421052631579
1574,1,160,44,116,26.03,38,11,27,25.58,5278752,1408496,1970576,538616,14,0,51,10,0,250421-211457_Run_408_Idx_59102,1020,0,5e-05,20000000,52787520.0,14084960.0,19705760.0,5386160.0,0.725,0.7105263157894737
1575,1,320,80,240,26.48,171,55,116,23.28,1942144,485536,1280712,364776,4,0,51,10,0,250421-211637_Run_998_Idx_93252,2500,0,5e-05,20000000,19421440.0,4855360.0,12807120.0,3647760.0,0.75,0.6783625730994152
1576,1,290,78,212,26.04,95,25,70,25.63,4313096,1163432,1857752,494976,7,0,51,10,0,250421-211811_Run_759_Idx_10643,1900,0,5e-05,20000000,43130960.0,11634320.0,18577520.0,4949760.0,0.7310344827586207,0.7368421052631579
1577,1,290,78,212,25.86,95,25,70,24.53,4514952,1213896,1848216,492592,7,0,51,10,0,250421-221827_Run_1491_Idx_91797,3730,0,5e-05,20000000,45149520.0,12138960.0,18482160.0,4925920.0,0.7310344827586207,0.7368421052631579
1578,1,320,107,213,19.03,304,106,198,20.66,283432,73792,858016,222928,2,0,51,10,0,250421-224621_Run_1797_Idx_40174,4500,0,5e-05,20000000,2834320.0,737920.0,8580160.0,2229280.0,0.665625,0.6513157894736842
1579,1,290,79,211,26.54,95,25,70,27.0,4764712,1281424,2320888,610760,7,0,51,10,0,250421-210344_Run_191_Idx_85350,480,0,5e-05,20000000,47647120.0,12814240.0,23208880.0,6107600.0,0.7275862068965517,0.7368421052631579
1580,1,290,79,211,22.94,95,25,70,21.34,3327112,883504,1021040,256256,7,0,51,10,0,250421-215927_Run_1343_Idx_82624,3360,0,5e-05,20000000,33271120.0,8835040.0,10210400.0,2562560.0,0.7275862068965517,0.7368421052631579
1581,1,290,78,212,24.2,95,25,70,25.63,3875368,1041160,1857752,494976,7,0,51,10,0,250421-224742_Run_1779_Idx_67176,4450,0,5e-05,20000000,38753680.0,10411600.0,18577520.0,4949760.0,0.7310344827586207,0.7368421052631579
1582,1,160,43,117,26.33,38,10,28,27.0,5238800,1367520,2258416,594320,14,0,51,10,0,250421-212420_Run_748_Idx_46277,1870,0,5e-05,20000000,52388000.0,13675200.0,22584160.0,5943200.0,0.73125,0.7368421052631579
1583,1,290,78,212,22.61,95,25,70,20.76,3720392,972456,1493712,374424,7,0,51,10,0,250421-223139_Run_1615_Idx_3654,4040,0,5e-05,20000000,37203920.0,9724560.0,14937120.0,3744240.0,0.7310344827586207,0.7368421052631579
1584,1,160,44,116,24.61,38,10,28,22.84,4174584,1131800,1337328,364048,14,0,51,10,0,250421-205645_Run_1036_Idx_37818,2590,0,5e-05,20000000,41745840.0,11318000.0,13373280.0,3640480.0,0.725,0.7368421052631579
1585,1,290,78,212,26.59,95,25,70,27.0,4720392,1265256,2320888,610760,7,0,51,10,0,250421-204304_Run_7_Idx_91797,20,0,5e-05,20000000,47203920.0,12652560.0,23208880.0,6107600.0,0.7310344827586207,0.7368421052631579
1586,1,320,80,240,26.6,304,80,224,27.0,487424,121856,1361920,358400,2,0,51,10,0,250421-213857_Run_249_Idx_29121,630,0,5e-05,20000000,4874240.0,1218560.0,13619200.0,3584000.0,0.75,0.7368421052631579
1587,1,320,97,223,23.35,171,58,113,22.3,1557952,411104,1249128,342240,4,0,51,10,0,250421-214151_Run_954_Idx_30826,2390,0,5e-05,20000000,15579520.0,4111040.0,12491280.0,3422400.0,0.696875,0.6608187134502924
1588,1,160,43,117,25.36,38,10,28,27.0,5118008,1327528,2258416,594320,14,0,51,10,0,250421-205846_Run_1032_Idx_60828,2580,0,5e-05,20000000,51180080.0,13275280.0,22584160.0,5943200.0,0.73125,0.7368421052631579
1589,1,160,43,117,26.33,38,10,28,27.0,5090776,1359896,2258416,594320,14,0,51,10,0,250421-204645_Run_580_Idx_1820,1450,0,5e-05,20000000,50907760.0,13598960.0,22584160.0,5943200.0,0.73125,0.7368421052631579
1590,1,160,43,117,26.39,38,10,28,27.0,5198296,1386776,2258416,594320,14,0,51,10,0,250421-205025_Run_692_Idx_87442,1730,0,5e-05,20000000,51982960.0,13867760.0,22584160.0,5943200.0,0.73125,0.7368421052631579
1591,1,290,78,212,24.57,95,25,70,23.87,3806472,1036776,1375544,374424,7,0,51,10,0,250421-224558_Run_1619_Idx_46758,4050,0,5e-05,20000000,38064720.0,10367760.0,13755440.0,3744240.0,0.7310344827586207,0.7368421052631579
1592,1,320,95,225,22.97,304,109,195,18.95,421720,111616,840640,218992,2,0,51,10,0,250421-223509_Run_1609_Idx_87434,4030,0,5e-05,20000000,4217200.0,1116160.0,8406400.0,2189920.0,0.703125,0.6414473684210527
1593,1,320,93,227,25.15,171,45,126,27.0,1744832,458880,1975848,519960,4,0,51,10,0,250421-204653_Run_342_Idx_46252,860,0,5e-05,20000000,17448320.0,4588800.0,19758480.0,5199600.0,0.709375,0.7368421052631579
1594,1,160,44,116,24.96,38,10,28,27.0,4570224,1230904,2258416,594320,14,0,51,10,0,250421-212745_Run_860_Idx_78589,2150,0,5e-05,20000000,45702240.0,12309040.0,22584160.0,5943200.0,0.725,0.7368421052631579
1595,1,290,78,212,26.59,95,25,70,27.0,4720392,1265256,2320888,610760,7,0,51,10,0,250421-214617_Run_355_Idx_42567,890,0,5e-05,20000000,47203920.0,12652560.0,23208880.0,6107600.0,0.7310344827586207,0.7368421052631579
1596,1,160,43,117,22.62,38,10,28,21.32,3843832,974584,1452464,364048,14,0,51,10,0,250421-224225_Run_1564_Idx_22272,3910,0,5e-05,20000000,38438320.0,9745840.0,14524640.0,3640480.0,0.73125,0.7368421052631579
1597,1,160,43,117,24.26,38,10,28,24.16,3723872,973976,1452464,364048,14,0,51,10,0,250421-213222_Run_852_Idx_22272,2130,0,5e-05,20000000,37238720.0,9739760.0,14524640.0,3640480.0,0.73125,0.7368421052631579
1598,1,320,99,221,23.73,304,90,214,25.58,404032,108656,1214224,333696,2,0,51,10,0,250421-223116_Run_1553_Idx_9973,3890,0,5e-05,20000000,4040320.0,1086560.0,12142240.0,3336960.0,0.690625,0.7039473684210527
1599,1,320,80,240,25.91,171,49,122,24.63,1880192,470048,1323784,366824,4,0,51,10,0,250421-223318_Run_1642_Idx_5723,4110,0,5e-05,20000000,18801920.0,4700480.0,13237840.0,3668240.0,0.75,0.7134502923976608
1600,1,160,43,117,23.96,38,10,28,24.26,4410904,1150752,1797872,479184,14,0,51,10,0,250421-215630_Run_1464_Idx_22272,3660,0,5e-05,20000000,44109040.0,11507520.0,17978720.0,4791840.0,0.73125,0.7368421052631579
1601,1,320,105,215,20.08,304,103,201,18.85,293216,82944,858016,239896,2,0,51,10,0,250421-225237_Run_1817_Idx_33174,4550,0,5e-05,20000000,2932160.0,829440.0,8580160.0,2398960.0,0.671875,0.6611842105263158
1602,1,160,45,115,25.82,38,10,28,24.26,4915552,1304248,1797872,479184,14,0,51,10,0,250421-205513_Run_564_Idx_61321,1410,0,5e-05,20000000,49155520.0,13042480.0,17978720.0,4791840.0,0.71875,0.7368421052631579
1603,1,320,80,240,26.6,304,80,224,27.0,487424,121856,1361920,358400,2,0,51,10,0,250421-204620_Run_1_Idx_29121,10,0,5e-05,20000000,4874240.0,1218560.0,13619200.0,3584000.0,0.75,0.7368421052631579
1604,1,290,78,212,17.04,95,25,70,18.94,1944392,528456,557904,140472,7,0,51,10,0,250421-224200_Run_1719_Idx_54015,4300,0,5e-05,20000000,19443920.0,5284560.0,5579040.0,1404720.0,0.7310344827586207,0.7368421052631579
1605,1,320,97,223,23.58,304,93,211,25.31,397600,106920,1266352,347136,2,0,51,10,0,250421-221931_Run_1133_Idx_52973,2840,0,5e-05,20000000,3976000.0,1069200.0,12663520.0,3471360.0,0.696875,0.694078947368421
1606,1,290,78,212,23.56,95,25,70,20.17,3840232,1006696,1375544,374424,7,0,51,10,0,250421-224754_Run_1811_Idx_3654,4530,0,5e-05,20000000,38402320.0,10066960.0,13755440.0,3744240.0,0.7310344827586207,0.7368421052631579
1607,1,160,44,116,25.98,38,10,28,27.0,5122176,1349304,2258416,594320,14,0,51,10,0,250421-214424_Run_832_Idx_78589,2080,0,5e-05,20000000,51221760.0,13493040.0,22584160.0,5943200.0,0.725,0.7368421052631579
1608,1,320,119,201,21.6,304,102,202,23.3,373480,100288,1062184,291888,2,0,51,10,0,250421-212130_Run_989_Idx_41107,2480,0,5e-05,20000000,3734800.0,1002880.0,10621840.0,2918880.0,0.628125,0.6644736842105263
1609,1,290,78,212,23.4,95,26,69,20.63,3282312,905736,1552480,429160,7,0,51,10,0,250421-225058_Run_1851_Idx_20723,4630,0,5e-05,20000000,32823120.0,9057360.0,15524800.0,4291600.0,0.7310344827586207,0.7263157894736842
1610,1,290,78,212,23.5,95,25,70,22.76,3470632,905736,1493712,374424,7,0,51,10,0,250421-223618_Run_1667_Idx_42567,4170,0,5e-05,20000000,34706320.0,9057360.0,14937120.0,3744240.0,0.7310344827586207,0.7368421052631579
1611,1,160,43,117,22.86,38,10,28,21.32,4197248,1092320,1452464,364048,14,0,51,10,0,250421-222714_Run_1356_Idx_46277,3390,0,5e-05,20000000,41972480.0,10923200.0,14524640.0,3640480.0,0.73125,0.7368421052631579
1612,1,290,81,209,22.9,95,29,66,22.47,3367912,925280,1711776,497904,7,0,51,10,0,250421-221313_Run_1203_Idx_37444,3010,0,5e-05,20000000,33679120.0,9252800.0,17117760.0,4979040.0,0.7206896551724138,0.6947368421052632
1613,1,290,78,212,19.1,95,26,69,22.47,2591368,733000,1815392,494888,7,0,51,10,0,250421-222812_Run_1411_Idx_89856,3530,0,5e-05,20000000,25913680.0,7330000.0,18153920.0,4948880.0,0.7310344827586207,0.7263157894736842
1614,1,320,93,227,25.15,171,45,126,27.0,1665728,439320,1975848,519960,4,0,51,10,0,250421-204902_Run_338_Idx_46252,850,0,5e-05,20000000,16657280.0,4393200.0,19758480.0,5199600.0,0.709375,0.7368421052631579
1615,1,290,78,212,23.71,95,25,70,27.0,3915752,1042696,2320888,610760,7,0,51,10,0,250421-224058_Run_1659_Idx_42567,4150,0,5e-05,20000000,39157520.0,10426960.0,23208880.0,6107600.0,0.7310344827586207,0.7368421052631579
1616,1,290,78,212,19.25,95,25,70,18.78,2778792,749896,1021040,256256,7,0,51,10,0,250421-225746_Run_1935_Idx_3654,4840,0,5e-05,20000000,27787920.0,7498960.0,10210400.0,2562560.0,0.7310344827586207,0.7368421052631579
1617,1,320,80,240,26.5,171,45,126,27.0,1942144,485536,1975848,519960,4,0,51,10,0,250421-205838_Run_914_Idx_80127,2290,0,5e-05,20000000,19421440.0,4855360.0,19758480.0,5199600.0,0.75,0.7368421052631579
1618,1,320,95,225,20.82,171,54,117,22.89,1158384,318720,1171328,346856,4,0,51,10,0,250421-223207_Run_1766_Idx_83683,4420,0,5e-05,20000000,11583840.0,3187200.0,11713280.0,3468560.0,0.703125,0.6842105263157895
1619,1,160,44,116,25.99,38,10,28,27.0,4882240,1289320,2258416,594320,14,0,51,10,0,250421-215508_Run_224_Idx_93324,560,0,5e-05,20000000,48822400.0,12893200.0,22584160.0,5943200.0,0.725,0.7368421052631579
1620,1,320,92,228,25.1,171,45,126,27.0,1767112,463768,1975848,519960,4,0,51,10,0,250421-213117_Run_854_Idx_99904,2140,0,5e-05,20000000,17671120.0,4637680.0,19758480.0,5199600.0,0.7125,0.7368421052631579
1621,1,320,92,228,24.66,304,94,210,23.76,439408,114640,1088248,290800,2,0,51,10,0,250421-220730_Run_1273_Idx_54125,3190,0,5e-05,20000000,4394080.0,1146400.0,10882480.0,2908000.0,0.7125,0.6907894736842105
1622,1,290,78,212,19.92,95,25,70,22.47,2556712,677256,1493712,374424,7,0,51,10,0,250421-225707_Run_1923_Idx_46758,4810,0,5e-05,20000000,25567120.0,6772560.0,14937120.0,3744240.0,0.7310344827586207,0.7368421052631579
1623,1,320,80,240,26.65,304,80,224,27.0,494080,123520,1361920,358400,2,0,51,10,0,250421-210709_Run_185_Idx_71618,470,0,5e-05,20000000,4940800.0,1235200.0,13619200.0,3584000.0,0.75,0.7368421052631579
1624,1,320,80,240,26.65,304,80,224,27.0,494080,123520,1361920,358400,2,0,51,10,0,250421-204030_Run_89_Idx_81817,230,0,5e-05,20000000,4940800.0,1235200.0,13619200.0,3584000.0,0.75,0.7368421052631579
1625,1,290,82,208,24.47,95,29,66,24.73,3583432,975688,1995312,535968,7,0,51,10,0,250421-210633_Run_899_Idx_58035,2250,0,5e-05,20000000,35834320.0,9756880.0,19953120.0,5359680.0,0.7172413793103448,0.6947368421052632
1626,1,160,44,116,25.17,38,10,28,24.16,4471120,1171752,1452464,364048,14,0,51,10,0,250421-222550_Run_1060_Idx_37818,2650,0,5e-05,20000000,44711200.0,11717520.0,14524640.0,3640480.0,0.725,0.7368421052631579
1627,1,320,100,220,22.8,304,103,201,21.67,398984,108664,988336,270304,2,0,51,10,0,250421-221238_Run_1501_Idx_49761,3760,0,5e-05,20000000,3989840.0,1086640.0,9883360.0,2703040.0,0.6875,0.6611842105263158
1628,1,290,79,211,24.62,95,26,69,21.91,4549192,1197584,1867944,495240,7,0,51,10,0,250421-205444_Run_803_Idx_66078,2010,0,5e-05,20000000,45491920.0,11975840.0,18679440.0,4952400.0,0.7275862068965517,0.7263157894736842
1629,1,320,112,208,20.59,171,56,115,22.43,1357016,353632,1487856,387152,4,0,51,10,0,250421-213550_Run_846_Idx_43236,2120,0,5e-05,20000000,13570160.0,3536320.0,14878560.0,3871520.0,0.65,0.672514619883041
1630,1,160,43,117,24.19,38,10,28,24.16,4047288,1025448,1913008,479184,14,0,51,10,0,250421-220615_Run_1332_Idx_1820,3330,0,5e-05,20000000,40472880.0,10254480.0,19130080.0,4791840.0,0.73125,0.7368421052631579
1631,1,160,43,117,24.67,38,10,28,25.58,4303384,1163048,1797872,479184,14,0,51,10,0,250421-221117_Run_1324_Idx_1820,3310,0,5e-05,20000000,43033840.0,11630480.0,17978720.0,4791840.0,0.73125,0.7368421052631579
1632,1,320,80,240,26.5,171,45,126,27.0,1915904,478976,1975848,519960,4,0,51,10,0,250421-215351_Run_226_Idx_51250,570,0,5e-05,20000000,19159040.0,4789760.0,19758480.0,5199600.0,0.75,0.7368421052631579
1633,1,290,78,212,21.95,95,25,70,24.16,2813032,749896,1375544,374424,7,0,51,10,0,250421-225430_Run_1799_Idx_3654,4500,0,5e-05,20000000,28130320.0,7498960.0,13755440.0,3744240.0,0.7310344827586207,0.7368421052631579
1634,1,290,78,212,26.64,95,25,70,27.0,4781832,1280616,2320888,610760,7,0,51,10,0,250421-210136_Run_195_Idx_54015,490,0,5e-05,20000000,47818320.0,12806160.0,23208880.0,6107600.0,0.7310344827586207,0.7368421052631579
1635,1,320,92,228,25.3,304,92,212,25.58,449056,117856,1240288,342656,2,0,51,10,0,250421-220727_Run_1153_Idx_69321,2890,0,5e-05,20000000,4490560.0,1178560.0,12402880.0,3426560.0,0.7125,0.6973684210526315
1636,1,290,78,212,24.76,95,25,70,24.26,3881512,1008456,1966384,492592,7,0,51,10,0,250421-220406_Run_1395_Idx_10643,3490,0,5e-05,20000000,38815120.0,10084560.0,19663840.0,4925920.0,0.7310344827586207,0.7368421052631579
1637,1,290,78,212,22.62,95,25,70,25.58,2915752,767016,1966384,492592,7,0,51,10,0,250421-223612_Run_1575_Idx_96012,3940,0,5e-05,20000000,29157520.0,7670160.0,19663840.0,4925920.0,0.7310344827586207,0.7368421052631579
1638,1,320,94,226,22.97,304,95,209,22.57,400952,106360,1001368,273560,2,0,51,10,0,250421-224037_Run_1629_Idx_88220,4080,0,5e-05,20000000,4009520.0,1063600.0,10013680.0,2735600.0,0.70625,0.6875
1639,1,320,92,228,20.6,171,53,118,21.96,1036208,274544,1153544,302352,4,0,51,10,0,250421-224545_Run_1798_Idx_14641,4500,0,5e-05,20000000,10362080.0,2745440.0,11535440.0,3023520.0,0.7125,0.6900584795321637
1640,1,160,43,117,23.54,38,10,28,22.74,3692768,966200,991920,248912,14,0,51,10,0,250421-223424_Run_1640_Idx_1820,4100,0,5e-05,20000000,36927680.0,9662000.0,9919200.0,2489120.0,0.73125,0.7368421052631579
1641,1,320,80,240,26.6,304,95,209,25.58,487424,121856,1283728,356096,2,0,51,10,0,250421-205140_Run_333_Idx_59589,840,0,5e-05,20000000,4874240.0,1218560.0,12837280.0,3560960.0,0.75,0.6875
1642,1,320,89,231,22.73,171,54,117,20.09,1530728,397808,963208,267600,4,0,51,10,0,250421-223215_Run_1614_Idx_85321,4040,0,5e-05,20000000,15307280.0,3978080.0,9632080.0,2676000.0,0.721875,0.6842105263157895
1643,1,320,80,240,26.6,304,80,224,27.0,487424,121856,1361920,358400,2,0,51,10,0,250421-220517_Run_1513_Idx_29121,3790,0,5e-05,20000000,4874240.0,1218560.0,13619200.0,3584000.0,0.75,0.7368421052631579
1644,1,320,93,227,24.41,304,80,224,27.0,402200,106608,1361920,358400,2,0,51,10,0,250421-223201_Run_1705_Idx_20310,4270,0,5e-05,20000000,4022000.0,1066080.0,13619200.0,3584000.0,0.709375,0.7368421052631579
1645,1,290,78,212,26.64,95,25,70,27.0,4781832,1280616,2320888,610760,7,0,51,10,0,250421-210813_Run_183_Idx_54015,460,0,5e-05,20000000,47818320.0,12806160.0,23208880.0,6107600.0,0.7310344827586207,0.7368421052631579
1646,1,320,80,240,26.6,304,80,224,27.0,487424,121856,1361920,358400,2,0,51,10,0,250421-204146_Run_61_Idx_9346,160,0,5e-05,20000000,4874240.0,1218560.0,13619200.0,3584000.0,0.75,0.7368421052631579
1647,1,290,80,210,26.21,95,25,70,27.0,4549192,1232632,2320888,610760,7,0,51,10,0,250421-204749_Run_459_Idx_52003,1150,0,5e-05,20000000,45491920.0,12326320.0,23208880.0,6107600.0,0.7241379310344828,0.7368421052631579
1648,1,290,78,212,19.23,95,25,70,19.58,2563272,683176,1021040,256256,7,0,51,10,0,250421-224456_Run_1743_Idx_91797,4360,0,5e-05,20000000,25632720.0,6831760.0,10210400.0,2562560.0,0.7310344827586207,0.7368421052631579
1649,1,320,80,240,26.48,171,45,126,27.0,1915904,478976,1975848,519960,4,0,51,10,0,250421-210302_Run_430_Idx_33009,1080,0,5e-05,20000000,19159040.0,4789760.0,19758480.0,5199600.0,0.75,0.7368421052631579
1650,1,290,79,211,26.54,95,25,70,27.0,4764712,1281424,2320888,610760,7,0,51,10,0,250421-204545_Run_15_Idx_85350,40,0,5e-05,20000000,47647120.0,12814240.0,23208880.0,6107600.0,0.7275862068965517,0.7368421052631579
1651,1,160,43,117,22.25,38,10,28,19.89,3619024,972176,1337328,364048,14,0,51,10,0,250421-230108_Run_1956_Idx_27734,4890,0,5e-05,20000000,36190240.0,9721760.0,13373280.0,3640480.0,0.73125,0.7368421052631579
1652,1,290,78,212,24.7,95,25,70,27.0,3624712,991336,2320888,610760,7,0,51,10,0,250421-224312_Run_1655_Idx_42567,4140,0,5e-05,20000000,36247120.0,9913360.0,23208880.0,6107600.0,0.7310344827586207,0.7368421052631579
1653,1,290,79,211,26.54,95,25,70,27.0,4764712,1281424,2320888,610760,7,0,51,10,0,250421-215059_Run_111_Idx_85350,280,0,5e-05,20000000,47647120.0,12814240.0,23208880.0,6107600.0,0.7275862068965517,0.7368421052631579
1654,1,320,92,228,25.3,304,80,224,27.0,449056,117856,1361920,358400,2,0,51,10,0,250421-212713_Run_861_Idx_3901,2160,0,5e-05,20000000,4490560.0,1178560.0,13619200.0,3584000.0,0.7125,0.7368421052631579
1655,1,320,80,240,26.19,171,58,113,22.61,1942144,485536,1402536,356680,4,0,51,10,0,250421-221529_Run_1078_Idx_32348,2700,0,5e-05,20000000,19421440.0,4855360.0,14025360.0,3566800.0,0.75,0.6608187134502924
1656,1,320,94,226,25.3,304,94,210,25.41,458704,121200,1266352,351616,2,0,51,10,0,250421-211306_Run_649_Idx_45068,1630,0,5e-05,20000000,4587040.0,1212000.0,12663520.0,3516160.0,0.70625,0.6907894736842105
1657,1,320,80,240,26.54,171,45,126,27.0,1942144,485536,1975848,519960,4,0,51,10,0,250421-204027_Run_102_Idx_40035,260,0,5e-05,20000000,19421440.0,4855360.0,19758480.0,5199600.0,0.75,0.7368421052631579
1658,1,320,80,240,26.45,171,63,108,24.16,1915904,478976,1774456,526552,4,0,51,10,0,250421-211032_Run_298_Idx_73459,750,0,5e-05,20000000,19159040.0,4789760.0,17744560.0,5265520.0,0.75,0.631578947368421
1659,1,290,82,208,21.36,95,34,61,21.13,3230952,823368,1617680,501464,7,0,51,10,0,250421-221528_Run_1199_Idx_43360,3000,0,5e-05,20000000,32309520.0,8233680.0,16176800.0,5014640.0,0.7172413793103448,0.6421052631578947
1660,1,160,45,115,21.44,38,10,28,21.32,3338800,880024,1452464,364048,14,0,51,10,0,250421-210458_Run_1020_Idx_46840,2550,0,5e-05,20000000,33388000.0,8800240.0,14524640.0,3640480.0,0.71875,0.7368421052631579
1661,1,160,43,117,19.51,38,10,28,16.05,3109736,854648,1337328,364048,14,0,51,10,0,250421-224839_Run_1840_Idx_27734,4600,0,5e-05,20000000,31097360.0,8546480.0,13373280.0,3640480.0,0.73125,0.7368421052631579
1662,1,290,85,205,24.17,95,27,68,25.58,3566312,978112,2072320,546880,7,0,51,10,0,250421-211810_Run_995_Idx_24997,2490,0,5e-05,20000000,35663120.0,9781120.0,20723200.0,5468800.0,0.7068965517241379,0.7157894736842105
1663,1,290,79,211,24.01,95,27,68,24.16,3429352,921904,1710016,456304,7,0,51,10,0,250421-222739_Run_1239_Idx_23604,3100,0,5e-05,20000000,34293520.0,9219040.0,17100160.0,4563040.0,0.7275862068965517,0.7157894736842105
1664,1,320,80,240,26.52,171,50,121,19.34,1942144,485536,881432,234336,4,0,51,10,0,250421-224828_Run_1810_Idx_18218,4530,0,5e-05,20000000,19421440.0,4855360.0,8814320.0,2343360.0,0.75,0.7076023391812866
1665,1,320,80,240,26.6,304,80,224,27.0,487424,121856,1361920,358400,2,0,51,10,0,250421-213456_Run_373_Idx_2588,940,0,5e-05,20000000,4874240.0,1218560.0,13619200.0,3584000.0,0.75,0.7368421052631579
1666,1,320,99,221,22.79,304,101,203,21.84,388144,105488,915896,261696,2,0,51,10,0,250421-224407_Run_1561_Idx_92874,3910,0,5e-05,20000000,3881440.0,1054880.0,9158960.0,2616960.0,0.690625,0.6677631578947368
1667,1,320,80,240,25.8,304,112,192,22.11,487424,121856,997024,306280,2,0,51,10,0,250421-221642_Run_1197_Idx_17484,3000,0,5e-05,20000000,4874240.0,1218560.0,9970240.0,3062800.0,0.75,0.631578947368421
1668,1,290,78,212,24.93,95,25,70,23.11,3967112,1042696,1493712,374424,7,0,51,10,0,250421-223952_Run_1691_Idx_10643,4230,0,5e-05,20000000,39671120.0,10426960.0,14937120.0,3744240.0,0.7310344827586207,0.7368421052631579
1669,1,320,92,228,21.88,171,56,115,20.92,1199952,309024,1037184,276360,4,0,51,10,0,250421-223747_Run_1634_Idx_76054,4090,0,5e-05,20000000,11999520.0,3090240.0,10371840.0,2763600.0,0.7125,0.672514619883041
1670,1,290,83,207,24.27,95,27,68,24.16,3720392,1027856,1837776,507936,7,0,51,10,0,250421-204911_Run_1051_Idx_45779,2630,0,5e-05,20000000,37203920.0,10278560.0,18377760.0,5079360.0,0.7137931034482758,0.7157894736842105
1671,1,160,43,117,25.73,38,10,28,27.0,4961304,1327528,2258416,594320,14,0,51,10,0,250421-224429_Run_1592_Idx_87442,3980,0,5e-05,20000000,49613040.0,13275280.0,22584160.0,5943200.0,0.73125,0.7368421052631579
1672,1,290,86,204,21.53,95,28,67,22.05,3326632,944680,1839928,509704,7,0,51,10,0,250421-205603_Run_919_Idx_82695,2300,0,5e-05,20000000,33266320.0,9446800.0,18399280.0,5097040.0,0.7034482758620689,0.7052631578947368
1673,1,160,43,117,25.1,38,10,28,25.58,4430976,1150752,1913008,479184,14,0,51,10,0,250421-215423_Run_1112_Idx_60828,2780,0,5e-05,20000000,44309760.0,11507520.0,19130080.0,4791840.0,0.73125,0.7368421052631579
1674,1,320,94,226,25.25,304,80,224,27.0,452048,119536,1361920,358400,2,0,51,10,0,250421-222001_Run_1369_Idx_88131,3430,0,5e-05,20000000,4520480.0,1195360.0,13619200.0,3584000.0,0.70625,0.7368421052631579
1675,1,160,43,117,26.6,38,10,28,27.0,5078216,1346768,2258416,594320,14,0,51,10,0,250421-203852_Run_52_Idx_27734,130,0,5e-05,20000000,50782160.0,13467680.0,22584160.0,5943200.0,0.73125,0.7368421052631579
1676,1,320,80,240,26.65,304,96,208,25.58,494080,123520,1292416,360576,2,0,51,10,0,250421-214706_Run_117_Idx_52739,300,0,5e-05,20000000,4940800.0,1235200.0,12924160.0,3605760.0,0.75,0.6842105263157895
1677,1,290,80,210,24.67,95,26,69,22.71,3908712,1059672,1498536,416016,7,0,51,10,0,250421-221012_Run_1087_Idx_53495,2720,0,5e-05,20000000,39087120.0,10596720.0,14985360.0,4160160.0,0.7241379310344828,0.7263157894736842
1678,1,290,79,211,23.1,95,26,69,22.83,3482088,952208,1505920,417520,7,0,51,10,0,250421-215424_Run_1351_Idx_44243,3380,0,5e-05,20000000,34820880.0,9522080.0,15059200.0,4175200.0,0.7275862068965517,0.7263157894736842
1679,1,320,80,240,26.65,304,94,210,25.58,494080,123520,1266352,351616,2,0,51,10,0,250421-205421_Run_209_Idx_81031,530,0,5e-05,20000000,4940800.0,1235200.0,12663520.0,3516160.0,0.75,0.6907894736842105
1680,1,320,80,240,26.48,171,45,126,27.0,1915904,478976,1975848,519960,4,0,51,10,0,250421-213919_Run_366_Idx_33009,920,0,5e-05,20000000,19159040.0,4789760.0,19758480.0,5199600.0,0.75,0.7368421052631579
1681,1,320,98,222,22.46,304,90,214,22.31,360752,98576,941840,265600,2,0,51,10,0,250421-215544_Run_1349_Idx_22316,3380,0,5e-05,20000000,3607520.0,985760.0,9418400.0,2656000.0,0.69375,0.7039473684210527
1682,1,320,89,231,25.3,304,80,224,27.0,434584,112840,1361920,358400,2,0,51,10,0,250421-222234_Run_1421_Idx_96814,3560,0,5e-05,20000000,4345840.0,1128400.0,13619200.0,3584000.0,0.721875,0.7368421052631579
1683,1,290,79,211,26.49,95,25,70,27.0,4703272,1266064,2320888,610760,7,0,51,10,0,250421-204221_Run_47_Idx_87244,120,0,5e-05,20000000,47032720.0,12660640.0,23208880.0,6107600.0,0.7275862068965517,0.7368421052631579
1684,1,160,43,117,26.44,38,10,28,27.0,5078440,1346824,2258416,594320,14,0,51,10,0,250421-205449_Run_208_Idx_82007,520,0,5e-05,20000000,50784400.0,13468240.0,22584160.0,5943200.0,0.73125,0.7368421052631579
1685,1,290,80,210,25.89,95,28,67,25.58,4439432,1179512,2180864,601160,7,0,51,10,0,250421-213431_Run_611_Idx_90023,1530,0,5e-05,20000000,44394320.0,11795120.0,21808640.0,6011600.0,0.7241379310344828,0.7052631578947368
1686,1,290,78,212,24.0,95,25,70,24.16,3395112,886856,1493712,374424,7,0,51,10,0,250421-222336_Run_1419_Idx_96012,3550,0,5e-05,20000000,33951120.0,8868560.0,14937120.0,3744240.0,0.7310344827586207,0.7368421052631579
1687,1,320,104,216,24.15,304,93,211,25.58,419888,115352,1266352,347136,2,0,51,10,0,250421-211036_Run_773_Idx_70583,1940,0,5e-05,20000000,4198880.0,1153520.0,12663520.0,3471360.0,0.675,0.694078947368421
1688,1,160,43,117,26.61,38,10,28,27.0,5235144,1386000,2258416,594320,14,0,51,10,0,250421-204300_Run_20_Idx_82007,50,0,5e-05,20000000,52351440.0,13860000.0,22584160.0,5943200.0,0.73125,0.7368421052631579
1689,1,320,87,233,25.12,171,45,126,27.0,1589968,409768,1975848,519960,4,0,51,10,0,250421-221712_Run_1430_Idx_57250,3580,0,5e-05,20000000,15899680.0,4097680.0,19758480.0,5199600.0,0.728125,0.7368421052631579
1690,1,320,80,240,26.54,171,50,121,24.52,1942144,485536,1521128,411032,4,0,51,10,0,250421-205747_Run_1034_Idx_97989,2590,0,5e-05,20000000,19421440.0,4855360.0,15211280.0,4110320.0,0.75,0.7076023391812866
1691,1,320,85,235,25.06,171,45,126,27.0,1507056,384416,1975848,519960,4,0,51,10,0,250421-224737_Run_1826_Idx_70101,4570,0,5e-05,20000000,15070560.0,3844160.0,19758480.0,5199600.0,0.734375,0.7368421052631579
1692,1,320,99,221,22.52,171,54,117,23.11,1316784,363864,1273552,350200,4,0,51,10,0,250421-220405_Run_1218_Idx_75359,3050,0,5e-05,20000000,13167840.0,3638640.0,12735520.0,3502000.0,0.690625,0.6842105263157895
1693,1,160,43,117,24.82,38,10,28,22.79,4884280,1308272,1797872,479184,14,0,51,10,0,250421-205200_Run_808_Idx_46277,2020,0,5e-05,20000000,48842800.0,13082720.0,17978720.0,4791840.0,0.73125,0.7368421052631579
1694,1,320,80,240,26.0,304,108,196,22.13,479744,119936,897112,275328,2,0,51,10,0,250421-220049_Run_1341_Idx_22316,3360,0,5e-05,20000000,4797440.0,1199360.0,8971120.0,2753280.0,0.75,0.6447368421052632
1695,1,320,80,240,26.12,171,50,121,23.55,1942144,485536,1147248,308744,4,0,51,10,0,250421-222955_Run_1618_Idx_18218,4050,0,5e-05,20000000,19421440.0,4855360.0,11472480.0,3087440.0,0.75,0.7076023391812866
1696,1,160,43,117,26.61,38,10,28,27.0,5235144,1386000,2258416,594320,14,0,51,10,0,250421-213231_Run_140_Idx_82007,350,0,5e-05,20000000,52351440.0,13860000.0,22584160.0,5943200.0,0.73125,0.7368421052631579
1697,1,320,80,240,26.42,171,46,125,22.27,1915904,478976,1295264,327096,4,0,51,10,0,250421-225711_Run_1950_Idx_53587,4880,0,5e-05,20000000,19159040.0,4789760.0,12952640.0,3270960.0,0.75,0.7309941520467836
1698,1,320,88,232,25.12,171,45,126,27.0,1690864,437520,1975848,519960,4,0,51,10,0,250421-205024_Run_930_Idx_12466,2330,0,5e-05,20000000,16908640.0,4375200.0,19758480.0,5199600.0,0.725,0.7368421052631579
1699,1,160,44,116,26.16,38,10,28,27.0,4901440,1308520,2258416,594320,14,0,51,10,0,250421-210241_Run_312_Idx_93324,780,0,5e-05,20000000,49014400.0,13085200.0,22584160.0,5943200.0,0.725,0.7368421052631579
1700,1,160,43,117,26.44,38,10,28,27.0,5235144,1386000,2258416,594320,14,0,51,10,0,250421-214741_Run_116_Idx_82007,290,0,5e-05,20000000,52351440.0,13860000.0,22584160.0,5943200.0,0.73125,0.7368421052631579
1701,1,320,80,240,26.5,304,91,213,25.17,479744,119936,1240288,338176,2,0,51,10,0,250421-205651_Run_561_Idx_33399,1410,0,5e-05,20000000,4797440.0,1199360.0,12402880.0,3381760.0,0.75,0.7006578947368421
1702,1,320,80,240,26.65,304,108,196,23.17,494080,123520,1049152,310080,2,0,51,10,0,250421-211711_Run_997_Idx_71004,2500,0,5e-05,20000000,4940800.0,1235200.0,10491520.0,3100800.0,0.75,0.6447368421052632
1703,1,290,79,211,25.58,95,27,68,24.44,4292392,1163344,1789176,496128,7,0,51,10,0,250421-220059_Run_1223_Idx_38204,3060,0,5e-05,20000000,42923920.0,11633440.0,17891760.0,4961280.0,0.7275862068965517,0.7157894736842105
1704,1,320,112,208,21.45,171,58,113,23.54,1387712,407104,1578160,453328,4,0,51,10,0,250421-210912_Run_894_Idx_49384,2240,0,5e-05,20000000,13877120.0,4071040.0,15781600.0,4533280.0,0.65,0.6608187134502924
1705,1,160,44,116,26.03,38,13,25,24.16,5238800,1408496,1855440,542344,14,0,51,10,0,250421-212507_Run_272_Idx_67416,680,0,5e-05,20000000,52388000.0,14084960.0,18554400.0,5423440.0,0.725,0.6578947368421053
1706,1,320,93,227,21.98,171,50,121,21.36,1283568,334272,1147856,313120,4,0,51,10,0,250421-220213_Run_1398_Idx_79337,3500,0,5e-05,20000000,12835680.0,3342720.0,11478560.0,3131200.0,0.709375,0.7076023391812866
1707,1,290,78,212,23.99,95,25,70,27.0,3720872,1002536,2320888,610760,7,0,51,10,0,250421-221851_Run_1311_Idx_46758,3280,0,5e-05,20000000,37208720.0,10025360.0,23208880.0,6107600.0,0.7310344827586207,0.7368421052631579
1708,1,290,79,211,26.23,95,29,66,25.58,4764712,1281424,2366808,655440,7,0,51,10,0,250421-213533_Run_135_Idx_13260,340,0,5e-05,20000000,47647120.0,12814240.0,23668080.0,6554400.0,0.7275862068965517,0.6947368421052632
1709,1,320,103,217,23.95,304,120,184,20.27,429760,118560,957928,268272,2,0,51,10,0,250421-211302_Run_1005_Idx_11498,2520,0,5e-05,20000000,4297600.0,1185600.0,9579280.0,2682720.0,0.678125,0.6052631578947368
1710,1,290,79,211,26.45,95,25,70,27.0,4747592,1264304,2320888,610760,7,0,51,10,0,250421-204649_Run_223_Idx_85350,560,0,5e-05,20000000,47475920.0,12643040.0,23208880.0,6107600.0,0.7275862068965517,0.7368421052631579
1711,1,320,104,216,23.97,304,91,213,25.58,426544,117016,1248976,338176,2,0,51,10,0,250421-210531_Run_901_Idx_93493,2260,0,5e-05,20000000,4265440.0,1170160.0,12489760.0,3381760.0,0.675,0.7006578947368421
1712,1,160,43,117,23.49,38,10,28,21.42,3981792,1072856,1346224,366272,14,0,51,10,0,250421-222935_Run_1352_Idx_46277,3380,0,5e-05,20000000,39817920.0,10728560.0,13462240.0,3662720.0,0.73125,0.7368421052631579
1713,1,290,78,212,25.82,95,25,70,27.0,4292392,1145416,2320888,610760,7,0,51,10,0,250421-223839_Run_1663_Idx_42567,4160,0,5e-05,20000000,42923920.0,11454160.0,23208880.0,6107600.0,0.7310344827586207,0.7368421052631579
1714,1,290,80,210,26.21,95,25,70,27.0,4549192,1232632,2320888,610760,7,0,51,10,0,250421-210903_Run_419_Idx_52003,1050,0,5e-05,20000000,45491920.0,12326320.0,23208880.0,6107600.0,0.7241379310344828,0.7368421052631579
1715,1,320,80,240,26.56,171,45,126,27.0,1942144,485536,1975848,519960,4,0,51,10,0,250421-212804_Run_622_Idx_21514,1560,0,5e-05,20000000,19421440.0,4855360.0,19758480.0,5199600.0,0.75,0.7368421052631579
1716,1,290,77,213,25.86,95,26,69,25.58,4559272,1194208,2130504,574008,7,0,51,10,0,250421-215110_Run_939_Idx_67176,2350,0,5e-05,20000000,45592720.0,11942080.0,21305040.0,5740080.0,0.7344827586206897,0.7263157894736842
1717,1,320,80,240,26.65,304,93,211,25.58,494080,123520,1253320,347136,2,0,51,10,0,250421-212151_Run_633_Idx_33852,1590,0,5e-05,20000000,4940800.0,1235200.0,12533200.0,3471360.0,0.75,0.694078947368421
1718,1,290,80,210,26.12,95,25,70,27.0,4542152,1230872,2320888,610760,7,0,51,10,0,250421-213039_Run_855_Idx_65032,2140,0,5e-05,20000000,45421520.0,12308720.0,23208880.0,6107600.0,0.7241379310344828,0.7368421052631579
1719,1,320,80,240,26.5,304,80,224,27.0,479744,119936,1361920,358400,2,0,51,10,0,250421-204825_Run_577_Idx_33396,1450,0,5e-05,20000000,4797440.0,1199360.0,13619200.0,3584000.0,0.75,0.7368421052631579
1720,1,320,80,240,25.8,304,112,192,23.84,487424,121856,1188160,354064,2,0,51,10,0,250421-212106_Run_397_Idx_17484,1000,0,5e-05,20000000,4874240.0,1218560.0,11881600.0,3540640.0,0.75,0.631578947368421
1721,1,290,79,211,25.76,95,27,68,25.29,4576872,1226712,2104248,574896,7,0,51,10,0,250421-211037_Run_535_Idx_52312,1340,0,5e-05,20000000,45768720.0,12267120.0,21042480.0,5748960.0,0.7275862068965517,0.7157894736842105
1722,1,320,80,240,26.6,304,80,224,27.0,487424,121856,1361920,358400,2,0,51,10,0,250421-205943_Run_793_Idx_9346,1990,0,5e-05,20000000,4874240.0,1218560.0,13619200.0,3584000.0,0.75,0.7368421052631579
1723,1,320,95,225,23.89,304,108,196,20.82,396128,104816,844984,240576,2,0,51,10,0,250421-223610_Run_1637_Idx_51198,4100,0,5e-05,20000000,3961280.0,1048160.0,8449840.0,2405760.0,0.703125,0.6447368421052632
1724,1,320,86,234,24.04,171,52,119,21.29,1451624,366960,1145928,323752,4,0,51,10,0,250421-225132_Run_1850_Idx_51854,4630,0,5e-05,20000000,14516240.0,3669600.0,11459280.0,3237520.0,0.73125,0.695906432748538
1725,1,160,43,117,22.46,38,10,28,20.11,3901616,1033224,1337328,364048,14,0,51,10,0,250421-224721_Run_1812_Idx_87442,4530,0,5e-05,20000000,39016160.0,10332240.0,13373280.0,3640480.0,0.73125,0.7368421052631579
1726,1,320,80,240,26.65,304,80,224,27.0,494080,123520,1361920,358400,2,0,51,10,0,250421-224033_Run_1537_Idx_78175,3850,0,5e-05,20000000,4940800.0,1235200.0,13619200.0,3584000.0,0.75,0.7368421052631579
1727,1,160,44,116,24.95,38,10,28,24.16,4551408,1191824,1452464,364048,14,0,51,10,0,250421-210044_Run_672_Idx_56251,1680,0,5e-05,20000000,45514080.0,11918240.0,14524640.0,3640480.0,0.725,0.7368421052631579
1728,1,290,88,202,24.87,95,28,67,25.58,4045672,1134616,2126592,587592,7,0,51,10,0,250421-215213_Run_583_Idx_4389,1460,0,5e-05,20000000,40456720.0,11346160.0,21265920.0,5875920.0,0.696551724137931,0.7052631578947368
1729,1,290,78,212,25.84,95,25,70,27.0,4336712,1143656,2320888,610760,7,0,51,10,0,250421-224634_Run_1711_Idx_54015,4280,0,5e-05,20000000,43367120.0,11436560.0,23208880.0,6107600.0,0.7310344827586207,0.7368421052631579
1730,1,320,89,231,25.25,304,80,224,27.0,427928,111176,1361920,358400,2,0,51,10,0,250421-223954_Run_1661_Idx_26237,4160,0,5e-05,20000000,4279280.0,1111760.0,13619200.0,3584000.0,0.721875,0.7368421052631579
1731,1,320,103,217,22.74,304,99,205,22.11,372008,95680,997024,256728,2,0,51,10,0,250421-222657_Run_1297_Idx_5977,3250,0,5e-05,20000000,3720080.0,956800.0,9970240.0,2567280.0,0.678125,0.6743421052631579
1732,1,160,43,117,21.81,38,10,28,18.79,3863768,1053144,1337328,364048,14,0,51,10,0,250421-222454_Run_1360_Idx_46277,3400,0,5e-05,20000000,38637680.0,10531440.0,13373280.0,3640480.0,0.73125,0.7368421052631579
1733,1,320,91,229,24.95,304,105,199,23.4,444232,116184,1105624,322704,2,0,51,10,0,250421-221130_Run_1085_Idx_94238,2720,0,5e-05,20000000,4442320.0,1161840.0,11056240.0,3227040.0,0.715625,0.6546052631578947
1734,1,160,43,117,22.59,38,10,28,24.16,3744912,994048,1797872,479184,14,0,51,10,0,250421-225623_Run_1896_Idx_60828,4740,0,5e-05,20000000,37449120.0,9940480.0,17978720.0,4791840.0,0.73125,0.7368421052631579
1735,1,320,93,227,22.33,304,100,204,19.74,368656,97016,884784,235320,2,0,51,10,0,250421-225440_Run_1913_Idx_57338,4790,0,5e-05,20000000,3686560.0,970160.0,8847840.0,2353200.0,0.709375,0.6710526315789473
1736,1,320,80,240,26.56,171,45,126,27.0,1942144,485536,1975848,519960,4,0,51,10,0,250421-213121_Run_142_Idx_48165,360,0,5e-05,20000000,19421440.0,4855360.0,19758480.0,5199600.0,0.75,0.7368421052631579
1737,1,320,80,240,26.48,171,45,126,25.63,1915904,478976,1581384,421344,4,0,51,10,0,250421-212931_Run_382_Idx_33009,960,0,5e-05,20000000,19159040.0,4789760.0,15813840.0,4213440.0,0.75,0.7368421052631579
1738,1,160,43,117,23.84,38,10,28,21.63,4254200,1150752,1337328,364048,14,0,51,10,0,250421-220933_Run_1088_Idx_60828,2720,0,5e-05,20000000,42542000.0,11507520.0,13373280.0,3640480.0,0.73125,0.7368421052631579
1739,1,160,43,117,20.31,38,10,28,20.11,3643584,914728,1452464,364048,14,0,51,10,0,250421-225329_Run_1784_Idx_22272,4460,0,5e-05,20000000,36435840.0,9147280.0,14524640.0,3640480.0,0.73125,0.7368421052631579
1740,1,320,80,240,26.6,304,93,211,25.58,487424,121856,1253320,347136,2,0,51,10,0,250421-212139_Run_753_Idx_20310,1890,0,5e-05,20000000,4874240.0,1218560.0,12533200.0,3471360.0,0.75,0.694078947368421
1741,1,290,78,212,19.69,95,25,70,13.32,2768712,768776,430200,138088,7,0,51,10,0,250421-222043_Run_1487_Idx_91797,3720,0,5e-05,20000000,27687120.0,7687760.0,4302000.0,1380880.0,0.7310344827586207,0.7368421052631579
1742,1,320,80,240,26.0,171,52,119,22.95,1915904,478976,1220160,345352,4,0,51,10,0,250421-222139_Run_1366_Idx_80932,3420,0,5e-05,20000000,19159040.0,4789760.0,12201600.0,3453520.0,0.75,0.695906432748538
1743,1,160,43,117,24.71,38,10,28,25.58,4531696,1190744,1797872,479184,14,0,51,10,0,250421-204752_Run_816_Idx_46277,2040,0,5e-05,20000000,45316960.0,11907440.0,17978720.0,4791840.0,0.73125,0.7368421052631579
1744,1,160,43,117,25.81,38,10,28,27.0,4765424,1249176,2258416,594320,14,0,51,10,0,250421-204922_Run_932_Idx_22272,2330,0,5e-05,20000000,47654240.0,12491760.0,22584160.0,5943200.0,0.73125,0.7368421052631579
1745,1,290,80,210,25.99,95,25,70,27.0,4559272,1196632,2320888,610760,7,0,51,10,0,250421-214504_Run_831_Idx_65032,2080,0,5e-05,20000000,45592720.0,11966320.0,23208880.0,6107600.0,0.7241379310344828,0.7368421052631579
1746,1,290,78,212,21.76,95,25,70,20.31,3549192,921096,1375544,374424,7,0,51,10,0,250421-223357_Run_1611_Idx_3654,4030,0,5e-05,20000000,35491920.0,9210960.0,13755440.0,3744240.0,0.7310344827586207,0.7368421052631579
1747,1,320,80,240,26.48,171,45,126,27.0,1915904,478976,1975848,519960,4,0,51,10,0,250421-215210_Run_346_Idx_33009,870,0,5e-05,20000000,19159040.0,4789760.0,19758480.0,5199600.0,0.75,0.7368421052631579
1748,1,290,80,210,26.21,95,25,70,27.0,4549192,1232632,2320888,610760,7,0,51,10,0,250421-210435_Run_427_Idx_52003,1070,0,5e-05,20000000,45491920.0,12326320.0,23208880.0,6107600.0,0.7241379310344828,0.7368421052631579
1749,1,320,80,240,26.54,171,45,126,27.0,1942144,485536,1975848,519960,4,0,51,10,0,250421-213246_Run_614_Idx_21514,1540,0,5e-05,20000000,19421440.0,4855360.0,19758480.0,5199600.0,0.75,0.7368421052631579
1750,1,320,91,229,22.96,171,55,116,21.71,1423720,377496,1202992,337984,4,0,51,10,0,250421-224331_Run_1562_Idx_35412,3910,0,5e-05,20000000,14237200.0,3774960.0,12029920.0,3379840.0,0.715625,0.6783625730994152
1751,1,320,106,214,23.96,304,94,210,25.58,428152,118752,1275040,351616,2,0,51,10,0,250421-213812_Run_605_Idx_39045,1520,0,5e-05,20000000,4281520.0,1187520.0,12750400.0,3516160.0,0.66875,0.6907894736842105
1752,1,320,80,240,26.65,304,80,224,27.0,494080,123520,1361920,358400,2,0,51,10,0,250421-205911_Run_913_Idx_81817,2290,0,5e-05,20000000,4940800.0,1235200.0,13619200.0,3584000.0,0.75,0.7368421052631579
1753,1,320,80,240,26.2,304,92,212,24.26,487424,121856,1153760,316680,2,0,51,10,0,250421-222214_Run_1365_Idx_60777,3420,0,5e-05,20000000,4874240.0,1218560.0,11537600.0,3166800.0,0.75,0.6973684210526315
1754,1,320,93,227,21.41,171,49,122,22.53,1261656,343720,1052600,286776,4,0,51,10,0,250421-224321_Run_1746_Idx_88724,4370,0,5e-05,20000000,12616560.0,3437200.0,10526000.0,2867760.0,0.709375,0.7134502923976608
1755,1,320,94,226,25.25,304,80,224,27.0,452048,119536,1361920,358400,2,0,51,10,0,250421-210213_Run_313_Idx_79075,790,0,5e-05,20000000,4520480.0,1195360.0,13619200.0,3584000.0,0.70625,0.7368421052631579
1756,1,160,44,116,26.26,38,10,28,27.0,5358560,1408400,2258416,594320,14,0,51,10,0,250421-204142_Run_48_Idx_85404,120,0,5e-05,20000000,53585600.0,14084000.0,22584160.0,5943200.0,0.725,0.7368421052631579
1757,1,290,78,212,26.64,95,25,70,27.0,4781832,1280616,2320888,610760,7,0,51,10,0,250421-204542_Run_67_Idx_3654,170,0,5e-05,20000000,47818320.0,12806160.0,23208880.0,6107600.0,0.7310344827586207,0.7368421052631579
1758,1,160,43,117,25.89,38,10,28,25.58,4804600,1288352,1797872,479184,14,0,51,10,0,250421-212005_Run_636_Idx_87442,1590,0,5e-05,20000000,48046000.0,12883520.0,17978720.0,4791840.0,0.73125,0.7368421052631579
1759,1,160,43,117,23.74,38,10,28,22.79,3507304,954040,1797872,479184,14,0,51,10,0,250421-220743_Run_1212_Idx_27734,3030,0,5e-05,20000000,35073040.0,9540400.0,17978720.0,4791840.0,0.73125,0.7368421052631579
1760,1,160,43,117,26.61,38,10,28,27.0,5235144,1386000,2258416,594320,14,0,51,10,0,250421-210953_Run_180_Idx_82007,450,0,5e-05,20000000,52351440.0,13860000.0,22584160.0,5943200.0,0.73125,0.7368421052631579
1761,1,320,98,222,23.06,304,96,208,21.62,363608,97280,910144,247632,2,0,51,10,0,250421-230037_Run_1957_Idx_31417,4900,0,5e-05,20000000,3636080.0,972800.0,9101440.0,2476320.0,0.69375,0.6842105263157895
1762,1,160,43,117,26.56,38,10,28,27.0,5355000,1425952,2258416,594320,14,0,51,10,0,250421-204256_Run_72_Idx_87442,180,0,5e-05,20000000,53550000.0,14259520.0,22584160.0,5943200.0,0.73125,0.7368421052631579
1763,1,320,89,231,24.42,171,55,116,24.63,1616584,419632,1541960,430088,4,0,51,10,0,250421-214651_Run_946_Idx_73897,2370,0,5e-05,20000000,16165840.0,4196320.0,15419600.0,4300880.0,0.721875,0.6783625730994152
1764,1,320,80,240,26.0,304,93,211,25.58,479744,119936,1253320,347136,2,0,51,10,0,250421-210934_Run_537_Idx_94751,1350,0,5e-05,20000000,4797440.0,1199360.0,12533200.0,3471360.0,0.75,0.694078947368421
1765,1,290,78,212,22.72,95,26,69,23.21,3419272,905736,1657504,429160,7,0,51,10,0,250421-215639_Run_1407_Idx_20723,3520,0,5e-05,20000000,34192720.0,9057360.0,16575040.0,4291600.0,0.7310344827586207,0.7263157894736842
1766,1,320,92,228,25.3,304,80,224,27.0,449056,117856,1361920,358400,2,0,51,10,0,250421-213153_Run_853_Idx_3901,2140,0,5e-05,20000000,4490560.0,1178560.0,13619200.0,3584000.0,0.7125,0.7368421052631579
1767,1,160,43,117,22.49,38,10,28,22.74,3567168,934800,1452464,364048,14,0,51,10,0,250421-221742_Run_1136_Idx_87442,2840,0,5e-05,20000000,35671680.0,9348000.0,14524640.0,3640480.0,0.73125,0.7368421052631579
1768,1,320,94,226,25.25,304,80,224,27.0,452048,119536,1361920,358400,2,0,51,10,0,250421-204856_Run_457_Idx_14466,1150,0,5e-05,20000000,4520480.0,1195360.0,13619200.0,3584000.0,0.70625,0.7368421052631579
1769,1,160,43,117,25.51,38,10,28,25.58,4606784,1229104,1797872,479184,14,0,51,10,0,250421-220530_Run_1156_Idx_87442,2890,0,5e-05,20000000,46067840.0,12291040.0,17978720.0,4791840.0,0.73125,0.7368421052631579
1770,1,290,78,212,25.78,95,25,70,25.63,4111240,1112968,1857752,494976,7,0,51,10,0,250421-212856_Run_383_Idx_42567,960,0,5e-05,20000000,41112400.0,11129680.0,18577520.0,4949760.0,0.7310344827586207,0.7368421052631579
1771,1,320,86,234,21.68,171,50,121,20.48,1204176,308616,1241200,330480,4,0,51,10,0,250421-225403_Run_1914_Idx_56186,4790,0,5e-05,20000000,12041760.0,3086160.0,12412000.0,3304800.0,0.73125,0.7076023391812866
1772,1,320,86,234,23.47,171,50,121,21.34,1424680,360152,1070704,296600,4,0,51,10,0,250421-230001_Run_1958_Idx_61142,4900,0,5e-05,20000000,14246800.0,3601520.0,10707040.0,2966000.0,0.73125,0.7076023391812866
1773,1,320,80,240,26.48,171,45,126,25.63,1915904,478976,1581384,421344,4,0,51,10,0,250421-205855_Run_438_Idx_33009,1100,0,5e-05,20000000,19159040.0,4789760.0,15813840.0,4213440.0,0.75,0.7368421052631579
1774,1,160,43,117,23.37,38,10,28,20.0,4410904,1189928,1337328,364048,14,0,51,10,0,250421-223539_Run_1608_Idx_87442,4020,0,5e-05,20000000,44109040.0,11899280.0,13373280.0,3640480.0,0.73125,0.7368421052631579
1775,1,320,80,240,26.6,304,80,224,25.63,487424,121856,1089536,290304,2,0,51,10,0,250421-212219_Run_277_Idx_29121,700,0,5e-05,20000000,4874240.0,1218560.0,10895360.0,2903040.0,0.75,0.7368421052631579
1776,1,290,78,212,15.67,95,26,69,13.4,1690152,460616,342816,100488,7,0,51,10,0,250421-222253_Run_1483_Idx_17819,3710,0,5e-05,20000000,16901520.0,4606160.0,3428160.0,1004880.0,0.7310344827586207,0.7263157894736842
1777,1,160,43,117,26.44,38,10,28,25.63,4923944,1308200,1806768,481408,14,0,51,10,0,250421-205751_Run_440_Idx_27734,1100,0,5e-05,20000000,49239440.0,13082000.0,18067680.0,4814080.0,0.73125,0.7368421052631579
1778,1,320,94,226,25.25,304,80,224,27.0,452048,119536,1361920,358400,2,0,51,10,0,250421-211430_Run_409_Idx_14466,1030,0,5e-05,20000000,4520480.0,1195360.0,13619200.0,3584000.0,0.70625,0.7368421052631579
1779,1,320,80,240,26.6,304,80,224,25.63,487424,121856,1089536,290304,2,0,51,10,0,250421-214500_Run_357_Idx_2588,900,0,5e-05,20000000,4874240.0,1218560.0,10895360.0,2903040.0,0.75,0.7368421052631579
1780,1,320,80,240,26.2,304,94,210,25.58,487424,121856,1266352,351616,2,0,51,10,0,250421-212913_Run_265_Idx_79075,670,0,5e-05,20000000,4874240.0,1218560.0,12663520.0,3516160.0,0.75,0.6907894736842105
1781,1,320,91,229,25.06,171,45,126,27.0,1679912,440088,1975848,519960,4,0,51,10,0,250421-213557_Run_490_Idx_61118,1230,0,5e-05,20000000,16799120.0,4400880.0,19758480.0,5199600.0,0.715625,0.7368421052631579
1782,1,320,105,215,22.66,171,50,121,24.21,1376184,386976,1403992,379696,4,0,51,10,0,250421-205435_Run_922_Idx_7071,2310,0,5e-05,20000000,13761840.0,3869760.0,14039920.0,3796960.0,0.671875,0.7076023391812866
1783,1,160,43,117,21.41,38,10,28,22.84,3230168,835544,1337328,364048,14,0,51,10,0,250421-224215_Run_1748_Idx_13114,4370,0,5e-05,20000000,32301680.0,8355440.0,13373280.0,3640480.0,0.73125,0.7368421052631579
1784,1,160,44,116,23.38,38,10,28,24.26,4259920,1153328,1797872,479184,14,0,51,10,0,250421-214930_Run_824_Idx_78589,2060,0,5e-05,20000000,42599200.0,11533280.0,17978720.0,4791840.0,0.725,0.7368421052631579
1785,1,290,80,210,26.4,95,25,70,27.0,4686152,1266872,2320888,610760,7,0,51,10,0,250421-213605_Run_371_Idx_52003,930,0,5e-05,20000000,46861520.0,12668720.0,23208880.0,6107600.0,0.7241379310344828,0.7368421052631579
1786,1,290,78,212,26.4,95,25,70,27.0,4703272,1248136,2320888,610760,7,0,51,10,0,250421-214244_Run_243_Idx_91797,610,0,5e-05,20000000,47032720.0,12481360.0,23208880.0,6107600.0,0.7310344827586207,0.7368421052631579
1787,1,290,80,210,26.12,95,28,67,25.58,4480712,1215512,2126592,587592,7,0,51,10,0,250421-210458_Run_783_Idx_13310,1960,0,5e-05,20000000,44807120.0,12155120.0,21265920.0,5875920.0,0.7241379310344828,0.7052631578947368
1788,1,160,43,117,21.99,38,10,28,24.16,3637392,967168,1797872,479184,14,0,51,10,0,250421-223854_Run_1632_Idx_1820,4080,0,5e-05,20000000,36373920.0,9671680.0,17978720.0,4791840.0,0.73125,0.7368421052631579
1789,1,290,78,212,25.58,95,25,70,25.58,4463592,1162536,1848216,492592,7,0,51,10,0,250421-221605_Run_1495_Idx_91797,3740,0,5e-05,20000000,44635920.0,11625360.0,18482160.0,4925920.0,0.7310344827586207,0.7368421052631579
1790,1,320,80,240,25.72,171,58,113,17.56,1915904,478976,577024,194128,4,0,51,10,0,250421-230310_Run_1998_Idx_3770,5000,0,5e-05,20000000,19159040.0,4789760.0,5770240.0,1941280.0,0.75,0.6608187134502924
1791,1,160,43,117,25.68,38,10,28,25.58,4824672,1249176,1913008,479184,14,0,51,10,0,250421-212911_Run_620_Idx_87442,1550,0,5e-05,20000000,48246720.0,12491760.0,19130080.0,4791840.0,0.73125,0.7368421052631579
1792,1,290,78,212,23.62,95,26,69,21.6,3908712,1040936,1553784,416472,7,0,51,10,0,250421-230014_Run_1903_Idx_89856,4760,0,5e-05,20000000,39087120.0,10409360.0,15537840.0,4164720.0,0.7310344827586207,0.7263157894736842
1793,1,160,43,117,25.89,38,11,27,25.58,4814216,1280768,1970576,538616,14,0,51,10,0,250421-210752_Run_540_Idx_80582,1350,0,5e-05,20000000,48142160.0,12807680.0,19705760.0,5386160.0,0.73125,0.7105263157894737
1794,1,290,79,211,24.29,95,27,68,23.89,4069832,1077744,1895568,496128,7,0,51,10,0,250421-215558_Run_1231_Idx_38204,3080,0,5e-05,20000000,40698320.0,10777440.0,18955680.0,4961280.0,0.7275862068965517,0.7157894736842105
1795,1,320,92,228,25.21,171,45,126,27.0,1767112,463768,1975848,519960,4,0,51,10,0,250421-210603_Run_662_Idx_97032,1660,0,5e-05,20000000,17671120.0,4637680.0,19758480.0,5199600.0,0.7125,0.7368421052631579
1796,1,320,80,240,26.65,304,94,210,23.98,494080,123520,1123000,290800,2,0,51,10,0,250421-222708_Run_1413_Idx_35818,3540,0,5e-05,20000000,4940800.0,1235200.0,11230000.0,2908000.0,0.75,0.6907894736842105
1797,1,160,43,117,24.5,38,10,28,22.84,4353952,1131496,1452464,364048,14,0,51,10,0,250421-223916_Run_1692_Idx_46277,4230,0,5e-05,20000000,43539520.0,11314960.0,14524640.0,3640480.0,0.73125,0.7368421052631579
1798,1,290,78,212,21.59,95,25,70,25.29,3121192,852616,1848216,492592,7,0,51,10,0,250421-224951_Run_1775_Idx_67176,4440,0,5e-05,20000000,31211920.0,8526160.0,18482160.0,4925920.0,0.7310344827586207,0.7368421052631579
1799,1,320,92,228,25.1,171,45,126,27.0,1767112,463768,1975848,519960,4,0,51,10,0,250421-210248_Run_906_Idx_99904,2270,0,5e-05,20000000,17671120.0,4637680.0,19758480.0,5199600.0,0.7125,0.7368421052631579
1800,1,320,92,228,24.45,171,48,123,25.58,1539848,406952,1637672,441800,4,0,51,10,0,250421-222522_Run_1182_Idx_24296,2960,0,5e-05,20000000,15398480.0,4069520.0,16376720.0,4418000.0,0.7125,0.7192982456140351
1801,1,320,88,232,22.1,171,48,123,22.58,1331432,335728,1198504,301080,4,0,51,10,0,250421-225748_Run_1962_Idx_61142,4910,0,5e-05,20000000,13314320.0,3357280.0,11985040.0,3010800.0,0.725,0.7192982456140351
1802,1,320,107,213,23.53,304,103,201,24.42,395992,109168,1183816,335464,2,0,51,10,0,250421-210741_Run_897_Idx_88355,2250,0,5e-05,20000000,3959920.0,1091680.0,11838160.0,3354640.0,0.665625,0.6611842105263158
1803,1,320,80,240,26.6,304,100,204,23.45,487424,121856,1136032,291616,2,0,51,10,0,250421-213540_Run_729_Idx_66012,1830,0,5e-05,20000000,4874240.0,1218560.0,11360320.0,2916160.0,0.75,0.6710526315789473
1804,1,320,80,240,26.5,304,110,194,22.91,479744,119936,1096936,292976,2,0,51,10,0,250421-213409_Run_493_Idx_25771,1240,0,5e-05,20000000,4797440.0,1199360.0,10969360.0,2929760.0,0.75,0.6381578947368421
1805,1,160,43,117,26.33,38,10,28,27.0,5078216,1346768,2258416,594320,14,0,51,10,0,250421-214205_Run_244_Idx_13114,610,0,5e-05,20000000,50782160.0,13467680.0,22584160.0,5943200.0,0.73125,0.7368421052631579
1806,1,160,43,117,24.52,38,10,28,24.16,4414168,1190744,1797872,479184,14,0,51,10,0,250421-220601_Run_1392_Idx_46277,3480,0,5e-05,20000000,44141680.0,11907440.0,17978720.0,4791840.0,0.73125,0.7368421052631579
1807,1,320,80,240,26.21,171,55,116,23.05,1942144,485536,1258336,337192,4,0,51,10,0,250421-222007_Run_1070_Idx_93252,2680,0,5e-05,20000000,19421440.0,4855360.0,12583360.0,3371920.0,0.75,0.6783625730994152
1808,1,290,85,205,25.3,95,29,66,24.73,4268712,1162272,1995312,535968,7,0,51,10,0,250421-213037_Run_499_Idx_41500,1250,0,5e-05,20000000,42687120.0,11622720.0,19953120.0,5359680.0,0.7068965517241379,0.6947368421052632
1809,1,320,80,240,26.65,304,80,224,27.0,494080,123520,1361920,358400,2,0,51,10,0,250421-212621_Run_625_Idx_24085,1570,0,5e-05,20000000,4940800.0,1235200.0,13619200.0,3584000.0,0.75,0.7368421052631579
1810,1,320,103,217,22.29,304,104,200,21.41,381296,104032,892768,253064,2,0,51,10,0,250421-223934_Run_1753_Idx_36309,4390,0,5e-05,20000000,3812960.0,1040320.0,8927680.0,2530640.0,0.678125,0.6578947368421053
1811,1,320,107,213,23.8,304,93,211,25.58,421856,118448,1266352,347136,2,0,51,10,0,250421-212928_Run_501_Idx_9532,1260,0,5e-05,20000000,4218560.0,1184480.0,12663520.0,3471360.0,0.665625,0.694078947368421
1812,1,320,95,225,25.25,304,80,224,27.0,456872,121208,1361920,358400,2,0,51,10,0,250421-204728_Run_341_Idx_59589,860,0,5e-05,20000000,4568720.0,1212080.0,13619200.0,3584000.0,0.703125,0.7368421052631579
1813,1,290,78,212,23.12,95,25,70,22.74,3453512,922856,1375544,374424,7,0,51,10,0,250421-215908_Run_1403_Idx_10643,3510,0,5e-05,20000000,34535120.0,9228560.0,13755440.0,3744240.0,0.7310344827586207,0.7368421052631579
1814,1,290,78,212,24.38,95,25,70,27.0,3977192,1040936,2320888,610760,7,0,51,10,0,250421-221337_Run_1263_Idx_54015,3160,0,5e-05,20000000,39771920.0,10409360.0,23208880.0,6107600.0,0.7310344827586207,0.7368421052631579
1815,1,160,43,117,26.44,38,10,28,27.0,5078440,1346824,2258416,594320,14,0,51,10,0,250421-205653_Run_204_Idx_82007,510,0,5e-05,20000000,50784400.0,13468240.0,22584160.0,5943200.0,0.73125,0.7368421052631579
1816,1,320,80,240,26.6,304,80,224,27.0,487424,121856,1361920,358400,2,0,51,10,0,250421-214546_Run_713_Idx_9346,1790,0,5e-05,20000000,4874240.0,1218560.0,13619200.0,3584000.0,0.75,0.7368421052631579
1817,1,160,43,117,21.07,38,10,28,18.47,3385904,913896,1337328,364048,14,0,51,10,0,250421-225026_Run_1868_Idx_13114,4670,0,5e-05,20000000,33859040.0,9138960.0,13373280.0,3640480.0,0.73125,0.7368421052631579
1818,1,320,80,240,26.54,171,45,126,27.0,1942144,485536,1975848,519960,4,0,51,10,0,250421-204509_Run_94_Idx_40035,240,0,5e-05,20000000,19421440.0,4855360.0,19758480.0,5199600.0,0.75,0.7368421052631579
1819,1,290,78,212,24.13,95,26,69,23.37,3556232,939976,1659264,416472,7,0,51,10,0,250421-222954_Run_1471_Idx_17819,3680,0,5e-05,20000000,35562320.0,9399760.0,16592640.0,4164720.0,0.7310344827586207,0.7263157894736842
1820,1,320,89,231,25.15,171,45,126,27.0,1669608,432672,1975848,519960,4,0,51,10,0,250421-214544_Run_830_Idx_94655,2080,0,5e-05,20000000,16696080.0,4326720.0,19758480.0,5199600.0,0.721875,0.7368421052631579
1821,1,160,43,117,24.71,38,10,28,27.0,4373664,1170824,2258416,594320,14,0,51,10,0,250421-210918_Run_656_Idx_87442,1640,0,5e-05,20000000,43736640.0,11708240.0,22584160.0,5943200.0,0.73125,0.7368421052631579
1822,1,160,44,116,26.44,38,10,28,27.0,5395728,1447728,2258416,594320,14,0,51,10,0,250421-204403_Run_96_Idx_37818,240,0,5e-05,20000000,53957280.0,14477280.0,22584160.0,5943200.0,0.725,0.7368421052631579
1823,1,320,80,240,26.52,171,58,113,23.53,1942144,485536,1463504,387312,4,0,51,10,0,250421-214005_Run_602_Idx_37002,1510,0,5e-05,20000000,19421440.0,4855360.0,14635040.0,3873120.0,0.75,0.6608187134502924
1824,1,160,43,117,19.71,38,10,28,14.37,2948224,780064,79728,20864,14,0,51,10,0,250421-222030_Run_1368_Idx_46277,3420,0,5e-05,20000000,29482240.0,7800640.0,797280.0,208640.0,0.73125,0.7368421052631579
1825,1,290,78,212,23.83,95,25,70,27.0,3230952,854376,2320888,610760,7,0,51,10,0,250421-225854_Run_1947_Idx_10643,4870,0,5e-05,20000000,32309520.0,8543760.0,23208880.0,6107600.0,0.7310344827586207,0.7368421052631579
1826,1,320,80,240,26.08,171,55,116,23.71,1915904,478976,1405176,368120,4,0,51,10,0,250421-204650_Run_818_Idx_35853,2050,0,5e-05,20000000,19159040.0,4789760.0,14051760.0,3681200.0,0.75,0.6783625730994152
1827,1,320,106,214,19.07,304,101,203,21.11,284816,76888,940552,252656,2,0,51,10,0,250421-230215_Run_1969_Idx_36309,4930,0,5e-05,20000000,2848160.0,768880.0,9405520.0,2526560.0,0.66875,0.6677631578947368
1828,1,320,80,240,26.5,171,45,126,27.0,1915904,478976,1975848,519960,4,0,51,10,0,250421-211707_Run_286_Idx_51250,720,0,5e-05,20000000,19159040.0,4789760.0,19758480.0,5199600.0,0.75,0.7368421052631579
1829,1,290,79,211,26.17,95,28,67,25.58,4542152,1212944,2235136,614728,7,0,51,10,0,250421-211616_Run_643_Idx_34661,1610,0,5e-05,20000000,45421520.0,12129440.0,22351360.0,6147280.0,0.7275862068965517,0.7052631578947368
1830,1,290,87,203,23.2,95,26,69,24.46,3754632,1048208,2024176,534184,7,0,51,10,0,250421-205404_Run_923_Idx_36913,2310,0,5e-05,20000000,37546320.0,10482080.0,20241760.0,5341840.0,0.7,0.7263157894736842
1831,1,290,85,205,24.46,95,33,62,23.31,4029032,1076672,1812824,526376,7,0,51,10,0,250421-213257_Run_495_Idx_99699,1240,0,5e-05,20000000,40290320.0,10766720.0,18128240.0,5263760.0,0.7068965517241379,0.6526315789473685
1832,1,290,80,210,25.66,95,26,69,25.58,4216872,1145272,2023328,546872,7,0,51,10,0,250421-220609_Run_1155_Idx_68411,2890,0,5e-05,20000000,42168720.0,11452720.0,20233280.0,5468720.0,0.7241379310344828,0.7263157894736842
1833,1,290,81,209,24.87,95,28,67,25.01,3874472,1043360,2025088,562216,7,0,51,10,0,250421-211503_Run_883_Idx_18976,2210,0,5e-05,20000000,38744720.0,10433600.0,20250880.0,5622160.0,0.7206896551724138,0.7052631578947368
1834,1,320,89,231,23.85,304,92,212,22.9,415424,107648,1088248,281840,2,0,51,10,0,250421-225606_Run_1925_Idx_7534,4820,0,5e-05,20000000,4154240.0,1076480.0,10882480.0,2818400.0,0.721875,0.6973684210526315
1835,1,160,43,117,26.22,38,10,28,27.0,5041592,1347600,2258416,594320,14,0,51,10,0,250421-212652_Run_624_Idx_87442,1560,0,5e-05,20000000,50415920.0,13476000.0,22584160.0,5943200.0,0.73125,0.7368421052631579
1836,1,320,92,228,24.28,304,101,203,22.56,404032,104992,970960,265688,2,0,51,10,0,250421-215320_Run_1469_Idx_57338,3680,0,5e-05,20000000,4040320.0,1049920.0,9709600.0,2656880.0,0.7125,0.6677631578947368
1837,1,160,43,117,26.27,38,10,28,27.0,5041592,1347600,2258416,594320,14,0,51,10,0,250421-223844_Run_1540_Idx_60828,3850,0,5e-05,20000000,50415920.0,13476000.0,22584160.0,5943200.0,0.73125,0.7368421052631579
1838,1,160,44,116,26.44,38,10,28,27.0,5255896,1407776,2258416,594320,14,0,51,10,0,250421-214229_Run_124_Idx_67097,310,0,5e-05,20000000,52558960.0,14077760.0,22584160.0,5943200.0,0.725,0.7368421052631579
1839,1,160,44,116,26.1,38,10,28,27.0,5241256,1408456,2258416,594320,14,0,51,10,0,250421-210144_Run_908_Idx_78589,2270,0,5e-05,20000000,52412560.0,14084560.0,22584160.0,5943200.0,0.725,0.7368421052631579
1840,1,290,80,210,26.31,95,25,70,27.0,4634792,1249752,2320888,610760,7,0,51,10,0,250421-205245_Run_331_Idx_20009,830,0,5e-05,20000000,46347920.0,12497520.0,23208880.0,6107600.0,0.7241379310344828,0.7368421052631579
1841,1,320,80,240,26.23,171,54,117,22.75,1942144,485536,1190640,337056,4,0,51,10,0,250421-215514_Run_1466_Idx_94655,3670,0,5e-05,20000000,19421440.0,4855360.0,11906400.0,3370560.0,0.75,0.6842105263157895
1842,1,320,96,224,22.8,171,52,119,22.14,1427224,367208,1259880,328800,4,0,51,10,0,250421-222621_Run_1298_Idx_76054,3250,0,5e-05,20000000,14272240.0,3672080.0,12598800.0,3288000.0,0.7,0.695906432748538
1843,1,160,43,117,23.83,38,10,28,22.74,4623560,1169080,1913008,479184,14,0,51,10,0,250421-224339_Run_1716_Idx_82007,4290,0,5e-05,20000000,46235600.0,11690800.0,19130080.0,4791840.0,0.73125,0.7368421052631579
1844,1,160,43,117,23.09,38,10,28,18.79,3509480,954584,1346224,366272,14,0,51,10,0,250421-220046_Run_1520_Idx_13114,3800,0,5e-05,20000000,35094800.0,9545840.0,13462240.0,3662720.0,0.73125,0.7368421052631579
1845,1,320,92,228,24.86,171,52,119,25.58,1767112,463768,1659848,459720,4,0,51,10,0,250421-205945_Run_674_Idx_53957,1690,0,5e-05,20000000,17671120.0,4637680.0,16598480.0,4597200.0,0.7125,0.695906432748538
1846,1,290,78,212,26.36,95,25,70,27.0,4576392,1229256,2320888,610760,7,0,51,10,0,250421-210325_Run_1023_Idx_67176,2560,0,5e-05,20000000,45763920.0,12292560.0,23208880.0,6107600.0,0.7310344827586207,0.7368421052631579
1847,1,290,85,205,24.68,95,29,66,25.01,3823112,1046592,2130112,589360,7,0,51,10,0,250421-214007_Run_839_Idx_82695,2100,0,5e-05,20000000,38231120.0,10465920.0,21301120.0,5893600.0,0.7068965517241379,0.6947368421052632
1848,1,320,89,231,25.3,304,80,224,27.0,434584,112840,1361920,358400,2,0,51,10,0,250421-224615_Run_1589_Idx_61312,3980,0,5e-05,20000000,4345840.0,1128400.0,13619200.0,3584000.0,0.721875,0.7368421052631579
1849,1,320,80,240,26.52,171,45,126,27.0,1942144,485536,1975848,519960,4,0,51,10,0,250421-223957_Run_1538_Idx_40035,3850,0,5e-05,20000000,19421440.0,4855360.0,19758480.0,5199600.0,0.75,0.7368421052631579
1850,1,160,43,117,25.42,38,10,28,25.58,4608720,1210000,1797872,479184,14,0,51,10,0,250421-205041_Run_1048_Idx_60828,2620,0,5e-05,20000000,46087200.0,12100000.0,17978720.0,4791840.0,0.73125,0.7368421052631579
1851,1,320,80,240,26.3,304,95,209,24.52,494080,123520,1075920,304144,2,0,51,10,0,250421-225205_Run_1881_Idx_47997,4710,0,5e-05,20000000,4940800.0,1235200.0,10759200.0,3041440.0,0.75,0.6875
1852,1,320,110,210,22.6,304,102,202,22.81,389336,109304,1070872,296232,2,0,51,10,0,250421-222624_Run_1477_Idx_38452,3700,0,5e-05,20000000,3893360.0,1093040.0,10708720.0,2962320.0,0.65625,0.6644736842105263
1853,1,290,79,211,25.89,95,25,70,27.0,4285352,1161584,2320888,610760,7,0,51,10,0,250421-212701_Run_979_Idx_66629,2450,0,5e-05,20000000,42853520.0,11615840.0,23208880.0,6107600.0,0.7275862068965517,0.7368421052631579
1854,1,290,78,212,18.79,95,25,70,23.06,2648872,700296,1848216,492592,7,0,51,10,0,250421-223733_Run_1695_Idx_10643,4240,0,5e-05,20000000,26488720.0,7002960.0,18482160.0,4925920.0,0.7310344827586207,0.7368421052631579
1855,1,320,80,240,26.56,171,45,126,27.0,1942144,485536,1975848,519960,4,0,51,10,0,250421-212418_Run_154_Idx_48165,390,0,5e-05,20000000,19421440.0,4855360.0,19758480.0,5199600.0,0.75,0.7368421052631579
1856,1,320,80,240,26.6,304,80,224,27.0,487424,121856,1361920,358400,2,0,51,10,0,250421-211317_Run_293_Idx_29121,740,0,5e-05,20000000,4874240.0,1218560.0,13619200.0,3584000.0,0.75,0.7368421052631579
1857,1,320,80,240,26.41,171,54,117,25.58,1880192,470048,1875152,523256,4,0,51,10,0,250421-203946_Run_38_Idx_27513,100,0,5e-05,20000000,18801920.0,4700480.0,18751520.0,5232560.0,0.75,0.6842105263157895
1858,1,320,91,229,25.15,171,58,113,22.91,1716648,449056,1384640,378216,4,0,51,10,0,250421-211743_Run_878_Idx_49877,2200,0,5e-05,20000000,17166480.0,4490560.0,13846400.0,3782160.0,0.715625,0.6608187134502924
1859,1,160,43,117,24.54,38,10,28,24.26,4334488,1170824,1797872,479184,14,0,51,10,0,250421-220800_Run_1152_Idx_87442,2880,0,5e-05,20000000,43344880.0,11708240.0,17978720.0,4791840.0,0.73125,0.7368421052631579
1860,1,320,98,222,19.53,171,46,125,22.63,1103624,294648,1450400,387768,4,0,51,10,0,250421-224736_Run_1842_Idx_65337,4610,0,5e-05,20000000,11036240.0,2946480.0,14504000.0,3877680.0,0.69375,0.7309941520467836
1861,1,320,93,227,24.95,304,93,211,25.58,453880,119528,1253320,347136,2,0,51,10,0,250421-210017_Run_673_Idx_40003,1690,0,5e-05,20000000,4538800.0,1195280.0,12533200.0,3471360.0,0.709375,0.694078947368421
1862,1,320,105,215,23.57,304,92,212,25.25,418504,117080,1240288,342656,2,0,51,10,0,250421-212243_Run_869_Idx_86996,2180,0,5e-05,20000000,4185040.0,1170800.0,12402880.0,3426560.0,0.671875,0.6973684210526315
1863,1,320,80,240,26.6,304,80,224,27.0,487424,121856,1361920,358400,2,0,51,10,0,250421-204413_Run_57_Idx_9346,150,0,5e-05,20000000,4874240.0,1218560.0,13619200.0,3584000.0,0.75,0.7368421052631579
1864,1,160,43,117,22.59,38,10,28,21.42,3583720,973144,1337328,364048,14,0,51,10,0,250421-224003_Run_1752_Idx_13114,4380,0,5e-05,20000000,35837200.0,9731440.0,13373280.0,3640480.0,0.73125,0.7368421052631579
1865,1,290,78,212,24.37,95,26,69,22.79,3194632,883816,1033248,299352,7,0,51,10,0,250421-221413_Run_1319_Idx_82624,3300,0,5e-05,20000000,31946320.0,8838160.0,10332480.0,2993520.0,0.7310344827586207,0.7263157894736842
1866,1,160,43,117,26.4,38,10,28,27.0,5078216,1346768,2258416,594320,14,0,51,10,0,250421-213657_Run_252_Idx_13114,630,0,5e-05,20000000,50782160.0,13467680.0,22584160.0,5943200.0,0.73125,0.7368421052631579
1867,1,320,109,211,19.33,304,101,203,19.71,273560,77080,784168,226592,2,0,51,10,0,250421-225610_Run_1965_Idx_28017,4920,0,5e-05,20000000,2735600.0,770800.0,7841680.0,2265920.0,0.659375,0.6677631578947368
1868,1,320,80,240,26.6,304,92,212,24.47,487424,121856,1153408,316592,2,0,51,10,0,250421-224104_Run_1689_Idx_60777,4230,0,5e-05,20000000,4874240.0,1218560.0,11534080.0,3165920.0,0.75,0.6973684210526315
1869,1,290,80,210,24.5,95,25,70,25.58,4011432,1076792,1848216,492592,7,0,51,10,0,250421-222039_Run_1131_Idx_47120,2830,0,5e-05,20000000,40114320.0,10767920.0,18482160.0,4925920.0,0.7241379310344828,0.7368421052631579
1870,1,320,99,221,22.76,171,57,114,23.05,1452456,394192,1276664,378488,4,0,51,10,0,250421-215905_Run_1226_Idx_54910,3070,0,5e-05,20000000,14524560.0,3941920.0,12766640.0,3784880.0,0.690625,0.6666666666666666
1871,1,320,80,240,26.6,304,80,224,27.0,487424,121856,1361920,358400,2,0,51,10,0,250421-204147_Run_9_Idx_29121,30,0,5e-05,20000000,4874240.0,1218560.0,13619200.0,3584000.0,0.75,0.7368421052631579
1872,1,290,78,212,25.72,95,25,70,27.0,4289832,1144776,2320888,610760,7,0,51,10,0,250421-221859_Run_1427_Idx_96012,3570,0,5e-05,20000000,42898320.0,11447760.0,23208880.0,6107600.0,0.7310344827586207,0.7368421052631579
1873,1,290,78,212,21.22,95,25,70,21.68,3223912,869736,1375544,374424,7,0,51,10,0,250421-225908_Run_1891_Idx_67176,4730,0,5e-05,20000000,32239120.0,8697360.0,13755440.0,3744240.0,0.7310344827586207,0.7368421052631579
1874,1,320,84,236,23.81,171,46,125,21.36,1616344,411272,1072792,291120,4,0,51,10,0,250421-230049_Run_1902_Idx_26197,4760,0,5e-05,20000000,16163440.0,4112720.0,10727920.0,2911200.0,0.7375,0.7309941520467836
1875,1,320,92,228,24.99,304,80,224,27.0,449056,117856,1361920,358400,2,0,51,10,0,250421-204813_Run_1053_Idx_62017,2640,0,5e-05,20000000,4490560.0,1178560.0,13619200.0,3584000.0,0.7125,0.7368421052631579
1876,1,160,43,117,25.32,38,10,28,24.26,4527816,1209168,1797872,479184,14,0,51,10,0,250421-221749_Run_1492_Idx_13114,3730,0,5e-05,20000000,45278160.0,12091680.0,17978720.0,4791840.0,0.73125,0.7368421052631579
1877,1,160,43,117,21.82,38,10,28,21.32,3305616,893824,1337328,364048,14,0,51,10,0,250421-223329_Run_1672_Idx_27734,4180,0,5e-05,20000000,33056160.0,8938240.0,13373280.0,3640480.0,0.73125,0.7368421052631579
1878,1,290,88,202,23.92,95,29,66,24.22,3977192,1117496,2183472,602928,7,0,51,10,0,250421-205711_Run_679_Idx_50376,1700,0,5e-05,20000000,39771920.0,11174960.0,21834720.0,6029280.0,0.696551724137931,0.6947368421052632
1879,1,320,152,168,6.05,304,196,108,2.13,75776,23552,41344,26656,2,0,51,10,0,250421-205736_Run_797_Idx_33016,2000,0,5e-05,20000000,757760.0,235520.0,413440.0,266560.0,0.525,0.35526315789473684
1880,1,290,78,212,26.12,95,25,70,27.0,4439432,1195016,2320888,610760,7,0,51,10,0,250421-221600_Run_1259_Idx_54015,3150,0,5e-05,20000000,44394320.0,11950160.0,23208880.0,6107600.0,0.7310344827586207,0.7368421052631579
1881,1,160,43,117,25.75,38,10,28,25.58,5041592,1347600,1797872,479184,14,0,51,10,0,250421-215030_Run_940_Idx_60828,2350,0,5e-05,20000000,50415920.0,13476000.0,17978720.0,4791840.0,0.73125,0.7368421052631579
1882,1,160,44,116,25.92,38,10,28,27.0,5162680,1330048,2258416,594320,14,0,51,10,0,250421-211043_Run_416_Idx_85404,1040,0,5e-05,20000000,51626800.0,13300480.0,22584160.0,5943200.0,0.725,0.7368421052631579
1883,1,320,95,225,23.89,171,52,119,24.16,1477480,392272,1704984,452328,4,0,51,10,0,250421-220732_Run_1330_Idx_48385,3330,0,5e-05,20000000,14774800.0,3922720.0,17049840.0,4523280.0,0.703125,0.695906432748538
1884,1,320,95,225,24.43,304,91,213,25.58,431144,114776,1227256,338176,2,0,51,10,0,250421-205132_Run_809_Idx_50377,2030,0,5e-05,20000000,4311440.0,1147760.0,12272560.0,3381760.0,0.703125,0.7006578947368421
1885,1,320,80,240,26.65,304,80,224,27.0,494080,123520,1361920,358400,2,0,51,10,0,250421-204518_Run_81_Idx_81817,210,0,5e-05,20000000,4940800.0,1235200.0,13619200.0,3584000.0,0.75,0.7368421052631579
1886,1,320,89,231,25.3,304,80,224,27.0,434584,112840,1361920,358400,2,0,51,10,0,250421-215350_Run_1113_Idx_60975,2790,0,5e-05,20000000,4345840.0,1128400.0,13619200.0,3584000.0,0.721875,0.7368421052631579
1887,1,320,87,233,22.54,171,52,119,23.39,1474160,378784,1485400,412600,4,0,51,10,0,250421-225955_Run_1986_Idx_31695,4970,0,5e-05,20000000,14741600.0,3787840.0,14854000.0,4126000.0,0.728125,0.695906432748538
1888,1,290,78,212,26.64,95,25,70,27.0,4781832,1280616,2320888,610760,7,0,51,10,0,250421-204411_Run_83_Idx_96012,210,0,5e-05,20000000,47818320.0,12806160.0,23208880.0,6107600.0,0.7310344827586207,0.7368421052631579
1889,1,160,45,115,24.71,38,10,28,27.0,4455088,1193472,2258416,594320,14,0,51,10,0,250421-215133_Run_704_Idx_37464,1760,0,5e-05,20000000,44550880.0,11934720.0,22584160.0,5943200.0,0.71875,0.7368421052631579
1890,1,320,88,232,24.35,171,56,115,20.58,1665488,430960,1000504,266968,4,0,51,10,0,250421-221130_Run_1206_Idx_65337,3020,0,5e-05,20000000,16654880.0,4309600.0,10005040.0,2669680.0,0.725,0.672514619883041
1891,1,320,104,216,21.13,304,91,213,22.88,328592,92528,915776,257048,2,0,51,10,0,250421-224455_Run_1621_Idx_89572,4060,0,5e-05,20000000,3285920.0,925280.0,9157760.0,2570480.0,0.675,0.7006578947368421
1892,1,320,80,240,26.65,304,80,224,27.0,494080,123520,1361920,358400,2,0,51,10,0,250421-211514_Run_645_Idx_24085,1620,0,5e-05,20000000,4940800.0,1235200.0,13619200.0,3584000.0,0.75,0.7368421052631579
1893,1,320,106,214,23.46,304,101,203,24.18,391168,110712,1144720,330848,2,0,51,10,0,250421-205014_Run_1049_Idx_42265,2630,0,5e-05,20000000,3911680.0,1107120.0,11447200.0,3308480.0,0.66875,0.6677631578947368
1894,1,290,82,208,25.66,95,27,68,24.44,4370952,1181128,1759400,468992,7,0,51,10,0,250421-222626_Run_1059_Idx_60040,2650,0,5e-05,20000000,43709520.0,11811280.0,17594000.0,4689920.0,0.7172413793103448,0.7157894736842105
1895,1,320,94,226,25.12,171,45,126,27.0,1742272,460552,1975848,519960,4,0,51,10,0,250421-205649_Run_442_Idx_57764,1110,0,5e-05,20000000,17422720.0,4605520.0,19758480.0,5199600.0,0.70625,0.7368421052631579
1896,1,320,80,240,26.65,304,80,224,27.0,494080,123520,1361920,358400,2,0,51,10,0,250421-204107_Run_101_Idx_78175,260,0,5e-05,20000000,4940800.0,1235200.0,13619200.0,3584000.0,0.75,0.7368421052631579
1897,1,320,80,240,26.3,304,102,202,22.87,494080,123520,1014400,283200,2,0,51,10,0,250421-215555_Run_1465_Idx_99519,3670,0,5e-05,20000000,4940800.0,1235200.0,10144000.0,2832000.0,0.75,0.6644736842105263
1898,1,320,80,240,26.6,304,110,194,24.18,487424,121856,1214224,358136,2,0,51,10,0,250421-214639_Run_237_Idx_59263,600,0,5e-05,20000000,4874240.0,1218560.0,12142240.0,3581360.0,0.75,0.6381578947368421
1899,1,320,114,206,21.01,304,102,202,22.63,370264,96752,1114312,287544,2,0,51,10,0,250421-213628_Run_845_Idx_3176,2120,0,5e-05,20000000,3702640.0,967520.0,11143120.0,2875440.0,0.64375,0.6644736842105263
1900,1,320,114,206,19.69,304,105,199,21.39,326848,91928,1005712,274920,2,0,51,10,0,250421-221228_Run_1265_Idx_32126,3170,0,5e-05,20000000,3268480.0,919280.0,10057120.0,2749200.0,0.64375,0.6546052631578947
1901,1,320,80,240,26.65,304,91,213,24.82,494080,123520,1188160,325144,2,0,51,10,0,250421-205819_Run_1033_Idx_14734,2590,0,5e-05,20000000,4940800.0,1235200.0,11881600.0,3251440.0,0.75,0.7006578947368421
1902,1,320,80,240,26.41,171,52,119,25.13,1880192,470048,1733320,473568,4,0,51,10,0,250421-205413_Run_566_Idx_41603,1420,0,5e-05,20000000,18801920.0,4700480.0,17333200.0,4735680.0,0.75,0.695906432748538
1903,1,290,78,212,24.31,95,25,70,25.58,3377992,903976,1848216,492592,7,0,51,10,0,250421-223357_Run_1579_Idx_96012,3950,0,5e-05,20000000,33779920.0,9039760.0,18482160.0,4925920.0,0.7310344827586207,0.7368421052631579
1904,1,320,80,240,26.3,304,90,214,25.58,494080,123520,1214224,333696,2,0,51,10,0,250421-204651_Run_937_Idx_68158,2350,0,5e-05,20000000,4940800.0,1235200.0,12142240.0,3336960.0,0.75,0.7039473684210527
1905,1,320,111,209,22.42,304,100,204,23.93,376696,111032,1105624,322024,2,0,51,10,0,250421-215956_Run_1165_Idx_8924,2920,0,5e-05,20000000,3766960.0,1110320.0,11056240.0,3220240.0,0.653125,0.6710526315789473
1906,1,320,90,230,23.8,171,48,123,25.58,1463960,388008,1565792,423608,4,0,51,10,0,250421-215700_Run_1526_Idx_46252,3820,0,5e-05,20000000,14639600.0,3880080.0,15657920.0,4236080.0,0.71875,0.7192982456140351
1907,1,320,80,240,26.48,171,52,119,25.58,1915904,478976,1696232,468816,4,0,51,10,0,250421-211635_Run_762_Idx_80932,1910,0,5e-05,20000000,19159040.0,4789760.0,16962320.0,4688160.0,0.75,0.695906432748538
1908,1,320,80,240,26.52,171,45,126,27.0,1942144,485536,1975848,519960,4,0,51,10,0,250421-212309_Run_986_Idx_40035,2470,0,5e-05,20000000,19421440.0,4855360.0,19758480.0,5199600.0,0.75,0.7368421052631579
1909,1,320,99,221,23.86,171,50,121,25.58,1615392,434008,1769408,468952,4,0,51,10,0,250421-210453_Run_902_Idx_49877,2260,0,5e-05,20000000,16153920.0,4340080.0,17694080.0,4689520.0,0.690625,0.7076023391812866
1910,1,320,80,240,26.48,171,45,126,25.63,1915904,478976,1581384,421344,4,0,51,10,0,250421-211425_Run_766_Idx_54611,1920,0,5e-05,20000000,19159040.0,4789760.0,15813840.0,4213440.0,0.75,0.7368421052631579
1911,1,320,80,240,26.56,171,45,126,27.0,1942144,485536,1975848,519960,4,0,51,10,0,250421-205130_Run_690_Idx_21514,1730,0,5e-05,20000000,19421440.0,4855360.0,19758480.0,5199600.0,0.75,0.7368421052631579
1912,1,320,80,240,26.1,171,52,119,25.58,1915904,478976,1659848,459720,4,0,51,10,0,250421-212837_Run_266_Idx_33182,670,0,5e-05,20000000,19159040.0,4789760.0,16598480.0,4597200.0,0.75,0.695906432748538
1913,1,290,91,199,24.91,95,28,67,25.58,4241032,1190160,2124832,574024,7,0,51,10,0,250421-212639_Run_387_Idx_4098,970,0,5e-05,20000000,42410320.0,11901600.0,21248320.0,5740240.0,0.6862068965517242,0.7052631578947368
1914,1,290,78,212,26.59,95,25,70,27.0,4720392,1265256,2320888,610760,7,0,51,10,0,250421-212210_Run_395_Idx_42567,990,0,5e-05,20000000,47203920.0,12652560.0,23208880.0,6107600.0,0.7310344827586207,0.7368421052631579
1915,1,320,80,240,26.6,304,99,205,23.48,487424,121856,1092592,291480,2,0,51,10,0,250421-220758_Run_1389_Idx_86953,3480,0,5e-05,20000000,4874240.0,1218560.0,10925920.0,2914800.0,0.75,0.6743421052631579
1916,1,320,80,240,26.6,304,80,224,27.0,487424,121856,1361920,358400,2,0,51,10,0,250421-204618_Run_53_Idx_9346,140,0,5e-05,20000000,4874240.0,1218560.0,13619200.0,3584000.0,0.75,0.7368421052631579
1917,1,160,43,117,21.58,38,10,28,24.21,3270312,894792,1797872,479184,14,0,51,10,0,250421-220818_Run_1508_Idx_13114,3770,0,5e-05,20000000,32703120.0,8947920.0,17978720.0,4791840.0,0.73125,0.7368421052631579
1918,1,290,78,212,26.64,95,25,70,27.0,4781832,1280616,2320888,610760,7,0,51,10,0,250421-211027_Run_179_Idx_54015,450,0,5e-05,20000000,47818320.0,12806160.0,23208880.0,6107600.0,0.7310344827586207,0.7368421052631579
1919,1,320,80,240,26.19,171,54,117,23.53,1942144,485536,1223904,360000,4,0,51,10,0,250421-221309_Run_1082_Idx_25126,2710,0,5e-05,20000000,19421440.0,4855360.0,12239040.0,3600000.0,0.75,0.6842105263157895
1920,1,320,80,240,26.56,171,53,118,25.58,1942144,485536,1848864,509680,4,0,51,10,0,250421-211730_Run_166_Idx_91401,420,0,5e-05,20000000,19421440.0,4855360.0,18488640.0,5096800.0,0.75,0.6900584795321637
1921,1,290,78,212,26.53,95,25,70,27.0,4720392,1265256,2320888,610760,7,0,51,10,0,250421-213735_Run_251_Idx_91797,630,0,5e-05,20000000,47203920.0,12652560.0,23208880.0,6107600.0,0.7310344827586207,0.7368421052631579
1922,1,160,43,117,19.72,38,10,28,11.79,2992208,815472,416240,133776,14,0,51,10,0,250421-222008_Run_1488_Idx_13114,3720,0,5e-05,20000000,29922080.0,8154720.0,4162400.0,1337760.0,0.73125,0.7368421052631579
1923,1,160,43,117,7.06,38,10,28,4.42,894848,227544,70832,18640,14,0,51,10,0,250421-205609_Run_800_Idx_46277,2000,0,5e-05,20000000,8948480.0,2275440.0,708320.0,186400.0,0.73125,0.7368421052631579
1924,1,160,43,117,22.49,38,10,28,23.05,3490144,915544,1452464,364048,14,0,51,10,0,250421-215600_Run_1408_Idx_46277,3520,0,5e-05,20000000,34901440.0,9155440.0,14524640.0,3640480.0,0.73125,0.7368421052631579
1925,1,160,43,117,26.33,38,10,28,27.0,5238800,1367520,2258416,594320,14,0,51,10,0,250421-214343_Run_716_Idx_46277,1790,0,5e-05,20000000,52388000.0,13675200.0,22584160.0,5943200.0,0.73125,0.7368421052631579
1926,1,320,93,227,25.15,304,122,182,21.71,439544,115944,1070872,294608,2,0,51,10,0,250421-214407_Run_477_Idx_43032,1200,0,5e-05,20000000,4395440.0,1159440.0,10708720.0,2946080.0,0.709375,0.5986842105263158
1927,1,320,86,234,24.87,171,45,126,27.0,1555792,399128,1975848,519960,4,0,51,10,0,250421-222150_Run_1306_Idx_68761,3270,0,5e-05,20000000,15557920.0,3991280.0,19758480.0,5199600.0,0.73125,0.7368421052631579
1928,1,320,91,229,25.3,304,80,224,27.0,444232,116184,1361920,358400,2,0,51,10,0,250421-221938_Run_1253_Idx_68501,3140,0,5e-05,20000000,4442320.0,1161840.0,13619200.0,3584000.0,0.715625,0.7368421052631579
1929,1,320,80,240,26.48,171,55,116,24.2,1942144,485536,1596352,452328,4,0,51,10,0,250421-212420_Run_866_Idx_55677,2170,0,5e-05,20000000,19421440.0,4855360.0,15963520.0,4523280.0,0.75,0.6783625730994152
1930,1,320,80,240,26.56,171,45,126,27.0,1942144,485536,1975848,519960,4,0,51,10,0,250421-215418_Run_106_Idx_48165,270,0,5e-05,20000000,19421440.0,4855360.0,19758480.0,5199600.0,0.75,0.7368421052631579
1931,1,320,92,228,20.3,171,50,121,22.07,1159736,303520,1195496,313240,4,0,51,10,0,250421-223808_Run_1726_Idx_70468,4320,0,5e-05,20000000,11597360.0,3035200.0,11954960.0,3132400.0,0.7125,0.7076023391812866
1932,1,320,86,234,25.17,171,45,126,27.0,1591664,408096,1975848,519960,4,0,51,10,0,250421-221900_Run_1254_Idx_14592,3140,0,5e-05,20000000,15916640.0,4080960.0,19758480.0,5199600.0,0.73125,0.7368421052631579
1933,1,320,88,232,24.38,171,53,118,23.82,1665488,430960,1243560,349064,4,0,51,10,0,250421-215638_Run_1230_Idx_27429,3080,0,5e-05,20000000,16654880.0,4309600.0,12435600.0,3490640.0,0.725,0.6900584795321637
1934,1,320,89,231,23.9,171,51,120,22.23,1574672,404616,1156624,320264,4,0,51,10,0,250421-224213_Run_1534_Idx_10735,3840,0,5e-05,20000000,15746720.0,4046160.0,11566240.0,3202640.0,0.721875,0.7017543859649122
1935,1,320,109,211,20.18,304,99,205,22.7,315592,91608,1040464,282792,2,0,51,10,0,250421-224830_Run_1793_Idx_30186,4490,0,5e-05,20000000,3155920.0,916080.0,10404640.0,2827920.0,0.659375,0.6743421052631579
1936,1,320,104,216,23.71,304,92,212,25.25,404032,112192,1240288,342656,2,0,51,10,0,250421-214350_Run_833_Idx_9407,2090,0,5e-05,20000000,4040320.0,1121920.0,12402880.0,3426560.0,0.675,0.6973684210526315
1937,1,290,78,212,24.41,95,25,70,25.58,3830152,1008456,1848216,492592,7,0,51,10,0,250421-225613_Run_1979_Idx_91797,4950,0,5e-05,20000000,38301520.0,10084560.0,18482160.0,4925920.0,0.7310344827586207,0.7368421052631579
1938,1,320,80,240,26.52,171,47,124,22.74,1942144,485536,1673464,419536,4,0,51,10,0,250421-224450_Run_1714_Idx_82719,4290,0,5e-05,20000000,19421440.0,4855360.0,16734640.0,4195360.0,0.75,0.7251461988304093
1939,1,320,83,237,24.18,171,49,122,24.47,1544384,390000,1496656,397568,4,0,51,10,0,250421-225649_Run_1978_Idx_33182,4950,0,5e-05,20000000,15443840.0,3900000.0,14966560.0,3975680.0,0.740625,0.7134502923976608
1940,1,320,80,240,25.4,304,103,201,22.07,487424,121856,1083904,287680,2,0,51,10,0,250421-205549_Run_801_Idx_83361,2010,0,5e-05,20000000,4874240.0,1218560.0,10839040.0,2876800.0,0.75,0.6611842105263158
1941,1,160,45,115,19.8,38,10,28,22.74,3470296,917456,1797872,479184,14,0,51,10,0,250421-213438_Run_848_Idx_47958,2120,0,5e-05,20000000,34702960.0,9174560.0,17978720.0,4791840.0,0.71875,0.7368421052631579
1942,1,320,80,240,26.19,171,54,117,25.11,1942144,485536,1644360,465336,4,0,51,10,0,250421-210349_Run_666_Idx_93587,1670,0,5e-05,20000000,19421440.0,4855360.0,16443600.0,4653360.0,0.75,0.6842105263157895
1943,1,320,88,232,24.85,304,109,195,19.09,423104,109504,792856,214648,2,0,51,10,0,250421-222156_Run_1485_Idx_22395,3720,0,5e-05,20000000,4231040.0,1095040.0,7928560.0,2146480.0,0.725,0.6414473684210527
1944,1,160,43,117,23.18,38,10,28,20.11,3974736,1031480,1337328,364048,14,0,51,10,0,250421-222228_Run_1248_Idx_82007,3120,0,5e-05,20000000,39747360.0,10314800.0,13373280.0,3640480.0,0.73125,0.7368421052631579
1945,1,160,43,117,22.62,38,10,28,21.42,3897352,1051552,1337328,364048,14,0,51,10,0,250421-223225_Run_1736_Idx_82007,4340,0,5e-05,20000000,38973520.0,10515520.0,13373280.0,3640480.0,0.73125,0.7368421052631579
1946,1,320,92,228,25.3,304,80,224,27.0,449056,117856,1361920,358400,2,0,51,10,0,250421-212033_Run_873_Idx_3901,2190,0,5e-05,20000000,4490560.0,1178560.0,13619200.0,3584000.0,0.7125,0.7368421052631579
1947,1,320,85,235,25.08,171,48,123,20.42,1595792,406384,1173600,322320,4,0,51,10,0,250421-230235_Run_1954_Idx_65880,4890,0,5e-05,20000000,15957920.0,4063840.0,11736000.0,3223200.0,0.734375,0.7192982456140351
1948,1,160,45,115,23.51,38,10,28,22.95,4314096,1133448,1797872,479184,14,0,51,10,0,250421-215408_Run_700_Idx_37464,1750,0,5e-05,20000000,43140960.0,11334480.0,17978720.0,4791840.0,0.71875,0.7368421052631579
1949,1,160,43,117,26.65,38,10,28,27.0,5355000,1425952,2258416,594320,14,0,51,10,0,250421-204108_Run_88_Idx_22272,220,0,5e-05,20000000,53550000.0,14259520.0,22584160.0,5943200.0,0.73125,0.7368421052631579
1950,1,290,78,212,26.59,95,25,70,27.0,4720392,1265256,2320888,610760,7,0,51,10,0,250421-204517_Run_3_Idx_91797,10,0,5e-05,20000000,47203920.0,12652560.0,23208880.0,6107600.0,0.7310344827586207,0.7368421052631579
1951,1,320,115,205,22.64,304,98,206,24.19,397600,116112,1136032,321752,2,0,51,10,0,250421-205507_Run_921_Idx_40174,2310,0,5e-05,20000000,3976000.0,1161120.0,11360320.0,3217520.0,0.640625,0.6776315789473685
1952,1,320,112,208,19.9,304,107,197,19.91,320192,94960,827608,253472,2,0,51,10,0,250421-224604_Run_1741_Idx_4146,4360,0,5e-05,20000000,3201920.0,949600.0,8276080.0,2534720.0,0.65,0.6480263157894737
1953,1,320,80,240,26.48,171,45,126,27.0,1915904,478976,1975848,519960,4,0,51,10,0,250421-214658_Run_354_Idx_33009,890,0,5e-05,20000000,19159040.0,4789760.0,19758480.0,5199600.0,0.75,0.7368421052631579
1954,1,320,85,235,21.18,171,52,119,20.57,1484144,372880,1179536,332552,4,0,51,10,0,250421-225821_Run_1934_Idx_97032,4840,0,5e-05,20000000,14841440.0,3728800.0,11795360.0,3325520.0,0.734375,0.695906432748538
1955,1,290,80,210,25.7,95,33,62,24.16,4377992,1164152,2208880,645424,7,0,51,10,0,250421-214516_Run_239_Idx_63595,600,0,5e-05,20000000,43779920.0,11641520.0,22088800.0,6454240.0,0.7241379310344828,0.6526315789473685
1956,1,290,78,212,26.49,95,25,70,27.0,4703272,1248136,2320888,610760,7,0,51,10,0,250421-210314_Run_311_Idx_91797,780,0,5e-05,20000000,47032720.0,12481360.0,23208880.0,6107600.0,0.7310344827586207,0.7368421052631579
1957,1,290,107,183,6.79,95,51,44,2.34,799912,227248,83904,44832,7,0,51,10,0,250421-205636_Run_799_Idx_68687,2000,0,5e-05,20000000,7999120.0,2272480.0,839040.0,448320.0,0.6310344827586207,0.4631578947368421
1958,1,160,43,117,26.61,38,10,28,27.0,5235144,1386000,2258416,594320,14,0,51,10,0,250421-204824_Run_220_Idx_82007,550,0,5e-05,20000000,52351440.0,13860000.0,22584160.0,5943200.0,0.73125,0.7368421052631579
1959,1,290,78,212,26.01,95,25,70,27.0,4593512,1212136,2320888,610760,7,0,51,10,0,250421-223440_Run_1547_Idx_67176,3870,0,5e-05,20000000,45935120.0,12121360.0,23208880.0,6107600.0,0.7310344827586207,0.7368421052631579
1960,1,320,92,228,21.67,171,48,123,23.44,1166432,307760,1347840,354248,4,0,51,10,0,250421-223340_Run_1702_Idx_26582,4260,0,5e-05,20000000,11664320.0,3077600.0,13478400.0,3542480.0,0.7125,0.7192982456140351
1961,1,320,80,240,26.6,304,80,224,27.0,487424,121856,1361920,358400,2,0,51,10,0,250421-210639_Run_305_Idx_29121,770,0,5e-05,20000000,4874240.0,1218560.0,13619200.0,3584000.0,0.75,0.7368421052631579
1962,1,290,78,212,24.1,95,26,69,22.45,3521992,922856,1552480,402904,7,0,51,10,0,250421-215853_Run_1523_Idx_17819,3810,0,5e-05,20000000,35219920.0,9228560.0,15524800.0,4029040.0,0.7310344827586207,0.7263157894736842
1963,1,320,80,240,26.41,171,45,126,27.0,1880192,470048,1975848,519960,4,0,51,10,0,250421-204957_Run_574_Idx_60744,1440,0,5e-05,20000000,18801920.0,4700480.0,19758480.0,5199600.0,0.75,0.7368421052631579
1964,1,320,94,226,24.9,171,45,126,27.0,1710440,451624,1975848,519960,4,0,51,10,0,250421-212203_Run_514_Idx_49404,1290,0,5e-05,20000000,17104400.0,4516240.0,19758480.0,5199600.0,0.70625,0.7368421052631579
1965,1,320,80,240,26.56,171,52,119,25.58,1942144,485536,1732616,477912,4,0,51,10,0,250421-213508_Run_610_Idx_78774,1530,0,5e-05,20000000,19421440.0,4855360.0,17326160.0,4779120.0,0.75,0.695906432748538
1966,1,320,91,229,25.12,171,45,126,27.0,1638248,429456,1975848,519960,4,0,51,10,0,250421-213726_Run_726_Idx_92850,1820,0,5e-05,20000000,16382480.0,4294560.0,19758480.0,5199600.0,0.715625,0.7368421052631579
1967,1,290,78,212,26.64,95,25,70,27.0,4781832,1280616,2320888,610760,7,0,51,10,0,250421-215337_Run_107_Idx_54015,270,0,5e-05,20000000,47818320.0,12806160.0,23208880.0,6107600.0,0.7310344827586207,0.7368421052631579
1968,1,160,43,117,23.89,38,10,28,24.16,4111144,1070600,1452464,364048,14,0,51,10,0,250421-220550_Run_1512_Idx_13114,3780,0,5e-05,20000000,41111440.0,10706000.0,14524640.0,3640480.0,0.73125,0.7368421052631579
1969,1,320,80,240,26.65,304,112,192,24.16,494080,123520,1222912,362752,2,0,51,10,0,250421-203944_Run_77_Idx_97624,200,0,5e-05,20000000,4940800.0,1235200.0,12229120.0,3627520.0,0.75,0.631578947368421
1970,1,290,78,212,22.86,95,25,70,24.16,2590472,732776,1375544,374424,7,0,51,10,0,250421-221418_Run_1435_Idx_96012,3590,0,5e-05,20000000,25904720.0,7327760.0,13755440.0,3744240.0,0.7310344827586207,0.7368421052631579
1971,1,290,79,211,25.38,95,25,70,27.0,4353832,1161584,2320888,610760,7,0,51,10,0,250421-204707_Run_1055_Idx_66629,2640,0,5e-05,20000000,43538320.0,11615840.0,23208880.0,6107600.0,0.7275862068965517,0.7368421052631579
1972,1,160,43,117,24.75,38,10,28,25.58,4053832,1090672,1797872,479184,14,0,51,10,0,250421-222410_Run_1184_Idx_27734,2960,0,5e-05,20000000,40538320.0,10906720.0,17978720.0,4791840.0,0.73125,0.7368421052631579
1973,1,320,104,216,22.77,304,93,211,24.78,331672,94504,1096936,308040,2,0,51,10,0,250421-221530_Run_1433_Idx_86996,3590,0,5e-05,20000000,3316720.0,945040.0,10969360.0,3080400.0,0.675,0.694078947368421
1974,1,320,80,240,26.56,171,45,126,27.0,1942144,485536,1975848,519960,4,0,51,10,0,250421-210634_Run_186_Idx_48165,470,0,5e-05,20000000,19421440.0,4855360.0,19758480.0,5199600.0,0.75,0.7368421052631579
1975,1,320,94,226,21.21,171,51,120,22.49,1188912,320264,1104768,305128,4,0,51,10,0,250421-224110_Run_1750_Idx_64806,4380,0,5e-05,20000000,11889120.0,3202640.0,11047680.0,3051280.0,0.70625,0.7017543859649122
1976,1,320,80,240,26.21,171,51,120,22.76,1942144,485536,920976,263256,4,0,51,10,0,250421-225129_Run_1882_Idx_14592,4710,0,5e-05,20000000,19421440.0,4855360.0,9209760.0,2632560.0,0.75,0.7017543859649122
1977,1,290,78,212,22.2,95,25,70,21.34,3624712,957096,1493712,374424,7,0,51,10,0,250421-222750_Run_1355_Idx_10643,3390,0,5e-05,20000000,36247120.0,9570960.0,14937120.0,3744240.0,0.7310344827586207,0.7368421052631579
1978,1,290,82,208,25.4,95,28,67,25.01,4336712,1181128,2126592,587592,7,0,51,10,0,250421-211201_Run_651_Idx_86147,1630,0,5e-05,20000000,43367120.0,11811280.0,21265920.0,5875920.0,0.7172413793103448,0.7052631578947368
1979,1,320,80,240,26.6,304,112,192,24.16,487424,121856,1222912,362752,2,0,51,10,0,250421-211107_Run_297_Idx_39049,750,0,5e-05,20000000,4874240.0,1218560.0,12229120.0,3627520.0,0.75,0.631578947368421
1980,1,160,43,117,26.56,38,10,28,27.0,5355000,1425952,2258416,594320,14,0,51,10,0,250421-214347_Run_596_Idx_87442,1490,0,5e-05,20000000,53550000.0,14259520.0,22584160.0,5943200.0,0.73125,0.7368421052631579
1981,1,320,80,240,25.7,171,52,119,19.71,1915904,478976,706920,191128,4,0,51,10,0,250421-223426_Run_1762_Idx_33182,4410,0,5e-05,20000000,19159040.0,4789760.0,7069200.0,1911280.0,0.75,0.695906432748538
1982,1,320,80,240,26.65,304,80,224,27.0,494080,123520,1361920,358400,2,0,51,10,0,250421-204445_Run_17_Idx_71618,50,0,5e-05,20000000,4940800.0,1235200.0,13619200.0,3584000.0,0.75,0.7368421052631579
1983,1,320,87,233,24.51,171,48,123,24.95,1579312,407320,1407856,374488,4,0,51,10,0,250421-221229_Run_1322_Idx_71907,3310,0,5e-05,20000000,15793120.0,4073200.0,14078560.0,3744880.0,0.728125,0.7192982456140351
1984,1,320,82,238,24.82,171,49,122,18.74,1453112,365840,1112064,303592,4,0,51,10,0,250421-220200_Run_1518_Idx_91568,3800,0,5e-05,20000000,14531120.0,3658400.0,11120640.0,3035920.0,0.74375,0.7134502923976608
1985,1,320,80,240,26.5,171,52,119,22.85,1942144,485536,1389616,363480,4,0,51,10,0,250421-221019_Run_1442_Idx_57250,3610,0,5e-05,20000000,19421440.0,4855360.0,13896160.0,3634800.0,0.75,0.695906432748538
1986,1,290,78,212,25.86,95,25,70,27.0,4412232,1162536,2320888,610760,7,0,51,10,0,250421-220356_Run_1515_Idx_91797,3790,0,5e-05,20000000,44122320.0,11625360.0,23208880.0,6107600.0,0.7310344827586207,0.7368421052631579
1987,1,290,78,212,26.54,95,25,70,27.0,4713352,1263496,2320888,610760,7,0,51,10,0,250421-214037_Run_127_Idx_54015,320,0,5e-05,20000000,47133520.0,12634960.0,23208880.0,6107600.0,0.7310344827586207,0.7368421052631579
1988,1,290,88,202,25.04,95,37,58,21.88,4309512,1187736,1893352,517240,7,0,51,10,0,250421-205906_Run_319_Idx_67488,800,0,5e-05,20000000,43095120.0,11877360.0,18933520.0,5172400.0,0.696551724137931,0.6105263157894737
1989,1,320,91,229,25.3,304,108,196,22.5,444232,116184,1018744,284016,2,0,51,10,0,250421-214004_Run_957_Idx_41966,2400,0,5e-05,20000000,4442320.0,1161840.0,10187440.0,2840160.0,0.715625,0.6447368421052632
1990,1,320,80,240,26.0,304,95,209,25.58,479744,119936,1279384,356096,2,0,51,10,0,250421-210506_Run_545_Idx_14279,1370,0,5e-05,20000000,4797440.0,1199360.0,12793840.0,3560960.0,0.75,0.6875
1991,1,320,94,226,20.25,304,96,208,21.29,344536,92256,1001368,273696,2,0,51,10,0,250421-225858_Run_1933_Idx_52973,4840,0,5e-05,20000000,3445360.0,922560.0,10013680.0,2736960.0,0.70625,0.6842105263157895
1992,1,320,90,230,24.95,304,95,209,23.32,439408,114512,1096936,286592,2,0,51,10,0,250421-220859_Run_1089_Idx_50420,2730,0,5e-05,20000000,4394080.0,1145120.0,10969360.0,2865920.0,0.71875,0.6875
1993,1,290,79,211,24.37,95,27,68,23.02,4114152,1110224,1837776,507936,7,0,51,10,0,250421-212446_Run_983_Idx_53495,2460,0,5e-05,20000000,41141520.0,11102240.0,18377760.0,5079360.0,0.7275862068965517,0.7157894736842105
1994,1,320,91,229,23.96,171,49,122,24.22,1490536,376272,1677808,424744,4,0,51,10,0,250421-220443_Run_1394_Idx_26582,3490,0,5e-05,20000000,14905360.0,3762720.0,16778080.0,4247440.0,0.715625,0.7134502923976608
1995,1,320,96,224,25.21,171,45,126,27.0,1841632,490016,1975848,519960,4,0,51,10,0,250421-211516_Run_170_Idx_82795,430,0,5e-05,20000000,18416320.0,4900160.0,19758480.0,5199600.0,0.7,0.7368421052631579
1996,1,160,43,117,21.96,38,10,28,22.74,3633520,966200,1797872,479184,14,0,51,10,0,250421-225306_Run_1816_Idx_1820,4540,0,5e-05,20000000,36335200.0,9662000.0,17978720.0,4791840.0,0.73125,0.7368421052631579
1997,1,290,85,205,25.1,95,28,67,25.58,4086952,1116832,2124832,574024,7,0,51,10,0,250421-210252_Run_787_Idx_11680,1970,0,5e-05,20000000,40869520.0,11168320.0,21248320.0,5740240.0,0.7068965517241379,0.7052631578947368
1998,1,160,44,116,25.66,38,10,28,25.58,4571160,1230944,1797872,479184,14,0,51,10,0,250421-210423_Run_784_Idx_60379,1960,0,5e-05,20000000,45711600.0,12309440.0,17978720.0,4791840.0,0.725,0.7368421052631579
1999,1,290,80,210,25.9,95,25,70,27.0,4439880,1179960,2320888,610760,7,0,51,10,0,250421-212602_Run_863_Idx_65032,2160,0,5e-05,20000000,44398800.0,11799600.0,23208880.0,6107600.0,0.7241379310344828,0.7368421052631579
