,Unnamed: 0,RNTI,numDLTotal,numDLnew,numReTx_DL,avgMCS_DL,numULTotal,numULnew,numReTx_UL,avgMCS_UL,DL_throughput_bits,DL_goodput_bits,UL_throughput_bits,UL_goodput_bits,TTI,PulseBWoffset,numRBs,NumFrames,pulseAttenuation,prf,FreqOffset,PulseWidth,BW,DL_throughput_bps,DL_goodput_bps,UL_throughput_bps,UL_goodput_bps,DLReTxPrcnt,ULReTxPrcnt
0,0.0,1.0,160.0,47.0,113.0,25.82,38.0,10.0,28.0,25.58,4853296.0,1326272.0,1797872.0,479184.0,14.0,0.0,51.0,10.0,0.0,1210.0,0.0,5e-05,20000000.0,48532960.0,13262720.0,17978720.0,4791840.0,0.70625,0.7368421052631579
1,1.0,1.0,290.0,81.0,209.0,25.71,95.0,25.0,70.0,27.0,4251112.0,1163200.0,2320888.0,610760.0,7.0,0.0,51.0,10.0,0.0,2190.0,0.0,5e-05,20000000.0,42511120.0,11632000.0,23208880.0,6107600.0,0.7206896551724138,0.7368421052631579
2,2.0,1.0,320.0,118.0,202.0,6.89,304.0,129.0,175.0,3.45,82432.0,23040.0,41344.0,17544.0,2.0,0.0,51.0,10.0,0.0,4000.0,0.0,5e-05,20000000.0,824320.0,230400.0,413440.0,175440.0,0.63125,0.5756578947368421
3,3.0,1.0,320.0,88.0,232.0,23.75,171.0,52.0,119.0,23.54,1566128.0,405832.0,1342384.0,363776.0,4.0,0.0,51.0,10.0,0.0,3780.0,0.0,5e-05,20000000.0,15661280.0,4058320.0,13423840.0,3637760.0,0.725,0.695906432748538
4,4.0,1.0,320.0,104.0,216.0,20.19,304.0,96.0,208.0,22.32,326624.0,86408.0,1066528.0,278040.0,2.0,0.0,51.0,10.0,0.0,4240.0,0.0,5e-05,20000000.0,3266240.0,864080.0,10665280.0,2780400.0,0.675,0.6842105263157895
5,5.0,1.0,320.0,80.0,240.0,26.56,171.0,45.0,126.0,27.0,1942144.0,485536.0,1975848.0,519960.0,4.0,0.0,51.0,10.0,0.0,490.0,0.0,5e-05,20000000.0,19421440.0,4855360.0,19758480.0,5199600.0,0.75,0.7368421052631579
6,6.0,1.0,160.0,46.0,114.0,24.31,38.0,13.0,25.0,24.16,4167624.0,1147600.0,1855440.0,542344.0,14.0,0.0,51.0,10.0,0.0,1170.0,0.0,5e-05,20000000.0,41676240.0,11476000.0,18554400.0,5423440.0,0.7125,0.6578947368421053
7,7.0,1.0,320.0,89.0,231.0,21.76,171.0,65.0,106.0,18.74,1426048.0,370368.0,1043688.0,314040.0,4.0,0.0,51.0,10.0,0.0,3400.0,0.0,5e-05,20000000.0,14260480.0,3703680.0,10436880.0,3140400.0,0.721875,0.6198830409356725
8,8.0,1.0,320.0,80.0,240.0,26.6,304.0,94.0,210.0,25.58,487424.0,121856.0,1266352.0,351616.0,2.0,0.0,51.0,10.0,0.0,1060.0,0.0,5e-05,20000000.0,4874240.0,1218560.0,12663520.0,3516160.0,0.75,0.6907894736842105
9,9.0,1.0,320.0,89.0,231.0,19.72,171.0,53.0,118.0,17.71,1075032.0,276128.0,626232.0,196608.0,4.0,0.0,51.0,10.0,0.0,4720.0,0.0,5e-05,20000000.0,10750320.0,2761280.0,6262320.0,1966080.0,0.721875,0.6900584795321637
10,10.0,1.0,290.0,79.0,211.0,26.2,95.0,25.0,70.0,27.0,4593992.0,1225904.0,2320888.0,610760.0,7.0,0.0,51.0,10.0,0.0,1160.0,0.0,5e-05,20000000.0,45939920.0,12259040.0,23208880.0,6107600.0,0.7275862068965517,0.7368421052631579
11,11.0,1.0,290.0,78.0,212.0,18.04,95.0,25.0,70.0,16.27,2025992.0,523176.0,1021040.0,256256.0,7.0,0.0,51.0,10.0,0.0,4550.0,0.0,5e-05,20000000.0,20259920.0,5231760.0,10210400.0,2562560.0,0.7310344827586207,0.7368421052631579
12,12.0,1.0,320.0,83.0,237.0,24.27,171.0,50.0,121.0,23.1,1569760.0,396560.0,1211056.0,319136.0,4.0,0.0,51.0,10.0,0.0,4830.0,0.0,5e-05,20000000.0,15697600.0,3965600.0,12110560.0,3191360.0,0.740625,0.7076023391812866
13,13.0,1.0,320.0,104.0,216.0,23.61,304.0,102.0,202.0,22.8,416896.0,115408.0,1062184.0,287544.0,2.0,0.0,51.0,10.0,0.0,2670.0,0.0,5e-05,20000000.0,4168960.0,1154080.0,10621840.0,2875440.0,0.675,0.6644736842105263
14,14.0,1.0,290.0,80.0,210.0,26.17,95.0,27.0,68.0,25.58,4542152.0,1230872.0,2102096.0,574016.0,7.0,0.0,51.0,10.0,0.0,1590.0,0.0,5e-05,20000000.0,45421520.0,12308720.0,21020960.0,5740160.0,0.7241379310344828,0.7157894736842105
15,15.0,1.0,290.0,88.0,202.0,25.47,95.0,35.0,60.0,24.16,4576392.0,1254456.0,2084552.0,618728.0,7.0,0.0,51.0,10.0,0.0,250.0,0.0,5e-05,20000000.0,45763920.0,12544560.0,20845520.0,6187280.0,0.696551724137931,0.631578947368421
16,16.0,1.0,320.0,80.0,240.0,26.65,304.0,112.0,192.0,24.07,494080.0,123520.0,1205536.0,358408.0,2.0,0.0,51.0,10.0,0.0,500.0,0.0,5e-05,20000000.0,4940800.0,1235200.0,12055360.0,3584080.0,0.75,0.631578947368421
17,17.0,1.0,290.0,78.0,212.0,26.59,95.0,25.0,70.0,27.0,4720392.0,1265256.0,2320888.0,610760.0,7.0,0.0,51.0,10.0,0.0,1850.0,0.0,5e-05,20000000.0,47203920.0,12652560.0,23208880.0,6107600.0,0.7310344827586207,0.7368421052631579
18,18.0,1.0,320.0,80.0,240.0,26.12,171.0,47.0,124.0,25.11,1915904.0,478976.0,1422704.0,378808.0,4.0,0.0,51.0,10.0,0.0,3740.0,0.0,5e-05,20000000.0,19159040.0,4789760.0,14227040.0,3788080.0,0.75,0.7251461988304093
19,19.0,1.0,320.0,80.0,240.0,26.48,171.0,45.0,126.0,27.0,1915904.0,478976.0,1975848.0,519960.0,4.0,0.0,51.0,10.0,0.0,110.0,0.0,5e-05,20000000.0,19159040.0,4789760.0,19758480.0,5199600.0,0.75,0.7368421052631579
20,20.0,1.0,320.0,80.0,240.0,26.65,304.0,80.0,224.0,27.0,494080.0,123520.0,1361920.0,358400.0,2.0,0.0,51.0,10.0,0.0,480.0,0.0,5e-05,20000000.0,4940800.0,1235200.0,13619200.0,3584000.0,0.75,0.7368421052631579
21,21.0,1.0,160.0,43.0,117.0,23.49,38.0,10.0,28.0,21.32,4293376.0,1150752.0,1337328.0,364048.0,14.0,0.0,51.0,10.0,0.0,4760.0,0.0,5e-05,20000000.0,42933760.0,11507520.0,13373280.0,3640480.0,0.73125,0.7368421052631579
22,22.0,1.0,160.0,43.0,117.0,25.72,38.0,10.0,28.0,25.58,4894896.0,1322520.0,1797872.0,479184.0,14.0,0.0,51.0,10.0,0.0,1340.0,0.0,5e-05,20000000.0,48948960.0,13225200.0,17978720.0,4791840.0,0.73125,0.7368421052631579
23,23.0,1.0,160.0,44.0,116.0,26.33,38.0,10.0,28.0,27.0,5039040.0,1348568.0,2258416.0,594320.0,14.0,0.0,51.0,10.0,0.0,760.0,0.0,5e-05,20000000.0,50390400.0,13485680.0,22584160.0,5943200.0,0.725,0.7368421052631579
24,24.0,1.0,320.0,94.0,226.0,25.25,304.0,80.0,224.0,27.0,452048.0,119536.0,1361920.0,358400.0,2.0,0.0,51.0,10.0,0.0,1050.0,0.0,5e-05,20000000.0,4520480.0,1195360.0,13619200.0,3584000.0,0.70625,0.7368421052631579
25,25.0,1.0,320.0,80.0,240.0,26.5,171.0,45.0,126.0,27.0,1915904.0,478976.0,1975848.0,519960.0,4.0,0.0,51.0,10.0,0.0,780.0,0.0,5e-05,20000000.0,19159040.0,4789760.0,19758480.0,5199600.0,0.75,0.7368421052631579
26,26.0,1.0,160.0,43.0,117.0,26.61,38.0,10.0,28.0,27.0,5235144.0,1386000.0,2258416.0,594320.0,14.0,0.0,51.0,10.0,0.0,360.0,0.0,5e-05,20000000.0,52351440.0,13860000.0,22584160.0,5943200.0,0.73125,0.7368421052631579
27,27.0,1.0,160.0,43.0,117.0,19.3,38.0,10.0,28.0,21.42,2992432.0,815528.0,1797872.0,479184.0,14.0,0.0,51.0,10.0,0.0,3170.0,0.0,5e-05,20000000.0,29924320.0,8155280.0,17978720.0,4791840.0,0.73125,0.7368421052631579
28,28.0,1.0,320.0,92.0,228.0,24.61,304.0,90.0,214.0,25.58,449056.0,117856.0,1214224.0,333696.0,2.0,0.0,51.0,10.0,0.0,2690.0,0.0,5e-05,20000000.0,4490560.0,1178560.0,12142240.0,3336960.0,0.7125,0.7039473684210527
29,29.0,1.0,290.0,78.0,212.0,24.96,95.0,25.0,70.0,24.52,4131272.0,1109416.0,1848216.0,492592.0,7.0,0.0,51.0,10.0,0.0,2880.0,0.0,5e-05,20000000.0,41312720.0,11094160.0,18482160.0,4925920.0,0.7310344827586207,0.7368421052631579
30,30.0,1.0,320.0,80.0,240.0,26.41,171.0,53.0,118.0,23.58,1880192.0,470048.0,1203368.0,349096.0,4.0,0.0,51.0,10.0,0.0,3300.0,0.0,5e-05,20000000.0,18801920.0,4700480.0,12033680.0,3490960.0,0.75,0.6900584795321637
31,31.0,1.0,160.0,44.0,116.0,22.64,38.0,10.0,28.0,23.05,3527992.0,896552.0,1452464.0,364048.0,14.0,0.0,51.0,10.0,0.0,2910.0,0.0,5e-05,20000000.0,35279920.0,8965520.0,14524640.0,3640480.0,0.725,0.7368421052631579
32,32.0,1.0,320.0,107.0,213.0,23.88,304.0,89.0,215.0,25.58,428152.0,120424.0,1201192.0,329216.0,2.0,0.0,51.0,10.0,0.0,2610.0,0.0,5e-05,20000000.0,4281520.0,1204240.0,12011920.0,3292160.0,0.665625,0.7072368421052632
33,33.0,1.0,320.0,80.0,240.0,26.65,304.0,80.0,224.0,27.0,494080.0,123520.0,1361920.0,358400.0,2.0,0.0,51.0,10.0,0.0,1730.0,0.0,5e-05,20000000.0,4940800.0,1235200.0,13619200.0,3584000.0,0.75,0.7368421052631579
34,34.0,1.0,160.0,43.0,117.0,22.96,38.0,10.0,28.0,21.32,3664008.0,993216.0,1337328.0,364048.0,14.0,0.0,51.0,10.0,0.0,3760.0,0.0,5e-05,20000000.0,36640080.0,9932160.0,13373280.0,3640480.0,0.73125,0.7368421052631579
35,35.0,1.0,320.0,80.0,240.0,26.6,304.0,80.0,224.0,27.0,487424.0,121856.0,1361920.0,358400.0,2.0,0.0,51.0,10.0,0.0,1850.0,0.0,5e-05,20000000.0,4874240.0,1218560.0,13619200.0,3584000.0,0.75,0.7368421052631579
36,36.0,1.0,290.0,78.0,212.0,22.78,95.0,25.0,70.0,24.16,2984232.0,784136.0,1493712.0,374424.0,7.0,0.0,51.0,10.0,0.0,3880.0,0.0,5e-05,20000000.0,29842320.0,7841360.0,14937120.0,3744240.0,0.7310344827586207,0.7368421052631579
37,37.0,1.0,160.0,43.0,117.0,26.6,38.0,10.0,28.0,27.0,5078216.0,1346768.0,2258416.0,594320.0,14.0,0.0,51.0,10.0,0.0,990.0,0.0,5e-05,20000000.0,50782160.0,13467680.0,22584160.0,5943200.0,0.73125,0.7368421052631579
38,38.0,1.0,320.0,80.0,240.0,26.48,171.0,53.0,118.0,25.58,1915904.0,478976.0,1772048.0,491488.0,4.0,0.0,51.0,10.0,0.0,1060.0,0.0,5e-05,20000000.0,19159040.0,4789760.0,17720480.0,4914880.0,0.75,0.6900584795321637
39,39.0,1.0,290.0,78.0,212.0,26.59,95.0,25.0,70.0,27.0,4720392.0,1265256.0,2320888.0,610760.0,7.0,0.0,51.0,10.0,0.0,160.0,0.0,5e-05,20000000.0,47203920.0,12652560.0,23208880.0,6107600.0,0.7310344827586207,0.7368421052631579
40,40.0,1.0,160.0,43.0,117.0,20.76,38.0,10.0,28.0,22.84,3349120.0,875680.0,1797872.0,479184.0,14.0,0.0,51.0,10.0,0.0,4320.0,0.0,5e-05,20000000.0,33491200.0,8756800.0,17978720.0,4791840.0,0.73125,0.7368421052631579
41,41.0,1.0,290.0,86.0,204.0,21.71,95.0,30.0,65.0,22.74,3395112.0,961800.0,1813280.0,524168.0,7.0,0.0,51.0,10.0,0.0,2240.0,0.0,5e-05,20000000.0,33951120.0,9618000.0,18132800.0,5241680.0,0.7034482758620689,0.6842105263157895
42,42.0,1.0,290.0,80.0,210.0,25.99,95.0,25.0,70.0,27.0,4473672.0,1196632.0,2320888.0,610760.0,7.0,0.0,51.0,10.0,0.0,1720.0,0.0,5e-05,20000000.0,44736720.0,11966320.0,23208880.0,6107600.0,0.7241379310344828,0.7368421052631579
43,43.0,1.0,320.0,80.0,240.0,26.48,171.0,45.0,126.0,27.0,1942144.0,485536.0,1975848.0,519960.0,4.0,0.0,51.0,10.0,0.0,2760.0,0.0,5e-05,20000000.0,19421440.0,4855360.0,19758480.0,5199600.0,0.75,0.7368421052631579
44,44.0,1.0,320.0,102.0,218.0,23.82,171.0,52.0,119.0,25.58,1520160.0,424624.0,1769000.0,487008.0,4.0,0.0,51.0,10.0,0.0,1880.0,0.0,5e-05,20000000.0,15201600.0,4246240.0,17690000.0,4870080.0,0.68125,0.695906432748538
45,45.0,1.0,290.0,79.0,211.0,26.49,95.0,25.0,70.0,27.0,4703272.0,1266064.0,2320888.0,610760.0,7.0,0.0,51.0,10.0,0.0,720.0,0.0,5e-05,20000000.0,47032720.0,12660640.0,23208880.0,6107600.0,0.7275862068965517,0.7368421052631579
46,46.0,1.0,320.0,90.0,230.0,25.3,304.0,104.0,200.0,20.44,439408.0,114512.0,866704.0,235688.0,2.0,0.0,51.0,10.0,0.0,3930.0,0.0,5e-05,20000000.0,4394080.0,1145120.0,8667040.0,2356880.0,0.71875,0.6578947368421053
47,47.0,1.0,320.0,96.0,224.0,23.22,304.0,94.0,210.0,22.31,416896.0,110072.0,936208.0,251704.0,2.0,0.0,51.0,10.0,0.0,4440.0,0.0,5e-05,20000000.0,4168960.0,1100720.0,9362080.0,2517040.0,0.7,0.6907894736842105
48,48.0,1.0,290.0,78.0,212.0,26.64,95.0,25.0,70.0,27.0,4781832.0,1280616.0,2320888.0,610760.0,7.0,0.0,51.0,10.0,0.0,180.0,0.0,5e-05,20000000.0,47818320.0,12806160.0,23208880.0,6107600.0,0.7310344827586207,0.7368421052631579
49,49.0,1.0,160.0,45.0,115.0,26.16,38.0,10.0,28.0,27.0,5051504.0,1362624.0,2258416.0,594320.0,14.0,0.0,51.0,10.0,0.0,1230.0,0.0,5e-05,20000000.0,50515040.0,13626240.0,22584160.0,5943200.0,0.71875,0.7368421052631579
50,50.0,1.0,320.0,80.0,240.0,26.5,171.0,45.0,126.0,27.0,1915904.0,478976.0,1975848.0,519960.0,4.0,0.0,51.0,10.0,0.0,10.0,0.0,5e-05,20000000.0,19159040.0,4789760.0,19758480.0,5199600.0,0.75,0.7368421052631579
51,51.0,1.0,320.0,80.0,240.0,26.56,171.0,45.0,126.0,27.0,1942144.0,485536.0,1975848.0,519960.0,4.0,0.0,51.0,10.0,0.0,180.0,0.0,5e-05,20000000.0,19421440.0,4855360.0,19758480.0,5199600.0,0.75,0.7368421052631579
52,52.0,1.0,290.0,78.0,212.0,19.68,95.0,25.0,70.0,17.83,2292168.0,598280.0,1021040.0,256256.0,7.0,0.0,51.0,10.0,0.0,4750.0,0.0,5e-05,20000000.0,22921680.0,5982800.0,10210400.0,2562560.0,0.7310344827586207,0.7368421052631579
53,53.0,1.0,320.0,80.0,240.0,26.56,171.0,45.0,126.0,27.0,1942144.0,485536.0,1975848.0,519960.0,4.0,0.0,51.0,10.0,0.0,520.0,0.0,5e-05,20000000.0,19421440.0,4855360.0,19758480.0,5199600.0,0.75,0.7368421052631579
54,54.0,1.0,320.0,101.0,219.0,23.99,304.0,101.0,203.0,23.67,421720.0,116824.0,1079560.0,313472.0,2.0,0.0,51.0,10.0,0.0,3210.0,0.0,5e-05,20000000.0,4217200.0,1168240.0,10795600.0,3134720.0,0.684375,0.6677631578947368
55,55.0,1.0,320.0,112.0,208.0,22.23,304.0,99.0,205.0,24.16,375224.0,109120.0,1196848.0,334920.0,2.0,0.0,51.0,10.0,0.0,3290.0,0.0,5e-05,20000000.0,3752240.0,1091200.0,11968480.0,3349200.0,0.65,0.6743421052631579
56,56.0,1.0,290.0,85.0,205.0,24.05,95.0,27.0,68.0,23.15,4079912.0,1097952.0,1836864.0,481680.0,7.0,0.0,51.0,10.0,0.0,1750.0,0.0,5e-05,20000000.0,40799120.0,10979520.0,18368640.0,4816800.0,0.7068965517241379,0.7157894736842105
57,57.0,1.0,160.0,43.0,117.0,23.72,38.0,10.0,28.0,24.26,4215024.0,1111576.0,1797872.0,479184.0,14.0,0.0,51.0,10.0,0.0,2540.0,0.0,5e-05,20000000.0,42150240.0,11115760.0,17978720.0,4791840.0,0.73125,0.7368421052631579
58,58.0,1.0,160.0,43.0,117.0,26.5,38.0,10.0,28.0,27.0,5078216.0,1346768.0,2258416.0,594320.0,14.0,0.0,51.0,10.0,0.0,570.0,0.0,5e-05,20000000.0,50782160.0,13467680.0,22584160.0,5943200.0,0.73125,0.7368421052631579
59,59.0,1.0,160.0,43.0,117.0,21.48,38.0,10.0,28.0,22.74,3703800.0,1013152.0,1797872.0,479184.0,14.0,0.0,51.0,10.0,0.0,2240.0,0.0,5e-05,20000000.0,37038000.0,10131520.0,17978720.0,4791840.0,0.73125,0.7368421052631579
60,60.0,1.0,160.0,43.0,117.0,23.48,38.0,10.0,28.0,22.74,3991680.0,1050528.0,1452464.0,364048.0,14.0,0.0,51.0,10.0,0.0,4170.0,0.0,5e-05,20000000.0,39916800.0,10505280.0,14524640.0,3640480.0,0.73125,0.7368421052631579
61,61.0,1.0,320.0,80.0,240.0,26.3,304.0,104.0,200.0,23.62,494080.0,123520.0,1057840.0,309536.0,2.0,0.0,51.0,10.0,0.0,1680.0,0.0,5e-05,20000000.0,4940800.0,1235200.0,10578400.0,3095360.0,0.75,0.6578947368421053
62,62.0,1.0,320.0,114.0,206.0,22.65,304.0,131.0,173.0,18.67,392776.0,116048.0,897112.0,274112.0,2.0,0.0,51.0,10.0,0.0,2600.0,0.0,5e-05,20000000.0,3927760.0,1160480.0,8971120.0,2741120.0,0.64375,0.569078947368421
63,63.0,1.0,320.0,80.0,240.0,26.48,171.0,45.0,126.0,27.0,1915904.0,478976.0,1975848.0,519960.0,4.0,0.0,51.0,10.0,0.0,1930.0,0.0,5e-05,20000000.0,19159040.0,4789760.0,19758480.0,5199600.0,0.75,0.7368421052631579
64,64.0,1.0,160.0,43.0,117.0,24.81,38.0,10.0,28.0,24.16,4334488.0,1170824.0,1337328.0,364048.0,14.0,0.0,51.0,10.0,0.0,3670.0,0.0,5e-05,20000000.0,43344880.0,11708240.0,13373280.0,3640480.0,0.73125,0.7368421052631579
65,65.0,1.0,320.0,80.0,240.0,26.65,304.0,80.0,224.0,27.0,494080.0,123520.0,1361920.0,358400.0,2.0,0.0,51.0,10.0,0.0,350.0,0.0,5e-05,20000000.0,4940800.0,1235200.0,13619200.0,3584000.0,0.75,0.7368421052631579
66,66.0,1.0,320.0,92.0,228.0,24.2,171.0,53.0,118.0,24.79,1490040.0,383184.0,1624824.0,443368.0,4.0,0.0,51.0,10.0,0.0,2750.0,0.0,5e-05,20000000.0,14900400.0,3831840.0,16248240.0,4433680.0,0.7125,0.6900584795321637
67,67.0,1.0,160.0,44.0,116.0,25.72,38.0,10.0,28.0,25.58,4565664.0,1230224.0,1797872.0,479184.0,14.0,0.0,51.0,10.0,0.0,1530.0,0.0,5e-05,20000000.0,45656640.0,12302240.0,17978720.0,4791840.0,0.725,0.7368421052631579
68,68.0,1.0,320.0,80.0,240.0,26.6,304.0,95.0,209.0,21.56,487424.0,121856.0,940552.0,260528.0,2.0,0.0,51.0,10.0,0.0,4650.0,0.0,5e-05,20000000.0,4874240.0,1218560.0,9405520.0,2605280.0,0.75,0.6875
69,69.0,1.0,290.0,78.0,212.0,26.64,95.0,25.0,70.0,27.0,4781832.0,1280616.0,2320888.0,610760.0,7.0,0.0,51.0,10.0,0.0,550.0,0.0,5e-05,20000000.0,47818320.0,12806160.0,23208880.0,6107600.0,0.7310344827586207,0.7368421052631579
70,70.0,1.0,320.0,94.0,226.0,25.25,304.0,80.0,224.0,27.0,452048.0,119536.0,1361920.0,358400.0,2.0,0.0,51.0,10.0,0.0,910.0,0.0,5e-05,20000000.0,4520480.0,1195360.0,13619200.0,3584000.0,0.70625,0.7368421052631579
71,71.0,1.0,290.0,80.0,210.0,25.99,95.0,25.0,70.0,27.0,4525032.0,1213752.0,2320888.0,610760.0,7.0,0.0,51.0,10.0,0.0,2320.0,0.0,5e-05,20000000.0,45250320.0,12137520.0,23208880.0,6107600.0,0.7241379310344828,0.7368421052631579
72,72.0,1.0,290.0,78.0,212.0,23.9,95.0,26.0,69.0,22.45,3378472.0,882696.0,1291680.0,337704.0,7.0,0.0,51.0,10.0,0.0,4100.0,0.0,5e-05,20000000.0,33784720.0,8826960.0,12916800.0,3377040.0,0.7310344827586207,0.7263157894736842
73,73.0,1.0,320.0,83.0,237.0,23.91,171.0,45.0,126.0,25.63,1539800.0,390040.0,1581384.0,421344.0,4.0,0.0,51.0,10.0,0.0,4450.0,0.0,5e-05,20000000.0,15398000.0,3900400.0,15813840.0,4213440.0,0.740625,0.7368421052631579
74,74.0,1.0,290.0,79.0,211.0,26.03,95.0,31.0,64.0,23.87,4593512.0,1212944.0,1998832.0,538624.0,7.0,0.0,51.0,10.0,0.0,1510.0,0.0,5e-05,20000000.0,45935120.0,12129440.0,19988320.0,5386240.0,0.7275862068965517,0.6736842105263158
75,75.0,1.0,160.0,45.0,115.0,25.15,38.0,10.0,28.0,25.58,4315256.0,1153520.0,1913008.0,479184.0,14.0,0.0,51.0,10.0,0.0,1940.0,0.0,5e-05,20000000.0,43152560.0,11535200.0,19130080.0,4791840.0,0.71875,0.7368421052631579
76,76.0,1.0,320.0,94.0,226.0,24.14,171.0,50.0,121.0,25.58,1577888.0,419456.0,1580096.0,432568.0,4.0,0.0,51.0,10.0,0.0,2030.0,0.0,5e-05,20000000.0,15778880.0,4194560.0,15800960.0,4325680.0,0.70625,0.7076023391812866
77,77.0,1.0,290.0,80.0,210.0,25.99,95.0,25.0,70.0,27.0,4422312.0,1196632.0,2320888.0,610760.0,7.0,0.0,51.0,10.0,0.0,1660.0,0.0,5e-05,20000000.0,44223120.0,11966320.0,23208880.0,6107600.0,0.7241379310344828,0.7368421052631579
78,78.0,1.0,290.0,83.0,207.0,25.47,95.0,25.0,70.0,27.0,4206792.0,1149456.0,2320888.0,610760.0,7.0,0.0,51.0,10.0,0.0,1820.0,0.0,5e-05,20000000.0,42067920.0,11494560.0,23208880.0,6107600.0,0.7137931034482758,0.7368421052631579
79,79.0,1.0,320.0,106.0,214.0,21.77,304.0,92.0,212.0,24.87,346144.0,97848.0,1118656.0,307904.0,2.0,0.0,51.0,10.0,0.0,3650.0,0.0,5e-05,20000000.0,3461440.0,978480.0,11186560.0,3079040.0,0.66875,0.6973684210526315
80,80.0,1.0,320.0,80.0,240.0,26.2,304.0,98.0,206.0,23.84,487424.0,121856.0,1079560.0,308720.0,2.0,0.0,51.0,10.0,0.0,3730.0,0.0,5e-05,20000000.0,4874240.0,1218560.0,10795600.0,3087200.0,0.75,0.6776315789473685
81,81.0,1.0,320.0,114.0,206.0,19.24,304.0,113.0,191.0,18.48,345920.0,98304.0,858016.0,254288.0,2.0,0.0,51.0,10.0,0.0,3410.0,0.0,5e-05,20000000.0,3459200.0,983040.0,8580160.0,2542880.0,0.64375,0.6282894736842105
82,82.0,1.0,290.0,80.0,210.0,24.17,95.0,25.0,70.0,25.58,3778792.0,1010072.0,1966384.0,492592.0,7.0,0.0,51.0,10.0,0.0,2970.0,0.0,5e-05,20000000.0,37787920.0,10100720.0,19663840.0,4925920.0,0.7241379310344828,0.7368421052631579
83,83.0,1.0,320.0,92.0,228.0,22.4,171.0,50.0,121.0,22.83,1238488.0,327920.0,1295672.0,361240.0,4.0,0.0,51.0,10.0,0.0,3380.0,0.0,5e-05,20000000.0,12384880.0,3279200.0,12956720.0,3612400.0,0.7125,0.7076023391812866
84,84.0,1.0,160.0,44.0,116.0,24.14,38.0,10.0,28.0,22.74,4570224.0,1230904.0,1797872.0,479184.0,14.0,0.0,51.0,10.0,0.0,2460.0,0.0,5e-05,20000000.0,45702240.0,12309040.0,17978720.0,4791840.0,0.725,0.7368421052631579
85,85.0,1.0,320.0,80.0,240.0,26.65,304.0,80.0,224.0,27.0,494080.0,123520.0,1361920.0,358400.0,2.0,0.0,51.0,10.0,0.0,510.0,0.0,5e-05,20000000.0,4940800.0,1235200.0,13619200.0,3584000.0,0.75,0.7368421052631579
86,86.0,1.0,320.0,110.0,210.0,20.78,304.0,97.0,207.0,22.27,323504.0,91640.0,993736.0,278440.0,2.0,0.0,51.0,10.0,0.0,3530.0,0.0,5e-05,20000000.0,3235040.0,916400.0,9937360.0,2784400.0,0.65625,0.680921052631579
87,87.0,1.0,320.0,80.0,240.0,26.48,171.0,45.0,126.0,27.0,1915904.0,478976.0,1975848.0,519960.0,4.0,0.0,51.0,10.0,0.0,1980.0,0.0,5e-05,20000000.0,19159040.0,4789760.0,19758480.0,5199600.0,0.75,0.7368421052631579
88,88.0,1.0,160.0,44.0,116.0,26.16,38.0,10.0,28.0,27.0,4958752.0,1328496.0,2258416.0,594320.0,14.0,0.0,51.0,10.0,0.0,810.0,0.0,5e-05,20000000.0,49587520.0,13284960.0,22584160.0,5943200.0,0.725,0.7368421052631579
89,89.0,1.0,290.0,84.0,206.0,25.84,95.0,29.0,66.0,25.58,4480712.0,1235864.0,2259632.0,628304.0,7.0,0.0,51.0,10.0,0.0,1060.0,0.0,5e-05,20000000.0,44807120.0,12358640.0,22596320.0,6283040.0,0.7103448275862069,0.6947368421052632
90,90.0,1.0,290.0,77.0,213.0,25.86,95.0,30.0,65.0,22.49,4610632.0,1194208.0,1841688.0,472536.0,7.0,0.0,51.0,10.0,0.0,2700.0,0.0,5e-05,20000000.0,46106320.0,11942080.0,18416880.0,4725360.0,0.7344827586206897,0.6842105263157895
91,91.0,1.0,290.0,87.0,203.0,24.74,95.0,33.0,62.0,23.59,4138312.0,1118448.0,1944560.0,579344.0,7.0,0.0,51.0,10.0,0.0,1120.0,0.0,5e-05,20000000.0,41383120.0,11184480.0,19445600.0,5793440.0,0.7,0.6526315789473685
92,92.0,1.0,320.0,80.0,240.0,26.3,304.0,108.0,196.0,22.41,494080.0,123520.0,1083904.0,275328.0,2.0,0.0,51.0,10.0,0.0,2700.0,0.0,5e-05,20000000.0,4940800.0,1235200.0,10839040.0,2753280.0,0.75,0.6447368421052632
93,93.0,1.0,320.0,96.0,224.0,25.25,304.0,80.0,224.0,27.0,461696.0,122880.0,1361920.0,358400.0,2.0,0.0,51.0,10.0,0.0,850.0,0.0,5e-05,20000000.0,4616960.0,1228800.0,13619200.0,3584000.0,0.7,0.7368421052631579
94,94.0,1.0,160.0,43.0,117.0,19.41,38.0,10.0,28.0,15.63,2268552.0,600352.0,70832.0,18640.0,14.0,0.0,51.0,10.0,0.0,4430.0,0.0,5e-05,20000000.0,22685520.0,6003520.0,708320.0,186400.0,0.73125,0.7368421052631579
95,95.0,1.0,160.0,43.0,117.0,23.79,38.0,10.0,28.0,20.11,4152256.0,1090672.0,991920.0,248912.0,14.0,0.0,51.0,10.0,0.0,4590.0,0.0,5e-05,20000000.0,41522560.0,10906720.0,9919200.0,2489120.0,0.73125,0.7368421052631579
96,96.0,1.0,290.0,85.0,205.0,23.73,95.0,28.0,67.0,25.05,3891592.0,1063712.0,2180864.0,601160.0,7.0,0.0,51.0,10.0,0.0,2060.0,0.0,5e-05,20000000.0,38915920.0,10637120.0,21808640.0,6011600.0,0.7068965517241379,0.7052631578947368
97,97.0,1.0,320.0,87.0,233.0,25.21,171.0,45.0,126.0,27.0,1589104.0,409768.0,1975848.0,519960.0,4.0,0.0,51.0,10.0,0.0,2850.0,0.0,5e-05,20000000.0,15891040.0,4097680.0,19758480.0,5199600.0,0.728125,0.7368421052631579
98,98.0,1.0,320.0,101.0,219.0,21.7,171.0,49.0,122.0,25.58,1179680.0,325784.0,1761312.0,464472.0,4.0,0.0,51.0,10.0,0.0,3230.0,0.0,5e-05,20000000.0,11796800.0,3257840.0,17613120.0,4644720.0,0.684375,0.7134502923976608
99,99.0,1.0,290.0,81.0,209.0,26.21,95.0,25.0,70.0,27.0,4600552.0,1250560.0,2320888.0,610760.0,7.0,0.0,51.0,10.0,0.0,1030.0,0.0,5e-05,20000000.0,46005520.0,12505600.0,23208880.0,6107600.0,0.7206896551724138,0.7368421052631579
100,100.0,1.0,320.0,80.0,240.0,26.5,304.0,80.0,224.0,27.0,479744.0,119936.0,1361920.0,358400.0,2.0,0.0,51.0,10.0,0.0,1270.0,0.0,5e-05,20000000.0,4797440.0,1199360.0,13619200.0,3584000.0,0.75,0.7368421052631579
101,101.0,1.0,320.0,80.0,240.0,26.52,171.0,57.0,114.0,23.68,1942144.0,485536.0,1443264.0,395976.0,4.0,0.0,51.0,10.0,0.0,2620.0,0.0,5e-05,20000000.0,19421440.0,4855360.0,14432640.0,3959760.0,0.75,0.6666666666666666
102,102.0,1.0,160.0,43.0,117.0,25.84,38.0,10.0,28.0,27.0,4684744.0,1248400.0,2258416.0,594320.0,14.0,0.0,51.0,10.0,0.0,3140.0,0.0,5e-05,20000000.0,46847440.0,12484000.0,22584160.0,5943200.0,0.73125,0.7368421052631579
103,103.0,1.0,320.0,92.0,228.0,23.91,171.0,53.0,118.0,23.69,1537824.0,406992.0,1421432.0,407984.0,4.0,0.0,51.0,10.0,0.0,3210.0,0.0,5e-05,20000000.0,15378240.0,4069920.0,14214320.0,4079840.0,0.7125,0.6900584795321637
104,104.0,1.0,160.0,43.0,117.0,24.21,38.0,10.0,28.0,24.16,4037280.0,1052328.0,1452464.0,364048.0,14.0,0.0,51.0,10.0,0.0,3550.0,0.0,5e-05,20000000.0,40372800.0,10523280.0,14524640.0,3640480.0,0.73125,0.7368421052631579
105,105.0,1.0,160.0,43.0,117.0,24.34,38.0,10.0,28.0,22.84,4293376.0,1150752.0,1797872.0,479184.0,14.0,0.0,51.0,10.0,0.0,3930.0,0.0,5e-05,20000000.0,42933760.0,11507520.0,17978720.0,4791840.0,0.73125,0.7368421052631579
106,106.0,1.0,320.0,91.0,229.0,25.17,171.0,45.0,126.0,27.0,1716648.0,449056.0,1975848.0,519960.0,4.0,0.0,51.0,10.0,0.0,3150.0,0.0,5e-05,20000000.0,17166480.0,4490560.0,19758480.0,5199600.0,0.715625,0.7368421052631579
107,107.0,1.0,320.0,99.0,221.0,23.52,171.0,54.0,117.0,22.94,1573264.0,426168.0,1285808.0,363344.0,4.0,0.0,51.0,10.0,0.0,2670.0,0.0,5e-05,20000000.0,15732640.0,4261680.0,12858080.0,3633440.0,0.690625,0.6842105263157895
108,108.0,1.0,320.0,80.0,240.0,26.6,304.0,80.0,224.0,27.0,487424.0,121856.0,1361920.0,358400.0,2.0,0.0,51.0,10.0,0.0,1980.0,0.0,5e-05,20000000.0,4874240.0,1218560.0,13619200.0,3584000.0,0.75,0.7368421052631579
109,109.0,1.0,160.0,43.0,117.0,26.5,38.0,10.0,28.0,27.0,5277976.0,1406696.0,2258416.0,594320.0,14.0,0.0,51.0,10.0,0.0,150.0,0.0,5e-05,20000000.0,52779760.0,14066960.0,22584160.0,5943200.0,0.73125,0.7368421052631579
110,110.0,1.0,320.0,80.0,240.0,26.48,171.0,45.0,126.0,27.0,1915904.0,478976.0,1975848.0,519960.0,4.0,0.0,51.0,10.0,0.0,980.0,0.0,5e-05,20000000.0,19159040.0,4789760.0,19758480.0,5199600.0,0.75,0.7368421052631579
111,111.0,1.0,160.0,43.0,117.0,25.65,38.0,10.0,28.0,27.0,4647896.0,1249176.0,2258416.0,594320.0,14.0,0.0,51.0,10.0,0.0,3560.0,0.0,5e-05,20000000.0,46478960.0,12491760.0,22584160.0,5943200.0,0.73125,0.7368421052631579
112,112.0,1.0,290.0,81.0,209.0,26.02,95.0,30.0,65.0,25.58,4542632.0,1210400.0,2202720.0,614744.0,7.0,0.0,51.0,10.0,0.0,100.0,0.0,5e-05,20000000.0,45426320.0,12104000.0,22027200.0,6147440.0,0.7206896551724138,0.6842105263157895
113,113.0,1.0,290.0,78.0,212.0,23.06,95.0,25.0,70.0,21.64,3265192.0,888616.0,1375544.0,374424.0,7.0,0.0,51.0,10.0,0.0,4900.0,0.0,5e-05,20000000.0,32651920.0,8886160.0,13755440.0,3744240.0,0.7310344827586207,0.7368421052631579
114,114.0,1.0,160.0,43.0,117.0,26.5,38.0,10.0,28.0,27.0,5090776.0,1359896.0,2258416.0,594320.0,14.0,0.0,51.0,10.0,0.0,1430.0,0.0,5e-05,20000000.0,50907760.0,13598960.0,22584160.0,5943200.0,0.73125,0.7368421052631579
115,115.0,1.0,320.0,80.0,240.0,26.65,304.0,91.0,213.0,25.58,494080.0,123520.0,1227256.0,338176.0,2.0,0.0,51.0,10.0,0.0,2530.0,0.0,5e-05,20000000.0,4940800.0,1235200.0,12272560.0,3381760.0,0.75,0.7006578947368421
116,116.0,1.0,320.0,98.0,222.0,24.32,304.0,90.0,214.0,25.58,400592.0,108536.0,1214224.0,333696.0,2.0,0.0,51.0,10.0,0.0,2960.0,0.0,5e-05,20000000.0,4005920.0,1085360.0,12142240.0,3336960.0,0.69375,0.7039473684210527
117,117.0,1.0,320.0,117.0,203.0,21.84,304.0,110.0,194.0,22.45,384736.0,114632.0,1027432.0,310352.0,2.0,0.0,51.0,10.0,0.0,2360.0,0.0,5e-05,20000000.0,3847360.0,1146320.0,10274320.0,3103520.0,0.634375,0.6381578947368421
118,118.0,1.0,290.0,81.0,209.0,25.06,95.0,25.0,70.0,27.0,3805992.0,1043360.0,2320888.0,610760.0,7.0,0.0,51.0,10.0,0.0,2860.0,0.0,5e-05,20000000.0,38059920.0,10433600.0,23208880.0,6107600.0,0.7206896551724138,0.7368421052631579
119,119.0,1.0,160.0,43.0,117.0,25.31,38.0,10.0,28.0,27.0,4651512.0,1250080.0,2258416.0,594320.0,14.0,0.0,51.0,10.0,0.0,3570.0,0.0,5e-05,20000000.0,46515120.0,12500800.0,22584160.0,5943200.0,0.73125,0.7368421052631579
120,120.0,1.0,160.0,43.0,117.0,22.24,38.0,10.0,28.0,24.16,3503432.0,953072.0,1337328.0,364048.0,14.0,0.0,51.0,10.0,0.0,3050.0,0.0,5e-05,20000000.0,35034320.0,9530720.0,13373280.0,3640480.0,0.73125,0.7368421052631579
121,121.0,1.0,320.0,98.0,222.0,23.9,304.0,112.0,192.0,21.27,410240.0,110144.0,905800.0,262840.0,2.0,0.0,51.0,10.0,0.0,3810.0,0.0,5e-05,20000000.0,4102400.0,1101440.0,9058000.0,2628400.0,0.69375,0.631578947368421
122,122.0,1.0,320.0,80.0,240.0,26.65,304.0,80.0,224.0,27.0,494080.0,123520.0,1361920.0,358400.0,2.0,0.0,51.0,10.0,0.0,1490.0,0.0,5e-05,20000000.0,4940800.0,1235200.0,13619200.0,3584000.0,0.75,0.7368421052631579
123,123.0,1.0,290.0,80.0,210.0,22.06,95.0,26.0,69.0,21.88,3155432.0,871352.0,1552480.0,429160.0,7.0,0.0,51.0,10.0,0.0,2920.0,0.0,5e-05,20000000.0,31554320.0,8713520.0,15524800.0,4291600.0,0.7241379310344828,0.7263157894736842
124,124.0,1.0,320.0,80.0,240.0,26.6,304.0,80.0,224.0,27.0,487424.0,121856.0,1361920.0,358400.0,2.0,0.0,51.0,10.0,0.0,720.0,0.0,5e-05,20000000.0,4874240.0,1218560.0,13619200.0,3584000.0,0.75,0.7368421052631579
125,125.0,1.0,320.0,86.0,234.0,21.63,171.0,48.0,123.0,24.53,1183224.0,299416.0,1531224.0,406120.0,4.0,0.0,51.0,10.0,0.0,4660.0,0.0,5e-05,20000000.0,11832240.0,2994160.0,15312240.0,4061200.0,0.73125,0.7192982456140351
126,126.0,1.0,320.0,80.0,240.0,26.6,304.0,80.0,224.0,27.0,487424.0,121856.0,1361920.0,358400.0,2.0,0.0,51.0,10.0,0.0,1870.0,0.0,5e-05,20000000.0,4874240.0,1218560.0,13619200.0,3584000.0,0.75,0.7368421052631579
127,127.0,1.0,290.0,78.0,212.0,22.82,95.0,25.0,70.0,22.82,3453512.0,905736.0,1493712.0,374424.0,7.0,0.0,51.0,10.0,0.0,4390.0,0.0,5e-05,20000000.0,34535120.0,9057360.0,14937120.0,3744240.0,0.7310344827586207,0.7368421052631579
128,128.0,1.0,290.0,78.0,212.0,26.59,95.0,25.0,70.0,27.0,4720392.0,1265256.0,2320888.0,610760.0,7.0,0.0,51.0,10.0,0.0,140.0,0.0,5e-05,20000000.0,47203920.0,12652560.0,23208880.0,6107600.0,0.7310344827586207,0.7368421052631579
129,129.0,1.0,320.0,91.0,229.0,23.62,304.0,109.0,195.0,20.03,434584.0,116184.0,871048.0,258088.0,2.0,0.0,51.0,10.0,0.0,4020.0,0.0,5e-05,20000000.0,4345840.0,1161840.0,8710480.0,2580880.0,0.715625,0.6414473684210527
130,130.0,1.0,320.0,80.0,240.0,26.41,171.0,45.0,126.0,27.0,1880192.0,470048.0,1975848.0,519960.0,4.0,0.0,51.0,10.0,0.0,1270.0,0.0,5e-05,20000000.0,18801920.0,4700480.0,19758480.0,5199600.0,0.75,0.7368421052631579
131,131.0,1.0,290.0,81.0,209.0,25.55,95.0,29.0,66.0,24.44,4200232.0,1124800.0,1972576.0,536848.0,7.0,0.0,51.0,10.0,0.0,1310.0,0.0,5e-05,20000000.0,42002320.0,11248000.0,19725760.0,5368480.0,0.7206896551724138,0.6947368421052632
132,132.0,1.0,320.0,80.0,240.0,26.6,304.0,85.0,219.0,25.58,487424.0,121856.0,1196848.0,311296.0,2.0,0.0,51.0,10.0,0.0,4940.0,0.0,5e-05,20000000.0,4874240.0,1218560.0,11968480.0,3112960.0,0.75,0.7203947368421053
133,133.0,1.0,320.0,80.0,240.0,26.65,304.0,80.0,224.0,27.0,494080.0,123520.0,1361920.0,358400.0,2.0,0.0,51.0,10.0,0.0,1540.0,0.0,5e-05,20000000.0,4940800.0,1235200.0,13619200.0,3584000.0,0.75,0.7368421052631579
134,134.0,1.0,160.0,43.0,117.0,24.33,38.0,10.0,28.0,27.0,3981296.0,1053144.0,2258416.0,594320.0,14.0,0.0,51.0,10.0,0.0,4870.0,0.0,5e-05,20000000.0,39812960.0,10531440.0,22584160.0,5943200.0,0.73125,0.7368421052631579
135,135.0,1.0,290.0,78.0,212.0,26.64,95.0,25.0,70.0,27.0,4781832.0,1280616.0,2320888.0,610760.0,7.0,0.0,51.0,10.0,0.0,1490.0,0.0,5e-05,20000000.0,47818320.0,12806160.0,23208880.0,6107600.0,0.7310344827586207,0.7368421052631579
136,136.0,1.0,320.0,80.0,240.0,26.56,171.0,60.0,111.0,20.0,1942144.0,485536.0,1059832.0,317224.0,4.0,0.0,51.0,10.0,0.0,3120.0,0.0,5e-05,20000000.0,19421440.0,4855360.0,10598320.0,3172240.0,0.75,0.6491228070175439
137,137.0,1.0,160.0,43.0,117.0,25.54,38.0,10.0,28.0,27.0,4616792.0,1241400.0,2258416.0,594320.0,14.0,0.0,51.0,10.0,0.0,3270.0,0.0,5e-05,20000000.0,46167920.0,12414000.0,22584160.0,5943200.0,0.73125,0.7368421052631579
138,138.0,1.0,320.0,80.0,240.0,26.5,304.0,80.0,224.0,27.0,479744.0,119936.0,1361920.0,358400.0,2.0,0.0,51.0,10.0,0.0,1380.0,0.0,5e-05,20000000.0,4797440.0,1199360.0,13619200.0,3584000.0,0.75,0.7368421052631579
139,139.0,1.0,160.0,43.0,117.0,20.14,38.0,10.0,28.0,18.68,3035872.0,836376.0,1337328.0,364048.0,14.0,0.0,51.0,10.0,0.0,2800.0,0.0,5e-05,20000000.0,30358720.0,8363760.0,13373280.0,3640480.0,0.73125,0.7368421052631579
140,140.0,1.0,290.0,82.0,208.0,25.47,95.0,30.0,65.0,23.61,4241032.0,1131528.0,1920064.0,511480.0,7.0,0.0,51.0,10.0,0.0,1810.0,0.0,5e-05,20000000.0,42410320.0,11315280.0,19200640.0,5114800.0,0.7172413793103448,0.6842105263157895
141,141.0,1.0,160.0,43.0,117.0,25.66,38.0,10.0,28.0,25.58,4727576.0,1269096.0,1797872.0,479184.0,14.0,0.0,51.0,10.0,0.0,1770.0,0.0,5e-05,20000000.0,47275760.0,12690960.0,17978720.0,4791840.0,0.73125,0.7368421052631579
142,142.0,1.0,160.0,43.0,117.0,25.76,38.0,10.0,28.0,25.58,4922128.0,1288352.0,1797872.0,479184.0,14.0,0.0,51.0,10.0,0.0,2410.0,0.0,5e-05,20000000.0,49221280.0,12883520.0,17978720.0,4791840.0,0.73125,0.7368421052631579
143,143.0,1.0,290.0,78.0,212.0,21.54,95.0,25.0,70.0,24.21,3468072.0,905096.0,1385080.0,376808.0,7.0,0.0,51.0,10.0,0.0,4700.0,0.0,5e-05,20000000.0,34680720.0,9050960.0,13850800.0,3768080.0,0.7310344827586207,0.7368421052631579
144,144.0,1.0,320.0,80.0,240.0,26.65,304.0,88.0,216.0,25.58,494080.0,123520.0,1222912.0,324736.0,2.0,0.0,51.0,10.0,0.0,2940.0,0.0,5e-05,20000000.0,4940800.0,1235200.0,12229120.0,3247360.0,0.75,0.7105263157894737
145,145.0,1.0,160.0,43.0,117.0,20.31,38.0,10.0,28.0,19.0,2780128.0,772440.0,1346224.0,366272.0,14.0,0.0,51.0,10.0,0.0,4800.0,0.0,5e-05,20000000.0,27801280.0,7724400.0,13462240.0,3662720.0,0.73125,0.7368421052631579
146,146.0,1.0,290.0,78.0,212.0,26.64,95.0,25.0,70.0,27.0,4781832.0,1280616.0,2320888.0,610760.0,7.0,0.0,51.0,10.0,0.0,370.0,0.0,5e-05,20000000.0,47818320.0,12806160.0,23208880.0,6107600.0,0.7310344827586207,0.7368421052631579
147,147.0,1.0,320.0,106.0,214.0,23.92,304.0,93.0,211.0,25.58,419888.0,118696.0,1253320.0,347136.0,2.0,0.0,51.0,10.0,0.0,1880.0,0.0,5e-05,20000000.0,4198880.0,1186960.0,12533200.0,3471360.0,0.66875,0.694078947368421
148,148.0,1.0,320.0,80.0,240.0,26.41,171.0,52.0,119.0,25.58,1880192.0,470048.0,1731728.0,477912.0,4.0,0.0,51.0,10.0,0.0,1180.0,0.0,5e-05,20000000.0,18801920.0,4700480.0,17317280.0,4779120.0,0.75,0.695906432748538
149,149.0,1.0,290.0,78.0,212.0,26.18,95.0,25.0,70.0,27.0,4610632.0,1230064.0,2320888.0,610760.0,7.0,0.0,51.0,10.0,0.0,2440.0,0.0,5e-05,20000000.0,46106320.0,12300640.0,23208880.0,6107600.0,0.7310344827586207,0.7368421052631579
150,150.0,1.0,290.0,84.0,206.0,25.37,95.0,29.0,66.0,25.58,4285832.0,1161464.0,2177344.0,601168.0,7.0,0.0,51.0,10.0,0.0,1390.0,0.0,5e-05,20000000.0,42858320.0,11614640.0,21773440.0,6011680.0,0.7103448275862069,0.6947368421052632
151,151.0,1.0,290.0,79.0,211.0,25.94,95.0,29.0,66.0,25.58,4611112.0,1243024.0,2368176.0,655440.0,7.0,0.0,51.0,10.0,0.0,1370.0,0.0,5e-05,20000000.0,46111120.0,12430240.0,23681760.0,6554400.0,0.7275862068965517,0.6947368421052632
152,152.0,1.0,320.0,96.0,224.0,24.96,304.0,80.0,224.0,27.0,442624.0,118112.0,1361920.0,358400.0,2.0,0.0,51.0,10.0,0.0,2430.0,0.0,5e-05,20000000.0,4426240.0,1181120.0,13619200.0,3584000.0,0.7,0.7368421052631579
153,153.0,1.0,320.0,98.0,222.0,22.72,171.0,55.0,116.0,24.36,1493424.0,409848.0,1716832.0,483664.0,4.0,0.0,51.0,10.0,0.0,2300.0,0.0,5e-05,20000000.0,14934240.0,4098480.0,17168320.0,4836640.0,0.69375,0.6783625730994152
154,154.0,1.0,160.0,44.0,116.0,26.27,38.0,10.0,28.0,27.0,5058368.0,1347752.0,2258416.0,594320.0,14.0,0.0,51.0,10.0,0.0,390.0,0.0,5e-05,20000000.0,50583680.0,13477520.0,22584160.0,5943200.0,0.725,0.7368421052631579
155,155.0,1.0,160.0,43.0,117.0,25.64,38.0,10.0,28.0,25.58,4765424.0,1249176.0,1797872.0,479184.0,14.0,0.0,51.0,10.0,0.0,3540.0,0.0,5e-05,20000000.0,47654240.0,12491760.0,17978720.0,4791840.0,0.73125,0.7368421052631579
156,156.0,1.0,160.0,43.0,117.0,18.8,38.0,10.0,28.0,21.32,2639624.0,737120.0,1337328.0,364048.0,14.0,0.0,51.0,10.0,0.0,4930.0,0.0,5e-05,20000000.0,26396240.0,7371200.0,13373280.0,3640480.0,0.73125,0.7368421052631579
157,157.0,1.0,320.0,80.0,240.0,26.65,304.0,108.0,196.0,21.11,494080.0,123520.0,1001368.0,284016.0,2.0,0.0,51.0,10.0,0.0,3120.0,0.0,5e-05,20000000.0,4940800.0,1235200.0,10013680.0,2840160.0,0.75,0.6447368421052632
158,158.0,1.0,160.0,43.0,117.0,22.54,38.0,10.0,28.0,21.53,3883840.0,1013968.0,1452464.0,364048.0,14.0,0.0,51.0,10.0,0.0,4880.0,0.0,5e-05,20000000.0,38838400.0,10139680.0,14524640.0,3640480.0,0.73125,0.7368421052631579
159,159.0,1.0,160.0,46.0,114.0,25.68,38.0,14.0,24.0,24.16,4999896.0,1331280.0,2028144.0,601776.0,14.0,0.0,51.0,10.0,0.0,200.0,0.0,5e-05,20000000.0,49998960.0,13312800.0,20281440.0,6017760.0,0.7125,0.631578947368421
160,160.0,1.0,320.0,89.0,231.0,23.68,171.0,45.0,126.0,27.0,1577848.0,408576.0,1975848.0,519960.0,4.0,0.0,51.0,10.0,0.0,3640.0,0.0,5e-05,20000000.0,15778480.0,4085760.0,19758480.0,5199600.0,0.721875,0.7368421052631579
161,161.0,1.0,290.0,78.0,212.0,26.41,95.0,25.0,70.0,27.0,4628232.0,1242216.0,2320888.0,610760.0,7.0,0.0,51.0,10.0,0.0,1380.0,0.0,5e-05,20000000.0,46282320.0,12422160.0,23208880.0,6107600.0,0.7310344827586207,0.7368421052631579
162,162.0,1.0,320.0,80.0,240.0,26.65,304.0,103.0,201.0,24.18,494080.0,123520.0,1170784.0,339808.0,2.0,0.0,51.0,10.0,0.0,2170.0,0.0,5e-05,20000000.0,4940800.0,1235200.0,11707840.0,3398080.0,0.75,0.6611842105263158
163,163.0,1.0,320.0,97.0,223.0,19.73,171.0,49.0,122.0,22.43,1106456.0,300016.0,1215512.0,327800.0,4.0,0.0,51.0,10.0,0.0,4810.0,0.0,5e-05,20000000.0,11064560.0,3000160.0,12155120.0,3278000.0,0.696875,0.7134502923976608
164,164.0,1.0,290.0,84.0,206.0,22.11,95.0,26.0,69.0,24.44,3121192.0,857464.0,1653984.0,428280.0,7.0,0.0,51.0,10.0,0.0,2840.0,0.0,5e-05,20000000.0,31211920.0,8574640.0,16539840.0,4282800.0,0.7103448275862069,0.7263157894736842
165,165.0,1.0,160.0,43.0,117.0,25.03,38.0,10.0,28.0,25.58,4605200.0,1189096.0,1797872.0,479184.0,14.0,0.0,51.0,10.0,0.0,3740.0,0.0,5e-05,20000000.0,46052000.0,11890960.0,17978720.0,4791840.0,0.73125,0.7368421052631579
166,166.0,1.0,290.0,78.0,212.0,21.73,95.0,26.0,69.0,21.4,3138312.0,869736.0,1340608.0,376192.0,7.0,0.0,51.0,10.0,0.0,4310.0,0.0,5e-05,20000000.0,31383120.0,8697360.0,13406080.0,3761920.0,0.7310344827586207,0.7263157894736842
167,167.0,1.0,320.0,94.0,226.0,24.17,304.0,80.0,224.0,27.0,421720.0,111552.0,1361920.0,358400.0,2.0,0.0,51.0,10.0,0.0,3640.0,0.0,5e-05,20000000.0,4217200.0,1115520.0,13619200.0,3584000.0,0.70625,0.7368421052631579
168,168.0,1.0,320.0,105.0,215.0,21.92,171.0,54.0,117.0,23.54,1341216.0,386608.0,1406288.0,403368.0,4.0,0.0,51.0,10.0,0.0,2920.0,0.0,5e-05,20000000.0,13412160.0,3866080.0,14062880.0,4033680.0,0.671875,0.6842105263157895
169,169.0,1.0,290.0,78.0,212.0,21.41,95.0,25.0,70.0,22.47,3196712.0,837256.0,1375544.0,374424.0,7.0,0.0,51.0,10.0,0.0,4210.0,0.0,5e-05,20000000.0,31967120.0,8372560.0,13755440.0,3744240.0,0.7310344827586207,0.7368421052631579
170,170.0,1.0,290.0,78.0,212.0,26.45,95.0,25.0,70.0,27.0,4696232.0,1246376.0,2320888.0,610760.0,7.0,0.0,51.0,10.0,0.0,1620.0,0.0,5e-05,20000000.0,46962320.0,12463760.0,23208880.0,6107600.0,0.7310344827586207,0.7368421052631579
171,171.0,1.0,290.0,78.0,212.0,19.99,95.0,25.0,70.0,18.57,2700232.0,751656.0,1375544.0,374424.0,7.0,0.0,51.0,10.0,0.0,4920.0,0.0,5e-05,20000000.0,27002320.0,7516560.0,13755440.0,3744240.0,0.7310344827586207,0.7368421052631579
172,172.0,1.0,320.0,90.0,230.0,23.83,304.0,100.0,204.0,21.11,379912.0,98432.0,897112.0,248176.0,2.0,0.0,51.0,10.0,0.0,4510.0,0.0,5e-05,20000000.0,3799120.0,984320.0,8971120.0,2481760.0,0.71875,0.6710526315789473
173,173.0,1.0,320.0,93.0,227.0,25.3,304.0,80.0,224.0,27.0,453880.0,119528.0,1361920.0,358400.0,2.0,0.0,51.0,10.0,0.0,2320.0,0.0,5e-05,20000000.0,4538800.0,1195280.0,13619200.0,3584000.0,0.709375,0.7368421052631579
174,174.0,1.0,320.0,80.0,240.0,26.48,171.0,52.0,119.0,24.95,1942144.0,485536.0,1575592.0,434136.0,4.0,0.0,51.0,10.0,0.0,2650.0,0.0,5e-05,20000000.0,19421440.0,4855360.0,15755920.0,4341360.0,0.75,0.695906432748538
175,175.0,1.0,290.0,80.0,210.0,21.33,95.0,26.0,69.0,21.62,3367912.0,873112.0,1519968.0,401568.0,7.0,0.0,51.0,10.0,0.0,3040.0,0.0,5e-05,20000000.0,33679120.0,8731120.0,15199680.0,4015680.0,0.7241379310344828,0.7263157894736842
176,176.0,1.0,320.0,80.0,240.0,26.18,171.0,53.0,118.0,24.95,1915904.0,478976.0,1525064.0,429520.0,4.0,0.0,51.0,10.0,0.0,3060.0,0.0,5e-05,20000000.0,19159040.0,4789760.0,15250640.0,4295200.0,0.75,0.6900584795321637
177,177.0,1.0,290.0,82.0,208.0,24.93,95.0,27.0,68.0,23.6,3942952.0,1078408.0,1998832.0,535072.0,7.0,0.0,51.0,10.0,0.0,2510.0,0.0,5e-05,20000000.0,39429520.0,10784080.0,19988320.0,5350720.0,0.7172413793103448,0.7157894736842105
178,178.0,1.0,320.0,88.0,232.0,22.03,171.0,46.0,125.0,24.49,1269920.0,332800.0,1558808.0,414648.0,4.0,0.0,51.0,10.0,0.0,4640.0,0.0,5e-05,20000000.0,12699200.0,3328000.0,15588080.0,4146480.0,0.725,0.7309941520467836
179,179.0,1.0,320.0,97.0,223.0,24.2,171.0,52.0,119.0,25.58,1531136.0,404544.0,1822576.0,496104.0,4.0,0.0,51.0,10.0,0.0,1970.0,0.0,5e-05,20000000.0,15311360.0,4045440.0,18225760.0,4961040.0,0.696875,0.695906432748538
180,180.0,1.0,160.0,45.0,115.0,26.16,38.0,11.0,27.0,25.58,5038944.0,1349496.0,1970576.0,538616.0,14.0,0.0,51.0,10.0,0.0,590.0,0.0,5e-05,20000000.0,50389440.0,13494960.0,19705760.0,5386160.0,0.71875,0.7105263157894737
181,181.0,1.0,320.0,99.0,221.0,20.26,304.0,94.0,210.0,19.89,285560.0,77832.0,808704.0,230688.0,2.0,0.0,51.0,10.0,0.0,4800.0,0.0,5e-05,20000000.0,2855600.0,778320.0,8087040.0,2306880.0,0.690625,0.6907894736842105
182,182.0,1.0,160.0,43.0,117.0,20.73,38.0,10.0,28.0,24.16,3379360.0,848672.0,1913008.0,479184.0,14.0,0.0,51.0,10.0,0.0,3290.0,0.0,5e-05,20000000.0,33793600.0,8486720.0,19130080.0,4791840.0,0.73125,0.7368421052631579
183,183.0,1.0,290.0,78.0,212.0,23.58,95.0,25.0,70.0,20.27,3960072.0,1075176.0,1375544.0,374424.0,7.0,0.0,51.0,10.0,0.0,4020.0,0.0,5e-05,20000000.0,39600720.0,10751760.0,13755440.0,3744240.0,0.7310344827586207,0.7368421052631579
184,184.0,1.0,320.0,80.0,240.0,26.65,304.0,100.0,204.0,22.47,494080.0,123520.0,1001368.0,265552.0,2.0,0.0,51.0,10.0,0.0,3610.0,0.0,5e-05,20000000.0,4940800.0,1235200.0,10013680.0,2655520.0,0.75,0.6710526315789473
185,185.0,1.0,160.0,47.0,113.0,25.66,38.0,10.0,28.0,27.0,5003648.0,1373848.0,2258416.0,594320.0,14.0,0.0,51.0,10.0,0.0,850.0,0.0,5e-05,20000000.0,50036480.0,13738480.0,22584160.0,5943200.0,0.70625,0.7368421052631579
186,186.0,1.0,320.0,109.0,211.0,21.93,304.0,98.0,206.0,22.99,355792.0,104472.0,1010056.0,291344.0,2.0,0.0,51.0,10.0,0.0,4310.0,0.0,5e-05,20000000.0,3557920.0,1044720.0,10100560.0,2913440.0,0.659375,0.6776315789473685
187,187.0,1.0,160.0,43.0,117.0,26.16,38.0,10.0,28.0,27.0,4853784.0,1300648.0,2258416.0,594320.0,14.0,0.0,51.0,10.0,0.0,1270.0,0.0,5e-05,20000000.0,48537840.0,13006480.0,22584160.0,5943200.0,0.73125,0.7368421052631579
188,188.0,1.0,290.0,78.0,212.0,26.59,95.0,25.0,70.0,27.0,4720392.0,1265256.0,2320888.0,610760.0,7.0,0.0,51.0,10.0,0.0,660.0,0.0,5e-05,20000000.0,47203920.0,12652560.0,23208880.0,6107600.0,0.7310344827586207,0.7368421052631579
189,189.0,1.0,160.0,43.0,117.0,25.09,38.0,10.0,28.0,25.58,4447752.0,1189152.0,1797872.0,479184.0,14.0,0.0,51.0,10.0,0.0,3090.0,0.0,5e-05,20000000.0,44477520.0,11891520.0,17978720.0,4791840.0,0.73125,0.7368421052631579
190,190.0,1.0,290.0,81.0,209.0,25.8,95.0,26.0,69.0,25.58,4439432.0,1180320.0,2019808.0,519736.0,7.0,0.0,51.0,10.0,0.0,2230.0,0.0,5e-05,20000000.0,44394320.0,11803200.0,20198080.0,5197360.0,0.7206896551724138,0.7263157894736842
191,191.0,1.0,320.0,90.0,230.0,24.79,304.0,110.0,194.0,20.25,439408.0,114512.0,888424.0,240848.0,2.0,0.0,51.0,10.0,0.0,3600.0,0.0,5e-05,20000000.0,4394080.0,1145120.0,8884240.0,2408480.0,0.71875,0.6381578947368421
192,192.0,1.0,320.0,96.0,224.0,20.4,171.0,57.0,114.0,21.23,1033768.0,280904.0,1170696.0,329664.0,4.0,0.0,51.0,10.0,0.0,4200.0,0.0,5e-05,20000000.0,10337680.0,2809040.0,11706960.0,3296640.0,0.7,0.6666666666666666
193,193.0,1.0,320.0,80.0,240.0,26.5,304.0,95.0,209.0,23.86,479744.0,119936.0,937496.0,270624.0,2.0,0.0,51.0,10.0,0.0,3300.0,0.0,5e-05,20000000.0,4797440.0,1199360.0,9374960.0,2706240.0,0.75,0.6875
194,194.0,1.0,320.0,80.0,240.0,26.48,171.0,51.0,120.0,24.01,1915904.0,478976.0,1469072.0,402776.0,4.0,0.0,51.0,10.0,0.0,3480.0,0.0,5e-05,20000000.0,19159040.0,4789760.0,14690720.0,4027760.0,0.75,0.7017543859649122
195,195.0,1.0,290.0,85.0,205.0,25.06,95.0,34.0,61.0,22.52,4148392.0,1115072.0,1956760.0,527720.0,7.0,0.0,51.0,10.0,0.0,1600.0,0.0,5e-05,20000000.0,41483920.0,11150720.0,19567600.0,5277200.0,0.7068965517241379,0.6421052631578947
196,196.0,1.0,160.0,46.0,114.0,25.32,38.0,10.0,28.0,27.0,4709344.0,1253648.0,2258416.0,594320.0,14.0,0.0,51.0,10.0,0.0,790.0,0.0,5e-05,20000000.0,47093440.0,12536480.0,22584160.0,5943200.0,0.7125,0.7368421052631579
197,197.0,1.0,320.0,91.0,229.0,21.37,171.0,51.0,120.0,23.22,1191824.0,308960.0,1481696.0,398024.0,4.0,0.0,51.0,10.0,0.0,4540.0,0.0,5e-05,20000000.0,11918240.0,3089600.0,14816960.0,3980240.0,0.715625,0.7017543859649122
198,198.0,1.0,320.0,87.0,233.0,22.76,171.0,59.0,112.0,19.61,1340432.0,347384.0,890440.0,250776.0,4.0,0.0,51.0,10.0,0.0,4400.0,0.0,5e-05,20000000.0,13404320.0,3473840.0,8904400.0,2507760.0,0.728125,0.6549707602339181
199,199.0,1.0,320.0,105.0,215.0,21.96,304.0,103.0,201.0,21.37,368432.0,104160.0,931864.0,257272.0,2.0,0.0,51.0,10.0,0.0,4380.0,0.0,5e-05,20000000.0,3684320.0,1041600.0,9318640.0,2572720.0,0.671875,0.6611842105263158
200,200.0,1.0,160.0,43.0,117.0,19.21,38.0,10.0,28.0,14.47,2814688.0,756280.0,70832.0,18640.0,14.0,0.0,51.0,10.0,0.0,4720.0,0.0,5e-05,20000000.0,28146880.0,7562800.0,708320.0,186400.0,0.73125,0.7368421052631579
201,201.0,1.0,320.0,80.0,240.0,26.6,304.0,93.0,211.0,25.58,487424.0,121856.0,1253320.0,347136.0,2.0,0.0,51.0,10.0,0.0,1770.0,0.0,5e-05,20000000.0,4874240.0,1218560.0,12533200.0,3471360.0,0.75,0.694078947368421
202,202.0,1.0,290.0,78.0,212.0,25.47,95.0,27.0,68.0,24.79,4302472.0,1160776.0,2102096.0,574016.0,7.0,0.0,51.0,10.0,0.0,3180.0,0.0,5e-05,20000000.0,43024720.0,11607760.0,21020960.0,5740160.0,0.7310344827586207,0.7157894736842105
203,203.0,1.0,160.0,44.0,116.0,25.99,38.0,10.0,28.0,27.0,4973928.0,1341624.0,2258416.0,594320.0,14.0,0.0,51.0,10.0,0.0,1220.0,0.0,5e-05,20000000.0,49739280.0,13416240.0,22584160.0,5943200.0,0.725,0.7368421052631579
204,204.0,1.0,160.0,44.0,116.0,25.94,38.0,10.0,28.0,27.0,4880632.0,1270152.0,2258416.0,594320.0,14.0,0.0,51.0,10.0,0.0,1080.0,0.0,5e-05,20000000.0,48806320.0,12701520.0,22584160.0,5943200.0,0.725,0.7368421052631579
205,205.0,1.0,320.0,105.0,215.0,22.34,304.0,88.0,216.0,24.92,331448.0,94512.0,1188160.0,324736.0,2.0,0.0,51.0,10.0,0.0,3470.0,0.0,5e-05,20000000.0,3314480.0,945120.0,11881600.0,3247360.0,0.671875,0.7105263157894737
206,206.0,1.0,320.0,92.0,228.0,23.88,171.0,48.0,123.0,24.79,1375448.0,352568.0,1473712.0,388336.0,4.0,0.0,51.0,10.0,0.0,3950.0,0.0,5e-05,20000000.0,13754480.0,3525680.0,14737120.0,3883360.0,0.7125,0.7192982456140351
207,207.0,1.0,160.0,43.0,117.0,21.99,38.0,10.0,28.0,21.32,3560744.0,933000.0,991920.0,248912.0,14.0,0.0,51.0,10.0,0.0,3070.0,0.0,5e-05,20000000.0,35607440.0,9330000.0,9919200.0,2489120.0,0.73125,0.7368421052631579
208,208.0,1.0,290.0,80.0,210.0,25.61,95.0,25.0,70.0,27.0,4131272.0,1128152.0,2320888.0,610760.0,7.0,0.0,51.0,10.0,0.0,2070.0,0.0,5e-05,20000000.0,41312720.0,11281520.0,23208880.0,6107600.0,0.7241379310344828,0.7368421052631579
209,209.0,1.0,290.0,78.0,212.0,26.4,95.0,25.0,70.0,27.0,4703272.0,1248136.0,2320888.0,610760.0,7.0,0.0,51.0,10.0,0.0,870.0,0.0,5e-05,20000000.0,47032720.0,12481360.0,23208880.0,6107600.0,0.7310344827586207,0.7368421052631579
210,210.0,1.0,320.0,103.0,217.0,21.83,304.0,96.0,208.0,24.08,355568.0,100816.0,1066528.0,304104.0,2.0,0.0,51.0,10.0,0.0,4420.0,0.0,5e-05,20000000.0,3555680.0,1008160.0,10665280.0,3041040.0,0.678125,0.6842105263157895
211,211.0,1.0,290.0,78.0,212.0,26.14,95.0,25.0,70.0,25.63,4382472.0,1180776.0,1857752.0,494976.0,7.0,0.0,51.0,10.0,0.0,1100.0,0.0,5e-05,20000000.0,43824720.0,11807760.0,18577520.0,4949760.0,0.7310344827586207,0.7368421052631579
212,212.0,1.0,160.0,45.0,115.0,23.94,38.0,10.0,28.0,22.74,4217544.0,1153480.0,1337328.0,364048.0,14.0,0.0,51.0,10.0,0.0,2340.0,0.0,5e-05,20000000.0,42175440.0,11534800.0,13373280.0,3640480.0,0.71875,0.7368421052631579
213,213.0,1.0,320.0,92.0,228.0,24.86,171.0,55.0,116.0,23.74,1729232.0,457248.0,1624528.0,443936.0,4.0,0.0,51.0,10.0,0.0,1750.0,0.0,5e-05,20000000.0,17292320.0,4572480.0,16245280.0,4439360.0,0.7125,0.6783625730994152
214,214.0,1.0,290.0,78.0,212.0,26.48,95.0,25.0,70.0,27.0,4628232.0,1242216.0,2320888.0,610760.0,7.0,0.0,51.0,10.0,0.0,70.0,0.0,5e-05,20000000.0,46282320.0,12422160.0,23208880.0,6107600.0,0.7310344827586207,0.7368421052631579
215,215.0,1.0,320.0,106.0,214.0,23.12,304.0,102.0,202.0,24.16,378304.0,105888.0,1101280.0,317952.0,2.0,0.0,51.0,10.0,0.0,3100.0,0.0,5e-05,20000000.0,3783040.0,1058880.0,11012800.0,3179520.0,0.66875,0.6644736842105263
216,216.0,1.0,320.0,80.0,240.0,26.41,171.0,52.0,119.0,25.58,1880192.0,470048.0,1769000.0,487008.0,4.0,0.0,51.0,10.0,0.0,1210.0,0.0,5e-05,20000000.0,18801920.0,4700480.0,17690000.0,4870080.0,0.75,0.695906432748538
217,217.0,1.0,320.0,96.0,224.0,24.28,171.0,51.0,120.0,25.58,1505632.0,397672.0,1796288.0,482528.0,4.0,0.0,51.0,10.0,0.0,1940.0,0.0,5e-05,20000000.0,15056320.0,3976720.0,17962880.0,4825280.0,0.7,0.7017543859649122
218,218.0,1.0,290.0,78.0,212.0,18.49,95.0,25.0,70.0,15.12,2111112.0,578696.0,75696.0,19920.0,7.0,0.0,51.0,10.0,0.0,4720.0,0.0,5e-05,20000000.0,21111120.0,5786960.0,756960.0,199200.0,0.7310344827586207,0.7368421052631579
219,219.0,1.0,320.0,96.0,224.0,24.62,304.0,80.0,224.0,27.0,442624.0,118112.0,1361920.0,358400.0,2.0,0.0,51.0,10.0,0.0,2150.0,0.0,5e-05,20000000.0,4426240.0,1181120.0,13619200.0,3584000.0,0.7,0.7368421052631579
220,220.0,1.0,320.0,80.0,240.0,26.48,171.0,45.0,126.0,27.0,1915904.0,478976.0,1975848.0,519960.0,4.0,0.0,51.0,10.0,0.0,120.0,0.0,5e-05,20000000.0,19159040.0,4789760.0,19758480.0,5199600.0,0.75,0.7368421052631579
221,221.0,1.0,320.0,100.0,220.0,20.7,171.0,49.0,122.0,22.68,1108264.0,308208.0,1415960.0,379760.0,4.0,0.0,51.0,10.0,0.0,3530.0,0.0,5e-05,20000000.0,11082640.0,3082080.0,14159600.0,3797600.0,0.6875,0.7134502923976608
222,222.0,1.0,290.0,89.0,201.0,24.24,95.0,28.0,67.0,25.58,3984232.0,1137184.0,2126592.0,587592.0,7.0,0.0,51.0,10.0,0.0,1880.0,0.0,5e-05,20000000.0,39842320.0,11371840.0,21265920.0,5875920.0,0.6931034482758621,0.7052631578947368
223,223.0,1.0,160.0,43.0,117.0,26.65,38.0,10.0,28.0,27.0,5355000.0,1425952.0,2258416.0,594320.0,14.0,0.0,51.0,10.0,0.0,210.0,0.0,5e-05,20000000.0,53550000.0,14259520.0,22584160.0,5943200.0,0.73125,0.7368421052631579
224,224.0,1.0,320.0,80.0,240.0,26.56,171.0,45.0,126.0,27.0,1942144.0,485536.0,1975848.0,519960.0,4.0,0.0,51.0,10.0,0.0,330.0,0.0,5e-05,20000000.0,19421440.0,4855360.0,19758480.0,5199600.0,0.75,0.7368421052631579
225,225.0,1.0,320.0,80.0,240.0,26.56,171.0,54.0,117.0,25.58,1942144.0,485536.0,1875152.0,523256.0,4.0,0.0,51.0,10.0,0.0,300.0,0.0,5e-05,20000000.0,19421440.0,4855360.0,18751520.0,5232560.0,0.75,0.6842105263157895
226,226.0,1.0,320.0,87.0,233.0,24.15,304.0,91.0,213.0,23.75,418280.0,107832.0,1027432.0,277360.0,2.0,0.0,51.0,10.0,0.0,4690.0,0.0,5e-05,20000000.0,4182800.0,1078320.0,10274320.0,2773600.0,0.728125,0.7006578947368421
227,227.0,1.0,160.0,43.0,117.0,21.79,38.0,10.0,28.0,24.16,3606344.0,934800.0,1913008.0,479184.0,14.0,0.0,51.0,10.0,0.0,4850.0,0.0,5e-05,20000000.0,36063440.0,9348000.0,19130080.0,4791840.0,0.73125,0.7368421052631579
228,228.0,1.0,320.0,80.0,240.0,26.6,304.0,80.0,224.0,27.0,487424.0,121856.0,1361920.0,358400.0,2.0,0.0,51.0,10.0,0.0,980.0,0.0,5e-05,20000000.0,4874240.0,1218560.0,13619200.0,3584000.0,0.75,0.7368421052631579
229,229.0,1.0,290.0,78.0,212.0,20.19,95.0,25.0,70.0,19.03,2615240.0,730408.0,1385080.0,376808.0,7.0,0.0,51.0,10.0,0.0,4800.0,0.0,5e-05,20000000.0,26152400.0,7304080.0,13850800.0,3768080.0,0.7310344827586207,0.7368421052631579
230,230.0,1.0,320.0,83.0,237.0,23.28,171.0,48.0,123.0,24.08,1530872.0,387592.0,1403400.0,374192.0,4.0,0.0,51.0,10.0,0.0,4820.0,0.0,5e-05,20000000.0,15308720.0,3875920.0,14034000.0,3741920.0,0.740625,0.7192982456140351
231,231.0,1.0,290.0,85.0,205.0,24.16,95.0,28.0,67.0,25.01,3942952.0,1063712.0,2126592.0,587592.0,7.0,0.0,51.0,10.0,0.0,2090.0,0.0,5e-05,20000000.0,39429520.0,10637120.0,21265920.0,5875920.0,0.7068965517241379,0.7052631578947368
232,232.0,1.0,320.0,80.0,240.0,26.65,304.0,101.0,203.0,22.17,494080.0,123520.0,953584.0,252656.0,2.0,0.0,51.0,10.0,0.0,3920.0,0.0,5e-05,20000000.0,4940800.0,1235200.0,9535840.0,2526560.0,0.75,0.6677631578947368
233,233.0,1.0,290.0,83.0,207.0,24.47,95.0,27.0,68.0,25.58,4052712.0,1080976.0,2209272.0,601152.0,7.0,0.0,51.0,10.0,0.0,2030.0,0.0,5e-05,20000000.0,40527120.0,10809760.0,22092720.0,6011520.0,0.7137931034482758,0.7157894736842105
234,234.0,1.0,160.0,46.0,114.0,25.68,38.0,14.0,24.0,23.45,5117424.0,1331280.0,1797872.0,544208.0,14.0,0.0,51.0,10.0,0.0,500.0,0.0,5e-05,20000000.0,51174240.0,13312800.0,17978720.0,5442080.0,0.7125,0.631578947368421
235,235.0,1.0,320.0,91.0,229.0,25.3,304.0,98.0,206.0,23.29,444232.0,116184.0,1083904.0,291344.0,2.0,0.0,51.0,10.0,0.0,2510.0,0.0,5e-05,20000000.0,4442320.0,1161840.0,10839040.0,2913440.0,0.715625,0.6776315789473685
236,236.0,1.0,320.0,83.0,237.0,23.86,171.0,45.0,126.0,27.0,1117656.0,284288.0,1975848.0,519960.0,4.0,0.0,51.0,10.0,0.0,4870.0,0.0,5e-05,20000000.0,11176560.0,2842880.0,19758480.0,5199600.0,0.740625,0.7368421052631579
237,237.0,1.0,320.0,90.0,230.0,25.3,304.0,80.0,224.0,27.0,439408.0,114512.0,1361920.0,358400.0,2.0,0.0,51.0,10.0,0.0,3580.0,0.0,5e-05,20000000.0,4394080.0,1145120.0,13619200.0,3584000.0,0.71875,0.7368421052631579
238,238.0,1.0,320.0,80.0,240.0,26.65,304.0,80.0,224.0,27.0,494080.0,123520.0,1361920.0,358400.0,2.0,0.0,51.0,10.0,0.0,370.0,0.0,5e-05,20000000.0,4940800.0,1235200.0,13619200.0,3584000.0,0.75,0.7368421052631579
239,239.0,1.0,320.0,80.0,240.0,26.65,304.0,95.0,209.0,25.58,494080.0,123520.0,1283728.0,356096.0,2.0,0.0,51.0,10.0,0.0,420.0,0.0,5e-05,20000000.0,4940800.0,1235200.0,12837280.0,3560960.0,0.75,0.6875
240,240.0,1.0,160.0,43.0,117.0,25.81,38.0,10.0,28.0,27.0,4961304.0,1327528.0,2258416.0,594320.0,14.0,0.0,51.0,10.0,0.0,2220.0,0.0,5e-05,20000000.0,49613040.0,13275280.0,22584160.0,5943200.0,0.73125,0.7368421052631579
241,241.0,1.0,320.0,80.0,240.0,26.48,171.0,61.0,110.0,23.84,1915904.0,478976.0,1579048.0,467768.0,4.0,0.0,51.0,10.0,0.0,1120.0,0.0,5e-05,20000000.0,19159040.0,4789760.0,15790480.0,4677680.0,0.75,0.6432748538011696
242,242.0,1.0,320.0,80.0,240.0,26.48,171.0,45.0,126.0,27.0,1915904.0,478976.0,1975848.0,519960.0,4.0,0.0,51.0,10.0,0.0,770.0,0.0,5e-05,20000000.0,19159040.0,4789760.0,19758480.0,5199600.0,0.75,0.7368421052631579
243,243.0,1.0,320.0,88.0,232.0,24.84,171.0,51.0,120.0,23.7,1690864.0,437520.0,1382752.0,362344.0,4.0,0.0,51.0,10.0,0.0,2730.0,0.0,5e-05,20000000.0,16908640.0,4375200.0,13827520.0,3623440.0,0.725,0.7017543859649122
244,244.0,1.0,320.0,107.0,213.0,22.24,171.0,57.0,114.0,23.68,1522552.0,436248.0,1357872.0,400320.0,4.0,0.0,51.0,10.0,0.0,2340.0,0.0,5e-05,20000000.0,15225520.0,4362480.0,13578720.0,4003200.0,0.665625,0.6666666666666666
245,245.0,1.0,320.0,97.0,223.0,23.58,304.0,95.0,209.0,18.64,373256.0,97216.0,828896.0,222840.0,2.0,0.0,51.0,10.0,0.0,3800.0,0.0,5e-05,20000000.0,3732560.0,972160.0,8288960.0,2228400.0,0.696875,0.6875
246,246.0,1.0,160.0,43.0,117.0,25.55,38.0,10.0,28.0,27.0,4491192.0,1210000.0,2258416.0,594320.0,14.0,0.0,51.0,10.0,0.0,2850.0,0.0,5e-05,20000000.0,44911920.0,12100000.0,22584160.0,5943200.0,0.73125,0.7368421052631579
247,247.0,1.0,290.0,80.0,210.0,25.84,95.0,27.0,68.0,25.58,4497832.0,1181272.0,2102096.0,574016.0,7.0,0.0,51.0,10.0,0.0,1770.0,0.0,5e-05,20000000.0,44978320.0,11812720.0,21020960.0,5740160.0,0.7241379310344828,0.7157894736842105
248,248.0,1.0,160.0,43.0,117.0,26.45,38.0,10.0,28.0,27.0,5277976.0,1406696.0,2258416.0,594320.0,14.0,0.0,51.0,10.0,0.0,1850.0,0.0,5e-05,20000000.0,52779760.0,14066960.0,22584160.0,5943200.0,0.73125,0.7368421052631579
249,249.0,1.0,290.0,79.0,211.0,25.88,95.0,25.0,70.0,27.0,4337192.0,1174544.0,2320888.0,610760.0,7.0,0.0,51.0,10.0,0.0,3270.0,0.0,5e-05,20000000.0,43371920.0,11745440.0,23208880.0,6107600.0,0.7275862068965517,0.7368421052631579
250,250.0,1.0,290.0,79.0,211.0,26.44,95.0,25.0,70.0,27.0,4703272.0,1266064.0,2320888.0,610760.0,7.0,0.0,51.0,10.0,0.0,880.0,0.0,5e-05,20000000.0,47032720.0,12660640.0,23208880.0,6107600.0,0.7275862068965517,0.7368421052631579
251,251.0,1.0,320.0,80.0,240.0,26.48,171.0,53.0,118.0,24.0,1915904.0,478976.0,1557808.0,403640.0,4.0,0.0,51.0,10.0,0.0,1830.0,0.0,5e-05,20000000.0,19159040.0,4789760.0,15578080.0,4036400.0,0.75,0.6900584795321637
252,252.0,1.0,290.0,80.0,210.0,25.75,95.0,28.0,67.0,24.44,4480712.0,1164152.0,1995704.0,522392.0,7.0,0.0,51.0,10.0,0.0,1830.0,0.0,5e-05,20000000.0,44807120.0,11641520.0,19957040.0,5223920.0,0.7241379310344828,0.7052631578947368
253,253.0,1.0,320.0,90.0,230.0,25.12,171.0,45.0,126.0,27.0,1693128.0,440864.0,1975848.0,519960.0,4.0,0.0,51.0,10.0,0.0,2320.0,0.0,5e-05,20000000.0,16931280.0,4408640.0,19758480.0,5199600.0,0.71875,0.7368421052631579
254,254.0,1.0,320.0,100.0,220.0,19.47,304.0,112.0,192.0,18.87,280144.0,78552.0,779824.0,232432.0,2.0,0.0,51.0,10.0,0.0,4750.0,0.0,5e-05,20000000.0,2801440.0,785520.0,7798240.0,2324320.0,0.6875,0.631578947368421
255,255.0,1.0,320.0,104.0,216.0,23.25,304.0,107.0,197.0,22.51,426544.0,117016.0,1057840.0,283880.0,2.0,0.0,51.0,10.0,0.0,2390.0,0.0,5e-05,20000000.0,4265440.0,1170160.0,10578400.0,2838800.0,0.675,0.6480263157894737
256,256.0,1.0,320.0,80.0,240.0,26.56,171.0,52.0,119.0,25.58,1942144.0,485536.0,1732616.0,477912.0,4.0,0.0,51.0,10.0,0.0,1590.0,0.0,5e-05,20000000.0,19421440.0,4855360.0,17326160.0,4779120.0,0.75,0.695906432748538
257,257.0,1.0,290.0,79.0,211.0,25.95,95.0,28.0,67.0,25.58,4566312.0,1231824.0,2288040.0,628296.0,7.0,0.0,51.0,10.0,0.0,1020.0,0.0,5e-05,20000000.0,45663120.0,12318240.0,22880400.0,6282960.0,0.7275862068965517,0.7052631578947368
258,258.0,1.0,320.0,80.0,240.0,26.48,171.0,52.0,119.0,25.58,1915904.0,478976.0,1768112.0,487008.0,4.0,0.0,51.0,10.0,0.0,1960.0,0.0,5e-05,20000000.0,19159040.0,4789760.0,17681120.0,4870080.0,0.75,0.695906432748538
259,259.0,1.0,290.0,80.0,210.0,20.49,95.0,30.0,65.0,19.17,2744552.0,768632.0,1524856.0,432712.0,7.0,0.0,51.0,10.0,0.0,2800.0,0.0,5e-05,20000000.0,27445520.0,7686320.0,15248560.0,4327120.0,0.7241379310344828,0.6842105263157895
260,260.0,1.0,320.0,97.0,223.0,19.99,304.0,101.0,203.0,19.04,320416.0,84408.0,684256.0,187496.0,2.0,0.0,51.0,10.0,0.0,4730.0,0.0,5e-05,20000000.0,3204160.0,844080.0,6842560.0,1874960.0,0.696875,0.6677631578947368
261,261.0,1.0,320.0,98.0,222.0,23.75,171.0,54.0,117.0,24.63,1410072.0,373000.0,1637672.0,443800.0,4.0,0.0,51.0,10.0,0.0,2250.0,0.0,5e-05,20000000.0,14100720.0,3730000.0,16376720.0,4438000.0,0.69375,0.6842105263157895
262,262.0,1.0,290.0,78.0,212.0,25.56,95.0,25.0,70.0,27.0,4104072.0,1111176.0,2320888.0,610760.0,7.0,0.0,51.0,10.0,0.0,3430.0,0.0,5e-05,20000000.0,41040720.0,11111760.0,23208880.0,6107600.0,0.7310344827586207,0.7368421052631579
263,263.0,1.0,320.0,101.0,219.0,23.38,171.0,48.0,123.0,25.58,1477280.0,407024.0,1564904.0,423608.0,4.0,0.0,51.0,10.0,0.0,2610.0,0.0,5e-05,20000000.0,14772800.0,4070240.0,15649040.0,4236080.0,0.684375,0.7192982456140351
264,264.0,1.0,290.0,83.0,207.0,26.03,95.0,29.0,66.0,25.58,4566312.0,1252176.0,2259632.0,628304.0,7.0,0.0,51.0,10.0,0.0,590.0,0.0,5e-05,20000000.0,45663120.0,12521760.0,22596320.0,6283040.0,0.7137931034482758,0.6947368421052632
265,265.0,1.0,320.0,80.0,240.0,26.65,304.0,80.0,224.0,27.0,494080.0,123520.0,1361920.0,358400.0,2.0,0.0,51.0,10.0,0.0,3860.0,0.0,5e-05,20000000.0,4940800.0,1235200.0,13619200.0,3584000.0,0.75,0.7368421052631579
266,266.0,1.0,320.0,89.0,231.0,22.22,171.0,45.0,126.0,27.0,1179440.0,303632.0,1975848.0,519960.0,4.0,0.0,51.0,10.0,0.0,4560.0,0.0,5e-05,20000000.0,11794400.0,3036320.0,19758480.0,5199600.0,0.721875,0.7368421052631579
267,267.0,1.0,290.0,78.0,212.0,24.26,95.0,25.0,70.0,25.58,3556232.0,974216.0,1848216.0,492592.0,7.0,0.0,51.0,10.0,0.0,3820.0,0.0,5e-05,20000000.0,35562320.0,9742160.0,18482160.0,4925920.0,0.7310344827586207,0.7368421052631579
268,268.0,1.0,320.0,90.0,230.0,24.68,304.0,94.0,210.0,22.6,432976.0,114512.0,992680.0,269080.0,2.0,0.0,51.0,10.0,0.0,4830.0,0.0,5e-05,20000000.0,4329760.0,1145120.0,9926800.0,2690800.0,0.71875,0.6907894736842105
269,269.0,1.0,290.0,78.0,212.0,23.03,95.0,25.0,70.0,23.04,3265192.0,888616.0,1375544.0,374424.0,7.0,0.0,51.0,10.0,0.0,4250.0,0.0,5e-05,20000000.0,32651920.0,8886160.0,13755440.0,3744240.0,0.7310344827586207,0.7368421052631579
270,270.0,1.0,160.0,43.0,117.0,23.08,38.0,10.0,28.0,22.74,3418536.0,887848.0,1452464.0,364048.0,14.0,0.0,51.0,10.0,0.0,3260.0,0.0,5e-05,20000000.0,34185360.0,8878480.0,14524640.0,3640480.0,0.73125,0.7368421052631579
271,271.0,1.0,290.0,78.0,212.0,22.01,95.0,25.0,70.0,22.76,3207272.0,865576.0,1375544.0,374424.0,7.0,0.0,51.0,10.0,0.0,4090.0,0.0,5e-05,20000000.0,32072720.0,8655760.0,13755440.0,3744240.0,0.7310344827586207,0.7368421052631579
272,272.0,1.0,320.0,80.0,240.0,26.48,171.0,45.0,126.0,27.0,1915904.0,478976.0,1975848.0,519960.0,4.0,0.0,51.0,10.0,0.0,150.0,0.0,5e-05,20000000.0,19159040.0,4789760.0,19758480.0,5199600.0,0.75,0.7368421052631579
273,273.0,1.0,320.0,97.0,223.0,23.53,304.0,96.0,208.0,23.62,371872.0,95664.0,1053496.0,273696.0,2.0,0.0,51.0,10.0,0.0,3950.0,0.0,5e-05,20000000.0,3718720.0,956640.0,10534960.0,2736960.0,0.696875,0.6842105263157895
274,274.0,1.0,290.0,81.0,209.0,24.22,95.0,27.0,68.0,24.46,3813032.0,1010880.0,1865792.0,495248.0,7.0,0.0,51.0,10.0,0.0,2950.0,0.0,5e-05,20000000.0,38130320.0,10108800.0,18657920.0,4952480.0,0.7206896551724138,0.7157894736842105
275,275.0,1.0,320.0,109.0,211.0,22.71,304.0,96.0,208.0,24.2,400816.0,110904.0,1166440.0,317136.0,2.0,0.0,51.0,10.0,0.0,2540.0,0.0,5e-05,20000000.0,4008160.0,1109040.0,11664400.0,3171360.0,0.659375,0.6842105263157895
276,276.0,1.0,320.0,80.0,240.0,26.28,171.0,45.0,126.0,27.0,1880192.0,470048.0,1975848.0,519960.0,4.0,0.0,51.0,10.0,0.0,1380.0,0.0,5e-05,20000000.0,18801920.0,4700480.0,19758480.0,5199600.0,0.75,0.7368421052631579
277,277.0,1.0,290.0,78.0,212.0,26.64,95.0,25.0,70.0,27.0,4781832.0,1280616.0,2320888.0,610760.0,7.0,0.0,51.0,10.0,0.0,410.0,0.0,5e-05,20000000.0,47818320.0,12806160.0,23208880.0,6107600.0,0.7310344827586207,0.7368421052631579
278,278.0,1.0,320.0,95.0,225.0,24.3,171.0,45.0,126.0,27.0,1628512.0,434208.0,1975848.0,519960.0,4.0,0.0,51.0,10.0,0.0,2150.0,0.0,5e-05,20000000.0,16285120.0,4342080.0,19758480.0,5199600.0,0.703125,0.7368421052631579
279,279.0,1.0,160.0,43.0,117.0,21.22,38.0,10.0,28.0,19.95,3330176.0,875552.0,991920.0,248912.0,14.0,0.0,51.0,10.0,0.0,2360.0,0.0,5e-05,20000000.0,33301760.0,8755520.0,9919200.0,2489120.0,0.73125,0.7368421052631579
280,280.0,1.0,320.0,80.0,240.0,26.3,304.0,96.0,208.0,22.35,494080.0,123520.0,966616.0,265008.0,2.0,0.0,51.0,10.0,0.0,4050.0,0.0,5e-05,20000000.0,4940800.0,1235200.0,9666160.0,2650080.0,0.75,0.6842105263157895
281,281.0,1.0,160.0,43.0,117.0,26.16,38.0,10.0,28.0,27.0,4964568.0,1328344.0,2258416.0,594320.0,14.0,0.0,51.0,10.0,0.0,1930.0,0.0,5e-05,20000000.0,49645680.0,13283440.0,22584160.0,5943200.0,0.73125,0.7368421052631579
282,282.0,1.0,160.0,44.0,116.0,26.33,38.0,10.0,28.0,27.0,5131504.0,1381672.0,2258416.0,594320.0,14.0,0.0,51.0,10.0,0.0,80.0,0.0,5e-05,20000000.0,51315040.0,13816720.0,22584160.0,5943200.0,0.725,0.7368421052631579
283,283.0,1.0,290.0,79.0,211.0,26.31,95.0,25.0,70.0,27.0,4617672.0,1231824.0,2320888.0,610760.0,7.0,0.0,51.0,10.0,0.0,1780.0,0.0,5e-05,20000000.0,46176720.0,12318240.0,23208880.0,6107600.0,0.7275862068965517,0.7368421052631579
284,284.0,1.0,320.0,91.0,229.0,24.5,171.0,55.0,116.0,22.77,1666232.0,449016.0,1394664.0,377624.0,4.0,0.0,51.0,10.0,0.0,2950.0,0.0,5e-05,20000000.0,16662320.0,4490160.0,13946640.0,3776240.0,0.715625,0.6783625730994152
285,285.0,1.0,320.0,91.0,229.0,23.84,171.0,48.0,123.0,25.58,1514880.0,398800.0,1637672.0,441800.0,4.0,0.0,51.0,10.0,0.0,3090.0,0.0,5e-05,20000000.0,15148800.0,3988000.0,16376720.0,4418000.0,0.715625,0.7192982456140351
286,286.0,1.0,320.0,94.0,226.0,24.01,304.0,90.0,214.0,22.82,399344.0,106360.0,1040464.0,281568.0,2.0,0.0,51.0,10.0,0.0,3320.0,0.0,5e-05,20000000.0,3993440.0,1063600.0,10404640.0,2815680.0,0.70625,0.7039473684210527
287,287.0,1.0,160.0,43.0,117.0,26.33,38.0,10.0,28.0,27.0,5121272.0,1367520.0,2258416.0,594320.0,14.0,0.0,51.0,10.0,0.0,1780.0,0.0,5e-05,20000000.0,51212720.0,13675200.0,22584160.0,5943200.0,0.73125,0.7368421052631579
288,288.0,1.0,290.0,78.0,212.0,24.49,95.0,26.0,69.0,24.22,4080392.0,1071016.0,2025088.0,534184.0,7.0,0.0,51.0,10.0,0.0,4820.0,0.0,5e-05,20000000.0,40803920.0,10710160.0,20250880.0,5341840.0,0.7310344827586207,0.7263157894736842
289,289.0,1.0,160.0,43.0,117.0,24.52,38.0,10.0,28.0,25.63,4416952.0,1191440.0,1806768.0,481408.0,14.0,0.0,51.0,10.0,0.0,2900.0,0.0,5e-05,20000000.0,44169520.0,11914400.0,18067680.0,4814080.0,0.73125,0.7368421052631579
290,290.0,1.0,320.0,94.0,226.0,25.25,304.0,80.0,224.0,27.0,452048.0,119536.0,1361920.0,358400.0,2.0,0.0,51.0,10.0,0.0,1090.0,0.0,5e-05,20000000.0,4520480.0,1195360.0,13619200.0,3584000.0,0.70625,0.7368421052631579
291,291.0,1.0,160.0,43.0,117.0,25.5,38.0,10.0,28.0,27.0,4605200.0,1189096.0,2258416.0,594320.0,14.0,0.0,51.0,10.0,0.0,3790.0,0.0,5e-05,20000000.0,46052000.0,11890960.0,22584160.0,5943200.0,0.73125,0.7368421052631579
292,292.0,1.0,160.0,43.0,117.0,23.72,38.0,10.0,28.0,27.0,3833272.0,1045520.0,2258416.0,594320.0,14.0,0.0,51.0,10.0,0.0,4560.0,0.0,5e-05,20000000.0,38332720.0,10455200.0,22584160.0,5943200.0,0.73125,0.7368421052631579
293,293.0,1.0,320.0,80.0,240.0,25.86,171.0,56.0,115.0,22.58,1942144.0,485536.0,1192096.0,315088.0,4.0,0.0,51.0,10.0,0.0,2380.0,0.0,5e-05,20000000.0,19421440.0,4855360.0,11920960.0,3150880.0,0.75,0.672514619883041
294,294.0,1.0,320.0,80.0,240.0,26.5,171.0,53.0,118.0,25.58,1915904.0,478976.0,1771160.0,491488.0,4.0,0.0,51.0,10.0,0.0,590.0,0.0,5e-05,20000000.0,19159040.0,4789760.0,17711600.0,4914880.0,0.75,0.6900584795321637
295,295.0,1.0,160.0,46.0,114.0,26.1,38.0,10.0,28.0,27.0,5196648.0,1410504.0,2258416.0,594320.0,14.0,0.0,51.0,10.0,0.0,430.0,0.0,5e-05,20000000.0,51966480.0,14105040.0,22584160.0,5943200.0,0.7125,0.7368421052631579
296,296.0,1.0,320.0,105.0,215.0,22.94,304.0,98.0,206.0,22.97,389336.0,108984.0,1010056.0,278312.0,2.0,0.0,51.0,10.0,0.0,3050.0,0.0,5e-05,20000000.0,3893360.0,1089840.0,10100560.0,2783120.0,0.671875,0.6776315789473685
297,297.0,1.0,320.0,80.0,240.0,24.0,304.0,80.0,224.0,27.0,392704.0,98176.0,1361920.0,358400.0,2.0,0.0,51.0,10.0,0.0,3570.0,0.0,5e-05,20000000.0,3927040.0,981760.0,13619200.0,3584000.0,0.75,0.7368421052631579
298,298.0,1.0,320.0,80.0,240.0,26.65,304.0,105.0,199.0,23.36,494080.0,123520.0,1118656.0,292296.0,2.0,0.0,51.0,10.0,0.0,1510.0,0.0,5e-05,20000000.0,4940800.0,1235200.0,11186560.0,2922960.0,0.75,0.6546052631578947
299,299.0,1.0,320.0,105.0,215.0,23.64,304.0,98.0,206.0,25.05,421720.0,117080.0,1257664.0,352160.0,2.0,0.0,51.0,10.0,0.0,1700.0,0.0,5e-05,20000000.0,4217200.0,1170800.0,12576640.0,3521600.0,0.671875,0.6776315789473685
300,300.0,1.0,320.0,90.0,230.0,24.32,171.0,45.0,126.0,27.0,1643240.0,426216.0,1975848.0,519960.0,4.0,0.0,51.0,10.0,0.0,2930.0,0.0,5e-05,20000000.0,16432400.0,4262160.0,19758480.0,5199600.0,0.71875,0.7368421052631579
301,301.0,1.0,290.0,78.0,212.0,26.36,95.0,25.0,70.0,27.0,4696232.0,1246376.0,2320888.0,610760.0,7.0,0.0,51.0,10.0,0.0,1480.0,0.0,5e-05,20000000.0,46962320.0,12463760.0,23208880.0,6107600.0,0.7310344827586207,0.7368421052631579
302,302.0,1.0,160.0,43.0,117.0,25.34,38.0,10.0,28.0,24.26,4727576.0,1269096.0,1797872.0,479184.0,14.0,0.0,51.0,10.0,0.0,1800.0,0.0,5e-05,20000000.0,47275760.0,12690960.0,17978720.0,4791840.0,0.73125,0.7368421052631579
303,303.0,1.0,320.0,110.0,210.0,19.92,304.0,100.0,204.0,21.02,307328.0,83576.0,905800.0,252520.0,2.0,0.0,51.0,10.0,0.0,4620.0,0.0,5e-05,20000000.0,3073280.0,835760.0,9058000.0,2525200.0,0.65625,0.6710526315789473
304,304.0,1.0,320.0,101.0,219.0,22.88,304.0,102.0,202.0,22.43,362360.0,100376.0,975304.0,287544.0,2.0,0.0,51.0,10.0,0.0,4070.0,0.0,5e-05,20000000.0,3623600.0,1003760.0,9753040.0,2875440.0,0.684375,0.6644736842105263
305,305.0,1.0,320.0,94.0,226.0,25.12,304.0,80.0,224.0,27.0,452048.0,119536.0,1361920.0,358400.0,2.0,0.0,51.0,10.0,0.0,1760.0,0.0,5e-05,20000000.0,4520480.0,1195360.0,13619200.0,3584000.0,0.70625,0.7368421052631579
306,306.0,1.0,320.0,118.0,202.0,22.46,304.0,111.0,193.0,24.16,388088.0,115936.0,1209880.0,358272.0,2.0,0.0,51.0,10.0,0.0,1170.0,0.0,5e-05,20000000.0,3880880.0,1159360.0,12098800.0,3582720.0,0.63125,0.6348684210526315
307,307.0,1.0,320.0,109.0,211.0,21.04,304.0,96.0,208.0,22.66,349360.0,96432.0,1044808.0,286728.0,2.0,0.0,51.0,10.0,0.0,4480.0,0.0,5e-05,20000000.0,3493600.0,964320.0,10448080.0,2867280.0,0.659375,0.6842105263157895
308,308.0,1.0,290.0,78.0,212.0,24.04,95.0,25.0,70.0,27.0,3994312.0,1058056.0,2320888.0,610760.0,7.0,0.0,51.0,10.0,0.0,2930.0,0.0,5e-05,20000000.0,39943120.0,10580560.0,23208880.0,6107600.0,0.7310344827586207,0.7368421052631579
309,309.0,1.0,320.0,80.0,240.0,26.5,304.0,80.0,224.0,27.0,479744.0,119936.0,1361920.0,358400.0,2.0,0.0,51.0,10.0,0.0,90.0,0.0,5e-05,20000000.0,4797440.0,1199360.0,13619200.0,3584000.0,0.75,0.7368421052631579
310,310.0,1.0,160.0,43.0,117.0,26.01,38.0,10.0,28.0,25.63,4690568.0,1249856.0,1806768.0,481408.0,14.0,0.0,51.0,10.0,0.0,700.0,0.0,5e-05,20000000.0,46905680.0,12498560.0,18067680.0,4814080.0,0.73125,0.7368421052631579
311,311.0,1.0,290.0,85.0,205.0,24.36,95.0,30.0,65.0,24.73,3942952.0,1097952.0,1996192.0,563112.0,7.0,0.0,51.0,10.0,0.0,2420.0,0.0,5e-05,20000000.0,39429520.0,10979520.0,19961920.0,5631120.0,0.7068965517241379,0.6842105263157895
312,312.0,1.0,160.0,43.0,117.0,26.61,38.0,10.0,28.0,27.0,5235144.0,1386000.0,2258416.0,594320.0,14.0,0.0,51.0,10.0,0.0,490.0,0.0,5e-05,20000000.0,52351440.0,13860000.0,22584160.0,5943200.0,0.73125,0.7368421052631579
313,313.0,1.0,160.0,43.0,117.0,23.57,38.0,10.0,28.0,25.58,3792160.0,1025448.0,1797872.0,479184.0,14.0,0.0,51.0,10.0,0.0,3350.0,0.0,5e-05,20000000.0,37921600.0,10254480.0,17978720.0,4791840.0,0.73125,0.7368421052631579
314,314.0,1.0,320.0,98.0,222.0,18.26,171.0,61.0,110.0,16.62,1061904.0,282216.0,907896.0,243656.0,4.0,0.0,51.0,10.0,0.0,4120.0,0.0,5e-05,20000000.0,10619040.0,2822160.0,9078960.0,2436560.0,0.69375,0.6432748538011696
315,315.0,1.0,320.0,100.0,220.0,24.37,304.0,96.0,208.0,25.05,416896.0,113544.0,1240288.0,347544.0,2.0,0.0,51.0,10.0,0.0,2210.0,0.0,5e-05,20000000.0,4168960.0,1135440.0,12402880.0,3475440.0,0.6875,0.6842105263157895
316,316.0,1.0,160.0,44.0,116.0,23.54,38.0,10.0,28.0,24.16,4096240.0,1112408.0,1797872.0,479184.0,14.0,0.0,51.0,10.0,0.0,2180.0,0.0,5e-05,20000000.0,40962400.0,11124080.0,17978720.0,4791840.0,0.725,0.7368421052631579
317,317.0,1.0,320.0,102.0,218.0,21.47,171.0,48.0,123.0,24.95,1122320.0,319288.0,1638560.0,441800.0,4.0,0.0,51.0,10.0,0.0,3470.0,0.0,5e-05,20000000.0,11223200.0,3192880.0,16385600.0,4418000.0,0.68125,0.7192982456140351
318,318.0,1.0,290.0,81.0,209.0,25.84,95.0,25.0,70.0,27.0,4474152.0,1193280.0,2320888.0,610760.0,7.0,0.0,51.0,10.0,0.0,1290.0,0.0,5e-05,20000000.0,44741520.0,11932800.0,23208880.0,6107600.0,0.7206896551724138,0.7368421052631579
319,319.0,1.0,320.0,88.0,232.0,25.15,171.0,45.0,126.0,27.0,1692592.0,437520.0,1975848.0,519960.0,4.0,0.0,51.0,10.0,0.0,2280.0,0.0,5e-05,20000000.0,16925920.0,4375200.0,19758480.0,5199600.0,0.725,0.7368421052631579
320,320.0,1.0,320.0,80.0,240.0,26.5,171.0,45.0,126.0,27.0,1915904.0,478976.0,1975848.0,519960.0,4.0,0.0,51.0,10.0,0.0,810.0,0.0,5e-05,20000000.0,19159040.0,4789760.0,19758480.0,5199600.0,0.75,0.7368421052631579
321,321.0,1.0,160.0,44.0,116.0,25.44,38.0,12.0,26.0,23.45,4968352.0,1310848.0,1682736.0,482912.0,14.0,0.0,51.0,10.0,0.0,1120.0,0.0,5e-05,20000000.0,49683520.0,13108480.0,16827360.0,4829120.0,0.725,0.6842105263157895
322,322.0,1.0,160.0,44.0,116.0,20.64,38.0,10.0,28.0,14.37,3294232.0,877312.0,79728.0,20864.0,14.0,0.0,51.0,10.0,0.0,1710.0,0.0,5e-05,20000000.0,32942320.0,8773120.0,797280.0,208640.0,0.725,0.7368421052631579
323,323.0,1.0,160.0,43.0,117.0,24.96,38.0,10.0,28.0,24.16,4193984.0,1091504.0,1452464.0,364048.0,14.0,0.0,51.0,10.0,0.0,2100.0,0.0,5e-05,20000000.0,41939840.0,10915040.0,14524640.0,3640480.0,0.73125,0.7368421052631579
324,324.0,1.0,160.0,43.0,117.0,26.6,38.0,10.0,28.0,27.0,5078216.0,1346768.0,2258416.0,594320.0,14.0,0.0,51.0,10.0,0.0,890.0,0.0,5e-05,20000000.0,50782160.0,13467680.0,22584160.0,5943200.0,0.73125,0.7368421052631579
325,325.0,1.0,290.0,81.0,209.0,25.33,95.0,25.0,70.0,27.0,4011432.0,1094720.0,2320888.0,610760.0,7.0,0.0,51.0,10.0,0.0,2430.0,0.0,5e-05,20000000.0,40114320.0,10947200.0,23208880.0,6107600.0,0.7206896551724138,0.7368421052631579
326,326.0,1.0,290.0,78.0,212.0,26.49,95.0,25.0,70.0,27.0,4703272.0,1248136.0,2320888.0,610760.0,7.0,0.0,51.0,10.0,0.0,1790.0,0.0,5e-05,20000000.0,47032720.0,12481360.0,23208880.0,6107600.0,0.7310344827586207,0.7368421052631579
327,327.0,1.0,320.0,103.0,217.0,23.95,304.0,100.0,204.0,23.71,420112.0,115344.0,1075216.0,308992.0,2.0,0.0,51.0,10.0,0.0,2810.0,0.0,5e-05,20000000.0,4201120.0,1153440.0,10752160.0,3089920.0,0.678125,0.6710526315789473
328,328.0,1.0,320.0,91.0,229.0,24.62,304.0,97.0,207.0,22.57,427928.0,114520.0,1001368.0,278176.0,2.0,0.0,51.0,10.0,0.0,4950.0,0.0,5e-05,20000000.0,4279280.0,1145200.0,10013680.0,2781760.0,0.715625,0.680921052631579
329,329.0,1.0,160.0,43.0,117.0,20.84,38.0,10.0,28.0,17.05,2971168.0,795400.0,70832.0,18640.0,14.0,0.0,51.0,10.0,0.0,4420.0,0.0,5e-05,20000000.0,29711680.0,7954000.0,708320.0,186400.0,0.73125,0.7368421052631579
330,330.0,1.0,160.0,49.0,111.0,25.34,38.0,14.0,24.0,24.16,5039072.0,1375856.0,2028144.0,601776.0,14.0,0.0,51.0,10.0,0.0,250.0,0.0,5e-05,20000000.0,50390720.0,13758560.0,20281440.0,6017760.0,0.69375,0.631578947368421
331,331.0,1.0,160.0,43.0,117.0,25.66,38.0,10.0,28.0,25.58,4747648.0,1229920.0,1913008.0,479184.0,14.0,0.0,51.0,10.0,0.0,1840.0,0.0,5e-05,20000000.0,47476480.0,12299200.0,19130080.0,4791840.0,0.73125,0.7368421052631579
332,332.0,1.0,160.0,43.0,117.0,18.31,38.0,10.0,28.0,19.16,2616648.0,696976.0,991920.0,248912.0,14.0,0.0,51.0,10.0,0.0,4360.0,0.0,5e-05,20000000.0,26166480.0,6969760.0,9919200.0,2489120.0,0.73125,0.7368421052631579
333,333.0,1.0,320.0,90.0,230.0,23.58,171.0,49.0,122.0,25.58,1462312.0,377280.0,1640720.0,446280.0,4.0,0.0,51.0,10.0,0.0,3890.0,0.0,5e-05,20000000.0,14623120.0,3772800.0,16407200.0,4462800.0,0.71875,0.7134502923976608
334,334.0,1.0,290.0,78.0,212.0,22.35,95.0,26.0,69.0,21.68,3121192.0,818376.0,1548960.0,402024.0,7.0,0.0,51.0,10.0,0.0,3970.0,0.0,5e-05,20000000.0,31211920.0,8183760.0,15489600.0,4020240.0,0.7310344827586207,0.7263157894736842
335,335.0,1.0,320.0,110.0,210.0,21.65,304.0,112.0,192.0,18.61,355792.0,102928.0,801544.0,228088.0,2.0,0.0,51.0,10.0,0.0,4330.0,0.0,5e-05,20000000.0,3557920.0,1029280.0,8015440.0,2280880.0,0.65625,0.631578947368421
336,336.0,1.0,290.0,78.0,212.0,23.37,95.0,25.0,70.0,25.58,3309512.0,869736.0,1966384.0,492592.0,7.0,0.0,51.0,10.0,0.0,4980.0,0.0,5e-05,20000000.0,33095120.0,8697360.0,19663840.0,4925920.0,0.7310344827586207,0.7368421052631579
337,337.0,1.0,320.0,104.0,216.0,22.53,304.0,93.0,211.0,24.27,376472.0,107312.0,1149064.0,321072.0,2.0,0.0,51.0,10.0,0.0,4180.0,0.0,5e-05,20000000.0,3764720.0,1073120.0,11490640.0,3210720.0,0.675,0.694078947368421
338,338.0,1.0,160.0,45.0,115.0,26.09,38.0,10.0,28.0,27.0,4919576.0,1330296.0,2258416.0,594320.0,14.0,0.0,51.0,10.0,0.0,1090.0,0.0,5e-05,20000000.0,49195760.0,13302960.0,22584160.0,5943200.0,0.71875,0.7368421052631579
339,339.0,1.0,320.0,91.0,229.0,24.54,171.0,45.0,126.0,27.0,1542568.0,405320.0,1975848.0,519960.0,4.0,0.0,51.0,10.0,0.0,2860.0,0.0,5e-05,20000000.0,15425680.0,4053200.0,19758480.0,5199600.0,0.715625,0.7368421052631579
340,340.0,1.0,160.0,43.0,117.0,24.68,38.0,10.0,28.0,24.26,4471480.0,1131496.0,1913008.0,479184.0,14.0,0.0,51.0,10.0,0.0,3490.0,0.0,5e-05,20000000.0,44714800.0,11314960.0,19130080.0,4791840.0,0.73125,0.7368421052631579
341,341.0,1.0,160.0,47.0,113.0,25.42,38.0,10.0,28.0,25.58,4636568.0,1247048.0,1797872.0,479184.0,14.0,0.0,51.0,10.0,0.0,1250.0,0.0,5e-05,20000000.0,46365680.0,12470480.0,17978720.0,4791840.0,0.70625,0.7368421052631579
342,342.0,1.0,290.0,79.0,211.0,26.45,95.0,25.0,70.0,27.0,4747592.0,1264304.0,2320888.0,610760.0,7.0,0.0,51.0,10.0,0.0,240.0,0.0,5e-05,20000000.0,47475920.0,12643040.0,23208880.0,6107600.0,0.7275862068965517,0.7368421052631579
343,343.0,1.0,320.0,112.0,208.0,19.98,171.0,64.0,107.0,20.29,1100648.0,301104.0,1162936.0,323704.0,4.0,0.0,51.0,10.0,0.0,2800.0,0.0,5e-05,20000000.0,11006480.0,3011040.0,11629360.0,3237040.0,0.65,0.6257309941520468
344,344.0,1.0,160.0,43.0,117.0,26.5,38.0,10.0,28.0,27.0,5078216.0,1346768.0,2258416.0,594320.0,14.0,0.0,51.0,10.0,0.0,690.0,0.0,5e-05,20000000.0,50782160.0,13467680.0,22584160.0,5943200.0,0.73125,0.7368421052631579
345,345.0,1.0,320.0,107.0,213.0,21.81,304.0,102.0,202.0,22.39,349360.0,89872.0,927520.0,239760.0,2.0,0.0,51.0,10.0,0.0,3830.0,0.0,5e-05,20000000.0,3493600.0,898720.0,9275200.0,2397600.0,0.665625,0.6644736842105263
346,346.0,1.0,320.0,80.0,240.0,26.6,304.0,80.0,224.0,27.0,487424.0,121856.0,1361920.0,358400.0,2.0,0.0,51.0,10.0,0.0,690.0,0.0,5e-05,20000000.0,4874240.0,1218560.0,13619200.0,3584000.0,0.75,0.7368421052631579
347,347.0,1.0,290.0,79.0,211.0,26.07,95.0,28.0,67.0,25.58,4429352.0,1197584.0,2180864.0,601160.0,7.0,0.0,51.0,10.0,0.0,1890.0,0.0,5e-05,20000000.0,44293520.0,11975840.0,21808640.0,6011600.0,0.7275862068965517,0.7052631578947368
348,348.0,1.0,290.0,86.0,204.0,25.51,95.0,35.0,60.0,24.16,4480712.0,1220360.0,2084552.0,618728.0,7.0,0.0,51.0,10.0,0.0,750.0,0.0,5e-05,20000000.0,44807120.0,12203600.0,20845520.0,6187280.0,0.7034482758620689,0.631578947368421
349,349.0,1.0,160.0,44.0,116.0,25.16,38.0,10.0,28.0,24.47,4570224.0,1230904.0,1797872.0,479184.0,14.0,0.0,51.0,10.0,0.0,2400.0,0.0,5e-05,20000000.0,45702240.0,12309040.0,17978720.0,4791840.0,0.725,0.7368421052631579
350,350.0,1.0,320.0,80.0,240.0,22.85,304.0,107.0,197.0,22.01,392704.0,98176.0,970960.0,279536.0,2.0,0.0,51.0,10.0,0.0,3620.0,0.0,5e-05,20000000.0,3927040.0,981760.0,9709600.0,2795360.0,0.75,0.6480263157894737
351,351.0,1.0,160.0,43.0,117.0,22.07,38.0,10.0,28.0,22.74,3117488.0,837192.0,1337328.0,364048.0,14.0,0.0,51.0,10.0,0.0,4250.0,0.0,5e-05,20000000.0,31174880.0,8371920.0,13373280.0,3640480.0,0.73125,0.7368421052631579
352,352.0,1.0,160.0,45.0,115.0,24.4,38.0,10.0,28.0,24.16,4133568.0,1073480.0,1337328.0,364048.0,14.0,0.0,51.0,10.0,0.0,2500.0,0.0,5e-05,20000000.0,41335680.0,10734800.0,13373280.0,3640480.0,0.71875,0.7368421052631579
353,353.0,1.0,290.0,83.0,207.0,25.04,95.0,29.0,66.0,25.58,4172552.0,1115216.0,2177344.0,601168.0,7.0,0.0,51.0,10.0,0.0,1130.0,0.0,5e-05,20000000.0,41725520.0,11152160.0,21773440.0,6011680.0,0.7137931034482758,0.6947368421052632
354,354.0,1.0,320.0,80.0,240.0,26.48,171.0,52.0,119.0,25.58,1915904.0,478976.0,1822576.0,496104.0,4.0,0.0,51.0,10.0,0.0,1840.0,0.0,5e-05,20000000.0,19159040.0,4789760.0,18225760.0,4961040.0,0.75,0.695906432748538
355,355.0,1.0,160.0,44.0,116.0,24.98,38.0,10.0,28.0,24.16,4216448.0,1113320.0,1452464.0,364048.0,14.0,0.0,51.0,10.0,0.0,1810.0,0.0,5e-05,20000000.0,42164480.0,11133200.0,14524640.0,3640480.0,0.725,0.7368421052631579
356,356.0,1.0,290.0,78.0,212.0,26.64,95.0,25.0,70.0,27.0,4781832.0,1280616.0,2320888.0,610760.0,7.0,0.0,51.0,10.0,0.0,1570.0,0.0,5e-05,20000000.0,47818320.0,12806160.0,23208880.0,6107600.0,0.7310344827586207,0.7368421052631579
357,357.0,1.0,320.0,80.0,240.0,26.6,304.0,80.0,224.0,25.63,487424.0,121856.0,1089536.0,290304.0,2.0,0.0,51.0,10.0,0.0,960.0,0.0,5e-05,20000000.0,4874240.0,1218560.0,10895360.0,2903040.0,0.75,0.7368421052631579
358,358.0,1.0,320.0,95.0,225.0,23.95,171.0,55.0,116.0,24.0,1558408.0,412008.0,1406400.0,399456.0,4.0,0.0,51.0,10.0,0.0,2810.0,0.0,5e-05,20000000.0,15584080.0,4120080.0,14064000.0,3994560.0,0.703125,0.6783625730994152
359,359.0,1.0,320.0,100.0,220.0,22.83,304.0,96.0,208.0,22.98,353960.0,94192.0,1005712.0,278040.0,2.0,0.0,51.0,10.0,0.0,4190.0,0.0,5e-05,20000000.0,3539600.0,941920.0,10057120.0,2780400.0,0.6875,0.6842105263157895
360,360.0,1.0,290.0,84.0,206.0,23.93,95.0,27.0,68.0,25.03,3891592.0,1080024.0,2100728.0,574016.0,7.0,0.0,51.0,10.0,0.0,2180.0,0.0,5e-05,20000000.0,38915920.0,10800240.0,21007280.0,5740160.0,0.7103448275862069,0.7157894736842105
361,361.0,1.0,290.0,83.0,207.0,24.81,95.0,29.0,66.0,24.18,4131272.0,1130576.0,1890288.0,535968.0,7.0,0.0,51.0,10.0,0.0,2170.0,0.0,5e-05,20000000.0,41312720.0,11305760.0,18902880.0,5359680.0,0.7137931034482758,0.6947368421052632
362,362.0,1.0,320.0,80.0,240.0,26.41,171.0,53.0,118.0,25.58,1880192.0,470048.0,1848272.0,509680.0,4.0,0.0,51.0,10.0,0.0,1390.0,0.0,5e-05,20000000.0,18801920.0,4700480.0,18482720.0,5096800.0,0.75,0.6900584795321637
363,363.0,1.0,290.0,78.0,212.0,21.68,95.0,26.0,69.0,23.02,3138312.0,835496.0,1548960.0,402024.0,7.0,0.0,51.0,10.0,0.0,4970.0,0.0,5e-05,20000000.0,31383120.0,8354960.0,15489600.0,4020240.0,0.7310344827586207,0.7263157894736842
364,364.0,1.0,320.0,92.0,228.0,23.8,171.0,55.0,116.0,21.81,1583008.0,416112.0,1193864.0,334144.0,4.0,0.0,51.0,10.0,0.0,3810.0,0.0,5e-05,20000000.0,15830080.0,4161120.0,11938640.0,3341440.0,0.7125,0.6783625730994152
365,365.0,1.0,160.0,43.0,117.0,22.01,38.0,10.0,28.0,21.42,3756600.0,987176.0,1797872.0,479184.0,14.0,0.0,51.0,10.0,0.0,4790.0,0.0,5e-05,20000000.0,37566000.0,9871760.0,17978720.0,4791840.0,0.73125,0.7368421052631579
366,366.0,1.0,320.0,80.0,240.0,26.56,171.0,45.0,126.0,27.0,1942144.0,485536.0,1975848.0,519960.0,4.0,0.0,51.0,10.0,0.0,190.0,0.0,5e-05,20000000.0,19421440.0,4855360.0,19758480.0,5199600.0,0.75,0.7368421052631579
367,367.0,1.0,320.0,91.0,229.0,25.3,304.0,80.0,224.0,27.0,444232.0,116184.0,1361920.0,358400.0,2.0,0.0,51.0,10.0,0.0,2280.0,0.0,5e-05,20000000.0,4442320.0,1161840.0,13619200.0,3584000.0,0.715625,0.7368421052631579
368,368.0,1.0,320.0,98.0,222.0,23.52,171.0,55.0,116.0,24.79,1520696.0,412776.0,1768816.0,496808.0,4.0,0.0,51.0,10.0,0.0,1700.0,0.0,5e-05,20000000.0,15206960.0,4127760.0,17688160.0,4968080.0,0.69375,0.6783625730994152
369,369.0,1.0,160.0,43.0,117.0,25.79,38.0,10.0,28.0,27.0,4807864.0,1289168.0,2258416.0,594320.0,14.0,0.0,51.0,10.0,0.0,1860.0,0.0,5e-05,20000000.0,48078640.0,12891680.0,22584160.0,5943200.0,0.73125,0.7368421052631579
370,370.0,1.0,320.0,80.0,240.0,26.56,171.0,45.0,126.0,27.0,1942144.0,485536.0,1975848.0,519960.0,4.0,0.0,51.0,10.0,0.0,450.0,0.0,5e-05,20000000.0,19421440.0,4855360.0,19758480.0,5199600.0,0.75,0.7368421052631579
371,371.0,1.0,320.0,86.0,234.0,25.15,171.0,54.0,117.0,20.92,1643824.0,421136.0,1156664.0,319568.0,4.0,0.0,51.0,10.0,0.0,3930.0,0.0,5e-05,20000000.0,16438240.0,4211360.0,11566640.0,3195680.0,0.73125,0.6842105263157895
372,372.0,1.0,290.0,79.0,211.0,26.54,95.0,25.0,70.0,27.0,4764712.0,1281424.0,2320888.0,610760.0,7.0,0.0,51.0,10.0,0.0,440.0,0.0,5e-05,20000000.0,47647120.0,12814240.0,23208880.0,6107600.0,0.7275862068965517,0.7368421052631579
373,373.0,1.0,290.0,78.0,212.0,25.31,95.0,26.0,69.0,23.89,4206792.0,1111176.0,1970360.0,520616.0,7.0,0.0,51.0,10.0,0.0,3480.0,0.0,5e-05,20000000.0,42067920.0,11111760.0,19703600.0,5206160.0,0.7310344827586207,0.7263157894736842
374,374.0,1.0,320.0,90.0,230.0,25.25,304.0,80.0,224.0,27.0,432752.0,112848.0,1361920.0,358400.0,2.0,0.0,51.0,10.0,0.0,3450.0,0.0,5e-05,20000000.0,4327520.0,1128480.0,13619200.0,3584000.0,0.71875,0.7368421052631579
375,375.0,1.0,320.0,80.0,240.0,26.56,171.0,45.0,126.0,27.0,1942144.0,485536.0,1975848.0,519960.0,4.0,0.0,51.0,10.0,0.0,560.0,0.0,5e-05,20000000.0,19421440.0,4855360.0,19758480.0,5199600.0,0.75,0.7368421052631579
376,376.0,1.0,160.0,43.0,117.0,26.18,38.0,10.0,28.0,27.0,5198296.0,1386776.0,2258416.0,594320.0,14.0,0.0,51.0,10.0,0.0,2760.0,0.0,5e-05,20000000.0,51982960.0,13867760.0,22584160.0,5943200.0,0.73125,0.7368421052631579
377,377.0,1.0,320.0,96.0,224.0,23.28,304.0,80.0,224.0,27.0,400592.0,106800.0,1361920.0,358400.0,2.0,0.0,51.0,10.0,0.0,4150.0,0.0,5e-05,20000000.0,4005920.0,1068000.0,13619200.0,3584000.0,0.7,0.7368421052631579
378,378.0,1.0,290.0,79.0,211.0,25.94,95.0,25.0,70.0,27.0,4353832.0,1178704.0,2320888.0,610760.0,7.0,0.0,51.0,10.0,0.0,3140.0,0.0,5e-05,20000000.0,43538320.0,11787040.0,23208880.0,6107600.0,0.7275862068965517,0.7368421052631579
379,379.0,1.0,290.0,83.0,207.0,26.08,95.0,29.0,66.0,25.58,4627752.0,1267536.0,2259632.0,628304.0,7.0,0.0,51.0,10.0,0.0,530.0,0.0,5e-05,20000000.0,46277520.0,12675360.0,22596320.0,6283040.0,0.7137931034482758,0.6947368421052632
380,380.0,1.0,290.0,79.0,211.0,25.52,95.0,30.0,65.0,23.87,4302472.0,1127344.0,1815040.0,511480.0,7.0,0.0,51.0,10.0,0.0,2620.0,0.0,5e-05,20000000.0,43024720.0,11273440.0,18150400.0,5114800.0,0.7275862068965517,0.6842105263157895
381,381.0,1.0,320.0,95.0,225.0,20.76,171.0,51.0,120.0,24.33,1080528.0,301432.0,1500704.0,416216.0,4.0,0.0,51.0,10.0,0.0,4180.0,0.0,5e-05,20000000.0,10805280.0,3014320.0,15007040.0,4162160.0,0.703125,0.7017543859649122
382,382.0,1.0,290.0,86.0,204.0,25.47,95.0,35.0,60.0,23.87,4576392.0,1218600.0,2142800.0,633632.0,7.0,0.0,51.0,10.0,0.0,500.0,0.0,5e-05,20000000.0,45763920.0,12186000.0,21428000.0,6336320.0,0.7034482758620689,0.631578947368421
383,383.0,1.0,320.0,80.0,240.0,26.65,304.0,92.0,212.0,24.78,494080.0,123520.0,1083904.0,303560.0,2.0,0.0,51.0,10.0,0.0,4470.0,0.0,5e-05,20000000.0,4940800.0,1235200.0,10839040.0,3035600.0,0.75,0.6973684210526315
384,384.0,1.0,160.0,43.0,117.0,23.58,38.0,10.0,28.0,24.16,3682144.0,973144.0,1452464.0,364048.0,14.0,0.0,51.0,10.0,0.0,3680.0,0.0,5e-05,20000000.0,36821440.0,9731440.0,14524640.0,3640480.0,0.73125,0.7368421052631579
385,385.0,1.0,290.0,78.0,212.0,23.26,95.0,26.0,69.0,20.04,3847272.0,1008456.0,1237344.0,337248.0,7.0,0.0,51.0,10.0,0.0,4410.0,0.0,5e-05,20000000.0,38472720.0,10084560.0,12373440.0,3372480.0,0.7310344827586207,0.7263157894736842
386,386.0,1.0,290.0,78.0,212.0,23.58,95.0,26.0,69.0,20.2,3412232.0,938216.0,1391360.0,388880.0,7.0,0.0,51.0,10.0,0.0,4510.0,0.0,5e-05,20000000.0,34122320.0,9382160.0,13913600.0,3888800.0,0.7310344827586207,0.7263157894736842
387,387.0,1.0,160.0,43.0,117.0,21.48,38.0,10.0,28.0,18.95,3703800.0,1013152.0,1337328.0,364048.0,14.0,0.0,51.0,10.0,0.0,2600.0,0.0,5e-05,20000000.0,37038000.0,10131520.0,13373280.0,3640480.0,0.73125,0.7368421052631579
388,388.0,1.0,320.0,91.0,229.0,24.43,304.0,99.0,205.0,23.1,437576.0,114520.0,1066528.0,291480.0,2.0,0.0,51.0,10.0,0.0,3080.0,0.0,5e-05,20000000.0,4375760.0,1145200.0,10665280.0,2914800.0,0.715625,0.6743421052631579
389,389.0,1.0,160.0,43.0,117.0,22.27,38.0,10.0,28.0,21.63,3626776.0,993896.0,1337328.0,364048.0,14.0,0.0,51.0,10.0,0.0,4220.0,0.0,5e-05,20000000.0,36267760.0,9938960.0,13373280.0,3640480.0,0.73125,0.7368421052631579
390,390.0,1.0,320.0,80.0,240.0,26.65,304.0,80.0,224.0,27.0,494080.0,123520.0,1361920.0,358400.0,2.0,0.0,51.0,10.0,0.0,520.0,0.0,5e-05,20000000.0,4940800.0,1235200.0,13619200.0,3584000.0,0.75,0.7368421052631579
391,391.0,1.0,320.0,86.0,234.0,22.07,171.0,52.0,119.0,22.11,1397080.0,354336.0,1313344.0,341944.0,4.0,0.0,51.0,10.0,0.0,4960.0,0.0,5e-05,20000000.0,13970800.0,3543360.0,13133440.0,3419440.0,0.73125,0.695906432748538
392,392.0,1.0,320.0,80.0,240.0,26.48,171.0,52.0,119.0,23.23,1915904.0,478976.0,1458224.0,399160.0,4.0,0.0,51.0,10.0,0.0,4170.0,0.0,5e-05,20000000.0,19159040.0,4789760.0,14582240.0,3991600.0,0.75,0.695906432748538
393,393.0,1.0,290.0,78.0,212.0,24.91,95.0,25.0,70.0,27.0,3521992.0,957096.0,2320888.0,610760.0,7.0,0.0,51.0,10.0,0.0,4860.0,0.0,5e-05,20000000.0,35219920.0,9570960.0,23208880.0,6107600.0,0.7310344827586207,0.7368421052631579
394,394.0,1.0,160.0,44.0,116.0,25.92,38.0,10.0,28.0,27.0,4861976.0,1309296.0,2258416.0,594320.0,14.0,0.0,51.0,10.0,0.0,930.0,0.0,5e-05,20000000.0,48619760.0,13092960.0,22584160.0,5943200.0,0.725,0.7368421052631579
395,395.0,1.0,320.0,90.0,230.0,21.43,171.0,53.0,118.0,20.53,1420976.0,367792.0,1044640.0,293848.0,4.0,0.0,51.0,10.0,0.0,4220.0,0.0,5e-05,20000000.0,14209760.0,3677920.0,10446400.0,2938480.0,0.71875,0.6900584795321637
396,396.0,1.0,160.0,43.0,117.0,22.63,38.0,10.0,28.0,21.32,3519864.0,967168.0,1337328.0,364048.0,14.0,0.0,51.0,10.0,0.0,3340.0,0.0,5e-05,20000000.0,35198640.0,9671680.0,13373280.0,3640480.0,0.73125,0.7368421052631579
397,397.0,1.0,320.0,91.0,229.0,25.3,304.0,80.0,224.0,27.0,444232.0,116184.0,1361920.0,358400.0,2.0,0.0,51.0,10.0,0.0,4280.0,0.0,5e-05,20000000.0,4442320.0,1161840.0,13619200.0,3584000.0,0.715625,0.7368421052631579
398,398.0,1.0,320.0,80.0,240.0,26.54,171.0,45.0,126.0,27.0,1942144.0,485536.0,1975848.0,519960.0,4.0,0.0,51.0,10.0,0.0,310.0,0.0,5e-05,20000000.0,19421440.0,4855360.0,19758480.0,5199600.0,0.75,0.7368421052631579
399,399.0,1.0,320.0,108.0,212.0,23.98,304.0,95.0,209.0,25.58,426320.0,118824.0,1283728.0,356096.0,2.0,0.0,51.0,10.0,0.0,970.0,0.0,5e-05,20000000.0,4263200.0,1188240.0,12837280.0,3560960.0,0.6625,0.6875
400,400.0,1.0,320.0,95.0,225.0,25.15,171.0,45.0,126.0,27.0,1713632.0,455704.0,1975848.0,519960.0,4.0,0.0,51.0,10.0,0.0,790.0,0.0,5e-05,20000000.0,17136320.0,4557040.0,19758480.0,5199600.0,0.703125,0.7368421052631579
401,401.0,1.0,160.0,43.0,117.0,25.99,38.0,10.0,28.0,25.58,4884280.0,1308272.0,1797872.0,479184.0,14.0,0.0,51.0,10.0,0.0,1910.0,0.0,5e-05,20000000.0,48842800.0,13082720.0,17978720.0,4791840.0,0.73125,0.7368421052631579
402,402.0,1.0,160.0,43.0,117.0,26.5,38.0,10.0,28.0,27.0,5078216.0,1346768.0,2258416.0,594320.0,14.0,0.0,51.0,10.0,0.0,740.0,0.0,5e-05,20000000.0,50782160.0,13467680.0,22584160.0,5943200.0,0.73125,0.7368421052631579
403,403.0,1.0,160.0,43.0,117.0,25.12,38.0,10.0,28.0,27.0,4295312.0,1131648.0,2258416.0,594320.0,14.0,0.0,51.0,10.0,0.0,2790.0,0.0,5e-05,20000000.0,42953120.0,11316480.0,22584160.0,5943200.0,0.73125,0.7368421052631579
404,404.0,1.0,160.0,43.0,117.0,20.63,38.0,10.0,28.0,16.58,3718416.0,933000.0,991920.0,248912.0,14.0,0.0,51.0,10.0,0.0,3750.0,0.0,5e-05,20000000.0,37184160.0,9330000.0,9919200.0,2489120.0,0.73125,0.7368421052631579
405,405.0,1.0,160.0,48.0,112.0,23.98,38.0,14.0,24.0,22.89,5066584.0,1297976.0,1797872.0,544208.0,14.0,0.0,51.0,10.0,0.0,1000.0,0.0,5e-05,20000000.0,50665840.0,12979760.0,17978720.0,5442080.0,0.7,0.631578947368421
406,406.0,1.0,320.0,80.0,240.0,26.54,171.0,48.0,123.0,25.58,1942144.0,485536.0,1735024.0,450896.0,4.0,0.0,51.0,10.0,0.0,2940.0,0.0,5e-05,20000000.0,19421440.0,4855360.0,17350240.0,4508960.0,0.75,0.7192982456140351
407,407.0,1.0,290.0,78.0,212.0,22.67,95.0,25.0,70.0,24.53,3316552.0,888616.0,1848216.0,492592.0,7.0,0.0,51.0,10.0,0.0,4660.0,0.0,5e-05,20000000.0,33165520.0,8886160.0,18482160.0,4925920.0,0.7310344827586207,0.7368421052631579
408,408.0,1.0,160.0,43.0,117.0,21.97,38.0,10.0,28.0,21.53,3661104.0,953072.0,1337328.0,364048.0,14.0,0.0,51.0,10.0,0.0,4410.0,0.0,5e-05,20000000.0,36611040.0,9530720.0,13373280.0,3640480.0,0.73125,0.7368421052631579
409,409.0,1.0,290.0,77.0,213.0,26.13,95.0,25.0,70.0,27.0,4514952.0,1196776.0,2320888.0,610760.0,7.0,0.0,51.0,10.0,0.0,1930.0,0.0,5e-05,20000000.0,45149520.0,11967760.0,23208880.0,6107600.0,0.7344827586206897,0.7368421052631579
410,410.0,1.0,290.0,78.0,212.0,26.59,95.0,25.0,70.0,27.0,4720392.0,1265256.0,2320888.0,610760.0,7.0,0.0,51.0,10.0,0.0,770.0,0.0,5e-05,20000000.0,47203920.0,12652560.0,23208880.0,6107600.0,0.7310344827586207,0.7368421052631579
411,411.0,1.0,160.0,44.0,116.0,25.63,38.0,10.0,28.0,25.58,4568280.0,1230224.0,1797872.0,479184.0,14.0,0.0,51.0,10.0,0.0,2770.0,0.0,5e-05,20000000.0,45682800.0,12302240.0,17978720.0,4791840.0,0.725,0.7368421052631579
412,412.0,1.0,290.0,79.0,211.0,26.4,95.0,25.0,70.0,27.0,4686152.0,1248944.0,2320888.0,610760.0,7.0,0.0,51.0,10.0,0.0,620.0,0.0,5e-05,20000000.0,46861520.0,12489440.0,23208880.0,6107600.0,0.7275862068965517,0.7368421052631579
413,413.0,1.0,320.0,80.0,240.0,26.6,304.0,80.0,224.0,27.0,487424.0,121856.0,1361920.0,358400.0,2.0,0.0,51.0,10.0,0.0,40.0,0.0,5e-05,20000000.0,4874240.0,1218560.0,13619200.0,3584000.0,0.75,0.7368421052631579
414,414.0,1.0,290.0,78.0,212.0,25.26,95.0,25.0,70.0,27.0,3942952.0,1058056.0,2320888.0,610760.0,7.0,0.0,51.0,10.0,0.0,3580.0,0.0,5e-05,20000000.0,39429520.0,10580560.0,23208880.0,6107600.0,0.7310344827586207,0.7368421052631579
415,415.0,1.0,320.0,80.0,240.0,26.5,304.0,93.0,211.0,25.58,479744.0,119936.0,1253320.0,347136.0,2.0,0.0,51.0,10.0,0.0,1210.0,0.0,5e-05,20000000.0,4797440.0,1199360.0,12533200.0,3471360.0,0.75,0.694078947368421
416,416.0,1.0,320.0,110.0,210.0,21.79,304.0,100.0,204.0,23.27,363608.0,107696.0,1083904.0,317680.0,2.0,0.0,51.0,10.0,0.0,4130.0,0.0,5e-05,20000000.0,3636080.0,1076960.0,10839040.0,3176800.0,0.65625,0.6710526315789473
417,417.0,1.0,290.0,78.0,212.0,21.79,95.0,26.0,69.0,21.0,3213832.0,888616.0,1447456.0,402904.0,7.0,0.0,51.0,10.0,0.0,4220.0,0.0,5e-05,20000000.0,32138320.0,8886160.0,14474560.0,4029040.0,0.7310344827586207,0.7263157894736842
418,418.0,1.0,320.0,98.0,222.0,18.74,171.0,51.0,120.0,21.5,1027344.0,267912.0,1235936.0,323616.0,4.0,0.0,51.0,10.0,0.0,4240.0,0.0,5e-05,20000000.0,10273440.0,2679120.0,12359360.0,3236160.0,0.69375,0.7017543859649122
419,419.0,1.0,320.0,90.0,230.0,22.08,171.0,46.0,125.0,25.58,1205872.0,316256.0,1682448.0,423744.0,4.0,0.0,51.0,10.0,0.0,4980.0,0.0,5e-05,20000000.0,12058720.0,3162560.0,16824480.0,4237440.0,0.71875,0.7309941520467836
420,420.0,1.0,290.0,85.0,205.0,23.9,95.0,25.0,70.0,25.58,3874472.0,1046592.0,1848216.0,492592.0,7.0,0.0,51.0,10.0,0.0,2610.0,0.0,5e-05,20000000.0,38744720.0,10465920.0,18482160.0,4925920.0,0.7068965517241379,0.7368421052631579
421,421.0,1.0,290.0,78.0,212.0,21.43,95.0,26.0,69.0,20.28,3183176.0,821032.0,564960.0,156024.0,7.0,0.0,51.0,10.0,0.0,3420.0,0.0,5e-05,20000000.0,31831760.0,8210320.0,5649600.0,1560240.0,0.7310344827586207,0.7263157894736842
422,422.0,1.0,290.0,80.0,210.0,25.02,95.0,25.0,70.0,25.06,4031240.0,1077464.0,1857752.0,494976.0,7.0,0.0,51.0,10.0,0.0,2900.0,0.0,5e-05,20000000.0,40312400.0,10774640.0,18577520.0,4949760.0,0.7241379310344828,0.7368421052631579
423,423.0,1.0,160.0,43.0,117.0,26.26,38.0,10.0,28.0,27.0,5380864.0,1407376.0,2258416.0,594320.0,14.0,0.0,51.0,10.0,0.0,920.0,0.0,5e-05,20000000.0,53808640.0,14073760.0,22584160.0,5943200.0,0.73125,0.7368421052631579
424,424.0,1.0,160.0,49.0,111.0,25.08,38.0,11.0,27.0,25.58,4610240.0,1278248.0,2028144.0,538616.0,14.0,0.0,51.0,10.0,0.0,970.0,0.0,5e-05,20000000.0,46102400.0,12782480.0,20281440.0,5386160.0,0.69375,0.7105263157894737
425,425.0,1.0,160.0,43.0,117.0,25.76,38.0,10.0,28.0,27.0,4884888.0,1308424.0,2258416.0,594320.0,14.0,0.0,51.0,10.0,0.0,3860.0,0.0,5e-05,20000000.0,48848880.0,13084240.0,22584160.0,5943200.0,0.73125,0.7368421052631579
426,426.0,1.0,320.0,80.0,240.0,26.2,304.0,94.0,210.0,25.05,487424.0,121856.0,1162096.0,325552.0,2.0,0.0,51.0,10.0,0.0,3060.0,0.0,5e-05,20000000.0,4874240.0,1218560.0,11620960.0,3255520.0,0.75,0.6907894736842105
427,427.0,1.0,320.0,87.0,233.0,24.29,171.0,50.0,121.0,23.54,1421632.0,360504.0,1398896.0,380104.0,4.0,0.0,51.0,10.0,0.0,4190.0,0.0,5e-05,20000000.0,14216320.0,3605040.0,13988960.0,3801040.0,0.728125,0.7076023391812866
428,428.0,1.0,290.0,79.0,211.0,25.52,95.0,25.0,70.0,27.0,4233992.0,1110224.0,2320888.0,610760.0,7.0,0.0,51.0,10.0,0.0,2870.0,0.0,5e-05,20000000.0,42339920.0,11102240.0,23208880.0,6107600.0,0.7275862068965517,0.7368421052631579
429,429.0,1.0,290.0,78.0,212.0,20.76,95.0,26.0,69.0,24.16,3053192.0,779976.0,1966384.0,493480.0,7.0,0.0,51.0,10.0,0.0,3290.0,0.0,5e-05,20000000.0,30531920.0,7799760.0,19663840.0,4934800.0,0.7310344827586207,0.7263157894736842
430,430.0,1.0,290.0,78.0,212.0,26.3,95.0,25.0,70.0,27.0,4611112.0,1225096.0,2320888.0,610760.0,7.0,0.0,51.0,10.0,0.0,1450.0,0.0,5e-05,20000000.0,46111120.0,12250960.0,23208880.0,6107600.0,0.7310344827586207,0.7368421052631579
431,431.0,1.0,320.0,92.0,228.0,21.89,171.0,45.0,126.0,27.0,1280264.0,335528.0,1975848.0,519960.0,4.0,0.0,51.0,10.0,0.0,4150.0,0.0,5e-05,20000000.0,12802640.0,3355280.0,19758480.0,5199600.0,0.7125,0.7368421052631579
432,432.0,1.0,320.0,101.0,219.0,23.58,171.0,52.0,119.0,25.58,1597840.0,434904.0,1822576.0,496104.0,4.0,0.0,51.0,10.0,0.0,1260.0,0.0,5e-05,20000000.0,15978400.0,4349040.0,18225760.0,4961040.0,0.684375,0.695906432748538
433,433.0,1.0,320.0,80.0,240.0,26.65,304.0,80.0,224.0,27.0,494080.0,123520.0,1361920.0,358400.0,2.0,0.0,51.0,10.0,0.0,180.0,0.0,5e-05,20000000.0,4940800.0,1235200.0,13619200.0,3584000.0,0.75,0.7368421052631579
434,434.0,1.0,160.0,45.0,115.0,25.33,38.0,12.0,26.0,24.87,4281368.0,1165096.0,1913008.0,540480.0,14.0,0.0,51.0,10.0,0.0,1300.0,0.0,5e-05,20000000.0,42813680.0,11650960.0,19130080.0,5404800.0,0.71875,0.6842105263157895
435,435.0,1.0,320.0,89.0,231.0,24.36,171.0,50.0,121.0,25.58,1643528.0,426152.0,1580984.0,432568.0,4.0,0.0,51.0,10.0,0.0,2690.0,0.0,5e-05,20000000.0,16435280.0,4261520.0,15809840.0,4325680.0,0.721875,0.7076023391812866
436,436.0,1.0,320.0,94.0,226.0,25.15,304.0,80.0,224.0,27.0,444368.0,117616.0,1361920.0,358400.0,2.0,0.0,51.0,10.0,0.0,1230.0,0.0,5e-05,20000000.0,4443680.0,1176160.0,13619200.0,3584000.0,0.70625,0.7368421052631579
437,437.0,1.0,320.0,93.0,227.0,24.4,171.0,58.0,113.0,24.2,1717024.0,452360.0,1403448.0,412192.0,4.0,0.0,51.0,10.0,0.0,1010.0,0.0,5e-05,20000000.0,17170240.0,4523600.0,14034480.0,4121920.0,0.709375,0.6608187134502924
438,438.0,1.0,320.0,80.0,240.0,26.0,304.0,106.0,198.0,24.34,479744.0,119936.0,1179472.0,344560.0,2.0,0.0,51.0,10.0,0.0,1360.0,0.0,5e-05,20000000.0,4797440.0,1199360.0,11794720.0,3445600.0,0.75,0.6513157894736842
439,439.0,1.0,290.0,78.0,212.0,19.89,95.0,26.0,69.0,21.32,2665992.0,717416.0,1186656.0,311448.0,7.0,0.0,51.0,10.0,0.0,4680.0,0.0,5e-05,20000000.0,26659920.0,7174160.0,11866560.0,3114480.0,0.7310344827586207,0.7263157894736842
440,440.0,1.0,290.0,78.0,212.0,26.36,95.0,25.0,70.0,27.0,4576392.0,1229256.0,2320888.0,610760.0,7.0,0.0,51.0,10.0,0.0,3850.0,0.0,5e-05,20000000.0,45763920.0,12292560.0,23208880.0,6107600.0,0.7310344827586207,0.7368421052631579
441,441.0,1.0,320.0,93.0,227.0,23.9,171.0,45.0,126.0,27.0,1543808.0,408624.0,1975848.0,519960.0,4.0,0.0,51.0,10.0,0.0,2980.0,0.0,5e-05,20000000.0,15438080.0,4086240.0,19758480.0,5199600.0,0.709375,0.7368421052631579
442,442.0,1.0,160.0,43.0,117.0,21.99,38.0,10.0,28.0,22.84,3096448.0,817120.0,1452464.0,364048.0,14.0,0.0,51.0,10.0,0.0,4260.0,0.0,5e-05,20000000.0,30964480.0,8171200.0,14524640.0,3640480.0,0.73125,0.7368421052631579
443,443.0,1.0,290.0,80.0,210.0,24.12,95.0,27.0,68.0,24.16,3908712.0,1042552.0,1710016.0,456304.0,7.0,0.0,51.0,10.0,0.0,2810.0,0.0,5e-05,20000000.0,39087120.0,10425520.0,17100160.0,4563040.0,0.7241379310344828,0.7157894736842105
444,444.0,1.0,160.0,43.0,117.0,23.66,38.0,10.0,28.0,24.16,3897352.0,1051552.0,1797872.0,479184.0,14.0,0.0,51.0,10.0,0.0,3190.0,0.0,5e-05,20000000.0,38973520.0,10515520.0,17978720.0,4791840.0,0.73125,0.7368421052631579
445,445.0,1.0,290.0,89.0,201.0,24.17,95.0,27.0,68.0,24.16,3686152.0,1032704.0,1599648.0,428712.0,7.0,0.0,51.0,10.0,0.0,2130.0,0.0,5e-05,20000000.0,36861520.0,10327040.0,15996480.0,4287120.0,0.6931034482758621,0.7157894736842105
446,446.0,1.0,320.0,102.0,218.0,22.18,304.0,90.0,214.0,24.57,336272.0,92712.0,1170784.0,316320.0,2.0,0.0,51.0,10.0,0.0,4260.0,0.0,5e-05,20000000.0,3362720.0,927120.0,11707840.0,3163200.0,0.68125,0.7039473684210527
447,447.0,1.0,290.0,78.0,212.0,23.37,95.0,26.0,69.0,21.46,3583432.0,972456.0,1445632.0,402448.0,7.0,0.0,51.0,10.0,0.0,3600.0,0.0,5e-05,20000000.0,35834320.0,9724560.0,14456320.0,4024480.0,0.7310344827586207,0.7263157894736842
448,448.0,1.0,160.0,43.0,117.0,22.91,38.0,10.0,28.0,19.89,3330176.0,875552.0,70832.0,18640.0,14.0,0.0,51.0,10.0,0.0,2710.0,0.0,5e-05,20000000.0,33301760.0,8755520.0,708320.0,186400.0,0.73125,0.7368421052631579
449,449.0,1.0,160.0,43.0,117.0,25.48,38.0,10.0,28.0,24.16,4527816.0,1209168.0,1337328.0,364048.0,14.0,0.0,51.0,10.0,0.0,3060.0,0.0,5e-05,20000000.0,45278160.0,12091680.0,13373280.0,3640480.0,0.73125,0.7368421052631579
450,450.0,1.0,160.0,43.0,117.0,26.16,38.0,10.0,28.0,27.0,4934072.0,1320720.0,2258416.0,594320.0,14.0,0.0,51.0,10.0,0.0,1160.0,0.0,5e-05,20000000.0,49340720.0,13207200.0,22584160.0,5943200.0,0.73125,0.7368421052631579
451,451.0,1.0,290.0,78.0,212.0,26.45,95.0,25.0,70.0,27.0,4764712.0,1263496.0,2320888.0,610760.0,7.0,0.0,51.0,10.0,0.0,290.0,0.0,5e-05,20000000.0,47647120.0,12634960.0,23208880.0,6107600.0,0.7310344827586207,0.7368421052631579
452,452.0,1.0,320.0,80.0,240.0,26.6,304.0,80.0,224.0,27.0,487424.0,121856.0,1361920.0,358400.0,2.0,0.0,51.0,10.0,0.0,880.0,0.0,5e-05,20000000.0,4874240.0,1218560.0,13619200.0,3584000.0,0.75,0.7368421052631579
453,453.0,1.0,320.0,80.0,240.0,23.71,171.0,56.0,115.0,21.83,1546624.0,386656.0,1184816.0,333576.0,4.0,0.0,51.0,10.0,0.0,3620.0,0.0,5e-05,20000000.0,15466240.0,3866560.0,11848160.0,3335760.0,0.75,0.672514619883041
454,454.0,1.0,320.0,89.0,231.0,24.54,171.0,45.0,126.0,27.0,1677368.0,439192.0,1975848.0,519960.0,4.0,0.0,51.0,10.0,0.0,3870.0,0.0,5e-05,20000000.0,16773680.0,4391920.0,19758480.0,5199600.0,0.721875,0.7368421052631579
455,455.0,1.0,320.0,107.0,213.0,22.49,304.0,92.0,212.0,24.55,341456.0,97544.0,1153408.0,316592.0,2.0,0.0,51.0,10.0,0.0,3260.0,0.0,5e-05,20000000.0,3414560.0,975440.0,11534080.0,3165920.0,0.665625,0.6973684210526315
456,456.0,1.0,160.0,48.0,112.0,25.02,38.0,14.0,24.0,22.74,4766848.0,1295552.0,1740304.0,486640.0,14.0,0.0,51.0,10.0,0.0,800.0,0.0,5e-05,20000000.0,47668480.0,12955520.0,17403040.0,4866400.0,0.7,0.631578947368421
457,457.0,1.0,320.0,80.0,240.0,26.41,171.0,45.0,126.0,27.0,1880192.0,470048.0,1975848.0,519960.0,4.0,0.0,51.0,10.0,0.0,1280.0,0.0,5e-05,20000000.0,18801920.0,4700480.0,19758480.0,5199600.0,0.75,0.7368421052631579
458,458.0,1.0,160.0,45.0,115.0,23.68,38.0,11.0,27.0,23.61,4058608.0,1114400.0,1797872.0,481048.0,14.0,0.0,51.0,10.0,0.0,1700.0,0.0,5e-05,20000000.0,40586080.0,11144000.0,17978720.0,4810480.0,0.71875,0.7105263157894737
459,459.0,1.0,160.0,43.0,117.0,26.39,38.0,10.0,28.0,27.0,5315824.0,1386776.0,2258416.0,594320.0,14.0,0.0,51.0,10.0,0.0,3990.0,0.0,5e-05,20000000.0,53158240.0,13867760.0,22584160.0,5943200.0,0.73125,0.7368421052631579
460,460.0,1.0,320.0,95.0,225.0,23.31,171.0,50.0,121.0,24.63,1461408.0,390472.0,1488856.0,398592.0,4.0,0.0,51.0,10.0,0.0,3550.0,0.0,5e-05,20000000.0,14614080.0,3904720.0,14888560.0,3985920.0,0.703125,0.7076023391812866
461,461.0,1.0,290.0,78.0,212.0,20.27,95.0,26.0,69.0,16.79,2265192.0,595816.0,235968.0,73776.0,7.0,0.0,51.0,10.0,0.0,4430.0,0.0,5e-05,20000000.0,22651920.0,5958160.0,2359680.0,737760.0,0.7310344827586207,0.7263157894736842
462,462.0,1.0,320.0,88.0,232.0,24.37,171.0,45.0,126.0,27.0,1405872.0,366056.0,1975848.0,519960.0,4.0,0.0,51.0,10.0,0.0,3440.0,0.0,5e-05,20000000.0,14058720.0,3660560.0,19758480.0,5199600.0,0.725,0.7368421052631579
463,463.0,1.0,290.0,78.0,212.0,23.4,95.0,25.0,70.0,22.74,3908712.0,1040936.0,1848216.0,492592.0,7.0,0.0,51.0,10.0,0.0,3630.0,0.0,5e-05,20000000.0,39087120.0,10409360.0,18482160.0,4925920.0,0.7310344827586207,0.7368421052631579
464,464.0,1.0,290.0,78.0,212.0,26.64,95.0,25.0,70.0,27.0,4781832.0,1280616.0,2320888.0,610760.0,7.0,0.0,51.0,10.0,0.0,470.0,0.0,5e-05,20000000.0,47818320.0,12806160.0,23208880.0,6107600.0,0.7310344827586207,0.7368421052631579
465,465.0,1.0,160.0,43.0,117.0,26.61,38.0,10.0,28.0,27.0,5355000.0,1425952.0,2258416.0,594320.0,14.0,0.0,51.0,10.0,0.0,2470.0,0.0,5e-05,20000000.0,53550000.0,14259520.0,22584160.0,5943200.0,0.73125,0.7368421052631579
466,466.0,1.0,290.0,79.0,211.0,26.45,95.0,25.0,70.0,27.0,4747592.0,1264304.0,2320888.0,610760.0,7.0,0.0,51.0,10.0,0.0,510.0,0.0,5e-05,20000000.0,47475920.0,12643040.0,23208880.0,6107600.0,0.7275862068965517,0.7368421052631579
467,467.0,1.0,320.0,86.0,234.0,19.96,171.0,49.0,122.0,18.63,1028952.0,264552.0,1080840.0,310608.0,4.0,0.0,51.0,10.0,0.0,4920.0,0.0,5e-05,20000000.0,10289520.0,2645520.0,10808400.0,3106080.0,0.73125,0.7134502923976608
468,468.0,1.0,320.0,86.0,234.0,25.21,171.0,45.0,126.0,27.0,1619472.0,414616.0,1975848.0,519960.0,4.0,0.0,51.0,10.0,0.0,3980.0,0.0,5e-05,20000000.0,16194720.0,4146160.0,19758480.0,5199600.0,0.73125,0.7368421052631579
469,469.0,1.0,290.0,78.0,212.0,26.59,95.0,25.0,70.0,27.0,4720392.0,1265256.0,2320888.0,610760.0,7.0,0.0,51.0,10.0,0.0,940.0,0.0,5e-05,20000000.0,47203920.0,12652560.0,23208880.0,6107600.0,0.7310344827586207,0.7368421052631579
470,470.0,1.0,320.0,80.0,240.0,26.6,304.0,80.0,224.0,27.0,487424.0,121856.0,1361920.0,358400.0,2.0,0.0,51.0,10.0,0.0,950.0,0.0,5e-05,20000000.0,4874240.0,1218560.0,13619200.0,3584000.0,0.75,0.7368421052631579
471,471.0,1.0,320.0,80.0,240.0,26.6,304.0,80.0,224.0,27.0,487424.0,121856.0,1361920.0,358400.0,2.0,0.0,51.0,10.0,0.0,870.0,0.0,5e-05,20000000.0,4874240.0,1218560.0,13619200.0,3584000.0,0.75,0.7368421052631579
472,472.0,1.0,290.0,80.0,210.0,24.22,95.0,25.0,70.0,27.0,3693192.0,1010072.0,2320888.0,610760.0,7.0,0.0,51.0,10.0,0.0,2980.0,0.0,5e-05,20000000.0,36931920.0,10100720.0,23208880.0,6107600.0,0.7241379310344828,0.7368421052631579
473,473.0,1.0,160.0,44.0,116.0,26.09,38.0,10.0,28.0,27.0,4804664.0,1289320.0,2258416.0,594320.0,14.0,0.0,51.0,10.0,0.0,1070.0,0.0,5e-05,20000000.0,48046640.0,12893200.0,22584160.0,5943200.0,0.725,0.7368421052631579
474,474.0,1.0,320.0,80.0,240.0,26.0,304.0,93.0,211.0,24.96,479744.0,119936.0,1131688.0,316728.0,2.0,0.0,51.0,10.0,0.0,4110.0,0.0,5e-05,20000000.0,4797440.0,1199360.0,11316880.0,3167280.0,0.75,0.694078947368421
475,475.0,1.0,320.0,95.0,225.0,25.15,304.0,80.0,224.0,27.0,449192.0,119288.0,1361920.0,358400.0,2.0,0.0,51.0,10.0,0.0,1320.0,0.0,5e-05,20000000.0,4491920.0,1192880.0,13619200.0,3584000.0,0.703125,0.7368421052631579
476,476.0,1.0,320.0,80.0,240.0,26.65,304.0,80.0,224.0,27.0,494080.0,123520.0,1361920.0,358400.0,2.0,0.0,51.0,10.0,0.0,410.0,0.0,5e-05,20000000.0,4940800.0,1235200.0,13619200.0,3584000.0,0.75,0.7368421052631579
477,477.0,1.0,160.0,43.0,117.0,21.44,38.0,10.0,28.0,21.42,3213976.0,817120.0,1452464.0,364048.0,14.0,0.0,51.0,10.0,0.0,4200.0,0.0,5e-05,20000000.0,32139760.0,8171200.0,14524640.0,3640480.0,0.73125,0.7368421052631579
478,478.0,1.0,320.0,80.0,240.0,26.65,304.0,80.0,224.0,27.0,494080.0,123520.0,1361920.0,358400.0,2.0,0.0,51.0,10.0,0.0,2470.0,0.0,5e-05,20000000.0,4940800.0,1235200.0,13619200.0,3584000.0,0.75,0.7368421052631579
479,479.0,1.0,320.0,80.0,240.0,26.41,171.0,45.0,126.0,27.0,1880192.0,470048.0,1975848.0,519960.0,4.0,0.0,51.0,10.0,0.0,80.0,0.0,5e-05,20000000.0,18801920.0,4700480.0,19758480.0,5199600.0,0.75,0.7368421052631579
480,480.0,1.0,320.0,89.0,231.0,25.3,304.0,95.0,209.0,22.61,434584.0,112840.0,899576.0,248112.0,2.0,0.0,51.0,10.0,0.0,3900.0,0.0,5e-05,20000000.0,4345840.0,1128400.0,8995760.0,2481120.0,0.721875,0.6875
481,481.0,1.0,320.0,94.0,226.0,23.78,171.0,63.0,108.0,20.73,1610400.0,423376.0,1152960.0,321864.0,4.0,0.0,51.0,10.0,0.0,2520.0,0.0,5e-05,20000000.0,16104000.0,4233760.0,11529600.0,3218640.0,0.70625,0.631578947368421
482,482.0,1.0,320.0,80.0,240.0,26.48,171.0,45.0,126.0,25.63,1915904.0,478976.0,1581384.0,421344.0,4.0,0.0,51.0,10.0,0.0,900.0,0.0,5e-05,20000000.0,19159040.0,4789760.0,15813840.0,4213440.0,0.75,0.7368421052631579
483,483.0,1.0,160.0,43.0,117.0,23.14,38.0,10.0,28.0,22.74,3784088.0,1033224.0,1337328.0,364048.0,14.0,0.0,51.0,10.0,0.0,2670.0,0.0,5e-05,20000000.0,37840880.0,10332240.0,13373280.0,3640480.0,0.73125,0.7368421052631579
484,484.0,1.0,320.0,80.0,240.0,26.21,171.0,53.0,118.0,25.58,1942144.0,485536.0,1699280.0,473296.0,4.0,0.0,51.0,10.0,0.0,340.0,0.0,5e-05,20000000.0,19421440.0,4855360.0,16992800.0,4732960.0,0.75,0.6900584795321637
485,485.0,1.0,290.0,79.0,211.0,26.39,95.0,25.0,70.0,27.0,4611112.0,1243024.0,2320888.0,610760.0,7.0,0.0,51.0,10.0,0.0,80.0,0.0,5e-05,20000000.0,46111120.0,12430240.0,23208880.0,6107600.0,0.7275862068965517,0.7368421052631579
486,486.0,1.0,320.0,98.0,222.0,21.61,304.0,104.0,200.0,19.48,345920.0,90848.0,875392.0,227000.0,2.0,0.0,51.0,10.0,0.0,4210.0,0.0,5e-05,20000000.0,3459200.0,908480.0,8753920.0,2270000.0,0.69375,0.6578947368421053
487,487.0,1.0,160.0,43.0,117.0,24.83,38.0,10.0,28.0,24.26,4491192.0,1210000.0,1797872.0,479184.0,14.0,0.0,51.0,10.0,0.0,2170.0,0.0,5e-05,20000000.0,44911920.0,12100000.0,17978720.0,4791840.0,0.73125,0.7368421052631579
488,488.0,1.0,160.0,44.0,116.0,25.15,38.0,10.0,28.0,25.58,4673080.0,1212424.0,1913008.0,479184.0,14.0,0.0,51.0,10.0,0.0,1970.0,0.0,5e-05,20000000.0,46730800.0,12124240.0,19130080.0,4791840.0,0.725,0.7368421052631579
489,489.0,1.0,320.0,97.0,223.0,23.9,304.0,89.0,215.0,25.58,403808.0,110080.0,1201192.0,329216.0,2.0,0.0,51.0,10.0,0.0,3090.0,0.0,5e-05,20000000.0,4038080.0,1100800.0,12011920.0,3292160.0,0.696875,0.7072368421052632
490,490.0,1.0,160.0,43.0,117.0,26.61,38.0,10.0,28.0,27.0,5355000.0,1425952.0,2258416.0,594320.0,14.0,0.0,51.0,10.0,0.0,260.0,0.0,5e-05,20000000.0,53550000.0,14259520.0,22584160.0,5943200.0,0.73125,0.7368421052631579
491,491.0,1.0,320.0,80.0,240.0,25.6,304.0,98.0,206.0,20.63,494080.0,123520.0,879736.0,243560.0,2.0,0.0,51.0,10.0,0.0,4770.0,0.0,5e-05,20000000.0,4940800.0,1235200.0,8797360.0,2435600.0,0.75,0.6776315789473685
492,492.0,1.0,160.0,43.0,117.0,18.96,38.0,10.0,28.0,18.47,2860064.0,758024.0,991920.0,248912.0,14.0,0.0,51.0,10.0,0.0,4840.0,0.0,5e-05,20000000.0,28600640.0,7580240.0,9919200.0,2489120.0,0.73125,0.7368421052631579
493,493.0,1.0,290.0,78.0,212.0,26.64,95.0,25.0,70.0,27.0,4781832.0,1280616.0,2320888.0,610760.0,7.0,0.0,51.0,10.0,0.0,230.0,0.0,5e-05,20000000.0,47818320.0,12806160.0,23208880.0,6107600.0,0.7310344827586207,0.7368421052631579
494,494.0,1.0,290.0,78.0,212.0,22.86,95.0,26.0,69.0,21.6,3350792.0,922856.0,1501728.0,416472.0,7.0,0.0,51.0,10.0,0.0,3760.0,0.0,5e-05,20000000.0,33507920.0,9228560.0,15017280.0,4164720.0,0.7310344827586207,0.7263157894736842
495,495.0,1.0,320.0,80.0,240.0,26.56,171.0,45.0,126.0,27.0,1942144.0,485536.0,1975848.0,519960.0,4.0,0.0,51.0,10.0,0.0,170.0,0.0,5e-05,20000000.0,19421440.0,4855360.0,19758480.0,5199600.0,0.75,0.7368421052631579
496,496.0,1.0,290.0,78.0,212.0,22.47,95.0,25.0,70.0,21.64,3514952.0,903976.0,1493712.0,374424.0,7.0,0.0,51.0,10.0,0.0,3910.0,0.0,5e-05,20000000.0,35149520.0,9039760.0,14937120.0,3744240.0,0.7310344827586207,0.7368421052631579
497,497.0,1.0,290.0,80.0,210.0,26.11,95.0,25.0,70.0,27.0,4474152.0,1209592.0,2320888.0,610760.0,7.0,0.0,51.0,10.0,0.0,1320.0,0.0,5e-05,20000000.0,44741520.0,12095920.0,23208880.0,6107600.0,0.7241379310344828,0.7368421052631579
498,498.0,1.0,320.0,102.0,218.0,24.2,304.0,96.0,208.0,25.22,420112.0,113672.0,1222912.0,343200.0,2.0,0.0,51.0,10.0,0.0,2100.0,0.0,5e-05,20000000.0,4201120.0,1136720.0,12229120.0,3432000.0,0.68125,0.6842105263157895
499,499.0,1.0,160.0,43.0,117.0,22.55,38.0,10.0,28.0,27.0,4013688.0,1031424.0,2258416.0,594320.0,14.0,0.0,51.0,10.0,0.0,4580.0,0.0,5e-05,20000000.0,40136880.0,10314240.0,22584160.0,5943200.0,0.73125,0.7368421052631579
500,500.0,1.0,160.0,43.0,117.0,25.98,38.0,10.0,28.0,25.58,4804600.0,1288352.0,1797872.0,479184.0,14.0,0.0,51.0,10.0,0.0,2110.0,0.0,5e-05,20000000.0,48046000.0,12883520.0,17978720.0,4791840.0,0.73125,0.7368421052631579
501,501.0,1.0,320.0,94.0,226.0,25.25,304.0,80.0,224.0,27.0,452048.0,119536.0,1361920.0,358400.0,2.0,0.0,51.0,10.0,0.0,830.0,0.0,5e-05,20000000.0,4520480.0,1195360.0,13619200.0,3584000.0,0.70625,0.7368421052631579
502,502.0,1.0,320.0,80.0,240.0,25.8,304.0,110.0,194.0,19.76,487424.0,121856.0,732040.0,236504.0,2.0,0.0,51.0,10.0,0.0,5000.0,0.0,5e-05,20000000.0,4874240.0,1218560.0,7320400.0,2365040.0,0.75,0.6381578947368421
503,503.0,1.0,160.0,44.0,116.0,24.16,38.0,10.0,28.0,19.89,4588032.0,1230168.0,1337328.0,364048.0,14.0,0.0,51.0,10.0,0.0,2010.0,0.0,5e-05,20000000.0,45880320.0,12301680.0,13373280.0,3640480.0,0.725,0.7368421052631579
504,504.0,1.0,160.0,43.0,117.0,20.14,38.0,10.0,28.0,17.74,2831800.0,721576.0,991920.0,248912.0,14.0,0.0,51.0,10.0,0.0,4750.0,0.0,5e-05,20000000.0,28318000.0,7215760.0,9919200.0,2489120.0,0.73125,0.7368421052631579
505,505.0,1.0,320.0,105.0,215.0,21.43,304.0,104.0,200.0,21.31,352352.0,97728.0,918832.0,248720.0,2.0,0.0,51.0,10.0,0.0,4220.0,0.0,5e-05,20000000.0,3523520.0,977280.0,9188320.0,2487200.0,0.671875,0.6578947368421053
506,506.0,1.0,290.0,81.0,209.0,23.44,95.0,26.0,69.0,21.12,3624712.0,976640.0,1498536.0,416016.0,7.0,0.0,51.0,10.0,0.0,3020.0,0.0,5e-05,20000000.0,36247120.0,9766400.0,14985360.0,4160160.0,0.7206896551724138,0.7263157894736842
507,507.0,1.0,320.0,85.0,235.0,24.75,171.0,57.0,114.0,18.03,1594064.0,406384.0,735320.0,197744.0,4.0,0.0,51.0,10.0,0.0,3720.0,0.0,5e-05,20000000.0,15940640.0,4063840.0,7353200.0,1977440.0,0.734375,0.6666666666666666
508,508.0,1.0,320.0,80.0,240.0,26.65,304.0,80.0,224.0,27.0,494080.0,123520.0,1361920.0,358400.0,2.0,0.0,51.0,10.0,0.0,190.0,0.0,5e-05,20000000.0,4940800.0,1235200.0,13619200.0,3584000.0,0.75,0.7368421052631579
509,509.0,1.0,320.0,80.0,240.0,26.5,304.0,107.0,197.0,22.11,479744.0,119936.0,1014400.0,275192.0,2.0,0.0,51.0,10.0,0.0,3240.0,0.0,5e-05,20000000.0,4797440.0,1199360.0,10144000.0,2751920.0,0.75,0.6480263157894737
510,510.0,1.0,160.0,43.0,117.0,24.42,38.0,10.0,28.0,25.63,4454448.0,1171432.0,1806768.0,481408.0,14.0,0.0,51.0,10.0,0.0,4450.0,0.0,5e-05,20000000.0,44544480.0,11714320.0,18067680.0,4814080.0,0.73125,0.7368421052631579
511,511.0,1.0,320.0,82.0,238.0,24.0,171.0,47.0,124.0,24.96,1516280.0,381848.0,1410560.0,378808.0,4.0,0.0,51.0,10.0,0.0,4690.0,0.0,5e-05,20000000.0,15162800.0,3818480.0,14105600.0,3788080.0,0.74375,0.7251461988304093
512,512.0,1.0,290.0,78.0,212.0,26.59,95.0,25.0,70.0,27.0,4720392.0,1265256.0,2320888.0,610760.0,7.0,0.0,51.0,10.0,0.0,1140.0,0.0,5e-05,20000000.0,47203920.0,12652560.0,23208880.0,6107600.0,0.7310344827586207,0.7368421052631579
513,513.0,1.0,290.0,78.0,212.0,23.32,95.0,25.0,70.0,21.44,3624712.0,957096.0,1493712.0,374424.0,7.0,0.0,51.0,10.0,0.0,4650.0,0.0,5e-05,20000000.0,36247120.0,9570960.0,14937120.0,3744240.0,0.7310344827586207,0.7368421052631579
514,514.0,1.0,320.0,103.0,217.0,23.97,171.0,52.0,119.0,25.58,1588072.0,447216.0,1822576.0,496104.0,4.0,0.0,51.0,10.0,0.0,1520.0,0.0,5e-05,20000000.0,15880720.0,4472160.0,18225760.0,4961040.0,0.678125,0.695906432748538
515,515.0,1.0,160.0,43.0,117.0,19.8,38.0,10.0,28.0,24.21,3467128.0,894784.0,1346224.0,366272.0,14.0,0.0,51.0,10.0,0.0,4700.0,0.0,5e-05,20000000.0,34671280.0,8947840.0,13462240.0,3662720.0,0.73125,0.7368421052631579
516,516.0,1.0,320.0,93.0,227.0,24.74,304.0,80.0,224.0,27.0,444232.0,116312.0,1361920.0,358400.0,2.0,0.0,51.0,10.0,0.0,3160.0,0.0,5e-05,20000000.0,4442320.0,1163120.0,13619200.0,3584000.0,0.709375,0.7368421052631579
517,517.0,1.0,320.0,107.0,213.0,21.06,171.0,51.0,120.0,24.16,1199376.0,338568.0,1704096.0,451896.0,4.0,0.0,51.0,10.0,0.0,3290.0,0.0,5e-05,20000000.0,11993760.0,3385680.0,17040960.0,4518960.0,0.665625,0.7017543859649122
518,518.0,1.0,320.0,93.0,227.0,24.88,304.0,92.0,212.0,23.8,447448.0,119528.0,1109968.0,299216.0,2.0,0.0,51.0,10.0,0.0,2830.0,0.0,5e-05,20000000.0,4474480.0,1195280.0,11099680.0,2992160.0,0.709375,0.6973684210526315
519,519.0,1.0,320.0,89.0,231.0,20.93,171.0,51.0,120.0,19.63,1039184.0,269952.0,1052632.0,288904.0,4.0,0.0,51.0,10.0,0.0,4800.0,0.0,5e-05,20000000.0,10391840.0,2699520.0,10526320.0,2889040.0,0.721875,0.7017543859649122
520,520.0,1.0,320.0,80.0,240.0,26.6,304.0,80.0,224.0,27.0,487424.0,121856.0,1361920.0,358400.0,2.0,0.0,51.0,10.0,0.0,890.0,0.0,5e-05,20000000.0,4874240.0,1218560.0,13619200.0,3584000.0,0.75,0.7368421052631579
521,521.0,1.0,320.0,106.0,214.0,23.61,304.0,96.0,208.0,24.69,394384.0,109104.0,1153408.0,317136.0,2.0,0.0,51.0,10.0,0.0,2750.0,0.0,5e-05,20000000.0,3943840.0,1091040.0,11534080.0,3171360.0,0.66875,0.6842105263157895
522,522.0,1.0,320.0,93.0,227.0,24.86,304.0,106.0,198.0,21.94,440792.0,117864.0,1023088.0,283744.0,2.0,0.0,51.0,10.0,0.0,2950.0,0.0,5e-05,20000000.0,4407920.0,1178640.0,10230880.0,2837440.0,0.709375,0.6513157894736842
523,523.0,1.0,320.0,92.0,228.0,25.21,171.0,65.0,106.0,22.05,1767112.0,463768.0,1464912.0,398840.0,4.0,0.0,51.0,10.0,0.0,1600.0,0.0,5e-05,20000000.0,17671120.0,4637680.0,14649120.0,3988400.0,0.7125,0.6198830409356725
524,524.0,1.0,160.0,43.0,117.0,25.62,38.0,10.0,28.0,24.26,4841448.0,1287576.0,1797872.0,479184.0,14.0,0.0,51.0,10.0,0.0,3180.0,0.0,5e-05,20000000.0,48414480.0,12875760.0,17978720.0,4791840.0,0.73125,0.7368421052631579
525,525.0,1.0,290.0,80.0,210.0,23.82,95.0,26.0,69.0,22.78,3641832.0,992952.0,2025480.0,547752.0,7.0,0.0,51.0,10.0,0.0,3030.0,0.0,5e-05,20000000.0,36418320.0,9929520.0,20254800.0,5477520.0,0.7241379310344828,0.7263157894736842
526,526.0,1.0,320.0,80.0,240.0,26.65,304.0,112.0,192.0,24.16,494080.0,123520.0,1222912.0,362752.0,2.0,0.0,51.0,10.0,0.0,250.0,0.0,5e-05,20000000.0,4940800.0,1235200.0,12229120.0,3627520.0,0.75,0.631578947368421
527,527.0,1.0,320.0,80.0,240.0,26.65,304.0,93.0,211.0,25.58,494080.0,123520.0,1253320.0,347136.0,2.0,0.0,51.0,10.0,0.0,1650.0,0.0,5e-05,20000000.0,4940800.0,1235200.0,12533200.0,3471360.0,0.75,0.694078947368421
528,528.0,1.0,320.0,93.0,227.0,24.79,304.0,90.0,214.0,25.09,415288.0,109880.0,1214224.0,333696.0,2.0,0.0,51.0,10.0,0.0,3110.0,0.0,5e-05,20000000.0,4152880.0,1098800.0,12142240.0,3336960.0,0.709375,0.7039473684210527
529,529.0,1.0,290.0,78.0,212.0,26.59,95.0,25.0,70.0,27.0,4720392.0,1265256.0,2320888.0,610760.0,7.0,0.0,51.0,10.0,0.0,980.0,0.0,5e-05,20000000.0,47203920.0,12652560.0,23208880.0,6107600.0,0.7310344827586207,0.7368421052631579
530,530.0,1.0,160.0,43.0,117.0,23.08,38.0,10.0,28.0,24.16,3507920.0,934800.0,1337328.0,364048.0,14.0,0.0,51.0,10.0,0.0,3830.0,0.0,5e-05,20000000.0,35079200.0,9348000.0,13373280.0,3640480.0,0.73125,0.7368421052631579
531,531.0,1.0,320.0,92.0,228.0,22.91,171.0,51.0,120.0,23.22,1325280.0,347328.0,1309456.0,340808.0,4.0,0.0,51.0,10.0,0.0,4250.0,0.0,5e-05,20000000.0,13252800.0,3473280.0,13094560.0,3408080.0,0.7125,0.7017543859649122
532,532.0,1.0,290.0,82.0,208.0,25.06,95.0,25.0,70.0,27.0,4028552.0,1061288.0,2320888.0,610760.0,7.0,0.0,51.0,10.0,0.0,2790.0,0.0,5e-05,20000000.0,40285520.0,10612880.0,23208880.0,6107600.0,0.7172413793103448,0.7368421052631579
533,533.0,1.0,290.0,78.0,212.0,23.92,95.0,25.0,70.0,22.56,3788872.0,1006696.0,1375544.0,374424.0,7.0,0.0,51.0,10.0,0.0,4830.0,0.0,5e-05,20000000.0,37888720.0,10066960.0,13755440.0,3744240.0,0.7310344827586207,0.7368421052631579
534,534.0,1.0,320.0,101.0,219.0,22.72,171.0,51.0,120.0,24.22,1506376.0,404096.0,1588736.0,420560.0,4.0,0.0,51.0,10.0,0.0,2540.0,0.0,5e-05,20000000.0,15063760.0,4040960.0,15887360.0,4205600.0,0.684375,0.7017543859649122
535,535.0,1.0,290.0,78.0,212.0,19.08,95.0,26.0,69.0,16.01,2939912.0,820136.0,1445632.0,402448.0,7.0,0.0,51.0,10.0,0.0,4600.0,0.0,5e-05,20000000.0,29399120.0,8201360.0,14456320.0,4024480.0,0.7310344827586207,0.7263157894736842
536,536.0,1.0,160.0,43.0,117.0,22.74,38.0,10.0,28.0,20.58,4235096.0,1072400.0,1452464.0,364048.0,14.0,0.0,51.0,10.0,0.0,4040.0,0.0,5e-05,20000000.0,42350960.0,10724000.0,14524640.0,3640480.0,0.73125,0.7368421052631579
537,537.0,1.0,320.0,93.0,227.0,25.15,171.0,69.0,102.0,21.63,1744832.0,458880.0,1429528.0,387424.0,4.0,0.0,51.0,10.0,0.0,800.0,0.0,5e-05,20000000.0,17448320.0,4588800.0,14295280.0,3874240.0,0.709375,0.5964912280701754
538,538.0,1.0,320.0,80.0,240.0,26.56,171.0,45.0,126.0,27.0,1942144.0,485536.0,1975848.0,519960.0,4.0,0.0,51.0,10.0,0.0,50.0,0.0,5e-05,20000000.0,19421440.0,4855360.0,19758480.0,5199600.0,0.75,0.7368421052631579
539,539.0,1.0,320.0,90.0,230.0,24.25,171.0,57.0,114.0,23.53,1666888.0,434304.0,1405992.0,386880.0,4.0,0.0,51.0,10.0,0.0,2040.0,0.0,5e-05,20000000.0,16668880.0,4343040.0,14059920.0,3868800.0,0.71875,0.6666666666666666
540,540.0,1.0,320.0,102.0,218.0,21.99,171.0,56.0,115.0,21.5,1393512.0,368744.0,1181176.0,316088.0,4.0,0.0,51.0,10.0,0.0,3340.0,0.0,5e-05,20000000.0,13935120.0,3687440.0,11811760.0,3160880.0,0.68125,0.672514619883041
541,541.0,1.0,160.0,44.0,116.0,25.89,38.0,14.0,24.0,24.16,4859648.0,1269344.0,2028144.0,601776.0,14.0,0.0,51.0,10.0,0.0,750.0,0.0,5e-05,20000000.0,48596480.0,12693440.0,20281440.0,6017760.0,0.725,0.631578947368421
542,542.0,1.0,320.0,80.0,240.0,26.5,171.0,45.0,126.0,27.0,1915904.0,478976.0,1975848.0,519960.0,4.0,0.0,51.0,10.0,0.0,3790.0,0.0,5e-05,20000000.0,19159040.0,4789760.0,19758480.0,5199600.0,0.75,0.7368421052631579
543,543.0,1.0,320.0,80.0,240.0,25.2,304.0,80.0,224.0,27.0,378368.0,94592.0,1361920.0,358400.0,2.0,0.0,51.0,10.0,0.0,1190.0,0.0,5e-05,20000000.0,3783680.0,945920.0,13619200.0,3584000.0,0.75,0.7368421052631579
544,544.0,1.0,320.0,87.0,233.0,24.86,171.0,53.0,118.0,23.51,1589104.0,409768.0,1323648.0,367256.0,4.0,0.0,51.0,10.0,0.0,2740.0,0.0,5e-05,20000000.0,15891040.0,4097680.0,13236480.0,3672560.0,0.728125,0.6900584795321637
545,545.0,1.0,320.0,89.0,231.0,25.3,304.0,80.0,224.0,27.0,434584.0,112840.0,1361920.0,358400.0,2.0,0.0,51.0,10.0,0.0,2870.0,0.0,5e-05,20000000.0,4345840.0,1128400.0,13619200.0,3584000.0,0.721875,0.7368421052631579
546,546.0,1.0,320.0,80.0,240.0,26.48,171.0,48.0,123.0,22.68,1915904.0,478976.0,1205416.0,318272.0,4.0,0.0,51.0,10.0,0.0,4590.0,0.0,5e-05,20000000.0,19159040.0,4789760.0,12054160.0,3182720.0,0.75,0.7192982456140351
547,547.0,1.0,320.0,80.0,240.0,26.6,304.0,80.0,224.0,25.63,487424.0,121856.0,1089536.0,290304.0,2.0,0.0,51.0,10.0,0.0,1920.0,0.0,5e-05,20000000.0,4874240.0,1218560.0,10895360.0,2903040.0,0.75,0.7368421052631579
548,548.0,1.0,290.0,86.0,204.0,23.73,95.0,29.0,66.0,23.31,3908712.0,1098760.0,1738032.0,497904.0,7.0,0.0,51.0,10.0,0.0,2340.0,0.0,5e-05,20000000.0,39087120.0,10987600.0,17380320.0,4979040.0,0.7034482758620689,0.6947368421052632
549,549.0,1.0,320.0,90.0,230.0,23.56,171.0,53.0,118.0,21.88,1396624.0,359664.0,1435392.0,386152.0,4.0,0.0,51.0,10.0,0.0,3460.0,0.0,5e-05,20000000.0,13966240.0,3596640.0,14353920.0,3861520.0,0.71875,0.6900584795321637
550,550.0,1.0,290.0,78.0,212.0,24.45,95.0,27.0,68.0,21.66,3925832.0,1058056.0,1710016.0,482560.0,7.0,0.0,51.0,10.0,0.0,3930.0,0.0,5e-05,20000000.0,39258320.0,10580560.0,17100160.0,4825600.0,0.7310344827586207,0.7157894736842105
551,551.0,1.0,290.0,80.0,210.0,26.17,95.0,27.0,68.0,25.58,4542152.0,1230872.0,2102096.0,574016.0,7.0,0.0,51.0,10.0,0.0,2530.0,0.0,5e-05,20000000.0,45421520.0,12308720.0,21020960.0,5740160.0,0.7241379310344828,0.7157894736842105
552,552.0,1.0,160.0,44.0,116.0,26.33,38.0,10.0,28.0,27.0,5039040.0,1348568.0,2258416.0,594320.0,14.0,0.0,51.0,10.0,0.0,720.0,0.0,5e-05,20000000.0,50390400.0,13485680.0,22584160.0,5943200.0,0.725,0.7368421052631579
553,553.0,1.0,290.0,80.0,210.0,25.58,95.0,30.0,65.0,23.87,4473672.0,1179512.0,1841688.0,525048.0,7.0,0.0,51.0,10.0,0.0,1680.0,0.0,5e-05,20000000.0,44736720.0,11795120.0,18416880.0,5250480.0,0.7241379310344828,0.6842105263157895
554,554.0,1.0,320.0,80.0,240.0,26.65,304.0,80.0,224.0,27.0,494080.0,123520.0,1361920.0,358400.0,2.0,0.0,51.0,10.0,0.0,240.0,0.0,5e-05,20000000.0,4940800.0,1235200.0,13619200.0,3584000.0,0.75,0.7368421052631579
555,555.0,1.0,320.0,110.0,210.0,20.23,304.0,104.0,200.0,21.64,344536.0,101320.0,1036120.0,305192.0,2.0,0.0,51.0,10.0,0.0,4460.0,0.0,5e-05,20000000.0,3445360.0,1013200.0,10361200.0,3051920.0,0.65625,0.6578947368421053
556,556.0,1.0,290.0,81.0,209.0,25.65,95.0,30.0,65.0,25.01,4234472.0,1159040.0,2045576.0,575800.0,7.0,0.0,51.0,10.0,0.0,1300.0,0.0,5e-05,20000000.0,42344720.0,11590400.0,20455760.0,5758000.0,0.7206896551724138,0.6842105263157895
557,557.0,1.0,290.0,82.0,208.0,25.71,95.0,25.0,70.0,27.0,4473672.0,1198248.0,2320888.0,610760.0,7.0,0.0,51.0,10.0,0.0,2330.0,0.0,5e-05,20000000.0,44736720.0,11982480.0,23208880.0,6107600.0,0.7172413793103448,0.7368421052631579
558,558.0,1.0,290.0,87.0,203.0,25.66,95.0,30.0,65.0,25.01,4497832.0,1255408.0,2046944.0,575800.0,7.0,0.0,51.0,10.0,0.0,710.0,0.0,5e-05,20000000.0,44978320.0,12554080.0,20469440.0,5758000.0,0.7,0.6842105263157895
559,559.0,1.0,290.0,78.0,212.0,26.59,95.0,25.0,70.0,27.0,4720392.0,1265256.0,2320888.0,610760.0,7.0,0.0,51.0,10.0,0.0,1990.0,0.0,5e-05,20000000.0,47203920.0,12652560.0,23208880.0,6107600.0,0.7310344827586207,0.7368421052631579
560,560.0,1.0,160.0,43.0,117.0,26.1,38.0,10.0,28.0,27.0,4961304.0,1327528.0,2258416.0,594320.0,14.0,0.0,51.0,10.0,0.0,2450.0,0.0,5e-05,20000000.0,49613040.0,13275280.0,22584160.0,5943200.0,0.73125,0.7368421052631579
561,561.0,1.0,320.0,89.0,231.0,25.12,171.0,45.0,126.0,27.0,1668744.0,432672.0,1975848.0,519960.0,4.0,0.0,51.0,10.0,0.0,2160.0,0.0,5e-05,20000000.0,16687440.0,4326720.0,19758480.0,5199600.0,0.721875,0.7368421052631579
562,562.0,1.0,320.0,80.0,240.0,26.41,171.0,54.0,117.0,25.26,1880192.0,470048.0,1768816.0,496672.0,4.0,0.0,51.0,10.0,0.0,1300.0,0.0,5e-05,20000000.0,18801920.0,4700480.0,17688160.0,4966720.0,0.75,0.6842105263157895
563,563.0,1.0,320.0,92.0,228.0,23.75,171.0,50.0,121.0,23.05,1447272.0,383376.0,1347368.0,366256.0,4.0,0.0,51.0,10.0,0.0,3320.0,0.0,5e-05,20000000.0,14472720.0,3833760.0,13473680.0,3662560.0,0.7125,0.7076023391812866
564,564.0,1.0,160.0,43.0,117.0,24.91,38.0,10.0,28.0,24.16,4511264.0,1170824.0,1452464.0,364048.0,14.0,0.0,51.0,10.0,0.0,2680.0,0.0,5e-05,20000000.0,45112640.0,11708240.0,14524640.0,3640480.0,0.73125,0.7368421052631579
565,565.0,1.0,320.0,96.0,224.0,23.95,304.0,80.0,224.0,27.0,416672.0,110016.0,1361920.0,358400.0,2.0,0.0,51.0,10.0,0.0,4580.0,0.0,5e-05,20000000.0,4166720.0,1100160.0,13619200.0,3584000.0,0.7,0.7368421052631579
566,566.0,1.0,320.0,103.0,217.0,23.35,304.0,97.0,207.0,24.81,418504.0,116952.0,1240288.0,347680.0,2.0,0.0,51.0,10.0,0.0,2300.0,0.0,5e-05,20000000.0,4185040.0,1169520.0,12402880.0,3476800.0,0.678125,0.680921052631579
567,567.0,1.0,160.0,43.0,117.0,17.59,38.0,10.0,28.0,18.79,2808888.0,750248.0,1337328.0,364048.0,14.0,0.0,51.0,10.0,0.0,4120.0,0.0,5e-05,20000000.0,28088880.0,7502480.0,13373280.0,3640480.0,0.73125,0.7368421052631579
568,568.0,1.0,160.0,43.0,117.0,20.88,38.0,10.0,28.0,21.42,3429568.0,934800.0,1337328.0,364048.0,14.0,0.0,51.0,10.0,0.0,4730.0,0.0,5e-05,20000000.0,34295680.0,9348000.0,13373280.0,3640480.0,0.73125,0.7368421052631579
569,569.0,1.0,320.0,102.0,218.0,23.35,171.0,51.0,120.0,25.58,1426080.0,387160.0,1795696.0,482528.0,4.0,0.0,51.0,10.0,0.0,2490.0,0.0,5e-05,20000000.0,14260800.0,3871600.0,17956960.0,4825280.0,0.68125,0.7017543859649122
570,570.0,1.0,160.0,43.0,117.0,21.68,38.0,10.0,28.0,18.47,3758784.0,992304.0,991920.0,248912.0,14.0,0.0,51.0,10.0,0.0,3130.0,0.0,5e-05,20000000.0,37587840.0,9923040.0,9919200.0,2489120.0,0.73125,0.7368421052631579
571,571.0,1.0,160.0,43.0,117.0,23.66,38.0,10.0,28.0,25.58,4013688.0,1031424.0,1797872.0,479184.0,14.0,0.0,51.0,10.0,0.0,2950.0,0.0,5e-05,20000000.0,40136880.0,10314240.0,17978720.0,4791840.0,0.73125,0.7368421052631579
572,572.0,1.0,320.0,107.0,213.0,23.64,304.0,93.0,211.0,25.33,421720.0,118816.0,1253320.0,347136.0,2.0,0.0,51.0,10.0,0.0,2060.0,0.0,5e-05,20000000.0,4217200.0,1188160.0,12533200.0,3471360.0,0.665625,0.694078947368421
573,573.0,1.0,320.0,80.0,240.0,26.65,304.0,80.0,224.0,27.0,494080.0,123520.0,1361920.0,358400.0,2.0,0.0,51.0,10.0,0.0,320.0,0.0,5e-05,20000000.0,4940800.0,1235200.0,13619200.0,3584000.0,0.75,0.7368421052631579
574,574.0,1.0,320.0,90.0,230.0,23.86,171.0,50.0,121.0,25.58,1470192.0,378848.0,1769408.0,468952.0,4.0,0.0,51.0,10.0,0.0,2970.0,0.0,5e-05,20000000.0,14701920.0,3788480.0,17694080.0,4689520.0,0.71875,0.7076023391812866
575,575.0,1.0,320.0,87.0,233.0,24.6,171.0,52.0,119.0,22.91,1668208.0,429328.0,1571768.0,412600.0,4.0,0.0,51.0,10.0,0.0,3630.0,0.0,5e-05,20000000.0,16682080.0,4293280.0,15717680.0,4126000.0,0.728125,0.695906432748538
576,576.0,1.0,320.0,106.0,214.0,23.05,304.0,91.0,213.0,25.58,384736.0,105888.0,1248976.0,338176.0,2.0,0.0,51.0,10.0,0.0,3230.0,0.0,5e-05,20000000.0,3847360.0,1058880.0,12489760.0,3381760.0,0.66875,0.7006578947368421
577,577.0,1.0,160.0,43.0,117.0,25.79,38.0,10.0,28.0,27.0,5118008.0,1327528.0,2258416.0,594320.0,14.0,0.0,51.0,10.0,0.0,3870.0,0.0,5e-05,20000000.0,51180080.0,13275280.0,22584160.0,5943200.0,0.73125,0.7368421052631579
578,578.0,1.0,320.0,80.0,240.0,26.48,171.0,45.0,126.0,27.0,1915904.0,478976.0,1975848.0,519960.0,4.0,0.0,51.0,10.0,0.0,1040.0,0.0,5e-05,20000000.0,19159040.0,4789760.0,19758480.0,5199600.0,0.75,0.7368421052631579
579,579.0,1.0,320.0,94.0,226.0,20.52,171.0,49.0,122.0,17.6,1056160.0,284312.0,988128.0,257144.0,4.0,0.0,51.0,10.0,0.0,4550.0,0.0,5e-05,20000000.0,10561600.0,2843120.0,9881280.0,2571440.0,0.70625,0.7134502923976608
580,580.0,1.0,320.0,85.0,235.0,24.12,171.0,50.0,121.0,20.4,1494664.0,379688.0,1069520.0,296896.0,4.0,0.0,51.0,10.0,0.0,4510.0,0.0,5e-05,20000000.0,14946640.0,3796880.0,10695200.0,2968960.0,0.734375,0.7076023391812866
581,581.0,1.0,290.0,78.0,212.0,20.83,95.0,26.0,69.0,22.23,2847272.0,715656.0,1655744.0,415592.0,7.0,0.0,51.0,10.0,0.0,4490.0,0.0,5e-05,20000000.0,28472720.0,7156560.0,16557440.0,4155920.0,0.7310344827586207,0.7263157894736842
582,582.0,1.0,320.0,80.0,240.0,26.48,171.0,47.0,124.0,24.32,1942144.0,485536.0,1211648.0,331576.0,4.0,0.0,51.0,10.0,0.0,4470.0,0.0,5e-05,20000000.0,19421440.0,4855360.0,12116480.0,3315760.0,0.75,0.7251461988304093
583,583.0,1.0,290.0,78.0,212.0,23.51,95.0,25.0,70.0,27.0,3446952.0,934056.0,2320888.0,610760.0,7.0,0.0,51.0,10.0,0.0,4560.0,0.0,5e-05,20000000.0,34469520.0,9340560.0,23208880.0,6107600.0,0.7310344827586207,0.7368421052631579
584,584.0,1.0,160.0,43.0,117.0,23.84,38.0,10.0,28.0,21.42,4233160.0,1091504.0,1452464.0,364048.0,14.0,0.0,51.0,10.0,0.0,2520.0,0.0,5e-05,20000000.0,42331600.0,10915040.0,14524640.0,3640480.0,0.73125,0.7368421052631579
585,585.0,1.0,160.0,43.0,117.0,25.49,38.0,10.0,28.0,27.0,4414168.0,1190744.0,2258416.0,594320.0,14.0,0.0,51.0,10.0,0.0,1820.0,0.0,5e-05,20000000.0,44141680.0,11907440.0,22584160.0,5943200.0,0.73125,0.7368421052631579
586,586.0,1.0,160.0,44.0,116.0,25.98,38.0,10.0,28.0,27.0,5122784.0,1349912.0,2258416.0,594320.0,14.0,0.0,51.0,10.0,0.0,2160.0,0.0,5e-05,20000000.0,51227840.0,13499120.0,22584160.0,5943200.0,0.725,0.7368421052631579
587,587.0,1.0,320.0,80.0,240.0,26.54,171.0,52.0,119.0,25.58,1942144.0,485536.0,1822576.0,496104.0,4.0,0.0,51.0,10.0,0.0,1550.0,0.0,5e-05,20000000.0,19421440.0,4855360.0,18225760.0,4961040.0,0.75,0.695906432748538
588,588.0,1.0,290.0,78.0,212.0,26.54,95.0,25.0,70.0,27.0,4764712.0,1263496.0,2320888.0,610760.0,7.0,0.0,51.0,10.0,0.0,390.0,0.0,5e-05,20000000.0,47647120.0,12634960.0,23208880.0,6107600.0,0.7310344827586207,0.7368421052631579
589,589.0,1.0,320.0,94.0,226.0,22.14,171.0,49.0,122.0,21.15,1292608.0,339864.0,1141264.0,295872.0,4.0,0.0,51.0,10.0,0.0,4520.0,0.0,5e-05,20000000.0,12926080.0,3398640.0,11412640.0,2958720.0,0.70625,0.7134502923976608
590,590.0,1.0,320.0,113.0,207.0,21.49,304.0,108.0,196.0,22.45,346144.0,93472.0,983992.0,279672.0,2.0,0.0,51.0,10.0,0.0,2910.0,0.0,5e-05,20000000.0,3461440.0,934720.0,9839920.0,2796720.0,0.646875,0.6447368421052632
591,591.0,1.0,290.0,78.0,212.0,23.59,95.0,25.0,70.0,19.95,3144584.0,837064.0,85232.0,22304.0,7.0,0.0,51.0,10.0,0.0,4710.0,0.0,5e-05,20000000.0,31445840.0,8370640.0,852320.0,223040.0,0.7310344827586207,0.7368421052631579
592,592.0,1.0,320.0,98.0,222.0,22.79,304.0,97.0,207.0,23.32,365216.0,95672.0,1040464.0,286864.0,2.0,0.0,51.0,10.0,0.0,4250.0,0.0,5e-05,20000000.0,3652160.0,956720.0,10404640.0,2868640.0,0.69375,0.680921052631579
593,593.0,1.0,320.0,97.0,223.0,23.9,304.0,101.0,203.0,23.64,410240.0,110080.0,1079560.0,309128.0,2.0,0.0,51.0,10.0,0.0,3780.0,0.0,5e-05,20000000.0,4102400.0,1100800.0,10795600.0,3091280.0,0.696875,0.6677631578947368
594,594.0,1.0,320.0,90.0,230.0,24.72,171.0,45.0,126.0,27.0,1692264.0,440864.0,1975848.0,519960.0,4.0,0.0,51.0,10.0,0.0,2220.0,0.0,5e-05,20000000.0,16922640.0,4408640.0,19758480.0,5199600.0,0.71875,0.7368421052631579
595,595.0,1.0,160.0,43.0,117.0,23.34,38.0,10.0,28.0,25.58,3643584.0,953904.0,1913008.0,479184.0,14.0,0.0,51.0,10.0,0.0,3940.0,0.0,5e-05,20000000.0,36435840.0,9539040.0,19130080.0,4791840.0,0.73125,0.7368421052631579
596,596.0,1.0,320.0,93.0,227.0,23.26,171.0,45.0,126.0,27.0,1498952.0,392656.0,1975848.0,519960.0,4.0,0.0,51.0,10.0,0.0,4580.0,0.0,5e-05,20000000.0,14989520.0,3926560.0,19758480.0,5199600.0,0.709375,0.7368421052631579
597,597.0,1.0,160.0,44.0,116.0,25.01,38.0,12.0,26.0,24.16,4582168.0,1225896.0,1682736.0,482912.0,14.0,0.0,51.0,10.0,0.0,1240.0,0.0,5e-05,20000000.0,45821680.0,12258960.0,16827360.0,4829120.0,0.725,0.6842105263157895
598,598.0,1.0,290.0,89.0,201.0,20.59,95.0,30.0,65.0,22.17,3377992.0,895744.0,1917848.0,497912.0,7.0,0.0,51.0,10.0,0.0,2120.0,0.0,5e-05,20000000.0,33779920.0,8957440.0,19178480.0,4979120.0,0.6931034482758621,0.6842105263157895
599,599.0,1.0,290.0,86.0,204.0,24.47,95.0,25.0,70.0,27.0,4148392.0,1133000.0,2320888.0,610760.0,7.0,0.0,51.0,10.0,0.0,1640.0,0.0,5e-05,20000000.0,41483920.0,11330000.0,23208880.0,6107600.0,0.7034482758620689,0.7368421052631579
600,600.0,1.0,160.0,43.0,117.0,20.31,38.0,10.0,28.0,19.89,3051456.0,815472.0,991920.0,248912.0,14.0,0.0,51.0,10.0,0.0,4680.0,0.0,5e-05,20000000.0,30514560.0,8154720.0,9919200.0,2489120.0,0.73125,0.7368421052631579
601,601.0,1.0,160.0,43.0,117.0,26.26,38.0,10.0,28.0,25.58,4939648.0,1287520.0,1913008.0,479184.0,14.0,0.0,51.0,10.0,0.0,2940.0,0.0,5e-05,20000000.0,49396480.0,12875200.0,19130080.0,4791840.0,0.73125,0.7368421052631579
602,602.0,1.0,320.0,91.0,229.0,24.71,171.0,50.0,121.0,24.63,1705136.0,449056.0,1480808.0,397592.0,4.0,0.0,51.0,10.0,0.0,2830.0,0.0,5e-05,20000000.0,17051360.0,4490560.0,14808080.0,3975920.0,0.715625,0.7076023391812866
603,603.0,1.0,320.0,80.0,240.0,26.5,304.0,103.0,201.0,23.54,479744.0,119936.0,1114312.0,292024.0,2.0,0.0,51.0,10.0,0.0,1310.0,0.0,5e-05,20000000.0,4797440.0,1199360.0,11143120.0,2920240.0,0.75,0.6611842105263158
604,604.0,1.0,320.0,89.0,231.0,24.65,304.0,102.0,202.0,23.18,420248.0,109256.0,1014400.0,283200.0,2.0,0.0,51.0,10.0,0.0,3370.0,0.0,5e-05,20000000.0,4202480.0,1092560.0,10144000.0,2832000.0,0.721875,0.6644736842105263
605,605.0,1.0,290.0,79.0,211.0,23.11,95.0,26.0,69.0,22.49,3190152.0,849264.0,1443872.0,388880.0,7.0,0.0,51.0,10.0,0.0,3250.0,0.0,5e-05,20000000.0,31901520.0,8492640.0,14438720.0,3888800.0,0.7275862068965517,0.7263157894736842
606,606.0,1.0,320.0,80.0,240.0,26.52,171.0,45.0,126.0,27.0,1942144.0,485536.0,1975848.0,519960.0,4.0,0.0,51.0,10.0,0.0,3860.0,0.0,5e-05,20000000.0,19421440.0,4855360.0,19758480.0,5199600.0,0.75,0.7368421052631579
607,607.0,1.0,160.0,43.0,117.0,23.38,38.0,10.0,28.0,21.32,3302944.0,868744.0,991920.0,248912.0,14.0,0.0,51.0,10.0,0.0,4070.0,0.0,5e-05,20000000.0,33029440.0,8687440.0,9919200.0,2489120.0,0.73125,0.7368421052631579
608,608.0,1.0,320.0,89.0,231.0,25.19,171.0,45.0,126.0,27.0,1642664.0,426152.0,1975848.0,519960.0,4.0,0.0,51.0,10.0,0.0,2660.0,0.0,5e-05,20000000.0,16426640.0,4261520.0,19758480.0,5199600.0,0.721875,0.7368421052631579
609,609.0,1.0,290.0,78.0,212.0,20.2,95.0,25.0,70.0,19.89,2101032.0,563336.0,548368.0,138088.0,7.0,0.0,51.0,10.0,0.0,4130.0,0.0,5e-05,20000000.0,21010320.0,5633360.0,5483680.0,1380880.0,0.7310344827586207,0.7368421052631579
610,610.0,1.0,320.0,80.0,240.0,26.6,304.0,98.0,206.0,23.52,487424.0,121856.0,1092592.0,313064.0,2.0,0.0,51.0,10.0,0.0,4170.0,0.0,5e-05,20000000.0,4874240.0,1218560.0,10925920.0,3130640.0,0.75,0.6776315789473685
611,611.0,1.0,320.0,80.0,240.0,26.65,304.0,80.0,224.0,27.0,494080.0,123520.0,1361920.0,358400.0,2.0,0.0,51.0,10.0,0.0,290.0,0.0,5e-05,20000000.0,4940800.0,1235200.0,13619200.0,3584000.0,0.75,0.7368421052631579
612,612.0,1.0,320.0,97.0,223.0,21.95,171.0,53.0,118.0,22.58,1403720.0,386968.0,1179608.0,341672.0,4.0,0.0,51.0,10.0,0.0,4130.0,0.0,5e-05,20000000.0,14037200.0,3869680.0,11796080.0,3416720.0,0.696875,0.6900584795321637
613,613.0,1.0,160.0,43.0,117.0,23.75,38.0,10.0,28.0,25.58,3940792.0,1072400.0,1797872.0,479184.0,14.0,0.0,51.0,10.0,0.0,3890.0,0.0,5e-05,20000000.0,39407920.0,10724000.0,17978720.0,4791840.0,0.73125,0.7368421052631579
614,614.0,1.0,160.0,43.0,117.0,21.32,38.0,10.0,28.0,14.37,3599176.0,912984.0,70832.0,18640.0,14.0,0.0,51.0,10.0,0.0,5000.0,0.0,5e-05,20000000.0,35991760.0,9129840.0,708320.0,186400.0,0.73125,0.7368421052631579
615,615.0,1.0,320.0,80.0,240.0,26.18,171.0,52.0,119.0,25.58,1915904.0,478976.0,1659848.0,459720.0,4.0,0.0,51.0,10.0,0.0,1020.0,0.0,5e-05,20000000.0,19159040.0,4789760.0,16598480.0,4597200.0,0.75,0.695906432748538
616,616.0,1.0,320.0,80.0,240.0,26.48,171.0,45.0,126.0,27.0,1915904.0,478976.0,1975848.0,519960.0,4.0,0.0,51.0,10.0,0.0,1140.0,0.0,5e-05,20000000.0,19159040.0,4789760.0,19758480.0,5199600.0,0.75,0.7368421052631579
617,617.0,1.0,160.0,43.0,117.0,23.22,38.0,10.0,28.0,24.16,3979360.0,1072248.0,1797872.0,479184.0,14.0,0.0,51.0,10.0,0.0,4640.0,0.0,5e-05,20000000.0,39793600.0,10722480.0,17978720.0,4791840.0,0.73125,0.7368421052631579
618,618.0,1.0,320.0,80.0,240.0,26.52,171.0,63.0,108.0,23.72,1942144.0,485536.0,1595944.0,481480.0,4.0,0.0,51.0,10.0,0.0,1500.0,0.0,5e-05,20000000.0,19421440.0,4855360.0,15959440.0,4814800.0,0.75,0.631578947368421
619,619.0,1.0,320.0,80.0,240.0,26.48,171.0,60.0,111.0,23.06,1915904.0,478976.0,1414792.0,387880.0,4.0,0.0,51.0,10.0,0.0,1810.0,0.0,5e-05,20000000.0,19159040.0,4789760.0,14147920.0,3878800.0,0.75,0.6491228070175439
620,620.0,1.0,320.0,80.0,240.0,26.48,171.0,63.0,108.0,24.16,1942144.0,485536.0,1774456.0,526552.0,4.0,0.0,51.0,10.0,0.0,250.0,0.0,5e-05,20000000.0,19421440.0,4855360.0,17744560.0,5265520.0,0.75,0.631578947368421
621,621.0,1.0,160.0,44.0,116.0,26.09,38.0,12.0,26.0,25.58,5395728.0,1447728.0,2143280.0,598048.0,14.0,0.0,51.0,10.0,0.0,340.0,0.0,5e-05,20000000.0,53957280.0,14477280.0,21432800.0,5980480.0,0.725,0.6842105263157895
622,622.0,1.0,320.0,80.0,240.0,26.56,171.0,45.0,126.0,27.0,1942144.0,485536.0,1975848.0,519960.0,4.0,0.0,51.0,10.0,0.0,380.0,0.0,5e-05,20000000.0,19421440.0,4855360.0,19758480.0,5199600.0,0.75,0.7368421052631579
623,623.0,1.0,160.0,43.0,117.0,23.32,38.0,10.0,28.0,24.47,3898096.0,1012320.0,1797872.0,479184.0,14.0,0.0,51.0,10.0,0.0,3080.0,0.0,5e-05,20000000.0,38980960.0,10123200.0,17978720.0,4791840.0,0.73125,0.7368421052631579
624,624.0,1.0,290.0,80.0,210.0,25.24,95.0,25.0,70.0,25.58,4062792.0,1111032.0,1848216.0,492592.0,7.0,0.0,51.0,10.0,0.0,3090.0,0.0,5e-05,20000000.0,40627920.0,11110320.0,18482160.0,4925920.0,0.7241379310344828,0.7368421052631579
625,625.0,1.0,160.0,46.0,114.0,25.12,38.0,11.0,27.0,24.32,5060184.0,1372048.0,1740304.0,481048.0,14.0,0.0,51.0,10.0,0.0,1010.0,0.0,5e-05,20000000.0,50601840.0,13720480.0,17403040.0,4810480.0,0.7125,0.7105263157894737
626,626.0,1.0,160.0,43.0,117.0,22.66,38.0,10.0,28.0,21.53,3742976.0,1013152.0,1337328.0,364048.0,14.0,0.0,51.0,10.0,0.0,3600.0,0.0,5e-05,20000000.0,37429760.0,10131520.0,13373280.0,3640480.0,0.73125,0.7368421052631579
627,627.0,1.0,320.0,93.0,227.0,25.01,171.0,45.0,126.0,27.0,1714664.0,450792.0,1975848.0,519960.0,4.0,0.0,51.0,10.0,0.0,1640.0,0.0,5e-05,20000000.0,17146640.0,4507920.0,19758480.0,5199600.0,0.709375,0.7368421052631579
628,628.0,1.0,160.0,43.0,117.0,24.86,38.0,10.0,28.0,25.58,4529760.0,1209848.0,1797872.0,479184.0,14.0,0.0,51.0,10.0,0.0,2030.0,0.0,5e-05,20000000.0,45297600.0,12098480.0,17978720.0,4791840.0,0.73125,0.7368421052631579
629,629.0,1.0,290.0,78.0,212.0,25.29,95.0,25.0,70.0,25.58,4131752.0,1105256.0,1848216.0,492592.0,7.0,0.0,51.0,10.0,0.0,3370.0,0.0,5e-05,20000000.0,41317520.0,11052560.0,18482160.0,4925920.0,0.7310344827586207,0.7368421052631579
630,630.0,1.0,290.0,85.0,205.0,23.21,95.0,28.0,67.0,23.04,3634792.0,978112.0,1764288.0,497016.0,7.0,0.0,51.0,10.0,0.0,2670.0,0.0,5e-05,20000000.0,36347920.0,9781120.0,17642880.0,4970160.0,0.7068965517241379,0.7052631578947368
631,631.0,1.0,320.0,80.0,240.0,26.6,304.0,80.0,224.0,27.0,487424.0,121856.0,1361920.0,358400.0,2.0,0.0,51.0,10.0,0.0,620.0,0.0,5e-05,20000000.0,4874240.0,1218560.0,13619200.0,3584000.0,0.75,0.7368421052631579
632,632.0,1.0,320.0,117.0,203.0,19.5,304.0,112.0,192.0,20.96,292856.0,84024.0,914488.0,262840.0,2.0,0.0,51.0,10.0,0.0,4200.0,0.0,5e-05,20000000.0,2928560.0,840240.0,9144880.0,2628400.0,0.634375,0.631578947368421
633,633.0,1.0,320.0,87.0,233.0,20.48,171.0,48.0,123.0,23.57,1310640.0,337688.0,1080616.0,293200.0,4.0,0.0,51.0,10.0,0.0,4700.0,0.0,5e-05,20000000.0,13106400.0,3376880.0,10806160.0,2932000.0,0.728125,0.7192982456140351
634,634.0,1.0,320.0,80.0,240.0,26.41,171.0,57.0,114.0,22.33,1880192.0,470048.0,1315616.0,374144.0,4.0,0.0,51.0,10.0,0.0,3240.0,0.0,5e-05,20000000.0,18801920.0,4700480.0,13156160.0,3741440.0,0.75,0.6666666666666666
635,635.0,1.0,320.0,103.0,217.0,23.26,171.0,52.0,119.0,25.43,1548384.0,429928.0,1732616.0,477912.0,4.0,0.0,51.0,10.0,0.0,2060.0,0.0,5e-05,20000000.0,15483840.0,4299280.0,17326160.0,4779120.0,0.678125,0.695906432748538
636,636.0,1.0,290.0,78.0,212.0,26.59,95.0,25.0,70.0,27.0,4720392.0,1265256.0,2320888.0,610760.0,7.0,0.0,51.0,10.0,0.0,130.0,0.0,5e-05,20000000.0,47203920.0,12652560.0,23208880.0,6107600.0,0.7310344827586207,0.7368421052631579
637,637.0,1.0,290.0,81.0,209.0,24.83,95.0,27.0,68.0,24.04,3891592.0,1060480.0,2000592.0,548640.0,7.0,0.0,51.0,10.0,0.0,2740.0,0.0,5e-05,20000000.0,38915920.0,10604800.0,20005920.0,5486400.0,0.7206896551724138,0.7157894736842105
638,638.0,1.0,320.0,106.0,214.0,21.92,171.0,55.0,116.0,23.56,1401040.0,378832.0,1448608.0,395408.0,4.0,0.0,51.0,10.0,0.0,2480.0,0.0,5e-05,20000000.0,14010400.0,3788320.0,14486080.0,3954080.0,0.66875,0.6783625730994152
639,639.0,1.0,320.0,80.0,240.0,26.5,304.0,96.0,208.0,25.58,479744.0,119936.0,1292416.0,360576.0,2.0,0.0,51.0,10.0,0.0,100.0,0.0,5e-05,20000000.0,4797440.0,1199360.0,12924160.0,3605760.0,0.75,0.6842105263157895
640,640.0,1.0,160.0,43.0,117.0,23.5,38.0,10.0,28.0,25.58,4013912.0,1031480.0,1797872.0,479184.0,14.0,0.0,51.0,10.0,0.0,4950.0,0.0,5e-05,20000000.0,40139120.0,10314800.0,17978720.0,4791840.0,0.73125,0.7368421052631579
641,641.0,1.0,320.0,89.0,231.0,25.21,171.0,45.0,126.0,27.0,1643528.0,426152.0,1975848.0,519960.0,4.0,0.0,51.0,10.0,0.0,2870.0,0.0,5e-05,20000000.0,16435280.0,4261520.0,19758480.0,5199600.0,0.721875,0.7368421052631579
642,642.0,1.0,320.0,90.0,230.0,24.68,304.0,92.0,212.0,23.98,425072.0,110928.0,1053496.0,281840.0,2.0,0.0,51.0,10.0,0.0,3310.0,0.0,5e-05,20000000.0,4250720.0,1109280.0,10534960.0,2818400.0,0.71875,0.6973684210526315
643,643.0,1.0,160.0,43.0,117.0,26.26,38.0,10.0,28.0,27.0,4958752.0,1328496.0,2258416.0,594320.0,14.0,0.0,51.0,10.0,0.0,950.0,0.0,5e-05,20000000.0,49587520.0,13284960.0,22584160.0,5943200.0,0.73125,0.7368421052631579
644,644.0,1.0,290.0,78.0,212.0,26.31,95.0,25.0,70.0,27.0,4696232.0,1246376.0,2320888.0,610760.0,7.0,0.0,51.0,10.0,0.0,2760.0,0.0,5e-05,20000000.0,46962320.0,12463760.0,23208880.0,6107600.0,0.7310344827586207,0.7368421052631579
645,645.0,1.0,290.0,78.0,212.0,26.54,95.0,25.0,70.0,27.0,4764712.0,1263496.0,2320888.0,610760.0,7.0,0.0,51.0,10.0,0.0,3990.0,0.0,5e-05,20000000.0,47647120.0,12634960.0,23208880.0,6107600.0,0.7310344827586207,0.7368421052631579
646,646.0,1.0,320.0,80.0,240.0,26.65,304.0,80.0,224.0,27.0,494080.0,123520.0,1361920.0,358400.0,2.0,0.0,51.0,10.0,0.0,1560.0,0.0,5e-05,20000000.0,4940800.0,1235200.0,13619200.0,3584000.0,0.75,0.7368421052631579
647,647.0,1.0,320.0,88.0,232.0,22.25,171.0,55.0,116.0,20.71,1507248.0,383344.0,1001256.0,278976.0,4.0,0.0,51.0,10.0,0.0,3390.0,0.0,5e-05,20000000.0,15072480.0,3833440.0,10012560.0,2789760.0,0.725,0.6783625730994152
648,648.0,1.0,290.0,79.0,211.0,25.94,95.0,28.0,67.0,25.58,4611112.0,1243024.0,2288040.0,628296.0,7.0,0.0,51.0,10.0,0.0,1350.0,0.0,5e-05,20000000.0,46111120.0,12430240.0,22880400.0,6282960.0,0.7275862068965517,0.7052631578947368
649,649.0,1.0,320.0,95.0,225.0,23.64,304.0,91.0,213.0,25.58,391304.0,104816.0,1227256.0,338176.0,2.0,0.0,51.0,10.0,0.0,3350.0,0.0,5e-05,20000000.0,3913040.0,1048160.0,12272560.0,3381760.0,0.703125,0.7006578947368421
650,650.0,1.0,290.0,78.0,212.0,24.04,95.0,28.0,67.0,21.95,3720872.0,1002536.0,1524464.0,417368.0,7.0,0.0,51.0,10.0,0.0,3240.0,0.0,5e-05,20000000.0,37208720.0,10025360.0,15244640.0,4173680.0,0.7310344827586207,0.7052631578947368
651,651.0,1.0,320.0,80.0,240.0,26.6,304.0,80.0,224.0,27.0,487424.0,121856.0,1361920.0,358400.0,2.0,0.0,51.0,10.0,0.0,660.0,0.0,5e-05,20000000.0,4874240.0,1218560.0,13619200.0,3584000.0,0.75,0.7368421052631579
652,652.0,1.0,320.0,103.0,217.0,21.82,304.0,97.0,207.0,23.66,367048.0,100872.0,1140376.0,312928.0,2.0,0.0,51.0,10.0,0.0,4540.0,0.0,5e-05,20000000.0,3670480.0,1008720.0,11403760.0,3129280.0,0.678125,0.680921052631579
653,653.0,1.0,290.0,80.0,210.0,23.14,95.0,26.0,69.0,24.16,3419272.0,941592.0,1495016.0,415136.0,7.0,0.0,51.0,10.0,0.0,3050.0,0.0,5e-05,20000000.0,34192720.0,9415920.0,14950160.0,4151360.0,0.7241379310344828,0.7263157894736842
654,654.0,1.0,290.0,82.0,208.0,24.94,95.0,27.0,68.0,25.58,4165512.0,1112648.0,2072320.0,546880.0,7.0,0.0,51.0,10.0,0.0,2260.0,0.0,5e-05,20000000.0,41655120.0,11126480.0,20723200.0,5468800.0,0.7172413793103448,0.7157894736842105
655,655.0,1.0,320.0,80.0,240.0,26.1,171.0,50.0,121.0,24.06,1915904.0,478976.0,1296656.0,357160.0,4.0,0.0,51.0,10.0,0.0,3730.0,0.0,5e-05,20000000.0,19159040.0,4789760.0,12966560.0,3571600.0,0.75,0.7076023391812866
656,656.0,1.0,160.0,43.0,117.0,23.46,38.0,10.0,28.0,22.74,3713808.0,986272.0,1337328.0,364048.0,14.0,0.0,51.0,10.0,0.0,3250.0,0.0,5e-05,20000000.0,37138080.0,9862720.0,13373280.0,3640480.0,0.73125,0.7368421052631579
657,657.0,1.0,290.0,78.0,212.0,20.96,95.0,25.0,70.0,25.29,3001352.0,767016.0,1966384.0,492592.0,7.0,0.0,51.0,10.0,0.0,4850.0,0.0,5e-05,20000000.0,30013520.0,7670160.0,19663840.0,4925920.0,0.7310344827586207,0.7368421052631579
658,658.0,1.0,320.0,91.0,229.0,24.45,304.0,104.0,200.0,21.23,437576.0,114520.0,918832.0,240032.0,2.0,0.0,51.0,10.0,0.0,3020.0,0.0,5e-05,20000000.0,4375760.0,1145200.0,9188320.0,2400320.0,0.715625,0.6578947368421053
659,659.0,1.0,160.0,43.0,117.0,20.96,38.0,10.0,28.0,21.58,3395832.0,896984.0,1346224.0,366272.0,14.0,0.0,51.0,10.0,0.0,3500.0,0.0,5e-05,20000000.0,33958320.0,8969840.0,13462240.0,3662720.0,0.73125,0.7368421052631579
660,660.0,1.0,160.0,44.0,116.0,26.33,38.0,10.0,28.0,27.0,5118944.0,1368544.0,2258416.0,594320.0,14.0,0.0,51.0,10.0,0.0,160.0,0.0,5e-05,20000000.0,51189440.0,13685440.0,22584160.0,5943200.0,0.725,0.7368421052631579
661,661.0,1.0,320.0,107.0,213.0,23.55,304.0,92.0,212.0,25.58,397600.0,110776.0,1257664.0,342656.0,2.0,0.0,51.0,10.0,0.0,2490.0,0.0,5e-05,20000000.0,3976000.0,1107760.0,12576640.0,3426560.0,0.665625,0.6973684210526315
662,662.0,1.0,160.0,43.0,117.0,15.74,38.0,10.0,28.0,10.37,2152960.0,581248.0,70832.0,18640.0,14.0,0.0,51.0,10.0,0.0,4010.0,0.0,5e-05,20000000.0,21529600.0,5812480.0,708320.0,186400.0,0.73125,0.7368421052631579
663,663.0,1.0,160.0,43.0,117.0,24.07,38.0,10.0,28.0,22.74,3989976.0,1084696.0,1337328.0,364048.0,14.0,0.0,51.0,10.0,0.0,4050.0,0.0,5e-05,20000000.0,39899760.0,10846960.0,13373280.0,3640480.0,0.73125,0.7368421052631579
664,664.0,1.0,320.0,80.0,240.0,26.65,304.0,106.0,198.0,23.09,494080.0,123520.0,1075216.0,292432.0,2.0,0.0,51.0,10.0,0.0,2620.0,0.0,5e-05,20000000.0,4940800.0,1235200.0,10752160.0,2924320.0,0.75,0.6513157894736842
665,665.0,1.0,290.0,85.0,205.0,24.85,95.0,34.0,61.0,22.52,4011912.0,1093792.0,1920064.0,541288.0,7.0,0.0,51.0,10.0,0.0,1200.0,0.0,5e-05,20000000.0,40119120.0,10937920.0,19200640.0,5412880.0,0.7068965517241379,0.6421052631578947
666,666.0,1.0,320.0,80.0,240.0,26.48,171.0,45.0,126.0,27.0,1915904.0,478976.0,1975848.0,519960.0,4.0,0.0,51.0,10.0,0.0,130.0,0.0,5e-05,20000000.0,19159040.0,4789760.0,19758480.0,5199600.0,0.75,0.7368421052631579
667,667.0,1.0,320.0,90.0,230.0,21.69,171.0,52.0,119.0,20.87,1244368.0,325376.0,1093032.0,283432.0,4.0,0.0,51.0,10.0,0.0,4210.0,0.0,5e-05,20000000.0,12443680.0,3253760.0,10930320.0,2834320.0,0.71875,0.695906432748538
668,668.0,1.0,290.0,78.0,212.0,20.48,95.0,26.0,69.0,20.35,3206792.0,818376.0,1496448.0,375768.0,7.0,0.0,51.0,10.0,0.0,4460.0,0.0,5e-05,20000000.0,32067920.0,8183760.0,14964480.0,3757680.0,0.7310344827586207,0.7263157894736842
669,669.0,1.0,290.0,78.0,212.0,21.6,95.0,25.0,70.0,21.4,2922792.0,768776.0,1493712.0,374424.0,7.0,0.0,51.0,10.0,0.0,4200.0,0.0,5e-05,20000000.0,29227920.0,7687760.0,14937120.0,3744240.0,0.7310344827586207,0.7368421052631579
670,670.0,1.0,290.0,82.0,208.0,24.73,95.0,25.0,70.0,25.58,3796360.0,1029256.0,1848216.0,492592.0,7.0,0.0,51.0,10.0,0.0,2960.0,0.0,5e-05,20000000.0,37963600.0,10292560.0,18482160.0,4925920.0,0.7172413793103448,0.7368421052631579
671,671.0,1.0,290.0,78.0,212.0,25.62,95.0,25.0,70.0,27.0,4268232.0,1126536.0,2320888.0,610760.0,7.0,0.0,51.0,10.0,0.0,3980.0,0.0,5e-05,20000000.0,42682320.0,11265360.0,23208880.0,6107600.0,0.7310344827586207,0.7368421052631579
672,672.0,1.0,320.0,80.0,240.0,26.5,171.0,45.0,126.0,27.0,1942144.0,485536.0,1975848.0,519960.0,4.0,0.0,51.0,10.0,0.0,210.0,0.0,5e-05,20000000.0,19421440.0,4855360.0,19758480.0,5199600.0,0.75,0.7368421052631579
673,673.0,1.0,320.0,80.0,240.0,26.42,171.0,45.0,126.0,27.0,1915904.0,478976.0,1975848.0,519960.0,4.0,0.0,51.0,10.0,0.0,1860.0,0.0,5e-05,20000000.0,19159040.0,4789760.0,19758480.0,5199600.0,0.75,0.7368421052631579
674,674.0,1.0,320.0,90.0,230.0,21.67,171.0,55.0,116.0,19.49,1378800.0,359992.0,1064584.0,280680.0,4.0,0.0,51.0,10.0,0.0,4030.0,0.0,5e-05,20000000.0,13788000.0,3599920.0,10645840.0,2806800.0,0.71875,0.6783625730994152
675,675.0,1.0,320.0,96.0,224.0,25.3,304.0,80.0,224.0,27.0,468352.0,124544.0,1361920.0,358400.0,2.0,0.0,51.0,10.0,0.0,430.0,0.0,5e-05,20000000.0,4683520.0,1245440.0,13619200.0,3584000.0,0.7,0.7368421052631579
676,676.0,1.0,320.0,90.0,230.0,25.12,171.0,52.0,119.0,23.79,1667048.0,434344.0,1458976.0,394112.0,4.0,0.0,51.0,10.0,0.0,2510.0,0.0,5e-05,20000000.0,16670480.0,4343440.0,14589760.0,3941120.0,0.71875,0.695906432748538
677,677.0,1.0,290.0,83.0,207.0,24.7,95.0,26.0,69.0,25.58,3891592.0,1044976.0,2018896.0,519736.0,7.0,0.0,51.0,10.0,0.0,2780.0,0.0,5e-05,20000000.0,38915920.0,10449760.0,20188960.0,5197360.0,0.7137931034482758,0.7263157894736842
678,678.0,1.0,290.0,78.0,212.0,22.92,95.0,25.0,70.0,21.36,3453512.0,939976.0,1375544.0,374424.0,7.0,0.0,51.0,10.0,0.0,4400.0,0.0,5e-05,20000000.0,34535120.0,9399760.0,13755440.0,3744240.0,0.7310344827586207,0.7368421052631579
679,679.0,1.0,320.0,80.0,240.0,26.65,304.0,90.0,214.0,25.58,494080.0,123520.0,1214224.0,333696.0,2.0,0.0,51.0,10.0,0.0,2770.0,0.0,5e-05,20000000.0,4940800.0,1235200.0,12142240.0,3336960.0,0.75,0.7039473684210527
680,680.0,1.0,290.0,84.0,206.0,22.72,95.0,27.0,68.0,24.2,3600552.0,977304.0,1892048.0,521504.0,7.0,0.0,51.0,10.0,0.0,2480.0,0.0,5e-05,20000000.0,36005520.0,9773040.0,18920480.0,5215040.0,0.7103448275862069,0.7157894736842105
681,681.0,1.0,320.0,80.0,240.0,26.56,171.0,45.0,126.0,27.0,1942144.0,485536.0,1975848.0,519960.0,4.0,0.0,51.0,10.0,0.0,550.0,0.0,5e-05,20000000.0,19421440.0,4855360.0,19758480.0,5199600.0,0.75,0.7368421052631579
682,682.0,1.0,160.0,44.0,116.0,24.88,38.0,11.0,27.0,25.58,4389248.0,1151720.0,2028144.0,538616.0,14.0,0.0,51.0,10.0,0.0,1130.0,0.0,5e-05,20000000.0,43892480.0,11517200.0,20281440.0,5386160.0,0.725,0.7105263157894737
683,683.0,1.0,290.0,81.0,209.0,23.28,95.0,27.0,68.0,22.86,3583432.0,923520.0,1494624.0,376200.0,7.0,0.0,51.0,10.0,0.0,2910.0,0.0,5e-05,20000000.0,35834320.0,9235200.0,14946240.0,3762000.0,0.7206896551724138,0.7157894736842105
684,684.0,1.0,320.0,80.0,240.0,26.5,171.0,45.0,126.0,27.0,1942144.0,485536.0,1975848.0,519960.0,4.0,0.0,51.0,10.0,0.0,220.0,0.0,5e-05,20000000.0,19421440.0,4855360.0,19758480.0,5199600.0,0.75,0.7368421052631579
685,685.0,1.0,290.0,81.0,209.0,25.52,95.0,25.0,70.0,27.0,4114152.0,1128960.0,2320888.0,610760.0,7.0,0.0,51.0,10.0,0.0,2850.0,0.0,5e-05,20000000.0,41141520.0,11289600.0,23208880.0,6107600.0,0.7206896551724138,0.7368421052631579
686,686.0,1.0,160.0,43.0,117.0,23.98,38.0,10.0,28.0,27.0,4292016.0,1110800.0,2258416.0,594320.0,14.0,0.0,51.0,10.0,0.0,3160.0,0.0,5e-05,20000000.0,42920160.0,11108000.0,22584160.0,5943200.0,0.73125,0.7368421052631579
687,687.0,1.0,320.0,80.0,240.0,26.15,171.0,60.0,111.0,24.32,1915904.0,478976.0,1481336.0,435296.0,4.0,0.0,51.0,10.0,0.0,680.0,0.0,5e-05,20000000.0,19159040.0,4789760.0,14813360.0,4352960.0,0.75,0.6491228070175439
688,688.0,1.0,320.0,80.0,240.0,26.65,304.0,80.0,224.0,27.0,494080.0,123520.0,1361920.0,358400.0,2.0,0.0,51.0,10.0,0.0,490.0,0.0,5e-05,20000000.0,4940800.0,1235200.0,13619200.0,3584000.0,0.75,0.7368421052631579
689,689.0,1.0,320.0,97.0,223.0,23.55,171.0,54.0,117.0,24.79,1516080.0,409496.0,1611680.0,456944.0,4.0,0.0,51.0,10.0,0.0,2420.0,0.0,5e-05,20000000.0,15160800.0,4094960.0,16116800.0,4569440.0,0.696875,0.6842105263157895
690,690.0,1.0,290.0,81.0,209.0,26.21,95.0,25.0,70.0,27.0,4600552.0,1250560.0,2320888.0,610760.0,7.0,0.0,51.0,10.0,0.0,1110.0,0.0,5e-05,20000000.0,46005520.0,12505600.0,23208880.0,6107600.0,0.7206896551724138,0.7368421052631579
691,691.0,1.0,160.0,43.0,117.0,26.22,38.0,10.0,28.0,27.0,5198296.0,1386776.0,2258416.0,594320.0,14.0,0.0,51.0,10.0,0.0,1740.0,0.0,5e-05,20000000.0,51982960.0,13867760.0,22584160.0,5943200.0,0.73125,0.7368421052631579
692,692.0,1.0,160.0,43.0,117.0,24.22,38.0,10.0,28.0,24.26,4724312.0,1229104.0,1797872.0,479184.0,14.0,0.0,51.0,10.0,0.0,4820.0,0.0,5e-05,20000000.0,47243120.0,12291040.0,17978720.0,4791840.0,0.73125,0.7368421052631579
693,693.0,1.0,160.0,43.0,117.0,24.72,38.0,10.0,28.0,27.0,4647896.0,1249176.0,2258416.0,594320.0,14.0,0.0,51.0,10.0,0.0,2930.0,0.0,5e-05,20000000.0,46478960.0,12491760.0,22584160.0,5943200.0,0.73125,0.7368421052631579
694,694.0,1.0,160.0,43.0,117.0,21.12,38.0,10.0,28.0,21.42,3173472.0,797200.0,1452464.0,364048.0,14.0,0.0,51.0,10.0,0.0,4490.0,0.0,5e-05,20000000.0,31734720.0,7972000.0,14524640.0,3640480.0,0.73125,0.7368421052631579
695,695.0,1.0,320.0,101.0,219.0,24.2,171.0,51.0,120.0,25.58,1601608.0,436032.0,1727792.0,473432.0,4.0,0.0,51.0,10.0,0.0,1460.0,0.0,5e-05,20000000.0,16016080.0,4360320.0,17277920.0,4734320.0,0.684375,0.7017543859649122
696,696.0,1.0,290.0,83.0,207.0,23.01,95.0,30.0,65.0,24.19,3877160.0,1011408.0,1947552.0,550952.0,7.0,0.0,51.0,10.0,0.0,1710.0,0.0,5e-05,20000000.0,38771600.0,10114080.0,19475520.0,5509520.0,0.7137931034482758,0.6842105263157895
697,697.0,1.0,160.0,43.0,117.0,22.39,38.0,10.0,28.0,21.32,3333440.0,876368.0,1452464.0,364048.0,14.0,0.0,51.0,10.0,0.0,3460.0,0.0,5e-05,20000000.0,33334400.0,8763680.0,14524640.0,3640480.0,0.73125,0.7368421052631579
698,698.0,1.0,320.0,80.0,240.0,26.5,304.0,94.0,210.0,25.58,479744.0,119936.0,1266352.0,351616.0,2.0,0.0,51.0,10.0,0.0,1180.0,0.0,5e-05,20000000.0,4797440.0,1199360.0,12663520.0,3516160.0,0.75,0.6907894736842105
699,699.0,1.0,160.0,43.0,117.0,25.49,38.0,10.0,28.0,24.26,4764808.0,1268416.0,1797872.0,479184.0,14.0,0.0,51.0,10.0,0.0,4350.0,0.0,5e-05,20000000.0,47648080.0,12684160.0,17978720.0,4791840.0,0.73125,0.7368421052631579
700,700.0,1.0,320.0,94.0,226.0,25.3,304.0,80.0,224.0,27.0,458704.0,121200.0,1361920.0,358400.0,2.0,0.0,51.0,10.0,0.0,2270.0,0.0,5e-05,20000000.0,4587040.0,1212000.0,13619200.0,3584000.0,0.70625,0.7368421052631579
701,701.0,1.0,320.0,92.0,228.0,22.55,171.0,53.0,118.0,24.0,1458480.0,380256.0,1531928.0,430224.0,4.0,0.0,51.0,10.0,0.0,3130.0,0.0,5e-05,20000000.0,14584800.0,3802560.0,15319280.0,4302240.0,0.7125,0.6900584795321637
702,702.0,1.0,290.0,81.0,209.0,25.19,95.0,25.0,70.0,25.58,4011432.0,1077600.0,1848216.0,492592.0,7.0,0.0,51.0,10.0,0.0,2750.0,0.0,5e-05,20000000.0,40114320.0,10776000.0,18482160.0,4925920.0,0.7206896551724138,0.7368421052631579
703,703.0,1.0,160.0,43.0,117.0,26.5,38.0,10.0,28.0,27.0,5277976.0,1406696.0,2258416.0,594320.0,14.0,0.0,51.0,10.0,0.0,1980.0,0.0,5e-05,20000000.0,52779760.0,14066960.0,22584160.0,5943200.0,0.73125,0.7368421052631579
704,704.0,1.0,320.0,107.0,213.0,21.28,171.0,60.0,111.0,22.05,1287280.0,366144.0,1257176.0,374440.0,4.0,0.0,51.0,10.0,0.0,2360.0,0.0,5e-05,20000000.0,12872800.0,3661440.0,12571760.0,3744400.0,0.665625,0.6491228070175439
705,705.0,1.0,320.0,80.0,240.0,25.7,171.0,63.0,108.0,22.47,1915904.0,478976.0,1457816.0,446504.0,4.0,0.0,51.0,10.0,0.0,3000.0,0.0,5e-05,20000000.0,19159040.0,4789760.0,14578160.0,4465040.0,0.75,0.631578947368421
706,706.0,1.0,320.0,80.0,240.0,26.65,304.0,80.0,224.0,27.0,494080.0,123520.0,1361920.0,358400.0,2.0,0.0,51.0,10.0,0.0,3990.0,0.0,5e-05,20000000.0,4940800.0,1235200.0,13619200.0,3584000.0,0.75,0.7368421052631579
707,707.0,1.0,320.0,80.0,240.0,26.2,304.0,93.0,211.0,25.58,487424.0,121856.0,1253320.0,347136.0,2.0,0.0,51.0,10.0,0.0,1020.0,0.0,5e-05,20000000.0,4874240.0,1218560.0,12533200.0,3471360.0,0.75,0.694078947368421
708,708.0,1.0,290.0,81.0,209.0,25.67,95.0,25.0,70.0,24.16,4576392.0,1214560.0,1493712.0,374424.0,7.0,0.0,51.0,10.0,0.0,2680.0,0.0,5e-05,20000000.0,45763920.0,12145600.0,14937120.0,3744240.0,0.7206896551724138,0.7368421052631579
709,709.0,1.0,320.0,106.0,214.0,22.5,171.0,61.0,110.0,24.16,1370144.0,396968.0,1603744.0,472112.0,4.0,0.0,51.0,10.0,0.0,1400.0,0.0,5e-05,20000000.0,13701440.0,3969680.0,16037440.0,4721120.0,0.66875,0.6432748538011696
710,710.0,1.0,160.0,43.0,117.0,26.44,38.0,10.0,28.0,27.0,5090776.0,1359896.0,2258416.0,594320.0,14.0,0.0,51.0,10.0,0.0,1380.0,0.0,5e-05,20000000.0,50907760.0,13598960.0,22584160.0,5943200.0,0.73125,0.7368421052631579
711,711.0,1.0,320.0,80.0,240.0,26.56,171.0,45.0,126.0,27.0,1942144.0,485536.0,1975848.0,519960.0,4.0,0.0,51.0,10.0,0.0,60.0,0.0,5e-05,20000000.0,19421440.0,4855360.0,19758480.0,5199600.0,0.75,0.7368421052631579
712,712.0,1.0,320.0,80.0,240.0,26.38,171.0,47.0,124.0,21.57,1915904.0,478976.0,1217856.0,308744.0,4.0,0.0,51.0,10.0,0.0,4650.0,0.0,5e-05,20000000.0,19159040.0,4789760.0,12178560.0,3087440.0,0.75,0.7251461988304093
713,713.0,1.0,160.0,43.0,117.0,26.5,38.0,10.0,28.0,27.0,5078216.0,1346768.0,2258416.0,594320.0,14.0,0.0,51.0,10.0,0.0,30.0,0.0,5e-05,20000000.0,50782160.0,13467680.0,22584160.0,5943200.0,0.73125,0.7368421052631579
714,714.0,1.0,320.0,90.0,230.0,24.41,304.0,80.0,224.0,27.0,368432.0,96768.0,1361920.0,358400.0,2.0,0.0,51.0,10.0,0.0,4870.0,0.0,5e-05,20000000.0,3684320.0,967680.0,13619200.0,3584000.0,0.71875,0.7368421052631579
715,715.0,1.0,320.0,80.0,240.0,26.56,171.0,45.0,126.0,27.0,1942144.0,485536.0,1975848.0,519960.0,4.0,0.0,51.0,10.0,0.0,70.0,0.0,5e-05,20000000.0,19421440.0,4855360.0,19758480.0,5199600.0,0.75,0.7368421052631579
716,716.0,1.0,290.0,78.0,212.0,21.07,95.0,25.0,70.0,24.16,2641832.0,698536.0,1493712.0,374424.0,7.0,0.0,51.0,10.0,0.0,3650.0,0.0,5e-05,20000000.0,26418320.0,6985360.0,14937120.0,3744240.0,0.7310344827586207,0.7368421052631579
717,717.0,1.0,320.0,93.0,227.0,24.05,304.0,112.0,192.0,21.87,447224.0,117864.0,1010056.0,280216.0,2.0,0.0,51.0,10.0,0.0,2020.0,0.0,5e-05,20000000.0,4472240.0,1178640.0,10100560.0,2802160.0,0.709375,0.631578947368421
718,718.0,1.0,160.0,43.0,117.0,23.59,38.0,10.0,28.0,22.74,3940184.0,1072248.0,1337328.0,364048.0,14.0,0.0,51.0,10.0,0.0,3510.0,0.0,5e-05,20000000.0,39401840.0,10722480.0,13373280.0,3640480.0,0.73125,0.7368421052631579
719,719.0,1.0,160.0,44.0,116.0,25.26,38.0,11.0,27.0,25.58,4559480.0,1184048.0,2028144.0,538616.0,14.0,0.0,51.0,10.0,0.0,1260.0,0.0,5e-05,20000000.0,45594800.0,11840480.0,20281440.0,5386160.0,0.725,0.7105263157894737
720,720.0,1.0,160.0,43.0,117.0,23.44,38.0,10.0,28.0,22.74,4117568.0,1072400.0,1452464.0,364048.0,14.0,0.0,51.0,10.0,0.0,2390.0,0.0,5e-05,20000000.0,41175680.0,10724000.0,14524640.0,3640480.0,0.73125,0.7368421052631579
721,721.0,1.0,160.0,43.0,117.0,22.98,38.0,10.0,28.0,25.58,3564840.0,934024.0,1913008.0,479184.0,14.0,0.0,51.0,10.0,0.0,4980.0,0.0,5e-05,20000000.0,35648400.0,9340240.0,19130080.0,4791840.0,0.73125,0.7368421052631579
722,722.0,1.0,160.0,46.0,114.0,22.98,38.0,10.0,28.0,24.26,3944280.0,1076056.0,1797872.0,479184.0,14.0,0.0,51.0,10.0,0.0,2480.0,0.0,5e-05,20000000.0,39442800.0,10760560.0,17978720.0,4791840.0,0.7125,0.7368421052631579
723,723.0,1.0,320.0,80.0,240.0,26.6,304.0,80.0,224.0,27.0,487424.0,121856.0,1361920.0,358400.0,2.0,0.0,51.0,10.0,0.0,1040.0,0.0,5e-05,20000000.0,4874240.0,1218560.0,13619200.0,3584000.0,0.75,0.7368421052631579
724,724.0,1.0,290.0,78.0,212.0,21.79,95.0,25.0,70.0,27.0,3087432.0,831336.0,2320888.0,610760.0,7.0,0.0,51.0,10.0,0.0,4990.0,0.0,5e-05,20000000.0,30874320.0,8313360.0,23208880.0,6107600.0,0.7310344827586207,0.7368421052631579
725,725.0,1.0,160.0,43.0,117.0,21.64,38.0,10.0,28.0,21.32,3446120.0,874720.0,1452464.0,364048.0,14.0,0.0,51.0,10.0,0.0,4910.0,0.0,5e-05,20000000.0,34461200.0,8747200.0,14524640.0,3640480.0,0.73125,0.7368421052631579
726,726.0,1.0,290.0,83.0,207.0,25.2,95.0,28.0,67.0,25.58,4165992.0,1126416.0,2123920.0,574024.0,7.0,0.0,51.0,10.0,0.0,1260.0,0.0,5e-05,20000000.0,41659920.0,11264160.0,21239200.0,5740240.0,0.7137931034482758,0.7052631578947368
727,727.0,1.0,320.0,110.0,210.0,20.2,304.0,103.0,201.0,20.44,310544.0,91616.0,810232.0,244240.0,2.0,0.0,51.0,10.0,0.0,4680.0,0.0,5e-05,20000000.0,3105440.0,916160.0,8102320.0,2442400.0,0.65625,0.6611842105263158
728,728.0,1.0,160.0,43.0,117.0,26.61,38.0,10.0,28.0,27.0,5355000.0,1425952.0,2258416.0,594320.0,14.0,0.0,51.0,10.0,0.0,230.0,0.0,5e-05,20000000.0,53550000.0,14259520.0,22584160.0,5943200.0,0.73125,0.7368421052631579
729,729.0,1.0,320.0,80.0,240.0,26.48,171.0,45.0,126.0,27.0,1915904.0,478976.0,1975848.0,519960.0,4.0,0.0,51.0,10.0,0.0,620.0,0.0,5e-05,20000000.0,19159040.0,4789760.0,19758480.0,5199600.0,0.75,0.7368421052631579
730,730.0,1.0,160.0,43.0,117.0,26.33,38.0,10.0,28.0,27.0,4921512.0,1307592.0,2258416.0,594320.0,14.0,0.0,51.0,10.0,0.0,640.0,0.0,5e-05,20000000.0,49215120.0,13075920.0,22584160.0,5943200.0,0.73125,0.7368421052631579
731,731.0,1.0,320.0,93.0,227.0,23.62,304.0,80.0,224.0,27.0,389696.0,103080.0,1361920.0,358400.0,2.0,0.0,51.0,10.0,0.0,4560.0,0.0,5e-05,20000000.0,3896960.0,1030800.0,13619200.0,3584000.0,0.709375,0.7368421052631579
732,732.0,1.0,320.0,80.0,240.0,26.5,171.0,61.0,110.0,24.19,1915904.0,478976.0,1648112.0,485256.0,4.0,0.0,51.0,10.0,0.0,600.0,0.0,5e-05,20000000.0,19159040.0,4789760.0,16481120.0,4852560.0,0.75,0.6432748538011696
733,733.0,1.0,320.0,80.0,240.0,26.6,304.0,102.0,202.0,24.51,487424.0,121856.0,1162096.0,335328.0,2.0,0.0,51.0,10.0,0.0,1950.0,0.0,5e-05,20000000.0,4874240.0,1218560.0,11620960.0,3353280.0,0.75,0.6644736842105263
734,734.0,1.0,160.0,43.0,117.0,20.97,38.0,10.0,28.0,22.74,3547096.0,973976.0,1797872.0,479184.0,14.0,0.0,51.0,10.0,0.0,4480.0,0.0,5e-05,20000000.0,35470960.0,9739760.0,17978720.0,4791840.0,0.73125,0.7368421052631579
735,735.0,1.0,320.0,94.0,226.0,25.3,304.0,125.0,179.0,21.49,458704.0,121200.0,1066528.0,290672.0,2.0,0.0,51.0,10.0,0.0,400.0,0.0,5e-05,20000000.0,4587040.0,1212000.0,10665280.0,2906720.0,0.70625,0.5888157894736842
736,736.0,1.0,290.0,80.0,210.0,25.99,95.0,27.0,68.0,25.58,4490792.0,1196632.0,2072320.0,546880.0,7.0,0.0,51.0,10.0,0.0,1550.0,0.0,5e-05,20000000.0,44907920.0,11966320.0,20723200.0,5468800.0,0.7241379310344828,0.7157894736842105
737,737.0,1.0,290.0,85.0,205.0,23.12,95.0,34.0,61.0,24.16,3549672.0,973952.0,2182168.0,645856.0,7.0,0.0,51.0,10.0,0.0,1400.0,0.0,5e-05,20000000.0,35496720.0,9739520.0,21821680.0,6458560.0,0.7068965517241379,0.6421052631578947
738,738.0,1.0,160.0,43.0,117.0,26.01,38.0,10.0,28.0,27.0,4857400.0,1301552.0,2258416.0,594320.0,14.0,0.0,51.0,10.0,0.0,1190.0,0.0,5e-05,20000000.0,48574000.0,13015520.0,22584160.0,5943200.0,0.73125,0.7368421052631579
739,739.0,1.0,290.0,78.0,212.0,22.79,95.0,27.0,68.0,21.6,3361352.0,899816.0,1633008.0,443616.0,7.0,0.0,51.0,10.0,0.0,3340.0,0.0,5e-05,20000000.0,33613520.0,8998160.0,16330080.0,4436160.0,0.7310344827586207,0.7157894736842105
740,740.0,1.0,320.0,80.0,240.0,26.2,304.0,95.0,209.0,23.9,487424.0,121856.0,1066528.0,277904.0,2.0,0.0,51.0,10.0,0.0,3740.0,0.0,5e-05,20000000.0,4874240.0,1218560.0,10665280.0,2779040.0,0.75,0.6875
741,741.0,1.0,320.0,92.0,228.0,25.12,171.0,45.0,126.0,27.0,1740872.0,457208.0,1975848.0,519960.0,4.0,0.0,51.0,10.0,0.0,3430.0,0.0,5e-05,20000000.0,17408720.0,4572080.0,19758480.0,5199600.0,0.7125,0.7368421052631579
742,742.0,1.0,290.0,81.0,209.0,24.37,95.0,26.0,69.0,25.58,4079912.0,1094720.0,2130504.0,574008.0,7.0,0.0,51.0,10.0,0.0,2690.0,0.0,5e-05,20000000.0,40799120.0,10947200.0,21305040.0,5740080.0,0.7206896551724138,0.7263157894736842
743,743.0,1.0,290.0,79.0,211.0,26.4,95.0,25.0,70.0,27.0,4686152.0,1248944.0,2320888.0,610760.0,7.0,0.0,51.0,10.0,0.0,1040.0,0.0,5e-05,20000000.0,46861520.0,12489440.0,23208880.0,6107600.0,0.7275862068965517,0.7368421052631579
744,744.0,1.0,160.0,45.0,115.0,23.21,38.0,10.0,28.0,23.55,3813200.0,1009072.0,1682736.0,421616.0,14.0,0.0,51.0,10.0,0.0,1420.0,0.0,5e-05,20000000.0,38132000.0,10090720.0,16827360.0,4216160.0,0.71875,0.7368421052631579
745,745.0,1.0,160.0,43.0,117.0,25.04,38.0,10.0,28.0,27.0,4211504.0,1090672.0,2258416.0,594320.0,14.0,0.0,51.0,10.0,0.0,4160.0,0.0,5e-05,20000000.0,42115040.0,10906720.0,22584160.0,5943200.0,0.73125,0.7368421052631579
746,746.0,1.0,290.0,78.0,212.0,24.09,95.0,25.0,70.0,27.0,4104072.0,1076936.0,2320888.0,610760.0,7.0,0.0,51.0,10.0,0.0,4580.0,0.0,5e-05,20000000.0,41040720.0,10769360.0,23208880.0,6107600.0,0.7310344827586207,0.7368421052631579
747,747.0,1.0,320.0,80.0,240.0,26.2,304.0,106.0,198.0,23.11,487424.0,121856.0,1096936.0,292432.0,2.0,0.0,51.0,10.0,0.0,2050.0,0.0,5e-05,20000000.0,4874240.0,1218560.0,10969360.0,2924320.0,0.75,0.6513157894736842
748,748.0,1.0,290.0,78.0,212.0,26.64,95.0,25.0,70.0,27.0,4781832.0,1280616.0,2320888.0,610760.0,7.0,0.0,51.0,10.0,0.0,60.0,0.0,5e-05,20000000.0,47818320.0,12806160.0,23208880.0,6107600.0,0.7310344827586207,0.7368421052631579
749,749.0,1.0,320.0,88.0,232.0,19.86,171.0,50.0,121.0,19.67,1054480.0,271896.0,855688.0,248776.0,4.0,0.0,51.0,10.0,0.0,4730.0,0.0,5e-05,20000000.0,10544800.0,2718960.0,8556880.0,2487760.0,0.725,0.7076023391812866
750,750.0,1.0,320.0,80.0,240.0,25.6,171.0,46.0,125.0,20.0,1942144.0,485536.0,1059760.0,291120.0,4.0,0.0,51.0,10.0,0.0,4770.0,0.0,5e-05,20000000.0,19421440.0,4855360.0,10597600.0,2911200.0,0.75,0.7309941520467836
751,751.0,1.0,320.0,80.0,240.0,26.5,171.0,45.0,126.0,27.0,1915904.0,478976.0,1975848.0,519960.0,4.0,0.0,51.0,10.0,0.0,20.0,0.0,5e-05,20000000.0,19159040.0,4789760.0,19758480.0,5199600.0,0.75,0.7368421052631579
752,752.0,1.0,320.0,98.0,222.0,22.22,171.0,50.0,121.0,24.01,1219968.0,334656.0,1541432.0,411736.0,4.0,0.0,51.0,10.0,0.0,3260.0,0.0,5e-05,20000000.0,12199680.0,3346560.0,15414320.0,4117360.0,0.69375,0.7076023391812866
753,753.0,1.0,290.0,79.0,211.0,26.4,95.0,25.0,70.0,27.0,4686376.0,1249168.0,2320888.0,610760.0,7.0,0.0,51.0,10.0,0.0,1080.0,0.0,5e-05,20000000.0,46863760.0,12491680.0,23208880.0,6107600.0,0.7275862068965517,0.7368421052631579
754,754.0,1.0,320.0,100.0,220.0,23.82,304.0,96.0,208.0,25.13,413680.0,113544.0,1205536.0,338856.0,2.0,0.0,51.0,10.0,0.0,2420.0,0.0,5e-05,20000000.0,4136800.0,1135440.0,12055360.0,3388560.0,0.6875,0.6842105263157895
755,755.0,1.0,320.0,80.0,240.0,26.41,171.0,45.0,126.0,27.0,1880192.0,470048.0,1975848.0,519960.0,4.0,0.0,51.0,10.0,0.0,1430.0,0.0,5e-05,20000000.0,18801920.0,4700480.0,19758480.0,5199600.0,0.75,0.7368421052631579
756,756.0,1.0,320.0,92.0,228.0,25.3,304.0,80.0,224.0,27.0,449056.0,117856.0,1361920.0,358400.0,2.0,0.0,51.0,10.0,0.0,3150.0,0.0,5e-05,20000000.0,4490560.0,1178560.0,13619200.0,3584000.0,0.7125,0.7368421052631579
757,757.0,1.0,320.0,101.0,219.0,19.32,171.0,55.0,116.0,21.42,1142496.0,311136.0,1449424.0,387016.0,4.0,0.0,51.0,10.0,0.0,3170.0,0.0,5e-05,20000000.0,11424960.0,3111360.0,14494240.0,3870160.0,0.684375,0.6783625730994152
758,758.0,1.0,320.0,80.0,240.0,26.56,171.0,45.0,126.0,27.0,1942144.0,485536.0,1975848.0,519960.0,4.0,0.0,51.0,10.0,0.0,540.0,0.0,5e-05,20000000.0,19421440.0,4855360.0,19758480.0,5199600.0,0.75,0.7368421052631579
759,759.0,1.0,160.0,43.0,117.0,25.66,38.0,10.0,28.0,25.58,4570872.0,1229920.0,1797872.0,479184.0,14.0,0.0,51.0,10.0,0.0,1950.0,0.0,5e-05,20000000.0,45708720.0,12299200.0,17978720.0,4791840.0,0.73125,0.7368421052631579
760,760.0,1.0,320.0,80.0,240.0,26.6,304.0,80.0,224.0,27.0,487424.0,121856.0,1361920.0,358400.0,2.0,0.0,51.0,10.0,0.0,130.0,0.0,5e-05,20000000.0,4874240.0,1218560.0,13619200.0,3584000.0,0.75,0.7368421052631579
761,761.0,1.0,320.0,80.0,240.0,26.48,171.0,59.0,112.0,23.08,1915904.0,478976.0,1530224.0,396840.0,4.0,0.0,51.0,10.0,0.0,1800.0,0.0,5e-05,20000000.0,19159040.0,4789760.0,15302240.0,3968400.0,0.75,0.6549707602339181
762,762.0,1.0,320.0,80.0,240.0,26.6,304.0,94.0,210.0,25.58,487424.0,121856.0,1266352.0,351616.0,2.0,0.0,51.0,10.0,0.0,1910.0,0.0,5e-05,20000000.0,4874240.0,1218560.0,12663520.0,3516160.0,0.75,0.6907894736842105
763,763.0,1.0,160.0,43.0,117.0,16.84,38.0,10.0,28.0,16.0,2463784.0,658760.0,540272.0,136000.0,14.0,0.0,51.0,10.0,0.0,4300.0,0.0,5e-05,20000000.0,24637840.0,6587600.0,5402720.0,1360000.0,0.73125,0.7368421052631579
764,764.0,1.0,160.0,43.0,117.0,22.98,38.0,10.0,28.0,21.63,3847448.0,975488.0,1452464.0,364048.0,14.0,0.0,51.0,10.0,0.0,3620.0,0.0,5e-05,20000000.0,38474480.0,9754880.0,14524640.0,3640480.0,0.73125,0.7368421052631579
765,765.0,1.0,320.0,98.0,222.0,18.97,171.0,55.0,116.0,19.72,1056552.0,294648.0,902032.0,267536.0,4.0,0.0,51.0,10.0,0.0,4360.0,0.0,5e-05,20000000.0,10565520.0,2946480.0,9020320.0,2675360.0,0.69375,0.6783625730994152
766,766.0,1.0,320.0,91.0,229.0,23.76,171.0,45.0,126.0,27.0,1336624.0,356712.0,1975848.0,519960.0,4.0,0.0,51.0,10.0,0.0,4140.0,0.0,5e-05,20000000.0,13366240.0,3567120.0,19758480.0,5199600.0,0.715625,0.7368421052631579
767,767.0,1.0,320.0,91.0,229.0,24.53,304.0,100.0,204.0,24.16,444232.0,116184.0,1170784.0,326368.0,2.0,0.0,51.0,10.0,0.0,2370.0,0.0,5e-05,20000000.0,4442320.0,1161840.0,11707840.0,3263680.0,0.715625,0.6710526315789473
768,768.0,1.0,160.0,43.0,117.0,23.86,38.0,10.0,28.0,22.74,4037280.0,1052328.0,1452464.0,364048.0,14.0,0.0,51.0,10.0,0.0,2810.0,0.0,5e-05,20000000.0,40372800.0,10523280.0,14524640.0,3640480.0,0.73125,0.7368421052631579
769,769.0,1.0,290.0,78.0,212.0,21.58,95.0,25.0,70.0,23.11,3076872.0,820136.0,1375544.0,374424.0,7.0,0.0,51.0,10.0,0.0,4370.0,0.0,5e-05,20000000.0,30768720.0,8201360.0,13755440.0,3744240.0,0.7310344827586207,0.7368421052631579
770,770.0,1.0,320.0,80.0,240.0,26.5,304.0,80.0,224.0,27.0,479744.0,119936.0,1361920.0,358400.0,2.0,0.0,51.0,10.0,0.0,1330.0,0.0,5e-05,20000000.0,4797440.0,1199360.0,13619200.0,3584000.0,0.75,0.7368421052631579
771,771.0,1.0,320.0,80.0,240.0,26.65,304.0,93.0,211.0,25.58,494080.0,123520.0,1253320.0,347136.0,2.0,0.0,51.0,10.0,0.0,1610.0,0.0,5e-05,20000000.0,4940800.0,1235200.0,12533200.0,3471360.0,0.75,0.694078947368421
772,772.0,1.0,320.0,90.0,230.0,23.02,171.0,48.0,123.0,25.11,1327864.0,350064.0,1636784.0,441800.0,4.0,0.0,51.0,10.0,0.0,3960.0,0.0,5e-05,20000000.0,13278640.0,3500640.0,16367840.0,4418000.0,0.71875,0.7192982456140351
773,773.0,1.0,320.0,80.0,240.0,26.5,171.0,52.0,119.0,25.58,1942144.0,485536.0,1822576.0,496104.0,4.0,0.0,51.0,10.0,0.0,2230.0,0.0,5e-05,20000000.0,19421440.0,4855360.0,18225760.0,4961040.0,0.75,0.695906432748538
774,774.0,1.0,320.0,80.0,240.0,26.6,304.0,80.0,224.0,27.0,487424.0,121856.0,1361920.0,358400.0,2.0,0.0,51.0,10.0,0.0,1140.0,0.0,5e-05,20000000.0,4874240.0,1218560.0,13619200.0,3584000.0,0.75,0.7368421052631579
775,775.0,1.0,320.0,102.0,218.0,22.64,304.0,101.0,203.0,22.09,370264.0,97592.0,1062184.0,287408.0,2.0,0.0,51.0,10.0,0.0,3970.0,0.0,5e-05,20000000.0,3702640.0,975920.0,10621840.0,2874080.0,0.68125,0.6677631578947368
776,776.0,1.0,160.0,43.0,117.0,18.76,38.0,10.0,28.0,15.68,2474440.0,651824.0,991920.0,248912.0,14.0,0.0,51.0,10.0,0.0,4550.0,0.0,5e-05,20000000.0,24744400.0,6518240.0,9919200.0,2489120.0,0.73125,0.7368421052631579
777,777.0,1.0,320.0,92.0,228.0,25.3,304.0,80.0,224.0,27.0,449056.0,117856.0,1361920.0,358400.0,2.0,0.0,51.0,10.0,0.0,2450.0,0.0,5e-05,20000000.0,4490560.0,1178560.0,13619200.0,3584000.0,0.7125,0.7368421052631579
778,778.0,1.0,160.0,43.0,117.0,20.84,38.0,10.0,28.0,19.89,3389784.0,895472.0,1337328.0,364048.0,14.0,0.0,51.0,10.0,0.0,4210.0,0.0,5e-05,20000000.0,33897840.0,8954720.0,13373280.0,3640480.0,0.73125,0.7368421052631579
779,779.0,1.0,160.0,43.0,117.0,23.88,38.0,10.0,28.0,21.32,3897128.0,1051496.0,1337328.0,364048.0,14.0,0.0,51.0,10.0,0.0,4900.0,0.0,5e-05,20000000.0,38971280.0,10514960.0,13373280.0,3640480.0,0.73125,0.7368421052631579
780,780.0,1.0,160.0,43.0,117.0,24.45,38.0,10.0,28.0,24.16,3897352.0,1051552.0,1797872.0,479184.0,14.0,0.0,51.0,10.0,0.0,3110.0,0.0,5e-05,20000000.0,38973520.0,10515520.0,17978720.0,4791840.0,0.73125,0.7368421052631579
781,781.0,1.0,320.0,80.0,240.0,26.56,171.0,45.0,126.0,27.0,1942144.0,485536.0,1975848.0,519960.0,4.0,0.0,51.0,10.0,0.0,40.0,0.0,5e-05,20000000.0,19421440.0,4855360.0,19758480.0,5199600.0,0.75,0.7368421052631579
782,782.0,1.0,320.0,88.0,232.0,19.22,171.0,52.0,119.0,20.9,1064968.0,274416.0,1136832.0,319704.0,4.0,0.0,51.0,10.0,0.0,4930.0,0.0,5e-05,20000000.0,10649680.0,2744160.0,11368320.0,3197040.0,0.725,0.695906432748538
783,783.0,1.0,290.0,78.0,212.0,24.49,95.0,26.0,69.0,23.59,3658952.0,957096.0,1603232.0,415592.0,7.0,0.0,51.0,10.0,0.0,3780.0,0.0,5e-05,20000000.0,36589520.0,9570960.0,16032320.0,4155920.0,0.7310344827586207,0.7263157894736842
784,784.0,1.0,160.0,43.0,117.0,21.89,38.0,10.0,28.0,22.84,3484328.0,913896.0,1452464.0,364048.0,14.0,0.0,51.0,10.0,0.0,4390.0,0.0,5e-05,20000000.0,34843280.0,9138960.0,14524640.0,3640480.0,0.73125,0.7368421052631579
785,785.0,1.0,320.0,93.0,227.0,22.02,171.0,52.0,119.0,22.35,1292848.0,346112.0,1120096.0,319000.0,4.0,0.0,51.0,10.0,0.0,4310.0,0.0,5e-05,20000000.0,12928480.0,3461120.0,11200960.0,3190000.0,0.709375,0.695906432748538
786,786.0,1.0,160.0,43.0,117.0,25.32,38.0,10.0,28.0,27.0,4843776.0,1288352.0,2258416.0,594320.0,14.0,0.0,51.0,10.0,0.0,2640.0,0.0,5e-05,20000000.0,48437760.0,12883520.0,22584160.0,5943200.0,0.73125,0.7368421052631579
787,787.0,1.0,320.0,80.0,240.0,26.6,304.0,80.0,224.0,27.0,487424.0,121856.0,1361920.0,358400.0,2.0,0.0,51.0,10.0,0.0,1930.0,0.0,5e-05,20000000.0,4874240.0,1218560.0,13619200.0,3584000.0,0.75,0.7368421052631579
788,788.0,1.0,290.0,80.0,210.0,26.03,95.0,25.0,70.0,27.0,4549192.0,1215512.0,2320888.0,610760.0,7.0,0.0,51.0,10.0,0.0,1860.0,0.0,5e-05,20000000.0,45491920.0,12155120.0,23208880.0,6107600.0,0.7241379310344828,0.7368421052631579
789,789.0,1.0,320.0,80.0,240.0,26.65,304.0,80.0,224.0,27.0,494080.0,123520.0,1361920.0,358400.0,2.0,0.0,51.0,10.0,0.0,1740.0,0.0,5e-05,20000000.0,4940800.0,1235200.0,13619200.0,3584000.0,0.75,0.7368421052631579
790,790.0,1.0,320.0,80.0,240.0,26.65,304.0,80.0,224.0,27.0,494080.0,123520.0,1361920.0,358400.0,2.0,0.0,51.0,10.0,0.0,220.0,0.0,5e-05,20000000.0,4940800.0,1235200.0,13619200.0,3584000.0,0.75,0.7368421052631579
791,791.0,1.0,160.0,43.0,117.0,21.22,38.0,10.0,28.0,19.89,3208160.0,854648.0,531376.0,133776.0,14.0,0.0,51.0,10.0,0.0,4130.0,0.0,5e-05,20000000.0,32081600.0,8546480.0,5313760.0,1337760.0,0.73125,0.7368421052631579
792,792.0,1.0,160.0,43.0,117.0,23.3,38.0,10.0,28.0,24.16,3153400.0,875552.0,1337328.0,364048.0,14.0,0.0,51.0,10.0,0.0,3590.0,0.0,5e-05,20000000.0,31534000.0,8755520.0,13373280.0,3640480.0,0.73125,0.7368421052631579
793,793.0,1.0,160.0,43.0,117.0,23.59,38.0,10.0,28.0,25.58,3838848.0,1012320.0,1913008.0,479184.0,14.0,0.0,51.0,10.0,0.0,2970.0,0.0,5e-05,20000000.0,38388480.0,10123200.0,19130080.0,4791840.0,0.73125,0.7368421052631579
794,794.0,1.0,320.0,105.0,215.0,18.15,171.0,56.0,115.0,18.19,1160040.0,322408.0,909576.0,272720.0,4.0,0.0,51.0,10.0,0.0,3410.0,0.0,5e-05,20000000.0,11600400.0,3224080.0,9095760.0,2727200.0,0.671875,0.672514619883041
795,795.0,1.0,290.0,80.0,210.0,25.42,95.0,29.0,66.0,23.87,4285352.0,1128152.0,1682392.0,484336.0,7.0,0.0,51.0,10.0,0.0,2500.0,0.0,5e-05,20000000.0,42853520.0,11281520.0,16823920.0,4843360.0,0.7241379310344828,0.6947368421052632
796,796.0,1.0,160.0,49.0,111.0,25.42,38.0,14.0,24.0,22.74,5198880.0,1415808.0,1740304.0,486640.0,14.0,0.0,51.0,10.0,0.0,400.0,0.0,5e-05,20000000.0,51988800.0,14158080.0,17403040.0,4866400.0,0.69375,0.631578947368421
797,797.0,1.0,290.0,78.0,212.0,26.09,95.0,25.0,70.0,24.53,4576392.0,1212136.0,1848216.0,492592.0,7.0,0.0,51.0,10.0,0.0,2820.0,0.0,5e-05,20000000.0,45763920.0,12121360.0,18482160.0,4925920.0,0.7310344827586207,0.7368421052631579
798,798.0,1.0,290.0,79.0,211.0,23.27,95.0,25.0,70.0,25.58,3343752.0,887664.0,1966384.0,492592.0,7.0,0.0,51.0,10.0,0.0,3230.0,0.0,5e-05,20000000.0,33437520.0,8876640.0,19663840.0,4925920.0,0.7275862068965517,0.7368421052631579
799,799.0,1.0,160.0,43.0,117.0,24.09,38.0,10.0,28.0,24.16,3839072.0,1012376.0,1452464.0,364048.0,14.0,0.0,51.0,10.0,0.0,3100.0,0.0,5e-05,20000000.0,38390720.0,10123760.0,14524640.0,3640480.0,0.73125,0.7368421052631579
800,800.0,1.0,160.0,43.0,117.0,26.61,38.0,10.0,28.0,27.0,5235144.0,1386000.0,2258416.0,594320.0,14.0,0.0,51.0,10.0,0.0,480.0,0.0,5e-05,20000000.0,52351440.0,13860000.0,22584160.0,5943200.0,0.73125,0.7368421052631579
801,801.0,1.0,290.0,78.0,212.0,22.23,95.0,26.0,69.0,21.73,3189672.0,852616.0,1657504.0,429160.0,7.0,0.0,51.0,10.0,0.0,4520.0,0.0,5e-05,20000000.0,31896720.0,8526160.0,16575040.0,4291600.0,0.7310344827586207,0.7263157894736842
802,802.0,1.0,320.0,80.0,240.0,26.65,304.0,80.0,224.0,27.0,494080.0,123520.0,1361920.0,358400.0,2.0,0.0,51.0,10.0,0.0,2560.0,0.0,5e-05,20000000.0,4940800.0,1235200.0,13619200.0,3584000.0,0.75,0.7368421052631579
803,803.0,1.0,320.0,86.0,234.0,25.19,171.0,56.0,115.0,23.68,1642096.0,421136.0,1610384.0,452760.0,4.0,0.0,51.0,10.0,0.0,2460.0,0.0,5e-05,20000000.0,16420960.0,4211360.0,16103840.0,4527600.0,0.73125,0.672514619883041
804,804.0,1.0,320.0,88.0,232.0,25.17,171.0,45.0,126.0,27.0,1692592.0,437520.0,1975848.0,519960.0,4.0,0.0,51.0,10.0,0.0,4280.0,0.0,5e-05,20000000.0,16925920.0,4375200.0,19758480.0,5199600.0,0.725,0.7368421052631579
805,805.0,1.0,160.0,47.0,113.0,25.66,38.0,10.0,28.0,27.0,4983672.0,1353872.0,2258416.0,594320.0,14.0,0.0,51.0,10.0,0.0,730.0,0.0,5e-05,20000000.0,49836720.0,13538720.0,22584160.0,5943200.0,0.70625,0.7368421052631579
806,806.0,1.0,160.0,43.0,117.0,25.21,38.0,10.0,28.0,27.0,4293376.0,1150752.0,2258416.0,594320.0,14.0,0.0,51.0,10.0,0.0,2860.0,0.0,5e-05,20000000.0,42933760.0,11507520.0,22584160.0,5943200.0,0.73125,0.7368421052631579
807,807.0,1.0,160.0,43.0,117.0,25.78,38.0,10.0,28.0,27.0,4884888.0,1308424.0,2258416.0,594320.0,14.0,0.0,51.0,10.0,0.0,2440.0,0.0,5e-05,20000000.0,48848880.0,13084240.0,22584160.0,5943200.0,0.73125,0.7368421052631579
808,808.0,1.0,160.0,43.0,117.0,26.43,38.0,10.0,28.0,27.0,5078216.0,1346768.0,2258416.0,594320.0,14.0,0.0,51.0,10.0,0.0,870.0,0.0,5e-05,20000000.0,50782160.0,13467680.0,22584160.0,5943200.0,0.73125,0.7368421052631579
809,809.0,1.0,290.0,78.0,212.0,23.21,95.0,26.0,69.0,21.19,3161704.0,819944.0,1084000.0,285784.0,7.0,0.0,51.0,10.0,0.0,3840.0,0.0,5e-05,20000000.0,31617040.0,8199440.0,10840000.0,2857840.0,0.7310344827586207,0.7263157894736842
810,810.0,1.0,160.0,45.0,115.0,26.09,38.0,10.0,28.0,27.0,4922192.0,1330296.0,2258416.0,594320.0,14.0,0.0,51.0,10.0,0.0,1110.0,0.0,5e-05,20000000.0,49221920.0,13302960.0,22584160.0,5943200.0,0.71875,0.7368421052631579
811,811.0,1.0,320.0,91.0,229.0,25.12,171.0,45.0,126.0,27.0,1687816.0,442496.0,1975848.0,519960.0,4.0,0.0,51.0,10.0,0.0,1150.0,0.0,5e-05,20000000.0,16878160.0,4424960.0,19758480.0,5199600.0,0.715625,0.7368421052631579
812,812.0,1.0,320.0,80.0,240.0,26.56,171.0,45.0,126.0,27.0,1942144.0,485536.0,1975848.0,519960.0,4.0,0.0,51.0,10.0,0.0,320.0,0.0,5e-05,20000000.0,19421440.0,4855360.0,19758480.0,5199600.0,0.75,0.7368421052631579
813,813.0,1.0,290.0,78.0,212.0,22.24,95.0,25.0,70.0,20.63,3059752.0,803016.0,1021040.0,256256.0,7.0,0.0,51.0,10.0,0.0,4590.0,0.0,5e-05,20000000.0,30597520.0,8030160.0,10210400.0,2562560.0,0.7310344827586207,0.7368421052631579
814,814.0,1.0,320.0,119.0,201.0,20.01,304.0,116.0,188.0,20.67,323632.0,89032.0,914488.0,250352.0,2.0,0.0,51.0,10.0,0.0,2800.0,0.0,5e-05,20000000.0,3236320.0,890320.0,9144880.0,2503520.0,0.628125,0.618421052631579
815,815.0,1.0,320.0,80.0,240.0,26.5,171.0,45.0,126.0,27.0,1915904.0,478976.0,1975848.0,519960.0,4.0,0.0,51.0,10.0,0.0,640.0,0.0,5e-05,20000000.0,19159040.0,4789760.0,19758480.0,5199600.0,0.75,0.7368421052631579
816,816.0,1.0,290.0,78.0,212.0,21.02,95.0,25.0,70.0,24.46,2289352.0,648936.0,1848216.0,492592.0,7.0,0.0,51.0,10.0,0.0,3470.0,0.0,5e-05,20000000.0,22893520.0,6489360.0,18482160.0,4925920.0,0.7310344827586207,0.7368421052631579
817,817.0,1.0,290.0,78.0,212.0,17.77,95.0,25.0,70.0,19.32,2505352.0,677256.0,1375544.0,374424.0,7.0,0.0,51.0,10.0,0.0,4120.0,0.0,5e-05,20000000.0,25053520.0,6772560.0,13755440.0,3744240.0,0.7310344827586207,0.7368421052631579
818,818.0,1.0,290.0,79.0,211.0,26.39,95.0,25.0,70.0,27.0,4611112.0,1243024.0,2320888.0,610760.0,7.0,0.0,51.0,10.0,0.0,1440.0,0.0,5e-05,20000000.0,46111120.0,12430240.0,23208880.0,6107600.0,0.7275862068965517,0.7368421052631579
819,819.0,1.0,160.0,43.0,117.0,25.64,38.0,10.0,28.0,27.0,4491192.0,1210000.0,2258416.0,594320.0,14.0,0.0,51.0,10.0,0.0,2070.0,0.0,5e-05,20000000.0,44911920.0,12100000.0,22584160.0,5943200.0,0.73125,0.7368421052631579
820,820.0,1.0,320.0,89.0,231.0,25.21,171.0,45.0,126.0,27.0,1695688.0,439192.0,1975848.0,519960.0,4.0,0.0,51.0,10.0,0.0,1720.0,0.0,5e-05,20000000.0,16956880.0,4391920.0,19758480.0,5199600.0,0.721875,0.7368421052631579
821,821.0,1.0,290.0,82.0,208.0,24.98,95.0,28.0,67.0,23.61,3994312.0,1078408.0,1902488.0,508824.0,7.0,0.0,51.0,10.0,0.0,2200.0,0.0,5e-05,20000000.0,39943120.0,10784080.0,19024880.0,5088240.0,0.7172413793103448,0.7052631578947368
822,822.0,1.0,320.0,80.0,240.0,26.65,304.0,80.0,224.0,27.0,494080.0,123520.0,1361920.0,358400.0,2.0,0.0,51.0,10.0,0.0,460.0,0.0,5e-05,20000000.0,4940800.0,1235200.0,13619200.0,3584000.0,0.75,0.7368421052631579
823,823.0,1.0,320.0,90.0,230.0,24.49,304.0,80.0,224.0,27.0,374864.0,98376.0,1361920.0,358400.0,2.0,0.0,51.0,10.0,0.0,4860.0,0.0,5e-05,20000000.0,3748640.0,983760.0,13619200.0,3584000.0,0.71875,0.7368421052631579
824,824.0,1.0,320.0,85.0,235.0,25.12,171.0,48.0,123.0,23.58,1621168.0,412944.0,1137152.0,306368.0,4.0,0.0,51.0,10.0,0.0,3900.0,0.0,5e-05,20000000.0,16211680.0,4129440.0,11371520.0,3063680.0,0.734375,0.7192982456140351
825,825.0,1.0,160.0,43.0,117.0,26.61,38.0,10.0,28.0,27.0,5235144.0,1386000.0,2258416.0,594320.0,14.0,0.0,51.0,10.0,0.0,380.0,0.0,5e-05,20000000.0,52351440.0,13860000.0,22584160.0,5943200.0,0.73125,0.7368421052631579
826,826.0,1.0,320.0,80.0,240.0,26.56,171.0,52.0,119.0,25.58,1942144.0,485536.0,1696232.0,468816.0,4.0,0.0,51.0,10.0,0.0,1610.0,0.0,5e-05,20000000.0,19421440.0,4855360.0,16962320.0,4688160.0,0.75,0.695906432748538
827,827.0,1.0,160.0,43.0,117.0,26.33,38.0,10.0,28.0,27.0,4934072.0,1320720.0,2258416.0,594320.0,14.0,0.0,51.0,10.0,0.0,1280.0,0.0,5e-05,20000000.0,49340720.0,13207200.0,22584160.0,5943200.0,0.73125,0.7368421052631579
828,828.0,1.0,320.0,80.0,240.0,26.65,304.0,93.0,211.0,25.33,494080.0,123520.0,1262008.0,347136.0,2.0,0.0,51.0,10.0,0.0,3180.0,0.0,5e-05,20000000.0,4940800.0,1235200.0,12620080.0,3471360.0,0.75,0.694078947368421
829,829.0,1.0,290.0,79.0,211.0,25.75,95.0,25.0,70.0,25.58,4309512.0,1129104.0,1966384.0,492592.0,7.0,0.0,51.0,10.0,0.0,2940.0,0.0,5e-05,20000000.0,43095120.0,11291040.0,19663840.0,4925920.0,0.7275862068965517,0.7368421052631579
830,830.0,1.0,160.0,43.0,117.0,21.71,38.0,10.0,28.0,24.16,3035264.0,836224.0,1797872.0,479184.0,14.0,0.0,51.0,10.0,0.0,3470.0,0.0,5e-05,20000000.0,30352640.0,8362240.0,17978720.0,4791840.0,0.73125,0.7368421052631579
831,831.0,1.0,160.0,43.0,117.0,24.51,38.0,10.0,28.0,25.58,4371336.0,1170048.0,1797872.0,479184.0,14.0,0.0,51.0,10.0,0.0,4690.0,0.0,5e-05,20000000.0,43713360.0,11700480.0,17978720.0,4791840.0,0.73125,0.7368421052631579
832,832.0,1.0,320.0,101.0,219.0,24.29,304.0,93.0,211.0,25.58,415288.0,113608.0,1253320.0,347136.0,2.0,0.0,51.0,10.0,0.0,1460.0,0.0,5e-05,20000000.0,4152880.0,1136080.0,12533200.0,3471360.0,0.684375,0.694078947368421
833,833.0,1.0,290.0,80.0,210.0,21.89,95.0,26.0,69.0,22.45,3360872.0,905592.0,1288160.0,336824.0,7.0,0.0,51.0,10.0,0.0,3130.0,0.0,5e-05,20000000.0,33608720.0,9055920.0,12881600.0,3368240.0,0.7241379310344828,0.7263157894736842
834,834.0,1.0,320.0,111.0,209.0,23.9,304.0,95.0,209.0,25.58,432752.0,122232.0,1283728.0,356096.0,2.0,0.0,51.0,10.0,0.0,1130.0,0.0,5e-05,20000000.0,4327520.0,1222320.0,12837280.0,3560960.0,0.653125,0.6875
835,835.0,1.0,320.0,90.0,230.0,24.66,171.0,45.0,126.0,27.0,1538920.0,400136.0,1975848.0,519960.0,4.0,0.0,51.0,10.0,0.0,3160.0,0.0,5e-05,20000000.0,15389200.0,4001360.0,19758480.0,5199600.0,0.71875,0.7368421052631579
836,836.0,1.0,320.0,80.0,240.0,26.56,171.0,45.0,126.0,27.0,1942144.0,485536.0,1975848.0,519960.0,4.0,0.0,51.0,10.0,0.0,3990.0,0.0,5e-05,20000000.0,19421440.0,4855360.0,19758480.0,5199600.0,0.75,0.7368421052631579
837,837.0,1.0,160.0,43.0,117.0,26.61,38.0,10.0,28.0,27.0,5235144.0,1386000.0,2258416.0,594320.0,14.0,0.0,51.0,10.0,0.0,270.0,0.0,5e-05,20000000.0,52351440.0,13860000.0,22584160.0,5943200.0,0.73125,0.7368421052631579
838,838.0,1.0,290.0,78.0,212.0,23.32,95.0,26.0,69.0,20.63,3720392.0,989576.0,1524856.0,429160.0,7.0,0.0,51.0,10.0,0.0,3120.0,0.0,5e-05,20000000.0,37203920.0,9895760.0,15248560.0,4291600.0,0.7310344827586207,0.7263157894736842
839,839.0,1.0,320.0,80.0,240.0,26.5,171.0,45.0,126.0,27.0,1915904.0,478976.0,1975848.0,519960.0,4.0,0.0,51.0,10.0,0.0,610.0,0.0,5e-05,20000000.0,19159040.0,4789760.0,19758480.0,5199600.0,0.75,0.7368421052631579
840,840.0,1.0,290.0,81.0,209.0,25.89,95.0,25.0,70.0,27.0,4388072.0,1197440.0,2320888.0,610760.0,7.0,0.0,51.0,10.0,0.0,2570.0,0.0,5e-05,20000000.0,43880720.0,11974400.0,23208880.0,6107600.0,0.7206896551724138,0.7368421052631579
841,841.0,1.0,160.0,44.0,116.0,25.5,38.0,11.0,27.0,25.58,4598848.0,1204120.0,2028144.0,538616.0,14.0,0.0,51.0,10.0,0.0,1390.0,0.0,5e-05,20000000.0,45988480.0,12041200.0,20281440.0,5386160.0,0.725,0.7105263157894737
842,842.0,1.0,160.0,45.0,115.0,26.09,38.0,10.0,28.0,27.0,4922192.0,1330296.0,2258416.0,594320.0,14.0,0.0,51.0,10.0,0.0,860.0,0.0,5e-05,20000000.0,49221920.0,13302960.0,22584160.0,5943200.0,0.71875,0.7368421052631579
843,843.0,1.0,320.0,80.0,240.0,26.6,304.0,96.0,208.0,25.49,487424.0,121856.0,1275040.0,356232.0,2.0,0.0,51.0,10.0,0.0,710.0,0.0,5e-05,20000000.0,4874240.0,1218560.0,12750400.0,3562320.0,0.75,0.6842105263157895
844,844.0,1.0,320.0,91.0,229.0,23.79,171.0,45.0,126.0,27.0,1486096.0,384344.0,1975848.0,519960.0,4.0,0.0,51.0,10.0,0.0,3280.0,0.0,5e-05,20000000.0,14860960.0,3843440.0,19758480.0,5199600.0,0.715625,0.7368421052631579
845,845.0,1.0,290.0,78.0,212.0,23.2,95.0,25.0,70.0,21.87,3520328.0,905320.0,1493712.0,374424.0,7.0,0.0,51.0,10.0,0.0,3620.0,0.0,5e-05,20000000.0,35203280.0,9053200.0,14937120.0,3744240.0,0.7310344827586207,0.7368421052631579
846,846.0,1.0,320.0,80.0,240.0,26.6,304.0,80.0,224.0,27.0,487424.0,121856.0,1361920.0,358400.0,2.0,0.0,51.0,10.0,0.0,780.0,0.0,5e-05,20000000.0,4874240.0,1218560.0,13619200.0,3584000.0,0.75,0.7368421052631579
847,847.0,1.0,320.0,103.0,217.0,24.2,304.0,90.0,214.0,25.58,423328.0,115344.0,1240288.0,333696.0,2.0,0.0,51.0,10.0,0.0,2780.0,0.0,5e-05,20000000.0,4233280.0,1153440.0,12402880.0,3336960.0,0.678125,0.7039473684210527
848,848.0,1.0,320.0,91.0,229.0,24.75,171.0,45.0,126.0,27.0,1638248.0,429456.0,1975848.0,519960.0,4.0,0.0,51.0,10.0,0.0,1760.0,0.0,5e-05,20000000.0,16382480.0,4294560.0,19758480.0,5199600.0,0.715625,0.7368421052631579
849,849.0,1.0,160.0,43.0,117.0,23.35,38.0,13.0,25.0,24.16,3993272.0,1065496.0,1855440.0,542344.0,14.0,0.0,51.0,10.0,0.0,1400.0,0.0,5e-05,20000000.0,39932720.0,10654960.0,18554400.0,5423440.0,0.73125,0.6578947368421053
850,850.0,1.0,160.0,43.0,117.0,23.84,38.0,10.0,28.0,27.0,4334488.0,1170824.0,2258416.0,594320.0,14.0,0.0,51.0,10.0,0.0,3640.0,0.0,5e-05,20000000.0,43344880.0,11708240.0,22584160.0,5943200.0,0.73125,0.7368421052631579
851,851.0,1.0,320.0,106.0,214.0,20.85,304.0,103.0,201.0,22.03,313984.0,91416.0,944896.0,283336.0,2.0,0.0,51.0,10.0,0.0,4430.0,0.0,5e-05,20000000.0,3139840.0,914160.0,9448960.0,2833360.0,0.66875,0.6611842105263158
852,852.0,1.0,320.0,87.0,233.0,24.13,171.0,56.0,115.0,21.32,1471824.0,374064.0,1064656.0,306992.0,4.0,0.0,51.0,10.0,0.0,4100.0,0.0,5e-05,20000000.0,14718240.0,3740640.0,10646560.0,3069920.0,0.728125,0.672514619883041
853,853.0,1.0,160.0,44.0,116.0,26.03,38.0,11.0,27.0,25.58,5118944.0,1368544.0,1970576.0,538616.0,14.0,0.0,51.0,10.0,0.0,670.0,0.0,5e-05,20000000.0,51189440.0,13685440.0,19705760.0,5386160.0,0.725,0.7105263157894737
854,854.0,1.0,320.0,117.0,203.0,20.94,304.0,113.0,191.0,20.94,368432.0,106536.0,923176.0,271664.0,2.0,0.0,51.0,10.0,0.0,3040.0,0.0,5e-05,20000000.0,3684320.0,1065360.0,9231760.0,2716640.0,0.634375,0.6282894736842105
855,855.0,1.0,160.0,44.0,116.0,25.67,38.0,10.0,28.0,25.58,4657904.0,1263272.0,1797872.0,479184.0,14.0,0.0,51.0,10.0,0.0,1310.0,0.0,5e-05,20000000.0,46579040.0,12632720.0,17978720.0,4791840.0,0.725,0.7368421052631579
856,856.0,1.0,290.0,78.0,212.0,26.39,95.0,25.0,70.0,27.0,4559752.0,1225096.0,2320888.0,610760.0,7.0,0.0,51.0,10.0,0.0,1270.0,0.0,5e-05,20000000.0,45597520.0,12250960.0,23208880.0,6107600.0,0.7310344827586207,0.7368421052631579
857,857.0,1.0,320.0,80.0,240.0,26.5,171.0,45.0,126.0,25.63,1915904.0,478976.0,1581384.0,421344.0,4.0,0.0,51.0,10.0,0.0,700.0,0.0,5e-05,20000000.0,19159040.0,4789760.0,15813840.0,4213440.0,0.75,0.7368421052631579
858,858.0,1.0,160.0,43.0,117.0,25.98,38.0,10.0,28.0,25.58,4981376.0,1288352.0,1913008.0,479184.0,14.0,0.0,51.0,10.0,0.0,2230.0,0.0,5e-05,20000000.0,49813760.0,12883520.0,19130080.0,4791840.0,0.73125,0.7368421052631579
859,859.0,1.0,320.0,89.0,231.0,21.28,171.0,53.0,118.0,19.05,1099144.0,289480.0,908264.0,262920.0,4.0,0.0,51.0,10.0,0.0,4750.0,0.0,5e-05,20000000.0,10991440.0,2894800.0,9082640.0,2629200.0,0.721875,0.6900584795321637
860,860.0,1.0,160.0,43.0,117.0,23.49,38.0,10.0,28.0,22.74,3641032.0,953072.0,1452464.0,364048.0,14.0,0.0,51.0,10.0,0.0,3810.0,0.0,5e-05,20000000.0,36410320.0,9530720.0,14524640.0,3640480.0,0.73125,0.7368421052631579
861,861.0,1.0,320.0,94.0,226.0,24.26,304.0,80.0,224.0,27.0,418640.0,109576.0,1361920.0,358400.0,2.0,0.0,51.0,10.0,0.0,3280.0,0.0,5e-05,20000000.0,4186400.0,1095760.0,13619200.0,3584000.0,0.70625,0.7368421052631579
862,862.0,1.0,160.0,43.0,117.0,26.23,38.0,10.0,28.0,27.0,5198296.0,1386776.0,2258416.0,594320.0,14.0,0.0,51.0,10.0,0.0,1480.0,0.0,5e-05,20000000.0,51982960.0,13867760.0,22584160.0,5943200.0,0.73125,0.7368421052631579
863,863.0,1.0,290.0,78.0,212.0,26.39,95.0,25.0,70.0,27.0,4611112.0,1225096.0,2320888.0,610760.0,7.0,0.0,51.0,10.0,0.0,1330.0,0.0,5e-05,20000000.0,46111120.0,12250960.0,23208880.0,6107600.0,0.7310344827586207,0.7368421052631579
864,864.0,1.0,290.0,78.0,212.0,19.87,95.0,25.0,70.0,21.62,2580392.0,683176.0,1493712.0,374424.0,7.0,0.0,51.0,10.0,0.0,4620.0,0.0,5e-05,20000000.0,25803920.0,6831760.0,14937120.0,3744240.0,0.7310344827586207,0.7368421052631579
865,865.0,1.0,160.0,46.0,114.0,24.39,38.0,11.0,27.0,25.58,4555192.0,1215304.0,2028144.0,538616.0,14.0,0.0,51.0,10.0,0.0,1520.0,0.0,5e-05,20000000.0,45551920.0,12153040.0,20281440.0,5386160.0,0.7125,0.7105263157894737
866,866.0,1.0,320.0,93.0,227.0,18.62,171.0,53.0,118.0,20.7,1138048.0,287648.0,1329760.0,368960.0,4.0,0.0,51.0,10.0,0.0,4460.0,0.0,5e-05,20000000.0,11380480.0,2876480.0,13297600.0,3689600.0,0.709375,0.6900584795321637
867,867.0,1.0,160.0,43.0,117.0,19.49,38.0,10.0,28.0,22.74,3389784.0,895472.0,1797872.0,479184.0,14.0,0.0,51.0,10.0,0.0,4240.0,0.0,5e-05,20000000.0,33897840.0,8954720.0,17978720.0,4791840.0,0.73125,0.7368421052631579
868,868.0,1.0,320.0,91.0,229.0,21.24,171.0,50.0,121.0,23.38,1238744.0,326248.0,1353304.0,361912.0,4.0,0.0,51.0,10.0,0.0,4080.0,0.0,5e-05,20000000.0,12387440.0,3262480.0,13533040.0,3619120.0,0.715625,0.7076023391812866
869,869.0,1.0,290.0,78.0,212.0,23.83,95.0,25.0,70.0,27.0,3960072.0,1075176.0,2320888.0,610760.0,7.0,0.0,51.0,10.0,0.0,3640.0,0.0,5e-05,20000000.0,39600720.0,10751760.0,23208880.0,6107600.0,0.7310344827586207,0.7368421052631579
870,870.0,1.0,290.0,78.0,212.0,25.61,95.0,25.0,70.0,25.58,4199752.0,1109416.0,1848216.0,492592.0,7.0,0.0,51.0,10.0,0.0,3540.0,0.0,5e-05,20000000.0,41997520.0,11094160.0,18482160.0,4925920.0,0.7310344827586207,0.7368421052631579
871,871.0,1.0,320.0,90.0,230.0,19.23,171.0,56.0,115.0,16.28,1332176.0,347616.0,1056008.0,290208.0,4.0,0.0,51.0,10.0,0.0,4010.0,0.0,5e-05,20000000.0,13321760.0,3476160.0,10560080.0,2902080.0,0.71875,0.672514619883041
872,872.0,1.0,160.0,43.0,117.0,23.8,38.0,10.0,28.0,27.0,3833272.0,1045520.0,2258416.0,594320.0,14.0,0.0,51.0,10.0,0.0,3280.0,0.0,5e-05,20000000.0,38332720.0,10455200.0,22584160.0,5943200.0,0.73125,0.7368421052631579
873,873.0,1.0,320.0,80.0,240.0,26.65,304.0,80.0,224.0,27.0,494080.0,123520.0,1361920.0,358400.0,2.0,0.0,51.0,10.0,0.0,360.0,0.0,5e-05,20000000.0,4940800.0,1235200.0,13619200.0,3584000.0,0.75,0.7368421052631579
874,874.0,1.0,290.0,78.0,212.0,24.7,95.0,25.0,70.0,25.58,4097032.0,1109416.0,1848216.0,492592.0,7.0,0.0,51.0,10.0,0.0,4690.0,0.0,5e-05,20000000.0,40970320.0,11094160.0,18482160.0,4925920.0,0.7310344827586207,0.7368421052631579
875,875.0,1.0,290.0,81.0,209.0,26.17,95.0,26.0,69.0,25.58,4593512.0,1248800.0,2021960.0,546872.0,7.0,0.0,51.0,10.0,0.0,1650.0,0.0,5e-05,20000000.0,45935120.0,12488000.0,20219600.0,5468720.0,0.7206896551724138,0.7263157894736842
876,876.0,1.0,160.0,44.0,116.0,26.27,38.0,12.0,26.0,25.58,5115680.0,1367728.0,2143280.0,598048.0,14.0,0.0,51.0,10.0,0.0,300.0,0.0,5e-05,20000000.0,51156800.0,13677280.0,21432800.0,5980480.0,0.725,0.6842105263157895
877,877.0,1.0,290.0,78.0,212.0,25.46,95.0,25.0,70.0,24.24,4165512.0,1126536.0,1848216.0,492592.0,7.0,0.0,51.0,10.0,0.0,3610.0,0.0,5e-05,20000000.0,41655120.0,11265360.0,18482160.0,4925920.0,0.7310344827586207,0.7368421052631579
878,878.0,1.0,320.0,92.0,228.0,24.75,304.0,80.0,224.0,27.0,439408.0,117856.0,1361920.0,358400.0,2.0,0.0,51.0,10.0,0.0,3870.0,0.0,5e-05,20000000.0,4394080.0,1178560.0,13619200.0,3584000.0,0.7125,0.7368421052631579
879,879.0,1.0,290.0,80.0,210.0,25.35,95.0,25.0,70.0,27.0,4165512.0,1111032.0,2320888.0,610760.0,7.0,0.0,51.0,10.0,0.0,2660.0,0.0,5e-05,20000000.0,41655120.0,11110320.0,23208880.0,6107600.0,0.7241379310344828,0.7368421052631579
880,880.0,1.0,320.0,80.0,240.0,26.56,171.0,53.0,118.0,25.58,1942144.0,485536.0,1772048.0,491488.0,4.0,0.0,51.0,10.0,0.0,530.0,0.0,5e-05,20000000.0,19421440.0,4855360.0,17720480.0,4914880.0,0.75,0.6900584795321637
881,881.0,1.0,320.0,93.0,227.0,24.18,171.0,45.0,126.0,27.0,1695688.0,440312.0,1975848.0,519960.0,4.0,0.0,51.0,10.0,0.0,2580.0,0.0,5e-05,20000000.0,16956880.0,4403120.0,19758480.0,5199600.0,0.709375,0.7368421052631579
882,882.0,1.0,320.0,80.0,240.0,26.5,171.0,53.0,118.0,25.58,1915904.0,478976.0,1848864.0,509680.0,4.0,0.0,51.0,10.0,0.0,840.0,0.0,5e-05,20000000.0,19159040.0,4789760.0,18488640.0,5096800.0,0.75,0.6900584795321637
883,883.0,1.0,160.0,44.0,116.0,26.09,38.0,10.0,28.0,27.0,4804664.0,1289320.0,2258416.0,594320.0,14.0,0.0,51.0,10.0,0.0,1150.0,0.0,5e-05,20000000.0,48046640.0,12893200.0,22584160.0,5943200.0,0.725,0.7368421052631579
884,884.0,1.0,160.0,43.0,117.0,25.33,38.0,10.0,28.0,27.0,4344496.0,1143944.0,2258416.0,594320.0,14.0,0.0,51.0,10.0,0.0,4570.0,0.0,5e-05,20000000.0,43444960.0,11439440.0,22584160.0,5943200.0,0.73125,0.7368421052631579
885,885.0,1.0,160.0,43.0,117.0,24.45,38.0,10.0,28.0,25.58,3919752.0,1013152.0,1913008.0,479184.0,14.0,0.0,51.0,10.0,0.0,2490.0,0.0,5e-05,20000000.0,39197520.0,10131520.0,19130080.0,4791840.0,0.73125,0.7368421052631579
886,886.0,1.0,160.0,43.0,117.0,24.2,38.0,10.0,28.0,24.16,4410904.0,1150752.0,1797872.0,479184.0,14.0,0.0,51.0,10.0,0.0,2830.0,0.0,5e-05,20000000.0,44109040.0,11507520.0,17978720.0,4791840.0,0.73125,0.7368421052631579
887,887.0,1.0,320.0,91.0,229.0,25.3,304.0,110.0,194.0,22.07,444232.0,116184.0,1023088.0,279944.0,2.0,0.0,51.0,10.0,0.0,2200.0,0.0,5e-05,20000000.0,4442320.0,1161840.0,10230880.0,2799440.0,0.715625,0.6381578947368421
888,888.0,1.0,160.0,47.0,113.0,25.42,38.0,10.0,28.0,27.0,4610336.0,1275520.0,2258416.0,594320.0,14.0,0.0,51.0,10.0,0.0,910.0,0.0,5e-05,20000000.0,46103360.0,12755200.0,22584160.0,5943200.0,0.70625,0.7368421052631579
889,889.0,1.0,320.0,80.0,240.0,26.6,304.0,80.0,224.0,27.0,487424.0,121856.0,1361920.0,358400.0,2.0,0.0,51.0,10.0,0.0,810.0,0.0,5e-05,20000000.0,4874240.0,1218560.0,13619200.0,3584000.0,0.75,0.7368421052631579
890,890.0,1.0,290.0,81.0,209.0,25.92,95.0,27.0,68.0,25.05,4474152.0,1193280.0,2155000.0,587584.0,7.0,0.0,51.0,10.0,0.0,1410.0,0.0,5e-05,20000000.0,44741520.0,11932800.0,21550000.0,5875840.0,0.7206896551724138,0.7157894736842105
891,891.0,1.0,290.0,78.0,212.0,26.59,95.0,25.0,70.0,27.0,4720392.0,1265256.0,2320888.0,610760.0,7.0,0.0,51.0,10.0,0.0,820.0,0.0,5e-05,20000000.0,47203920.0,12652560.0,23208880.0,6107600.0,0.7310344827586207,0.7368421052631579
892,892.0,1.0,320.0,80.0,240.0,26.5,304.0,80.0,224.0,27.0,479744.0,119936.0,1361920.0,358400.0,2.0,0.0,51.0,10.0,0.0,80.0,0.0,5e-05,20000000.0,4797440.0,1199360.0,13619200.0,3584000.0,0.75,0.7368421052631579
893,893.0,1.0,160.0,43.0,117.0,20.94,38.0,10.0,28.0,17.47,3527992.0,895624.0,991920.0,248912.0,14.0,0.0,51.0,10.0,0.0,4780.0,0.0,5e-05,20000000.0,35279920.0,8956240.0,9919200.0,2489120.0,0.73125,0.7368421052631579
894,894.0,1.0,290.0,78.0,212.0,26.46,95.0,25.0,70.0,27.0,4748040.0,1246824.0,2320888.0,610760.0,7.0,0.0,51.0,10.0,0.0,540.0,0.0,5e-05,20000000.0,47480400.0,12468240.0,23208880.0,6107600.0,0.7310344827586207,0.7368421052631579
895,895.0,1.0,290.0,78.0,212.0,23.66,95.0,26.0,69.0,19.96,3960072.0,1075176.0,1475016.0,416472.0,7.0,0.0,51.0,10.0,0.0,4770.0,0.0,5e-05,20000000.0,39600720.0,10751760.0,14750160.0,4164720.0,0.7310344827586207,0.7263157894736842
896,896.0,1.0,320.0,80.0,240.0,26.3,304.0,105.0,199.0,22.91,494080.0,123520.0,1057840.0,283608.0,2.0,0.0,51.0,10.0,0.0,2680.0,0.0,5e-05,20000000.0,4940800.0,1235200.0,10578400.0,2836080.0,0.75,0.6546052631578947
897,897.0,1.0,290.0,87.0,203.0,22.36,95.0,29.0,66.0,25.01,3206792.0,894128.0,2021568.0,562224.0,7.0,0.0,51.0,10.0,0.0,2550.0,0.0,5e-05,20000000.0,32067920.0,8941280.0,20215680.0,5622240.0,0.7,0.6947368421052632
898,898.0,1.0,290.0,80.0,210.0,25.77,95.0,28.0,67.0,25.58,4490792.0,1213752.0,2288040.0,628296.0,7.0,0.0,51.0,10.0,0.0,1690.0,0.0,5e-05,20000000.0,44907920.0,12137520.0,22880400.0,6282960.0,0.7241379310344828,0.7052631578947368
899,899.0,1.0,290.0,88.0,202.0,23.88,95.0,34.0,61.0,24.16,4326632.0,1102136.0,2085008.0,618296.0,7.0,0.0,51.0,10.0,0.0,1000.0,0.0,5e-05,20000000.0,43266320.0,11021360.0,20850080.0,6182960.0,0.696551724137931,0.6421052631578947
900,900.0,1.0,320.0,80.0,240.0,26.48,171.0,45.0,126.0,27.0,1915904.0,478976.0,1975848.0,519960.0,4.0,0.0,51.0,10.0,0.0,160.0,0.0,5e-05,20000000.0,19159040.0,4789760.0,19758480.0,5199600.0,0.75,0.7368421052631579
901,901.0,1.0,290.0,81.0,209.0,26.03,95.0,25.0,70.0,27.0,4525032.0,1231680.0,2320888.0,610760.0,7.0,0.0,51.0,10.0,0.0,2270.0,0.0,5e-05,20000000.0,45250320.0,12316800.0,23208880.0,6107600.0,0.7206896551724138,0.7368421052631579
902,902.0,1.0,320.0,80.0,240.0,26.6,304.0,80.0,224.0,27.0,487424.0,121856.0,1361920.0,358400.0,2.0,0.0,51.0,10.0,0.0,110.0,0.0,5e-05,20000000.0,4874240.0,1218560.0,13619200.0,3584000.0,0.75,0.7368421052631579
903,903.0,1.0,320.0,80.0,240.0,26.5,171.0,45.0,126.0,27.0,1915904.0,478976.0,1975848.0,519960.0,4.0,0.0,51.0,10.0,0.0,740.0,0.0,5e-05,20000000.0,19159040.0,4789760.0,19758480.0,5199600.0,0.75,0.7368421052631579
904,904.0,1.0,320.0,103.0,217.0,23.95,304.0,95.0,209.0,25.22,400816.0,110520.0,1214224.0,338720.0,2.0,0.0,51.0,10.0,0.0,2130.0,0.0,5e-05,20000000.0,4008160.0,1105200.0,12142240.0,3387200.0,0.678125,0.6875
905,905.0,1.0,160.0,43.0,117.0,23.04,38.0,10.0,28.0,21.42,3915264.0,1031424.0,1452464.0,364048.0,14.0,0.0,51.0,10.0,0.0,4650.0,0.0,5e-05,20000000.0,39152640.0,10314240.0,14524640.0,3640480.0,0.73125,0.7368421052631579
906,906.0,1.0,320.0,95.0,225.0,23.75,304.0,80.0,224.0,27.0,405640.0,108400.0,1361920.0,358400.0,2.0,0.0,51.0,10.0,0.0,4990.0,0.0,5e-05,20000000.0,4056400.0,1084000.0,13619200.0,3584000.0,0.703125,0.7368421052631579
907,907.0,1.0,320.0,94.0,226.0,25.12,171.0,45.0,126.0,27.0,1742272.0,460552.0,1975848.0,519960.0,4.0,0.0,51.0,10.0,0.0,1050.0,0.0,5e-05,20000000.0,17422720.0,4605520.0,19758480.0,5199600.0,0.70625,0.7368421052631579
908,908.0,1.0,320.0,80.0,240.0,26.5,171.0,45.0,126.0,27.0,1915904.0,478976.0,1975848.0,519960.0,4.0,0.0,51.0,10.0,0.0,660.0,0.0,5e-05,20000000.0,19159040.0,4789760.0,19758480.0,5199600.0,0.75,0.7368421052631579
909,909.0,1.0,290.0,78.0,212.0,26.49,95.0,25.0,70.0,27.0,4651912.0,1248136.0,2320888.0,610760.0,7.0,0.0,51.0,10.0,0.0,920.0,0.0,5e-05,20000000.0,46519120.0,12481360.0,23208880.0,6107600.0,0.7310344827586207,0.7368421052631579
910,910.0,1.0,320.0,91.0,229.0,24.22,171.0,45.0,126.0,27.0,1495528.0,393560.0,1975848.0,519960.0,4.0,0.0,51.0,10.0,0.0,2990.0,0.0,5e-05,20000000.0,14955280.0,3935600.0,19758480.0,5199600.0,0.715625,0.7368421052631579
911,911.0,1.0,320.0,90.0,230.0,24.09,171.0,51.0,120.0,24.16,1618320.0,415736.0,1483288.0,393976.0,4.0,0.0,51.0,10.0,0.0,3190.0,0.0,5e-05,20000000.0,16183200.0,4157360.0,14832880.0,3939760.0,0.71875,0.7017543859649122
912,912.0,1.0,320.0,80.0,240.0,26.65,304.0,80.0,224.0,27.0,494080.0,123520.0,1361920.0,358400.0,2.0,0.0,51.0,10.0,0.0,1480.0,0.0,5e-05,20000000.0,4940800.0,1235200.0,13619200.0,3584000.0,0.75,0.7368421052631579
913,913.0,1.0,160.0,43.0,117.0,26.04,38.0,10.0,28.0,27.0,5224160.0,1368200.0,2258416.0,594320.0,14.0,0.0,51.0,10.0,0.0,880.0,0.0,5e-05,20000000.0,52241600.0,13682000.0,22584160.0,5943200.0,0.73125,0.7368421052631579
914,914.0,1.0,320.0,80.0,240.0,26.48,171.0,49.0,122.0,24.63,1942144.0,485536.0,1540024.0,402208.0,4.0,0.0,51.0,10.0,0.0,3540.0,0.0,5e-05,20000000.0,19421440.0,4855360.0,15400240.0,4022080.0,0.75,0.7134502923976608
915,915.0,1.0,320.0,107.0,213.0,21.29,304.0,98.0,206.0,22.6,365216.0,104288.0,1075216.0,304376.0,2.0,0.0,51.0,10.0,0.0,3710.0,0.0,5e-05,20000000.0,3652160.0,1042880.0,10752160.0,3043760.0,0.665625,0.6776315789473685
916,916.0,1.0,160.0,44.0,116.0,25.89,38.0,10.0,28.0,25.58,4642464.0,1249424.0,1797872.0,479184.0,14.0,0.0,51.0,10.0,0.0,1610.0,0.0,5e-05,20000000.0,46424640.0,12494240.0,17978720.0,4791840.0,0.725,0.7368421052631579
917,917.0,1.0,160.0,43.0,117.0,22.54,38.0,10.0,28.0,21.47,3377832.0,877672.0,1000816.0,251136.0,14.0,0.0,51.0,10.0,0.0,3840.0,0.0,5e-05,20000000.0,33778320.0,8776720.0,10008160.0,2511360.0,0.73125,0.7368421052631579
918,918.0,1.0,290.0,78.0,212.0,20.23,95.0,26.0,69.0,18.49,2255112.0,614696.0,129120.0,47064.0,7.0,0.0,51.0,10.0,0.0,4420.0,0.0,5e-05,20000000.0,22551120.0,6146960.0,1291200.0,470640.0,0.7310344827586207,0.7263157894736842
919,919.0,1.0,320.0,84.0,236.0,21.97,171.0,48.0,123.0,24.19,1193496.0,305560.0,1388504.0,370440.0,4.0,0.0,51.0,10.0,0.0,4740.0,0.0,5e-05,20000000.0,11934960.0,3055600.0,13885040.0,3704400.0,0.7375,0.7192982456140351
920,920.0,1.0,290.0,78.0,212.0,26.14,95.0,25.0,70.0,25.63,4382472.0,1180776.0,1857752.0,494976.0,7.0,0.0,51.0,10.0,0.0,1920.0,0.0,5e-05,20000000.0,43824720.0,11807760.0,18577520.0,4949760.0,0.7310344827586207,0.7368421052631579
921,921.0,1.0,160.0,46.0,114.0,25.99,38.0,12.0,26.0,24.87,4999768.0,1351296.0,1913008.0,540480.0,14.0,0.0,51.0,10.0,0.0,710.0,0.0,5e-05,20000000.0,49997680.0,13512960.0,19130080.0,5404800.0,0.7125,0.6842105263157895
922,922.0,1.0,290.0,81.0,209.0,25.47,95.0,30.0,65.0,23.65,4251112.0,1146080.0,1946320.0,537736.0,7.0,0.0,51.0,10.0,0.0,2400.0,0.0,5e-05,20000000.0,42511120.0,11460800.0,19463200.0,5377360.0,0.7206896551724138,0.6842105263157895
923,923.0,1.0,320.0,80.0,240.0,26.5,304.0,95.0,209.0,25.58,479744.0,119936.0,1283728.0,356096.0,2.0,0.0,51.0,10.0,0.0,1390.0,0.0,5e-05,20000000.0,4797440.0,1199360.0,12837280.0,3560960.0,0.75,0.6875
924,924.0,1.0,320.0,80.0,240.0,26.52,171.0,49.0,122.0,25.14,1942144.0,485536.0,1695184.0,455376.0,4.0,0.0,51.0,10.0,0.0,2880.0,0.0,5e-05,20000000.0,19421440.0,4855360.0,16951840.0,4553760.0,0.75,0.7134502923976608
925,925.0,1.0,320.0,80.0,240.0,26.6,304.0,89.0,215.0,24.15,487424.0,121856.0,1144720.0,307496.0,2.0,0.0,51.0,10.0,0.0,4880.0,0.0,5e-05,20000000.0,4874240.0,1218560.0,11447200.0,3074960.0,0.75,0.7072368421052632
926,926.0,1.0,320.0,89.0,231.0,25.19,171.0,45.0,126.0,27.0,1643528.0,426152.0,1975848.0,519960.0,4.0,0.0,51.0,10.0,0.0,2450.0,0.0,5e-05,20000000.0,16435280.0,4261520.0,19758480.0,5199600.0,0.721875,0.7368421052631579
927,927.0,1.0,320.0,104.0,216.0,20.72,304.0,94.0,210.0,21.31,349360.0,99328.0,811520.0,235736.0,2.0,0.0,51.0,10.0,0.0,4300.0,0.0,5e-05,20000000.0,3493600.0,993280.0,8115200.0,2357360.0,0.675,0.6907894736842105
928,928.0,1.0,320.0,80.0,240.0,26.65,304.0,80.0,224.0,27.0,494080.0,123520.0,1361920.0,358400.0,2.0,0.0,51.0,10.0,0.0,560.0,0.0,5e-05,20000000.0,4940800.0,1235200.0,13619200.0,3584000.0,0.75,0.7368421052631579
929,929.0,1.0,160.0,43.0,117.0,21.51,38.0,10.0,28.0,17.37,3561936.0,893880.0,991920.0,248912.0,14.0,0.0,51.0,10.0,0.0,4330.0,0.0,5e-05,20000000.0,35619360.0,8938800.0,9919200.0,2489120.0,0.73125,0.7368421052631579
930,930.0,1.0,320.0,93.0,227.0,25.3,304.0,80.0,224.0,27.0,453880.0,119528.0,1361920.0,358400.0,2.0,0.0,51.0,10.0,0.0,1660.0,0.0,5e-05,20000000.0,4538800.0,1195280.0,13619200.0,3584000.0,0.709375,0.7368421052631579
931,931.0,1.0,160.0,43.0,117.0,25.66,38.0,10.0,28.0,27.0,4845104.0,1269096.0,2258416.0,594320.0,14.0,0.0,51.0,10.0,0.0,3450.0,0.0,5e-05,20000000.0,48451040.0,12690960.0,22584160.0,5943200.0,0.73125,0.7368421052631579
932,932.0,1.0,320.0,88.0,232.0,23.72,171.0,50.0,121.0,23.58,1643536.0,421552.0,1501184.0,389200.0,4.0,0.0,51.0,10.0,0.0,3660.0,0.0,5e-05,20000000.0,16435360.0,4215520.0,15011840.0,3892000.0,0.725,0.7076023391812866
933,933.0,1.0,320.0,108.0,212.0,19.7,304.0,99.0,205.0,21.03,310544.0,81840.0,940552.0,248040.0,2.0,0.0,51.0,10.0,0.0,4610.0,0.0,5e-05,20000000.0,3105440.0,818400.0,9405520.0,2480400.0,0.6625,0.6743421052631579
934,934.0,1.0,320.0,99.0,221.0,18.88,171.0,53.0,118.0,21.77,1140400.0,323472.0,1015824.0,300976.0,4.0,0.0,51.0,10.0,0.0,4300.0,0.0,5e-05,20000000.0,11404000.0,3234720.0,10158240.0,3009760.0,0.690625,0.6900584795321637
935,935.0,1.0,160.0,43.0,117.0,22.84,38.0,10.0,28.0,19.89,3703800.0,1013152.0,1337328.0,364048.0,14.0,0.0,51.0,10.0,0.0,4510.0,0.0,5e-05,20000000.0,37038000.0,10131520.0,13373280.0,3640480.0,0.73125,0.7368421052631579
936,936.0,1.0,160.0,43.0,117.0,19.89,38.0,10.0,28.0,21.32,2752544.0,731144.0,1452464.0,364048.0,14.0,0.0,51.0,10.0,0.0,4810.0,0.0,5e-05,20000000.0,27525440.0,7311440.0,14524640.0,3640480.0,0.73125,0.7368421052631579
937,937.0,1.0,320.0,104.0,216.0,20.32,171.0,55.0,116.0,21.66,1251712.0,357496.0,1381336.0,399568.0,4.0,0.0,51.0,10.0,0.0,3710.0,0.0,5e-05,20000000.0,12517120.0,3574960.0,13813360.0,3995680.0,0.675,0.6783625730994152
938,938.0,1.0,290.0,78.0,212.0,22.9,95.0,25.0,70.0,19.25,3269672.0,889736.0,1385080.0,376808.0,7.0,0.0,51.0,10.0,0.0,3800.0,0.0,5e-05,20000000.0,32696720.0,8897360.0,13850800.0,3768080.0,0.7310344827586207,0.7368421052631579
939,939.0,1.0,160.0,43.0,117.0,26.61,38.0,10.0,28.0,27.0,5235144.0,1386000.0,2258416.0,594320.0,14.0,0.0,51.0,10.0,0.0,60.0,0.0,5e-05,20000000.0,52351440.0,13860000.0,22584160.0,5943200.0,0.73125,0.7368421052631579
940,940.0,1.0,320.0,80.0,240.0,26.5,171.0,54.0,117.0,25.42,1915904.0,478976.0,1822280.0,509816.0,4.0,0.0,51.0,10.0,0.0,710.0,0.0,5e-05,20000000.0,19159040.0,4789760.0,18222800.0,5098160.0,0.75,0.6842105263157895
941,941.0,1.0,160.0,44.0,116.0,25.72,38.0,11.0,27.0,25.58,4775040.0,1282568.0,1970576.0,538616.0,14.0,0.0,51.0,10.0,0.0,1370.0,0.0,5e-05,20000000.0,47750400.0,12825680.0,19705760.0,5386160.0,0.725,0.7105263157894737
942,942.0,1.0,320.0,93.0,227.0,24.74,304.0,80.0,224.0,27.0,408632.0,108216.0,1361920.0,358400.0,2.0,0.0,51.0,10.0,0.0,3440.0,0.0,5e-05,20000000.0,4086320.0,1082160.0,13619200.0,3584000.0,0.709375,0.7368421052631579
943,943.0,1.0,320.0,93.0,227.0,25.3,304.0,80.0,224.0,27.0,453880.0,119528.0,1361920.0,358400.0,2.0,0.0,51.0,10.0,0.0,1580.0,0.0,5e-05,20000000.0,4538800.0,1195280.0,13619200.0,3584000.0,0.709375,0.7368421052631579
944,944.0,1.0,160.0,44.0,116.0,25.04,38.0,10.0,28.0,24.16,4604456.0,1230128.0,1797872.0,479184.0,14.0,0.0,51.0,10.0,0.0,1630.0,0.0,5e-05,20000000.0,46044560.0,12301280.0,17978720.0,4791840.0,0.725,0.7368421052631579
945,945.0,1.0,320.0,91.0,229.0,24.27,304.0,80.0,224.0,27.0,392552.0,103264.0,1361920.0,358400.0,2.0,0.0,51.0,10.0,0.0,4140.0,0.0,5e-05,20000000.0,3925520.0,1032640.0,13619200.0,3584000.0,0.715625,0.7368421052631579
946,946.0,1.0,290.0,78.0,212.0,25.65,95.0,25.0,70.0,27.0,4131752.0,1105256.0,2320888.0,610760.0,7.0,0.0,51.0,10.0,0.0,4570.0,0.0,5e-05,20000000.0,41317520.0,11052560.0,23208880.0,6107600.0,0.7310344827586207,0.7368421052631579
947,947.0,1.0,160.0,43.0,117.0,25.98,38.0,10.0,28.0,27.0,4961304.0,1327528.0,2258416.0,594320.0,14.0,0.0,51.0,10.0,0.0,2320.0,0.0,5e-05,20000000.0,49613040.0,13275280.0,22584160.0,5943200.0,0.73125,0.7368421052631579
948,948.0,1.0,290.0,78.0,212.0,23.54,95.0,25.0,70.0,24.16,3377992.0,903976.0,1375544.0,374424.0,7.0,0.0,51.0,10.0,0.0,3830.0,0.0,5e-05,20000000.0,33779920.0,9039760.0,13755440.0,3744240.0,0.7310344827586207,0.7368421052631579
949,949.0,1.0,160.0,45.0,115.0,26.09,38.0,10.0,28.0,27.0,4922192.0,1330296.0,2258416.0,594320.0,14.0,0.0,51.0,10.0,0.0,1030.0,0.0,5e-05,20000000.0,49221920.0,13302960.0,22584160.0,5943200.0,0.71875,0.7368421052631579
950,950.0,1.0,320.0,91.0,229.0,24.16,304.0,96.0,208.0,22.7,434584.0,112968.0,1101280.0,282384.0,2.0,0.0,51.0,10.0,0.0,3660.0,0.0,5e-05,20000000.0,4345840.0,1129680.0,11012800.0,2823840.0,0.715625,0.6842105263157895
951,951.0,1.0,320.0,80.0,240.0,26.65,304.0,80.0,224.0,27.0,494080.0,123520.0,1361920.0,358400.0,2.0,0.0,51.0,10.0,0.0,2760.0,0.0,5e-05,20000000.0,4940800.0,1235200.0,13619200.0,3584000.0,0.75,0.7368421052631579
952,952.0,1.0,160.0,44.0,116.0,25.56,38.0,11.0,27.0,24.87,4714728.0,1262496.0,1740304.0,481048.0,14.0,0.0,51.0,10.0,0.0,1360.0,0.0,5e-05,20000000.0,47147280.0,12624960.0,17403040.0,4810480.0,0.725,0.7105263157894737
953,953.0,1.0,160.0,43.0,117.0,24.31,38.0,10.0,28.0,25.58,3820712.0,1032392.0,1797872.0,479184.0,14.0,0.0,51.0,10.0,0.0,3820.0,0.0,5e-05,20000000.0,38207120.0,10323920.0,17978720.0,4791840.0,0.73125,0.7368421052631579
954,954.0,1.0,290.0,82.0,208.0,24.39,95.0,29.0,66.0,24.44,4086952.0,1097288.0,1946712.0,550416.0,7.0,0.0,51.0,10.0,0.0,2040.0,0.0,5e-05,20000000.0,40869520.0,10972880.0,19467120.0,5504160.0,0.7172413793103448,0.6947368421052632
955,955.0,1.0,290.0,83.0,207.0,25.73,95.0,35.0,60.0,24.16,4576392.0,1216176.0,2084552.0,618728.0,7.0,0.0,51.0,10.0,0.0,200.0,0.0,5e-05,20000000.0,45763920.0,12161760.0,20845520.0,6187280.0,0.7137931034482758,0.631578947368421
956,956.0,1.0,320.0,80.0,240.0,25.88,171.0,57.0,114.0,24.47,1880192.0,470048.0,1415616.0,407712.0,4.0,0.0,51.0,10.0,0.0,1360.0,0.0,5e-05,20000000.0,18801920.0,4700480.0,14156160.0,4077120.0,0.75,0.6666666666666666
957,957.0,1.0,160.0,43.0,117.0,24.26,38.0,10.0,28.0,27.0,3977416.0,1071568.0,2258416.0,594320.0,14.0,0.0,51.0,10.0,0.0,2990.0,0.0,5e-05,20000000.0,39774160.0,10715680.0,22584160.0,5943200.0,0.73125,0.7368421052631579
958,958.0,1.0,320.0,91.0,229.0,25.17,171.0,52.0,119.0,25.27,1743592.0,455576.0,1768112.0,487008.0,4.0,0.0,51.0,10.0,0.0,1630.0,0.0,5e-05,20000000.0,17435920.0,4555760.0,17681120.0,4870080.0,0.715625,0.695906432748538
959,959.0,1.0,290.0,78.0,212.0,20.86,95.0,26.0,69.0,19.89,3093992.0,837256.0,1501728.0,416472.0,7.0,0.0,51.0,10.0,0.0,4670.0,0.0,5e-05,20000000.0,30939920.0,8372560.0,15017280.0,4164720.0,0.7310344827586207,0.7263157894736842
960,960.0,1.0,320.0,92.0,228.0,23.67,171.0,50.0,121.0,24.47,1492760.0,401504.0,1437168.0,385448.0,4.0,0.0,51.0,10.0,0.0,3880.0,0.0,5e-05,20000000.0,14927600.0,4015040.0,14371680.0,3854480.0,0.7125,0.7076023391812866
961,961.0,1.0,290.0,81.0,209.0,23.9,95.0,26.0,69.0,25.01,4011432.0,1060480.0,2077992.0,547752.0,7.0,0.0,51.0,10.0,0.0,2370.0,0.0,5e-05,20000000.0,40114320.0,10604800.0,20779920.0,5477520.0,0.7206896551724138,0.7263157894736842
962,962.0,1.0,320.0,91.0,229.0,22.18,171.0,49.0,122.0,22.16,1473616.0,390672.0,1019808.0,287368.0,4.0,0.0,51.0,10.0,0.0,4340.0,0.0,5e-05,20000000.0,14736160.0,3906720.0,10198080.0,2873680.0,0.715625,0.7134502923976608
963,963.0,1.0,160.0,45.0,115.0,25.15,38.0,10.0,28.0,25.58,4568640.0,1191824.0,1797872.0,479184.0,14.0,0.0,51.0,10.0,0.0,1830.0,0.0,5e-05,20000000.0,45686400.0,11918240.0,17978720.0,4791840.0,0.71875,0.7368421052631579
964,964.0,1.0,160.0,43.0,117.0,22.69,38.0,10.0,28.0,21.42,3839464.0,993080.0,1452464.0,364048.0,14.0,0.0,51.0,10.0,0.0,4520.0,0.0,5e-05,20000000.0,38394640.0,9930800.0,14524640.0,3640480.0,0.73125,0.7368421052631579
965,965.0,1.0,160.0,43.0,117.0,24.93,38.0,10.0,28.0,25.58,4587680.0,1189928.0,1913008.0,479184.0,14.0,0.0,51.0,10.0,0.0,2260.0,0.0,5e-05,20000000.0,45876800.0,11899280.0,19130080.0,4791840.0,0.73125,0.7368421052631579
966,966.0,1.0,290.0,92.0,198.0,24.89,95.0,37.0,58.0,21.88,4422312.0,1223448.0,1893352.0,517240.0,7.0,0.0,51.0,10.0,0.0,400.0,0.0,5e-05,20000000.0,44223120.0,12234480.0,18933520.0,5172400.0,0.6827586206896552,0.6105263157894737
967,967.0,1.0,290.0,78.0,212.0,15.28,95.0,26.0,69.0,18.16,1912712.0,529096.0,1237344.0,337248.0,7.0,0.0,51.0,10.0,0.0,3410.0,0.0,5e-05,20000000.0,19127120.0,5290960.0,12373440.0,3372480.0,0.7310344827586207,0.7263157894736842
968,968.0,1.0,320.0,112.0,208.0,21.4,304.0,104.0,200.0,22.09,363968.0,96256.0,979648.0,261752.0,2.0,0.0,51.0,10.0,0.0,3340.0,0.0,5e-05,20000000.0,3639680.0,962560.0,9796480.0,2617520.0,0.65,0.6578947368421053
969,969.0,1.0,160.0,45.0,115.0,26.1,38.0,11.0,27.0,25.58,5256576.0,1389504.0,1970576.0,538616.0,14.0,0.0,51.0,10.0,0.0,530.0,0.0,5e-05,20000000.0,52565760.0,13895040.0,19705760.0,5386160.0,0.71875,0.7105263157894737
970,970.0,1.0,320.0,94.0,226.0,25.3,304.0,80.0,224.0,27.0,458704.0,121200.0,1361920.0,358400.0,2.0,0.0,51.0,10.0,0.0,2070.0,0.0,5e-05,20000000.0,4587040.0,1212000.0,13619200.0,3584000.0,0.70625,0.7368421052631579
971,971.0,1.0,290.0,78.0,212.0,26.64,95.0,25.0,70.0,27.0,4781832.0,1280616.0,2320888.0,610760.0,7.0,0.0,51.0,10.0,0.0,50.0,0.0,5e-05,20000000.0,47818320.0,12806160.0,23208880.0,6107600.0,0.7310344827586207,0.7368421052631579
972,972.0,1.0,160.0,43.0,117.0,25.79,38.0,10.0,28.0,25.58,4884888.0,1308424.0,1797872.0,479184.0,14.0,0.0,51.0,10.0,0.0,2050.0,0.0,5e-05,20000000.0,48848880.0,13084240.0,17978720.0,4791840.0,0.73125,0.7368421052631579
973,973.0,1.0,320.0,102.0,218.0,20.62,171.0,58.0,113.0,21.33,1264176.0,347632.0,1133128.0,320704.0,4.0,0.0,51.0,10.0,0.0,3040.0,0.0,5e-05,20000000.0,12641760.0,3476320.0,11331280.0,3207040.0,0.68125,0.6608187134502924
974,974.0,1.0,290.0,78.0,212.0,26.64,95.0,25.0,70.0,27.0,4781832.0,1280616.0,2320888.0,610760.0,7.0,0.0,51.0,10.0,0.0,1470.0,0.0,5e-05,20000000.0,47818320.0,12806160.0,23208880.0,6107600.0,0.7310344827586207,0.7368421052631579
975,975.0,1.0,320.0,80.0,240.0,26.65,304.0,80.0,224.0,27.0,494080.0,123520.0,1361920.0,358400.0,2.0,0.0,51.0,10.0,0.0,330.0,0.0,5e-05,20000000.0,4940800.0,1235200.0,13619200.0,3584000.0,0.75,0.7368421052631579
976,976.0,1.0,320.0,80.0,240.0,26.6,304.0,80.0,224.0,27.0,487424.0,121856.0,1361920.0,358400.0,2.0,0.0,51.0,10.0,0.0,170.0,0.0,5e-05,20000000.0,4874240.0,1218560.0,13619200.0,3584000.0,0.75,0.7368421052631579
977,977.0,1.0,320.0,89.0,231.0,25.3,304.0,104.0,200.0,23.83,434584.0,112840.0,1183816.0,344288.0,2.0,0.0,51.0,10.0,0.0,2460.0,0.0,5e-05,20000000.0,4345840.0,1128400.0,11838160.0,3442880.0,0.721875,0.6578947368421053
978,978.0,1.0,320.0,92.0,228.0,25.17,171.0,50.0,121.0,25.58,1767112.0,463768.0,1652864.0,450760.0,4.0,0.0,51.0,10.0,0.0,2890.0,0.0,5e-05,20000000.0,17671120.0,4637680.0,16528640.0,4507600.0,0.7125,0.7076023391812866
979,979.0,1.0,290.0,78.0,212.0,20.22,95.0,25.0,70.0,16.43,3350792.0,854376.0,1021040.0,256256.0,7.0,0.0,51.0,10.0,0.0,3750.0,0.0,5e-05,20000000.0,33507920.0,8543760.0,10210400.0,2562560.0,0.7310344827586207,0.7368421052631579
980,980.0,1.0,320.0,91.0,229.0,25.12,171.0,45.0,126.0,27.0,1690408.0,442496.0,1975848.0,519960.0,4.0,0.0,51.0,10.0,0.0,1090.0,0.0,5e-05,20000000.0,16904080.0,4424960.0,19758480.0,5199600.0,0.715625,0.7368421052631579
981,981.0,1.0,320.0,90.0,230.0,25.3,304.0,80.0,224.0,27.0,439408.0,114512.0,1361920.0,358400.0,2.0,0.0,51.0,10.0,0.0,2570.0,0.0,5e-05,20000000.0,4394080.0,1145120.0,13619200.0,3584000.0,0.71875,0.7368421052631579
982,982.0,1.0,160.0,43.0,117.0,25.31,38.0,10.0,28.0,27.0,4452016.0,1170824.0,2258416.0,594320.0,14.0,0.0,51.0,10.0,0.0,3580.0,0.0,5e-05,20000000.0,44520160.0,11708240.0,22584160.0,5943200.0,0.73125,0.7368421052631579
983,983.0,1.0,160.0,43.0,117.0,24.68,38.0,10.0,28.0,22.79,3759032.0,1026960.0,885680.0,251136.0,14.0,0.0,51.0,10.0,0.0,3300.0,0.0,5e-05,20000000.0,37590320.0,10269600.0,8856800.0,2511360.0,0.73125,0.7368421052631579
984,984.0,1.0,320.0,80.0,240.0,26.6,304.0,80.0,224.0,27.0,487424.0,121856.0,1361920.0,358400.0,2.0,0.0,51.0,10.0,0.0,1080.0,0.0,5e-05,20000000.0,4874240.0,1218560.0,13619200.0,3584000.0,0.75,0.7368421052631579
985,985.0,1.0,290.0,78.0,212.0,20.94,95.0,26.0,69.0,23.31,2751592.0,751656.0,1603232.0,441848.0,7.0,0.0,51.0,10.0,0.0,4180.0,0.0,5e-05,20000000.0,27515920.0,7516560.0,16032320.0,4418480.0,0.7310344827586207,0.7263157894736842
986,986.0,1.0,290.0,81.0,209.0,26.03,95.0,28.0,67.0,25.58,4514952.0,1216320.0,2124832.0,574024.0,7.0,0.0,51.0,10.0,0.0,1840.0,0.0,5e-05,20000000.0,45149520.0,12163200.0,21248320.0,5740240.0,0.7206896551724138,0.7052631578947368
987,987.0,1.0,160.0,43.0,117.0,26.6,38.0,10.0,28.0,27.0,5078216.0,1346768.0,2258416.0,594320.0,14.0,0.0,51.0,10.0,0.0,1140.0,0.0,5e-05,20000000.0,50782160.0,13467680.0,22584160.0,5943200.0,0.73125,0.7368421052631579
988,988.0,1.0,320.0,80.0,240.0,26.56,171.0,45.0,126.0,27.0,1942144.0,485536.0,1975848.0,519960.0,4.0,0.0,51.0,10.0,0.0,510.0,0.0,5e-05,20000000.0,19421440.0,4855360.0,19758480.0,5199600.0,0.75,0.7368421052631579
989,989.0,1.0,290.0,79.0,211.0,25.94,95.0,30.0,65.0,24.73,4611112.0,1243024.0,2130504.0,603816.0,7.0,0.0,51.0,10.0,0.0,1360.0,0.0,5e-05,20000000.0,46111120.0,12430240.0,21305040.0,6038160.0,0.7275862068965517,0.6842105263157895
990,990.0,1.0,320.0,80.0,240.0,26.6,304.0,80.0,224.0,27.0,487424.0,121856.0,1361920.0,358400.0,2.0,0.0,51.0,10.0,0.0,580.0,0.0,5e-05,20000000.0,4874240.0,1218560.0,13619200.0,3584000.0,0.75,0.7368421052631579
991,991.0,1.0,320.0,91.0,229.0,25.15,171.0,45.0,126.0,27.0,1664488.0,436016.0,1975848.0,519960.0,4.0,0.0,51.0,10.0,0.0,2070.0,0.0,5e-05,20000000.0,16644880.0,4360160.0,19758480.0,5199600.0,0.715625,0.7368421052631579
992,992.0,1.0,320.0,80.0,240.0,26.41,171.0,55.0,116.0,24.0,1880192.0,470048.0,1500184.0,395408.0,4.0,0.0,51.0,10.0,0.0,1310.0,0.0,5e-05,20000000.0,18801920.0,4700480.0,15001840.0,3954080.0,0.75,0.6783625730994152
993,993.0,1.0,290.0,77.0,213.0,22.68,95.0,26.0,69.0,22.8,3617672.0,971648.0,1501728.0,416472.0,7.0,0.0,51.0,10.0,0.0,4340.0,0.0,5e-05,20000000.0,36176720.0,9716480.0,15017280.0,4164720.0,0.7344827586206897,0.7263157894736842
994,994.0,1.0,320.0,92.0,228.0,24.51,304.0,80.0,224.0,27.0,444232.0,116248.0,1361920.0,358400.0,2.0,0.0,51.0,10.0,0.0,2930.0,0.0,5e-05,20000000.0,4442320.0,1162480.0,13619200.0,3584000.0,0.7125,0.7368421052631579
995,995.0,1.0,290.0,78.0,212.0,23.41,95.0,26.0,69.0,21.6,3248072.0,854376.0,1548960.0,402024.0,7.0,0.0,51.0,10.0,0.0,3460.0,0.0,5e-05,20000000.0,32480720.0,8543760.0,15489600.0,4020240.0,0.7310344827586207,0.7263157894736842
996,996.0,1.0,160.0,43.0,117.0,25.15,38.0,10.0,28.0,27.0,4216352.0,1131496.0,2258416.0,594320.0,14.0,0.0,51.0,10.0,0.0,4860.0,0.0,5e-05,20000000.0,42163520.0,11314960.0,22584160.0,5943200.0,0.73125,0.7368421052631579
997,997.0,1.0,320.0,92.0,228.0,25.3,304.0,80.0,224.0,27.0,449056.0,117856.0,1361920.0,358400.0,2.0,0.0,51.0,10.0,0.0,2330.0,0.0,5e-05,20000000.0,4490560.0,1178560.0,13619200.0,3584000.0,0.7125,0.7368421052631579
998,998.0,1.0,320.0,89.0,231.0,24.86,171.0,57.0,114.0,23.4,1642664.0,426152.0,1305296.0,387176.0,4.0,0.0,51.0,10.0,0.0,2720.0,0.0,5e-05,20000000.0,16426640.0,4261520.0,13052960.0,3871760.0,0.721875,0.6666666666666666
999,999.0,1.0,160.0,43.0,117.0,23.63,38.0,10.0,28.0,22.74,4450080.0,1189928.0,1797872.0,479184.0,14.0,0.0,51.0,10.0,0.0,3630.0,0.0,5e-05,20000000.0,44500800.0,11899280.0,17978720.0,4791840.0,0.73125,0.7368421052631579
1000,1000.0,1.0,320.0,109.0,211.0,21.82,304.0,102.0,202.0,23.09,373256.0,97984.0,1023088.0,274512.0,2.0,0.0,51.0,10.0,0.0,3510.0,0.0,5e-05,20000000.0,3732560.0,979840.0,10230880.0,2745120.0,0.659375,0.6644736842105263
1001,1001.0,1.0,320.0,80.0,240.0,26.28,171.0,54.0,117.0,24.63,1880192.0,470048.0,1637080.0,443800.0,4.0,0.0,51.0,10.0,0.0,1250.0,0.0,5e-05,20000000.0,18801920.0,4700480.0,16370800.0,4438000.0,0.75,0.6842105263157895
1002,1002.0,1.0,320.0,93.0,227.0,24.6,171.0,49.0,122.0,24.96,1550112.0,409984.0,1604336.0,437184.0,4.0,0.0,51.0,10.0,0.0,3110.0,0.0,5e-05,20000000.0,15501120.0,4099840.0,16043360.0,4371840.0,0.709375,0.7134502923976608
1003,1003.0,1.0,160.0,43.0,117.0,26.61,38.0,10.0,28.0,27.0,5235144.0,1386000.0,2258416.0,594320.0,14.0,0.0,51.0,10.0,0.0,370.0,0.0,5e-05,20000000.0,52351440.0,13860000.0,22584160.0,5943200.0,0.73125,0.7368421052631579
1004,1004.0,1.0,160.0,43.0,117.0,26.06,38.0,10.0,28.0,27.0,5000480.0,1327528.0,2258416.0,594320.0,14.0,0.0,51.0,10.0,0.0,1660.0,0.0,5e-05,20000000.0,50004800.0,13275280.0,22584160.0,5943200.0,0.73125,0.7368421052631579
1005,1005.0,1.0,320.0,89.0,231.0,25.15,304.0,80.0,224.0,27.0,420248.0,109256.0,1361920.0,358400.0,2.0,0.0,51.0,10.0,0.0,3270.0,0.0,5e-05,20000000.0,4202480.0,1092560.0,13619200.0,3584000.0,0.721875,0.7368421052631579
1006,1006.0,1.0,290.0,78.0,212.0,26.64,95.0,25.0,70.0,27.0,4781832.0,1280616.0,2320888.0,610760.0,7.0,0.0,51.0,10.0,0.0,350.0,0.0,5e-05,20000000.0,47818320.0,12806160.0,23208880.0,6107600.0,0.7310344827586207,0.7368421052631579
1007,1007.0,1.0,290.0,81.0,209.0,24.71,95.0,30.0,65.0,22.21,4429352.0,1199200.0,1894656.0,525048.0,7.0,0.0,51.0,10.0,0.0,2020.0,0.0,5e-05,20000000.0,44293520.0,11992000.0,18946560.0,5250480.0,0.7206896551724138,0.6842105263157895
1008,1008.0,1.0,160.0,43.0,117.0,26.61,38.0,10.0,28.0,27.0,5235144.0,1386000.0,2258416.0,594320.0,14.0,0.0,51.0,10.0,0.0,330.0,0.0,5e-05,20000000.0,52351440.0,13860000.0,22584160.0,5943200.0,0.73125,0.7368421052631579
1009,1009.0,1.0,320.0,99.0,221.0,22.26,304.0,91.0,213.0,24.22,352352.0,94128.0,1131688.0,307768.0,2.0,0.0,51.0,10.0,0.0,4660.0,0.0,5e-05,20000000.0,3523520.0,941280.0,11316880.0,3077680.0,0.690625,0.7006578947368421
1010,1010.0,1.0,320.0,80.0,240.0,26.5,304.0,96.0,208.0,25.4,479744.0,119936.0,1257664.0,351888.0,2.0,0.0,51.0,10.0,0.0,1300.0,0.0,5e-05,20000000.0,4797440.0,1199360.0,12576640.0,3518880.0,0.75,0.6842105263157895
1011,1011.0,1.0,290.0,79.0,211.0,24.41,95.0,25.0,70.0,22.99,3532072.0,973264.0,1375544.0,374424.0,7.0,0.0,51.0,10.0,0.0,3210.0,0.0,5e-05,20000000.0,35320720.0,9732640.0,13755440.0,3744240.0,0.7275862068965517,0.7368421052631579
1012,1012.0,1.0,160.0,43.0,117.0,26.61,38.0,10.0,28.0,27.0,5235144.0,1386000.0,2258416.0,594320.0,14.0,0.0,51.0,10.0,0.0,410.0,0.0,5e-05,20000000.0,52351440.0,13860000.0,22584160.0,5943200.0,0.73125,0.7368421052631579
1013,1013.0,1.0,290.0,78.0,212.0,26.59,95.0,25.0,70.0,27.0,4720392.0,1265256.0,2320888.0,610760.0,7.0,0.0,51.0,10.0,0.0,30.0,0.0,5e-05,20000000.0,47203920.0,12652560.0,23208880.0,6107600.0,0.7310344827586207,0.7368421052631579
1014,1014.0,1.0,320.0,110.0,210.0,22.69,304.0,96.0,208.0,24.78,378304.0,107752.0,1222912.0,338856.0,2.0,0.0,51.0,10.0,0.0,2550.0,0.0,5e-05,20000000.0,3783040.0,1077520.0,12229120.0,3388560.0,0.65625,0.6842105263157895
1015,1015.0,1.0,290.0,87.0,203.0,24.48,95.0,28.0,67.0,24.51,4063272.0,1129648.0,2074080.0,561336.0,7.0,0.0,51.0,10.0,0.0,1420.0,0.0,5e-05,20000000.0,40632720.0,11296480.0,20740800.0,5613360.0,0.7,0.7052631578947368
1016,1016.0,1.0,320.0,80.0,240.0,25.75,171.0,63.0,108.0,23.88,1915904.0,478976.0,1721288.0,512816.0,4.0,0.0,51.0,10.0,0.0,1000.0,0.0,5e-05,20000000.0,19159040.0,4789760.0,17212880.0,5128160.0,0.75,0.631578947368421
1017,1017.0,1.0,290.0,79.0,211.0,25.67,95.0,25.0,70.0,27.0,4593512.0,1195824.0,2320888.0,610760.0,7.0,0.0,51.0,10.0,0.0,2580.0,0.0,5e-05,20000000.0,45935120.0,11958240.0,23208880.0,6107600.0,0.7275862068965517,0.7368421052631579
1018,1018.0,1.0,320.0,95.0,225.0,25.25,304.0,80.0,224.0,27.0,456872.0,121208.0,1361920.0,358400.0,2.0,0.0,51.0,10.0,0.0,1110.0,0.0,5e-05,20000000.0,4568720.0,1212080.0,13619200.0,3584000.0,0.703125,0.7368421052631579
1019,1019.0,1.0,320.0,80.0,240.0,26.56,171.0,45.0,126.0,27.0,1942144.0,485536.0,1975848.0,519960.0,4.0,0.0,51.0,10.0,0.0,1570.0,0.0,5e-05,20000000.0,19421440.0,4855360.0,19758480.0,5199600.0,0.75,0.7368421052631579
1020,1020.0,1.0,320.0,108.0,212.0,19.82,304.0,97.0,207.0,21.46,296432.0,83136.0,927520.0,256456.0,2.0,0.0,51.0,10.0,0.0,4810.0,0.0,5e-05,20000000.0,2964320.0,831360.0,9275200.0,2564560.0,0.6625,0.680921052631579
1021,1021.0,1.0,320.0,90.0,230.0,24.05,171.0,61.0,110.0,21.92,1665160.0,434304.0,1196120.0,329392.0,4.0,0.0,51.0,10.0,0.0,2020.0,0.0,5e-05,20000000.0,16651600.0,4343040.0,11961200.0,3293920.0,0.71875,0.6432748538011696
1022,1022.0,1.0,320.0,80.0,240.0,26.42,171.0,45.0,126.0,27.0,1915904.0,478976.0,1975848.0,519960.0,4.0,0.0,51.0,10.0,0.0,1850.0,0.0,5e-05,20000000.0,19159040.0,4789760.0,19758480.0,5199600.0,0.75,0.7368421052631579
1023,1023.0,1.0,290.0,78.0,212.0,26.48,95.0,25.0,70.0,27.0,4628232.0,1242216.0,2320888.0,610760.0,7.0,0.0,51.0,10.0,0.0,90.0,0.0,5e-05,20000000.0,46282320.0,12422160.0,23208880.0,6107600.0,0.7310344827586207,0.7368421052631579
1024,1024.0,1.0,320.0,80.0,240.0,26.6,304.0,92.0,212.0,24.05,487424.0,121856.0,1136032.0,312248.0,2.0,0.0,51.0,10.0,0.0,4590.0,0.0,5e-05,20000000.0,4874240.0,1218560.0,11360320.0,3122480.0,0.75,0.6973684210526315
1025,1025.0,1.0,160.0,43.0,117.0,16.09,38.0,10.0,28.0,17.26,2682680.0,718696.0,1337328.0,364048.0,14.0,0.0,51.0,10.0,0.0,3410.0,0.0,5e-05,20000000.0,26826800.0,7186960.0,13373280.0,3640480.0,0.73125,0.7368421052631579
1026,1026.0,1.0,290.0,78.0,212.0,26.45,95.0,25.0,70.0,27.0,4696232.0,1246376.0,2320888.0,610760.0,7.0,0.0,51.0,10.0,0.0,1730.0,0.0,5e-05,20000000.0,46962320.0,12463760.0,23208880.0,6107600.0,0.7310344827586207,0.7368421052631579
1027,1027.0,1.0,160.0,43.0,117.0,20.25,38.0,10.0,28.0,21.32,3248304.0,815472.0,1452464.0,364048.0,14.0,0.0,51.0,10.0,0.0,3040.0,0.0,5e-05,20000000.0,32483040.0,8154720.0,14524640.0,3640480.0,0.73125,0.7368421052631579
1028,1028.0,1.0,320.0,95.0,225.0,22.95,171.0,53.0,118.0,23.71,1296800.0,335096.0,1344320.0,358864.0,4.0,0.0,51.0,10.0,0.0,3220.0,0.0,5e-05,20000000.0,12968000.0,3350960.0,13443200.0,3588640.0,0.703125,0.6900584795321637
1029,1029.0,1.0,320.0,94.0,226.0,24.2,304.0,99.0,205.0,22.5,432752.0,114712.0,1057840.0,287136.0,2.0,0.0,51.0,10.0,0.0,3030.0,0.0,5e-05,20000000.0,4327520.0,1147120.0,10578400.0,2871360.0,0.70625,0.6743421052631579
1030,1030.0,1.0,290.0,78.0,212.0,25.38,95.0,25.0,70.0,27.0,3864392.0,1042696.0,2320888.0,610760.0,7.0,0.0,51.0,10.0,0.0,3440.0,0.0,5e-05,20000000.0,38643920.0,10426960.0,23208880.0,6107600.0,0.7310344827586207,0.7368421052631579
1031,1031.0,1.0,320.0,88.0,232.0,25.19,171.0,45.0,126.0,27.0,1690864.0,437520.0,1975848.0,519960.0,4.0,0.0,51.0,10.0,0.0,2570.0,0.0,5e-05,20000000.0,16908640.0,4375200.0,19758480.0,5199600.0,0.725,0.7368421052631579
1032,1032.0,1.0,320.0,80.0,240.0,26.6,304.0,80.0,224.0,27.0,487424.0,121856.0,1361920.0,358400.0,2.0,0.0,51.0,10.0,0.0,990.0,0.0,5e-05,20000000.0,4874240.0,1218560.0,13619200.0,3584000.0,0.75,0.7368421052631579
1033,1033.0,1.0,160.0,43.0,117.0,16.74,38.0,10.0,28.0,10.68,2344352.0,638696.0,70832.0,18640.0,14.0,0.0,51.0,10.0,0.0,3710.0,0.0,5e-05,20000000.0,23443520.0,6386960.0,708320.0,186400.0,0.73125,0.7368421052631579
1034,1034.0,1.0,290.0,78.0,212.0,21.16,95.0,25.0,70.0,22.47,3111112.0,803016.0,1493712.0,374424.0,7.0,0.0,51.0,10.0,0.0,4910.0,0.0,5e-05,20000000.0,31111120.0,8030160.0,14937120.0,3744240.0,0.7310344827586207,0.7368421052631579
1035,1035.0,1.0,320.0,80.0,240.0,26.56,171.0,63.0,108.0,24.16,1942144.0,485536.0,1774456.0,526552.0,4.0,0.0,51.0,10.0,0.0,200.0,0.0,5e-05,20000000.0,19421440.0,4855360.0,17744560.0,5265520.0,0.75,0.631578947368421
1036,1036.0,1.0,320.0,114.0,206.0,6.66,171.0,69.0,102.0,3.3,343456.0,91136.0,66472.0,22408.0,4.0,0.0,51.0,10.0,0.0,4000.0,0.0,5e-05,20000000.0,3434560.0,911360.0,664720.0,224080.0,0.64375,0.5964912280701754
1037,1037.0,1.0,290.0,78.0,212.0,25.84,95.0,25.0,70.0,25.58,4309512.0,1128296.0,1966384.0,492592.0,7.0,0.0,51.0,10.0,0.0,4940.0,0.0,5e-05,20000000.0,43095120.0,11282960.0,19663840.0,4925920.0,0.7310344827586207,0.7368421052631579
1038,1038.0,1.0,160.0,43.0,117.0,23.11,38.0,10.0,28.0,21.42,4017208.0,1052328.0,1337328.0,364048.0,14.0,0.0,51.0,10.0,0.0,4830.0,0.0,5e-05,20000000.0,40172080.0,10523280.0,13373280.0,3640480.0,0.73125,0.7368421052631579
1039,1039.0,1.0,320.0,80.0,240.0,26.65,304.0,80.0,224.0,27.0,494080.0,123520.0,1361920.0,358400.0,2.0,0.0,51.0,10.0,0.0,550.0,0.0,5e-05,20000000.0,4940800.0,1235200.0,13619200.0,3584000.0,0.75,0.7368421052631579
1040,1040.0,1.0,320.0,80.0,240.0,26.48,171.0,51.0,120.0,25.58,1915904.0,478976.0,1692296.0,464336.0,4.0,0.0,51.0,10.0,0.0,1770.0,0.0,5e-05,20000000.0,19159040.0,4789760.0,16922960.0,4643360.0,0.75,0.7017543859649122
1041,1041.0,1.0,290.0,78.0,212.0,26.64,95.0,25.0,70.0,27.0,4781832.0,1280616.0,2320888.0,610760.0,7.0,0.0,51.0,10.0,0.0,330.0,0.0,5e-05,20000000.0,47818320.0,12806160.0,23208880.0,6107600.0,0.7310344827586207,0.7368421052631579
1042,1042.0,1.0,290.0,78.0,212.0,26.39,95.0,25.0,70.0,27.0,4559752.0,1225096.0,2320888.0,610760.0,7.0,0.0,51.0,10.0,0.0,1280.0,0.0,5e-05,20000000.0,45597520.0,12250960.0,23208880.0,6107600.0,0.7310344827586207,0.7368421052631579
1043,1043.0,1.0,320.0,86.0,234.0,24.56,171.0,53.0,118.0,23.84,1555792.0,399128.0,1323192.0,367960.0,4.0,0.0,51.0,10.0,0.0,3370.0,0.0,5e-05,20000000.0,15557920.0,3991280.0,13231920.0,3679600.0,0.73125,0.6900584795321637
1044,1044.0,1.0,290.0,79.0,211.0,26.2,95.0,25.0,70.0,27.0,4593992.0,1225904.0,2320888.0,610760.0,7.0,0.0,51.0,10.0,0.0,1220.0,0.0,5e-05,20000000.0,45939920.0,12259040.0,23208880.0,6107600.0,0.7275862068965517,0.7368421052631579
1045,1045.0,1.0,320.0,80.0,240.0,26.6,304.0,94.0,210.0,25.58,487424.0,121856.0,1266352.0,351616.0,2.0,0.0,51.0,10.0,0.0,1960.0,0.0,5e-05,20000000.0,4874240.0,1218560.0,12663520.0,3516160.0,0.75,0.6907894736842105
1046,1046.0,1.0,320.0,86.0,234.0,25.12,171.0,45.0,126.0,27.0,1589776.0,408056.0,1975848.0,519960.0,4.0,0.0,51.0,10.0,0.0,3450.0,0.0,5e-05,20000000.0,15897760.0,4080560.0,19758480.0,5199600.0,0.73125,0.7368421052631579
1047,1047.0,1.0,290.0,78.0,212.0,22.46,95.0,26.0,69.0,20.37,3533448.0,934280.0,1869312.0,495240.0,7.0,0.0,51.0,10.0,0.0,4790.0,0.0,5e-05,20000000.0,35334480.0,9342800.0,18693120.0,4952400.0,0.7310344827586207,0.7263157894736842
1048,1048.0,1.0,160.0,43.0,117.0,21.81,38.0,10.0,28.0,27.0,3664624.0,973976.0,2258416.0,594320.0,14.0,0.0,51.0,10.0,0.0,4990.0,0.0,5e-05,20000000.0,36646240.0,9739760.0,22584160.0,5943200.0,0.73125,0.7368421052631579
1049,1049.0,1.0,160.0,43.0,117.0,26.6,38.0,10.0,28.0,27.0,5078216.0,1346768.0,2258416.0,594320.0,14.0,0.0,51.0,10.0,0.0,110.0,0.0,5e-05,20000000.0,50782160.0,13467680.0,22584160.0,5943200.0,0.73125,0.7368421052631579
1050,1050.0,1.0,290.0,78.0,212.0,25.12,95.0,26.0,69.0,24.44,4080392.0,1105256.0,1711776.0,468984.0,7.0,0.0,51.0,10.0,0.0,4110.0,0.0,5e-05,20000000.0,40803920.0,11052560.0,17117760.0,4689840.0,0.7310344827586207,0.7263157894736842
1051,1051.0,1.0,160.0,43.0,117.0,25.94,38.0,10.0,28.0,25.58,4782944.0,1248344.0,1913008.0,479184.0,14.0,0.0,51.0,10.0,0.0,4940.0,0.0,5e-05,20000000.0,47829440.0,12483440.0,19130080.0,4791840.0,0.73125,0.7368421052631579
1052,1052.0,1.0,160.0,43.0,117.0,19.71,38.0,10.0,28.0,21.47,2613504.0,730784.0,1346224.0,366272.0,14.0,0.0,51.0,10.0,0.0,4060.0,0.0,5e-05,20000000.0,26135040.0,7307840.0,13462240.0,3662720.0,0.73125,0.7368421052631579
1053,1053.0,1.0,320.0,102.0,218.0,22.82,171.0,50.0,121.0,24.95,1451752.0,402840.0,1653752.0,450760.0,4.0,0.0,51.0,10.0,0.0,2180.0,0.0,5e-05,20000000.0,14517520.0,4028400.0,16537520.0,4507600.0,0.68125,0.7076023391812866
1054,1054.0,1.0,160.0,43.0,117.0,26.5,38.0,10.0,28.0,27.0,5078216.0,1346768.0,2258416.0,594320.0,14.0,0.0,51.0,10.0,0.0,10.0,0.0,5e-05,20000000.0,50782160.0,13467680.0,22584160.0,5943200.0,0.73125,0.7368421052631579
1055,1055.0,1.0,320.0,80.0,240.0,25.88,171.0,55.0,116.0,24.63,1880192.0,470048.0,1507576.0,430088.0,4.0,0.0,51.0,10.0,0.0,1340.0,0.0,5e-05,20000000.0,18801920.0,4700480.0,15075760.0,4300880.0,0.75,0.6783625730994152
1056,1056.0,1.0,160.0,43.0,117.0,25.68,38.0,10.0,28.0,25.63,4579352.0,1232040.0,1806768.0,481408.0,14.0,0.0,51.0,10.0,0.0,1920.0,0.0,5e-05,20000000.0,45793520.0,12320400.0,18067680.0,4814080.0,0.73125,0.7368421052631579
1057,1057.0,1.0,160.0,44.0,116.0,24.08,38.0,10.0,28.0,24.16,4575264.0,1212576.0,1797872.0,479184.0,14.0,0.0,51.0,10.0,0.0,2370.0,0.0,5e-05,20000000.0,45752640.0,12125760.0,17978720.0,4791840.0,0.725,0.7368421052631579
1058,1058.0,1.0,160.0,43.0,117.0,24.7,38.0,10.0,28.0,24.16,4254200.0,1150752.0,1797872.0,479184.0,14.0,0.0,51.0,10.0,0.0,2510.0,0.0,5e-05,20000000.0,42542000.0,11507520.0,17978720.0,4791840.0,0.73125,0.7368421052631579
1059,1059.0,1.0,160.0,43.0,117.0,23.38,38.0,10.0,28.0,20.0,4177784.0,1131648.0,1337328.0,364048.0,14.0,0.0,51.0,10.0,0.0,4770.0,0.0,5e-05,20000000.0,41777840.0,11316480.0,13373280.0,3640480.0,0.73125,0.7368421052631579
1060,1060.0,1.0,290.0,80.0,210.0,25.08,95.0,26.0,69.0,23.93,4131272.0,1128152.0,1733144.0,468104.0,7.0,0.0,51.0,10.0,0.0,2590.0,0.0,5e-05,20000000.0,41312720.0,11281520.0,17331440.0,4681040.0,0.7241379310344828,0.7263157894736842
1061,1061.0,1.0,160.0,43.0,117.0,24.78,38.0,10.0,28.0,24.47,4177784.0,1131648.0,1797872.0,479184.0,14.0,0.0,51.0,10.0,0.0,2740.0,0.0,5e-05,20000000.0,41777840.0,11316480.0,17978720.0,4791840.0,0.73125,0.7368421052631579
1062,1062.0,1.0,320.0,80.0,240.0,26.65,304.0,93.0,211.0,25.58,494080.0,123520.0,1253320.0,347136.0,2.0,0.0,51.0,10.0,0.0,1530.0,0.0,5e-05,20000000.0,4940800.0,1235200.0,12533200.0,3471360.0,0.75,0.694078947368421
1063,1063.0,1.0,320.0,96.0,224.0,22.12,171.0,51.0,120.0,23.08,1237688.0,317792.0,1165984.0,306128.0,4.0,0.0,51.0,10.0,0.0,3830.0,0.0,5e-05,20000000.0,12376880.0,3177920.0,11659840.0,3061280.0,0.7,0.7017543859649122
1064,1064.0,1.0,290.0,78.0,212.0,26.36,95.0,25.0,70.0,27.0,4679112.0,1247184.0,2320888.0,610760.0,7.0,0.0,51.0,10.0,0.0,1560.0,0.0,5e-05,20000000.0,46791120.0,12471840.0,23208880.0,6107600.0,0.7310344827586207,0.7368421052631579
1065,1065.0,1.0,320.0,93.0,227.0,24.38,304.0,80.0,224.0,27.0,439408.0,114704.0,1361920.0,358400.0,2.0,0.0,51.0,10.0,0.0,2580.0,0.0,5e-05,20000000.0,4394080.0,1147040.0,13619200.0,3584000.0,0.709375,0.7368421052631579
1066,1066.0,1.0,320.0,80.0,240.0,26.5,171.0,45.0,126.0,27.0,1915904.0,478976.0,1975848.0,519960.0,4.0,0.0,51.0,10.0,0.0,690.0,0.0,5e-05,20000000.0,19159040.0,4789760.0,19758480.0,5199600.0,0.75,0.7368421052631579
1067,1067.0,1.0,160.0,43.0,117.0,26.43,38.0,12.0,26.0,25.58,5458536.0,1427448.0,2143280.0,598048.0,14.0,0.0,51.0,10.0,0.0,100.0,0.0,5e-05,20000000.0,54585360.0,14274480.0,21432800.0,5980480.0,0.73125,0.6842105263157895
1068,1068.0,1.0,290.0,80.0,210.0,25.8,95.0,25.0,70.0,27.0,4473672.0,1213752.0,2320888.0,610760.0,7.0,0.0,51.0,10.0,0.0,2220.0,0.0,5e-05,20000000.0,44736720.0,12137520.0,23208880.0,6107600.0,0.7241379310344828,0.7368421052631579
1069,1069.0,1.0,160.0,43.0,117.0,23.81,38.0,10.0,28.0,25.58,4056384.0,1091504.0,1797872.0,479184.0,14.0,0.0,51.0,10.0,0.0,2610.0,0.0,5e-05,20000000.0,40563840.0,10915040.0,17978720.0,4791840.0,0.73125,0.7368421052631579
1070,1070.0,1.0,160.0,43.0,117.0,23.51,38.0,10.0,28.0,21.42,3820712.0,1032392.0,1337328.0,364048.0,14.0,0.0,51.0,10.0,0.0,3020.0,0.0,5e-05,20000000.0,38207120.0,10323920.0,13373280.0,3640480.0,0.73125,0.7368421052631579
1071,1071.0,1.0,160.0,43.0,117.0,21.26,38.0,10.0,28.0,21.42,3190248.0,874776.0,1337328.0,364048.0,14.0,0.0,51.0,10.0,0.0,4310.0,0.0,5e-05,20000000.0,31902480.0,8747760.0,13373280.0,3640480.0,0.73125,0.7368421052631579
1072,1072.0,1.0,160.0,43.0,117.0,24.14,38.0,10.0,28.0,21.32,4097496.0,1111576.0,1337328.0,364048.0,14.0,0.0,51.0,10.0,0.0,3920.0,0.0,5e-05,20000000.0,40974960.0,11115760.0,13373280.0,3640480.0,0.73125,0.7368421052631579
1073,1073.0,1.0,320.0,88.0,232.0,25.17,171.0,45.0,126.0,27.0,1691728.0,437520.0,1975848.0,519960.0,4.0,0.0,51.0,10.0,0.0,2790.0,0.0,5e-05,20000000.0,16917280.0,4375200.0,19758480.0,5199600.0,0.725,0.7368421052631579
1074,1074.0,1.0,290.0,78.0,212.0,22.09,95.0,25.0,70.0,22.74,3155432.0,835496.0,1375544.0,374424.0,7.0,0.0,51.0,10.0,0.0,4960.0,0.0,5e-05,20000000.0,31554320.0,8354960.0,13755440.0,3744240.0,0.7310344827586207,0.7368421052631579
1075,1075.0,1.0,320.0,88.0,232.0,25.17,171.0,45.0,126.0,25.16,1691728.0,437520.0,1581384.0,421344.0,4.0,0.0,51.0,10.0,0.0,2900.0,0.0,5e-05,20000000.0,16917280.0,4375200.0,15813840.0,4213440.0,0.725,0.7368421052631579
1076,1076.0,1.0,320.0,92.0,228.0,25.3,304.0,80.0,224.0,25.63,449056.0,117856.0,1089536.0,290304.0,2.0,0.0,51.0,10.0,0.0,2900.0,0.0,5e-05,20000000.0,4490560.0,1178560.0,10895360.0,2903040.0,0.7125,0.7368421052631579
1077,1077.0,1.0,320.0,93.0,227.0,24.62,304.0,102.0,202.0,23.54,447224.0,117864.0,1079560.0,291888.0,2.0,0.0,51.0,10.0,0.0,2040.0,0.0,5e-05,20000000.0,4472240.0,1178640.0,10795600.0,2918880.0,0.709375,0.6644736842105263
1078,1078.0,1.0,320.0,92.0,228.0,21.23,171.0,55.0,116.0,18.81,1249160.0,322160.0,860896.0,232152.0,4.0,0.0,51.0,10.0,0.0,4330.0,0.0,5e-05,20000000.0,12491600.0,3221600.0,8608960.0,2321520.0,0.7125,0.6783625730994152
1079,1079.0,1.0,320.0,94.0,226.0,24.44,304.0,80.0,224.0,27.0,419888.0,111496.0,1361920.0,358400.0,2.0,0.0,51.0,10.0,0.0,2980.0,0.0,5e-05,20000000.0,4198880.0,1114960.0,13619200.0,3584000.0,0.70625,0.7368421052631579
1080,1080.0,1.0,320.0,96.0,224.0,22.53,171.0,49.0,122.0,24.16,1153464.0,319400.0,1274320.0,354680.0,4.0,0.0,51.0,10.0,0.0,3590.0,0.0,5e-05,20000000.0,11534640.0,3194000.0,12743200.0,3546800.0,0.7,0.7134502923976608
1081,1081.0,1.0,160.0,43.0,117.0,25.58,38.0,10.0,28.0,24.26,4961304.0,1327528.0,1797872.0,479184.0,14.0,0.0,51.0,10.0,0.0,2820.0,0.0,5e-05,20000000.0,49613040.0,13275280.0,17978720.0,4791840.0,0.73125,0.7368421052631579
1082,1082.0,1.0,320.0,80.0,240.0,26.65,304.0,88.0,216.0,24.92,494080.0,123520.0,1196848.0,324736.0,2.0,0.0,51.0,10.0,0.0,2820.0,0.0,5e-05,20000000.0,4940800.0,1235200.0,11968480.0,3247360.0,0.75,0.7105263157894737
1083,1083.0,1.0,320.0,80.0,240.0,26.56,171.0,52.0,119.0,25.43,1942144.0,485536.0,1732616.0,477912.0,4.0,0.0,51.0,10.0,0.0,3180.0,0.0,5e-05,20000000.0,19421440.0,4855360.0,17326160.0,4779120.0,0.75,0.695906432748538
1084,1084.0,1.0,160.0,43.0,117.0,24.62,38.0,10.0,28.0,25.58,3901616.0,1033224.0,1797872.0,479184.0,14.0,0.0,51.0,10.0,0.0,2250.0,0.0,5e-05,20000000.0,39016160.0,10332240.0,17978720.0,4791840.0,0.73125,0.7368421052631579
1085,1085.0,1.0,160.0,43.0,117.0,26.33,38.0,10.0,28.0,27.0,5078216.0,1346768.0,2258416.0,594320.0,14.0,0.0,51.0,10.0,0.0,580.0,0.0,5e-05,20000000.0,50782160.0,13467680.0,22584160.0,5943200.0,0.73125,0.7368421052631579
1086,1086.0,1.0,320.0,92.0,228.0,20.07,171.0,50.0,121.0,22.27,1238592.0,323480.0,1326648.0,357864.0,4.0,0.0,51.0,10.0,0.0,4480.0,0.0,5e-05,20000000.0,12385920.0,3234800.0,13266480.0,3578640.0,0.7125,0.7076023391812866
1087,1087.0,1.0,290.0,79.0,211.0,26.4,95.0,25.0,70.0,27.0,4686152.0,1248944.0,2320888.0,610760.0,7.0,0.0,51.0,10.0,0.0,810.0,0.0,5e-05,20000000.0,46861520.0,12489440.0,23208880.0,6107600.0,0.7275862068965517,0.7368421052631579
1088,1088.0,1.0,320.0,80.0,240.0,26.5,171.0,51.0,120.0,25.58,1942144.0,485536.0,1655912.0,455240.0,4.0,0.0,51.0,10.0,0.0,2110.0,0.0,5e-05,20000000.0,19421440.0,4855360.0,16559120.0,4552400.0,0.75,0.7017543859649122
1089,1089.0,1.0,320.0,80.0,240.0,26.56,171.0,45.0,126.0,27.0,1942144.0,485536.0,1975848.0,519960.0,4.0,0.0,51.0,10.0,0.0,1480.0,0.0,5e-05,20000000.0,19421440.0,4855360.0,19758480.0,5199600.0,0.75,0.7368421052631579
1090,1090.0,1.0,160.0,43.0,117.0,26.27,38.0,10.0,28.0,27.0,5118008.0,1366704.0,2258416.0,594320.0,14.0,0.0,51.0,10.0,0.0,2140.0,0.0,5e-05,20000000.0,51180080.0,13667040.0,22584160.0,5943200.0,0.73125,0.7368421052631579
1091,1091.0,1.0,320.0,95.0,225.0,22.08,171.0,48.0,123.0,25.58,1115760.0,291280.0,1735616.0,450896.0,4.0,0.0,51.0,10.0,0.0,3940.0,0.0,5e-05,20000000.0,11157600.0,2912800.0,17356160.0,4508960.0,0.703125,0.7192982456140351
1092,1092.0,1.0,160.0,43.0,117.0,24.94,38.0,10.0,28.0,22.74,4647896.0,1249176.0,1337328.0,364048.0,14.0,0.0,51.0,10.0,0.0,2380.0,0.0,5e-05,20000000.0,46478960.0,12491760.0,13373280.0,3640480.0,0.73125,0.7368421052631579
1093,1093.0,1.0,320.0,90.0,230.0,24.79,304.0,97.0,207.0,22.79,439408.0,114512.0,1109968.0,291208.0,2.0,0.0,51.0,10.0,0.0,3630.0,0.0,5e-05,20000000.0,4394080.0,1145120.0,11099680.0,2912080.0,0.71875,0.680921052631579
1094,1094.0,1.0,160.0,43.0,117.0,21.97,38.0,10.0,28.0,20.0,4017208.0,1052328.0,1337328.0,364048.0,14.0,0.0,51.0,10.0,0.0,4030.0,0.0,5e-05,20000000.0,40172080.0,10523280.0,13373280.0,3640480.0,0.73125,0.7368421052631579
1095,1095.0,1.0,290.0,78.0,212.0,25.89,95.0,25.0,70.0,27.0,4422312.0,1177896.0,2320888.0,610760.0,7.0,0.0,51.0,10.0,0.0,3860.0,0.0,5e-05,20000000.0,44223120.0,11778960.0,23208880.0,6107600.0,0.7310344827586207,0.7368421052631579
1096,1096.0,1.0,290.0,81.0,209.0,26.31,95.0,25.0,70.0,27.0,4669032.0,1267680.0,2320888.0,610760.0,7.0,0.0,51.0,10.0,0.0,860.0,0.0,5e-05,20000000.0,46690320.0,12676800.0,23208880.0,6107600.0,0.7206896551724138,0.7368421052631579
1097,1097.0,1.0,290.0,78.0,212.0,21.08,95.0,25.0,70.0,21.12,2892136.0,786792.0,1347472.0,364120.0,7.0,0.0,51.0,10.0,0.0,3500.0,0.0,5e-05,20000000.0,28921360.0,7867920.0,13474720.0,3641200.0,0.7310344827586207,0.7368421052631579
1098,1098.0,1.0,160.0,43.0,117.0,21.68,38.0,10.0,28.0,21.32,3349280.0,914728.0,1337328.0,364048.0,14.0,0.0,51.0,10.0,0.0,2920.0,0.0,5e-05,20000000.0,33492800.0,9147280.0,13373280.0,3640480.0,0.73125,0.7368421052631579
1099,1099.0,1.0,320.0,80.0,240.0,26.41,171.0,45.0,126.0,27.0,1880192.0,470048.0,1975848.0,519960.0,4.0,0.0,51.0,10.0,0.0,1220.0,0.0,5e-05,20000000.0,18801920.0,4700480.0,19758480.0,5199600.0,0.75,0.7368421052631579
1100,1100.0,1.0,320.0,96.0,224.0,21.95,171.0,46.0,125.0,24.53,1201248.0,323320.0,1475944.0,387360.0,4.0,0.0,51.0,10.0,0.0,3770.0,0.0,5e-05,20000000.0,12012480.0,3233200.0,14759440.0,3873600.0,0.7,0.7309941520467836
1101,1101.0,1.0,320.0,107.0,213.0,20.57,304.0,97.0,207.0,21.76,344536.0,88264.0,962272.0,247768.0,2.0,0.0,51.0,10.0,0.0,4960.0,0.0,5e-05,20000000.0,3445360.0,882640.0,9622720.0,2477680.0,0.665625,0.680921052631579
1102,1102.0,1.0,320.0,80.0,240.0,26.6,304.0,80.0,224.0,27.0,487424.0,121856.0,1361920.0,358400.0,2.0,0.0,51.0,10.0,0.0,760.0,0.0,5e-05,20000000.0,4874240.0,1218560.0,13619200.0,3584000.0,0.75,0.7368421052631579
1103,1103.0,1.0,320.0,80.0,240.0,26.56,171.0,45.0,126.0,27.0,1942144.0,485536.0,1975848.0,519960.0,4.0,0.0,51.0,10.0,0.0,290.0,0.0,5e-05,20000000.0,19421440.0,4855360.0,19758480.0,5199600.0,0.75,0.7368421052631579
1104,1104.0,1.0,290.0,79.0,211.0,26.13,95.0,32.0,63.0,24.44,4703272.0,1266064.0,2183016.0,631848.0,7.0,0.0,51.0,10.0,0.0,680.0,0.0,5e-05,20000000.0,47032720.0,12660640.0,21830160.0,6318480.0,0.7275862068965517,0.6631578947368421
1105,1105.0,1.0,290.0,87.0,203.0,25.47,95.0,25.0,70.0,27.0,4412232.0,1221168.0,2320888.0,610760.0,7.0,0.0,51.0,10.0,0.0,910.0,0.0,5e-05,20000000.0,44122320.0,12211680.0,23208880.0,6107600.0,0.7,0.7368421052631579
1106,1106.0,1.0,320.0,80.0,240.0,26.6,304.0,80.0,224.0,27.0,487424.0,121856.0,1361920.0,358400.0,2.0,0.0,51.0,10.0,0.0,120.0,0.0,5e-05,20000000.0,4874240.0,1218560.0,13619200.0,3584000.0,0.75,0.7368421052631579
1107,1107.0,1.0,320.0,116.0,204.0,22.26,304.0,108.0,196.0,23.89,397600.0,117784.0,1118656.0,331800.0,2.0,0.0,51.0,10.0,0.0,2340.0,0.0,5e-05,20000000.0,3976000.0,1177840.0,11186560.0,3318000.0,0.6375,0.6447368421052632
1108,1108.0,1.0,290.0,78.0,212.0,26.64,95.0,25.0,70.0,27.0,4781832.0,1280616.0,2320888.0,610760.0,7.0,0.0,51.0,10.0,0.0,190.0,0.0,5e-05,20000000.0,47818320.0,12806160.0,23208880.0,6107600.0,0.7310344827586207,0.7368421052631579
1109,1109.0,1.0,320.0,92.0,228.0,25.3,304.0,80.0,224.0,27.0,449056.0,117856.0,1361920.0,358400.0,2.0,0.0,51.0,10.0,0.0,2850.0,0.0,5e-05,20000000.0,4490560.0,1178560.0,13619200.0,3584000.0,0.7125,0.7368421052631579
1110,1110.0,1.0,320.0,96.0,224.0,24.99,304.0,103.0,201.0,23.5,455488.0,124544.0,1140376.0,322432.0,2.0,0.0,51.0,10.0,0.0,1750.0,0.0,5e-05,20000000.0,4554880.0,1245440.0,11403760.0,3224320.0,0.7,0.6611842105263158
1111,1111.0,1.0,160.0,43.0,117.0,22.72,38.0,10.0,28.0,24.26,3661104.0,953072.0,1797872.0,479184.0,14.0,0.0,51.0,10.0,0.0,4660.0,0.0,5e-05,20000000.0,36611040.0,9530720.0,17978720.0,4791840.0,0.73125,0.7368421052631579
1112,1112.0,1.0,160.0,43.0,117.0,23.33,38.0,10.0,28.0,19.89,3779600.0,1012320.0,876784.0,248912.0,14.0,0.0,51.0,10.0,0.0,3010.0,0.0,5e-05,20000000.0,37796000.0,10123200.0,8767840.0,2489120.0,0.73125,0.7368421052631579
1113,1113.0,1.0,290.0,78.0,212.0,26.59,95.0,25.0,70.0,27.0,4720392.0,1265256.0,2320888.0,610760.0,7.0,0.0,51.0,10.0,0.0,690.0,0.0,5e-05,20000000.0,47203920.0,12652560.0,23208880.0,6107600.0,0.7310344827586207,0.7368421052631579
1114,1114.0,1.0,160.0,45.0,115.0,25.89,38.0,10.0,28.0,25.58,4842512.0,1310376.0,1797872.0,479184.0,14.0,0.0,51.0,10.0,0.0,1650.0,0.0,5e-05,20000000.0,48425120.0,13103760.0,17978720.0,4791840.0,0.71875,0.7368421052631579
1115,1115.0,1.0,320.0,80.0,240.0,26.41,171.0,45.0,126.0,27.0,1880192.0,470048.0,1975848.0,519960.0,4.0,0.0,51.0,10.0,0.0,1160.0,0.0,5e-05,20000000.0,18801920.0,4700480.0,19758480.0,5199600.0,0.75,0.7368421052631579
1116,1116.0,1.0,290.0,78.0,212.0,21.89,95.0,26.0,69.0,22.84,2734472.0,734536.0,1547136.0,401568.0,7.0,0.0,51.0,10.0,0.0,4260.0,0.0,5e-05,20000000.0,27344720.0,7345360.0,15471360.0,4015680.0,0.7310344827586207,0.7263157894736842
1117,1117.0,1.0,320.0,93.0,227.0,24.6,171.0,45.0,126.0,27.0,1523168.0,403464.0,1975848.0,519960.0,4.0,0.0,51.0,10.0,0.0,2430.0,0.0,5e-05,20000000.0,15231680.0,4034640.0,19758480.0,5199600.0,0.709375,0.7368421052631579
1118,1118.0,1.0,160.0,43.0,117.0,22.06,38.0,10.0,28.0,22.74,3602080.0,953128.0,1452464.0,364048.0,14.0,0.0,51.0,10.0,0.0,4970.0,0.0,5e-05,20000000.0,36020800.0,9531280.0,14524640.0,3640480.0,0.73125,0.7368421052631579
1119,1119.0,1.0,290.0,78.0,212.0,20.83,95.0,25.0,70.0,23.06,3138312.0,869736.0,1848216.0,492592.0,7.0,0.0,51.0,10.0,0.0,4480.0,0.0,5e-05,20000000.0,31383120.0,8697360.0,18482160.0,4925920.0,0.7310344827586207,0.7368421052631579
1120,1120.0,1.0,160.0,43.0,117.0,26.33,38.0,10.0,28.0,27.0,4934072.0,1320720.0,2258416.0,594320.0,14.0,0.0,51.0,10.0,0.0,1440.0,0.0,5e-05,20000000.0,49340720.0,13207200.0,22584160.0,5943200.0,0.73125,0.7368421052631579
1121,1121.0,1.0,320.0,80.0,240.0,26.6,304.0,80.0,224.0,27.0,487424.0,121856.0,1361920.0,358400.0,2.0,0.0,51.0,10.0,0.0,640.0,0.0,5e-05,20000000.0,4874240.0,1218560.0,13619200.0,3584000.0,0.75,0.7368421052631579
1122,1122.0,1.0,320.0,80.0,240.0,26.3,304.0,95.0,209.0,25.58,494080.0,123520.0,1279384.0,356096.0,2.0,0.0,51.0,10.0,0.0,340.0,0.0,5e-05,20000000.0,4940800.0,1235200.0,12793840.0,3560960.0,0.75,0.6875
1123,1123.0,1.0,160.0,43.0,117.0,25.82,38.0,10.0,28.0,27.0,4884280.0,1308272.0,2258416.0,594320.0,14.0,0.0,51.0,10.0,0.0,3430.0,0.0,5e-05,20000000.0,48842800.0,13082720.0,22584160.0,5943200.0,0.73125,0.7368421052631579
1124,1124.0,1.0,160.0,43.0,117.0,26.56,38.0,10.0,28.0,27.0,5355000.0,1425952.0,2258416.0,594320.0,14.0,0.0,51.0,10.0,0.0,1470.0,0.0,5e-05,20000000.0,53550000.0,14259520.0,22584160.0,5943200.0,0.73125,0.7368421052631579
1125,1125.0,1.0,160.0,43.0,117.0,19.23,38.0,10.0,28.0,22.84,2842424.0,797808.0,1797872.0,479184.0,14.0,0.0,51.0,10.0,0.0,3530.0,0.0,5e-05,20000000.0,28424240.0,7978080.0,17978720.0,4791840.0,0.73125,0.7368421052631579
1126,1126.0,1.0,320.0,94.0,226.0,19.92,171.0,50.0,121.0,20.58,1073752.0,287008.0,889592.0,248776.0,4.0,0.0,51.0,10.0,0.0,4680.0,0.0,5e-05,20000000.0,10737520.0,2870080.0,8895920.0,2487760.0,0.70625,0.7076023391812866
1127,1127.0,1.0,320.0,103.0,217.0,22.08,304.0,98.0,206.0,21.24,366824.0,100816.0,866704.0,239216.0,2.0,0.0,51.0,10.0,0.0,4370.0,0.0,5e-05,20000000.0,3668240.0,1008160.0,8667040.0,2392160.0,0.678125,0.6776315789473685
1128,1128.0,1.0,160.0,43.0,117.0,26.56,38.0,10.0,28.0,27.0,5355000.0,1425952.0,2258416.0,594320.0,14.0,0.0,51.0,10.0,0.0,1570.0,0.0,5e-05,20000000.0,53550000.0,14259520.0,22584160.0,5943200.0,0.73125,0.7368421052631579
1129,1129.0,1.0,290.0,78.0,212.0,26.21,95.0,28.0,67.0,25.58,4497832.0,1196776.0,2235136.0,614728.0,7.0,0.0,51.0,10.0,0.0,1910.0,0.0,5e-05,20000000.0,44978320.0,11967760.0,22351360.0,6147280.0,0.7310344827586207,0.7052631578947368
1130,1130.0,1.0,320.0,91.0,229.0,23.32,171.0,54.0,117.0,21.66,1433432.0,366576.0,1393392.0,386880.0,4.0,0.0,51.0,10.0,0.0,3970.0,0.0,5e-05,20000000.0,14334320.0,3665760.0,13933920.0,3868800.0,0.715625,0.6842105263157895
1131,1131.0,1.0,320.0,80.0,240.0,26.5,171.0,45.0,126.0,27.0,1915904.0,478976.0,1975848.0,519960.0,4.0,0.0,51.0,10.0,0.0,580.0,0.0,5e-05,20000000.0,19159040.0,4789760.0,19758480.0,5199600.0,0.75,0.7368421052631579
1132,1132.0,1.0,320.0,80.0,240.0,26.12,171.0,54.0,117.0,24.33,1942144.0,485536.0,1609072.0,456736.0,4.0,0.0,51.0,10.0,0.0,1710.0,0.0,5e-05,20000000.0,19421440.0,4855360.0,16090720.0,4567360.0,0.75,0.6842105263157895
1133,1133.0,1.0,320.0,89.0,231.0,24.72,171.0,45.0,126.0,27.0,1696552.0,439192.0,1975848.0,519960.0,4.0,0.0,51.0,10.0,0.0,2640.0,0.0,5e-05,20000000.0,16965520.0,4391920.0,19758480.0,5199600.0,0.721875,0.7368421052631579
1134,1134.0,1.0,320.0,80.0,240.0,26.48,171.0,50.0,121.0,23.9,1915904.0,478976.0,1416680.0,380400.0,4.0,0.0,51.0,10.0,0.0,4230.0,0.0,5e-05,20000000.0,19159040.0,4789760.0,14166800.0,3804000.0,0.75,0.7076023391812866
1135,1135.0,1.0,320.0,80.0,240.0,26.6,304.0,107.0,197.0,23.02,487424.0,121856.0,1088248.0,292568.0,2.0,0.0,51.0,10.0,0.0,1810.0,0.0,5e-05,20000000.0,4874240.0,1218560.0,10882480.0,2925680.0,0.75,0.6480263157894737
1136,1136.0,1.0,320.0,88.0,232.0,23.78,171.0,53.0,118.0,25.11,1483568.0,381776.0,1690840.0,469952.0,4.0,0.0,51.0,10.0,0.0,2840.0,0.0,5e-05,20000000.0,14835680.0,3817760.0,16908400.0,4699520.0,0.725,0.6900584795321637
1137,1137.0,1.0,290.0,77.0,213.0,24.27,95.0,26.0,69.0,24.44,3480712.0,937408.0,2077600.0,560440.0,7.0,0.0,51.0,10.0,0.0,3110.0,0.0,5e-05,20000000.0,34807120.0,9374080.0,20776000.0,5604400.0,0.7344827586206897,0.7263157894736842
1138,1138.0,1.0,290.0,86.0,204.0,25.66,95.0,25.0,70.0,27.0,4497832.0,1237480.0,2320888.0,610760.0,7.0,0.0,51.0,10.0,0.0,730.0,0.0,5e-05,20000000.0,44978320.0,12374800.0,23208880.0,6107600.0,0.7034482758620689,0.7368421052631579
1139,1139.0,1.0,160.0,44.0,116.0,26.27,38.0,12.0,26.0,25.58,5176672.0,1367728.0,2143280.0,598048.0,14.0,0.0,51.0,10.0,0.0,420.0,0.0,5e-05,20000000.0,51766720.0,13677280.0,21432800.0,5980480.0,0.725,0.6842105263157895
1140,1140.0,1.0,160.0,44.0,116.0,25.82,38.0,10.0,28.0,27.0,4776984.0,1283248.0,2258416.0,594320.0,14.0,0.0,51.0,10.0,0.0,1320.0,0.0,5e-05,20000000.0,47769840.0,12832480.0,22584160.0,5943200.0,0.725,0.7368421052631579
1141,1141.0,1.0,320.0,91.0,229.0,25.3,304.0,80.0,224.0,27.0,444232.0,116184.0,1361920.0,358400.0,2.0,0.0,51.0,10.0,0.0,1720.0,0.0,5e-05,20000000.0,4442320.0,1161840.0,13619200.0,3584000.0,0.715625,0.7368421052631579
1142,1142.0,1.0,290.0,79.0,211.0,23.85,95.0,25.0,70.0,23.29,3686632.0,1003344.0,1848216.0,492592.0,7.0,0.0,51.0,10.0,0.0,3320.0,0.0,5e-05,20000000.0,36866320.0,10033440.0,18482160.0,4925920.0,0.7275862068965517,0.7368421052631579
1143,1143.0,1.0,160.0,43.0,117.0,24.66,38.0,10.0,28.0,23.05,4210760.0,1129904.0,1337328.0,364048.0,14.0,0.0,51.0,10.0,0.0,3210.0,0.0,5e-05,20000000.0,42107600.0,11299040.0,13373280.0,3640480.0,0.73125,0.7368421052631579
1144,1144.0,1.0,320.0,90.0,230.0,25.15,171.0,45.0,126.0,27.0,1640968.0,427824.0,1975848.0,519960.0,4.0,0.0,51.0,10.0,0.0,2190.0,0.0,5e-05,20000000.0,16409680.0,4278240.0,19758480.0,5199600.0,0.71875,0.7368421052631579
1145,1145.0,1.0,160.0,43.0,117.0,24.52,38.0,10.0,28.0,24.21,3908160.0,1054448.0,1346224.0,366272.0,14.0,0.0,51.0,10.0,0.0,3900.0,0.0,5e-05,20000000.0,39081600.0,10544480.0,13462240.0,3662720.0,0.73125,0.7368421052631579
1146,1146.0,1.0,290.0,78.0,212.0,26.64,95.0,25.0,70.0,27.0,4781832.0,1280616.0,2320888.0,610760.0,7.0,0.0,51.0,10.0,0.0,220.0,0.0,5e-05,20000000.0,47818320.0,12806160.0,23208880.0,6107600.0,0.7310344827586207,0.7368421052631579
1147,1147.0,1.0,160.0,43.0,117.0,23.14,38.0,10.0,28.0,25.58,3641256.0,953128.0,1913008.0,479184.0,14.0,0.0,51.0,10.0,0.0,3230.0,0.0,5e-05,20000000.0,36412560.0,9531280.0,19130080.0,4791840.0,0.73125,0.7368421052631579
1148,1148.0,1.0,320.0,80.0,240.0,26.39,171.0,50.0,121.0,25.58,1942144.0,485536.0,1653752.0,450760.0,4.0,0.0,51.0,10.0,0.0,2770.0,0.0,5e-05,20000000.0,19421440.0,4855360.0,16537520.0,4507600.0,0.75,0.7076023391812866
1149,1149.0,1.0,320.0,111.0,209.0,21.58,304.0,101.0,203.0,23.35,334664.0,93288.0,1018744.0,287408.0,2.0,0.0,51.0,10.0,0.0,3520.0,0.0,5e-05,20000000.0,3346640.0,932880.0,10187440.0,2874080.0,0.653125,0.6677631578947368
1150,1150.0,1.0,290.0,78.0,212.0,26.64,95.0,25.0,70.0,27.0,4781832.0,1280616.0,2320888.0,610760.0,7.0,0.0,51.0,10.0,0.0,260.0,0.0,5e-05,20000000.0,47818320.0,12806160.0,23208880.0,6107600.0,0.7310344827586207,0.7368421052631579
1151,1151.0,1.0,290.0,79.0,211.0,26.13,95.0,28.0,67.0,25.58,4703272.0,1266064.0,2288040.0,628296.0,7.0,0.0,51.0,10.0,0.0,670.0,0.0,5e-05,20000000.0,47032720.0,12660640.0,22880400.0,6282960.0,0.7275862068965517,0.7052631578947368
1152,1152.0,1.0,160.0,43.0,117.0,21.01,38.0,10.0,28.0,22.95,3665952.0,993896.0,1797872.0,479184.0,14.0,0.0,51.0,10.0,0.0,4610.0,0.0,5e-05,20000000.0,36659520.0,9938960.0,17978720.0,4791840.0,0.73125,0.7368421052631579
1153,1153.0,1.0,160.0,43.0,117.0,24.08,38.0,10.0,28.0,25.58,3977640.0,1071624.0,1797872.0,479184.0,14.0,0.0,51.0,10.0,0.0,3220.0,0.0,5e-05,20000000.0,39776400.0,10716240.0,17978720.0,4791840.0,0.73125,0.7368421052631579
1154,1154.0,1.0,290.0,78.0,212.0,21.46,95.0,25.0,70.0,24.21,2991272.0,820136.0,1848216.0,492592.0,7.0,0.0,51.0,10.0,0.0,3770.0,0.0,5e-05,20000000.0,29912720.0,8201360.0,18482160.0,4925920.0,0.7310344827586207,0.7368421052631579
1155,1155.0,1.0,160.0,44.0,116.0,25.55,38.0,10.0,28.0,27.0,4888672.0,1290928.0,2258416.0,594320.0,14.0,0.0,51.0,10.0,0.0,1580.0,0.0,5e-05,20000000.0,48886720.0,12909280.0,22584160.0,5943200.0,0.725,0.7368421052631579
1156,1156.0,1.0,320.0,80.0,240.0,26.5,171.0,45.0,126.0,27.0,1915904.0,478976.0,1975848.0,519960.0,4.0,0.0,51.0,10.0,0.0,30.0,0.0,5e-05,20000000.0,19159040.0,4789760.0,19758480.0,5199600.0,0.75,0.7368421052631579
1157,1157.0,1.0,320.0,93.0,227.0,24.88,304.0,80.0,224.0,27.0,421720.0,111488.0,1361920.0,358400.0,2.0,0.0,51.0,10.0,0.0,2860.0,0.0,5e-05,20000000.0,4217200.0,1114880.0,13619200.0,3584000.0,0.709375,0.7368421052631579
1158,1158.0,1.0,320.0,95.0,225.0,22.92,304.0,90.0,214.0,22.41,415288.0,110008.0,861536.0,230320.0,2.0,0.0,51.0,10.0,0.0,4700.0,0.0,5e-05,20000000.0,4152880.0,1100080.0,8615360.0,2303200.0,0.703125,0.7039473684210527
1159,1159.0,1.0,290.0,82.0,208.0,22.04,95.0,32.0,63.0,18.8,3497832.0,992808.0,1471888.0,434032.0,7.0,0.0,51.0,10.0,0.0,2600.0,0.0,5e-05,20000000.0,34978320.0,9928080.0,14718880.0,4340320.0,0.7172413793103448,0.6631578947368421
1160,1160.0,1.0,320.0,80.0,240.0,26.48,171.0,45.0,126.0,25.58,1915904.0,478976.0,1673760.0,419264.0,4.0,0.0,51.0,10.0,0.0,4940.0,0.0,5e-05,20000000.0,19159040.0,4789760.0,16737600.0,4192640.0,0.75,0.7368421052631579
1161,1161.0,1.0,290.0,78.0,212.0,25.71,95.0,25.0,70.0,27.0,4165512.0,1126536.0,2320888.0,610760.0,7.0,0.0,51.0,10.0,0.0,3560.0,0.0,5e-05,20000000.0,41655120.0,11265360.0,23208880.0,6107600.0,0.7310344827586207,0.7368421052631579
1162,1162.0,1.0,320.0,104.0,216.0,21.73,304.0,112.0,192.0,19.62,343064.0,90920.0,831952.0,223744.0,2.0,0.0,51.0,10.0,0.0,4090.0,0.0,5e-05,20000000.0,3430640.0,909200.0,8319520.0,2237440.0,0.675,0.631578947368421
1163,1163.0,1.0,320.0,103.0,217.0,21.27,304.0,96.0,208.0,21.98,339488.0,91168.0,953584.0,260664.0,2.0,0.0,51.0,10.0,0.0,4910.0,0.0,5e-05,20000000.0,3394880.0,911680.0,9535840.0,2606640.0,0.678125,0.6842105263157895
1164,1164.0,1.0,160.0,44.0,116.0,24.17,38.0,10.0,28.0,24.16,4333232.0,1171656.0,1797872.0,479184.0,14.0,0.0,51.0,10.0,0.0,2090.0,0.0,5e-05,20000000.0,43332320.0,11716560.0,17978720.0,4791840.0,0.725,0.7368421052631579
1165,1165.0,1.0,320.0,80.0,240.0,26.48,171.0,45.0,126.0,27.0,1915904.0,478976.0,1975848.0,519960.0,4.0,0.0,51.0,10.0,0.0,950.0,0.0,5e-05,20000000.0,19159040.0,4789760.0,19758480.0,5199600.0,0.75,0.7368421052631579
1166,1166.0,1.0,290.0,78.0,212.0,21.95,95.0,26.0,69.0,18.71,3624712.0,991336.0,1499904.0,416016.0,7.0,0.0,51.0,10.0,0.0,3400.0,0.0,5e-05,20000000.0,36247120.0,9913360.0,14999040.0,4160160.0,0.7310344827586207,0.7263157894736842
1167,1167.0,1.0,290.0,83.0,207.0,25.52,95.0,25.0,70.0,27.0,4268232.0,1164816.0,2320888.0,610760.0,7.0,0.0,51.0,10.0,0.0,1580.0,0.0,5e-05,20000000.0,42682320.0,11648160.0,23208880.0,6107600.0,0.7137931034482758,0.7368421052631579
1168,1168.0,1.0,290.0,78.0,212.0,23.15,95.0,25.0,70.0,24.46,3556232.0,939976.0,1848216.0,492592.0,7.0,0.0,51.0,10.0,0.0,4640.0,0.0,5e-05,20000000.0,35562320.0,9399760.0,18482160.0,4925920.0,0.7310344827586207,0.7368421052631579
1169,1169.0,1.0,290.0,78.0,212.0,25.76,95.0,31.0,64.0,23.33,4463592.0,1162536.0,2025088.0,538624.0,7.0,0.0,51.0,10.0,0.0,1800.0,0.0,5e-05,20000000.0,44635920.0,11625360.0,20250880.0,5386240.0,0.7310344827586207,0.6736842105263158
1170,1170.0,1.0,320.0,92.0,228.0,23.4,304.0,114.0,190.0,19.7,397376.0,104936.0,827608.0,232704.0,2.0,0.0,51.0,10.0,0.0,4400.0,0.0,5e-05,20000000.0,3973760.0,1049360.0,8276080.0,2327040.0,0.7125,0.625
1171,1171.0,1.0,320.0,80.0,240.0,26.48,171.0,45.0,126.0,27.0,1915904.0,478976.0,1975848.0,519960.0,4.0,0.0,51.0,10.0,0.0,1870.0,0.0,5e-05,20000000.0,19159040.0,4789760.0,19758480.0,5199600.0,0.75,0.7368421052631579
1172,1172.0,1.0,160.0,43.0,117.0,26.5,38.0,10.0,28.0,27.0,5078216.0,1346768.0,2258416.0,594320.0,14.0,0.0,51.0,10.0,0.0,20.0,0.0,5e-05,20000000.0,50782160.0,13467680.0,22584160.0,5943200.0,0.73125,0.7368421052631579
1173,1173.0,1.0,320.0,91.0,229.0,25.3,304.0,80.0,224.0,27.0,444232.0,116184.0,1361920.0,358400.0,2.0,0.0,51.0,10.0,0.0,2080.0,0.0,5e-05,20000000.0,4442320.0,1161840.0,13619200.0,3584000.0,0.715625,0.7368421052631579
1174,1174.0,1.0,320.0,92.0,228.0,21.61,171.0,53.0,118.0,19.64,1249848.0,330328.0,985768.0,270016.0,4.0,0.0,51.0,10.0,0.0,4670.0,0.0,5e-05,20000000.0,12498480.0,3303280.0,9857680.0,2700160.0,0.7125,0.6900584795321637
1175,1175.0,1.0,320.0,95.0,225.0,24.45,304.0,106.0,198.0,24.2,456872.0,121208.0,1179472.0,344560.0,2.0,0.0,51.0,10.0,0.0,1010.0,0.0,5e-05,20000000.0,4568720.0,1212080.0,11794720.0,3445600.0,0.703125,0.6513157894736842
1176,1176.0,1.0,320.0,87.0,233.0,25.15,304.0,80.0,224.0,27.0,410600.0,105912.0,1361920.0,358400.0,2.0,0.0,51.0,10.0,0.0,4570.0,0.0,5e-05,20000000.0,4106000.0,1059120.0,13619200.0,3584000.0,0.728125,0.7368421052631579
1177,1177.0,1.0,320.0,80.0,240.0,26.6,304.0,80.0,224.0,27.0,487424.0,121856.0,1361920.0,358400.0,2.0,0.0,51.0,10.0,0.0,1860.0,0.0,5e-05,20000000.0,4874240.0,1218560.0,13619200.0,3584000.0,0.75,0.7368421052631579
1178,1178.0,1.0,160.0,43.0,117.0,22.51,38.0,10.0,28.0,21.37,3567168.0,934800.0,1452464.0,364048.0,14.0,0.0,51.0,10.0,0.0,3970.0,0.0,5e-05,20000000.0,35671680.0,9348000.0,14524640.0,3640480.0,0.73125,0.7368421052631579
1179,1179.0,1.0,290.0,81.0,209.0,26.17,95.0,30.0,65.0,25.58,4644872.0,1248800.0,2202720.0,614744.0,7.0,0.0,51.0,10.0,0.0,300.0,0.0,5e-05,20000000.0,46448720.0,12488000.0,22027200.0,6147440.0,0.7206896551724138,0.6842105263157895
1180,1180.0,1.0,290.0,81.0,209.0,23.76,95.0,28.0,67.0,24.47,3840232.0,1043360.0,2021960.0,548648.0,7.0,0.0,51.0,10.0,0.0,2540.0,0.0,5e-05,20000000.0,38402320.0,10433600.0,20219600.0,5486480.0,0.7206896551724138,0.7052631578947368
1181,1181.0,1.0,320.0,102.0,218.0,23.55,171.0,51.0,120.0,25.27,1516944.0,418808.0,1728680.0,473432.0,4.0,0.0,51.0,10.0,0.0,2090.0,0.0,5e-05,20000000.0,15169440.0,4188080.0,17286800.0,4734320.0,0.68125,0.7017543859649122
1182,1182.0,1.0,290.0,78.0,212.0,24.26,95.0,25.0,70.0,24.74,3654152.0,990248.0,1848216.0,492592.0,7.0,0.0,51.0,10.0,0.0,3960.0,0.0,5e-05,20000000.0,36541520.0,9902480.0,18482160.0,4925920.0,0.7310344827586207,0.7368421052631579
1183,1183.0,1.0,320.0,80.0,240.0,26.54,171.0,52.0,119.0,24.32,1942144.0,485536.0,1516784.0,394408.0,4.0,0.0,51.0,10.0,0.0,2410.0,0.0,5e-05,20000000.0,19421440.0,4855360.0,15167840.0,3944080.0,0.75,0.695906432748538
1184,1184.0,1.0,320.0,80.0,240.0,26.6,304.0,80.0,224.0,27.0,487424.0,121856.0,1361920.0,358400.0,2.0,0.0,51.0,10.0,0.0,920.0,0.0,5e-05,20000000.0,4874240.0,1218560.0,13619200.0,3584000.0,0.75,0.7368421052631579
1185,1185.0,1.0,320.0,80.0,240.0,26.56,171.0,45.0,126.0,27.0,1942144.0,485536.0,1975848.0,519960.0,4.0,0.0,51.0,10.0,0.0,480.0,0.0,5e-05,20000000.0,19421440.0,4855360.0,19758480.0,5199600.0,0.75,0.7368421052631579
1186,1186.0,1.0,290.0,77.0,213.0,21.03,95.0,26.0,69.0,18.66,3001352.0,766208.0,1239168.0,311448.0,7.0,0.0,51.0,10.0,0.0,4330.0,0.0,5e-05,20000000.0,30013520.0,7662080.0,12391680.0,3114480.0,0.7344827586206897,0.7263157894736842
1187,1187.0,1.0,320.0,102.0,218.0,22.73,304.0,89.0,215.0,25.58,352576.0,95984.0,1231600.0,329216.0,2.0,0.0,51.0,10.0,0.0,3940.0,0.0,5e-05,20000000.0,3525760.0,959840.0,12316000.0,3292160.0,0.68125,0.7072368421052632
1188,1188.0,1.0,160.0,43.0,117.0,24.12,38.0,10.0,28.0,24.74,4059392.0,1092408.0,1797872.0,479184.0,14.0,0.0,51.0,10.0,0.0,3960.0,0.0,5e-05,20000000.0,40593920.0,10924080.0,17978720.0,4791840.0,0.73125,0.7368421052631579
1189,1189.0,1.0,320.0,102.0,218.0,24.15,304.0,94.0,210.0,25.58,413456.0,112008.0,1275040.0,351616.0,2.0,0.0,51.0,10.0,0.0,1970.0,0.0,5e-05,20000000.0,4134560.0,1120080.0,12750400.0,3516160.0,0.68125,0.6907894736842105
1190,1190.0,1.0,160.0,43.0,117.0,26.61,38.0,10.0,28.0,27.0,5235144.0,1386000.0,2258416.0,594320.0,14.0,0.0,51.0,10.0,0.0,40.0,0.0,5e-05,20000000.0,52351440.0,13860000.0,22584160.0,5943200.0,0.73125,0.7368421052631579
1191,1191.0,1.0,160.0,43.0,117.0,25.93,38.0,10.0,28.0,25.58,4804600.0,1288352.0,1797872.0,479184.0,14.0,0.0,51.0,10.0,0.0,2530.0,0.0,5e-05,20000000.0,48046000.0,12883520.0,17978720.0,4791840.0,0.73125,0.7368421052631579
1192,1192.0,1.0,320.0,80.0,240.0,25.8,304.0,102.0,202.0,19.47,487424.0,121856.0,745072.0,191976.0,2.0,0.0,51.0,10.0,0.0,4410.0,0.0,5e-05,20000000.0,4874240.0,1218560.0,7450720.0,1919760.0,0.75,0.6644736842105263
1193,1193.0,1.0,160.0,43.0,117.0,22.38,38.0,10.0,28.0,22.74,3818032.0,992304.0,1337328.0,364048.0,14.0,0.0,51.0,10.0,0.0,4960.0,0.0,5e-05,20000000.0,38180320.0,9923040.0,13373280.0,3640480.0,0.73125,0.7368421052631579
1194,1194.0,1.0,320.0,80.0,240.0,26.65,304.0,80.0,224.0,27.0,494080.0,123520.0,1361920.0,358400.0,2.0,0.0,51.0,10.0,0.0,60.0,0.0,5e-05,20000000.0,4940800.0,1235200.0,13619200.0,3584000.0,0.75,0.7368421052631579
1195,1195.0,1.0,320.0,80.0,240.0,25.84,171.0,53.0,118.0,25.58,1880192.0,470048.0,1699280.0,473296.0,4.0,0.0,51.0,10.0,0.0,1370.0,0.0,5e-05,20000000.0,18801920.0,4700480.0,16992800.0,4732960.0,0.75,0.6900584795321637
1196,1196.0,1.0,160.0,43.0,117.0,25.17,38.0,10.0,28.0,25.58,4371728.0,1150752.0,1797872.0,479184.0,14.0,0.0,51.0,10.0,0.0,2750.0,0.0,5e-05,20000000.0,43717280.0,11507520.0,17978720.0,4791840.0,0.73125,0.7368421052631579
1197,1197.0,1.0,320.0,93.0,227.0,25.12,171.0,45.0,126.0,27.0,1718752.0,452360.0,1975848.0,519960.0,4.0,0.0,51.0,10.0,0.0,1030.0,0.0,5e-05,20000000.0,17187520.0,4523600.0,19758480.0,5199600.0,0.709375,0.7368421052631579
1198,1198.0,1.0,320.0,86.0,234.0,24.2,171.0,45.0,126.0,27.0,1269168.0,327472.0,1975848.0,519960.0,4.0,0.0,51.0,10.0,0.0,4860.0,0.0,5e-05,20000000.0,12691680.0,3274720.0,19758480.0,5199600.0,0.73125,0.7368421052631579
1199,1199.0,1.0,320.0,80.0,240.0,26.45,171.0,45.0,126.0,27.0,1915904.0,478976.0,1975848.0,519960.0,4.0,0.0,51.0,10.0,0.0,630.0,0.0,5e-05,20000000.0,19159040.0,4789760.0,19758480.0,5199600.0,0.75,0.7368421052631579
1200,1200.0,1.0,290.0,80.0,210.0,26.08,95.0,27.0,68.0,25.58,4525032.0,1213752.0,2156368.0,587584.0,7.0,0.0,51.0,10.0,0.0,2110.0,0.0,5e-05,20000000.0,45250320.0,12137520.0,21563680.0,5875840.0,0.7241379310344828,0.7157894736842105
1201,1201.0,1.0,160.0,43.0,117.0,26.61,38.0,10.0,28.0,27.0,5235144.0,1386000.0,2258416.0,594320.0,14.0,0.0,51.0,10.0,0.0,440.0,0.0,5e-05,20000000.0,52351440.0,13860000.0,22584160.0,5943200.0,0.73125,0.7368421052631579
1202,1202.0,1.0,320.0,80.0,240.0,26.5,171.0,45.0,126.0,27.0,1942144.0,485536.0,1975848.0,519960.0,4.0,0.0,51.0,10.0,0.0,230.0,0.0,5e-05,20000000.0,19421440.0,4855360.0,19758480.0,5199600.0,0.75,0.7368421052631579
1203,1203.0,1.0,160.0,43.0,117.0,22.76,38.0,10.0,28.0,20.11,3626776.0,993896.0,1337328.0,364048.0,14.0,0.0,51.0,10.0,0.0,4630.0,0.0,5e-05,20000000.0,36267760.0,9938960.0,13373280.0,3640480.0,0.73125,0.7368421052631579
1204,1204.0,1.0,160.0,43.0,117.0,25.99,38.0,10.0,28.0,27.0,5159120.0,1347600.0,2258416.0,594320.0,14.0,0.0,51.0,10.0,0.0,2290.0,0.0,5e-05,20000000.0,51591200.0,13476000.0,22584160.0,5943200.0,0.73125,0.7368421052631579
1205,1205.0,1.0,290.0,83.0,207.0,26.03,95.0,30.0,65.0,25.58,4566312.0,1252176.0,2202720.0,614744.0,7.0,0.0,51.0,10.0,0.0,650.0,0.0,5e-05,20000000.0,45663120.0,12521760.0,22027200.0,6147440.0,0.7137931034482758,0.6842105263157895
1206,1206.0,1.0,290.0,78.0,212.0,23.6,95.0,26.0,69.0,21.36,3590472.0,957096.0,1552416.0,416016.0,7.0,0.0,51.0,10.0,0.0,3700.0,0.0,5e-05,20000000.0,35904720.0,9570960.0,15524160.0,4160160.0,0.7310344827586207,0.7263157894736842
1207,1207.0,1.0,320.0,80.0,240.0,26.65,304.0,89.0,215.0,25.0,494080.0,123520.0,1209880.0,329216.0,2.0,0.0,51.0,10.0,0.0,2880.0,0.0,5e-05,20000000.0,4940800.0,1235200.0,12098800.0,3292160.0,0.75,0.7072368421052632
1208,1208.0,1.0,320.0,97.0,223.0,22.52,304.0,88.0,216.0,25.58,352576.0,94056.0,1222912.0,324736.0,2.0,0.0,51.0,10.0,0.0,4980.0,0.0,5e-05,20000000.0,3525760.0,940560.0,12229120.0,3247360.0,0.696875,0.7105263157894737
1209,1209.0,1.0,320.0,86.0,234.0,24.56,171.0,54.0,117.0,21.11,1644688.0,421136.0,1095536.0,302784.0,4.0,0.0,51.0,10.0,0.0,3600.0,0.0,5e-05,20000000.0,16446880.0,4211360.0,10955360.0,3027840.0,0.73125,0.6842105263157895
1210,1210.0,1.0,320.0,80.0,240.0,26.56,171.0,45.0,126.0,27.0,1942144.0,485536.0,1975848.0,519960.0,4.0,0.0,51.0,10.0,0.0,1620.0,0.0,5e-05,20000000.0,19421440.0,4855360.0,19758480.0,5199600.0,0.75,0.7368421052631579
1211,1211.0,1.0,320.0,84.0,236.0,25.02,171.0,45.0,126.0,27.0,1590968.0,404712.0,1975848.0,519960.0,4.0,0.0,51.0,10.0,0.0,4160.0,0.0,5e-05,20000000.0,15909680.0,4047120.0,19758480.0,5199600.0,0.7375,0.7368421052631579
1212,1212.0,1.0,160.0,43.0,117.0,25.78,38.0,10.0,28.0,25.58,4727576.0,1269096.0,1797872.0,479184.0,14.0,0.0,51.0,10.0,0.0,1890.0,0.0,5e-05,20000000.0,47275760.0,12690960.0,17978720.0,4791840.0,0.73125,0.7368421052631579
1213,1213.0,1.0,320.0,103.0,217.0,20.43,304.0,103.0,201.0,19.97,333280.0,96048.0,784168.0,244240.0,2.0,0.0,51.0,10.0,0.0,4720.0,0.0,5e-05,20000000.0,3332800.0,960480.0,7841680.0,2442400.0,0.678125,0.6611842105263158
1214,1214.0,1.0,320.0,102.0,218.0,23.03,304.0,106.0,198.0,22.57,392552.0,108792.0,1036120.0,305464.0,2.0,0.0,51.0,10.0,0.0,3070.0,0.0,5e-05,20000000.0,3925520.0,1087920.0,10361200.0,3054640.0,0.68125,0.6513157894736842
1215,1215.0,1.0,320.0,101.0,219.0,20.29,304.0,112.0,192.0,18.52,341320.0,92704.0,745072.0,210712.0,2.0,0.0,51.0,10.0,0.0,4780.0,0.0,5e-05,20000000.0,3413200.0,927040.0,7450720.0,2107120.0,0.684375,0.631578947368421
1216,1216.0,1.0,160.0,43.0,117.0,24.91,38.0,10.0,28.0,25.58,4647896.0,1249176.0,1797872.0,479184.0,14.0,0.0,51.0,10.0,0.0,2690.0,0.0,5e-05,20000000.0,46478960.0,12491760.0,17978720.0,4791840.0,0.73125,0.7368421052631579
1217,1217.0,1.0,160.0,43.0,117.0,26.56,38.0,10.0,28.0,27.0,5355000.0,1425952.0,2258416.0,594320.0,14.0,0.0,51.0,10.0,0.0,170.0,0.0,5e-05,20000000.0,53550000.0,14259520.0,22584160.0,5943200.0,0.73125,0.7368421052631579
1218,1218.0,1.0,290.0,78.0,212.0,22.2,95.0,25.0,70.0,22.54,3128232.0,854376.0,1375544.0,374424.0,7.0,0.0,51.0,10.0,0.0,4380.0,0.0,5e-05,20000000.0,31282320.0,8543760.0,13755440.0,3744240.0,0.7310344827586207,0.7368421052631579
1219,1219.0,1.0,290.0,78.0,212.0,26.59,95.0,25.0,70.0,27.0,4720392.0,1265256.0,2320888.0,610760.0,7.0,0.0,51.0,10.0,0.0,110.0,0.0,5e-05,20000000.0,47203920.0,12652560.0,23208880.0,6107600.0,0.7310344827586207,0.7368421052631579
1220,1220.0,1.0,320.0,80.0,240.0,26.54,171.0,45.0,126.0,27.0,1942144.0,485536.0,1975848.0,519960.0,4.0,0.0,51.0,10.0,0.0,2560.0,0.0,5e-05,20000000.0,19421440.0,4855360.0,19758480.0,5199600.0,0.75,0.7368421052631579
1221,1221.0,1.0,160.0,45.0,115.0,25.67,38.0,10.0,28.0,27.0,4872112.0,1283400.0,2258416.0,594320.0,14.0,0.0,51.0,10.0,0.0,1290.0,0.0,5e-05,20000000.0,48721120.0,12834000.0,22584160.0,5943200.0,0.71875,0.7368421052631579
1222,1222.0,1.0,290.0,78.0,212.0,20.91,95.0,25.0,70.0,22.93,3299432.0,888616.0,1848216.0,492592.0,7.0,0.0,51.0,10.0,0.0,4610.0,0.0,5e-05,20000000.0,32994320.0,8886160.0,18482160.0,4925920.0,0.7310344827586207,0.7368421052631579
1223,1223.0,1.0,290.0,78.0,212.0,26.59,95.0,25.0,70.0,27.0,4720392.0,1265256.0,2320888.0,610760.0,7.0,0.0,51.0,10.0,0.0,1980.0,0.0,5e-05,20000000.0,47203920.0,12652560.0,23208880.0,6107600.0,0.7310344827586207,0.7368421052631579
1224,1224.0,1.0,320.0,80.0,240.0,26.41,171.0,50.0,121.0,25.14,1880192.0,470048.0,1520472.0,414376.0,4.0,0.0,51.0,10.0,0.0,1410.0,0.0,5e-05,20000000.0,18801920.0,4700480.0,15204720.0,4143760.0,0.75,0.7076023391812866
1225,1225.0,1.0,320.0,80.0,240.0,26.6,304.0,80.0,224.0,27.0,487424.0,121856.0,1361920.0,358400.0,2.0,0.0,51.0,10.0,0.0,930.0,0.0,5e-05,20000000.0,4874240.0,1218560.0,13619200.0,3584000.0,0.75,0.7368421052631579
1226,1226.0,1.0,320.0,80.0,240.0,26.65,304.0,80.0,224.0,27.0,494080.0,123520.0,1361920.0,358400.0,2.0,0.0,51.0,10.0,0.0,2440.0,0.0,5e-05,20000000.0,4940800.0,1235200.0,13619200.0,3584000.0,0.75,0.7368421052631579
1227,1227.0,1.0,320.0,100.0,220.0,23.9,304.0,92.0,212.0,25.58,410240.0,110272.0,1257664.0,342656.0,2.0,0.0,51.0,10.0,0.0,2970.0,0.0,5e-05,20000000.0,4102400.0,1102720.0,12576640.0,3426560.0,0.6875,0.6973684210526315
1228,1228.0,1.0,290.0,78.0,212.0,22.97,95.0,25.0,70.0,21.62,2762152.0,728616.0,1021040.0,256256.0,7.0,0.0,51.0,10.0,0.0,4070.0,0.0,5e-05,20000000.0,27621520.0,7286160.0,10210400.0,2562560.0,0.7310344827586207,0.7368421052631579
1229,1229.0,1.0,160.0,43.0,117.0,26.14,38.0,10.0,28.0,27.0,4961304.0,1327528.0,2258416.0,594320.0,14.0,0.0,51.0,10.0,0.0,2280.0,0.0,5e-05,20000000.0,49613040.0,13275280.0,22584160.0,5943200.0,0.73125,0.7368421052631579
1230,1230.0,1.0,160.0,43.0,117.0,26.5,38.0,10.0,28.0,27.0,5090776.0,1359896.0,2258416.0,594320.0,14.0,0.0,51.0,10.0,0.0,70.0,0.0,5e-05,20000000.0,50907760.0,13598960.0,22584160.0,5943200.0,0.73125,0.7368421052631579
1231,1231.0,1.0,290.0,78.0,212.0,25.67,95.0,25.0,70.0,25.58,4343752.0,1162536.0,1848216.0,492592.0,7.0,0.0,51.0,10.0,0.0,3690.0,0.0,5e-05,20000000.0,43437520.0,11625360.0,18482160.0,4925920.0,0.7310344827586207,0.7368421052631579
1232,1232.0,1.0,320.0,92.0,228.0,24.09,304.0,101.0,203.0,24.2,387728.0,100112.0,1201192.0,339536.0,2.0,0.0,51.0,10.0,0.0,3490.0,0.0,5e-05,20000000.0,3877280.0,1001120.0,12011920.0,3395360.0,0.7125,0.6677631578947368
1233,1233.0,1.0,290.0,81.0,209.0,26.2,95.0,25.0,70.0,27.0,4576872.0,1244640.0,2320888.0,610760.0,7.0,0.0,51.0,10.0,0.0,1230.0,0.0,5e-05,20000000.0,45768720.0,12446400.0,23208880.0,6107600.0,0.7206896551724138,0.7368421052631579
1234,1234.0,1.0,320.0,80.0,240.0,26.3,304.0,96.0,208.0,25.31,494080.0,123520.0,1240288.0,347544.0,2.0,0.0,51.0,10.0,0.0,1670.0,0.0,5e-05,20000000.0,4940800.0,1235200.0,12402880.0,3475440.0,0.75,0.6842105263157895
1235,1235.0,1.0,290.0,78.0,212.0,24.06,95.0,25.0,70.0,24.52,4028552.0,1058056.0,1848216.0,492592.0,7.0,0.0,51.0,10.0,0.0,3660.0,0.0,5e-05,20000000.0,40285520.0,10580560.0,18482160.0,4925920.0,0.7310344827586207,0.7368421052631579
1236,1236.0,1.0,320.0,92.0,228.0,25.25,304.0,125.0,179.0,21.49,442400.0,116192.0,1066528.0,290672.0,2.0,0.0,51.0,10.0,0.0,800.0,0.0,5e-05,20000000.0,4424000.0,1161920.0,10665280.0,2906720.0,0.7125,0.5888157894736842
1237,1237.0,1.0,290.0,77.0,213.0,23.85,95.0,26.0,69.0,25.03,3463592.0,920288.0,1972576.0,534184.0,7.0,0.0,51.0,10.0,0.0,3220.0,0.0,5e-05,20000000.0,34635920.0,9202880.0,19725760.0,5341840.0,0.7344827586206897,0.7263157894736842
1238,1238.0,1.0,290.0,78.0,212.0,24.3,95.0,25.0,70.0,24.18,3772232.0,968296.0,1966384.0,492592.0,7.0,0.0,51.0,10.0,0.0,3330.0,0.0,5e-05,20000000.0,37722320.0,9682960.0,19663840.0,4925920.0,0.7310344827586207,0.7368421052631579
1239,1239.0,1.0,160.0,43.0,117.0,24.84,38.0,10.0,28.0,24.26,4334488.0,1170824.0,1797872.0,479184.0,14.0,0.0,51.0,10.0,0.0,3610.0,0.0,5e-05,20000000.0,43344880.0,11708240.0,17978720.0,4791840.0,0.73125,0.7368421052631579
1240,1240.0,1.0,320.0,80.0,240.0,26.2,304.0,109.0,195.0,24.25,487424.0,121856.0,1201192.0,353656.0,2.0,0.0,51.0,10.0,0.0,680.0,0.0,5e-05,20000000.0,4874240.0,1218560.0,12011920.0,3536560.0,0.75,0.6414473684210527
1241,1241.0,1.0,320.0,102.0,218.0,22.12,304.0,103.0,201.0,19.75,400816.0,108848.0,800368.0,223312.0,2.0,0.0,51.0,10.0,0.0,4040.0,0.0,5e-05,20000000.0,4008160.0,1088480.0,8003680.0,2233120.0,0.68125,0.6611842105263158
1242,1242.0,1.0,290.0,81.0,209.0,26.21,95.0,25.0,70.0,27.0,4600552.0,1250560.0,2320888.0,610760.0,7.0,0.0,51.0,10.0,0.0,1090.0,0.0,5e-05,20000000.0,46005520.0,12505600.0,23208880.0,6107600.0,0.7206896551724138,0.7368421052631579
1243,1243.0,1.0,160.0,44.0,116.0,25.51,38.0,14.0,24.0,23.45,4840288.0,1250104.0,1797872.0,544208.0,14.0,0.0,51.0,10.0,0.0,1500.0,0.0,5e-05,20000000.0,48402880.0,12501040.0,17978720.0,5442080.0,0.725,0.631578947368421
1244,1244.0,1.0,160.0,43.0,117.0,24.39,38.0,10.0,28.0,24.16,4187792.0,1104768.0,1797872.0,479184.0,14.0,0.0,51.0,10.0,0.0,3240.0,0.0,5e-05,20000000.0,41877920.0,11047680.0,17978720.0,4791840.0,0.73125,0.7368421052631579
1245,1245.0,1.0,160.0,43.0,117.0,22.11,38.0,10.0,28.0,24.16,3627384.0,994048.0,1797872.0,479184.0,14.0,0.0,51.0,10.0,0.0,4440.0,0.0,5e-05,20000000.0,36273840.0,9940480.0,17978720.0,4791840.0,0.73125,0.7368421052631579
1246,1246.0,1.0,290.0,81.0,209.0,25.75,95.0,28.0,67.0,25.01,4309512.0,1164960.0,1970816.0,548648.0,7.0,0.0,51.0,10.0,0.0,1950.0,0.0,5e-05,20000000.0,43095120.0,11649600.0,19708160.0,5486480.0,0.7206896551724138,0.7052631578947368
1247,1247.0,1.0,160.0,43.0,117.0,26.22,38.0,10.0,28.0,27.0,5159120.0,1347600.0,2258416.0,594320.0,14.0,0.0,51.0,10.0,0.0,1620.0,0.0,5e-05,20000000.0,51591200.0,13476000.0,22584160.0,5943200.0,0.73125,0.7368421052631579
1248,1248.0,1.0,290.0,78.0,212.0,20.3,95.0,26.0,69.0,15.63,2768712.0,717416.0,422040.0,127200.0,7.0,0.0,51.0,10.0,0.0,5000.0,0.0,5e-05,20000000.0,27687120.0,7174160.0,4220400.0,1272000.0,0.7310344827586207,0.7263157894736842
1249,1249.0,1.0,160.0,45.0,115.0,25.99,38.0,10.0,28.0,27.0,4961368.0,1330296.0,2258416.0,594320.0,14.0,0.0,51.0,10.0,0.0,830.0,0.0,5e-05,20000000.0,49613680.0,13302960.0,22584160.0,5943200.0,0.71875,0.7368421052631579
1250,1250.0,1.0,160.0,44.0,116.0,25.08,38.0,13.0,25.0,22.89,4210272.0,1130928.0,1797872.0,484776.0,14.0,0.0,51.0,10.0,0.0,1600.0,0.0,5e-05,20000000.0,42102720.0,11309280.0,17978720.0,4847760.0,0.725,0.6578947368421053
1251,1251.0,1.0,320.0,80.0,240.0,26.48,171.0,45.0,126.0,27.0,1915904.0,478976.0,1975848.0,519960.0,4.0,0.0,51.0,10.0,0.0,1790.0,0.0,5e-05,20000000.0,19159040.0,4789760.0,19758480.0,5199600.0,0.75,0.7368421052631579
1252,1252.0,1.0,320.0,80.0,240.0,26.41,171.0,45.0,126.0,27.0,1880192.0,470048.0,1975848.0,519960.0,4.0,0.0,51.0,10.0,0.0,90.0,0.0,5e-05,20000000.0,18801920.0,4700480.0,19758480.0,5199600.0,0.75,0.7368421052631579
1253,1253.0,1.0,320.0,80.0,240.0,26.6,304.0,96.0,208.0,25.58,487424.0,121856.0,1292416.0,360576.0,2.0,0.0,51.0,10.0,0.0,650.0,0.0,5e-05,20000000.0,4874240.0,1218560.0,12924160.0,3605760.0,0.75,0.6842105263157895
1254,1254.0,1.0,160.0,43.0,117.0,7.38,38.0,10.0,28.0,4.42,971872.0,246800.0,70832.0,18640.0,14.0,0.0,51.0,10.0,0.0,4000.0,0.0,5e-05,20000000.0,9718720.0,2468000.0,708320.0,186400.0,0.73125,0.7368421052631579
1255,1255.0,1.0,160.0,45.0,115.0,24.68,38.0,13.0,25.0,22.89,4268376.0,1147448.0,1797872.0,484776.0,14.0,0.0,51.0,10.0,0.0,1200.0,0.0,5e-05,20000000.0,42683760.0,11474480.0,17978720.0,4847760.0,0.71875,0.6578947368421053
1256,1256.0,1.0,290.0,78.0,212.0,24.39,95.0,25.0,70.0,24.46,3942952.0,1058056.0,1848216.0,492592.0,7.0,0.0,51.0,10.0,0.0,3190.0,0.0,5e-05,20000000.0,39429520.0,10580560.0,18482160.0,4925920.0,0.7310344827586207,0.7368421052631579
1257,1257.0,1.0,160.0,43.0,117.0,22.58,38.0,10.0,28.0,21.32,3309488.0,894792.0,1337328.0,364048.0,14.0,0.0,51.0,10.0,0.0,4400.0,0.0,5e-05,20000000.0,33094880.0,8947920.0,13373280.0,3640480.0,0.73125,0.7368421052631579
1258,1258.0,1.0,320.0,80.0,240.0,26.42,171.0,45.0,126.0,27.0,1915904.0,478976.0,1975848.0,519960.0,4.0,0.0,51.0,10.0,0.0,880.0,0.0,5e-05,20000000.0,19159040.0,4789760.0,19758480.0,5199600.0,0.75,0.7368421052631579
1259,1259.0,1.0,160.0,43.0,117.0,23.58,38.0,10.0,28.0,21.32,3853344.0,1006344.0,991920.0,248912.0,14.0,0.0,51.0,10.0,0.0,3360.0,0.0,5e-05,20000000.0,38533440.0,10063440.0,9919200.0,2489120.0,0.73125,0.7368421052631579
1260,1260.0,1.0,320.0,80.0,240.0,26.5,171.0,45.0,126.0,27.0,1915904.0,478976.0,1975848.0,519960.0,4.0,0.0,51.0,10.0,0.0,760.0,0.0,5e-05,20000000.0,19159040.0,4789760.0,19758480.0,5199600.0,0.75,0.7368421052631579
1261,1261.0,1.0,290.0,79.0,211.0,25.12,95.0,30.0,65.0,22.45,4490792.0,1161584.0,1736664.0,472536.0,7.0,0.0,51.0,10.0,0.0,2380.0,0.0,5e-05,20000000.0,44907920.0,11615840.0,17366640.0,4725360.0,0.7275862068965517,0.6842105263157895
1262,1262.0,1.0,160.0,43.0,117.0,22.01,38.0,10.0,28.0,18.79,3561936.0,893880.0,1452464.0,364048.0,14.0,0.0,51.0,10.0,0.0,3200.0,0.0,5e-05,20000000.0,35619360.0,8938800.0,14524640.0,3640480.0,0.73125,0.7368421052631579
1263,1263.0,1.0,160.0,43.0,117.0,25.72,38.0,10.0,28.0,27.0,4922128.0,1288352.0,2258416.0,594320.0,14.0,0.0,51.0,10.0,0.0,2870.0,0.0,5e-05,20000000.0,49221280.0,12883520.0,22584160.0,5943200.0,0.73125,0.7368421052631579
1264,1264.0,1.0,290.0,78.0,212.0,25.77,95.0,25.0,70.0,24.53,4566312.0,1213896.0,1848216.0,492592.0,7.0,0.0,51.0,10.0,0.0,4350.0,0.0,5e-05,20000000.0,45663120.0,12138960.0,18482160.0,4925920.0,0.7310344827586207,0.7368421052631579
1265,1265.0,1.0,320.0,94.0,226.0,23.02,171.0,51.0,120.0,22.44,1412384.0,364000.0,1240280.0,327664.0,4.0,0.0,51.0,10.0,0.0,3700.0,0.0,5e-05,20000000.0,14123840.0,3640000.0,12402800.0,3276640.0,0.70625,0.7017543859649122
1266,1266.0,1.0,290.0,78.0,212.0,25.95,95.0,28.0,67.0,24.46,4507912.0,1212136.0,2051736.0,549528.0,7.0,0.0,51.0,10.0,0.0,2050.0,0.0,5e-05,20000000.0,45079120.0,12121360.0,20517360.0,5495280.0,0.7310344827586207,0.7052631578947368
1267,1267.0,1.0,290.0,78.0,212.0,19.75,95.0,25.0,70.0,21.76,2386408.0,660360.0,1385080.0,376808.0,7.0,0.0,51.0,10.0,0.0,4060.0,0.0,5e-05,20000000.0,23864080.0,6603600.0,13850800.0,3768080.0,0.7310344827586207,0.7368421052631579
1268,1268.0,1.0,160.0,43.0,117.0,25.36,38.0,10.0,28.0,25.58,4410288.0,1169992.0,1797872.0,479184.0,14.0,0.0,51.0,10.0,0.0,3690.0,0.0,5e-05,20000000.0,44102880.0,11699920.0,17978720.0,4791840.0,0.73125,0.7368421052631579
1269,1269.0,1.0,290.0,78.0,212.0,21.17,95.0,25.0,70.0,22.84,3293064.0,870408.0,1848216.0,492592.0,7.0,0.0,51.0,10.0,0.0,4320.0,0.0,5e-05,20000000.0,32930640.0,8704080.0,18482160.0,4925920.0,0.7310344827586207,0.7368421052631579
1270,1270.0,1.0,320.0,103.0,217.0,22.07,171.0,60.0,111.0,22.2,1314344.0,352936.0,1261928.0,357248.0,4.0,0.0,51.0,10.0,0.0,2910.0,0.0,5e-05,20000000.0,13143440.0,3529360.0,12619280.0,3572480.0,0.678125,0.6491228070175439
1271,1271.0,1.0,320.0,87.0,233.0,21.13,171.0,53.0,118.0,18.36,1352680.0,340616.0,756336.0,205000.0,4.0,0.0,51.0,10.0,0.0,4780.0,0.0,5e-05,20000000.0,13526800.0,3406160.0,7563360.0,2050000.0,0.728125,0.6900584795321637
1272,1272.0,1.0,320.0,80.0,240.0,26.65,304.0,80.0,224.0,27.0,494080.0,123520.0,1361920.0,358400.0,2.0,0.0,51.0,10.0,0.0,440.0,0.0,5e-05,20000000.0,4940800.0,1235200.0,13619200.0,3584000.0,0.75,0.7368421052631579
1273,1273.0,1.0,320.0,80.0,240.0,26.5,304.0,80.0,224.0,27.0,479744.0,119936.0,1361920.0,358400.0,2.0,0.0,51.0,10.0,0.0,1280.0,0.0,5e-05,20000000.0,4797440.0,1199360.0,13619200.0,3584000.0,0.75,0.7368421052631579
1274,1274.0,1.0,320.0,80.0,240.0,26.48,171.0,45.0,126.0,27.0,1915904.0,478976.0,1975848.0,519960.0,4.0,0.0,51.0,10.0,0.0,140.0,0.0,5e-05,20000000.0,19159040.0,4789760.0,19758480.0,5199600.0,0.75,0.7368421052631579
1275,1275.0,1.0,320.0,100.0,220.0,22.54,304.0,101.0,203.0,21.99,358784.0,95800.0,1049152.0,287408.0,2.0,0.0,51.0,10.0,0.0,3460.0,0.0,5e-05,20000000.0,3587840.0,958000.0,10491520.0,2874080.0,0.6875,0.6677631578947368
1276,1276.0,1.0,320.0,94.0,226.0,25.06,171.0,45.0,126.0,27.0,1732640.0,458144.0,1975848.0,519960.0,4.0,0.0,51.0,10.0,0.0,1320.0,0.0,5e-05,20000000.0,17326400.0,4581440.0,19758480.0,5199600.0,0.70625,0.7368421052631579
1277,1277.0,1.0,320.0,101.0,219.0,23.57,304.0,93.0,211.0,24.96,391168.0,108784.0,1144720.0,316728.0,2.0,0.0,51.0,10.0,0.0,3880.0,0.0,5e-05,20000000.0,3911680.0,1087840.0,11447200.0,3167280.0,0.684375,0.694078947368421
1278,1278.0,1.0,320.0,95.0,225.0,25.21,171.0,69.0,102.0,21.63,1818112.0,481824.0,1429528.0,387424.0,4.0,0.0,51.0,10.0,0.0,400.0,0.0,5e-05,20000000.0,18181120.0,4818240.0,14295280.0,3874240.0,0.703125,0.5964912280701754
1279,1279.0,1.0,320.0,99.0,221.0,24.13,171.0,54.0,117.0,25.11,1625792.0,432688.0,1644360.0,465336.0,4.0,0.0,51.0,10.0,0.0,2100.0,0.0,5e-05,20000000.0,16257920.0,4326880.0,16443600.0,4653360.0,0.690625,0.6842105263157895
1280,1280.0,1.0,320.0,97.0,223.0,20.1,171.0,49.0,122.0,22.36,954616.0,268368.0,1207416.0,334224.0,4.0,0.0,51.0,10.0,0.0,4060.0,0.0,5e-05,20000000.0,9546160.0,2683680.0,12074160.0,3342240.0,0.696875,0.7134502923976608
1281,1281.0,1.0,320.0,80.0,240.0,26.19,171.0,56.0,115.0,23.53,1942144.0,485536.0,1318552.0,382400.0,4.0,0.0,51.0,10.0,0.0,1680.0,0.0,5e-05,20000000.0,19421440.0,4855360.0,13185520.0,3824000.0,0.75,0.672514619883041
1282,1282.0,1.0,320.0,101.0,219.0,23.65,304.0,93.0,211.0,25.05,400816.0,110392.0,1162096.0,321072.0,2.0,0.0,51.0,10.0,0.0,3550.0,0.0,5e-05,20000000.0,4008160.0,1103920.0,11620960.0,3210720.0,0.684375,0.694078947368421
1283,1283.0,1.0,320.0,94.0,226.0,25.06,171.0,66.0,105.0,22.02,1732640.0,458144.0,1360808.0,371984.0,4.0,0.0,51.0,10.0,0.0,1200.0,0.0,5e-05,20000000.0,17326400.0,4581440.0,13608080.0,3719840.0,0.70625,0.6140350877192983
1284,1284.0,1.0,320.0,94.0,226.0,25.12,171.0,45.0,126.0,27.0,1689248.0,447512.0,1975848.0,519960.0,4.0,0.0,51.0,10.0,0.0,910.0,0.0,5e-05,20000000.0,16892480.0,4475120.0,19758480.0,5199600.0,0.70625,0.7368421052631579
1285,1285.0,1.0,320.0,88.0,232.0,21.72,171.0,47.0,124.0,24.32,1313072.0,340680.0,1405328.0,374464.0,4.0,0.0,51.0,10.0,0.0,4440.0,0.0,5e-05,20000000.0,13130720.0,3406800.0,14053280.0,3744640.0,0.725,0.7251461988304093
1286,1286.0,1.0,290.0,91.0,199.0,23.97,95.0,34.0,61.0,24.16,3840712.0,1098640.0,2073624.0,618720.0,7.0,0.0,51.0,10.0,0.0,1170.0,0.0,5e-05,20000000.0,38407120.0,10986400.0,20736240.0,6187200.0,0.6862068965517242,0.6421052631578947
1287,1287.0,1.0,320.0,99.0,221.0,23.14,304.0,86.0,218.0,24.76,387728.0,106992.0,1162096.0,315776.0,2.0,0.0,51.0,10.0,0.0,4640.0,0.0,5e-05,20000000.0,3877280.0,1069920.0,11620960.0,3157760.0,0.690625,0.7171052631578947
1288,1288.0,1.0,160.0,43.0,117.0,26.5,38.0,10.0,28.0,27.0,5277976.0,1406696.0,2258416.0,594320.0,14.0,0.0,51.0,10.0,0.0,1990.0,0.0,5e-05,20000000.0,52779760.0,14066960.0,22584160.0,5943200.0,0.73125,0.7368421052631579
1289,1289.0,1.0,320.0,111.0,209.0,22.21,171.0,69.0,102.0,18.43,1491280.0,418760.0,1080664.0,324568.0,4.0,0.0,51.0,10.0,0.0,3200.0,0.0,5e-05,20000000.0,14912800.0,4187600.0,10806640.0,3245680.0,0.653125,0.5964912280701754
1290,1290.0,1.0,290.0,78.0,212.0,7.59,95.0,31.0,64.0,3.54,861352.0,219176.0,83904.0,27072.0,7.0,0.0,51.0,10.0,0.0,4000.0,0.0,5e-05,20000000.0,8613520.0,2191760.0,839040.0,270720.0,0.7310344827586207,0.6736842105263158
1291,1291.0,1.0,160.0,44.0,116.0,26.16,38.0,12.0,26.0,25.58,4898824.0,1308520.0,2143280.0,598048.0,14.0,0.0,51.0,10.0,0.0,650.0,0.0,5e-05,20000000.0,48988240.0,13085200.0,21432800.0,5980480.0,0.725,0.6842105263157895
1292,1292.0,1.0,320.0,80.0,240.0,26.0,304.0,103.0,201.0,24.42,479744.0,119936.0,1157752.0,335464.0,2.0,0.0,51.0,10.0,0.0,1340.0,0.0,5e-05,20000000.0,4797440.0,1199360.0,11577520.0,3354640.0,0.75,0.6611842105263158
1293,1293.0,1.0,290.0,78.0,212.0,26.39,95.0,25.0,70.0,27.0,4559752.0,1225096.0,2320888.0,610760.0,7.0,0.0,51.0,10.0,0.0,1430.0,0.0,5e-05,20000000.0,45597520.0,12250960.0,23208880.0,6107600.0,0.7310344827586207,0.7368421052631579
1294,1294.0,1.0,290.0,78.0,212.0,25.95,95.0,25.0,70.0,25.63,4365352.0,1163656.0,1857752.0,494976.0,7.0,0.0,51.0,10.0,0.0,900.0,0.0,5e-05,20000000.0,43653520.0,11636560.0,18577520.0,4949760.0,0.7310344827586207,0.7368421052631579
1295,1295.0,1.0,320.0,88.0,232.0,24.28,304.0,80.0,224.0,25.63,429760.0,111168.0,1089536.0,290304.0,2.0,0.0,51.0,10.0,0.0,4450.0,0.0,5e-05,20000000.0,4297600.0,1111680.0,10895360.0,2903040.0,0.725,0.7368421052631579
1296,1296.0,1.0,320.0,87.0,233.0,23.9,304.0,93.0,211.0,21.35,424936.0,109496.0,836296.0,229848.0,2.0,0.0,51.0,10.0,0.0,4760.0,0.0,5e-05,20000000.0,4249360.0,1094960.0,8362960.0,2298480.0,0.728125,0.694078947368421
1297,1297.0,1.0,320.0,93.0,227.0,23.76,171.0,51.0,120.0,22.53,1496928.0,396904.0,1287152.0,348200.0,4.0,0.0,51.0,10.0,0.0,3030.0,0.0,5e-05,20000000.0,14969280.0,3969040.0,12871520.0,3482000.0,0.709375,0.7017543859649122
1298,1298.0,1.0,290.0,77.0,213.0,26.08,95.0,26.0,69.0,25.01,4542152.0,1177088.0,2025088.0,534184.0,7.0,0.0,51.0,10.0,0.0,2410.0,0.0,5e-05,20000000.0,45421520.0,11770880.0,20250880.0,5341840.0,0.7344827586206897,0.7263157894736842
1299,1299.0,1.0,320.0,80.0,240.0,26.48,171.0,45.0,126.0,27.0,1915904.0,478976.0,1975848.0,519960.0,4.0,0.0,51.0,10.0,0.0,940.0,0.0,5e-05,20000000.0,19159040.0,4789760.0,19758480.0,5199600.0,0.75,0.7368421052631579
1300,1300.0,1.0,160.0,43.0,117.0,26.61,38.0,10.0,28.0,27.0,5235144.0,1386000.0,2258416.0,594320.0,14.0,0.0,51.0,10.0,0.0,280.0,0.0,5e-05,20000000.0,52351440.0,13860000.0,22584160.0,5943200.0,0.73125,0.7368421052631579
1301,1301.0,1.0,290.0,78.0,212.0,25.56,95.0,25.0,70.0,27.0,4189672.0,1094056.0,2320888.0,610760.0,7.0,0.0,51.0,10.0,0.0,3450.0,0.0,5e-05,20000000.0,41896720.0,10940560.0,23208880.0,6107600.0,0.7310344827586207,0.7368421052631579
1302,1302.0,1.0,320.0,80.0,240.0,26.6,304.0,80.0,224.0,27.0,487424.0,121856.0,1361920.0,358400.0,2.0,0.0,51.0,10.0,0.0,20.0,0.0,5e-05,20000000.0,4874240.0,1218560.0,13619200.0,3584000.0,0.75,0.7368421052631579
1303,1303.0,1.0,320.0,92.0,228.0,25.25,304.0,80.0,224.0,27.0,442400.0,116192.0,1361920.0,358400.0,2.0,0.0,51.0,10.0,0.0,1820.0,0.0,5e-05,20000000.0,4424000.0,1161920.0,13619200.0,3584000.0,0.7125,0.7368421052631579
1304,1304.0,1.0,320.0,80.0,240.0,26.6,304.0,80.0,224.0,27.0,487424.0,121856.0,1361920.0,358400.0,2.0,0.0,51.0,10.0,0.0,570.0,0.0,5e-05,20000000.0,4874240.0,1218560.0,13619200.0,3584000.0,0.75,0.7368421052631579
1305,1305.0,1.0,320.0,86.0,234.0,24.8,171.0,50.0,121.0,25.11,1617584.0,414576.0,1368384.0,374648.0,4.0,0.0,51.0,10.0,0.0,3690.0,0.0,5e-05,20000000.0,16175840.0,4145760.0,13683840.0,3746480.0,0.73125,0.7076023391812866
1306,1306.0,1.0,320.0,80.0,240.0,26.48,171.0,45.0,126.0,25.63,1915904.0,478976.0,1581384.0,421344.0,4.0,0.0,51.0,10.0,0.0,1900.0,0.0,5e-05,20000000.0,19159040.0,4789760.0,15813840.0,4213440.0,0.75,0.7368421052631579
1307,1307.0,1.0,320.0,94.0,226.0,24.84,304.0,80.0,224.0,27.0,437936.0,117616.0,1361920.0,358400.0,2.0,0.0,51.0,10.0,0.0,1290.0,0.0,5e-05,20000000.0,4379360.0,1176160.0,13619200.0,3584000.0,0.70625,0.7368421052631579
1308,1308.0,1.0,160.0,43.0,117.0,25.61,38.0,10.0,28.0,27.0,4765424.0,1249176.0,2258416.0,594320.0,14.0,0.0,51.0,10.0,0.0,2660.0,0.0,5e-05,20000000.0,47654240.0,12491760.0,22584160.0,5943200.0,0.73125,0.7368421052631579
1309,1309.0,1.0,290.0,80.0,210.0,24.09,95.0,28.0,67.0,21.97,3805992.0,1008312.0,1762528.0,483448.0,7.0,0.0,51.0,10.0,0.0,2520.0,0.0,5e-05,20000000.0,38059920.0,10083120.0,17625280.0,4834480.0,0.7241379310344828,0.7052631578947368
1310,1310.0,1.0,290.0,78.0,212.0,22.2,95.0,25.0,70.0,24.44,3446952.0,934056.0,1848216.0,492592.0,7.0,0.0,51.0,10.0,0.0,4080.0,0.0,5e-05,20000000.0,34469520.0,9340560.0,18482160.0,4925920.0,0.7310344827586207,0.7368421052631579
1311,1311.0,1.0,160.0,43.0,117.0,24.96,38.0,10.0,28.0,24.16,4254200.0,1150752.0,1337328.0,364048.0,14.0,0.0,51.0,10.0,0.0,4470.0,0.0,5e-05,20000000.0,42542000.0,11507520.0,13373280.0,3640480.0,0.73125,0.7368421052631579
1312,1312.0,1.0,320.0,97.0,223.0,21.21,171.0,49.0,122.0,24.47,1158824.0,315872.0,1390912.0,371872.0,4.0,0.0,51.0,10.0,0.0,3650.0,0.0,5e-05,20000000.0,11588240.0,3158720.0,13909120.0,3718720.0,0.696875,0.7134502923976608
1313,1313.0,1.0,320.0,80.0,240.0,26.3,304.0,96.0,208.0,24.6,494080.0,123520.0,1101280.0,312792.0,2.0,0.0,51.0,10.0,0.0,2710.0,0.0,5e-05,20000000.0,4940800.0,1235200.0,11012800.0,3127920.0,0.75,0.6842105263157895
1314,1314.0,1.0,320.0,80.0,240.0,26.65,304.0,92.0,212.0,25.58,494080.0,123520.0,1240288.0,342656.0,2.0,0.0,51.0,10.0,0.0,2110.0,0.0,5e-05,20000000.0,4940800.0,1235200.0,12402880.0,3426560.0,0.75,0.6973684210526315
1315,1315.0,1.0,290.0,82.0,208.0,25.74,95.0,28.0,67.0,25.58,4285832.0,1176968.0,2179496.0,601160.0,7.0,0.0,51.0,10.0,0.0,1180.0,0.0,5e-05,20000000.0,42858320.0,11769680.0,21794960.0,6011600.0,0.7172413793103448,0.7052631578947368
1316,1316.0,1.0,320.0,80.0,240.0,26.54,171.0,45.0,126.0,27.0,1942144.0,485536.0,1975848.0,519960.0,4.0,0.0,51.0,10.0,0.0,2440.0,0.0,5e-05,20000000.0,19421440.0,4855360.0,19758480.0,5199600.0,0.75,0.7368421052631579
1317,1317.0,1.0,320.0,80.0,240.0,25.91,171.0,57.0,114.0,21.8,1880192.0,470048.0,953680.0,293984.0,4.0,0.0,51.0,10.0,0.0,3360.0,0.0,5e-05,20000000.0,18801920.0,4700480.0,9536800.0,2939840.0,0.75,0.6666666666666666
1318,1318.0,1.0,320.0,118.0,202.0,22.08,304.0,105.0,199.0,23.68,394384.0,117912.0,1170784.0,340080.0,2.0,0.0,51.0,10.0,0.0,2240.0,0.0,5e-05,20000000.0,3943840.0,1179120.0,11707840.0,3400800.0,0.63125,0.6546052631578947
1319,1319.0,1.0,160.0,43.0,117.0,25.75,38.0,11.0,27.0,25.58,5000480.0,1327528.0,1970576.0,538616.0,14.0,0.0,51.0,10.0,0.0,1690.0,0.0,5e-05,20000000.0,50004800.0,13275280.0,19705760.0,5386160.0,0.73125,0.7105263157894737
1320,1320.0,1.0,290.0,78.0,212.0,25.94,95.0,25.0,70.0,27.0,4340776.0,1157512.0,2320888.0,610760.0,7.0,0.0,51.0,10.0,0.0,1190.0,0.0,5e-05,20000000.0,43407760.0,11575120.0,23208880.0,6107600.0,0.7310344827586207,0.7368421052631579
1321,1321.0,1.0,320.0,89.0,231.0,23.13,171.0,53.0,118.0,21.79,1401120.0,364136.0,1132832.0,319136.0,4.0,0.0,51.0,10.0,0.0,3760.0,0.0,5e-05,20000000.0,14011200.0,3641360.0,11328320.0,3191360.0,0.721875,0.6900584795321637
1322,1322.0,1.0,320.0,80.0,240.0,26.5,304.0,80.0,224.0,27.0,479744.0,119936.0,1361920.0,358400.0,2.0,0.0,51.0,10.0,0.0,1440.0,0.0,5e-05,20000000.0,4797440.0,1199360.0,13619200.0,3584000.0,0.75,0.7368421052631579
1323,1323.0,1.0,160.0,43.0,117.0,24.18,38.0,10.0,28.0,27.0,3583720.0,973144.0,2258416.0,594320.0,14.0,0.0,51.0,10.0,0.0,4140.0,0.0,5e-05,20000000.0,35837200.0,9731440.0,22584160.0,5943200.0,0.73125,0.7368421052631579
1324,1324.0,1.0,160.0,43.0,117.0,20.38,38.0,10.0,28.0,21.42,3213976.0,817120.0,1452464.0,364048.0,14.0,0.0,51.0,10.0,0.0,4620.0,0.0,5e-05,20000000.0,32139760.0,8171200.0,14524640.0,3640480.0,0.73125,0.7368421052631579
1325,1325.0,1.0,160.0,43.0,117.0,26.5,38.0,10.0,28.0,27.0,5078216.0,1346768.0,2258416.0,594320.0,14.0,0.0,51.0,10.0,0.0,820.0,0.0,5e-05,20000000.0,50782160.0,13467680.0,22584160.0,5943200.0,0.73125,0.7368421052631579
1326,1326.0,1.0,160.0,43.0,117.0,25.27,38.0,10.0,28.0,27.0,4686464.0,1249024.0,2258416.0,594320.0,14.0,0.0,51.0,10.0,0.0,4270.0,0.0,5e-05,20000000.0,46864640.0,12490240.0,22584160.0,5943200.0,0.73125,0.7368421052631579
1327,1327.0,1.0,290.0,78.0,212.0,17.13,95.0,27.0,68.0,12.97,2521992.0,681416.0,372720.0,128544.0,7.0,0.0,51.0,10.0,0.0,4010.0,0.0,5e-05,20000000.0,25219920.0,6814160.0,3727200.0,1285440.0,0.7310344827586207,0.7157894736842105
1328,1328.0,1.0,320.0,88.0,232.0,23.43,171.0,53.0,118.0,22.26,1253264.0,319992.0,1039184.0,297896.0,4.0,0.0,51.0,10.0,0.0,4070.0,0.0,5e-05,20000000.0,12532640.0,3199920.0,10391840.0,2978960.0,0.725,0.6900584795321637
1329,1329.0,1.0,320.0,80.0,240.0,26.65,304.0,80.0,224.0,27.0,494080.0,123520.0,1361920.0,358400.0,2.0,0.0,51.0,10.0,0.0,70.0,0.0,5e-05,20000000.0,4940800.0,1235200.0,13619200.0,3584000.0,0.75,0.7368421052631579
1330,1330.0,1.0,290.0,89.0,201.0,24.43,95.0,28.0,67.0,25.58,4079912.0,1135424.0,2123920.0,574024.0,7.0,0.0,51.0,10.0,0.0,1520.0,0.0,5e-05,20000000.0,40799120.0,11354240.0,21239200.0,5740240.0,0.6931034482758621,0.7052631578947368
1331,1331.0,1.0,320.0,80.0,240.0,26.5,304.0,102.0,202.0,24.42,479744.0,119936.0,1179472.0,330984.0,2.0,0.0,51.0,10.0,0.0,1250.0,0.0,5e-05,20000000.0,4797440.0,1199360.0,11794720.0,3309840.0,0.75,0.6644736842105263
1332,1332.0,1.0,320.0,80.0,240.0,26.65,304.0,91.0,213.0,22.74,494080.0,123520.0,1153408.0,290392.0,2.0,0.0,51.0,10.0,0.0,4290.0,0.0,5e-05,20000000.0,4940800.0,1235200.0,11534080.0,2903920.0,0.75,0.7006578947368421
1333,1333.0,1.0,160.0,43.0,117.0,24.46,38.0,10.0,28.0,22.74,4017208.0,1091504.0,1337328.0,364048.0,14.0,0.0,51.0,10.0,0.0,2210.0,0.0,5e-05,20000000.0,40172080.0,10915040.0,13373280.0,3640480.0,0.73125,0.7368421052631579
1334,1334.0,1.0,290.0,82.0,208.0,25.99,95.0,29.0,66.0,25.58,4559272.0,1232488.0,2176432.0,601168.0,7.0,0.0,51.0,10.0,0.0,420.0,0.0,5e-05,20000000.0,45592720.0,12324880.0,21764320.0,6011680.0,0.7172413793103448,0.6947368421052632
1335,1335.0,1.0,160.0,43.0,117.0,26.6,38.0,10.0,28.0,27.0,5078216.0,1346768.0,2258416.0,594320.0,14.0,0.0,51.0,10.0,0.0,980.0,0.0,5e-05,20000000.0,50782160.0,13467680.0,22584160.0,5943200.0,0.73125,0.7368421052631579
1336,1336.0,1.0,160.0,43.0,117.0,23.15,38.0,10.0,28.0,21.32,3741392.0,973144.0,1337328.0,364048.0,14.0,0.0,51.0,10.0,0.0,3700.0,0.0,5e-05,20000000.0,37413920.0,9731440.0,13373280.0,3640480.0,0.73125,0.7368421052631579
1337,1337.0,1.0,320.0,102.0,218.0,20.09,304.0,118.0,186.0,15.99,326624.0,91104.0,723352.0,211528.0,2.0,0.0,51.0,10.0,0.0,4600.0,0.0,5e-05,20000000.0,3266240.0,911040.0,7233520.0,2115280.0,0.68125,0.6118421052631579
1338,1338.0,1.0,290.0,82.0,208.0,26.27,95.0,25.0,70.0,27.0,4713352.0,1283848.0,2320888.0,610760.0,7.0,0.0,51.0,10.0,0.0,430.0,0.0,5e-05,20000000.0,47133520.0,12838480.0,23208880.0,6107600.0,0.7172413793103448,0.7368421052631579
1339,1339.0,1.0,290.0,80.0,210.0,19.19,95.0,27.0,68.0,21.48,2864392.0,802872.0,1837776.0,507936.0,7.0,0.0,51.0,10.0,0.0,3170.0,0.0,5e-05,20000000.0,28643920.0,8028720.0,18377760.0,5079360.0,0.7241379310344828,0.7157894736842105
1340,1340.0,1.0,320.0,80.0,240.0,26.19,171.0,49.0,122.0,25.58,1942144.0,485536.0,1567952.0,428088.0,4.0,0.0,51.0,10.0,0.0,2350.0,0.0,5e-05,20000000.0,19421440.0,4855360.0,15679520.0,4280880.0,0.75,0.7134502923976608
1341,1341.0,1.0,160.0,43.0,117.0,24.72,38.0,10.0,28.0,24.16,4146680.0,1123872.0,1337328.0,364048.0,14.0,0.0,51.0,10.0,0.0,4110.0,0.0,5e-05,20000000.0,41466800.0,11238720.0,13373280.0,3640480.0,0.73125,0.7368421052631579
1342,1342.0,1.0,320.0,94.0,226.0,24.76,304.0,80.0,224.0,27.0,426320.0,113104.0,1361920.0,358400.0,2.0,0.0,51.0,10.0,0.0,2990.0,0.0,5e-05,20000000.0,4263200.0,1131040.0,13619200.0,3584000.0,0.70625,0.7368421052631579
1343,1343.0,1.0,320.0,80.0,240.0,26.65,304.0,80.0,224.0,27.0,494080.0,123520.0,1361920.0,358400.0,2.0,0.0,51.0,10.0,0.0,450.0,0.0,5e-05,20000000.0,4940800.0,1235200.0,13619200.0,3584000.0,0.75,0.7368421052631579
1344,1344.0,1.0,160.0,43.0,117.0,21.0,38.0,10.0,28.0,14.37,3361960.0,853680.0,70832.0,18640.0,14.0,0.0,51.0,10.0,0.0,3000.0,0.0,5e-05,20000000.0,33619600.0,8536800.0,708320.0,186400.0,0.73125,0.7368421052631579
1345,1345.0,1.0,160.0,45.0,115.0,25.94,38.0,10.0,28.0,27.0,5079672.0,1350272.0,2258416.0,594320.0,14.0,0.0,51.0,10.0,0.0,620.0,0.0,5e-05,20000000.0,50796720.0,13502720.0,22584160.0,5943200.0,0.71875,0.7368421052631579
1346,1346.0,1.0,320.0,92.0,228.0,25.15,171.0,45.0,126.0,27.0,1740872.0,457208.0,1975848.0,519960.0,4.0,0.0,51.0,10.0,0.0,730.0,0.0,5e-05,20000000.0,17408720.0,4572080.0,19758480.0,5199600.0,0.7125,0.7368421052631579
1347,1347.0,1.0,290.0,78.0,212.0,26.49,95.0,25.0,70.0,27.0,4703272.0,1248136.0,2320888.0,610760.0,7.0,0.0,51.0,10.0,0.0,1870.0,0.0,5e-05,20000000.0,47032720.0,12481360.0,23208880.0,6107600.0,0.7310344827586207,0.7368421052631579
1348,1348.0,1.0,160.0,43.0,117.0,26.28,38.0,10.0,28.0,27.0,5157024.0,1327656.0,2258416.0,594320.0,14.0,0.0,51.0,10.0,0.0,540.0,0.0,5e-05,20000000.0,51570240.0,13276560.0,22584160.0,5943200.0,0.73125,0.7368421052631579
1349,1349.0,1.0,320.0,97.0,223.0,23.27,304.0,99.0,205.0,21.45,366824.0,97216.0,931864.0,256728.0,2.0,0.0,51.0,10.0,0.0,4630.0,0.0,5e-05,20000000.0,3668240.0,972160.0,9318640.0,2567280.0,0.696875,0.6743421052631579
1350,1350.0,1.0,290.0,86.0,204.0,25.56,95.0,29.0,66.0,25.58,4429352.0,1220360.0,2176432.0,601168.0,7.0,0.0,51.0,10.0,0.0,840.0,0.0,5e-05,20000000.0,44293520.0,12203600.0,21764320.0,6011680.0,0.7034482758620689,0.6947368421052632
1351,1351.0,1.0,320.0,102.0,218.0,22.3,304.0,102.0,202.0,21.18,383128.0,108848.0,927520.0,274512.0,2.0,0.0,51.0,10.0,0.0,4340.0,0.0,5e-05,20000000.0,3831280.0,1088480.0,9275200.0,2745120.0,0.68125,0.6644736842105263
1352,1352.0,1.0,320.0,91.0,229.0,21.91,171.0,54.0,117.0,16.54,1523880.0,390632.0,798880.0,206136.0,4.0,0.0,51.0,10.0,0.0,3750.0,0.0,5e-05,20000000.0,15238800.0,3906320.0,7988800.0,2061360.0,0.715625,0.6842105263157895
1353,1353.0,1.0,320.0,80.0,240.0,26.65,304.0,92.0,212.0,25.58,494080.0,123520.0,1257664.0,342656.0,2.0,0.0,51.0,10.0,0.0,1550.0,0.0,5e-05,20000000.0,4940800.0,1235200.0,12576640.0,3426560.0,0.75,0.6973684210526315
1354,1354.0,1.0,160.0,43.0,117.0,23.91,38.0,10.0,28.0,24.16,3346728.0,913896.0,1797872.0,479184.0,14.0,0.0,51.0,10.0,0.0,4190.0,0.0,5e-05,20000000.0,33467280.0,9138960.0,17978720.0,4791840.0,0.73125,0.7368421052631579
1355,1355.0,1.0,320.0,91.0,229.0,24.85,304.0,94.0,210.0,24.69,437576.0,114520.0,1092592.0,308176.0,2.0,0.0,51.0,10.0,0.0,3690.0,0.0,5e-05,20000000.0,4375760.0,1145200.0,10925920.0,3081760.0,0.715625,0.6907894736842105
1356,1356.0,1.0,320.0,80.0,240.0,26.56,171.0,45.0,126.0,27.0,1942144.0,485536.0,1975848.0,519960.0,4.0,0.0,51.0,10.0,0.0,280.0,0.0,5e-05,20000000.0,19421440.0,4855360.0,19758480.0,5199600.0,0.75,0.7368421052631579
1357,1357.0,1.0,320.0,103.0,217.0,21.61,304.0,126.0,178.0,18.76,379688.0,105640.0,888424.0,269088.0,2.0,0.0,51.0,10.0,0.0,3400.0,0.0,5e-05,20000000.0,3796880.0,1056400.0,8884240.0,2690880.0,0.678125,0.5855263157894737
1358,1358.0,1.0,320.0,80.0,240.0,26.6,304.0,80.0,224.0,25.63,487424.0,121856.0,1089536.0,290304.0,2.0,0.0,51.0,10.0,0.0,1100.0,0.0,5e-05,20000000.0,4874240.0,1218560.0,10895360.0,2903040.0,0.75,0.7368421052631579
1359,1359.0,1.0,160.0,43.0,117.0,20.5,38.0,10.0,28.0,18.58,2835504.0,776296.0,1337328.0,364048.0,14.0,0.0,51.0,10.0,0.0,4920.0,0.0,5e-05,20000000.0,28355040.0,7762960.0,13373280.0,3640480.0,0.73125,0.7368421052631579
1360,1360.0,1.0,320.0,80.0,240.0,26.56,171.0,48.0,123.0,24.85,1942144.0,485536.0,1582096.0,423608.0,4.0,0.0,51.0,10.0,0.0,2820.0,0.0,5e-05,20000000.0,19421440.0,4855360.0,15820960.0,4236080.0,0.75,0.7192982456140351
1361,1361.0,1.0,320.0,91.0,229.0,25.3,304.0,118.0,186.0,21.93,444232.0,116184.0,1075216.0,294064.0,2.0,0.0,51.0,10.0,0.0,1600.0,0.0,5e-05,20000000.0,4442320.0,1161840.0,10752160.0,2940640.0,0.715625,0.6118421052631579
1362,1362.0,1.0,320.0,95.0,225.0,23.3,171.0,57.0,114.0,24.16,1383544.0,369304.0,1504344.0,435704.0,4.0,0.0,51.0,10.0,0.0,3100.0,0.0,5e-05,20000000.0,13835440.0,3693040.0,15043440.0,4357040.0,0.703125,0.6666666666666666
1363,1363.0,1.0,320.0,103.0,217.0,21.92,304.0,115.0,189.0,17.26,392552.0,105640.0,692944.0,198088.0,2.0,0.0,51.0,10.0,0.0,3750.0,0.0,5e-05,20000000.0,3925520.0,1056400.0,6929440.0,1980880.0,0.678125,0.6217105263157895
1364,1364.0,1.0,320.0,91.0,229.0,22.92,171.0,49.0,122.0,25.58,1284584.0,340608.0,1568840.0,428088.0,4.0,0.0,51.0,10.0,0.0,3350.0,0.0,5e-05,20000000.0,12845840.0,3406080.0,15688400.0,4280880.0,0.715625,0.7134502923976608
1365,1365.0,1.0,320.0,80.0,240.0,26.56,171.0,45.0,126.0,27.0,1942144.0,485536.0,1975848.0,519960.0,4.0,0.0,51.0,10.0,0.0,1490.0,0.0,5e-05,20000000.0,19421440.0,4855360.0,19758480.0,5199600.0,0.75,0.7368421052631579
1366,1366.0,1.0,160.0,43.0,117.0,26.27,38.0,10.0,28.0,27.0,5041592.0,1347600.0,2258416.0,594320.0,14.0,0.0,51.0,10.0,0.0,2560.0,0.0,5e-05,20000000.0,50415920.0,13476000.0,22584160.0,5943200.0,0.73125,0.7368421052631579
1367,1367.0,1.0,320.0,80.0,240.0,26.56,171.0,45.0,126.0,27.0,1942144.0,485536.0,1975848.0,519960.0,4.0,0.0,51.0,10.0,0.0,350.0,0.0,5e-05,20000000.0,19421440.0,4855360.0,19758480.0,5199600.0,0.75,0.7368421052631579
1368,1368.0,1.0,160.0,43.0,117.0,22.09,38.0,10.0,28.0,24.16,3114224.0,836376.0,1337328.0,364048.0,14.0,0.0,51.0,10.0,0.0,4500.0,0.0,5e-05,20000000.0,31142240.0,8363760.0,13373280.0,3640480.0,0.73125,0.7368421052631579
1369,1369.0,1.0,320.0,80.0,240.0,26.6,304.0,109.0,195.0,23.9,487424.0,121856.0,1162096.0,344968.0,2.0,0.0,51.0,10.0,0.0,1120.0,0.0,5e-05,20000000.0,4874240.0,1218560.0,11620960.0,3449680.0,0.75,0.6414473684210527
1370,1370.0,1.0,290.0,80.0,210.0,26.08,95.0,25.0,70.0,27.0,4473672.0,1213752.0,2320888.0,610760.0,7.0,0.0,51.0,10.0,0.0,2280.0,0.0,5e-05,20000000.0,44736720.0,12137520.0,23208880.0,6107600.0,0.7241379310344828,0.7368421052631579
1371,1371.0,1.0,320.0,80.0,240.0,26.17,171.0,46.0,125.0,24.7,1942144.0,485536.0,1316376.0,350976.0,4.0,0.0,51.0,10.0,0.0,4350.0,0.0,5e-05,20000000.0,19421440.0,4855360.0,13163760.0,3509760.0,0.75,0.7309941520467836
1372,1372.0,1.0,290.0,79.0,211.0,26.49,95.0,25.0,70.0,27.0,4703272.0,1266064.0,2320888.0,610760.0,7.0,0.0,51.0,10.0,0.0,760.0,0.0,5e-05,20000000.0,47032720.0,12660640.0,23208880.0,6107600.0,0.7275862068965517,0.7368421052631579
1373,1373.0,1.0,290.0,81.0,209.0,25.06,95.0,25.0,70.0,27.0,4216872.0,1146080.0,2320888.0,610760.0,7.0,0.0,51.0,10.0,0.0,2150.0,0.0,5e-05,20000000.0,42168720.0,11460800.0,23208880.0,6107600.0,0.7206896551724138,0.7368421052631579
1374,1374.0,1.0,320.0,80.0,240.0,26.6,304.0,95.0,209.0,25.58,487424.0,121856.0,1279384.0,356096.0,2.0,0.0,51.0,10.0,0.0,590.0,0.0,5e-05,20000000.0,4874240.0,1218560.0,12793840.0,3560960.0,0.75,0.6875
1375,1375.0,1.0,290.0,78.0,212.0,26.64,95.0,25.0,70.0,27.0,4781832.0,1280616.0,2320888.0,610760.0,7.0,0.0,51.0,10.0,0.0,380.0,0.0,5e-05,20000000.0,47818320.0,12806160.0,23208880.0,6107600.0,0.7310344827586207,0.7368421052631579
1376,1376.0,1.0,320.0,87.0,233.0,24.35,171.0,55.0,116.0,22.5,1481456.0,376472.0,1145384.0,324048.0,4.0,0.0,51.0,10.0,0.0,3680.0,0.0,5e-05,20000000.0,14814560.0,3764720.0,11453840.0,3240480.0,0.728125,0.6783625730994152
1377,1377.0,1.0,320.0,80.0,240.0,26.6,304.0,80.0,224.0,27.0,487424.0,121856.0,1361920.0,358400.0,2.0,0.0,51.0,10.0,0.0,1160.0,0.0,5e-05,20000000.0,4874240.0,1218560.0,13619200.0,3584000.0,0.75,0.7368421052631579
1378,1378.0,1.0,290.0,78.0,212.0,26.59,95.0,25.0,70.0,27.0,4720392.0,1265256.0,2320888.0,610760.0,7.0,0.0,51.0,10.0,0.0,740.0,0.0,5e-05,20000000.0,47203920.0,12652560.0,23208880.0,6107600.0,0.7310344827586207,0.7368421052631579
1379,1379.0,1.0,320.0,92.0,228.0,25.25,304.0,80.0,224.0,27.0,442400.0,116192.0,1361920.0,358400.0,2.0,0.0,51.0,10.0,0.0,730.0,0.0,5e-05,20000000.0,4424000.0,1161920.0,13619200.0,3584000.0,0.7125,0.7368421052631579
1380,1380.0,1.0,320.0,92.0,228.0,24.96,304.0,80.0,224.0,27.0,449056.0,117856.0,1361920.0,358400.0,2.0,0.0,51.0,10.0,0.0,2220.0,0.0,5e-05,20000000.0,4490560.0,1178560.0,13619200.0,3584000.0,0.7125,0.7368421052631579
1381,1381.0,1.0,290.0,91.0,199.0,21.49,95.0,31.0,64.0,19.99,3326632.0,948720.0,1421592.0,420912.0,7.0,0.0,51.0,10.0,0.0,2360.0,0.0,5e-05,20000000.0,33266320.0,9487200.0,14215920.0,4209120.0,0.6862068965517242,0.6736842105263158
1382,1382.0,1.0,160.0,43.0,117.0,25.84,38.0,10.0,28.0,25.63,4733624.0,1270608.0,1806768.0,481408.0,14.0,0.0,51.0,10.0,0.0,1900.0,0.0,5e-05,20000000.0,47336240.0,12706080.0,18067680.0,4814080.0,0.73125,0.7368421052631579
1383,1383.0,1.0,290.0,78.0,212.0,23.06,95.0,26.0,69.0,22.74,3070312.0,797096.0,1547136.0,401568.0,7.0,0.0,51.0,10.0,0.0,3260.0,0.0,5e-05,20000000.0,30703120.0,7970960.0,15471360.0,4015680.0,0.7310344827586207,0.7263157894736842
1384,1384.0,1.0,320.0,97.0,223.0,23.71,171.0,53.0,118.0,24.17,1519792.0,408176.0,1588664.0,443368.0,4.0,0.0,51.0,10.0,0.0,2630.0,0.0,5e-05,20000000.0,15197920.0,4081760.0,15886640.0,4433680.0,0.696875,0.6900584795321637
1385,1385.0,1.0,320.0,104.0,216.0,19.52,304.0,117.0,187.0,15.73,362224.0,96112.0,727696.0,198360.0,2.0,0.0,51.0,10.0,0.0,4010.0,0.0,5e-05,20000000.0,3622240.0,961120.0,7276960.0,1983600.0,0.675,0.6151315789473685
1386,1386.0,1.0,160.0,44.0,116.0,23.57,38.0,10.0,28.0,24.26,3957952.0,1072648.0,1797872.0,479184.0,14.0,0.0,51.0,10.0,0.0,2310.0,0.0,5e-05,20000000.0,39579520.0,10726480.0,17978720.0,4791840.0,0.725,0.7368421052631579
1387,1387.0,1.0,320.0,80.0,240.0,26.65,304.0,80.0,224.0,27.0,494080.0,123520.0,1361920.0,358400.0,2.0,0.0,51.0,10.0,0.0,280.0,0.0,5e-05,20000000.0,4940800.0,1235200.0,13619200.0,3584000.0,0.75,0.7368421052631579
1388,1388.0,1.0,320.0,94.0,226.0,25.12,171.0,45.0,126.0,27.0,1742272.0,460552.0,1975848.0,519960.0,4.0,0.0,51.0,10.0,0.0,1070.0,0.0,5e-05,20000000.0,17422720.0,4605520.0,19758480.0,5199600.0,0.70625,0.7368421052631579
1389,1389.0,1.0,290.0,78.0,212.0,24.01,95.0,26.0,69.0,21.34,3669032.0,989576.0,1391360.0,388880.0,7.0,0.0,51.0,10.0,0.0,3920.0,0.0,5e-05,20000000.0,36690320.0,9895760.0,13913600.0,3888800.0,0.7310344827586207,0.7263157894736842
1390,1390.0,1.0,320.0,80.0,240.0,26.5,304.0,80.0,224.0,27.0,479744.0,119936.0,1361920.0,358400.0,2.0,0.0,51.0,10.0,0.0,1430.0,0.0,5e-05,20000000.0,4797440.0,1199360.0,13619200.0,3584000.0,0.75,0.7368421052631579
1391,1391.0,1.0,320.0,95.0,225.0,24.0,304.0,100.0,204.0,23.33,413680.0,110008.0,1058896.0,309256.0,2.0,0.0,51.0,10.0,0.0,3840.0,0.0,5e-05,20000000.0,4136800.0,1100080.0,10588960.0,3092560.0,0.703125,0.6710526315789473
1392,1392.0,1.0,320.0,80.0,240.0,25.4,171.0,54.0,117.0,21.99,1915904.0,478976.0,1264432.0,345448.0,4.0,0.0,51.0,10.0,0.0,2010.0,0.0,5e-05,20000000.0,19159040.0,4789760.0,12644320.0,3454480.0,0.75,0.6842105263157895
1393,1393.0,1.0,320.0,80.0,240.0,26.5,171.0,54.0,117.0,25.58,1915904.0,478976.0,1875152.0,523256.0,4.0,0.0,51.0,10.0,0.0,650.0,0.0,5e-05,20000000.0,19159040.0,4789760.0,18751520.0,5232560.0,0.75,0.6842105263157895
1394,1394.0,1.0,290.0,78.0,212.0,26.64,95.0,25.0,70.0,27.0,4781832.0,1280616.0,2320888.0,610760.0,7.0,0.0,51.0,10.0,0.0,2470.0,0.0,5e-05,20000000.0,47818320.0,12806160.0,23208880.0,6107600.0,0.7310344827586207,0.7368421052631579
1395,1395.0,1.0,320.0,80.0,240.0,26.6,304.0,80.0,224.0,27.0,487424.0,121856.0,1361920.0,358400.0,2.0,0.0,51.0,10.0,0.0,610.0,0.0,5e-05,20000000.0,4874240.0,1218560.0,13619200.0,3584000.0,0.75,0.7368421052631579
1396,1396.0,1.0,290.0,82.0,208.0,22.67,95.0,26.0,69.0,21.62,3385032.0,908968.0,1129192.0,297424.0,7.0,0.0,51.0,10.0,0.0,3070.0,0.0,5e-05,20000000.0,33850320.0,9089680.0,11291920.0,2974240.0,0.7172413793103448,0.7263157894736842
1397,1397.0,1.0,160.0,43.0,117.0,25.32,38.0,10.0,28.0,27.0,4529760.0,1209848.0,2258416.0,594320.0,14.0,0.0,51.0,10.0,0.0,3440.0,0.0,5e-05,20000000.0,45297600.0,12098480.0,22584160.0,5943200.0,0.73125,0.7368421052631579
1398,1398.0,1.0,290.0,78.0,212.0,26.18,95.0,25.0,70.0,27.0,4679112.0,1229256.0,2320888.0,610760.0,7.0,0.0,51.0,10.0,0.0,2290.0,0.0,5e-05,20000000.0,46791120.0,12292560.0,23208880.0,6107600.0,0.7310344827586207,0.7368421052631579
1399,1399.0,1.0,320.0,80.0,240.0,26.5,171.0,45.0,126.0,27.0,1915904.0,478976.0,1975848.0,519960.0,4.0,0.0,51.0,10.0,0.0,820.0,0.0,5e-05,20000000.0,19159040.0,4789760.0,19758480.0,5199600.0,0.75,0.7368421052631579
1400,1400.0,1.0,290.0,79.0,211.0,26.45,95.0,25.0,70.0,27.0,4747592.0,1264304.0,2320888.0,610760.0,7.0,0.0,51.0,10.0,0.0,310.0,0.0,5e-05,20000000.0,47475920.0,12643040.0,23208880.0,6107600.0,0.7275862068965517,0.7368421052631579
1401,1401.0,1.0,320.0,109.0,211.0,22.39,171.0,62.0,109.0,24.16,1475040.0,424104.0,1715944.0,503880.0,4.0,0.0,51.0,10.0,0.0,1170.0,0.0,5e-05,20000000.0,14750400.0,4241040.0,17159440.0,5038800.0,0.659375,0.6374269005847953
1402,1402.0,1.0,320.0,93.0,227.0,25.25,304.0,80.0,224.0,27.0,447224.0,117864.0,1361920.0,358400.0,2.0,0.0,51.0,10.0,0.0,1070.0,0.0,5e-05,20000000.0,4472240.0,1178640.0,13619200.0,3584000.0,0.709375,0.7368421052631579
1403,1403.0,1.0,320.0,97.0,223.0,23.47,304.0,88.0,216.0,25.16,385120.0,105408.0,1188160.0,324736.0,2.0,0.0,51.0,10.0,0.0,3960.0,0.0,5e-05,20000000.0,3851200.0,1054080.0,11881600.0,3247360.0,0.696875,0.7105263157894737
1404,1404.0,1.0,290.0,79.0,211.0,26.54,95.0,25.0,70.0,27.0,4764712.0,1281424.0,2320888.0,610760.0,7.0,0.0,51.0,10.0,0.0,360.0,0.0,5e-05,20000000.0,47647120.0,12814240.0,23208880.0,6107600.0,0.7275862068965517,0.7368421052631579
1405,1405.0,1.0,290.0,78.0,212.0,23.84,95.0,25.0,70.0,24.18,3213832.0,888616.0,1848216.0,492592.0,7.0,0.0,51.0,10.0,0.0,4190.0,0.0,5e-05,20000000.0,32138320.0,8886160.0,18482160.0,4925920.0,0.7310344827586207,0.7368421052631579
1406,1406.0,1.0,320.0,80.0,240.0,26.65,304.0,99.0,205.0,23.62,494080.0,123520.0,1131688.0,291480.0,2.0,0.0,51.0,10.0,0.0,2410.0,0.0,5e-05,20000000.0,4940800.0,1235200.0,11316880.0,2914800.0,0.75,0.6743421052631579
1407,1407.0,1.0,290.0,79.0,211.0,24.83,95.0,25.0,70.0,25.58,3909192.0,1054704.0,1848216.0,492592.0,7.0,0.0,51.0,10.0,0.0,3310.0,0.0,5e-05,20000000.0,39091920.0,10547040.0,18482160.0,4925920.0,0.7275862068965517,0.7368421052631579
1408,1408.0,1.0,320.0,80.0,240.0,26.3,304.0,87.0,217.0,24.84,494080.0,123520.0,1188160.0,320256.0,2.0,0.0,51.0,10.0,0.0,4350.0,0.0,5e-05,20000000.0,4940800.0,1235200.0,11881600.0,3202560.0,0.75,0.7138157894736842
1409,1409.0,1.0,320.0,94.0,226.0,25.15,171.0,45.0,126.0,27.0,1768352.0,467072.0,1975848.0,519960.0,4.0,0.0,51.0,10.0,0.0,830.0,0.0,5e-05,20000000.0,17683520.0,4670720.0,19758480.0,5199600.0,0.70625,0.7368421052631579
1410,1410.0,1.0,160.0,43.0,117.0,23.24,38.0,10.0,28.0,23.05,3555168.0,966200.0,1797872.0,479184.0,14.0,0.0,51.0,10.0,0.0,3320.0,0.0,5e-05,20000000.0,35551680.0,9662000.0,17978720.0,4791840.0,0.73125,0.7368421052631579
1411,1411.0,1.0,320.0,80.0,240.0,26.48,171.0,45.0,126.0,27.0,1915904.0,478976.0,1975848.0,519960.0,4.0,0.0,51.0,10.0,0.0,1780.0,0.0,5e-05,20000000.0,19159040.0,4789760.0,19758480.0,5199600.0,0.75,0.7368421052631579
1412,1412.0,1.0,290.0,79.0,211.0,24.95,95.0,25.0,70.0,27.0,4069832.0,1094864.0,2320888.0,610760.0,7.0,0.0,51.0,10.0,0.0,2990.0,0.0,5e-05,20000000.0,40698320.0,10948640.0,23208880.0,6107600.0,0.7275862068965517,0.7368421052631579
1413,1413.0,1.0,320.0,110.0,210.0,22.54,171.0,67.0,104.0,18.74,1471800.0,430496.0,1121096.0,337736.0,4.0,0.0,51.0,10.0,0.0,2600.0,0.0,5e-05,20000000.0,14718000.0,4304960.0,11210960.0,3377360.0,0.65625,0.6081871345029239
1414,1414.0,1.0,160.0,45.0,115.0,21.47,38.0,10.0,28.0,18.79,3743944.0,1035080.0,1337328.0,364048.0,14.0,0.0,51.0,10.0,0.0,2300.0,0.0,5e-05,20000000.0,37439440.0,10350800.0,13373280.0,3640480.0,0.71875,0.7368421052631579
1415,1415.0,1.0,160.0,44.0,116.0,26.26,38.0,11.0,27.0,25.58,5101200.0,1368448.0,1970576.0,538616.0,14.0,0.0,51.0,10.0,0.0,1060.0,0.0,5e-05,20000000.0,51012000.0,13684480.0,19705760.0,5386160.0,0.725,0.7105263157894737
1416,1416.0,1.0,320.0,95.0,225.0,22.02,171.0,53.0,118.0,23.37,1441192.0,369264.0,1213104.0,341672.0,4.0,0.0,51.0,10.0,0.0,3510.0,0.0,5e-05,20000000.0,14411920.0,3692640.0,12131040.0,3416720.0,0.703125,0.6900584795321637
1417,1417.0,1.0,160.0,44.0,116.0,25.26,38.0,10.0,28.0,27.0,4413520.0,1191728.0,2258416.0,594320.0,14.0,0.0,51.0,10.0,0.0,2430.0,0.0,5e-05,20000000.0,44135200.0,11917280.0,22584160.0,5943200.0,0.725,0.7368421052631579
1418,1418.0,1.0,320.0,80.0,240.0,24.84,171.0,45.0,126.0,27.0,1546624.0,386656.0,1975848.0,519960.0,4.0,0.0,51.0,10.0,0.0,3570.0,0.0,5e-05,20000000.0,15466240.0,3866560.0,19758480.0,5199600.0,0.75,0.7368421052631579
1419,1419.0,1.0,290.0,78.0,212.0,22.13,95.0,25.0,70.0,23.33,3309992.0,899816.0,1848216.0,492592.0,7.0,0.0,51.0,10.0,0.0,4540.0,0.0,5e-05,20000000.0,33099920.0,8998160.0,18482160.0,4925920.0,0.7310344827586207,0.7368421052631579
1420,1420.0,1.0,320.0,114.0,206.0,22.57,304.0,110.0,194.0,24.16,392912.0,117288.0,1196848.0,353792.0,2.0,0.0,51.0,10.0,0.0,1400.0,0.0,5e-05,20000000.0,3929120.0,1172880.0,11968480.0,3537920.0,0.64375,0.6381578947368421
1421,1421.0,1.0,320.0,102.0,218.0,22.67,304.0,105.0,199.0,19.56,368656.0,100808.0,801544.0,222792.0,2.0,0.0,51.0,10.0,0.0,4520.0,0.0,5e-05,20000000.0,3686560.0,1008080.0,8015440.0,2227920.0,0.68125,0.6546052631578947
1422,1422.0,1.0,320.0,92.0,228.0,25.21,171.0,45.0,126.0,27.0,1766248.0,463768.0,1975848.0,519960.0,4.0,0.0,51.0,10.0,0.0,1580.0,0.0,5e-05,20000000.0,17662480.0,4637680.0,19758480.0,5199600.0,0.7125,0.7368421052631579
1423,1423.0,1.0,290.0,78.0,212.0,21.96,95.0,26.0,69.0,20.18,3248072.0,888616.0,1496384.0,415136.0,7.0,0.0,51.0,10.0,0.0,4890.0,0.0,5e-05,20000000.0,32480720.0,8886160.0,14963840.0,4151360.0,0.7310344827586207,0.7263157894736842
1424,1424.0,1.0,320.0,93.0,227.0,21.77,171.0,53.0,118.0,22.23,1291408.0,334272.0,1138768.0,305696.0,4.0,0.0,51.0,10.0,0.0,4390.0,0.0,5e-05,20000000.0,12914080.0,3342720.0,11387680.0,3056960.0,0.709375,0.6900584795321637
1425,1425.0,1.0,320.0,97.0,223.0,19.93,171.0,52.0,119.0,21.54,1063848.0,270488.0,1178424.0,310608.0,4.0,0.0,51.0,10.0,0.0,4620.0,0.0,5e-05,20000000.0,10638480.0,2704880.0,11784240.0,3106080.0,0.696875,0.695906432748538
1426,1426.0,1.0,320.0,80.0,240.0,26.56,171.0,45.0,126.0,27.0,1942144.0,485536.0,1975848.0,519960.0,4.0,0.0,51.0,10.0,0.0,370.0,0.0,5e-05,20000000.0,19421440.0,4855360.0,19758480.0,5199600.0,0.75,0.7368421052631579
1427,1427.0,1.0,290.0,81.0,209.0,24.37,95.0,26.0,69.0,23.89,3788872.0,1009120.0,2025480.0,547752.0,7.0,0.0,51.0,10.0,0.0,2730.0,0.0,5e-05,20000000.0,37888720.0,10091200.0,20254800.0,5477520.0,0.7206896551724138,0.7263157894736842
1428,1428.0,1.0,320.0,103.0,217.0,24.03,171.0,53.0,118.0,25.58,1555024.0,424688.0,1848864.0,509680.0,4.0,0.0,51.0,10.0,0.0,970.0,0.0,5e-05,20000000.0,15550240.0,4246880.0,18488640.0,5096800.0,0.678125,0.6900584795321637
1429,1429.0,1.0,290.0,80.0,210.0,25.86,95.0,29.0,66.0,25.01,4542152.0,1230872.0,2158128.0,602928.0,7.0,0.0,51.0,10.0,0.0,1670.0,0.0,5e-05,20000000.0,45421520.0,12308720.0,21581280.0,6029280.0,0.7241379310344828,0.6947368421052632
1430,1430.0,1.0,320.0,89.0,231.0,25.19,171.0,56.0,115.0,23.32,1695688.0,439192.0,1406992.0,386448.0,4.0,0.0,51.0,10.0,0.0,2400.0,0.0,5e-05,20000000.0,16956880.0,4391920.0,14069920.0,3864480.0,0.721875,0.672514619883041
1431,1431.0,1.0,320.0,80.0,240.0,26.48,171.0,55.0,116.0,24.63,1915904.0,478976.0,1579456.0,448280.0,4.0,0.0,51.0,10.0,0.0,1950.0,0.0,5e-05,20000000.0,19159040.0,4789760.0,15794560.0,4482800.0,0.75,0.6783625730994152
1432,1432.0,1.0,290.0,81.0,209.0,25.66,95.0,35.0,60.0,23.37,4405192.0,1163200.0,2037776.0,607376.0,7.0,0.0,51.0,10.0,0.0,1500.0,0.0,5e-05,20000000.0,44051920.0,11632000.0,20377760.0,6073760.0,0.7206896551724138,0.631578947368421
1433,1433.0,1.0,320.0,80.0,240.0,26.6,304.0,108.0,196.0,22.93,487424.0,121856.0,1136032.0,292704.0,2.0,0.0,51.0,10.0,0.0,1800.0,0.0,5e-05,20000000.0,4874240.0,1218560.0,11360320.0,2927040.0,0.75,0.6447368421052632
1434,1434.0,1.0,320.0,104.0,216.0,23.31,304.0,99.0,205.0,24.2,384872.0,103784.0,1196848.0,334920.0,2.0,0.0,51.0,10.0,0.0,3330.0,0.0,5e-05,20000000.0,3848720.0,1037840.0,11968480.0,3349200.0,0.675,0.6743421052631579
1435,1435.0,1.0,320.0,80.0,240.0,26.5,171.0,53.0,118.0,21.49,1942144.0,485536.0,1100448.0,297896.0,4.0,0.0,51.0,10.0,0.0,3920.0,0.0,5e-05,20000000.0,19421440.0,4855360.0,11004480.0,2978960.0,0.75,0.6900584795321637
1436,1436.0,1.0,320.0,80.0,240.0,25.11,171.0,45.0,126.0,27.0,1484672.0,371168.0,1975848.0,519960.0,4.0,0.0,51.0,10.0,0.0,1190.0,0.0,5e-05,20000000.0,14846720.0,3711680.0,19758480.0,5199600.0,0.75,0.7368421052631579
1437,1437.0,1.0,290.0,79.0,211.0,21.37,95.0,25.0,70.0,18.94,3138312.0,802064.0,1493712.0,374424.0,7.0,0.0,51.0,10.0,0.0,3200.0,0.0,5e-05,20000000.0,31383120.0,8020640.0,14937120.0,3744240.0,0.7275862068965517,0.7368421052631579
1438,1438.0,1.0,320.0,97.0,223.0,22.02,171.0,53.0,118.0,23.65,1303256.0,361840.0,1276528.0,362912.0,4.0,0.0,51.0,10.0,0.0,3520.0,0.0,5e-05,20000000.0,13032560.0,3618400.0,12765280.0,3629120.0,0.696875,0.6900584795321637
1439,1439.0,1.0,160.0,43.0,117.0,24.46,38.0,10.0,28.0,25.58,3901616.0,1033224.0,1797872.0,479184.0,14.0,0.0,51.0,10.0,0.0,3950.0,0.0,5e-05,20000000.0,39016160.0,10332240.0,17978720.0,4791840.0,0.73125,0.7368421052631579
1440,1440.0,1.0,290.0,79.0,211.0,25.82,95.0,26.0,69.0,25.58,4336712.0,1161584.0,2023328.0,546872.0,7.0,0.0,51.0,10.0,0.0,2770.0,0.0,5e-05,20000000.0,43367120.0,11615840.0,20233280.0,5468720.0,0.7275862068965517,0.7263157894736842
1441,1441.0,1.0,160.0,43.0,117.0,26.56,38.0,10.0,28.0,27.0,5355000.0,1425952.0,2258416.0,594320.0,14.0,0.0,51.0,10.0,0.0,190.0,0.0,5e-05,20000000.0,53550000.0,14259520.0,22584160.0,5943200.0,0.73125,0.7368421052631579
1442,1442.0,1.0,160.0,44.0,116.0,23.98,38.0,10.0,28.0,25.58,3864056.0,1054168.0,1797872.0,479184.0,14.0,0.0,51.0,10.0,0.0,1880.0,0.0,5e-05,20000000.0,38640560.0,10541680.0,17978720.0,4791840.0,0.725,0.7368421052631579
1443,1443.0,1.0,290.0,83.0,207.0,24.87,95.0,25.0,70.0,27.0,4172552.0,1115216.0,2320888.0,610760.0,7.0,0.0,51.0,10.0,0.0,1760.0,0.0,5e-05,20000000.0,41725520.0,11152160.0,23208880.0,6107600.0,0.7137931034482758,0.7368421052631579
1444,1444.0,1.0,320.0,80.0,240.0,26.65,304.0,80.0,224.0,27.0,494080.0,123520.0,1361920.0,358400.0,2.0,0.0,51.0,10.0,0.0,270.0,0.0,5e-05,20000000.0,4940800.0,1235200.0,13619200.0,3584000.0,0.75,0.7368421052631579
1445,1445.0,1.0,160.0,44.0,116.0,25.81,38.0,10.0,28.0,27.0,4568280.0,1230224.0,2258416.0,594320.0,14.0,0.0,51.0,10.0,0.0,2190.0,0.0,5e-05,20000000.0,45682800.0,12302240.0,22584160.0,5943200.0,0.725,0.7368421052631579
1446,1446.0,1.0,160.0,43.0,117.0,25.52,38.0,12.0,26.0,24.32,4805928.0,1269096.0,1913008.0,540480.0,14.0,0.0,51.0,10.0,0.0,600.0,0.0,5e-05,20000000.0,48059280.0,12690960.0,19130080.0,5404800.0,0.73125,0.6842105263157895
1447,1447.0,1.0,320.0,88.0,232.0,23.72,171.0,45.0,126.0,27.0,1344880.0,350376.0,1975848.0,519960.0,4.0,0.0,51.0,10.0,0.0,4270.0,0.0,5e-05,20000000.0,13448800.0,3503760.0,19758480.0,5199600.0,0.725,0.7368421052631579
1448,1448.0,1.0,320.0,80.0,240.0,26.65,304.0,80.0,224.0,27.0,494080.0,123520.0,1361920.0,358400.0,2.0,0.0,51.0,10.0,0.0,1470.0,0.0,5e-05,20000000.0,4940800.0,1235200.0,13619200.0,3584000.0,0.75,0.7368421052631579
1449,1449.0,1.0,160.0,44.0,116.0,24.33,38.0,10.0,28.0,24.16,4377448.0,1192504.0,1797872.0,479184.0,14.0,0.0,51.0,10.0,0.0,2630.0,0.0,5e-05,20000000.0,43774480.0,11925040.0,17978720.0,4791840.0,0.725,0.7368421052631579
1450,1450.0,1.0,160.0,43.0,117.0,26.61,38.0,10.0,28.0,27.0,5235144.0,1386000.0,2258416.0,594320.0,14.0,0.0,51.0,10.0,0.0,320.0,0.0,5e-05,20000000.0,52351440.0,13860000.0,22584160.0,5943200.0,0.73125,0.7368421052631579
1451,1451.0,1.0,290.0,78.0,212.0,26.59,95.0,25.0,70.0,27.0,4720392.0,1265256.0,2320888.0,610760.0,7.0,0.0,51.0,10.0,0.0,150.0,0.0,5e-05,20000000.0,47203920.0,12652560.0,23208880.0,6107600.0,0.7310344827586207,0.7368421052631579
1452,1452.0,1.0,320.0,80.0,240.0,26.65,304.0,80.0,224.0,27.0,494080.0,123520.0,1361920.0,358400.0,2.0,0.0,51.0,10.0,0.0,310.0,0.0,5e-05,20000000.0,4940800.0,1235200.0,13619200.0,3584000.0,0.75,0.7368421052631579
1453,1453.0,1.0,320.0,80.0,240.0,26.65,304.0,80.0,224.0,27.0,494080.0,123520.0,1361920.0,358400.0,2.0,0.0,51.0,10.0,0.0,540.0,0.0,5e-05,20000000.0,4940800.0,1235200.0,13619200.0,3584000.0,0.75,0.7368421052631579
1454,1454.0,1.0,290.0,78.0,212.0,22.29,95.0,25.0,70.0,25.29,3258152.0,886856.0,1848216.0,492592.0,7.0,0.0,51.0,10.0,0.0,4740.0,0.0,5e-05,20000000.0,32581520.0,8868560.0,18482160.0,4925920.0,0.7310344827586207,0.7368421052631579
1455,1455.0,1.0,160.0,44.0,116.0,23.61,38.0,10.0,28.0,22.74,3604696.0,954928.0,991920.0,248912.0,14.0,0.0,51.0,10.0,0.0,2420.0,0.0,5e-05,20000000.0,36046960.0,9549280.0,9919200.0,2489120.0,0.725,0.7368421052631579
1456,1456.0,1.0,320.0,80.0,240.0,26.65,304.0,80.0,224.0,27.0,494080.0,123520.0,1361920.0,358400.0,2.0,0.0,51.0,10.0,0.0,380.0,0.0,5e-05,20000000.0,4940800.0,1235200.0,13619200.0,3584000.0,0.75,0.7368421052631579
1457,1457.0,1.0,320.0,96.0,224.0,24.81,304.0,80.0,224.0,27.0,449056.0,119720.0,1361920.0,358400.0,2.0,0.0,51.0,10.0,0.0,1640.0,0.0,5e-05,20000000.0,4490560.0,1197200.0,13619200.0,3584000.0,0.7,0.7368421052631579
1458,1458.0,1.0,320.0,80.0,240.0,26.48,171.0,45.0,126.0,27.0,1915904.0,478976.0,1975848.0,519960.0,4.0,0.0,51.0,10.0,0.0,990.0,0.0,5e-05,20000000.0,19159040.0,4789760.0,19758480.0,5199600.0,0.75,0.7368421052631579
1459,1459.0,1.0,320.0,90.0,230.0,25.3,304.0,80.0,224.0,27.0,439408.0,114512.0,1361920.0,358400.0,2.0,0.0,51.0,10.0,0.0,2660.0,0.0,5e-05,20000000.0,4394080.0,1145120.0,13619200.0,3584000.0,0.71875,0.7368421052631579
1460,1460.0,1.0,160.0,43.0,117.0,23.39,38.0,10.0,28.0,27.0,3466192.0,933968.0,2258416.0,594320.0,14.0,0.0,51.0,10.0,0.0,2980.0,0.0,5e-05,20000000.0,34661920.0,9339680.0,22584160.0,5943200.0,0.73125,0.7368421052631579
1461,1461.0,1.0,320.0,96.0,224.0,23.9,304.0,89.0,215.0,25.58,405416.0,110016.0,1201192.0,329216.0,2.0,0.0,51.0,10.0,0.0,3820.0,0.0,5e-05,20000000.0,4054160.0,1100160.0,12011920.0,3292160.0,0.7,0.7072368421052632
1462,1462.0,1.0,290.0,78.0,212.0,24.78,95.0,25.0,70.0,24.16,3669032.0,989576.0,1375544.0,374424.0,7.0,0.0,51.0,10.0,0.0,4470.0,0.0,5e-05,20000000.0,36690320.0,9895760.0,13755440.0,3744240.0,0.7310344827586207,0.7368421052631579
1463,1463.0,1.0,160.0,44.0,116.0,25.46,38.0,11.0,27.0,24.16,4648184.0,1250200.0,1510032.0,423480.0,14.0,0.0,51.0,10.0,0.0,1670.0,0.0,5e-05,20000000.0,46481840.0,12502000.0,15100320.0,4234800.0,0.725,0.7105263157894737
1464,1464.0,1.0,320.0,80.0,240.0,26.65,304.0,80.0,224.0,27.0,494080.0,123520.0,1361920.0,358400.0,2.0,0.0,51.0,10.0,0.0,390.0,0.0,5e-05,20000000.0,4940800.0,1235200.0,13619200.0,3584000.0,0.75,0.7368421052631579
1465,1465.0,1.0,320.0,100.0,220.0,21.99,304.0,87.0,217.0,24.78,368656.0,99072.0,1214224.0,320256.0,2.0,0.0,51.0,10.0,0.0,4850.0,0.0,5e-05,20000000.0,3686560.0,990720.0,12142240.0,3202560.0,0.6875,0.7138157894736842
1466,1466.0,1.0,160.0,44.0,116.0,24.65,38.0,10.0,28.0,24.16,3954080.0,1071680.0,1797872.0,479184.0,14.0,0.0,51.0,10.0,0.0,2200.0,0.0,5e-05,20000000.0,39540800.0,10716800.0,17978720.0,4791840.0,0.725,0.7368421052631579
1467,1467.0,1.0,320.0,96.0,224.0,20.95,171.0,54.0,117.0,20.26,1165640.0,319400.0,845296.0,258304.0,4.0,0.0,51.0,10.0,0.0,4430.0,0.0,5e-05,20000000.0,11656400.0,3194000.0,8452960.0,2583040.0,0.7,0.6842105263157895
1468,1468.0,1.0,160.0,43.0,117.0,25.51,38.0,10.0,28.0,27.0,4605424.0,1189152.0,2258416.0,594320.0,14.0,0.0,51.0,10.0,0.0,4280.0,0.0,5e-05,20000000.0,46054240.0,11891520.0,22584160.0,5943200.0,0.73125,0.7368421052631579
1469,1469.0,1.0,320.0,105.0,215.0,22.28,304.0,95.0,209.0,23.66,365440.0,96176.0,1075216.0,282248.0,2.0,0.0,51.0,10.0,0.0,3220.0,0.0,5e-05,20000000.0,3654400.0,961760.0,10752160.0,2822480.0,0.671875,0.6875
1470,1470.0,1.0,290.0,78.0,212.0,23.92,95.0,25.0,70.0,25.58,3635272.0,985416.0,1848216.0,492592.0,7.0,0.0,51.0,10.0,0.0,3350.0,0.0,5e-05,20000000.0,36352720.0,9854160.0,18482160.0,4925920.0,0.7310344827586207,0.7368421052631579
1471,1471.0,1.0,160.0,43.0,117.0,24.41,38.0,10.0,28.0,24.16,4177784.0,1131648.0,1797872.0,479184.0,14.0,0.0,51.0,10.0,0.0,2730.0,0.0,5e-05,20000000.0,41777840.0,11316480.0,17978720.0,4791840.0,0.73125,0.7368421052631579
1472,1472.0,1.0,320.0,80.0,240.0,26.56,171.0,45.0,126.0,27.0,1942144.0,485536.0,1975848.0,519960.0,4.0,0.0,51.0,10.0,0.0,440.0,0.0,5e-05,20000000.0,19421440.0,4855360.0,19758480.0,5199600.0,0.75,0.7368421052631579
1473,1473.0,1.0,320.0,80.0,240.0,25.95,304.0,103.0,201.0,22.74,494080.0,123520.0,1031776.0,274648.0,2.0,0.0,51.0,10.0,0.0,2380.0,0.0,5e-05,20000000.0,4940800.0,1235200.0,10317760.0,2746480.0,0.75,0.6611842105263158
1474,1474.0,1.0,320.0,80.0,240.0,26.41,171.0,45.0,126.0,27.0,1880192.0,470048.0,1975848.0,519960.0,4.0,0.0,51.0,10.0,0.0,1330.0,0.0,5e-05,20000000.0,18801920.0,4700480.0,19758480.0,5199600.0,0.75,0.7368421052631579
1475,1475.0,1.0,320.0,80.0,240.0,26.42,171.0,51.0,120.0,25.58,1915904.0,478976.0,1693184.0,464336.0,4.0,0.0,51.0,10.0,0.0,1890.0,0.0,5e-05,20000000.0,19159040.0,4789760.0,16931840.0,4643360.0,0.75,0.7017543859649122
1476,1476.0,1.0,320.0,80.0,240.0,26.41,171.0,45.0,126.0,27.0,1880192.0,470048.0,1975848.0,519960.0,4.0,0.0,51.0,10.0,0.0,1450.0,0.0,5e-05,20000000.0,18801920.0,4700480.0,19758480.0,5199600.0,0.75,0.7368421052631579
1477,1477.0,1.0,320.0,116.0,204.0,18.27,304.0,111.0,193.0,18.61,293216.0,78824.0,866704.0,232296.0,2.0,0.0,51.0,10.0,0.0,4120.0,0.0,5e-05,20000000.0,2932160.0,788240.0,8667040.0,2322960.0,0.6375,0.6348684210526315
1478,1478.0,1.0,290.0,85.0,205.0,25.74,95.0,28.0,67.0,25.58,4439912.0,1230752.0,2125224.0,587592.0,7.0,0.0,51.0,10.0,0.0,1210.0,0.0,5e-05,20000000.0,44399120.0,12307520.0,21252240.0,5875920.0,0.7068965517241379,0.7052631578947368
1479,1479.0,1.0,290.0,78.0,212.0,24.58,95.0,25.0,70.0,27.0,3830152.0,1008456.0,2320888.0,610760.0,7.0,0.0,51.0,10.0,0.0,4270.0,0.0,5e-05,20000000.0,38301520.0,10084560.0,23208880.0,6107600.0,0.7310344827586207,0.7368421052631579
1480,1480.0,1.0,290.0,83.0,207.0,25.26,95.0,29.0,66.0,24.28,4617672.0,1252176.0,2051736.0,576672.0,7.0,0.0,51.0,10.0,0.0,1010.0,0.0,5e-05,20000000.0,46176720.0,12521760.0,20517360.0,5766720.0,0.7137931034482758,0.6947368421052632
1481,1481.0,1.0,320.0,80.0,240.0,26.48,171.0,45.0,126.0,27.0,1915904.0,478976.0,1975848.0,519960.0,4.0,0.0,51.0,10.0,0.0,930.0,0.0,5e-05,20000000.0,19159040.0,4789760.0,19758480.0,5199600.0,0.75,0.7368421052631579
1482,1482.0,1.0,320.0,80.0,240.0,26.6,304.0,80.0,224.0,25.63,487424.0,121856.0,1089536.0,290304.0,2.0,0.0,51.0,10.0,0.0,1900.0,0.0,5e-05,20000000.0,4874240.0,1218560.0,10895360.0,2903040.0,0.75,0.7368421052631579
1483,1483.0,1.0,290.0,79.0,211.0,26.54,95.0,25.0,70.0,27.0,4764712.0,1281424.0,2320888.0,610760.0,7.0,0.0,51.0,10.0,0.0,520.0,0.0,5e-05,20000000.0,47647120.0,12814240.0,23208880.0,6107600.0,0.7275862068965517,0.7368421052631579
1484,1484.0,1.0,160.0,43.0,117.0,26.5,38.0,10.0,28.0,27.0,5277976.0,1406696.0,2258416.0,594320.0,14.0,0.0,51.0,10.0,0.0,140.0,0.0,5e-05,20000000.0,52779760.0,14066960.0,22584160.0,5943200.0,0.73125,0.7368421052631579
1485,1485.0,1.0,160.0,46.0,114.0,24.88,38.0,10.0,28.0,25.58,4335944.0,1195328.0,1797872.0,479184.0,14.0,0.0,51.0,10.0,0.0,1460.0,0.0,5e-05,20000000.0,43359440.0,11953280.0,17978720.0,4791840.0,0.7125,0.7368421052631579
1486,1486.0,1.0,320.0,103.0,217.0,23.02,304.0,95.0,209.0,23.64,404032.0,110520.0,1153408.0,321344.0,2.0,0.0,51.0,10.0,0.0,3130.0,0.0,5e-05,20000000.0,4040320.0,1105200.0,11534080.0,3213440.0,0.678125,0.6875
1487,1487.0,1.0,320.0,91.0,229.0,22.87,304.0,94.0,210.0,22.19,379912.0,100104.0,997024.0,269080.0,2.0,0.0,51.0,10.0,0.0,4740.0,0.0,5e-05,20000000.0,3799120.0,1001040.0,9970240.0,2690800.0,0.715625,0.6907894736842105
1488,1488.0,1.0,160.0,43.0,117.0,21.42,38.0,10.0,28.0,24.16,3173472.0,836376.0,1452464.0,364048.0,14.0,0.0,51.0,10.0,0.0,3650.0,0.0,5e-05,20000000.0,31734720.0,8363760.0,14524640.0,3640480.0,0.73125,0.7368421052631579
1489,1489.0,1.0,160.0,43.0,117.0,22.42,38.0,10.0,28.0,27.0,3622896.0,973144.0,2258416.0,594320.0,14.0,0.0,51.0,10.0,0.0,4150.0,0.0,5e-05,20000000.0,36228960.0,9731440.0,22584160.0,5943200.0,0.73125,0.7368421052631579
1490,1490.0,1.0,320.0,90.0,230.0,19.96,171.0,57.0,114.0,15.98,1139280.0,295336.0,942720.0,263352.0,4.0,0.0,51.0,10.0,0.0,4600.0,0.0,5e-05,20000000.0,11392800.0,2953360.0,9427200.0,2633520.0,0.71875,0.6666666666666666
1491,1491.0,1.0,160.0,43.0,117.0,26.61,38.0,10.0,28.0,27.0,5235144.0,1386000.0,2258416.0,594320.0,14.0,0.0,51.0,10.0,0.0,470.0,0.0,5e-05,20000000.0,52351440.0,13860000.0,22584160.0,5943200.0,0.73125,0.7368421052631579
1492,1492.0,1.0,320.0,117.0,203.0,22.47,304.0,129.0,175.0,18.49,399208.0,117848.0,892768.0,269496.0,2.0,0.0,51.0,10.0,0.0,3200.0,0.0,5e-05,20000000.0,3992080.0,1178480.0,8927680.0,2694960.0,0.634375,0.5756578947368421
1493,1493.0,1.0,160.0,43.0,117.0,26.35,38.0,10.0,28.0,27.0,5315824.0,1386776.0,2258416.0,594320.0,14.0,0.0,51.0,10.0,0.0,1540.0,0.0,5e-05,20000000.0,53158240.0,13867760.0,22584160.0,5943200.0,0.73125,0.7368421052631579
1494,1494.0,1.0,320.0,97.0,223.0,20.08,171.0,51.0,120.0,22.02,1110472.0,294336.0,1271320.0,323616.0,4.0,0.0,51.0,10.0,0.0,4490.0,0.0,5e-05,20000000.0,11104720.0,2943360.0,12713200.0,3236160.0,0.696875,0.7017543859649122
1495,1495.0,1.0,160.0,43.0,117.0,26.27,38.0,10.0,28.0,25.63,4923944.0,1308200.0,1806768.0,481408.0,14.0,0.0,51.0,10.0,0.0,900.0,0.0,5e-05,20000000.0,49239440.0,13082000.0,18067680.0,4814080.0,0.73125,0.7368421052631579
1496,1496.0,1.0,320.0,94.0,226.0,24.11,304.0,104.0,200.0,23.77,426320.0,113104.0,1153408.0,339944.0,2.0,0.0,51.0,10.0,0.0,3010.0,0.0,5e-05,20000000.0,4263200.0,1131040.0,11534080.0,3399440.0,0.70625,0.6578947368421053
1497,1497.0,1.0,160.0,43.0,117.0,26.06,38.0,10.0,28.0,27.0,5000480.0,1327528.0,2258416.0,594320.0,14.0,0.0,51.0,10.0,0.0,1720.0,0.0,5e-05,20000000.0,50004800.0,13275280.0,22584160.0,5943200.0,0.73125,0.7368421052631579
1498,1498.0,1.0,320.0,88.0,232.0,23.55,171.0,51.0,120.0,19.71,1639744.0,437520.0,932416.0,256008.0,4.0,0.0,51.0,10.0,0.0,4020.0,0.0,5e-05,20000000.0,16397440.0,4375200.0,9324160.0,2560080.0,0.725,0.7017543859649122
1499,1499.0,1.0,160.0,43.0,117.0,26.5,38.0,10.0,28.0,27.0,5078216.0,1346768.0,2258416.0,594320.0,14.0,0.0,51.0,10.0,0.0,660.0,0.0,5e-05,20000000.0,50782160.0,13467680.0,22584160.0,5943200.0,0.73125,0.7368421052631579
1500,1500.0,1.0,320.0,80.0,240.0,26.65,304.0,94.0,210.0,25.58,494080.0,123520.0,1275040.0,351616.0,2.0,0.0,51.0,10.0,0.0,2230.0,0.0,5e-05,20000000.0,4940800.0,1235200.0,12750400.0,3516160.0,0.75,0.6907894736842105
1501,1501.0,1.0,160.0,43.0,117.0,26.45,38.0,10.0,28.0,27.0,5078216.0,1346768.0,2258416.0,594320.0,14.0,0.0,51.0,10.0,0.0,770.0,0.0,5e-05,20000000.0,50782160.0,13467680.0,22584160.0,5943200.0,0.73125,0.7368421052631579
1502,1502.0,1.0,320.0,101.0,219.0,23.92,171.0,53.0,118.0,24.95,1513840.0,413544.0,1637376.0,456808.0,4.0,0.0,51.0,10.0,0.0,2130.0,0.0,5e-05,20000000.0,15138400.0,4135440.0,16373760.0,4568080.0,0.684375,0.6900584795321637
1503,1503.0,1.0,320.0,80.0,240.0,26.48,171.0,45.0,126.0,27.0,1915904.0,478976.0,1975848.0,519960.0,4.0,0.0,51.0,10.0,0.0,1990.0,0.0,5e-05,20000000.0,19159040.0,4789760.0,19758480.0,5199600.0,0.75,0.7368421052631579
1504,1504.0,1.0,290.0,78.0,212.0,23.53,95.0,26.0,69.0,25.58,3532072.0,955336.0,2023328.0,546872.0,7.0,0.0,51.0,10.0,0.0,3890.0,0.0,5e-05,20000000.0,35320720.0,9553360.0,20233280.0,5468720.0,0.7310344827586207,0.7263157894736842
1505,1505.0,1.0,320.0,91.0,229.0,20.63,171.0,46.0,125.0,25.26,1158256.0,292800.0,1681856.0,423744.0,4.0,0.0,51.0,10.0,0.0,4850.0,0.0,5e-05,20000000.0,11582560.0,2928000.0,16818560.0,4237440.0,0.715625,0.7309941520467836
1506,1506.0,1.0,290.0,78.0,212.0,26.4,95.0,25.0,70.0,27.0,4703272.0,1248136.0,2320888.0,610760.0,7.0,0.0,51.0,10.0,0.0,580.0,0.0,5e-05,20000000.0,47032720.0,12481360.0,23208880.0,6107600.0,0.7310344827586207,0.7368421052631579
1507,1507.0,1.0,320.0,80.0,240.0,26.5,304.0,80.0,224.0,27.0,479744.0,119936.0,1361920.0,358400.0,2.0,0.0,51.0,10.0,0.0,1220.0,0.0,5e-05,20000000.0,4797440.0,1199360.0,13619200.0,3584000.0,0.75,0.7368421052631579
1508,1508.0,1.0,160.0,43.0,117.0,26.33,38.0,10.0,28.0,27.0,5051600.0,1320720.0,2258416.0,594320.0,14.0,0.0,51.0,10.0,0.0,1330.0,0.0,5e-05,20000000.0,50516000.0,13207200.0,22584160.0,5943200.0,0.73125,0.7368421052631579
1509,1509.0,1.0,320.0,80.0,240.0,26.56,171.0,45.0,126.0,27.0,1942144.0,485536.0,1975848.0,519960.0,4.0,0.0,51.0,10.0,0.0,1470.0,0.0,5e-05,20000000.0,19421440.0,4855360.0,19758480.0,5199600.0,0.75,0.7368421052631579
1510,1510.0,1.0,160.0,43.0,117.0,25.11,38.0,10.0,28.0,24.16,4765424.0,1249176.0,1337328.0,364048.0,14.0,0.0,51.0,10.0,0.0,2700.0,0.0,5e-05,20000000.0,47654240.0,12491760.0,13373280.0,3640480.0,0.73125,0.7368421052631579
1511,1511.0,1.0,290.0,78.0,212.0,26.49,95.0,25.0,70.0,27.0,4651912.0,1248136.0,2320888.0,610760.0,7.0,0.0,51.0,10.0,0.0,640.0,0.0,5e-05,20000000.0,46519120.0,12481360.0,23208880.0,6107600.0,0.7310344827586207,0.7368421052631579
1512,1512.0,1.0,290.0,78.0,212.0,26.59,95.0,25.0,70.0,27.0,4720392.0,1265256.0,2320888.0,610760.0,7.0,0.0,51.0,10.0,0.0,570.0,0.0,5e-05,20000000.0,47203920.0,12652560.0,23208880.0,6107600.0,0.7310344827586207,0.7368421052631579
1513,1513.0,1.0,320.0,80.0,240.0,26.65,304.0,98.0,206.0,19.74,494080.0,123520.0,866704.0,221840.0,2.0,0.0,51.0,10.0,0.0,4530.0,0.0,5e-05,20000000.0,4940800.0,1235200.0,8667040.0,2218400.0,0.75,0.6776315789473685
1514,1514.0,1.0,320.0,80.0,240.0,26.65,304.0,94.0,210.0,25.05,494080.0,123520.0,1170784.0,325552.0,2.0,0.0,51.0,10.0,0.0,2650.0,0.0,5e-05,20000000.0,4940800.0,1235200.0,11707840.0,3255520.0,0.75,0.6907894736842105
1515,1515.0,1.0,160.0,44.0,116.0,25.99,38.0,11.0,27.0,25.58,4717344.0,1262496.0,1970576.0,538616.0,14.0,0.0,51.0,10.0,0.0,1180.0,0.0,5e-05,20000000.0,47173440.0,12624960.0,19705760.0,5386160.0,0.725,0.7105263157894737
1516,1516.0,1.0,320.0,88.0,232.0,25.25,304.0,94.0,210.0,21.03,423104.0,109504.0,940552.0,264736.0,2.0,0.0,51.0,10.0,0.0,4890.0,0.0,5e-05,20000000.0,4231040.0,1095040.0,9405520.0,2647360.0,0.725,0.6907894736842105
1517,1517.0,1.0,320.0,80.0,240.0,26.6,304.0,80.0,224.0,27.0,487424.0,121856.0,1361920.0,358400.0,2.0,0.0,51.0,10.0,0.0,1780.0,0.0,5e-05,20000000.0,4874240.0,1218560.0,13619200.0,3584000.0,0.75,0.7368421052631579
1518,1518.0,1.0,160.0,44.0,116.0,25.51,38.0,11.0,27.0,24.87,4882080.0,1289280.0,1740304.0,481048.0,14.0,0.0,51.0,10.0,0.0,1510.0,0.0,5e-05,20000000.0,48820800.0,12892800.0,17403040.0,4810480.0,0.725,0.7105263157894737
1519,1519.0,1.0,320.0,92.0,228.0,23.78,171.0,57.0,114.0,23.4,1545128.0,408272.0,1434144.0,421264.0,4.0,0.0,51.0,10.0,0.0,3010.0,0.0,5e-05,20000000.0,15451280.0,4082720.0,14341440.0,4212640.0,0.7125,0.6666666666666666
1520,1520.0,1.0,320.0,80.0,240.0,26.3,304.0,94.0,210.0,25.05,494080.0,123520.0,1240288.0,342928.0,2.0,0.0,51.0,10.0,0.0,1710.0,0.0,5e-05,20000000.0,4940800.0,1235200.0,12402880.0,3429280.0,0.75,0.6907894736842105
1521,1521.0,1.0,290.0,78.0,212.0,20.62,95.0,26.0,69.0,17.89,3155432.0,801256.0,1078048.0,271168.0,7.0,0.0,51.0,10.0,0.0,4780.0,0.0,5e-05,20000000.0,31554320.0,8012560.0,10780480.0,2711680.0,0.7310344827586207,0.7263157894736842
1522,1522.0,1.0,320.0,100.0,220.0,22.68,304.0,88.0,216.0,25.03,376472.0,102232.0,1188160.0,324736.0,2.0,0.0,51.0,10.0,0.0,3770.0,0.0,5e-05,20000000.0,3764720.0,1022320.0,11881600.0,3247360.0,0.6875,0.7105263157894737
1523,1523.0,1.0,290.0,87.0,203.0,24.72,95.0,26.0,69.0,25.58,3967112.0,1084208.0,2018896.0,519736.0,7.0,0.0,51.0,10.0,0.0,1940.0,0.0,5e-05,20000000.0,39671120.0,10842080.0,20188960.0,5197360.0,0.7,0.7263157894736842
1524,1524.0,1.0,160.0,43.0,117.0,23.24,38.0,10.0,28.0,24.16,3567168.0,934800.0,1452464.0,364048.0,14.0,0.0,51.0,10.0,0.0,3880.0,0.0,5e-05,20000000.0,35671680.0,9348000.0,14524640.0,3640480.0,0.73125,0.7368421052631579
1525,1525.0,1.0,320.0,80.0,240.0,26.5,304.0,94.0,210.0,25.24,479744.0,119936.0,1257664.0,347272.0,2.0,0.0,51.0,10.0,0.0,1420.0,0.0,5e-05,20000000.0,4797440.0,1199360.0,12576640.0,3472720.0,0.75,0.6907894736842105
1526,1526.0,1.0,290.0,86.0,204.0,25.38,95.0,25.0,70.0,27.0,4343752.0,1186120.0,2320888.0,610760.0,7.0,0.0,51.0,10.0,0.0,790.0,0.0,5e-05,20000000.0,43437520.0,11861200.0,23208880.0,6107600.0,0.7034482758620689,0.7368421052631579
1527,1527.0,1.0,320.0,98.0,222.0,22.2,304.0,99.0,205.0,23.56,362224.0,100552.0,1114312.0,321888.0,2.0,0.0,51.0,10.0,0.0,4970.0,0.0,5e-05,20000000.0,3622240.0,1005520.0,11143120.0,3218880.0,0.69375,0.6743421052631579
1528,1528.0,1.0,320.0,111.0,209.0,20.11,304.0,95.0,209.0,21.85,322168.0,85424.0,967320.0,252368.0,2.0,0.0,51.0,10.0,0.0,4320.0,0.0,5e-05,20000000.0,3221680.0,854240.0,9673200.0,2523680.0,0.653125,0.6875
1529,1529.0,1.0,320.0,80.0,240.0,26.56,171.0,45.0,126.0,27.0,1942144.0,485536.0,1975848.0,519960.0,4.0,0.0,51.0,10.0,0.0,1740.0,0.0,5e-05,20000000.0,19421440.0,4855360.0,19758480.0,5199600.0,0.75,0.7368421052631579
1530,1530.0,1.0,320.0,80.0,240.0,25.88,171.0,52.0,119.0,25.58,1880192.0,470048.0,1659848.0,459720.0,4.0,0.0,51.0,10.0,0.0,1350.0,0.0,5e-05,20000000.0,18801920.0,4700480.0,16598480.0,4597200.0,0.75,0.695906432748538
1531,1531.0,1.0,320.0,186.0,134.0,5.32,171.0,117.0,54.0,1.89,312320.0,105024.0,62624.0,39296.0,4.0,0.0,51.0,10.0,0.0,2000.0,0.0,5e-05,20000000.0,3123200.0,1050240.0,626240.0,392960.0,0.41875,0.3157894736842105
1532,1532.0,1.0,290.0,85.0,205.0,25.66,95.0,25.0,70.0,27.0,4446472.0,1219552.0,2320888.0,610760.0,7.0,0.0,51.0,10.0,0.0,850.0,0.0,5e-05,20000000.0,44464720.0,12195520.0,23208880.0,6107600.0,0.7068965517241379,0.7368421052631579
1533,1533.0,1.0,290.0,79.0,211.0,24.85,95.0,29.0,66.0,21.88,4079912.0,1075984.0,1027752.0,314112.0,7.0,0.0,51.0,10.0,0.0,2710.0,0.0,5e-05,20000000.0,40799120.0,10759840.0,10277520.0,3141120.0,0.7275862068965517,0.6947368421052632
1534,1534.0,1.0,290.0,85.0,205.0,22.82,95.0,28.0,67.0,22.49,3669032.0,995232.0,1789176.0,470760.0,7.0,0.0,51.0,10.0,0.0,2390.0,0.0,5e-05,20000000.0,36690320.0,9952320.0,17891760.0,4707600.0,0.7068965517241379,0.7052631578947368
1535,1535.0,1.0,320.0,80.0,240.0,26.41,171.0,61.0,110.0,23.05,1880192.0,470048.0,1478648.0,397704.0,4.0,0.0,51.0,10.0,0.0,1240.0,0.0,5e-05,20000000.0,18801920.0,4700480.0,14786480.0,3977040.0,0.75,0.6432748538011696
1536,1536.0,1.0,160.0,43.0,117.0,25.84,38.0,10.0,28.0,27.0,4684744.0,1248400.0,2258416.0,594320.0,14.0,0.0,51.0,10.0,0.0,3150.0,0.0,5e-05,20000000.0,46847440.0,12484000.0,22584160.0,5943200.0,0.73125,0.7368421052631579
1537,1537.0,1.0,320.0,95.0,225.0,22.34,304.0,104.0,200.0,19.97,400592.0,105128.0,866704.0,235688.0,2.0,0.0,51.0,10.0,0.0,3390.0,0.0,5e-05,20000000.0,4005920.0,1051280.0,8667040.0,2356880.0,0.703125,0.6578947368421053
1538,1538.0,1.0,290.0,78.0,212.0,26.27,95.0,25.0,70.0,27.0,4679112.0,1229256.0,2320888.0,610760.0,7.0,0.0,51.0,10.0,0.0,1740.0,0.0,5e-05,20000000.0,46791120.0,12292560.0,23208880.0,6107600.0,0.7310344827586207,0.7368421052631579
1539,1539.0,1.0,160.0,43.0,117.0,25.94,38.0,10.0,28.0,25.63,4607848.0,1229176.0,1806768.0,481408.0,14.0,0.0,51.0,10.0,0.0,960.0,0.0,5e-05,20000000.0,46078480.0,12291760.0,18067680.0,4814080.0,0.73125,0.7368421052631579
1540,1540.0,1.0,320.0,80.0,240.0,26.54,171.0,51.0,120.0,25.58,1942144.0,485536.0,1692296.0,464336.0,4.0,0.0,51.0,10.0,0.0,2530.0,0.0,5e-05,20000000.0,19421440.0,4855360.0,16922960.0,4643360.0,0.75,0.7017543859649122
1541,1541.0,1.0,320.0,80.0,240.0,26.56,171.0,45.0,126.0,27.0,1942144.0,485536.0,1975848.0,519960.0,4.0,0.0,51.0,10.0,0.0,410.0,0.0,5e-05,20000000.0,19421440.0,4855360.0,19758480.0,5199600.0,0.75,0.7368421052631579
1542,1542.0,1.0,160.0,43.0,117.0,26.1,38.0,10.0,28.0,27.0,4961304.0,1327528.0,2258416.0,594320.0,14.0,0.0,51.0,10.0,0.0,2570.0,0.0,5e-05,20000000.0,49613040.0,13275280.0,22584160.0,5943200.0,0.73125,0.7368421052631579
1543,1543.0,1.0,160.0,43.0,117.0,26.61,38.0,10.0,28.0,27.0,5235144.0,1386000.0,2258416.0,594320.0,14.0,0.0,51.0,10.0,0.0,460.0,0.0,5e-05,20000000.0,52351440.0,13860000.0,22584160.0,5943200.0,0.73125,0.7368421052631579
1544,1544.0,1.0,320.0,80.0,240.0,26.56,171.0,45.0,126.0,27.0,1942144.0,485536.0,1975848.0,519960.0,4.0,0.0,51.0,10.0,0.0,460.0,0.0,5e-05,20000000.0,19421440.0,4855360.0,19758480.0,5199600.0,0.75,0.7368421052631579
1545,1545.0,1.0,320.0,89.0,231.0,24.95,304.0,100.0,204.0,23.2,434584.0,112840.0,1096936.0,291616.0,2.0,0.0,51.0,10.0,0.0,2740.0,0.0,5e-05,20000000.0,4345840.0,1128400.0,10969360.0,2916160.0,0.721875,0.6710526315789473
1546,1546.0,1.0,320.0,86.0,234.0,25.12,171.0,45.0,126.0,27.0,1592528.0,408096.0,1975848.0,519960.0,4.0,0.0,51.0,10.0,0.0,3560.0,0.0,5e-05,20000000.0,15925280.0,4080960.0,19758480.0,5199600.0,0.73125,0.7368421052631579
1547,1547.0,1.0,290.0,78.0,212.0,26.4,95.0,25.0,70.0,27.0,4686152.0,1248944.0,2320888.0,610760.0,7.0,0.0,51.0,10.0,0.0,950.0,0.0,5e-05,20000000.0,46861520.0,12489440.0,23208880.0,6107600.0,0.7310344827586207,0.7368421052631579
1548,1548.0,1.0,290.0,78.0,212.0,23.83,95.0,25.0,70.0,21.53,3932872.0,1008456.0,1493712.0,374424.0,7.0,0.0,51.0,10.0,0.0,4880.0,0.0,5e-05,20000000.0,39328720.0,10084560.0,14937120.0,3744240.0,0.7310344827586207,0.7368421052631579
1549,1549.0,1.0,320.0,98.0,222.0,21.69,304.0,111.0,193.0,19.03,368432.0,100496.0,858016.0,240984.0,2.0,0.0,51.0,10.0,0.0,4670.0,0.0,5e-05,20000000.0,3684320.0,1004960.0,8580160.0,2409840.0,0.69375,0.6348684210526315
1550,1550.0,1.0,290.0,78.0,212.0,19.19,95.0,26.0,69.0,21.32,2443432.0,683176.0,1447456.0,402904.0,7.0,0.0,51.0,10.0,0.0,4930.0,0.0,5e-05,20000000.0,24434320.0,6831760.0,14474560.0,4029040.0,0.7310344827586207,0.7263157894736842
1551,1551.0,1.0,160.0,43.0,117.0,21.92,38.0,10.0,28.0,21.32,3322048.0,907920.0,1337328.0,364048.0,14.0,0.0,51.0,10.0,0.0,4090.0,0.0,5e-05,20000000.0,33220480.0,9079200.0,13373280.0,3640480.0,0.73125,0.7368421052631579
1552,1552.0,1.0,320.0,80.0,240.0,26.6,304.0,80.0,224.0,27.0,487424.0,121856.0,1361920.0,358400.0,2.0,0.0,51.0,10.0,0.0,820.0,0.0,5e-05,20000000.0,4874240.0,1218560.0,13619200.0,3584000.0,0.75,0.7368421052631579
1553,1553.0,1.0,290.0,78.0,212.0,26.54,95.0,25.0,70.0,27.0,4764712.0,1263496.0,2320888.0,610760.0,7.0,0.0,51.0,10.0,0.0,1540.0,0.0,5e-05,20000000.0,47647120.0,12634960.0,23208880.0,6107600.0,0.7310344827586207,0.7368421052631579
1554,1554.0,1.0,320.0,109.0,211.0,23.72,171.0,53.0,118.0,25.58,1667264.0,463360.0,1848864.0,509680.0,4.0,0.0,51.0,10.0,0.0,1130.0,0.0,5e-05,20000000.0,16672640.0,4633600.0,18488640.0,5096800.0,0.659375,0.6900584795321637
1555,1555.0,1.0,160.0,43.0,117.0,26.6,38.0,10.0,28.0,27.0,5078216.0,1346768.0,2258416.0,594320.0,14.0,0.0,51.0,10.0,0.0,940.0,0.0,5e-05,20000000.0,50782160.0,13467680.0,22584160.0,5943200.0,0.73125,0.7368421052631579
1556,1556.0,1.0,320.0,95.0,225.0,24.39,171.0,53.0,118.0,24.95,1539800.0,410400.0,1613136.0,451760.0,4.0,0.0,51.0,10.0,0.0,2210.0,0.0,5e-05,20000000.0,15398000.0,4104000.0,16131360.0,4517600.0,0.703125,0.6900584795321637
1557,1557.0,1.0,290.0,78.0,212.0,26.14,95.0,25.0,70.0,25.63,4382472.0,1180776.0,1857752.0,494976.0,7.0,0.0,51.0,10.0,0.0,700.0,0.0,5e-05,20000000.0,43824720.0,11807760.0,18577520.0,4949760.0,0.7310344827586207,0.7368421052631579
1558,1558.0,1.0,290.0,78.0,212.0,24.62,95.0,25.0,70.0,24.21,3522120.0,957128.0,1385080.0,376808.0,7.0,0.0,51.0,10.0,0.0,3900.0,0.0,5e-05,20000000.0,35221200.0,9571280.0,13850800.0,3768080.0,0.7310344827586207,0.7368421052631579
1559,1559.0,1.0,320.0,107.0,213.0,22.12,304.0,94.0,210.0,19.53,365216.0,102680.0,811520.0,227048.0,2.0,0.0,51.0,10.0,0.0,3500.0,0.0,5e-05,20000000.0,3652160.0,1026800.0,8115200.0,2270480.0,0.665625,0.6907894736842105
1560,1560.0,1.0,320.0,80.0,240.0,26.52,171.0,63.0,108.0,24.0,1942144.0,485536.0,1648520.0,494624.0,4.0,0.0,51.0,10.0,0.0,500.0,0.0,5e-05,20000000.0,19421440.0,4855360.0,16485200.0,4946240.0,0.75,0.631578947368421
1561,1561.0,1.0,320.0,102.0,218.0,22.68,171.0,53.0,118.0,25.26,1311664.0,363352.0,1743416.0,483096.0,4.0,0.0,51.0,10.0,0.0,2550.0,0.0,5e-05,20000000.0,13116640.0,3633520.0,17434160.0,4830960.0,0.68125,0.6900584795321637
1562,1562.0,1.0,160.0,44.0,116.0,25.99,38.0,12.0,26.0,25.58,4863040.0,1289320.0,2143280.0,598048.0,14.0,0.0,51.0,10.0,0.0,840.0,0.0,5e-05,20000000.0,48630400.0,12893200.0,21432800.0,5980480.0,0.725,0.6842105263157895
1563,1563.0,1.0,320.0,80.0,240.0,26.56,171.0,51.0,120.0,25.58,1942144.0,485536.0,1693184.0,464336.0,4.0,0.0,51.0,10.0,0.0,1650.0,0.0,5e-05,20000000.0,19421440.0,4855360.0,16931840.0,4643360.0,0.75,0.7017543859649122
1564,1564.0,1.0,290.0,78.0,212.0,25.14,95.0,26.0,69.0,23.87,4165512.0,1126536.0,1606752.0,442728.0,7.0,0.0,51.0,10.0,0.0,3670.0,0.0,5e-05,20000000.0,41655120.0,11265360.0,16067520.0,4427280.0,0.7310344827586207,0.7263157894736842
1565,1565.0,1.0,320.0,80.0,240.0,26.6,304.0,92.0,212.0,25.58,487424.0,121856.0,1257664.0,342656.0,2.0,0.0,51.0,10.0,0.0,1840.0,0.0,5e-05,20000000.0,4874240.0,1218560.0,12576640.0,3426560.0,0.75,0.6973684210526315
1566,1566.0,1.0,320.0,95.0,225.0,24.32,171.0,48.0,123.0,25.58,1542272.0,402560.0,1735024.0,450896.0,4.0,0.0,51.0,10.0,0.0,2780.0,0.0,5e-05,20000000.0,15422720.0,4025600.0,17350240.0,4508960.0,0.703125,0.7192982456140351
1567,1567.0,1.0,320.0,87.0,233.0,21.37,171.0,45.0,126.0,27.0,1044912.0,273072.0,1975848.0,519960.0,4.0,0.0,51.0,10.0,0.0,4990.0,0.0,5e-05,20000000.0,10449120.0,2730720.0,19758480.0,5199600.0,0.728125,0.7368421052631579
1568,1568.0,1.0,290.0,78.0,212.0,23.53,95.0,25.0,70.0,22.74,4114152.0,1040936.0,1966384.0,492592.0,7.0,0.0,51.0,10.0,0.0,4290.0,0.0,5e-05,20000000.0,41141520.0,10409360.0,19663840.0,4925920.0,0.7310344827586207,0.7368421052631579
1569,1569.0,1.0,160.0,43.0,117.0,26.5,38.0,10.0,28.0,27.0,5090776.0,1359896.0,2258416.0,594320.0,14.0,0.0,51.0,10.0,0.0,90.0,0.0,5e-05,20000000.0,50907760.0,13598960.0,22584160.0,5943200.0,0.73125,0.7368421052631579
1570,1570.0,1.0,160.0,44.0,116.0,26.09,38.0,10.0,28.0,27.0,4802048.0,1289320.0,2258416.0,594320.0,14.0,0.0,51.0,10.0,0.0,1050.0,0.0,5e-05,20000000.0,48020480.0,12893200.0,22584160.0,5943200.0,0.725,0.7368421052631579
1571,1571.0,1.0,160.0,43.0,117.0,24.04,38.0,10.0,28.0,19.95,4075808.0,1071560.0,79728.0,20864.0,14.0,0.0,51.0,10.0,0.0,4710.0,0.0,5e-05,20000000.0,40758080.0,10715600.0,797280.0,208640.0,0.73125,0.7368421052631579
1572,1572.0,1.0,320.0,80.0,240.0,26.65,304.0,112.0,192.0,23.75,494080.0,123520.0,1170784.0,349720.0,2.0,0.0,51.0,10.0,0.0,1500.0,0.0,5e-05,20000000.0,4940800.0,1235200.0,11707840.0,3497200.0,0.75,0.631578947368421
1573,1573.0,1.0,160.0,43.0,117.0,24.71,38.0,10.0,28.0,25.58,4264208.0,1123872.0,1797872.0,479184.0,14.0,0.0,51.0,10.0,0.0,3370.0,0.0,5e-05,20000000.0,42642080.0,11238720.0,17978720.0,4791840.0,0.73125,0.7368421052631579
1574,1574.0,1.0,160.0,44.0,116.0,26.03,38.0,11.0,27.0,25.58,5278752.0,1408496.0,1970576.0,538616.0,14.0,0.0,51.0,10.0,0.0,1020.0,0.0,5e-05,20000000.0,52787520.0,14084960.0,19705760.0,5386160.0,0.725,0.7105263157894737
1575,1575.0,1.0,320.0,80.0,240.0,26.48,171.0,55.0,116.0,23.28,1942144.0,485536.0,1280712.0,364776.0,4.0,0.0,51.0,10.0,0.0,2500.0,0.0,5e-05,20000000.0,19421440.0,4855360.0,12807120.0,3647760.0,0.75,0.6783625730994152
1576,1576.0,1.0,290.0,78.0,212.0,26.04,95.0,25.0,70.0,25.63,4313096.0,1163432.0,1857752.0,494976.0,7.0,0.0,51.0,10.0,0.0,1900.0,0.0,5e-05,20000000.0,43130960.0,11634320.0,18577520.0,4949760.0,0.7310344827586207,0.7368421052631579
1577,1577.0,1.0,290.0,78.0,212.0,25.86,95.0,25.0,70.0,24.53,4514952.0,1213896.0,1848216.0,492592.0,7.0,0.0,51.0,10.0,0.0,3730.0,0.0,5e-05,20000000.0,45149520.0,12138960.0,18482160.0,4925920.0,0.7310344827586207,0.7368421052631579
1578,1578.0,1.0,320.0,107.0,213.0,19.03,304.0,106.0,198.0,20.66,283432.0,73792.0,858016.0,222928.0,2.0,0.0,51.0,10.0,0.0,4500.0,0.0,5e-05,20000000.0,2834320.0,737920.0,8580160.0,2229280.0,0.665625,0.6513157894736842
1579,1579.0,1.0,290.0,79.0,211.0,26.54,95.0,25.0,70.0,27.0,4764712.0,1281424.0,2320888.0,610760.0,7.0,0.0,51.0,10.0,0.0,480.0,0.0,5e-05,20000000.0,47647120.0,12814240.0,23208880.0,6107600.0,0.7275862068965517,0.7368421052631579
1580,1580.0,1.0,290.0,79.0,211.0,22.94,95.0,25.0,70.0,21.34,3327112.0,883504.0,1021040.0,256256.0,7.0,0.0,51.0,10.0,0.0,3360.0,0.0,5e-05,20000000.0,33271120.0,8835040.0,10210400.0,2562560.0,0.7275862068965517,0.7368421052631579
1581,1581.0,1.0,290.0,78.0,212.0,24.2,95.0,25.0,70.0,25.63,3875368.0,1041160.0,1857752.0,494976.0,7.0,0.0,51.0,10.0,0.0,4450.0,0.0,5e-05,20000000.0,38753680.0,10411600.0,18577520.0,4949760.0,0.7310344827586207,0.7368421052631579
1582,1582.0,1.0,160.0,43.0,117.0,26.33,38.0,10.0,28.0,27.0,5238800.0,1367520.0,2258416.0,594320.0,14.0,0.0,51.0,10.0,0.0,1870.0,0.0,5e-05,20000000.0,52388000.0,13675200.0,22584160.0,5943200.0,0.73125,0.7368421052631579
1583,1583.0,1.0,290.0,78.0,212.0,22.61,95.0,25.0,70.0,20.76,3720392.0,972456.0,1493712.0,374424.0,7.0,0.0,51.0,10.0,0.0,4040.0,0.0,5e-05,20000000.0,37203920.0,9724560.0,14937120.0,3744240.0,0.7310344827586207,0.7368421052631579
1584,1584.0,1.0,160.0,44.0,116.0,24.61,38.0,10.0,28.0,22.84,4174584.0,1131800.0,1337328.0,364048.0,14.0,0.0,51.0,10.0,0.0,2590.0,0.0,5e-05,20000000.0,41745840.0,11318000.0,13373280.0,3640480.0,0.725,0.7368421052631579
1585,1585.0,1.0,290.0,78.0,212.0,26.59,95.0,25.0,70.0,27.0,4720392.0,1265256.0,2320888.0,610760.0,7.0,0.0,51.0,10.0,0.0,20.0,0.0,5e-05,20000000.0,47203920.0,12652560.0,23208880.0,6107600.0,0.7310344827586207,0.7368421052631579
1586,1586.0,1.0,320.0,80.0,240.0,26.6,304.0,80.0,224.0,27.0,487424.0,121856.0,1361920.0,358400.0,2.0,0.0,51.0,10.0,0.0,630.0,0.0,5e-05,20000000.0,4874240.0,1218560.0,13619200.0,3584000.0,0.75,0.7368421052631579
1587,1587.0,1.0,320.0,97.0,223.0,23.35,171.0,58.0,113.0,22.3,1557952.0,411104.0,1249128.0,342240.0,4.0,0.0,51.0,10.0,0.0,2390.0,0.0,5e-05,20000000.0,15579520.0,4111040.0,12491280.0,3422400.0,0.696875,0.6608187134502924
1588,1588.0,1.0,160.0,43.0,117.0,25.36,38.0,10.0,28.0,27.0,5118008.0,1327528.0,2258416.0,594320.0,14.0,0.0,51.0,10.0,0.0,2580.0,0.0,5e-05,20000000.0,51180080.0,13275280.0,22584160.0,5943200.0,0.73125,0.7368421052631579
1589,1589.0,1.0,160.0,43.0,117.0,26.33,38.0,10.0,28.0,27.0,5090776.0,1359896.0,2258416.0,594320.0,14.0,0.0,51.0,10.0,0.0,1450.0,0.0,5e-05,20000000.0,50907760.0,13598960.0,22584160.0,5943200.0,0.73125,0.7368421052631579
1590,1590.0,1.0,160.0,43.0,117.0,26.39,38.0,10.0,28.0,27.0,5198296.0,1386776.0,2258416.0,594320.0,14.0,0.0,51.0,10.0,0.0,1730.0,0.0,5e-05,20000000.0,51982960.0,13867760.0,22584160.0,5943200.0,0.73125,0.7368421052631579
1591,1591.0,1.0,290.0,78.0,212.0,24.57,95.0,25.0,70.0,23.87,3806472.0,1036776.0,1375544.0,374424.0,7.0,0.0,51.0,10.0,0.0,4050.0,0.0,5e-05,20000000.0,38064720.0,10367760.0,13755440.0,3744240.0,0.7310344827586207,0.7368421052631579
1592,1592.0,1.0,320.0,95.0,225.0,22.97,304.0,109.0,195.0,18.95,421720.0,111616.0,840640.0,218992.0,2.0,0.0,51.0,10.0,0.0,4030.0,0.0,5e-05,20000000.0,4217200.0,1116160.0,8406400.0,2189920.0,0.703125,0.6414473684210527
1593,1593.0,1.0,320.0,93.0,227.0,25.15,171.0,45.0,126.0,27.0,1744832.0,458880.0,1975848.0,519960.0,4.0,0.0,51.0,10.0,0.0,860.0,0.0,5e-05,20000000.0,17448320.0,4588800.0,19758480.0,5199600.0,0.709375,0.7368421052631579
1594,1594.0,1.0,160.0,44.0,116.0,24.96,38.0,10.0,28.0,27.0,4570224.0,1230904.0,2258416.0,594320.0,14.0,0.0,51.0,10.0,0.0,2150.0,0.0,5e-05,20000000.0,45702240.0,12309040.0,22584160.0,5943200.0,0.725,0.7368421052631579
1595,1595.0,1.0,290.0,78.0,212.0,26.59,95.0,25.0,70.0,27.0,4720392.0,1265256.0,2320888.0,610760.0,7.0,0.0,51.0,10.0,0.0,890.0,0.0,5e-05,20000000.0,47203920.0,12652560.0,23208880.0,6107600.0,0.7310344827586207,0.7368421052631579
1596,1596.0,1.0,160.0,43.0,117.0,22.62,38.0,10.0,28.0,21.32,3843832.0,974584.0,1452464.0,364048.0,14.0,0.0,51.0,10.0,0.0,3910.0,0.0,5e-05,20000000.0,38438320.0,9745840.0,14524640.0,3640480.0,0.73125,0.7368421052631579
1597,1597.0,1.0,160.0,43.0,117.0,24.26,38.0,10.0,28.0,24.16,3723872.0,973976.0,1452464.0,364048.0,14.0,0.0,51.0,10.0,0.0,2130.0,0.0,5e-05,20000000.0,37238720.0,9739760.0,14524640.0,3640480.0,0.73125,0.7368421052631579
1598,1598.0,1.0,320.0,99.0,221.0,23.73,304.0,90.0,214.0,25.58,404032.0,108656.0,1214224.0,333696.0,2.0,0.0,51.0,10.0,0.0,3890.0,0.0,5e-05,20000000.0,4040320.0,1086560.0,12142240.0,3336960.0,0.690625,0.7039473684210527
1599,1599.0,1.0,320.0,80.0,240.0,25.91,171.0,49.0,122.0,24.63,1880192.0,470048.0,1323784.0,366824.0,4.0,0.0,51.0,10.0,0.0,4110.0,0.0,5e-05,20000000.0,18801920.0,4700480.0,13237840.0,3668240.0,0.75,0.7134502923976608
1600,1600.0,1.0,160.0,43.0,117.0,23.96,38.0,10.0,28.0,24.26,4410904.0,1150752.0,1797872.0,479184.0,14.0,0.0,51.0,10.0,0.0,3660.0,0.0,5e-05,20000000.0,44109040.0,11507520.0,17978720.0,4791840.0,0.73125,0.7368421052631579
1601,1601.0,1.0,320.0,105.0,215.0,20.08,304.0,103.0,201.0,18.85,293216.0,82944.0,858016.0,239896.0,2.0,0.0,51.0,10.0,0.0,4550.0,0.0,5e-05,20000000.0,2932160.0,829440.0,8580160.0,2398960.0,0.671875,0.6611842105263158
1602,1602.0,1.0,160.0,45.0,115.0,25.82,38.0,10.0,28.0,24.26,4915552.0,1304248.0,1797872.0,479184.0,14.0,0.0,51.0,10.0,0.0,1410.0,0.0,5e-05,20000000.0,49155520.0,13042480.0,17978720.0,4791840.0,0.71875,0.7368421052631579
1603,1603.0,1.0,320.0,80.0,240.0,26.6,304.0,80.0,224.0,27.0,487424.0,121856.0,1361920.0,358400.0,2.0,0.0,51.0,10.0,0.0,10.0,0.0,5e-05,20000000.0,4874240.0,1218560.0,13619200.0,3584000.0,0.75,0.7368421052631579
1604,1604.0,1.0,290.0,78.0,212.0,17.04,95.0,25.0,70.0,18.94,1944392.0,528456.0,557904.0,140472.0,7.0,0.0,51.0,10.0,0.0,4300.0,0.0,5e-05,20000000.0,19443920.0,5284560.0,5579040.0,1404720.0,0.7310344827586207,0.7368421052631579
1605,1605.0,1.0,320.0,97.0,223.0,23.58,304.0,93.0,211.0,25.31,397600.0,106920.0,1266352.0,347136.0,2.0,0.0,51.0,10.0,0.0,2840.0,0.0,5e-05,20000000.0,3976000.0,1069200.0,12663520.0,3471360.0,0.696875,0.694078947368421
1606,1606.0,1.0,290.0,78.0,212.0,23.56,95.0,25.0,70.0,20.17,3840232.0,1006696.0,1375544.0,374424.0,7.0,0.0,51.0,10.0,0.0,4530.0,0.0,5e-05,20000000.0,38402320.0,10066960.0,13755440.0,3744240.0,0.7310344827586207,0.7368421052631579
1607,1607.0,1.0,160.0,44.0,116.0,25.98,38.0,10.0,28.0,27.0,5122176.0,1349304.0,2258416.0,594320.0,14.0,0.0,51.0,10.0,0.0,2080.0,0.0,5e-05,20000000.0,51221760.0,13493040.0,22584160.0,5943200.0,0.725,0.7368421052631579
1608,1608.0,1.0,320.0,119.0,201.0,21.6,304.0,102.0,202.0,23.3,373480.0,100288.0,1062184.0,291888.0,2.0,0.0,51.0,10.0,0.0,2480.0,0.0,5e-05,20000000.0,3734800.0,1002880.0,10621840.0,2918880.0,0.628125,0.6644736842105263
1609,1609.0,1.0,290.0,78.0,212.0,23.4,95.0,26.0,69.0,20.63,3282312.0,905736.0,1552480.0,429160.0,7.0,0.0,51.0,10.0,0.0,4630.0,0.0,5e-05,20000000.0,32823120.0,9057360.0,15524800.0,4291600.0,0.7310344827586207,0.7263157894736842
1610,1610.0,1.0,290.0,78.0,212.0,23.5,95.0,25.0,70.0,22.76,3470632.0,905736.0,1493712.0,374424.0,7.0,0.0,51.0,10.0,0.0,4170.0,0.0,5e-05,20000000.0,34706320.0,9057360.0,14937120.0,3744240.0,0.7310344827586207,0.7368421052631579
1611,1611.0,1.0,160.0,43.0,117.0,22.86,38.0,10.0,28.0,21.32,4197248.0,1092320.0,1452464.0,364048.0,14.0,0.0,51.0,10.0,0.0,3390.0,0.0,5e-05,20000000.0,41972480.0,10923200.0,14524640.0,3640480.0,0.73125,0.7368421052631579
1612,1612.0,1.0,290.0,81.0,209.0,22.9,95.0,29.0,66.0,22.47,3367912.0,925280.0,1711776.0,497904.0,7.0,0.0,51.0,10.0,0.0,3010.0,0.0,5e-05,20000000.0,33679120.0,9252800.0,17117760.0,4979040.0,0.7206896551724138,0.6947368421052632
1613,1613.0,1.0,290.0,78.0,212.0,19.1,95.0,26.0,69.0,22.47,2591368.0,733000.0,1815392.0,494888.0,7.0,0.0,51.0,10.0,0.0,3530.0,0.0,5e-05,20000000.0,25913680.0,7330000.0,18153920.0,4948880.0,0.7310344827586207,0.7263157894736842
1614,1614.0,1.0,320.0,93.0,227.0,25.15,171.0,45.0,126.0,27.0,1665728.0,439320.0,1975848.0,519960.0,4.0,0.0,51.0,10.0,0.0,850.0,0.0,5e-05,20000000.0,16657280.0,4393200.0,19758480.0,5199600.0,0.709375,0.7368421052631579
1615,1615.0,1.0,290.0,78.0,212.0,23.71,95.0,25.0,70.0,27.0,3915752.0,1042696.0,2320888.0,610760.0,7.0,0.0,51.0,10.0,0.0,4150.0,0.0,5e-05,20000000.0,39157520.0,10426960.0,23208880.0,6107600.0,0.7310344827586207,0.7368421052631579
1616,1616.0,1.0,290.0,78.0,212.0,19.25,95.0,25.0,70.0,18.78,2778792.0,749896.0,1021040.0,256256.0,7.0,0.0,51.0,10.0,0.0,4840.0,0.0,5e-05,20000000.0,27787920.0,7498960.0,10210400.0,2562560.0,0.7310344827586207,0.7368421052631579
1617,1617.0,1.0,320.0,80.0,240.0,26.5,171.0,45.0,126.0,27.0,1942144.0,485536.0,1975848.0,519960.0,4.0,0.0,51.0,10.0,0.0,2290.0,0.0,5e-05,20000000.0,19421440.0,4855360.0,19758480.0,5199600.0,0.75,0.7368421052631579
1618,1618.0,1.0,320.0,95.0,225.0,20.82,171.0,54.0,117.0,22.89,1158384.0,318720.0,1171328.0,346856.0,4.0,0.0,51.0,10.0,0.0,4420.0,0.0,5e-05,20000000.0,11583840.0,3187200.0,11713280.0,3468560.0,0.703125,0.6842105263157895
1619,1619.0,1.0,160.0,44.0,116.0,25.99,38.0,10.0,28.0,27.0,4882240.0,1289320.0,2258416.0,594320.0,14.0,0.0,51.0,10.0,0.0,560.0,0.0,5e-05,20000000.0,48822400.0,12893200.0,22584160.0,5943200.0,0.725,0.7368421052631579
1620,1620.0,1.0,320.0,92.0,228.0,25.1,171.0,45.0,126.0,27.0,1767112.0,463768.0,1975848.0,519960.0,4.0,0.0,51.0,10.0,0.0,2140.0,0.0,5e-05,20000000.0,17671120.0,4637680.0,19758480.0,5199600.0,0.7125,0.7368421052631579
1621,1621.0,1.0,320.0,92.0,228.0,24.66,304.0,94.0,210.0,23.76,439408.0,114640.0,1088248.0,290800.0,2.0,0.0,51.0,10.0,0.0,3190.0,0.0,5e-05,20000000.0,4394080.0,1146400.0,10882480.0,2908000.0,0.7125,0.6907894736842105
1622,1622.0,1.0,290.0,78.0,212.0,19.92,95.0,25.0,70.0,22.47,2556712.0,677256.0,1493712.0,374424.0,7.0,0.0,51.0,10.0,0.0,4810.0,0.0,5e-05,20000000.0,25567120.0,6772560.0,14937120.0,3744240.0,0.7310344827586207,0.7368421052631579
1623,1623.0,1.0,320.0,80.0,240.0,26.65,304.0,80.0,224.0,27.0,494080.0,123520.0,1361920.0,358400.0,2.0,0.0,51.0,10.0,0.0,470.0,0.0,5e-05,20000000.0,4940800.0,1235200.0,13619200.0,3584000.0,0.75,0.7368421052631579
1624,1624.0,1.0,320.0,80.0,240.0,26.65,304.0,80.0,224.0,27.0,494080.0,123520.0,1361920.0,358400.0,2.0,0.0,51.0,10.0,0.0,230.0,0.0,5e-05,20000000.0,4940800.0,1235200.0,13619200.0,3584000.0,0.75,0.7368421052631579
1625,1625.0,1.0,290.0,82.0,208.0,24.47,95.0,29.0,66.0,24.73,3583432.0,975688.0,1995312.0,535968.0,7.0,0.0,51.0,10.0,0.0,2250.0,0.0,5e-05,20000000.0,35834320.0,9756880.0,19953120.0,5359680.0,0.7172413793103448,0.6947368421052632
1626,1626.0,1.0,160.0,44.0,116.0,25.17,38.0,10.0,28.0,24.16,4471120.0,1171752.0,1452464.0,364048.0,14.0,0.0,51.0,10.0,0.0,2650.0,0.0,5e-05,20000000.0,44711200.0,11717520.0,14524640.0,3640480.0,0.725,0.7368421052631579
1627,1627.0,1.0,320.0,100.0,220.0,22.8,304.0,103.0,201.0,21.67,398984.0,108664.0,988336.0,270304.0,2.0,0.0,51.0,10.0,0.0,3760.0,0.0,5e-05,20000000.0,3989840.0,1086640.0,9883360.0,2703040.0,0.6875,0.6611842105263158
1628,1628.0,1.0,290.0,79.0,211.0,24.62,95.0,26.0,69.0,21.91,4549192.0,1197584.0,1867944.0,495240.0,7.0,0.0,51.0,10.0,0.0,2010.0,0.0,5e-05,20000000.0,45491920.0,11975840.0,18679440.0,4952400.0,0.7275862068965517,0.7263157894736842
1629,1629.0,1.0,320.0,112.0,208.0,20.59,171.0,56.0,115.0,22.43,1357016.0,353632.0,1487856.0,387152.0,4.0,0.0,51.0,10.0,0.0,2120.0,0.0,5e-05,20000000.0,13570160.0,3536320.0,14878560.0,3871520.0,0.65,0.672514619883041
1630,1630.0,1.0,160.0,43.0,117.0,24.19,38.0,10.0,28.0,24.16,4047288.0,1025448.0,1913008.0,479184.0,14.0,0.0,51.0,10.0,0.0,3330.0,0.0,5e-05,20000000.0,40472880.0,10254480.0,19130080.0,4791840.0,0.73125,0.7368421052631579
1631,1631.0,1.0,160.0,43.0,117.0,24.67,38.0,10.0,28.0,25.58,4303384.0,1163048.0,1797872.0,479184.0,14.0,0.0,51.0,10.0,0.0,3310.0,0.0,5e-05,20000000.0,43033840.0,11630480.0,17978720.0,4791840.0,0.73125,0.7368421052631579
1632,1632.0,1.0,320.0,80.0,240.0,26.5,171.0,45.0,126.0,27.0,1915904.0,478976.0,1975848.0,519960.0,4.0,0.0,51.0,10.0,0.0,570.0,0.0,5e-05,20000000.0,19159040.0,4789760.0,19758480.0,5199600.0,0.75,0.7368421052631579
1633,1633.0,1.0,290.0,78.0,212.0,21.95,95.0,25.0,70.0,24.16,2813032.0,749896.0,1375544.0,374424.0,7.0,0.0,51.0,10.0,0.0,4500.0,0.0,5e-05,20000000.0,28130320.0,7498960.0,13755440.0,3744240.0,0.7310344827586207,0.7368421052631579
1634,1634.0,1.0,290.0,78.0,212.0,26.64,95.0,25.0,70.0,27.0,4781832.0,1280616.0,2320888.0,610760.0,7.0,0.0,51.0,10.0,0.0,490.0,0.0,5e-05,20000000.0,47818320.0,12806160.0,23208880.0,6107600.0,0.7310344827586207,0.7368421052631579
1635,1635.0,1.0,320.0,92.0,228.0,25.3,304.0,92.0,212.0,25.58,449056.0,117856.0,1240288.0,342656.0,2.0,0.0,51.0,10.0,0.0,2890.0,0.0,5e-05,20000000.0,4490560.0,1178560.0,12402880.0,3426560.0,0.7125,0.6973684210526315
1636,1636.0,1.0,290.0,78.0,212.0,24.76,95.0,25.0,70.0,24.26,3881512.0,1008456.0,1966384.0,492592.0,7.0,0.0,51.0,10.0,0.0,3490.0,0.0,5e-05,20000000.0,38815120.0,10084560.0,19663840.0,4925920.0,0.7310344827586207,0.7368421052631579
1637,1637.0,1.0,290.0,78.0,212.0,22.62,95.0,25.0,70.0,25.58,2915752.0,767016.0,1966384.0,492592.0,7.0,0.0,51.0,10.0,0.0,3940.0,0.0,5e-05,20000000.0,29157520.0,7670160.0,19663840.0,4925920.0,0.7310344827586207,0.7368421052631579
1638,1638.0,1.0,320.0,94.0,226.0,22.97,304.0,95.0,209.0,22.57,400952.0,106360.0,1001368.0,273560.0,2.0,0.0,51.0,10.0,0.0,4080.0,0.0,5e-05,20000000.0,4009520.0,1063600.0,10013680.0,2735600.0,0.70625,0.6875
1639,1639.0,1.0,320.0,92.0,228.0,20.6,171.0,53.0,118.0,21.96,1036208.0,274544.0,1153544.0,302352.0,4.0,0.0,51.0,10.0,0.0,4500.0,0.0,5e-05,20000000.0,10362080.0,2745440.0,11535440.0,3023520.0,0.7125,0.6900584795321637
1640,1640.0,1.0,160.0,43.0,117.0,23.54,38.0,10.0,28.0,22.74,3692768.0,966200.0,991920.0,248912.0,14.0,0.0,51.0,10.0,0.0,4100.0,0.0,5e-05,20000000.0,36927680.0,9662000.0,9919200.0,2489120.0,0.73125,0.7368421052631579
1641,1641.0,1.0,320.0,80.0,240.0,26.6,304.0,95.0,209.0,25.58,487424.0,121856.0,1283728.0,356096.0,2.0,0.0,51.0,10.0,0.0,840.0,0.0,5e-05,20000000.0,4874240.0,1218560.0,12837280.0,3560960.0,0.75,0.6875
1642,1642.0,1.0,320.0,89.0,231.0,22.73,171.0,54.0,117.0,20.09,1530728.0,397808.0,963208.0,267600.0,4.0,0.0,51.0,10.0,0.0,4040.0,0.0,5e-05,20000000.0,15307280.0,3978080.0,9632080.0,2676000.0,0.721875,0.6842105263157895
1643,1643.0,1.0,320.0,80.0,240.0,26.6,304.0,80.0,224.0,27.0,487424.0,121856.0,1361920.0,358400.0,2.0,0.0,51.0,10.0,0.0,3790.0,0.0,5e-05,20000000.0,4874240.0,1218560.0,13619200.0,3584000.0,0.75,0.7368421052631579
1644,1644.0,1.0,320.0,93.0,227.0,24.41,304.0,80.0,224.0,27.0,402200.0,106608.0,1361920.0,358400.0,2.0,0.0,51.0,10.0,0.0,4270.0,0.0,5e-05,20000000.0,4022000.0,1066080.0,13619200.0,3584000.0,0.709375,0.7368421052631579
1645,1645.0,1.0,290.0,78.0,212.0,26.64,95.0,25.0,70.0,27.0,4781832.0,1280616.0,2320888.0,610760.0,7.0,0.0,51.0,10.0,0.0,460.0,0.0,5e-05,20000000.0,47818320.0,12806160.0,23208880.0,6107600.0,0.7310344827586207,0.7368421052631579
1646,1646.0,1.0,320.0,80.0,240.0,26.6,304.0,80.0,224.0,27.0,487424.0,121856.0,1361920.0,358400.0,2.0,0.0,51.0,10.0,0.0,160.0,0.0,5e-05,20000000.0,4874240.0,1218560.0,13619200.0,3584000.0,0.75,0.7368421052631579
1647,1647.0,1.0,290.0,80.0,210.0,26.21,95.0,25.0,70.0,27.0,4549192.0,1232632.0,2320888.0,610760.0,7.0,0.0,51.0,10.0,0.0,1150.0,0.0,5e-05,20000000.0,45491920.0,12326320.0,23208880.0,6107600.0,0.7241379310344828,0.7368421052631579
1648,1648.0,1.0,290.0,78.0,212.0,19.23,95.0,25.0,70.0,19.58,2563272.0,683176.0,1021040.0,256256.0,7.0,0.0,51.0,10.0,0.0,4360.0,0.0,5e-05,20000000.0,25632720.0,6831760.0,10210400.0,2562560.0,0.7310344827586207,0.7368421052631579
1649,1649.0,1.0,320.0,80.0,240.0,26.48,171.0,45.0,126.0,27.0,1915904.0,478976.0,1975848.0,519960.0,4.0,0.0,51.0,10.0,0.0,1080.0,0.0,5e-05,20000000.0,19159040.0,4789760.0,19758480.0,5199600.0,0.75,0.7368421052631579
1650,1650.0,1.0,290.0,79.0,211.0,26.54,95.0,25.0,70.0,27.0,4764712.0,1281424.0,2320888.0,610760.0,7.0,0.0,51.0,10.0,0.0,40.0,0.0,5e-05,20000000.0,47647120.0,12814240.0,23208880.0,6107600.0,0.7275862068965517,0.7368421052631579
1651,1651.0,1.0,160.0,43.0,117.0,22.25,38.0,10.0,28.0,19.89,3619024.0,972176.0,1337328.0,364048.0,14.0,0.0,51.0,10.0,0.0,4890.0,0.0,5e-05,20000000.0,36190240.0,9721760.0,13373280.0,3640480.0,0.73125,0.7368421052631579
1652,1652.0,1.0,290.0,78.0,212.0,24.7,95.0,25.0,70.0,27.0,3624712.0,991336.0,2320888.0,610760.0,7.0,0.0,51.0,10.0,0.0,4140.0,0.0,5e-05,20000000.0,36247120.0,9913360.0,23208880.0,6107600.0,0.7310344827586207,0.7368421052631579
1653,1653.0,1.0,290.0,79.0,211.0,26.54,95.0,25.0,70.0,27.0,4764712.0,1281424.0,2320888.0,610760.0,7.0,0.0,51.0,10.0,0.0,280.0,0.0,5e-05,20000000.0,47647120.0,12814240.0,23208880.0,6107600.0,0.7275862068965517,0.7368421052631579
1654,1654.0,1.0,320.0,92.0,228.0,25.3,304.0,80.0,224.0,27.0,449056.0,117856.0,1361920.0,358400.0,2.0,0.0,51.0,10.0,0.0,2160.0,0.0,5e-05,20000000.0,4490560.0,1178560.0,13619200.0,3584000.0,0.7125,0.7368421052631579
1655,1655.0,1.0,320.0,80.0,240.0,26.19,171.0,58.0,113.0,22.61,1942144.0,485536.0,1402536.0,356680.0,4.0,0.0,51.0,10.0,0.0,2700.0,0.0,5e-05,20000000.0,19421440.0,4855360.0,14025360.0,3566800.0,0.75,0.6608187134502924
1656,1656.0,1.0,320.0,94.0,226.0,25.3,304.0,94.0,210.0,25.41,458704.0,121200.0,1266352.0,351616.0,2.0,0.0,51.0,10.0,0.0,1630.0,0.0,5e-05,20000000.0,4587040.0,1212000.0,12663520.0,3516160.0,0.70625,0.6907894736842105
1657,1657.0,1.0,320.0,80.0,240.0,26.54,171.0,45.0,126.0,27.0,1942144.0,485536.0,1975848.0,519960.0,4.0,0.0,51.0,10.0,0.0,260.0,0.0,5e-05,20000000.0,19421440.0,4855360.0,19758480.0,5199600.0,0.75,0.7368421052631579
1658,1658.0,1.0,320.0,80.0,240.0,26.45,171.0,63.0,108.0,24.16,1915904.0,478976.0,1774456.0,526552.0,4.0,0.0,51.0,10.0,0.0,750.0,0.0,5e-05,20000000.0,19159040.0,4789760.0,17744560.0,5265520.0,0.75,0.631578947368421
1659,1659.0,1.0,290.0,82.0,208.0,21.36,95.0,34.0,61.0,21.13,3230952.0,823368.0,1617680.0,501464.0,7.0,0.0,51.0,10.0,0.0,3000.0,0.0,5e-05,20000000.0,32309520.0,8233680.0,16176800.0,5014640.0,0.7172413793103448,0.6421052631578947
1660,1660.0,1.0,160.0,45.0,115.0,21.44,38.0,10.0,28.0,21.32,3338800.0,880024.0,1452464.0,364048.0,14.0,0.0,51.0,10.0,0.0,2550.0,0.0,5e-05,20000000.0,33388000.0,8800240.0,14524640.0,3640480.0,0.71875,0.7368421052631579
1661,1661.0,1.0,160.0,43.0,117.0,19.51,38.0,10.0,28.0,16.05,3109736.0,854648.0,1337328.0,364048.0,14.0,0.0,51.0,10.0,0.0,4600.0,0.0,5e-05,20000000.0,31097360.0,8546480.0,13373280.0,3640480.0,0.73125,0.7368421052631579
1662,1662.0,1.0,290.0,85.0,205.0,24.17,95.0,27.0,68.0,25.58,3566312.0,978112.0,2072320.0,546880.0,7.0,0.0,51.0,10.0,0.0,2490.0,0.0,5e-05,20000000.0,35663120.0,9781120.0,20723200.0,5468800.0,0.7068965517241379,0.7157894736842105
1663,1663.0,1.0,290.0,79.0,211.0,24.01,95.0,27.0,68.0,24.16,3429352.0,921904.0,1710016.0,456304.0,7.0,0.0,51.0,10.0,0.0,3100.0,0.0,5e-05,20000000.0,34293520.0,9219040.0,17100160.0,4563040.0,0.7275862068965517,0.7157894736842105
1664,1664.0,1.0,320.0,80.0,240.0,26.52,171.0,50.0,121.0,19.34,1942144.0,485536.0,881432.0,234336.0,4.0,0.0,51.0,10.0,0.0,4530.0,0.0,5e-05,20000000.0,19421440.0,4855360.0,8814320.0,2343360.0,0.75,0.7076023391812866
1665,1665.0,1.0,320.0,80.0,240.0,26.6,304.0,80.0,224.0,27.0,487424.0,121856.0,1361920.0,358400.0,2.0,0.0,51.0,10.0,0.0,940.0,0.0,5e-05,20000000.0,4874240.0,1218560.0,13619200.0,3584000.0,0.75,0.7368421052631579
1666,1666.0,1.0,320.0,99.0,221.0,22.79,304.0,101.0,203.0,21.84,388144.0,105488.0,915896.0,261696.0,2.0,0.0,51.0,10.0,0.0,3910.0,0.0,5e-05,20000000.0,3881440.0,1054880.0,9158960.0,2616960.0,0.690625,0.6677631578947368
1667,1667.0,1.0,320.0,80.0,240.0,25.8,304.0,112.0,192.0,22.11,487424.0,121856.0,997024.0,306280.0,2.0,0.0,51.0,10.0,0.0,3000.0,0.0,5e-05,20000000.0,4874240.0,1218560.0,9970240.0,3062800.0,0.75,0.631578947368421
1668,1668.0,1.0,290.0,78.0,212.0,24.93,95.0,25.0,70.0,23.11,3967112.0,1042696.0,1493712.0,374424.0,7.0,0.0,51.0,10.0,0.0,4230.0,0.0,5e-05,20000000.0,39671120.0,10426960.0,14937120.0,3744240.0,0.7310344827586207,0.7368421052631579
1669,1669.0,1.0,320.0,92.0,228.0,21.88,171.0,56.0,115.0,20.92,1199952.0,309024.0,1037184.0,276360.0,4.0,0.0,51.0,10.0,0.0,4090.0,0.0,5e-05,20000000.0,11999520.0,3090240.0,10371840.0,2763600.0,0.7125,0.672514619883041
1670,1670.0,1.0,290.0,83.0,207.0,24.27,95.0,27.0,68.0,24.16,3720392.0,1027856.0,1837776.0,507936.0,7.0,0.0,51.0,10.0,0.0,2630.0,0.0,5e-05,20000000.0,37203920.0,10278560.0,18377760.0,5079360.0,0.7137931034482758,0.7157894736842105
1671,1671.0,1.0,160.0,43.0,117.0,25.73,38.0,10.0,28.0,27.0,4961304.0,1327528.0,2258416.0,594320.0,14.0,0.0,51.0,10.0,0.0,3980.0,0.0,5e-05,20000000.0,49613040.0,13275280.0,22584160.0,5943200.0,0.73125,0.7368421052631579
1672,1672.0,1.0,290.0,86.0,204.0,21.53,95.0,28.0,67.0,22.05,3326632.0,944680.0,1839928.0,509704.0,7.0,0.0,51.0,10.0,0.0,2300.0,0.0,5e-05,20000000.0,33266320.0,9446800.0,18399280.0,5097040.0,0.7034482758620689,0.7052631578947368
1673,1673.0,1.0,160.0,43.0,117.0,25.1,38.0,10.0,28.0,25.58,4430976.0,1150752.0,1913008.0,479184.0,14.0,0.0,51.0,10.0,0.0,2780.0,0.0,5e-05,20000000.0,44309760.0,11507520.0,19130080.0,4791840.0,0.73125,0.7368421052631579
1674,1674.0,1.0,320.0,94.0,226.0,25.25,304.0,80.0,224.0,27.0,452048.0,119536.0,1361920.0,358400.0,2.0,0.0,51.0,10.0,0.0,3430.0,0.0,5e-05,20000000.0,4520480.0,1195360.0,13619200.0,3584000.0,0.70625,0.7368421052631579
1675,1675.0,1.0,160.0,43.0,117.0,26.6,38.0,10.0,28.0,27.0,5078216.0,1346768.0,2258416.0,594320.0,14.0,0.0,51.0,10.0,0.0,130.0,0.0,5e-05,20000000.0,50782160.0,13467680.0,22584160.0,5943200.0,0.73125,0.7368421052631579
1676,1676.0,1.0,320.0,80.0,240.0,26.65,304.0,96.0,208.0,25.58,494080.0,123520.0,1292416.0,360576.0,2.0,0.0,51.0,10.0,0.0,300.0,0.0,5e-05,20000000.0,4940800.0,1235200.0,12924160.0,3605760.0,0.75,0.6842105263157895
1677,1677.0,1.0,290.0,80.0,210.0,24.67,95.0,26.0,69.0,22.71,3908712.0,1059672.0,1498536.0,416016.0,7.0,0.0,51.0,10.0,0.0,2720.0,0.0,5e-05,20000000.0,39087120.0,10596720.0,14985360.0,4160160.0,0.7241379310344828,0.7263157894736842
1678,1678.0,1.0,290.0,79.0,211.0,23.1,95.0,26.0,69.0,22.83,3482088.0,952208.0,1505920.0,417520.0,7.0,0.0,51.0,10.0,0.0,3380.0,0.0,5e-05,20000000.0,34820880.0,9522080.0,15059200.0,4175200.0,0.7275862068965517,0.7263157894736842
1679,1679.0,1.0,320.0,80.0,240.0,26.65,304.0,94.0,210.0,25.58,494080.0,123520.0,1266352.0,351616.0,2.0,0.0,51.0,10.0,0.0,530.0,0.0,5e-05,20000000.0,4940800.0,1235200.0,12663520.0,3516160.0,0.75,0.6907894736842105
1680,1680.0,1.0,320.0,80.0,240.0,26.48,171.0,45.0,126.0,27.0,1915904.0,478976.0,1975848.0,519960.0,4.0,0.0,51.0,10.0,0.0,920.0,0.0,5e-05,20000000.0,19159040.0,4789760.0,19758480.0,5199600.0,0.75,0.7368421052631579
1681,1681.0,1.0,320.0,98.0,222.0,22.46,304.0,90.0,214.0,22.31,360752.0,98576.0,941840.0,265600.0,2.0,0.0,51.0,10.0,0.0,3380.0,0.0,5e-05,20000000.0,3607520.0,985760.0,9418400.0,2656000.0,0.69375,0.7039473684210527
1682,1682.0,1.0,320.0,89.0,231.0,25.3,304.0,80.0,224.0,27.0,434584.0,112840.0,1361920.0,358400.0,2.0,0.0,51.0,10.0,0.0,3560.0,0.0,5e-05,20000000.0,4345840.0,1128400.0,13619200.0,3584000.0,0.721875,0.7368421052631579
1683,1683.0,1.0,290.0,79.0,211.0,26.49,95.0,25.0,70.0,27.0,4703272.0,1266064.0,2320888.0,610760.0,7.0,0.0,51.0,10.0,0.0,120.0,0.0,5e-05,20000000.0,47032720.0,12660640.0,23208880.0,6107600.0,0.7275862068965517,0.7368421052631579
1684,1684.0,1.0,160.0,43.0,117.0,26.44,38.0,10.0,28.0,27.0,5078440.0,1346824.0,2258416.0,594320.0,14.0,0.0,51.0,10.0,0.0,520.0,0.0,5e-05,20000000.0,50784400.0,13468240.0,22584160.0,5943200.0,0.73125,0.7368421052631579
1685,1685.0,1.0,290.0,80.0,210.0,25.89,95.0,28.0,67.0,25.58,4439432.0,1179512.0,2180864.0,601160.0,7.0,0.0,51.0,10.0,0.0,1530.0,0.0,5e-05,20000000.0,44394320.0,11795120.0,21808640.0,6011600.0,0.7241379310344828,0.7052631578947368
1686,1686.0,1.0,290.0,78.0,212.0,24.0,95.0,25.0,70.0,24.16,3395112.0,886856.0,1493712.0,374424.0,7.0,0.0,51.0,10.0,0.0,3550.0,0.0,5e-05,20000000.0,33951120.0,8868560.0,14937120.0,3744240.0,0.7310344827586207,0.7368421052631579
1687,1687.0,1.0,320.0,104.0,216.0,24.15,304.0,93.0,211.0,25.58,419888.0,115352.0,1266352.0,347136.0,2.0,0.0,51.0,10.0,0.0,1940.0,0.0,5e-05,20000000.0,4198880.0,1153520.0,12663520.0,3471360.0,0.675,0.694078947368421
1688,1688.0,1.0,160.0,43.0,117.0,26.61,38.0,10.0,28.0,27.0,5235144.0,1386000.0,2258416.0,594320.0,14.0,0.0,51.0,10.0,0.0,50.0,0.0,5e-05,20000000.0,52351440.0,13860000.0,22584160.0,5943200.0,0.73125,0.7368421052631579
1689,1689.0,1.0,320.0,87.0,233.0,25.12,171.0,45.0,126.0,27.0,1589968.0,409768.0,1975848.0,519960.0,4.0,0.0,51.0,10.0,0.0,3580.0,0.0,5e-05,20000000.0,15899680.0,4097680.0,19758480.0,5199600.0,0.728125,0.7368421052631579
1690,1690.0,1.0,320.0,80.0,240.0,26.54,171.0,50.0,121.0,24.52,1942144.0,485536.0,1521128.0,411032.0,4.0,0.0,51.0,10.0,0.0,2590.0,0.0,5e-05,20000000.0,19421440.0,4855360.0,15211280.0,4110320.0,0.75,0.7076023391812866
1691,1691.0,1.0,320.0,85.0,235.0,25.06,171.0,45.0,126.0,27.0,1507056.0,384416.0,1975848.0,519960.0,4.0,0.0,51.0,10.0,0.0,4570.0,0.0,5e-05,20000000.0,15070560.0,3844160.0,19758480.0,5199600.0,0.734375,0.7368421052631579
1692,1692.0,1.0,320.0,99.0,221.0,22.52,171.0,54.0,117.0,23.11,1316784.0,363864.0,1273552.0,350200.0,4.0,0.0,51.0,10.0,0.0,3050.0,0.0,5e-05,20000000.0,13167840.0,3638640.0,12735520.0,3502000.0,0.690625,0.6842105263157895
1693,1693.0,1.0,160.0,43.0,117.0,24.82,38.0,10.0,28.0,22.79,4884280.0,1308272.0,1797872.0,479184.0,14.0,0.0,51.0,10.0,0.0,2020.0,0.0,5e-05,20000000.0,48842800.0,13082720.0,17978720.0,4791840.0,0.73125,0.7368421052631579
1694,1694.0,1.0,320.0,80.0,240.0,26.0,304.0,108.0,196.0,22.13,479744.0,119936.0,897112.0,275328.0,2.0,0.0,51.0,10.0,0.0,3360.0,0.0,5e-05,20000000.0,4797440.0,1199360.0,8971120.0,2753280.0,0.75,0.6447368421052632
1695,1695.0,1.0,320.0,80.0,240.0,26.12,171.0,50.0,121.0,23.55,1942144.0,485536.0,1147248.0,308744.0,4.0,0.0,51.0,10.0,0.0,4050.0,0.0,5e-05,20000000.0,19421440.0,4855360.0,11472480.0,3087440.0,0.75,0.7076023391812866
1696,1696.0,1.0,160.0,43.0,117.0,26.61,38.0,10.0,28.0,27.0,5235144.0,1386000.0,2258416.0,594320.0,14.0,0.0,51.0,10.0,0.0,350.0,0.0,5e-05,20000000.0,52351440.0,13860000.0,22584160.0,5943200.0,0.73125,0.7368421052631579
1697,1697.0,1.0,320.0,80.0,240.0,26.42,171.0,46.0,125.0,22.27,1915904.0,478976.0,1295264.0,327096.0,4.0,0.0,51.0,10.0,0.0,4880.0,0.0,5e-05,20000000.0,19159040.0,4789760.0,12952640.0,3270960.0,0.75,0.7309941520467836
1698,1698.0,1.0,320.0,88.0,232.0,25.12,171.0,45.0,126.0,27.0,1690864.0,437520.0,1975848.0,519960.0,4.0,0.0,51.0,10.0,0.0,2330.0,0.0,5e-05,20000000.0,16908640.0,4375200.0,19758480.0,5199600.0,0.725,0.7368421052631579
1699,1699.0,1.0,160.0,44.0,116.0,26.16,38.0,10.0,28.0,27.0,4901440.0,1308520.0,2258416.0,594320.0,14.0,0.0,51.0,10.0,0.0,780.0,0.0,5e-05,20000000.0,49014400.0,13085200.0,22584160.0,5943200.0,0.725,0.7368421052631579
1700,1700.0,1.0,160.0,43.0,117.0,26.44,38.0,10.0,28.0,27.0,5235144.0,1386000.0,2258416.0,594320.0,14.0,0.0,51.0,10.0,0.0,290.0,0.0,5e-05,20000000.0,52351440.0,13860000.0,22584160.0,5943200.0,0.73125,0.7368421052631579
1701,1701.0,1.0,320.0,80.0,240.0,26.5,304.0,91.0,213.0,25.17,479744.0,119936.0,1240288.0,338176.0,2.0,0.0,51.0,10.0,0.0,1410.0,0.0,5e-05,20000000.0,4797440.0,1199360.0,12402880.0,3381760.0,0.75,0.7006578947368421
1702,1702.0,1.0,320.0,80.0,240.0,26.65,304.0,108.0,196.0,23.17,494080.0,123520.0,1049152.0,310080.0,2.0,0.0,51.0,10.0,0.0,2500.0,0.0,5e-05,20000000.0,4940800.0,1235200.0,10491520.0,3100800.0,0.75,0.6447368421052632
1703,1703.0,1.0,290.0,79.0,211.0,25.58,95.0,27.0,68.0,24.44,4292392.0,1163344.0,1789176.0,496128.0,7.0,0.0,51.0,10.0,0.0,3060.0,0.0,5e-05,20000000.0,42923920.0,11633440.0,17891760.0,4961280.0,0.7275862068965517,0.7157894736842105
1704,1704.0,1.0,320.0,112.0,208.0,21.45,171.0,58.0,113.0,23.54,1387712.0,407104.0,1578160.0,453328.0,4.0,0.0,51.0,10.0,0.0,2240.0,0.0,5e-05,20000000.0,13877120.0,4071040.0,15781600.0,4533280.0,0.65,0.6608187134502924
1705,1705.0,1.0,160.0,44.0,116.0,26.03,38.0,13.0,25.0,24.16,5238800.0,1408496.0,1855440.0,542344.0,14.0,0.0,51.0,10.0,0.0,680.0,0.0,5e-05,20000000.0,52388000.0,14084960.0,18554400.0,5423440.0,0.725,0.6578947368421053
1706,1706.0,1.0,320.0,93.0,227.0,21.98,171.0,50.0,121.0,21.36,1283568.0,334272.0,1147856.0,313120.0,4.0,0.0,51.0,10.0,0.0,3500.0,0.0,5e-05,20000000.0,12835680.0,3342720.0,11478560.0,3131200.0,0.709375,0.7076023391812866
1707,1707.0,1.0,290.0,78.0,212.0,23.99,95.0,25.0,70.0,27.0,3720872.0,1002536.0,2320888.0,610760.0,7.0,0.0,51.0,10.0,0.0,3280.0,0.0,5e-05,20000000.0,37208720.0,10025360.0,23208880.0,6107600.0,0.7310344827586207,0.7368421052631579
1708,1708.0,1.0,290.0,79.0,211.0,26.23,95.0,29.0,66.0,25.58,4764712.0,1281424.0,2366808.0,655440.0,7.0,0.0,51.0,10.0,0.0,340.0,0.0,5e-05,20000000.0,47647120.0,12814240.0,23668080.0,6554400.0,0.7275862068965517,0.6947368421052632
1709,1709.0,1.0,320.0,103.0,217.0,23.95,304.0,120.0,184.0,20.27,429760.0,118560.0,957928.0,268272.0,2.0,0.0,51.0,10.0,0.0,2520.0,0.0,5e-05,20000000.0,4297600.0,1185600.0,9579280.0,2682720.0,0.678125,0.6052631578947368
1710,1710.0,1.0,290.0,79.0,211.0,26.45,95.0,25.0,70.0,27.0,4747592.0,1264304.0,2320888.0,610760.0,7.0,0.0,51.0,10.0,0.0,560.0,0.0,5e-05,20000000.0,47475920.0,12643040.0,23208880.0,6107600.0,0.7275862068965517,0.7368421052631579
1711,1711.0,1.0,320.0,104.0,216.0,23.97,304.0,91.0,213.0,25.58,426544.0,117016.0,1248976.0,338176.0,2.0,0.0,51.0,10.0,0.0,2260.0,0.0,5e-05,20000000.0,4265440.0,1170160.0,12489760.0,3381760.0,0.675,0.7006578947368421
1712,1712.0,1.0,160.0,43.0,117.0,23.49,38.0,10.0,28.0,21.42,3981792.0,1072856.0,1346224.0,366272.0,14.0,0.0,51.0,10.0,0.0,3380.0,0.0,5e-05,20000000.0,39817920.0,10728560.0,13462240.0,3662720.0,0.73125,0.7368421052631579
1713,1713.0,1.0,290.0,78.0,212.0,25.82,95.0,25.0,70.0,27.0,4292392.0,1145416.0,2320888.0,610760.0,7.0,0.0,51.0,10.0,0.0,4160.0,0.0,5e-05,20000000.0,42923920.0,11454160.0,23208880.0,6107600.0,0.7310344827586207,0.7368421052631579
1714,1714.0,1.0,290.0,80.0,210.0,26.21,95.0,25.0,70.0,27.0,4549192.0,1232632.0,2320888.0,610760.0,7.0,0.0,51.0,10.0,0.0,1050.0,0.0,5e-05,20000000.0,45491920.0,12326320.0,23208880.0,6107600.0,0.7241379310344828,0.7368421052631579
1715,1715.0,1.0,320.0,80.0,240.0,26.56,171.0,45.0,126.0,27.0,1942144.0,485536.0,1975848.0,519960.0,4.0,0.0,51.0,10.0,0.0,1560.0,0.0,5e-05,20000000.0,19421440.0,4855360.0,19758480.0,5199600.0,0.75,0.7368421052631579
1716,1716.0,1.0,290.0,77.0,213.0,25.86,95.0,26.0,69.0,25.58,4559272.0,1194208.0,2130504.0,574008.0,7.0,0.0,51.0,10.0,0.0,2350.0,0.0,5e-05,20000000.0,45592720.0,11942080.0,21305040.0,5740080.0,0.7344827586206897,0.7263157894736842
1717,1717.0,1.0,320.0,80.0,240.0,26.65,304.0,93.0,211.0,25.58,494080.0,123520.0,1253320.0,347136.0,2.0,0.0,51.0,10.0,0.0,1590.0,0.0,5e-05,20000000.0,4940800.0,1235200.0,12533200.0,3471360.0,0.75,0.694078947368421
1718,1718.0,1.0,290.0,80.0,210.0,26.12,95.0,25.0,70.0,27.0,4542152.0,1230872.0,2320888.0,610760.0,7.0,0.0,51.0,10.0,0.0,2140.0,0.0,5e-05,20000000.0,45421520.0,12308720.0,23208880.0,6107600.0,0.7241379310344828,0.7368421052631579
1719,1719.0,1.0,320.0,80.0,240.0,26.5,304.0,80.0,224.0,27.0,479744.0,119936.0,1361920.0,358400.0,2.0,0.0,51.0,10.0,0.0,1450.0,0.0,5e-05,20000000.0,4797440.0,1199360.0,13619200.0,3584000.0,0.75,0.7368421052631579
1720,1720.0,1.0,320.0,80.0,240.0,25.8,304.0,112.0,192.0,23.84,487424.0,121856.0,1188160.0,354064.0,2.0,0.0,51.0,10.0,0.0,1000.0,0.0,5e-05,20000000.0,4874240.0,1218560.0,11881600.0,3540640.0,0.75,0.631578947368421
1721,1721.0,1.0,290.0,79.0,211.0,25.76,95.0,27.0,68.0,25.29,4576872.0,1226712.0,2104248.0,574896.0,7.0,0.0,51.0,10.0,0.0,1340.0,0.0,5e-05,20000000.0,45768720.0,12267120.0,21042480.0,5748960.0,0.7275862068965517,0.7157894736842105
1722,1722.0,1.0,320.0,80.0,240.0,26.6,304.0,80.0,224.0,27.0,487424.0,121856.0,1361920.0,358400.0,2.0,0.0,51.0,10.0,0.0,1990.0,0.0,5e-05,20000000.0,4874240.0,1218560.0,13619200.0,3584000.0,0.75,0.7368421052631579
1723,1723.0,1.0,320.0,95.0,225.0,23.89,304.0,108.0,196.0,20.82,396128.0,104816.0,844984.0,240576.0,2.0,0.0,51.0,10.0,0.0,4100.0,0.0,5e-05,20000000.0,3961280.0,1048160.0,8449840.0,2405760.0,0.703125,0.6447368421052632
1724,1724.0,1.0,320.0,86.0,234.0,24.04,171.0,52.0,119.0,21.29,1451624.0,366960.0,1145928.0,323752.0,4.0,0.0,51.0,10.0,0.0,4630.0,0.0,5e-05,20000000.0,14516240.0,3669600.0,11459280.0,3237520.0,0.73125,0.695906432748538
1725,1725.0,1.0,160.0,43.0,117.0,22.46,38.0,10.0,28.0,20.11,3901616.0,1033224.0,1337328.0,364048.0,14.0,0.0,51.0,10.0,0.0,4530.0,0.0,5e-05,20000000.0,39016160.0,10332240.0,13373280.0,3640480.0,0.73125,0.7368421052631579
1726,1726.0,1.0,320.0,80.0,240.0,26.65,304.0,80.0,224.0,27.0,494080.0,123520.0,1361920.0,358400.0,2.0,0.0,51.0,10.0,0.0,3850.0,0.0,5e-05,20000000.0,4940800.0,1235200.0,13619200.0,3584000.0,0.75,0.7368421052631579
1727,1727.0,1.0,160.0,44.0,116.0,24.95,38.0,10.0,28.0,24.16,4551408.0,1191824.0,1452464.0,364048.0,14.0,0.0,51.0,10.0,0.0,1680.0,0.0,5e-05,20000000.0,45514080.0,11918240.0,14524640.0,3640480.0,0.725,0.7368421052631579
1728,1728.0,1.0,290.0,88.0,202.0,24.87,95.0,28.0,67.0,25.58,4045672.0,1134616.0,2126592.0,587592.0,7.0,0.0,51.0,10.0,0.0,1460.0,0.0,5e-05,20000000.0,40456720.0,11346160.0,21265920.0,5875920.0,0.696551724137931,0.7052631578947368
1729,1729.0,1.0,290.0,78.0,212.0,25.84,95.0,25.0,70.0,27.0,4336712.0,1143656.0,2320888.0,610760.0,7.0,0.0,51.0,10.0,0.0,4280.0,0.0,5e-05,20000000.0,43367120.0,11436560.0,23208880.0,6107600.0,0.7310344827586207,0.7368421052631579
1730,1730.0,1.0,320.0,89.0,231.0,25.25,304.0,80.0,224.0,27.0,427928.0,111176.0,1361920.0,358400.0,2.0,0.0,51.0,10.0,0.0,4160.0,0.0,5e-05,20000000.0,4279280.0,1111760.0,13619200.0,3584000.0,0.721875,0.7368421052631579
1731,1731.0,1.0,320.0,103.0,217.0,22.74,304.0,99.0,205.0,22.11,372008.0,95680.0,997024.0,256728.0,2.0,0.0,51.0,10.0,0.0,3250.0,0.0,5e-05,20000000.0,3720080.0,956800.0,9970240.0,2567280.0,0.678125,0.6743421052631579
1732,1732.0,1.0,160.0,43.0,117.0,21.81,38.0,10.0,28.0,18.79,3863768.0,1053144.0,1337328.0,364048.0,14.0,0.0,51.0,10.0,0.0,3400.0,0.0,5e-05,20000000.0,38637680.0,10531440.0,13373280.0,3640480.0,0.73125,0.7368421052631579
1733,1733.0,1.0,320.0,91.0,229.0,24.95,304.0,105.0,199.0,23.4,444232.0,116184.0,1105624.0,322704.0,2.0,0.0,51.0,10.0,0.0,2720.0,0.0,5e-05,20000000.0,4442320.0,1161840.0,11056240.0,3227040.0,0.715625,0.6546052631578947
1734,1734.0,1.0,160.0,43.0,117.0,22.59,38.0,10.0,28.0,24.16,3744912.0,994048.0,1797872.0,479184.0,14.0,0.0,51.0,10.0,0.0,4740.0,0.0,5e-05,20000000.0,37449120.0,9940480.0,17978720.0,4791840.0,0.73125,0.7368421052631579
1735,1735.0,1.0,320.0,93.0,227.0,22.33,304.0,100.0,204.0,19.74,368656.0,97016.0,884784.0,235320.0,2.0,0.0,51.0,10.0,0.0,4790.0,0.0,5e-05,20000000.0,3686560.0,970160.0,8847840.0,2353200.0,0.709375,0.6710526315789473
1736,1736.0,1.0,320.0,80.0,240.0,26.56,171.0,45.0,126.0,27.0,1942144.0,485536.0,1975848.0,519960.0,4.0,0.0,51.0,10.0,0.0,360.0,0.0,5e-05,20000000.0,19421440.0,4855360.0,19758480.0,5199600.0,0.75,0.7368421052631579
1737,1737.0,1.0,320.0,80.0,240.0,26.48,171.0,45.0,126.0,25.63,1915904.0,478976.0,1581384.0,421344.0,4.0,0.0,51.0,10.0,0.0,960.0,0.0,5e-05,20000000.0,19159040.0,4789760.0,15813840.0,4213440.0,0.75,0.7368421052631579
1738,1738.0,1.0,160.0,43.0,117.0,23.84,38.0,10.0,28.0,21.63,4254200.0,1150752.0,1337328.0,364048.0,14.0,0.0,51.0,10.0,0.0,2720.0,0.0,5e-05,20000000.0,42542000.0,11507520.0,13373280.0,3640480.0,0.73125,0.7368421052631579
1739,1739.0,1.0,160.0,43.0,117.0,20.31,38.0,10.0,28.0,20.11,3643584.0,914728.0,1452464.0,364048.0,14.0,0.0,51.0,10.0,0.0,4460.0,0.0,5e-05,20000000.0,36435840.0,9147280.0,14524640.0,3640480.0,0.73125,0.7368421052631579
1740,1740.0,1.0,320.0,80.0,240.0,26.6,304.0,93.0,211.0,25.58,487424.0,121856.0,1253320.0,347136.0,2.0,0.0,51.0,10.0,0.0,1890.0,0.0,5e-05,20000000.0,4874240.0,1218560.0,12533200.0,3471360.0,0.75,0.694078947368421
1741,1741.0,1.0,290.0,78.0,212.0,19.69,95.0,25.0,70.0,13.32,2768712.0,768776.0,430200.0,138088.0,7.0,0.0,51.0,10.0,0.0,3720.0,0.0,5e-05,20000000.0,27687120.0,7687760.0,4302000.0,1380880.0,0.7310344827586207,0.7368421052631579
1742,1742.0,1.0,320.0,80.0,240.0,26.0,171.0,52.0,119.0,22.95,1915904.0,478976.0,1220160.0,345352.0,4.0,0.0,51.0,10.0,0.0,3420.0,0.0,5e-05,20000000.0,19159040.0,4789760.0,12201600.0,3453520.0,0.75,0.695906432748538
1743,1743.0,1.0,160.0,43.0,117.0,24.71,38.0,10.0,28.0,25.58,4531696.0,1190744.0,1797872.0,479184.0,14.0,0.0,51.0,10.0,0.0,2040.0,0.0,5e-05,20000000.0,45316960.0,11907440.0,17978720.0,4791840.0,0.73125,0.7368421052631579
1744,1744.0,1.0,160.0,43.0,117.0,25.81,38.0,10.0,28.0,27.0,4765424.0,1249176.0,2258416.0,594320.0,14.0,0.0,51.0,10.0,0.0,2330.0,0.0,5e-05,20000000.0,47654240.0,12491760.0,22584160.0,5943200.0,0.73125,0.7368421052631579
1745,1745.0,1.0,290.0,80.0,210.0,25.99,95.0,25.0,70.0,27.0,4559272.0,1196632.0,2320888.0,610760.0,7.0,0.0,51.0,10.0,0.0,2080.0,0.0,5e-05,20000000.0,45592720.0,11966320.0,23208880.0,6107600.0,0.7241379310344828,0.7368421052631579
1746,1746.0,1.0,290.0,78.0,212.0,21.76,95.0,25.0,70.0,20.31,3549192.0,921096.0,1375544.0,374424.0,7.0,0.0,51.0,10.0,0.0,4030.0,0.0,5e-05,20000000.0,35491920.0,9210960.0,13755440.0,3744240.0,0.7310344827586207,0.7368421052631579
1747,1747.0,1.0,320.0,80.0,240.0,26.48,171.0,45.0,126.0,27.0,1915904.0,478976.0,1975848.0,519960.0,4.0,0.0,51.0,10.0,0.0,870.0,0.0,5e-05,20000000.0,19159040.0,4789760.0,19758480.0,5199600.0,0.75,0.7368421052631579
1748,1748.0,1.0,290.0,80.0,210.0,26.21,95.0,25.0,70.0,27.0,4549192.0,1232632.0,2320888.0,610760.0,7.0,0.0,51.0,10.0,0.0,1070.0,0.0,5e-05,20000000.0,45491920.0,12326320.0,23208880.0,6107600.0,0.7241379310344828,0.7368421052631579
1749,1749.0,1.0,320.0,80.0,240.0,26.54,171.0,45.0,126.0,27.0,1942144.0,485536.0,1975848.0,519960.0,4.0,0.0,51.0,10.0,0.0,1540.0,0.0,5e-05,20000000.0,19421440.0,4855360.0,19758480.0,5199600.0,0.75,0.7368421052631579
1750,1750.0,1.0,320.0,91.0,229.0,22.96,171.0,55.0,116.0,21.71,1423720.0,377496.0,1202992.0,337984.0,4.0,0.0,51.0,10.0,0.0,3910.0,0.0,5e-05,20000000.0,14237200.0,3774960.0,12029920.0,3379840.0,0.715625,0.6783625730994152
1751,1751.0,1.0,320.0,106.0,214.0,23.96,304.0,94.0,210.0,25.58,428152.0,118752.0,1275040.0,351616.0,2.0,0.0,51.0,10.0,0.0,1520.0,0.0,5e-05,20000000.0,4281520.0,1187520.0,12750400.0,3516160.0,0.66875,0.6907894736842105
1752,1752.0,1.0,320.0,80.0,240.0,26.65,304.0,80.0,224.0,27.0,494080.0,123520.0,1361920.0,358400.0,2.0,0.0,51.0,10.0,0.0,2290.0,0.0,5e-05,20000000.0,4940800.0,1235200.0,13619200.0,3584000.0,0.75,0.7368421052631579
1753,1753.0,1.0,320.0,80.0,240.0,26.2,304.0,92.0,212.0,24.26,487424.0,121856.0,1153760.0,316680.0,2.0,0.0,51.0,10.0,0.0,3420.0,0.0,5e-05,20000000.0,4874240.0,1218560.0,11537600.0,3166800.0,0.75,0.6973684210526315
1754,1754.0,1.0,320.0,93.0,227.0,21.41,171.0,49.0,122.0,22.53,1261656.0,343720.0,1052600.0,286776.0,4.0,0.0,51.0,10.0,0.0,4370.0,0.0,5e-05,20000000.0,12616560.0,3437200.0,10526000.0,2867760.0,0.709375,0.7134502923976608
1755,1755.0,1.0,320.0,94.0,226.0,25.25,304.0,80.0,224.0,27.0,452048.0,119536.0,1361920.0,358400.0,2.0,0.0,51.0,10.0,0.0,790.0,0.0,5e-05,20000000.0,4520480.0,1195360.0,13619200.0,3584000.0,0.70625,0.7368421052631579
1756,1756.0,1.0,160.0,44.0,116.0,26.26,38.0,10.0,28.0,27.0,5358560.0,1408400.0,2258416.0,594320.0,14.0,0.0,51.0,10.0,0.0,120.0,0.0,5e-05,20000000.0,53585600.0,14084000.0,22584160.0,5943200.0,0.725,0.7368421052631579
1757,1757.0,1.0,290.0,78.0,212.0,26.64,95.0,25.0,70.0,27.0,4781832.0,1280616.0,2320888.0,610760.0,7.0,0.0,51.0,10.0,0.0,170.0,0.0,5e-05,20000000.0,47818320.0,12806160.0,23208880.0,6107600.0,0.7310344827586207,0.7368421052631579
1758,1758.0,1.0,160.0,43.0,117.0,25.89,38.0,10.0,28.0,25.58,4804600.0,1288352.0,1797872.0,479184.0,14.0,0.0,51.0,10.0,0.0,1590.0,0.0,5e-05,20000000.0,48046000.0,12883520.0,17978720.0,4791840.0,0.73125,0.7368421052631579
1759,1759.0,1.0,160.0,43.0,117.0,23.74,38.0,10.0,28.0,22.79,3507304.0,954040.0,1797872.0,479184.0,14.0,0.0,51.0,10.0,0.0,3030.0,0.0,5e-05,20000000.0,35073040.0,9540400.0,17978720.0,4791840.0,0.73125,0.7368421052631579
1760,1760.0,1.0,160.0,43.0,117.0,26.61,38.0,10.0,28.0,27.0,5235144.0,1386000.0,2258416.0,594320.0,14.0,0.0,51.0,10.0,0.0,450.0,0.0,5e-05,20000000.0,52351440.0,13860000.0,22584160.0,5943200.0,0.73125,0.7368421052631579
1761,1761.0,1.0,320.0,98.0,222.0,23.06,304.0,96.0,208.0,21.62,363608.0,97280.0,910144.0,247632.0,2.0,0.0,51.0,10.0,0.0,4900.0,0.0,5e-05,20000000.0,3636080.0,972800.0,9101440.0,2476320.0,0.69375,0.6842105263157895
1762,1762.0,1.0,160.0,43.0,117.0,26.56,38.0,10.0,28.0,27.0,5355000.0,1425952.0,2258416.0,594320.0,14.0,0.0,51.0,10.0,0.0,180.0,0.0,5e-05,20000000.0,53550000.0,14259520.0,22584160.0,5943200.0,0.73125,0.7368421052631579
1763,1763.0,1.0,320.0,89.0,231.0,24.42,171.0,55.0,116.0,24.63,1616584.0,419632.0,1541960.0,430088.0,4.0,0.0,51.0,10.0,0.0,2370.0,0.0,5e-05,20000000.0,16165840.0,4196320.0,15419600.0,4300880.0,0.721875,0.6783625730994152
1764,1764.0,1.0,320.0,80.0,240.0,26.0,304.0,93.0,211.0,25.58,479744.0,119936.0,1253320.0,347136.0,2.0,0.0,51.0,10.0,0.0,1350.0,0.0,5e-05,20000000.0,4797440.0,1199360.0,12533200.0,3471360.0,0.75,0.694078947368421
1765,1765.0,1.0,290.0,78.0,212.0,22.72,95.0,26.0,69.0,23.21,3419272.0,905736.0,1657504.0,429160.0,7.0,0.0,51.0,10.0,0.0,3520.0,0.0,5e-05,20000000.0,34192720.0,9057360.0,16575040.0,4291600.0,0.7310344827586207,0.7263157894736842
1766,1766.0,1.0,320.0,92.0,228.0,25.3,304.0,80.0,224.0,27.0,449056.0,117856.0,1361920.0,358400.0,2.0,0.0,51.0,10.0,0.0,2140.0,0.0,5e-05,20000000.0,4490560.0,1178560.0,13619200.0,3584000.0,0.7125,0.7368421052631579
1767,1767.0,1.0,160.0,43.0,117.0,22.49,38.0,10.0,28.0,22.74,3567168.0,934800.0,1452464.0,364048.0,14.0,0.0,51.0,10.0,0.0,2840.0,0.0,5e-05,20000000.0,35671680.0,9348000.0,14524640.0,3640480.0,0.73125,0.7368421052631579
1768,1768.0,1.0,320.0,94.0,226.0,25.25,304.0,80.0,224.0,27.0,452048.0,119536.0,1361920.0,358400.0,2.0,0.0,51.0,10.0,0.0,1150.0,0.0,5e-05,20000000.0,4520480.0,1195360.0,13619200.0,3584000.0,0.70625,0.7368421052631579
1769,1769.0,1.0,160.0,43.0,117.0,25.51,38.0,10.0,28.0,25.58,4606784.0,1229104.0,1797872.0,479184.0,14.0,0.0,51.0,10.0,0.0,2890.0,0.0,5e-05,20000000.0,46067840.0,12291040.0,17978720.0,4791840.0,0.73125,0.7368421052631579
1770,1770.0,1.0,290.0,78.0,212.0,25.78,95.0,25.0,70.0,25.63,4111240.0,1112968.0,1857752.0,494976.0,7.0,0.0,51.0,10.0,0.0,960.0,0.0,5e-05,20000000.0,41112400.0,11129680.0,18577520.0,4949760.0,0.7310344827586207,0.7368421052631579
1771,1771.0,1.0,320.0,86.0,234.0,21.68,171.0,50.0,121.0,20.48,1204176.0,308616.0,1241200.0,330480.0,4.0,0.0,51.0,10.0,0.0,4790.0,0.0,5e-05,20000000.0,12041760.0,3086160.0,12412000.0,3304800.0,0.73125,0.7076023391812866
1772,1772.0,1.0,320.0,86.0,234.0,23.47,171.0,50.0,121.0,21.34,1424680.0,360152.0,1070704.0,296600.0,4.0,0.0,51.0,10.0,0.0,4900.0,0.0,5e-05,20000000.0,14246800.0,3601520.0,10707040.0,2966000.0,0.73125,0.7076023391812866
1773,1773.0,1.0,320.0,80.0,240.0,26.48,171.0,45.0,126.0,25.63,1915904.0,478976.0,1581384.0,421344.0,4.0,0.0,51.0,10.0,0.0,1100.0,0.0,5e-05,20000000.0,19159040.0,4789760.0,15813840.0,4213440.0,0.75,0.7368421052631579
1774,1774.0,1.0,160.0,43.0,117.0,23.37,38.0,10.0,28.0,20.0,4410904.0,1189928.0,1337328.0,364048.0,14.0,0.0,51.0,10.0,0.0,4020.0,0.0,5e-05,20000000.0,44109040.0,11899280.0,13373280.0,3640480.0,0.73125,0.7368421052631579
1775,1775.0,1.0,320.0,80.0,240.0,26.6,304.0,80.0,224.0,25.63,487424.0,121856.0,1089536.0,290304.0,2.0,0.0,51.0,10.0,0.0,700.0,0.0,5e-05,20000000.0,4874240.0,1218560.0,10895360.0,2903040.0,0.75,0.7368421052631579
1776,1776.0,1.0,290.0,78.0,212.0,15.67,95.0,26.0,69.0,13.4,1690152.0,460616.0,342816.0,100488.0,7.0,0.0,51.0,10.0,0.0,3710.0,0.0,5e-05,20000000.0,16901520.0,4606160.0,3428160.0,1004880.0,0.7310344827586207,0.7263157894736842
1777,1777.0,1.0,160.0,43.0,117.0,26.44,38.0,10.0,28.0,25.63,4923944.0,1308200.0,1806768.0,481408.0,14.0,0.0,51.0,10.0,0.0,1100.0,0.0,5e-05,20000000.0,49239440.0,13082000.0,18067680.0,4814080.0,0.73125,0.7368421052631579
1778,1778.0,1.0,320.0,94.0,226.0,25.25,304.0,80.0,224.0,27.0,452048.0,119536.0,1361920.0,358400.0,2.0,0.0,51.0,10.0,0.0,1030.0,0.0,5e-05,20000000.0,4520480.0,1195360.0,13619200.0,3584000.0,0.70625,0.7368421052631579
1779,1779.0,1.0,320.0,80.0,240.0,26.6,304.0,80.0,224.0,25.63,487424.0,121856.0,1089536.0,290304.0,2.0,0.0,51.0,10.0,0.0,900.0,0.0,5e-05,20000000.0,4874240.0,1218560.0,10895360.0,2903040.0,0.75,0.7368421052631579
1780,1780.0,1.0,320.0,80.0,240.0,26.2,304.0,94.0,210.0,25.58,487424.0,121856.0,1266352.0,351616.0,2.0,0.0,51.0,10.0,0.0,670.0,0.0,5e-05,20000000.0,4874240.0,1218560.0,12663520.0,3516160.0,0.75,0.6907894736842105
1781,1781.0,1.0,320.0,91.0,229.0,25.06,171.0,45.0,126.0,27.0,1679912.0,440088.0,1975848.0,519960.0,4.0,0.0,51.0,10.0,0.0,1230.0,0.0,5e-05,20000000.0,16799120.0,4400880.0,19758480.0,5199600.0,0.715625,0.7368421052631579
1782,1782.0,1.0,320.0,105.0,215.0,22.66,171.0,50.0,121.0,24.21,1376184.0,386976.0,1403992.0,379696.0,4.0,0.0,51.0,10.0,0.0,2310.0,0.0,5e-05,20000000.0,13761840.0,3869760.0,14039920.0,3796960.0,0.671875,0.7076023391812866
1783,1783.0,1.0,160.0,43.0,117.0,21.41,38.0,10.0,28.0,22.84,3230168.0,835544.0,1337328.0,364048.0,14.0,0.0,51.0,10.0,0.0,4370.0,0.0,5e-05,20000000.0,32301680.0,8355440.0,13373280.0,3640480.0,0.73125,0.7368421052631579
1784,1784.0,1.0,160.0,44.0,116.0,23.38,38.0,10.0,28.0,24.26,4259920.0,1153328.0,1797872.0,479184.0,14.0,0.0,51.0,10.0,0.0,2060.0,0.0,5e-05,20000000.0,42599200.0,11533280.0,17978720.0,4791840.0,0.725,0.7368421052631579
1785,1785.0,1.0,290.0,80.0,210.0,26.4,95.0,25.0,70.0,27.0,4686152.0,1266872.0,2320888.0,610760.0,7.0,0.0,51.0,10.0,0.0,930.0,0.0,5e-05,20000000.0,46861520.0,12668720.0,23208880.0,6107600.0,0.7241379310344828,0.7368421052631579
1786,1786.0,1.0,290.0,78.0,212.0,26.4,95.0,25.0,70.0,27.0,4703272.0,1248136.0,2320888.0,610760.0,7.0,0.0,51.0,10.0,0.0,610.0,0.0,5e-05,20000000.0,47032720.0,12481360.0,23208880.0,6107600.0,0.7310344827586207,0.7368421052631579
1787,1787.0,1.0,290.0,80.0,210.0,26.12,95.0,28.0,67.0,25.58,4480712.0,1215512.0,2126592.0,587592.0,7.0,0.0,51.0,10.0,0.0,1960.0,0.0,5e-05,20000000.0,44807120.0,12155120.0,21265920.0,5875920.0,0.7241379310344828,0.7052631578947368
1788,1788.0,1.0,160.0,43.0,117.0,21.99,38.0,10.0,28.0,24.16,3637392.0,967168.0,1797872.0,479184.0,14.0,0.0,51.0,10.0,0.0,4080.0,0.0,5e-05,20000000.0,36373920.0,9671680.0,17978720.0,4791840.0,0.73125,0.7368421052631579
1789,1789.0,1.0,290.0,78.0,212.0,25.58,95.0,25.0,70.0,25.58,4463592.0,1162536.0,1848216.0,492592.0,7.0,0.0,51.0,10.0,0.0,3740.0,0.0,5e-05,20000000.0,44635920.0,11625360.0,18482160.0,4925920.0,0.7310344827586207,0.7368421052631579
1790,1790.0,1.0,320.0,80.0,240.0,25.72,171.0,58.0,113.0,17.56,1915904.0,478976.0,577024.0,194128.0,4.0,0.0,51.0,10.0,0.0,5000.0,0.0,5e-05,20000000.0,19159040.0,4789760.0,5770240.0,1941280.0,0.75,0.6608187134502924
1791,1791.0,1.0,160.0,43.0,117.0,25.68,38.0,10.0,28.0,25.58,4824672.0,1249176.0,1913008.0,479184.0,14.0,0.0,51.0,10.0,0.0,1550.0,0.0,5e-05,20000000.0,48246720.0,12491760.0,19130080.0,4791840.0,0.73125,0.7368421052631579
1792,1792.0,1.0,290.0,78.0,212.0,23.62,95.0,26.0,69.0,21.6,3908712.0,1040936.0,1553784.0,416472.0,7.0,0.0,51.0,10.0,0.0,4760.0,0.0,5e-05,20000000.0,39087120.0,10409360.0,15537840.0,4164720.0,0.7310344827586207,0.7263157894736842
1793,1793.0,1.0,160.0,43.0,117.0,25.89,38.0,11.0,27.0,25.58,4814216.0,1280768.0,1970576.0,538616.0,14.0,0.0,51.0,10.0,0.0,1350.0,0.0,5e-05,20000000.0,48142160.0,12807680.0,19705760.0,5386160.0,0.73125,0.7105263157894737
1794,1794.0,1.0,290.0,79.0,211.0,24.29,95.0,27.0,68.0,23.89,4069832.0,1077744.0,1895568.0,496128.0,7.0,0.0,51.0,10.0,0.0,3080.0,0.0,5e-05,20000000.0,40698320.0,10777440.0,18955680.0,4961280.0,0.7275862068965517,0.7157894736842105
1795,1795.0,1.0,320.0,92.0,228.0,25.21,171.0,45.0,126.0,27.0,1767112.0,463768.0,1975848.0,519960.0,4.0,0.0,51.0,10.0,0.0,1660.0,0.0,5e-05,20000000.0,17671120.0,4637680.0,19758480.0,5199600.0,0.7125,0.7368421052631579
1796,1796.0,1.0,320.0,80.0,240.0,26.65,304.0,94.0,210.0,23.98,494080.0,123520.0,1123000.0,290800.0,2.0,0.0,51.0,10.0,0.0,3540.0,0.0,5e-05,20000000.0,4940800.0,1235200.0,11230000.0,2908000.0,0.75,0.6907894736842105
1797,1797.0,1.0,160.0,43.0,117.0,24.5,38.0,10.0,28.0,22.84,4353952.0,1131496.0,1452464.0,364048.0,14.0,0.0,51.0,10.0,0.0,4230.0,0.0,5e-05,20000000.0,43539520.0,11314960.0,14524640.0,3640480.0,0.73125,0.7368421052631579
1798,1798.0,1.0,290.0,78.0,212.0,21.59,95.0,25.0,70.0,25.29,3121192.0,852616.0,1848216.0,492592.0,7.0,0.0,51.0,10.0,0.0,4440.0,0.0,5e-05,20000000.0,31211920.0,8526160.0,18482160.0,4925920.0,0.7310344827586207,0.7368421052631579
1799,1799.0,1.0,320.0,92.0,228.0,25.1,171.0,45.0,126.0,27.0,1767112.0,463768.0,1975848.0,519960.0,4.0,0.0,51.0,10.0,0.0,2270.0,0.0,5e-05,20000000.0,17671120.0,4637680.0,19758480.0,5199600.0,0.7125,0.7368421052631579
1800,1800.0,1.0,320.0,92.0,228.0,24.45,171.0,48.0,123.0,25.58,1539848.0,406952.0,1637672.0,441800.0,4.0,0.0,51.0,10.0,0.0,2960.0,0.0,5e-05,20000000.0,15398480.0,4069520.0,16376720.0,4418000.0,0.7125,0.7192982456140351
1801,1801.0,1.0,320.0,88.0,232.0,22.1,171.0,48.0,123.0,22.58,1331432.0,335728.0,1198504.0,301080.0,4.0,0.0,51.0,10.0,0.0,4910.0,0.0,5e-05,20000000.0,13314320.0,3357280.0,11985040.0,3010800.0,0.725,0.7192982456140351
1802,1802.0,1.0,320.0,107.0,213.0,23.53,304.0,103.0,201.0,24.42,395992.0,109168.0,1183816.0,335464.0,2.0,0.0,51.0,10.0,0.0,2250.0,0.0,5e-05,20000000.0,3959920.0,1091680.0,11838160.0,3354640.0,0.665625,0.6611842105263158
1803,1803.0,1.0,320.0,80.0,240.0,26.6,304.0,100.0,204.0,23.45,487424.0,121856.0,1136032.0,291616.0,2.0,0.0,51.0,10.0,0.0,1830.0,0.0,5e-05,20000000.0,4874240.0,1218560.0,11360320.0,2916160.0,0.75,0.6710526315789473
1804,1804.0,1.0,320.0,80.0,240.0,26.5,304.0,110.0,194.0,22.91,479744.0,119936.0,1096936.0,292976.0,2.0,0.0,51.0,10.0,0.0,1240.0,0.0,5e-05,20000000.0,4797440.0,1199360.0,10969360.0,2929760.0,0.75,0.6381578947368421
1805,1805.0,1.0,160.0,43.0,117.0,26.33,38.0,10.0,28.0,27.0,5078216.0,1346768.0,2258416.0,594320.0,14.0,0.0,51.0,10.0,0.0,610.0,0.0,5e-05,20000000.0,50782160.0,13467680.0,22584160.0,5943200.0,0.73125,0.7368421052631579
1806,1806.0,1.0,160.0,43.0,117.0,24.52,38.0,10.0,28.0,24.16,4414168.0,1190744.0,1797872.0,479184.0,14.0,0.0,51.0,10.0,0.0,3480.0,0.0,5e-05,20000000.0,44141680.0,11907440.0,17978720.0,4791840.0,0.73125,0.7368421052631579
1807,1807.0,1.0,320.0,80.0,240.0,26.21,171.0,55.0,116.0,23.05,1942144.0,485536.0,1258336.0,337192.0,4.0,0.0,51.0,10.0,0.0,2680.0,0.0,5e-05,20000000.0,19421440.0,4855360.0,12583360.0,3371920.0,0.75,0.6783625730994152
1808,1808.0,1.0,290.0,85.0,205.0,25.3,95.0,29.0,66.0,24.73,4268712.0,1162272.0,1995312.0,535968.0,7.0,0.0,51.0,10.0,0.0,1250.0,0.0,5e-05,20000000.0,42687120.0,11622720.0,19953120.0,5359680.0,0.7068965517241379,0.6947368421052632
1809,1809.0,1.0,320.0,80.0,240.0,26.65,304.0,80.0,224.0,27.0,494080.0,123520.0,1361920.0,358400.0,2.0,0.0,51.0,10.0,0.0,1570.0,0.0,5e-05,20000000.0,4940800.0,1235200.0,13619200.0,3584000.0,0.75,0.7368421052631579
1810,1810.0,1.0,320.0,103.0,217.0,22.29,304.0,104.0,200.0,21.41,381296.0,104032.0,892768.0,253064.0,2.0,0.0,51.0,10.0,0.0,4390.0,0.0,5e-05,20000000.0,3812960.0,1040320.0,8927680.0,2530640.0,0.678125,0.6578947368421053
1811,1811.0,1.0,320.0,107.0,213.0,23.8,304.0,93.0,211.0,25.58,421856.0,118448.0,1266352.0,347136.0,2.0,0.0,51.0,10.0,0.0,1260.0,0.0,5e-05,20000000.0,4218560.0,1184480.0,12663520.0,3471360.0,0.665625,0.694078947368421
1812,1812.0,1.0,320.0,95.0,225.0,25.25,304.0,80.0,224.0,27.0,456872.0,121208.0,1361920.0,358400.0,2.0,0.0,51.0,10.0,0.0,860.0,0.0,5e-05,20000000.0,4568720.0,1212080.0,13619200.0,3584000.0,0.703125,0.7368421052631579
1813,1813.0,1.0,290.0,78.0,212.0,23.12,95.0,25.0,70.0,22.74,3453512.0,922856.0,1375544.0,374424.0,7.0,0.0,51.0,10.0,0.0,3510.0,0.0,5e-05,20000000.0,34535120.0,9228560.0,13755440.0,3744240.0,0.7310344827586207,0.7368421052631579
1814,1814.0,1.0,290.0,78.0,212.0,24.38,95.0,25.0,70.0,27.0,3977192.0,1040936.0,2320888.0,610760.0,7.0,0.0,51.0,10.0,0.0,3160.0,0.0,5e-05,20000000.0,39771920.0,10409360.0,23208880.0,6107600.0,0.7310344827586207,0.7368421052631579
1815,1815.0,1.0,160.0,43.0,117.0,26.44,38.0,10.0,28.0,27.0,5078440.0,1346824.0,2258416.0,594320.0,14.0,0.0,51.0,10.0,0.0,510.0,0.0,5e-05,20000000.0,50784400.0,13468240.0,22584160.0,5943200.0,0.73125,0.7368421052631579
1816,1816.0,1.0,320.0,80.0,240.0,26.6,304.0,80.0,224.0,27.0,487424.0,121856.0,1361920.0,358400.0,2.0,0.0,51.0,10.0,0.0,1790.0,0.0,5e-05,20000000.0,4874240.0,1218560.0,13619200.0,3584000.0,0.75,0.7368421052631579
1817,1817.0,1.0,160.0,43.0,117.0,21.07,38.0,10.0,28.0,18.47,3385904.0,913896.0,1337328.0,364048.0,14.0,0.0,51.0,10.0,0.0,4670.0,0.0,5e-05,20000000.0,33859040.0,9138960.0,13373280.0,3640480.0,0.73125,0.7368421052631579
1818,1818.0,1.0,320.0,80.0,240.0,26.54,171.0,45.0,126.0,27.0,1942144.0,485536.0,1975848.0,519960.0,4.0,0.0,51.0,10.0,0.0,240.0,0.0,5e-05,20000000.0,19421440.0,4855360.0,19758480.0,5199600.0,0.75,0.7368421052631579
1819,1819.0,1.0,290.0,78.0,212.0,24.13,95.0,26.0,69.0,23.37,3556232.0,939976.0,1659264.0,416472.0,7.0,0.0,51.0,10.0,0.0,3680.0,0.0,5e-05,20000000.0,35562320.0,9399760.0,16592640.0,4164720.0,0.7310344827586207,0.7263157894736842
1820,1820.0,1.0,320.0,89.0,231.0,25.15,171.0,45.0,126.0,27.0,1669608.0,432672.0,1975848.0,519960.0,4.0,0.0,51.0,10.0,0.0,2080.0,0.0,5e-05,20000000.0,16696080.0,4326720.0,19758480.0,5199600.0,0.721875,0.7368421052631579
1821,1821.0,1.0,160.0,43.0,117.0,24.71,38.0,10.0,28.0,27.0,4373664.0,1170824.0,2258416.0,594320.0,14.0,0.0,51.0,10.0,0.0,1640.0,0.0,5e-05,20000000.0,43736640.0,11708240.0,22584160.0,5943200.0,0.73125,0.7368421052631579
1822,1822.0,1.0,160.0,44.0,116.0,26.44,38.0,10.0,28.0,27.0,5395728.0,1447728.0,2258416.0,594320.0,14.0,0.0,51.0,10.0,0.0,240.0,0.0,5e-05,20000000.0,53957280.0,14477280.0,22584160.0,5943200.0,0.725,0.7368421052631579
1823,1823.0,1.0,320.0,80.0,240.0,26.52,171.0,58.0,113.0,23.53,1942144.0,485536.0,1463504.0,387312.0,4.0,0.0,51.0,10.0,0.0,1510.0,0.0,5e-05,20000000.0,19421440.0,4855360.0,14635040.0,3873120.0,0.75,0.6608187134502924
1824,1824.0,1.0,160.0,43.0,117.0,19.71,38.0,10.0,28.0,14.37,2948224.0,780064.0,79728.0,20864.0,14.0,0.0,51.0,10.0,0.0,3420.0,0.0,5e-05,20000000.0,29482240.0,7800640.0,797280.0,208640.0,0.73125,0.7368421052631579
1825,1825.0,1.0,290.0,78.0,212.0,23.83,95.0,25.0,70.0,27.0,3230952.0,854376.0,2320888.0,610760.0,7.0,0.0,51.0,10.0,0.0,4870.0,0.0,5e-05,20000000.0,32309520.0,8543760.0,23208880.0,6107600.0,0.7310344827586207,0.7368421052631579
1826,1826.0,1.0,320.0,80.0,240.0,26.08,171.0,55.0,116.0,23.71,1915904.0,478976.0,1405176.0,368120.0,4.0,0.0,51.0,10.0,0.0,2050.0,0.0,5e-05,20000000.0,19159040.0,4789760.0,14051760.0,3681200.0,0.75,0.6783625730994152
1827,1827.0,1.0,320.0,106.0,214.0,19.07,304.0,101.0,203.0,21.11,284816.0,76888.0,940552.0,252656.0,2.0,0.0,51.0,10.0,0.0,4930.0,0.0,5e-05,20000000.0,2848160.0,768880.0,9405520.0,2526560.0,0.66875,0.6677631578947368
1828,1828.0,1.0,320.0,80.0,240.0,26.5,171.0,45.0,126.0,27.0,1915904.0,478976.0,1975848.0,519960.0,4.0,0.0,51.0,10.0,0.0,720.0,0.0,5e-05,20000000.0,19159040.0,4789760.0,19758480.0,5199600.0,0.75,0.7368421052631579
1829,1829.0,1.0,290.0,79.0,211.0,26.17,95.0,28.0,67.0,25.58,4542152.0,1212944.0,2235136.0,614728.0,7.0,0.0,51.0,10.0,0.0,1610.0,0.0,5e-05,20000000.0,45421520.0,12129440.0,22351360.0,6147280.0,0.7275862068965517,0.7052631578947368
1830,1830.0,1.0,290.0,87.0,203.0,23.2,95.0,26.0,69.0,24.46,3754632.0,1048208.0,2024176.0,534184.0,7.0,0.0,51.0,10.0,0.0,2310.0,0.0,5e-05,20000000.0,37546320.0,10482080.0,20241760.0,5341840.0,0.7,0.7263157894736842
1831,1831.0,1.0,290.0,85.0,205.0,24.46,95.0,33.0,62.0,23.31,4029032.0,1076672.0,1812824.0,526376.0,7.0,0.0,51.0,10.0,0.0,1240.0,0.0,5e-05,20000000.0,40290320.0,10766720.0,18128240.0,5263760.0,0.7068965517241379,0.6526315789473685
1832,1832.0,1.0,290.0,80.0,210.0,25.66,95.0,26.0,69.0,25.58,4216872.0,1145272.0,2023328.0,546872.0,7.0,0.0,51.0,10.0,0.0,2890.0,0.0,5e-05,20000000.0,42168720.0,11452720.0,20233280.0,5468720.0,0.7241379310344828,0.7263157894736842
1833,1833.0,1.0,290.0,81.0,209.0,24.87,95.0,28.0,67.0,25.01,3874472.0,1043360.0,2025088.0,562216.0,7.0,0.0,51.0,10.0,0.0,2210.0,0.0,5e-05,20000000.0,38744720.0,10433600.0,20250880.0,5622160.0,0.7206896551724138,0.7052631578947368
1834,1834.0,1.0,320.0,89.0,231.0,23.85,304.0,92.0,212.0,22.9,415424.0,107648.0,1088248.0,281840.0,2.0,0.0,51.0,10.0,0.0,4820.0,0.0,5e-05,20000000.0,4154240.0,1076480.0,10882480.0,2818400.0,0.721875,0.6973684210526315
1835,1835.0,1.0,160.0,43.0,117.0,26.22,38.0,10.0,28.0,27.0,5041592.0,1347600.0,2258416.0,594320.0,14.0,0.0,51.0,10.0,0.0,1560.0,0.0,5e-05,20000000.0,50415920.0,13476000.0,22584160.0,5943200.0,0.73125,0.7368421052631579
1836,1836.0,1.0,320.0,92.0,228.0,24.28,304.0,101.0,203.0,22.56,404032.0,104992.0,970960.0,265688.0,2.0,0.0,51.0,10.0,0.0,3680.0,0.0,5e-05,20000000.0,4040320.0,1049920.0,9709600.0,2656880.0,0.7125,0.6677631578947368
1837,1837.0,1.0,160.0,43.0,117.0,26.27,38.0,10.0,28.0,27.0,5041592.0,1347600.0,2258416.0,594320.0,14.0,0.0,51.0,10.0,0.0,3850.0,0.0,5e-05,20000000.0,50415920.0,13476000.0,22584160.0,5943200.0,0.73125,0.7368421052631579
1838,1838.0,1.0,160.0,44.0,116.0,26.44,38.0,10.0,28.0,27.0,5255896.0,1407776.0,2258416.0,594320.0,14.0,0.0,51.0,10.0,0.0,310.0,0.0,5e-05,20000000.0,52558960.0,14077760.0,22584160.0,5943200.0,0.725,0.7368421052631579
1839,1839.0,1.0,160.0,44.0,116.0,26.1,38.0,10.0,28.0,27.0,5241256.0,1408456.0,2258416.0,594320.0,14.0,0.0,51.0,10.0,0.0,2270.0,0.0,5e-05,20000000.0,52412560.0,14084560.0,22584160.0,5943200.0,0.725,0.7368421052631579
1840,1840.0,1.0,290.0,80.0,210.0,26.31,95.0,25.0,70.0,27.0,4634792.0,1249752.0,2320888.0,610760.0,7.0,0.0,51.0,10.0,0.0,830.0,0.0,5e-05,20000000.0,46347920.0,12497520.0,23208880.0,6107600.0,0.7241379310344828,0.7368421052631579
1841,1841.0,1.0,320.0,80.0,240.0,26.23,171.0,54.0,117.0,22.75,1942144.0,485536.0,1190640.0,337056.0,4.0,0.0,51.0,10.0,0.0,3670.0,0.0,5e-05,20000000.0,19421440.0,4855360.0,11906400.0,3370560.0,0.75,0.6842105263157895
1842,1842.0,1.0,320.0,96.0,224.0,22.8,171.0,52.0,119.0,22.14,1427224.0,367208.0,1259880.0,328800.0,4.0,0.0,51.0,10.0,0.0,3250.0,0.0,5e-05,20000000.0,14272240.0,3672080.0,12598800.0,3288000.0,0.7,0.695906432748538
1843,1843.0,1.0,160.0,43.0,117.0,23.83,38.0,10.0,28.0,22.74,4623560.0,1169080.0,1913008.0,479184.0,14.0,0.0,51.0,10.0,0.0,4290.0,0.0,5e-05,20000000.0,46235600.0,11690800.0,19130080.0,4791840.0,0.73125,0.7368421052631579
1844,1844.0,1.0,160.0,43.0,117.0,23.09,38.0,10.0,28.0,18.79,3509480.0,954584.0,1346224.0,366272.0,14.0,0.0,51.0,10.0,0.0,3800.0,0.0,5e-05,20000000.0,35094800.0,9545840.0,13462240.0,3662720.0,0.73125,0.7368421052631579
1845,1845.0,1.0,320.0,92.0,228.0,24.86,171.0,52.0,119.0,25.58,1767112.0,463768.0,1659848.0,459720.0,4.0,0.0,51.0,10.0,0.0,1690.0,0.0,5e-05,20000000.0,17671120.0,4637680.0,16598480.0,4597200.0,0.7125,0.695906432748538
1846,1846.0,1.0,290.0,78.0,212.0,26.36,95.0,25.0,70.0,27.0,4576392.0,1229256.0,2320888.0,610760.0,7.0,0.0,51.0,10.0,0.0,2560.0,0.0,5e-05,20000000.0,45763920.0,12292560.0,23208880.0,6107600.0,0.7310344827586207,0.7368421052631579
1847,1847.0,1.0,290.0,85.0,205.0,24.68,95.0,29.0,66.0,25.01,3823112.0,1046592.0,2130112.0,589360.0,7.0,0.0,51.0,10.0,0.0,2100.0,0.0,5e-05,20000000.0,38231120.0,10465920.0,21301120.0,5893600.0,0.7068965517241379,0.6947368421052632
1848,1848.0,1.0,320.0,89.0,231.0,25.3,304.0,80.0,224.0,27.0,434584.0,112840.0,1361920.0,358400.0,2.0,0.0,51.0,10.0,0.0,3980.0,0.0,5e-05,20000000.0,4345840.0,1128400.0,13619200.0,3584000.0,0.721875,0.7368421052631579
1849,1849.0,1.0,320.0,80.0,240.0,26.52,171.0,45.0,126.0,27.0,1942144.0,485536.0,1975848.0,519960.0,4.0,0.0,51.0,10.0,0.0,3850.0,0.0,5e-05,20000000.0,19421440.0,4855360.0,19758480.0,5199600.0,0.75,0.7368421052631579
1850,1850.0,1.0,160.0,43.0,117.0,25.42,38.0,10.0,28.0,25.58,4608720.0,1210000.0,1797872.0,479184.0,14.0,0.0,51.0,10.0,0.0,2620.0,0.0,5e-05,20000000.0,46087200.0,12100000.0,17978720.0,4791840.0,0.73125,0.7368421052631579
1851,1851.0,1.0,320.0,80.0,240.0,26.3,304.0,95.0,209.0,24.52,494080.0,123520.0,1075920.0,304144.0,2.0,0.0,51.0,10.0,0.0,4710.0,0.0,5e-05,20000000.0,4940800.0,1235200.0,10759200.0,3041440.0,0.75,0.6875
1852,1852.0,1.0,320.0,110.0,210.0,22.6,304.0,102.0,202.0,22.81,389336.0,109304.0,1070872.0,296232.0,2.0,0.0,51.0,10.0,0.0,3700.0,0.0,5e-05,20000000.0,3893360.0,1093040.0,10708720.0,2962320.0,0.65625,0.6644736842105263
1853,1853.0,1.0,290.0,79.0,211.0,25.89,95.0,25.0,70.0,27.0,4285352.0,1161584.0,2320888.0,610760.0,7.0,0.0,51.0,10.0,0.0,2450.0,0.0,5e-05,20000000.0,42853520.0,11615840.0,23208880.0,6107600.0,0.7275862068965517,0.7368421052631579
1854,1854.0,1.0,290.0,78.0,212.0,18.79,95.0,25.0,70.0,23.06,2648872.0,700296.0,1848216.0,492592.0,7.0,0.0,51.0,10.0,0.0,4240.0,0.0,5e-05,20000000.0,26488720.0,7002960.0,18482160.0,4925920.0,0.7310344827586207,0.7368421052631579
1855,1855.0,1.0,320.0,80.0,240.0,26.56,171.0,45.0,126.0,27.0,1942144.0,485536.0,1975848.0,519960.0,4.0,0.0,51.0,10.0,0.0,390.0,0.0,5e-05,20000000.0,19421440.0,4855360.0,19758480.0,5199600.0,0.75,0.7368421052631579
1856,1856.0,1.0,320.0,80.0,240.0,26.6,304.0,80.0,224.0,27.0,487424.0,121856.0,1361920.0,358400.0,2.0,0.0,51.0,10.0,0.0,740.0,0.0,5e-05,20000000.0,4874240.0,1218560.0,13619200.0,3584000.0,0.75,0.7368421052631579
1857,1857.0,1.0,320.0,80.0,240.0,26.41,171.0,54.0,117.0,25.58,1880192.0,470048.0,1875152.0,523256.0,4.0,0.0,51.0,10.0,0.0,100.0,0.0,5e-05,20000000.0,18801920.0,4700480.0,18751520.0,5232560.0,0.75,0.6842105263157895
1858,1858.0,1.0,320.0,91.0,229.0,25.15,171.0,58.0,113.0,22.91,1716648.0,449056.0,1384640.0,378216.0,4.0,0.0,51.0,10.0,0.0,2200.0,0.0,5e-05,20000000.0,17166480.0,4490560.0,13846400.0,3782160.0,0.715625,0.6608187134502924
1859,1859.0,1.0,160.0,43.0,117.0,24.54,38.0,10.0,28.0,24.26,4334488.0,1170824.0,1797872.0,479184.0,14.0,0.0,51.0,10.0,0.0,2880.0,0.0,5e-05,20000000.0,43344880.0,11708240.0,17978720.0,4791840.0,0.73125,0.7368421052631579
1860,1860.0,1.0,320.0,98.0,222.0,19.53,171.0,46.0,125.0,22.63,1103624.0,294648.0,1450400.0,387768.0,4.0,0.0,51.0,10.0,0.0,4610.0,0.0,5e-05,20000000.0,11036240.0,2946480.0,14504000.0,3877680.0,0.69375,0.7309941520467836
1861,1861.0,1.0,320.0,93.0,227.0,24.95,304.0,93.0,211.0,25.58,453880.0,119528.0,1253320.0,347136.0,2.0,0.0,51.0,10.0,0.0,1690.0,0.0,5e-05,20000000.0,4538800.0,1195280.0,12533200.0,3471360.0,0.709375,0.694078947368421
1862,1862.0,1.0,320.0,105.0,215.0,23.57,304.0,92.0,212.0,25.25,418504.0,117080.0,1240288.0,342656.0,2.0,0.0,51.0,10.0,0.0,2180.0,0.0,5e-05,20000000.0,4185040.0,1170800.0,12402880.0,3426560.0,0.671875,0.6973684210526315
1863,1863.0,1.0,320.0,80.0,240.0,26.6,304.0,80.0,224.0,27.0,487424.0,121856.0,1361920.0,358400.0,2.0,0.0,51.0,10.0,0.0,150.0,0.0,5e-05,20000000.0,4874240.0,1218560.0,13619200.0,3584000.0,0.75,0.7368421052631579
1864,1864.0,1.0,160.0,43.0,117.0,22.59,38.0,10.0,28.0,21.42,3583720.0,973144.0,1337328.0,364048.0,14.0,0.0,51.0,10.0,0.0,4380.0,0.0,5e-05,20000000.0,35837200.0,9731440.0,13373280.0,3640480.0,0.73125,0.7368421052631579
1865,1865.0,1.0,290.0,78.0,212.0,24.37,95.0,26.0,69.0,22.79,3194632.0,883816.0,1033248.0,299352.0,7.0,0.0,51.0,10.0,0.0,3300.0,0.0,5e-05,20000000.0,31946320.0,8838160.0,10332480.0,2993520.0,0.7310344827586207,0.7263157894736842
1866,1866.0,1.0,160.0,43.0,117.0,26.4,38.0,10.0,28.0,27.0,5078216.0,1346768.0,2258416.0,594320.0,14.0,0.0,51.0,10.0,0.0,630.0,0.0,5e-05,20000000.0,50782160.0,13467680.0,22584160.0,5943200.0,0.73125,0.7368421052631579
1867,1867.0,1.0,320.0,109.0,211.0,19.33,304.0,101.0,203.0,19.71,273560.0,77080.0,784168.0,226592.0,2.0,0.0,51.0,10.0,0.0,4920.0,0.0,5e-05,20000000.0,2735600.0,770800.0,7841680.0,2265920.0,0.659375,0.6677631578947368
1868,1868.0,1.0,320.0,80.0,240.0,26.6,304.0,92.0,212.0,24.47,487424.0,121856.0,1153408.0,316592.0,2.0,0.0,51.0,10.0,0.0,4230.0,0.0,5e-05,20000000.0,4874240.0,1218560.0,11534080.0,3165920.0,0.75,0.6973684210526315
1869,1869.0,1.0,290.0,80.0,210.0,24.5,95.0,25.0,70.0,25.58,4011432.0,1076792.0,1848216.0,492592.0,7.0,0.0,51.0,10.0,0.0,2830.0,0.0,5e-05,20000000.0,40114320.0,10767920.0,18482160.0,4925920.0,0.7241379310344828,0.7368421052631579
1870,1870.0,1.0,320.0,99.0,221.0,22.76,171.0,57.0,114.0,23.05,1452456.0,394192.0,1276664.0,378488.0,4.0,0.0,51.0,10.0,0.0,3070.0,0.0,5e-05,20000000.0,14524560.0,3941920.0,12766640.0,3784880.0,0.690625,0.6666666666666666
1871,1871.0,1.0,320.0,80.0,240.0,26.6,304.0,80.0,224.0,27.0,487424.0,121856.0,1361920.0,358400.0,2.0,0.0,51.0,10.0,0.0,30.0,0.0,5e-05,20000000.0,4874240.0,1218560.0,13619200.0,3584000.0,0.75,0.7368421052631579
1872,1872.0,1.0,290.0,78.0,212.0,25.72,95.0,25.0,70.0,27.0,4289832.0,1144776.0,2320888.0,610760.0,7.0,0.0,51.0,10.0,0.0,3570.0,0.0,5e-05,20000000.0,42898320.0,11447760.0,23208880.0,6107600.0,0.7310344827586207,0.7368421052631579
1873,1873.0,1.0,290.0,78.0,212.0,21.22,95.0,25.0,70.0,21.68,3223912.0,869736.0,1375544.0,374424.0,7.0,0.0,51.0,10.0,0.0,4730.0,0.0,5e-05,20000000.0,32239120.0,8697360.0,13755440.0,3744240.0,0.7310344827586207,0.7368421052631579
1874,1874.0,1.0,320.0,84.0,236.0,23.81,171.0,46.0,125.0,21.36,1616344.0,411272.0,1072792.0,291120.0,4.0,0.0,51.0,10.0,0.0,4760.0,0.0,5e-05,20000000.0,16163440.0,4112720.0,10727920.0,2911200.0,0.7375,0.7309941520467836
1875,1875.0,1.0,320.0,92.0,228.0,24.99,304.0,80.0,224.0,27.0,449056.0,117856.0,1361920.0,358400.0,2.0,0.0,51.0,10.0,0.0,2640.0,0.0,5e-05,20000000.0,4490560.0,1178560.0,13619200.0,3584000.0,0.7125,0.7368421052631579
1876,1876.0,1.0,160.0,43.0,117.0,25.32,38.0,10.0,28.0,24.26,4527816.0,1209168.0,1797872.0,479184.0,14.0,0.0,51.0,10.0,0.0,3730.0,0.0,5e-05,20000000.0,45278160.0,12091680.0,17978720.0,4791840.0,0.73125,0.7368421052631579
1877,1877.0,1.0,160.0,43.0,117.0,21.82,38.0,10.0,28.0,21.32,3305616.0,893824.0,1337328.0,364048.0,14.0,0.0,51.0,10.0,0.0,4180.0,0.0,5e-05,20000000.0,33056160.0,8938240.0,13373280.0,3640480.0,0.73125,0.7368421052631579
1878,1878.0,1.0,290.0,88.0,202.0,23.92,95.0,29.0,66.0,24.22,3977192.0,1117496.0,2183472.0,602928.0,7.0,0.0,51.0,10.0,0.0,1700.0,0.0,5e-05,20000000.0,39771920.0,11174960.0,21834720.0,6029280.0,0.696551724137931,0.6947368421052632
1879,1879.0,1.0,320.0,152.0,168.0,6.05,304.0,196.0,108.0,2.13,75776.0,23552.0,41344.0,26656.0,2.0,0.0,51.0,10.0,0.0,2000.0,0.0,5e-05,20000000.0,757760.0,235520.0,413440.0,266560.0,0.525,0.3552631578947368
1880,1880.0,1.0,290.0,78.0,212.0,26.12,95.0,25.0,70.0,27.0,4439432.0,1195016.0,2320888.0,610760.0,7.0,0.0,51.0,10.0,0.0,3150.0,0.0,5e-05,20000000.0,44394320.0,11950160.0,23208880.0,6107600.0,0.7310344827586207,0.7368421052631579
1881,1881.0,1.0,160.0,43.0,117.0,25.75,38.0,10.0,28.0,25.58,5041592.0,1347600.0,1797872.0,479184.0,14.0,0.0,51.0,10.0,0.0,2350.0,0.0,5e-05,20000000.0,50415920.0,13476000.0,17978720.0,4791840.0,0.73125,0.7368421052631579
1882,1882.0,1.0,160.0,44.0,116.0,25.92,38.0,10.0,28.0,27.0,5162680.0,1330048.0,2258416.0,594320.0,14.0,0.0,51.0,10.0,0.0,1040.0,0.0,5e-05,20000000.0,51626800.0,13300480.0,22584160.0,5943200.0,0.725,0.7368421052631579
1883,1883.0,1.0,320.0,95.0,225.0,23.89,171.0,52.0,119.0,24.16,1477480.0,392272.0,1704984.0,452328.0,4.0,0.0,51.0,10.0,0.0,3330.0,0.0,5e-05,20000000.0,14774800.0,3922720.0,17049840.0,4523280.0,0.703125,0.695906432748538
1884,1884.0,1.0,320.0,95.0,225.0,24.43,304.0,91.0,213.0,25.58,431144.0,114776.0,1227256.0,338176.0,2.0,0.0,51.0,10.0,0.0,2030.0,0.0,5e-05,20000000.0,4311440.0,1147760.0,12272560.0,3381760.0,0.703125,0.7006578947368421
1885,1885.0,1.0,320.0,80.0,240.0,26.65,304.0,80.0,224.0,27.0,494080.0,123520.0,1361920.0,358400.0,2.0,0.0,51.0,10.0,0.0,210.0,0.0,5e-05,20000000.0,4940800.0,1235200.0,13619200.0,3584000.0,0.75,0.7368421052631579
1886,1886.0,1.0,320.0,89.0,231.0,25.3,304.0,80.0,224.0,27.0,434584.0,112840.0,1361920.0,358400.0,2.0,0.0,51.0,10.0,0.0,2790.0,0.0,5e-05,20000000.0,4345840.0,1128400.0,13619200.0,3584000.0,0.721875,0.7368421052631579
1887,1887.0,1.0,320.0,87.0,233.0,22.54,171.0,52.0,119.0,23.39,1474160.0,378784.0,1485400.0,412600.0,4.0,0.0,51.0,10.0,0.0,4970.0,0.0,5e-05,20000000.0,14741600.0,3787840.0,14854000.0,4126000.0,0.728125,0.695906432748538
1888,1888.0,1.0,290.0,78.0,212.0,26.64,95.0,25.0,70.0,27.0,4781832.0,1280616.0,2320888.0,610760.0,7.0,0.0,51.0,10.0,0.0,210.0,0.0,5e-05,20000000.0,47818320.0,12806160.0,23208880.0,6107600.0,0.7310344827586207,0.7368421052631579
1889,1889.0,1.0,160.0,45.0,115.0,24.71,38.0,10.0,28.0,27.0,4455088.0,1193472.0,2258416.0,594320.0,14.0,0.0,51.0,10.0,0.0,1760.0,0.0,5e-05,20000000.0,44550880.0,11934720.0,22584160.0,5943200.0,0.71875,0.7368421052631579
1890,1890.0,1.0,320.0,88.0,232.0,24.35,171.0,56.0,115.0,20.58,1665488.0,430960.0,1000504.0,266968.0,4.0,0.0,51.0,10.0,0.0,3020.0,0.0,5e-05,20000000.0,16654880.0,4309600.0,10005040.0,2669680.0,0.725,0.672514619883041
1891,1891.0,1.0,320.0,104.0,216.0,21.13,304.0,91.0,213.0,22.88,328592.0,92528.0,915776.0,257048.0,2.0,0.0,51.0,10.0,0.0,4060.0,0.0,5e-05,20000000.0,3285920.0,925280.0,9157760.0,2570480.0,0.675,0.7006578947368421
1892,1892.0,1.0,320.0,80.0,240.0,26.65,304.0,80.0,224.0,27.0,494080.0,123520.0,1361920.0,358400.0,2.0,0.0,51.0,10.0,0.0,1620.0,0.0,5e-05,20000000.0,4940800.0,1235200.0,13619200.0,3584000.0,0.75,0.7368421052631579
1893,1893.0,1.0,320.0,106.0,214.0,23.46,304.0,101.0,203.0,24.18,391168.0,110712.0,1144720.0,330848.0,2.0,0.0,51.0,10.0,0.0,2630.0,0.0,5e-05,20000000.0,3911680.0,1107120.0,11447200.0,3308480.0,0.66875,0.6677631578947368
1894,1894.0,1.0,290.0,82.0,208.0,25.66,95.0,27.0,68.0,24.44,4370952.0,1181128.0,1759400.0,468992.0,7.0,0.0,51.0,10.0,0.0,2650.0,0.0,5e-05,20000000.0,43709520.0,11811280.0,17594000.0,4689920.0,0.7172413793103448,0.7157894736842105
1895,1895.0,1.0,320.0,94.0,226.0,25.12,171.0,45.0,126.0,27.0,1742272.0,460552.0,1975848.0,519960.0,4.0,0.0,51.0,10.0,0.0,1110.0,0.0,5e-05,20000000.0,17422720.0,4605520.0,19758480.0,5199600.0,0.70625,0.7368421052631579
1896,1896.0,1.0,320.0,80.0,240.0,26.65,304.0,80.0,224.0,27.0,494080.0,123520.0,1361920.0,358400.0,2.0,0.0,51.0,10.0,0.0,260.0,0.0,5e-05,20000000.0,4940800.0,1235200.0,13619200.0,3584000.0,0.75,0.7368421052631579
1897,1897.0,1.0,320.0,80.0,240.0,26.3,304.0,102.0,202.0,22.87,494080.0,123520.0,1014400.0,283200.0,2.0,0.0,51.0,10.0,0.0,3670.0,0.0,5e-05,20000000.0,4940800.0,1235200.0,10144000.0,2832000.0,0.75,0.6644736842105263
1898,1898.0,1.0,320.0,80.0,240.0,26.6,304.0,110.0,194.0,24.18,487424.0,121856.0,1214224.0,358136.0,2.0,0.0,51.0,10.0,0.0,600.0,0.0,5e-05,20000000.0,4874240.0,1218560.0,12142240.0,3581360.0,0.75,0.6381578947368421
1899,1899.0,1.0,320.0,114.0,206.0,21.01,304.0,102.0,202.0,22.63,370264.0,96752.0,1114312.0,287544.0,2.0,0.0,51.0,10.0,0.0,2120.0,0.0,5e-05,20000000.0,3702640.0,967520.0,11143120.0,2875440.0,0.64375,0.6644736842105263
1900,1900.0,1.0,320.0,114.0,206.0,19.69,304.0,105.0,199.0,21.39,326848.0,91928.0,1005712.0,274920.0,2.0,0.0,51.0,10.0,0.0,3170.0,0.0,5e-05,20000000.0,3268480.0,919280.0,10057120.0,2749200.0,0.64375,0.6546052631578947
1901,1901.0,1.0,320.0,80.0,240.0,26.65,304.0,91.0,213.0,24.82,494080.0,123520.0,1188160.0,325144.0,2.0,0.0,51.0,10.0,0.0,2590.0,0.0,5e-05,20000000.0,4940800.0,1235200.0,11881600.0,3251440.0,0.75,0.7006578947368421
1902,1902.0,1.0,320.0,80.0,240.0,26.41,171.0,52.0,119.0,25.13,1880192.0,470048.0,1733320.0,473568.0,4.0,0.0,51.0,10.0,0.0,1420.0,0.0,5e-05,20000000.0,18801920.0,4700480.0,17333200.0,4735680.0,0.75,0.695906432748538
1903,1903.0,1.0,290.0,78.0,212.0,24.31,95.0,25.0,70.0,25.58,3377992.0,903976.0,1848216.0,492592.0,7.0,0.0,51.0,10.0,0.0,3950.0,0.0,5e-05,20000000.0,33779920.0,9039760.0,18482160.0,4925920.0,0.7310344827586207,0.7368421052631579
1904,1904.0,1.0,320.0,80.0,240.0,26.3,304.0,90.0,214.0,25.58,494080.0,123520.0,1214224.0,333696.0,2.0,0.0,51.0,10.0,0.0,2350.0,0.0,5e-05,20000000.0,4940800.0,1235200.0,12142240.0,3336960.0,0.75,0.7039473684210527
1905,1905.0,1.0,320.0,111.0,209.0,22.42,304.0,100.0,204.0,23.93,376696.0,111032.0,1105624.0,322024.0,2.0,0.0,51.0,10.0,0.0,2920.0,0.0,5e-05,20000000.0,3766960.0,1110320.0,11056240.0,3220240.0,0.653125,0.6710526315789473
1906,1906.0,1.0,320.0,90.0,230.0,23.8,171.0,48.0,123.0,25.58,1463960.0,388008.0,1565792.0,423608.0,4.0,0.0,51.0,10.0,0.0,3820.0,0.0,5e-05,20000000.0,14639600.0,3880080.0,15657920.0,4236080.0,0.71875,0.7192982456140351
1907,1907.0,1.0,320.0,80.0,240.0,26.48,171.0,52.0,119.0,25.58,1915904.0,478976.0,1696232.0,468816.0,4.0,0.0,51.0,10.0,0.0,1910.0,0.0,5e-05,20000000.0,19159040.0,4789760.0,16962320.0,4688160.0,0.75,0.695906432748538
1908,1908.0,1.0,320.0,80.0,240.0,26.52,171.0,45.0,126.0,27.0,1942144.0,485536.0,1975848.0,519960.0,4.0,0.0,51.0,10.0,0.0,2470.0,0.0,5e-05,20000000.0,19421440.0,4855360.0,19758480.0,5199600.0,0.75,0.7368421052631579
1909,1909.0,1.0,320.0,99.0,221.0,23.86,171.0,50.0,121.0,25.58,1615392.0,434008.0,1769408.0,468952.0,4.0,0.0,51.0,10.0,0.0,2260.0,0.0,5e-05,20000000.0,16153920.0,4340080.0,17694080.0,4689520.0,0.690625,0.7076023391812866
1910,1910.0,1.0,320.0,80.0,240.0,26.48,171.0,45.0,126.0,25.63,1915904.0,478976.0,1581384.0,421344.0,4.0,0.0,51.0,10.0,0.0,1920.0,0.0,5e-05,20000000.0,19159040.0,4789760.0,15813840.0,4213440.0,0.75,0.7368421052631579
1911,1911.0,1.0,320.0,80.0,240.0,26.56,171.0,45.0,126.0,27.0,1942144.0,485536.0,1975848.0,519960.0,4.0,0.0,51.0,10.0,0.0,1730.0,0.0,5e-05,20000000.0,19421440.0,4855360.0,19758480.0,5199600.0,0.75,0.7368421052631579
1912,1912.0,1.0,320.0,80.0,240.0,26.1,171.0,52.0,119.0,25.58,1915904.0,478976.0,1659848.0,459720.0,4.0,0.0,51.0,10.0,0.0,670.0,0.0,5e-05,20000000.0,19159040.0,4789760.0,16598480.0,4597200.0,0.75,0.695906432748538
1913,1913.0,1.0,290.0,91.0,199.0,24.91,95.0,28.0,67.0,25.58,4241032.0,1190160.0,2124832.0,574024.0,7.0,0.0,51.0,10.0,0.0,970.0,0.0,5e-05,20000000.0,42410320.0,11901600.0,21248320.0,5740240.0,0.6862068965517242,0.7052631578947368
1914,1914.0,1.0,290.0,78.0,212.0,26.59,95.0,25.0,70.0,27.0,4720392.0,1265256.0,2320888.0,610760.0,7.0,0.0,51.0,10.0,0.0,990.0,0.0,5e-05,20000000.0,47203920.0,12652560.0,23208880.0,6107600.0,0.7310344827586207,0.7368421052631579
1915,1915.0,1.0,320.0,80.0,240.0,26.6,304.0,99.0,205.0,23.48,487424.0,121856.0,1092592.0,291480.0,2.0,0.0,51.0,10.0,0.0,3480.0,0.0,5e-05,20000000.0,4874240.0,1218560.0,10925920.0,2914800.0,0.75,0.6743421052631579
1916,1916.0,1.0,320.0,80.0,240.0,26.6,304.0,80.0,224.0,27.0,487424.0,121856.0,1361920.0,358400.0,2.0,0.0,51.0,10.0,0.0,140.0,0.0,5e-05,20000000.0,4874240.0,1218560.0,13619200.0,3584000.0,0.75,0.7368421052631579
1917,1917.0,1.0,160.0,43.0,117.0,21.58,38.0,10.0,28.0,24.21,3270312.0,894792.0,1797872.0,479184.0,14.0,0.0,51.0,10.0,0.0,3770.0,0.0,5e-05,20000000.0,32703120.0,8947920.0,17978720.0,4791840.0,0.73125,0.7368421052631579
1918,1918.0,1.0,290.0,78.0,212.0,26.64,95.0,25.0,70.0,27.0,4781832.0,1280616.0,2320888.0,610760.0,7.0,0.0,51.0,10.0,0.0,450.0,0.0,5e-05,20000000.0,47818320.0,12806160.0,23208880.0,6107600.0,0.7310344827586207,0.7368421052631579
1919,1919.0,1.0,320.0,80.0,240.0,26.19,171.0,54.0,117.0,23.53,1942144.0,485536.0,1223904.0,360000.0,4.0,0.0,51.0,10.0,0.0,2710.0,0.0,5e-05,20000000.0,19421440.0,4855360.0,12239040.0,3600000.0,0.75,0.6842105263157895
1920,1920.0,1.0,320.0,80.0,240.0,26.56,171.0,53.0,118.0,25.58,1942144.0,485536.0,1848864.0,509680.0,4.0,0.0,51.0,10.0,0.0,420.0,0.0,5e-05,20000000.0,19421440.0,4855360.0,18488640.0,5096800.0,0.75,0.6900584795321637
1921,1921.0,1.0,290.0,78.0,212.0,26.53,95.0,25.0,70.0,27.0,4720392.0,1265256.0,2320888.0,610760.0,7.0,0.0,51.0,10.0,0.0,630.0,0.0,5e-05,20000000.0,47203920.0,12652560.0,23208880.0,6107600.0,0.7310344827586207,0.7368421052631579
1922,1922.0,1.0,160.0,43.0,117.0,19.72,38.0,10.0,28.0,11.79,2992208.0,815472.0,416240.0,133776.0,14.0,0.0,51.0,10.0,0.0,3720.0,0.0,5e-05,20000000.0,29922080.0,8154720.0,4162400.0,1337760.0,0.73125,0.7368421052631579
1923,1923.0,1.0,160.0,43.0,117.0,7.06,38.0,10.0,28.0,4.42,894848.0,227544.0,70832.0,18640.0,14.0,0.0,51.0,10.0,0.0,2000.0,0.0,5e-05,20000000.0,8948480.0,2275440.0,708320.0,186400.0,0.73125,0.7368421052631579
1924,1924.0,1.0,160.0,43.0,117.0,22.49,38.0,10.0,28.0,23.05,3490144.0,915544.0,1452464.0,364048.0,14.0,0.0,51.0,10.0,0.0,3520.0,0.0,5e-05,20000000.0,34901440.0,9155440.0,14524640.0,3640480.0,0.73125,0.7368421052631579
1925,1925.0,1.0,160.0,43.0,117.0,26.33,38.0,10.0,28.0,27.0,5238800.0,1367520.0,2258416.0,594320.0,14.0,0.0,51.0,10.0,0.0,1790.0,0.0,5e-05,20000000.0,52388000.0,13675200.0,22584160.0,5943200.0,0.73125,0.7368421052631579
1926,1926.0,1.0,320.0,93.0,227.0,25.15,304.0,122.0,182.0,21.71,439544.0,115944.0,1070872.0,294608.0,2.0,0.0,51.0,10.0,0.0,1200.0,0.0,5e-05,20000000.0,4395440.0,1159440.0,10708720.0,2946080.0,0.709375,0.5986842105263158
1927,1927.0,1.0,320.0,86.0,234.0,24.87,171.0,45.0,126.0,27.0,1555792.0,399128.0,1975848.0,519960.0,4.0,0.0,51.0,10.0,0.0,3270.0,0.0,5e-05,20000000.0,15557920.0,3991280.0,19758480.0,5199600.0,0.73125,0.7368421052631579
1928,1928.0,1.0,320.0,91.0,229.0,25.3,304.0,80.0,224.0,27.0,444232.0,116184.0,1361920.0,358400.0,2.0,0.0,51.0,10.0,0.0,3140.0,0.0,5e-05,20000000.0,4442320.0,1161840.0,13619200.0,3584000.0,0.715625,0.7368421052631579
1929,1929.0,1.0,320.0,80.0,240.0,26.48,171.0,55.0,116.0,24.2,1942144.0,485536.0,1596352.0,452328.0,4.0,0.0,51.0,10.0,0.0,2170.0,0.0,5e-05,20000000.0,19421440.0,4855360.0,15963520.0,4523280.0,0.75,0.6783625730994152
1930,1930.0,1.0,320.0,80.0,240.0,26.56,171.0,45.0,126.0,27.0,1942144.0,485536.0,1975848.0,519960.0,4.0,0.0,51.0,10.0,0.0,270.0,0.0,5e-05,20000000.0,19421440.0,4855360.0,19758480.0,5199600.0,0.75,0.7368421052631579
1931,1931.0,1.0,320.0,92.0,228.0,20.3,171.0,50.0,121.0,22.07,1159736.0,303520.0,1195496.0,313240.0,4.0,0.0,51.0,10.0,0.0,4320.0,0.0,5e-05,20000000.0,11597360.0,3035200.0,11954960.0,3132400.0,0.7125,0.7076023391812866
1932,1932.0,1.0,320.0,86.0,234.0,25.17,171.0,45.0,126.0,27.0,1591664.0,408096.0,1975848.0,519960.0,4.0,0.0,51.0,10.0,0.0,3140.0,0.0,5e-05,20000000.0,15916640.0,4080960.0,19758480.0,5199600.0,0.73125,0.7368421052631579
1933,1933.0,1.0,320.0,88.0,232.0,24.38,171.0,53.0,118.0,23.82,1665488.0,430960.0,1243560.0,349064.0,4.0,0.0,51.0,10.0,0.0,3080.0,0.0,5e-05,20000000.0,16654880.0,4309600.0,12435600.0,3490640.0,0.725,0.6900584795321637
1934,1934.0,1.0,320.0,89.0,231.0,23.9,171.0,51.0,120.0,22.23,1574672.0,404616.0,1156624.0,320264.0,4.0,0.0,51.0,10.0,0.0,3840.0,0.0,5e-05,20000000.0,15746720.0,4046160.0,11566240.0,3202640.0,0.721875,0.7017543859649122
1935,1935.0,1.0,320.0,109.0,211.0,20.18,304.0,99.0,205.0,22.7,315592.0,91608.0,1040464.0,282792.0,2.0,0.0,51.0,10.0,0.0,4490.0,0.0,5e-05,20000000.0,3155920.0,916080.0,10404640.0,2827920.0,0.659375,0.6743421052631579
1936,1936.0,1.0,320.0,104.0,216.0,23.71,304.0,92.0,212.0,25.25,404032.0,112192.0,1240288.0,342656.0,2.0,0.0,51.0,10.0,0.0,2090.0,0.0,5e-05,20000000.0,4040320.0,1121920.0,12402880.0,3426560.0,0.675,0.6973684210526315
1937,1937.0,1.0,290.0,78.0,212.0,24.41,95.0,25.0,70.0,25.58,3830152.0,1008456.0,1848216.0,492592.0,7.0,0.0,51.0,10.0,0.0,4950.0,0.0,5e-05,20000000.0,38301520.0,10084560.0,18482160.0,4925920.0,0.7310344827586207,0.7368421052631579
1938,1938.0,1.0,320.0,80.0,240.0,26.52,171.0,47.0,124.0,22.74,1942144.0,485536.0,1673464.0,419536.0,4.0,0.0,51.0,10.0,0.0,4290.0,0.0,5e-05,20000000.0,19421440.0,4855360.0,16734640.0,4195360.0,0.75,0.7251461988304093
1939,1939.0,1.0,320.0,83.0,237.0,24.18,171.0,49.0,122.0,24.47,1544384.0,390000.0,1496656.0,397568.0,4.0,0.0,51.0,10.0,0.0,4950.0,0.0,5e-05,20000000.0,15443840.0,3900000.0,14966560.0,3975680.0,0.740625,0.7134502923976608
1940,1940.0,1.0,320.0,80.0,240.0,25.4,304.0,103.0,201.0,22.07,487424.0,121856.0,1083904.0,287680.0,2.0,0.0,51.0,10.0,0.0,2010.0,0.0,5e-05,20000000.0,4874240.0,1218560.0,10839040.0,2876800.0,0.75,0.6611842105263158
1941,1941.0,1.0,160.0,45.0,115.0,19.8,38.0,10.0,28.0,22.74,3470296.0,917456.0,1797872.0,479184.0,14.0,0.0,51.0,10.0,0.0,2120.0,0.0,5e-05,20000000.0,34702960.0,9174560.0,17978720.0,4791840.0,0.71875,0.7368421052631579
1942,1942.0,1.0,320.0,80.0,240.0,26.19,171.0,54.0,117.0,25.11,1942144.0,485536.0,1644360.0,465336.0,4.0,0.0,51.0,10.0,0.0,1670.0,0.0,5e-05,20000000.0,19421440.0,4855360.0,16443600.0,4653360.0,0.75,0.6842105263157895
1943,1943.0,1.0,320.0,88.0,232.0,24.85,304.0,109.0,195.0,19.09,423104.0,109504.0,792856.0,214648.0,2.0,0.0,51.0,10.0,0.0,3720.0,0.0,5e-05,20000000.0,4231040.0,1095040.0,7928560.0,2146480.0,0.725,0.6414473684210527
1944,1944.0,1.0,160.0,43.0,117.0,23.18,38.0,10.0,28.0,20.11,3974736.0,1031480.0,1337328.0,364048.0,14.0,0.0,51.0,10.0,0.0,3120.0,0.0,5e-05,20000000.0,39747360.0,10314800.0,13373280.0,3640480.0,0.73125,0.7368421052631579
1945,1945.0,1.0,160.0,43.0,117.0,22.62,38.0,10.0,28.0,21.42,3897352.0,1051552.0,1337328.0,364048.0,14.0,0.0,51.0,10.0,0.0,4340.0,0.0,5e-05,20000000.0,38973520.0,10515520.0,13373280.0,3640480.0,0.73125,0.7368421052631579
1946,1946.0,1.0,320.0,92.0,228.0,25.3,304.0,80.0,224.0,27.0,449056.0,117856.0,1361920.0,358400.0,2.0,0.0,51.0,10.0,0.0,2190.0,0.0,5e-05,20000000.0,4490560.0,1178560.0,13619200.0,3584000.0,0.7125,0.7368421052631579
1947,1947.0,1.0,320.0,85.0,235.0,25.08,171.0,48.0,123.0,20.42,1595792.0,406384.0,1173600.0,322320.0,4.0,0.0,51.0,10.0,0.0,4890.0,0.0,5e-05,20000000.0,15957920.0,4063840.0,11736000.0,3223200.0,0.734375,0.7192982456140351
1948,1948.0,1.0,160.0,45.0,115.0,23.51,38.0,10.0,28.0,22.95,4314096.0,1133448.0,1797872.0,479184.0,14.0,0.0,51.0,10.0,0.0,1750.0,0.0,5e-05,20000000.0,43140960.0,11334480.0,17978720.0,4791840.0,0.71875,0.7368421052631579
1949,1949.0,1.0,160.0,43.0,117.0,26.65,38.0,10.0,28.0,27.0,5355000.0,1425952.0,2258416.0,594320.0,14.0,0.0,51.0,10.0,0.0,220.0,0.0,5e-05,20000000.0,53550000.0,14259520.0,22584160.0,5943200.0,0.73125,0.7368421052631579
1950,1950.0,1.0,290.0,78.0,212.0,26.59,95.0,25.0,70.0,27.0,4720392.0,1265256.0,2320888.0,610760.0,7.0,0.0,51.0,10.0,0.0,10.0,0.0,5e-05,20000000.0,47203920.0,12652560.0,23208880.0,6107600.0,0.7310344827586207,0.7368421052631579
1951,1951.0,1.0,320.0,115.0,205.0,22.64,304.0,98.0,206.0,24.19,397600.0,116112.0,1136032.0,321752.0,2.0,0.0,51.0,10.0,0.0,2310.0,0.0,5e-05,20000000.0,3976000.0,1161120.0,11360320.0,3217520.0,0.640625,0.6776315789473685
1952,1952.0,1.0,320.0,112.0,208.0,19.9,304.0,107.0,197.0,19.91,320192.0,94960.0,827608.0,253472.0,2.0,0.0,51.0,10.0,0.0,4360.0,0.0,5e-05,20000000.0,3201920.0,949600.0,8276080.0,2534720.0,0.65,0.6480263157894737
1953,1953.0,1.0,320.0,80.0,240.0,26.48,171.0,45.0,126.0,27.0,1915904.0,478976.0,1975848.0,519960.0,4.0,0.0,51.0,10.0,0.0,890.0,0.0,5e-05,20000000.0,19159040.0,4789760.0,19758480.0,5199600.0,0.75,0.7368421052631579
1954,1954.0,1.0,320.0,85.0,235.0,21.18,171.0,52.0,119.0,20.57,1484144.0,372880.0,1179536.0,332552.0,4.0,0.0,51.0,10.0,0.0,4840.0,0.0,5e-05,20000000.0,14841440.0,3728800.0,11795360.0,3325520.0,0.734375,0.695906432748538
1955,1955.0,1.0,290.0,80.0,210.0,25.7,95.0,33.0,62.0,24.16,4377992.0,1164152.0,2208880.0,645424.0,7.0,0.0,51.0,10.0,0.0,600.0,0.0,5e-05,20000000.0,43779920.0,11641520.0,22088800.0,6454240.0,0.7241379310344828,0.6526315789473685
1956,1956.0,1.0,290.0,78.0,212.0,26.49,95.0,25.0,70.0,27.0,4703272.0,1248136.0,2320888.0,610760.0,7.0,0.0,51.0,10.0,0.0,780.0,0.0,5e-05,20000000.0,47032720.0,12481360.0,23208880.0,6107600.0,0.7310344827586207,0.7368421052631579
1957,1957.0,1.0,290.0,107.0,183.0,6.79,95.0,51.0,44.0,2.34,799912.0,227248.0,83904.0,44832.0,7.0,0.0,51.0,10.0,0.0,2000.0,0.0,5e-05,20000000.0,7999120.0,2272480.0,839040.0,448320.0,0.6310344827586207,0.4631578947368421
1958,1958.0,1.0,160.0,43.0,117.0,26.61,38.0,10.0,28.0,27.0,5235144.0,1386000.0,2258416.0,594320.0,14.0,0.0,51.0,10.0,0.0,550.0,0.0,5e-05,20000000.0,52351440.0,13860000.0,22584160.0,5943200.0,0.73125,0.7368421052631579
1959,1959.0,1.0,290.0,78.0,212.0,26.01,95.0,25.0,70.0,27.0,4593512.0,1212136.0,2320888.0,610760.0,7.0,0.0,51.0,10.0,0.0,3870.0,0.0,5e-05,20000000.0,45935120.0,12121360.0,23208880.0,6107600.0,0.7310344827586207,0.7368421052631579
1960,1960.0,1.0,320.0,92.0,228.0,21.67,171.0,48.0,123.0,23.44,1166432.0,307760.0,1347840.0,354248.0,4.0,0.0,51.0,10.0,0.0,4260.0,0.0,5e-05,20000000.0,11664320.0,3077600.0,13478400.0,3542480.0,0.7125,0.7192982456140351
1961,1961.0,1.0,320.0,80.0,240.0,26.6,304.0,80.0,224.0,27.0,487424.0,121856.0,1361920.0,358400.0,2.0,0.0,51.0,10.0,0.0,770.0,0.0,5e-05,20000000.0,4874240.0,1218560.0,13619200.0,3584000.0,0.75,0.7368421052631579
1962,1962.0,1.0,290.0,78.0,212.0,24.1,95.0,26.0,69.0,22.45,3521992.0,922856.0,1552480.0,402904.0,7.0,0.0,51.0,10.0,0.0,3810.0,0.0,5e-05,20000000.0,35219920.0,9228560.0,15524800.0,4029040.0,0.7310344827586207,0.7263157894736842
1963,1963.0,1.0,320.0,80.0,240.0,26.41,171.0,45.0,126.0,27.0,1880192.0,470048.0,1975848.0,519960.0,4.0,0.0,51.0,10.0,0.0,1440.0,0.0,5e-05,20000000.0,18801920.0,4700480.0,19758480.0,5199600.0,0.75,0.7368421052631579
1964,1964.0,1.0,320.0,94.0,226.0,24.9,171.0,45.0,126.0,27.0,1710440.0,451624.0,1975848.0,519960.0,4.0,0.0,51.0,10.0,0.0,1290.0,0.0,5e-05,20000000.0,17104400.0,4516240.0,19758480.0,5199600.0,0.70625,0.7368421052631579
1965,1965.0,1.0,320.0,80.0,240.0,26.56,171.0,52.0,119.0,25.58,1942144.0,485536.0,1732616.0,477912.0,4.0,0.0,51.0,10.0,0.0,1530.0,0.0,5e-05,20000000.0,19421440.0,4855360.0,17326160.0,4779120.0,0.75,0.695906432748538
1966,1966.0,1.0,320.0,91.0,229.0,25.12,171.0,45.0,126.0,27.0,1638248.0,429456.0,1975848.0,519960.0,4.0,0.0,51.0,10.0,0.0,1820.0,0.0,5e-05,20000000.0,16382480.0,4294560.0,19758480.0,5199600.0,0.715625,0.7368421052631579
1967,1967.0,1.0,290.0,78.0,212.0,26.64,95.0,25.0,70.0,27.0,4781832.0,1280616.0,2320888.0,610760.0,7.0,0.0,51.0,10.0,0.0,270.0,0.0,5e-05,20000000.0,47818320.0,12806160.0,23208880.0,6107600.0,0.7310344827586207,0.7368421052631579
1968,1968.0,1.0,160.0,43.0,117.0,23.89,38.0,10.0,28.0,24.16,4111144.0,1070600.0,1452464.0,364048.0,14.0,0.0,51.0,10.0,0.0,3780.0,0.0,5e-05,20000000.0,41111440.0,10706000.0,14524640.0,3640480.0,0.73125,0.7368421052631579
1969,1969.0,1.0,320.0,80.0,240.0,26.65,304.0,112.0,192.0,24.16,494080.0,123520.0,1222912.0,362752.0,2.0,0.0,51.0,10.0,0.0,200.0,0.0,5e-05,20000000.0,4940800.0,1235200.0,12229120.0,3627520.0,0.75,0.631578947368421
1970,1970.0,1.0,290.0,78.0,212.0,22.86,95.0,25.0,70.0,24.16,2590472.0,732776.0,1375544.0,374424.0,7.0,0.0,51.0,10.0,0.0,3590.0,0.0,5e-05,20000000.0,25904720.0,7327760.0,13755440.0,3744240.0,0.7310344827586207,0.7368421052631579
1971,1971.0,1.0,290.0,79.0,211.0,25.38,95.0,25.0,70.0,27.0,4353832.0,1161584.0,2320888.0,610760.0,7.0,0.0,51.0,10.0,0.0,2640.0,0.0,5e-05,20000000.0,43538320.0,11615840.0,23208880.0,6107600.0,0.7275862068965517,0.7368421052631579
1972,1972.0,1.0,160.0,43.0,117.0,24.75,38.0,10.0,28.0,25.58,4053832.0,1090672.0,1797872.0,479184.0,14.0,0.0,51.0,10.0,0.0,2960.0,0.0,5e-05,20000000.0,40538320.0,10906720.0,17978720.0,4791840.0,0.73125,0.7368421052631579
1973,1973.0,1.0,320.0,104.0,216.0,22.77,304.0,93.0,211.0,24.78,331672.0,94504.0,1096936.0,308040.0,2.0,0.0,51.0,10.0,0.0,3590.0,0.0,5e-05,20000000.0,3316720.0,945040.0,10969360.0,3080400.0,0.675,0.694078947368421
1974,1974.0,1.0,320.0,80.0,240.0,26.56,171.0,45.0,126.0,27.0,1942144.0,485536.0,1975848.0,519960.0,4.0,0.0,51.0,10.0,0.0,470.0,0.0,5e-05,20000000.0,19421440.0,4855360.0,19758480.0,5199600.0,0.75,0.7368421052631579
1975,1975.0,1.0,320.0,94.0,226.0,21.21,171.0,51.0,120.0,22.49,1188912.0,320264.0,1104768.0,305128.0,4.0,0.0,51.0,10.0,0.0,4380.0,0.0,5e-05,20000000.0,11889120.0,3202640.0,11047680.0,3051280.0,0.70625,0.7017543859649122
1976,1976.0,1.0,320.0,80.0,240.0,26.21,171.0,51.0,120.0,22.76,1942144.0,485536.0,920976.0,263256.0,4.0,0.0,51.0,10.0,0.0,4710.0,0.0,5e-05,20000000.0,19421440.0,4855360.0,9209760.0,2632560.0,0.75,0.7017543859649122
1977,1977.0,1.0,290.0,78.0,212.0,22.2,95.0,25.0,70.0,21.34,3624712.0,957096.0,1493712.0,374424.0,7.0,0.0,51.0,10.0,0.0,3390.0,0.0,5e-05,20000000.0,36247120.0,9570960.0,14937120.0,3744240.0,0.7310344827586207,0.7368421052631579
1978,1978.0,1.0,290.0,82.0,208.0,25.4,95.0,28.0,67.0,25.01,4336712.0,1181128.0,2126592.0,587592.0,7.0,0.0,51.0,10.0,0.0,1630.0,0.0,5e-05,20000000.0,43367120.0,11811280.0,21265920.0,5875920.0,0.7172413793103448,0.7052631578947368
1979,1979.0,1.0,320.0,80.0,240.0,26.6,304.0,112.0,192.0,24.16,487424.0,121856.0,1222912.0,362752.0,2.0,0.0,51.0,10.0,0.0,750.0,0.0,5e-05,20000000.0,4874240.0,1218560.0,12229120.0,3627520.0,0.75,0.631578947368421
1980,1980.0,1.0,160.0,43.0,117.0,26.56,38.0,10.0,28.0,27.0,5355000.0,1425952.0,2258416.0,594320.0,14.0,0.0,51.0,10.0,0.0,1490.0,0.0,5e-05,20000000.0,53550000.0,14259520.0,22584160.0,5943200.0,0.73125,0.7368421052631579
1981,1981.0,1.0,320.0,80.0,240.0,25.7,171.0,52.0,119.0,19.71,1915904.0,478976.0,706920.0,191128.0,4.0,0.0,51.0,10.0,0.0,4410.0,0.0,5e-05,20000000.0,19159040.0,4789760.0,7069200.0,1911280.0,0.75,0.695906432748538
1982,1982.0,1.0,320.0,80.0,240.0,26.65,304.0,80.0,224.0,27.0,494080.0,123520.0,1361920.0,358400.0,2.0,0.0,51.0,10.0,0.0,50.0,0.0,5e-05,20000000.0,4940800.0,1235200.0,13619200.0,3584000.0,0.75,0.7368421052631579
1983,1983.0,1.0,320.0,87.0,233.0,24.51,171.0,48.0,123.0,24.95,1579312.0,407320.0,1407856.0,374488.0,4.0,0.0,51.0,10.0,0.0,3310.0,0.0,5e-05,20000000.0,15793120.0,4073200.0,14078560.0,3744880.0,0.728125,0.7192982456140351
1984,1984.0,1.0,320.0,82.0,238.0,24.82,171.0,49.0,122.0,18.74,1453112.0,365840.0,1112064.0,303592.0,4.0,0.0,51.0,10.0,0.0,3800.0,0.0,5e-05,20000000.0,14531120.0,3658400.0,11120640.0,3035920.0,0.74375,0.7134502923976608
1985,1985.0,1.0,320.0,80.0,240.0,26.5,171.0,52.0,119.0,22.85,1942144.0,485536.0,1389616.0,363480.0,4.0,0.0,51.0,10.0,0.0,3610.0,0.0,5e-05,20000000.0,19421440.0,4855360.0,13896160.0,3634800.0,0.75,0.695906432748538
1986,1986.0,1.0,290.0,78.0,212.0,25.86,95.0,25.0,70.0,27.0,4412232.0,1162536.0,2320888.0,610760.0,7.0,0.0,51.0,10.0,0.0,3790.0,0.0,5e-05,20000000.0,44122320.0,11625360.0,23208880.0,6107600.0,0.7310344827586207,0.7368421052631579
1987,1987.0,1.0,290.0,78.0,212.0,26.54,95.0,25.0,70.0,27.0,4713352.0,1263496.0,2320888.0,610760.0,7.0,0.0,51.0,10.0,0.0,320.0,0.0,5e-05,20000000.0,47133520.0,12634960.0,23208880.0,6107600.0,0.7310344827586207,0.7368421052631579
1988,1988.0,1.0,290.0,88.0,202.0,25.04,95.0,37.0,58.0,21.88,4309512.0,1187736.0,1893352.0,517240.0,7.0,0.0,51.0,10.0,0.0,800.0,0.0,5e-05,20000000.0,43095120.0,11877360.0,18933520.0,5172400.0,0.696551724137931,0.6105263157894737
1989,1989.0,1.0,320.0,91.0,229.0,25.3,304.0,108.0,196.0,22.5,444232.0,116184.0,1018744.0,284016.0,2.0,0.0,51.0,10.0,0.0,2400.0,0.0,5e-05,20000000.0,4442320.0,1161840.0,10187440.0,2840160.0,0.715625,0.6447368421052632
1990,1990.0,1.0,320.0,80.0,240.0,26.0,304.0,95.0,209.0,25.58,479744.0,119936.0,1279384.0,356096.0,2.0,0.0,51.0,10.0,0.0,1370.0,0.0,5e-05,20000000.0,4797440.0,1199360.0,12793840.0,3560960.0,0.75,0.6875
1991,1991.0,1.0,320.0,94.0,226.0,20.25,304.0,96.0,208.0,21.29,344536.0,92256.0,1001368.0,273696.0,2.0,0.0,51.0,10.0,0.0,4840.0,0.0,5e-05,20000000.0,3445360.0,922560.0,10013680.0,2736960.0,0.70625,0.6842105263157895
1992,1992.0,1.0,320.0,90.0,230.0,24.95,304.0,95.0,209.0,23.32,439408.0,114512.0,1096936.0,286592.0,2.0,0.0,51.0,10.0,0.0,2730.0,0.0,5e-05,20000000.0,4394080.0,1145120.0,10969360.0,2865920.0,0.71875,0.6875
1993,1993.0,1.0,290.0,79.0,211.0,24.37,95.0,27.0,68.0,23.02,4114152.0,1110224.0,1837776.0,507936.0,7.0,0.0,51.0,10.0,0.0,2460.0,0.0,5e-05,20000000.0,41141520.0,11102240.0,18377760.0,5079360.0,0.7275862068965517,0.7157894736842105
1994,1994.0,1.0,320.0,91.0,229.0,23.96,171.0,49.0,122.0,24.22,1490536.0,376272.0,1677808.0,424744.0,4.0,0.0,51.0,10.0,0.0,3490.0,0.0,5e-05,20000000.0,14905360.0,3762720.0,16778080.0,4247440.0,0.715625,0.7134502923976608
1995,1995.0,1.0,320.0,96.0,224.0,25.21,171.0,45.0,126.0,27.0,1841632.0,490016.0,1975848.0,519960.0,4.0,0.0,51.0,10.0,0.0,430.0,0.0,5e-05,20000000.0,18416320.0,4900160.0,19758480.0,5199600.0,0.7,0.7368421052631579
1996,1996.0,1.0,160.0,43.0,117.0,21.96,38.0,10.0,28.0,22.74,3633520.0,966200.0,1797872.0,479184.0,14.0,0.0,51.0,10.0,0.0,4540.0,0.0,5e-05,20000000.0,36335200.0,9662000.0,17978720.0,4791840.0,0.73125,0.7368421052631579
1997,1997.0,1.0,290.0,85.0,205.0,25.1,95.0,28.0,67.0,25.58,4086952.0,1116832.0,2124832.0,574024.0,7.0,0.0,51.0,10.0,0.0,1970.0,0.0,5e-05,20000000.0,40869520.0,11168320.0,21248320.0,5740240.0,0.7068965517241379,0.7052631578947368
1998,1998.0,1.0,160.0,44.0,116.0,25.66,38.0,10.0,28.0,25.58,4571160.0,1230944.0,1797872.0,479184.0,14.0,0.0,51.0,10.0,0.0,1960.0,0.0,5e-05,20000000.0,45711600.0,12309440.0,17978720.0,4791840.0,0.725,0.7368421052631579
1999,1999.0,1.0,290.0,80.0,210.0,25.9,95.0,25.0,70.0,27.0,4439880.0,1179960.0,2320888.0,610760.0,7.0,0.0,51.0,10.0,0.0,2160.0,0.0,5e-05,20000000.0,44398800.0,11799600.0,23208880.0,6107600.0,0.7241379310344828,0.7368421052631579
