,Unnamed: 0,RNTI,numDLTotal,numDLnew,numReTx_DL,avgMCS_DL,numULTotal,numULnew,numReTx_UL,avgMCS_UL,DL_throughput_bits,DL_goodput_bits,UL_throughput_bits,UL_goodput_bits,TTI,PulseBWoffset,numRBs,NumFrames,pulseAttenuation,prf,FreqOffset,PulseWidth,BW,DL_throughput_bps,DL_goodput_bps,UL_throughput_bps,UL_goodput_bps,DLReTxPrcnt,ULReTxPrcnt
0,2.0,3.0,298.2,86.6,211.6,24.712,249.6,75.8,173.8,22.968000000000004,90611.2,25124.8,156233.6,43172.8,2.0,0.0,51.0,10.0,0.0,4830.0,0.0,5e-05,20000000.0,906112.0,251248.0,1562336.0,431728.0,0.7094490959942795,0.6963333599609184
1,7.0,3.0,311.0,80.0,231.0,26.488,163.0,46.6,116.4,26.133999999999997,355456.0,91868.8,294478.4,80433.6,4.0,0.0,51.0,10.0,0.0,700.0,0.0,5e-05,20000000.0,3554560.0,918688.0,2944784.0,804336.0,0.7427610281779096,0.7141105199034107
2,12.0,3.0,157.6,43.2,114.4,26.636000000000003,36.8,9.8,27.0,27.0,984196.8,267452.8,370937.6,98356.8,14.0,0.0,51.0,10.0,0.0,820.0,0.0,5e-05,20000000.0,9841968.0,2674528.0,3709376.0,983568.0,0.7258969604128033,0.7339971550497866
3,17.0,3.0,316.0,80.0,236.0,25.918,293.2,91.0,202.2,25.528000000000002,101388.8,25713.6,217608.0,60824.0,2.0,0.0,51.0,10.0,0.0,1350.0,0.0,5e-05,20000000.0,1013888.0,257136.0,2176080.0,608240.0,0.7468223155589192,0.6896112569397379
4,22.0,3.0,274.6,78.0,196.6,25.674,88.8,26.8,62.0,24.775999999999996,799083.2,224427.2,319803.2,88664.0,7.0,0.0,51.0,10.0,0.0,1900.0,0.0,5e-05,20000000.0,7990832.0,2244272.0,3198032.0,886640.0,0.7159395189253607,0.6979859795377037
5,27.0,3.0,258.6,71.8,186.8,25.962,88.4,31.2,57.2,23.434,774761.6,205259.2,315137.6,89246.4,7.0,0.0,51.0,10.0,0.0,1040.0,0.0,5e-05,20000000.0,7747616.0,2052592.0,3151376.0,892464.0,0.7224119051690444,0.6471494917806064
6,32.0,3.0,311.8,89.6,222.2,24.926,160.0,48.2,111.8,25.163999999999998,331667.2,89624.0,283105.6,76424.0,4.0,0.0,51.0,10.0,0.0,1820.0,0.0,5e-05,20000000.0,3316672.0,896240.0,2831056.0,764240.0,0.7126284604166788,0.6988360489204047
7,37.0,3.0,285.4,80.4,205.0,23.424,163.6,47.4,116.2,19.979999999999997,303387.2,83688.0,179086.4,46590.4,4.0,0.0,51.0,10.0,0.0,4950.0,0.0,5e-05,20000000.0,3033872.0,836880.0,1790864.0,465904.0,0.7183511377317255,0.7102376074791239
8,42.0,3.0,313.2,80.0,233.2,26.544,280.8,81.4,199.4,26.412,95404.8,24427.2,223190.4,61833.6,2.0,0.0,51.0,10.0,0.0,360.0,0.0,5e-05,20000000.0,954048.0,244272.0,2231904.0,618336.0,0.7445686217668881,0.7100898619148659
9,47.0,3.0,303.0,80.0,223.0,26.038,164.8,52.2,112.6,24.946,342222.4,93046.4,277523.2,75424.0,4.0,0.0,51.0,10.0,0.0,900.0,0.0,5e-05,20000000.0,3422224.0,930464.0,2775232.0,754240.0,0.7359379413398995,0.6831721835075494
10,52.0,3.0,148.0,40.0,108.0,19.648,38.0,10.6,27.4,17.8,450689.6,129187.2,195395.2,57443.2,14.0,0.0,51.0,10.0,0.0,4770.0,0.0,5e-05,20000000.0,4506896.0,1291872.0,1953952.0,574432.0,0.7296288634879515,0.7210526315789474
11,57.0,3.0,306.4,80.0,226.4,26.52,280.0,80.4,199.6,25.516,97491.2,25561.6,209617.6,58708.8,2.0,0.0,51.0,10.0,0.0,2820.0,0.0,5e-05,20000000.0,974912.0,255616.0,2096176.0,587088.0,0.738826539873118,0.7128466995405185
12,62.0,3.0,241.6,65.4,176.2,25.024,89.4,26.0,63.4,20.72,664462.4,180684.8,238881.6,71451.2,7.0,0.0,51.0,10.0,0.0,3380.0,0.0,5e-05,20000000.0,6644624.0,1806848.0,2388816.0,714512.0,0.729266254627829,0.7090783438558971
13,67.0,3.0,142.4,41.8,100.6,17.645999999999997,37.4,11.4,26.0,14.934000000000001,408804.8,117302.4,147784.0,46899.2,14.0,0.0,51.0,10.0,0.0,4330.0,0.0,5e-05,20000000.0,4088048.0,1173024.0,1477840.0,468992.0,0.7063532792177508,0.6949265054528212
14,72.0,3.0,313.2,94.0,219.2,25.256000000000004,271.6,80.6,191.0,26.288,87676.8,23844.8,215798.4,60758.4,2.0,0.0,51.0,10.0,0.0,790.0,0.0,5e-05,20000000.0,876768.0,238448.0,2157984.0,607584.0,0.6998350507067966,0.7034125994645645
15,77.0,3.0,303.2,96.2,207.0,22.633999999999997,245.4,79.8,165.6,21.19,81588.8,23606.4,132489.6,38236.8,2.0,0.0,51.0,10.0,0.0,4370.0,0.0,5e-05,20000000.0,815888.0,236064.0,1324896.0,382368.0,0.6827844303006028,0.6748010937361012
16,82.0,3.0,297.8,93.6,204.2,21.822000000000003,159.4,56.0,103.4,20.554,272209.6,77552.0,213452.8,60300.8,4.0,0.0,51.0,10.0,0.0,2550.0,0.0,5e-05,20000000.0,2722096.0,775520.0,2134528.0,603008.0,0.6857479021288102,0.6485642187866769
17,87.0,3.0,236.8,65.4,171.4,25.541999999999998,90.6,25.8,64.8,20.002000000000002,706835.2,194363.2,242068.8,66358.4,7.0,0.0,51.0,10.0,0.0,3700.0,0.0,5e-05,20000000.0,7068352.0,1943632.0,2420688.0,663584.0,0.7238274352674627,0.7152588826794982
18,92.0,3.0,313.2,86.4,226.8,25.939999999999998,274.0,81.4,192.6,25.913999999999998,97307.2,25656.0,211278.4,59038.4,2.0,0.0,51.0,10.0,0.0,1300.0,0.0,5e-05,20000000.0,973072.0,256560.0,2112784.0,590384.0,0.7239852106359101,0.7030374355376371
19,97.0,3.0,157.6,43.2,114.4,26.636000000000003,36.8,9.8,27.0,27.0,984196.8,267452.8,370937.6,98356.8,14.0,0.0,51.0,10.0,0.0,30.0,0.0,5e-05,20000000.0,9841968.0,2674528.0,3709376.0,983568.0,0.7258969604128033,0.7339971550497866
20,102.0,3.0,298.8,98.4,200.4,23.04,237.0,84.2,152.8,21.067999999999998,82923.2,23878.4,145278.4,41484.8,2.0,0.0,51.0,10.0,0.0,3290.0,0.0,5e-05,20000000.0,829232.0,238784.0,1452784.0,414848.0,0.6708272905947326,0.6446390908507106
21,107.0,3.0,157.8,43.0,114.8,26.558000000000003,37.0,10.0,27.0,27.0,977449.6,263692.8,371590.4,100656.0,14.0,0.0,51.0,10.0,0.0,460.0,0.0,5e-05,20000000.0,9774496.0,2636928.0,3715904.0,1006560.0,0.7275042328468919,0.7298640746009168
22,112.0,3.0,253.0,78.0,175.0,24.026,90.8,31.6,59.2,21.016,673955.2,195408.0,265238.4,77617.6,7.0,0.0,51.0,10.0,0.0,1860.0,0.0,5e-05,20000000.0,6739552.0,1954080.0,2652384.0,776176.0,0.6918303765567044,0.6519153964315254
23,117.0,3.0,150.0,42.4,107.6,18.482,37.2,10.6,26.6,16.93,443123.2,130358.4,183496.0,51240.0,14.0,0.0,51.0,10.0,0.0,4640.0,0.0,5e-05,20000000.0,4431232.0,1303584.0,1834960.0,512400.0,0.717187013530539,0.7151414572467204
24,122.0,3.0,316.8,80.0,236.8,26.112000000000002,276.6,76.6,200.0,27.0,103008.0,26091.2,226673.6,62764.8,2.0,0.0,51.0,10.0,0.0,1380.0,0.0,5e-05,20000000.0,1030080.0,260912.0,2266736.0,627648.0,0.7474530927035807,0.7230941311813337
25,127.0,3.0,245.8,67.4,178.4,17.66,91.2,25.6,65.6,13.864,408963.2,117993.6,140777.6,37851.2,7.0,0.0,51.0,10.0,0.0,4300.0,0.0,5e-05,20000000.0,4089632.0,1179936.0,1407776.0,378512.0,0.7258036130253093,0.7194749246840223
26,132.0,3.0,224.4,62.8,161.6,22.806,91.6,25.4,66.2,17.436,533564.8,152305.6,175494.4,57056.0,7.0,0.0,51.0,10.0,0.0,4800.0,0.0,5e-05,20000000.0,5335648.0,1523056.0,1754944.0,570560.0,0.7200488425068109,0.7227148011720242
27,137.0,3.0,285.2,83.0,202.2,20.88,159.0,47.2,111.8,17.878,282121.6,79736.0,145276.8,40932.8,4.0,0.0,51.0,10.0,0.0,4890.0,0.0,5e-05,20000000.0,2821216.0,797360.0,1452768.0,409328.0,0.7090506885731624,0.7030403869697468
28,142.0,3.0,306.4,91.0,215.4,25.132,259.8,81.2,178.6,24.618000000000002,85828.8,23512.0,184264.0,51198.4,2.0,0.0,51.0,10.0,0.0,2100.0,0.0,5e-05,20000000.0,858288.0,235120.0,1842640.0,511984.0,0.7030504403107175,0.6875092527532803
29,147.0,3.0,320.0,87.2,232.8,25.236,164.0,47.0,117.0,26.183999999999997,339763.2,87483.2,295883.2,81577.6,4.0,0.0,51.0,10.0,0.0,2190.0,0.0,5e-05,20000000.0,3397632.0,874832.0,2958832.0,815776.0,0.7274999999999999,0.7134971639903133
30,152.0,3.0,301.4,87.2,214.2,24.522,275.2,91.6,183.6,22.372,95380.8,26652.8,170560.0,48966.4,2.0,0.0,51.0,10.0,0.0,3030.0,0.0,5e-05,20000000.0,953808.0,266528.0,1705600.0,489664.0,0.7107865137146638,0.6672259326838004
31,157.0,3.0,264.4,74.6,189.8,24.278,92.0,27.6,64.4,21.816,605627.2,177297.6,210726.4,64832.0,7.0,0.0,51.0,10.0,0.0,4110.0,0.0,5e-05,20000000.0,6056272.0,1772976.0,2107264.0,648320.0,0.7178739444490201,0.7000050827987924
32,162.0,3.0,306.6,98.4,208.2,23.178,255.4,88.0,167.4,22.68,88185.6,25152.0,158728.0,46374.4,2.0,0.0,51.0,10.0,0.0,3070.0,0.0,5e-05,20000000.0,881856.0,251520.0,1587280.0,463744.0,0.6791080031130916,0.6553911942824799
33,167.0,3.0,158.2,46.4,111.8,24.247999999999998,37.2,10.8,26.4,24.4,759542.4,207617.6,281123.2,76875.2,14.0,0.0,51.0,10.0,0.0,1360.0,0.0,5e-05,20000000.0,7595424.0,2076176.0,2811232.0,768752.0,0.7066860840119327,0.7097134728713677
34,172.0,3.0,290.4,110.4,180.0,18.18,223.6,87.0,136.6,16.944,67726.4,20550.4,101177.6,30481.6,2.0,0.0,51.0,10.0,0.0,3410.0,0.0,5e-05,20000000.0,677264.0,205504.0,1011776.0,304816.0,0.6197557867840693,0.6113297207267222
35,177.0,3.0,266.8,75.4,191.4,25.046,90.4,25.8,64.6,23.576,741985.6,203524.8,287110.4,79776.0,7.0,0.0,51.0,10.0,0.0,2660.0,0.0,5e-05,20000000.0,7419856.0,2035248.0,2871104.0,797760.0,0.7174069824089052,0.7148154254526585
36,182.0,3.0,273.2,74.2,199.0,22.402,95.0,25.0,70.0,19.96,510683.2,139456.0,17326.4,4523.2,7.0,0.0,51.0,10.0,0.0,4710.0,0.0,5e-05,20000000.0,5106832.0,1394560.0,173264.0,45232.0,0.7283913871599007,0.7368421052631579
37,187.0,3.0,305.8,100.2,205.6,21.746,162.2,58.8,103.4,21.357999999999997,276843.2,78305.6,240387.2,67764.8,4.0,0.0,51.0,10.0,0.0,2060.0,0.0,5e-05,20000000.0,2768432.0,783056.0,2403872.0,677648.0,0.67232230044083,0.6375183520641279
38,192.0,3.0,320.0,104.0,216.0,22.718,246.8,68.8,178.0,26.086000000000002,69798.4,20022.4,187619.2,50483.2,2.0,0.0,51.0,10.0,0.0,3590.0,0.0,5e-05,20000000.0,697984.0,200224.0,1876192.0,504832.0,0.675,0.7212435862501888
39,197.0,3.0,267.6,75.8,191.8,24.766,90.0,29.2,60.8,23.36,783931.2,211468.8,303932.8,83116.8,7.0,0.0,51.0,10.0,0.0,2410.0,0.0,5e-05,20000000.0,7839312.0,2114688.0,3039328.0,831168.0,0.7167632302886158,0.6757007176181579
40,202.0,3.0,313.2,87.8,225.4,25.808000000000003,265.8,76.8,189.0,26.412,93200.0,24667.2,214081.6,59097.6,2.0,0.0,51.0,10.0,0.0,1660.0,0.0,5e-05,20000000.0,932000.0,246672.0,2140816.0,590976.0,0.7196705925504688,0.7110904051018931
41,207.0,3.0,157.4,42.4,115.0,22.092000000000002,37.2,10.6,26.6,22.558,596072.0,153416.0,258920.0,73041.6,14.0,0.0,51.0,10.0,0.0,4230.0,0.0,5e-05,20000000.0,5960720.0,1534160.0,2589200.0,730416.0,0.7306335109165069,0.7146989094357514
42,212.0,3.0,297.0,86.8,210.2,24.54,164.8,59.6,105.2,21.888,342990.4,96467.2,227696.0,66315.2,4.0,0.0,51.0,10.0,0.0,1700.0,0.0,5e-05,20000000.0,3429904.0,964672.0,2276960.0,663152.0,0.7078669350970681,0.6384518008959997
43,217.0,3.0,223.8,63.8,160.0,16.836,90.2,25.4,64.8,11.358,353448.0,97190.4,115713.6,31323.2,7.0,0.0,51.0,10.0,0.0,3710.0,0.0,5e-05,20000000.0,3534480.0,971904.0,1157136.0,313232.0,0.7149815819329364,0.7183333815942512
44,222.0,3.0,156.6,41.8,114.8,23.676,37.0,10.4,26.6,23.532,697161.6,188284.8,266292.8,79604.8,14.0,0.0,51.0,10.0,0.0,3440.0,0.0,5e-05,20000000.0,6971616.0,1882848.0,2662928.0,796048.0,0.7330209029043303,0.7191243875454403
45,227.0,3.0,257.8,73.2,184.6,25.624000000000002,87.8,27.6,60.2,23.448,806748.8,216836.8,279588.8,76232.0,7.0,0.0,51.0,10.0,0.0,2350.0,0.0,5e-05,20000000.0,8067488.0,2168368.0,2795888.0,762320.0,0.7160738525311368,0.6857336417713152
46,232.0,3.0,307.8,80.0,227.8,26.538,273.2,81.0,192.2,25.792,97465.6,25625.6,211702.4,57142.4,2.0,0.0,51.0,10.0,0.0,900.0,0.0,5e-05,20000000.0,974656.0,256256.0,2117024.0,571424.0,0.7399539782477759,0.7035232326633365
47,237.0,3.0,252.4,67.0,185.4,24.008,91.2,25.6,65.6,21.554000000000002,649980.8,173713.6,257020.8,69790.4,7.0,0.0,51.0,10.0,0.0,3320.0,0.0,5e-05,20000000.0,6499808.0,1737136.0,2570208.0,697904.0,0.7345398970985673,0.7192408557625949
48,242.0,3.0,307.2,90.8,216.4,24.242,166.0,52.8,113.2,23.494,328025.6,91747.2,242811.2,69865.6,4.0,0.0,51.0,10.0,0.0,2660.0,0.0,5e-05,20000000.0,3280256.0,917472.0,2428112.0,698656.0,0.7044006995189027,0.6819389096371717
49,247.0,3.0,259.4,73.6,185.8,25.742,91.0,28.2,62.8,23.378,780179.2,211388.8,306979.2,82019.2,7.0,0.0,51.0,10.0,0.0,1550.0,0.0,5e-05,20000000.0,7801792.0,2113888.0,3069792.0,820192.0,0.7162838362348442,0.6899850062569766
50,252.0,3.0,155.4,44.2,111.2,17.54,37.4,10.2,27.2,17.3,433432.0,121337.6,153534.4,42811.2,14.0,0.0,51.0,10.0,0.0,4150.0,0.0,5e-05,20000000.0,4334320.0,1213376.0,1535344.0,428112.0,0.7154518323769727,0.727524893314367
51,257.0,3.0,294.0,86.4,207.6,23.822,160.0,53.6,106.4,21.806,311100.8,87393.6,223331.2,60577.6,4.0,0.0,51.0,10.0,0.0,2790.0,0.0,5e-05,20000000.0,3111008.0,873936.0,2233312.0,605776.0,0.706160579326491,0.6649103869498934
52,262.0,3.0,307.2,85.4,221.8,25.637999999999998,165.8,52.4,113.4,24.744,359785.6,96227.2,281908.8,77003.2,4.0,0.0,51.0,10.0,0.0,830.0,0.0,5e-05,20000000.0,3597856.0,962272.0,2819088.0,770032.0,0.7220152190905423,0.6839033658611406
53,267.0,3.0,269.4,75.2,194.2,25.953999999999997,90.2,26.8,63.4,24.616000000000003,817964.8,223627.2,325273.6,88347.2,7.0,0.0,51.0,10.0,0.0,1890.0,0.0,5e-05,20000000.0,8179648.0,2236272.0,3252736.0,883472.0,0.7208166844502837,0.7029822766388472
54,272.0,3.0,143.6,42.4,101.2,16.226,37.8,11.8,26.0,14.666,395574.4,113374.4,156193.6,63051.2,14.0,0.0,51.0,10.0,0.0,4500.0,0.0,5e-05,20000000.0,3955744.0,1133744.0,1561936.0,630512.0,0.7048679462337605,0.6880512091038407
55,277.0,3.0,289.4,87.6,201.8,20.467999999999996,161.8,51.4,110.4,17.35,274539.2,73537.6,149993.6,46118.4,4.0,0.0,51.0,10.0,0.0,4680.0,0.0,5e-05,20000000.0,2745392.0,735376.0,1499936.0,461184.0,0.6977652084352364,0.6823520566808732
56,282.0,3.0,263.2,80.2,183.0,24.374000000000002,90.2,30.4,59.8,22.252,719956.8,204977.6,314571.2,89302.4,7.0,0.0,51.0,10.0,0.0,1420.0,0.0,5e-05,20000000.0,7199568.0,2049776.0,3145712.0,893024.0,0.6952857097851675,0.6629383600170116
57,287.0,3.0,303.2,106.4,196.8,20.75,240.8,86.4,154.4,20.669999999999998,68907.2,19806.4,147984.0,41774.4,2.0,0.0,51.0,10.0,0.0,3170.0,0.0,5e-05,20000000.0,689072.0,198064.0,1479840.0,417744.0,0.6491213973114158,0.6411769512065817
58,292.0,3.0,300.2,86.0,214.2,25.072,258.2,78.4,179.8,23.394,87204.8,24241.6,174262.4,48865.6,2.0,0.0,51.0,10.0,0.0,4590.0,0.0,5e-05,20000000.0,872048.0,242416.0,1742624.0,488656.0,0.7134783428117485,0.6965176155747596
59,297.0,3.0,255.0,69.0,186.0,24.81,92.0,25.6,66.4,22.131999999999998,718412.8,188664.0,255110.4,68088.0,7.0,0.0,51.0,10.0,0.0,4270.0,0.0,5e-05,20000000.0,7184128.0,1886640.0,2551104.0,680880.0,0.7294198586645371,0.7216733692204433
60,302.0,3.0,273.8,97.0,176.8,19.704,164.0,84.0,80.0,15.296000000000001,286248.0,82427.2,173209.6,55976.0,4.0,0.0,51.0,10.0,0.0,1000.0,0.0,5e-05,20000000.0,2862480.0,824272.0,1732096.0,559760.0,0.6457324290975868,0.4877880084021723
61,307.0,3.0,156.2,41.6,114.6,18.634000000000004,37.6,11.0,26.6,17.99,474523.2,134262.4,170041.6,55864.0,14.0,0.0,51.0,10.0,0.0,4170.0,0.0,5e-05,20000000.0,4745232.0,1342624.0,1700416.0,558640.0,0.7337249920531466,0.7076813655761025
62,312.0,3.0,304.8,90.4,214.4,24.662,236.4,69.6,166.8,26.0,93076.8,25505.6,186339.2,51624.0,2.0,0.0,51.0,10.0,0.0,2510.0,0.0,5e-05,20000000.0,930768.0,255056.0,1863392.0,516240.0,0.7034704331765846,0.7056129056129056
63,317.0,3.0,158.0,46.8,111.2,25.544,36.8,11.2,25.6,25.831999999999994,955068.8,260995.2,356134.4,96315.2,14.0,0.0,51.0,10.0,0.0,870.0,0.0,5e-05,20000000.0,9550688.0,2609952.0,3561344.0,963152.0,0.703816788086875,0.6959154643365169
64,322.0,3.0,270.6,78.6,192.0,25.913999999999998,89.8,26.2,63.6,24.924,814136.0,233129.6,316211.2,89478.4,7.0,0.0,51.0,10.0,0.0,2110.0,0.0,5e-05,20000000.0,8141360.0,2331296.0,3162112.0,894784.0,0.7095145989927902,0.708228510619815
65,327.0,3.0,157.0,43.2,113.8,26.604000000000003,37.4,10.0,27.4,27.0,1021816.0,281784.0,369212.8,99020.8,14.0,0.0,51.0,10.0,0.0,1980.0,0.0,5e-05,20000000.0,10218160.0,2817840.0,3692128.0,990208.0,0.7248266009942477,0.732574679943101
66,332.0,3.0,297.0,90.2,206.8,23.162,162.4,53.6,108.8,21.328,321785.6,89052.8,217262.4,57774.4,4.0,0.0,51.0,10.0,0.0,3490.0,0.0,5e-05,20000000.0,3217856.0,890528.0,2172624.0,577744.0,0.6963556653037254,0.6699285818068713
67,337.0,3.0,285.6,77.6,208.0,26.528,88.6,23.4,65.2,27.0,895854.4,242409.6,381208.0,99350.4,7.0,0.0,51.0,10.0,0.0,490.0,0.0,5e-05,20000000.0,8958544.0,2424096.0,3812080.0,993504.0,0.7282840630615468,0.7358479118212155
68,342.0,3.0,306.4,82.6,223.8,25.636000000000003,280.2,88.4,191.8,24.374000000000002,100617.6,26862.4,185371.2,51606.4,2.0,0.0,51.0,10.0,0.0,3060.0,0.0,5e-05,20000000.0,1006176.0,268624.0,1853712.0,516064.0,0.7303341779081087,0.6845250242000889
69,347.0,3.0,296.6,88.8,207.8,23.241999999999997,160.6,54.4,106.2,21.676,314582.4,85732.8,224644.8,62852.8,4.0,0.0,51.0,10.0,0.0,2620.0,0.0,5e-05,20000000.0,3145824.0,857328.0,2246448.0,628528.0,0.700632198934264,0.6612676535308573
70,352.0,3.0,256.2,71.0,185.2,25.792,90.8,29.2,61.6,23.14,772774.4,210507.2,266854.4,74473.6,7.0,0.0,51.0,10.0,0.0,1340.0,0.0,5e-05,20000000.0,7727744.0,2105072.0,2668544.0,744736.0,0.7228835624529523,0.6783649141392181
71,357.0,3.0,157.4,45.4,112.0,25.483999999999998,37.4,10.8,26.6,25.854000000000003,965956.8,258158.4,343790.4,91761.6,14.0,0.0,51.0,10.0,0.0,1870.0,0.0,5e-05,20000000.0,9659568.0,2581584.0,3437904.0,917616.0,0.7115755716991159,0.7113798008534851
72,362.0,3.0,155.2,46.6,108.6,22.318,37.6,11.6,26.0,22.298000000000002,668857.6,183297.6,252582.4,70556.8,14.0,0.0,51.0,10.0,0.0,3540.0,0.0,5e-05,20000000.0,6688576.0,1832976.0,2525824.0,705568.0,0.6997399030465035,0.6915204678362573
73,367.0,3.0,155.0,41.6,113.4,19.954,36.8,9.8,27.0,20.006,532944.0,151153.6,232660.8,65448.0,14.0,0.0,51.0,10.0,0.0,3470.0,0.0,5e-05,20000000.0,5329440.0,1511536.0,2326608.0,654480.0,0.731676945299369,0.7337047573889679
74,372.0,3.0,304.4,89.6,214.8,23.915999999999997,161.0,55.0,106.0,23.012,366004.8,97849.6,240875.2,65760.0,4.0,0.0,51.0,10.0,0.0,1510.0,0.0,5e-05,20000000.0,3660048.0,978496.0,2408752.0,657600.0,0.7056618815517602,0.6584816742727198
75,377.0,3.0,157.8,46.0,111.8,22.236,37.6,11.6,26.0,22.278,681347.2,188344.0,244022.4,71321.6,14.0,0.0,51.0,10.0,0.0,3450.0,0.0,5e-05,20000000.0,6813472.0,1883440.0,2440224.0,713216.0,0.7084576312182536,0.691180654338549
76,382.0,3.0,150.2,41.8,108.4,17.926,37.0,11.6,25.4,16.806,448408.0,116350.4,149404.8,51518.4,14.0,0.0,51.0,10.0,0.0,4730.0,0.0,5e-05,20000000.0,4484080.0,1163504.0,1494048.0,515184.0,0.7213856705954971,0.6864074600916708
77,387.0,3.0,273.4,79.8,193.6,25.834000000000003,88.8,27.8,61.0,24.826,826908.8,229603.2,350998.4,97865.6,7.0,0.0,51.0,10.0,0.0,600.0,0.0,5e-05,20000000.0,8269088.0,2296032.0,3509984.0,978656.0,0.7081636643921019,0.6867961200556965
78,392.0,3.0,157.2,48.6,108.6,24.412,36.4,12.2,24.2,24.642000000000003,867268.8,229088.0,346099.2,103616.0,14.0,0.0,51.0,10.0,0.0,440.0,0.0,5e-05,20000000.0,8672688.0,2290880.0,3460992.0,1036160.0,0.6908748367664063,0.6648343832554359
79,397.0,3.0,158.6,45.2,113.4,20.782,37.6,11.0,26.6,20.562,539323.2,141510.4,218707.2,60684.8,14.0,0.0,51.0,10.0,0.0,4870.0,0.0,5e-05,20000000.0,5393232.0,1415104.0,2187072.0,606848.0,0.714992299118762,0.7076023391812865
80,402.0,3.0,155.6,41.2,114.4,24.344,37.6,10.0,27.6,24.695999999999998,815547.2,217313.6,303977.6,80713.6,14.0,0.0,51.0,10.0,0.0,1950.0,0.0,5e-05,20000000.0,8155472.0,2173136.0,3039776.0,807136.0,0.7351659799902714,0.7339181286549707
81,407.0,3.0,271.4,75.6,195.8,24.220000000000002,90.0,25.0,65.0,23.65,713531.2,202100.8,277899.2,78508.8,7.0,0.0,51.0,10.0,0.0,3820.0,0.0,5e-05,20000000.0,7135312.0,2021008.0,2778992.0,785088.0,0.7214275082295692,0.7222541177769208
82,412.0,3.0,147.8,44.2,103.6,20.880000000000003,37.4,11.2,26.2,19.542,627905.6,181563.2,190257.6,50913.6,14.0,0.0,51.0,10.0,0.0,3890.0,0.0,5e-05,20000000.0,6279056.0,1815632.0,1902576.0,509136.0,0.7009799964715332,0.7004820610083767
83,417.0,3.0,302.0,87.4,214.6,24.046,161.4,50.0,111.4,22.784,320076.8,90028.8,221406.4,62438.4,4.0,0.0,51.0,10.0,0.0,4140.0,0.0,5e-05,20000000.0,3200768.0,900288.0,2214064.0,624384.0,0.7105299575053807,0.6901647209821324
84,422.0,3.0,152.6,41.6,111.0,19.157999999999998,37.0,10.6,26.4,17.698,464972.8,126886.4,182428.8,51057.6,14.0,0.0,51.0,10.0,0.0,4980.0,0.0,5e-05,20000000.0,4649728.0,1268864.0,1824288.0,510576.0,0.7274022983026833,0.7136478583847006
85,427.0,3.0,263.8,75.2,188.6,25.110000000000003,92.0,30.2,61.8,23.491999999999997,740817.6,206169.6,314116.8,87608.0,7.0,0.0,51.0,10.0,0.0,2870.0,0.0,5e-05,20000000.0,7408176.0,2061696.0,3141168.0,876080.0,0.714960730711103,0.6717157550257129
86,432.0,3.0,313.2,86.8,226.4,25.784000000000002,266.8,75.0,191.8,26.54,91473.6,24140.8,214342.4,58510.4,2.0,0.0,51.0,10.0,0.0,2450.0,0.0,5e-05,20000000.0,914736.0,241408.0,2143424.0,585104.0,0.7228962144060616,0.7189859723852541
87,437.0,3.0,309.6,97.6,212.0,24.408,246.4,69.2,177.2,26.392000000000003,97444.8,27150.4,192976.0,51619.2,2.0,0.0,51.0,10.0,0.0,1880.0,0.0,5e-05,20000000.0,974448.0,271504.0,1929760.0,516192.0,0.6847790910529308,0.719269896199931
88,442.0,3.0,320.0,80.0,240.0,26.622000000000003,162.8,43.6,119.2,27.0,389459.2,97364.8,316742.4,84512.0,4.0,0.0,51.0,10.0,0.0,180.0,0.0,5e-05,20000000.0,3894592.0,973648.0,3167424.0,845120.0,0.75,0.7321649513880695
89,447.0,3.0,232.4,66.6,165.8,20.624,90.6,28.4,62.2,15.964000000000002,487835.2,139926.4,157889.6,50540.8,7.0,0.0,51.0,10.0,0.0,4930.0,0.0,5e-05,20000000.0,4878352.0,1399264.0,1578896.0,505408.0,0.7134155287769479,0.6869577622536249
90,452.0,3.0,156.8,44.6,112.2,21.014000000000003,38.0,11.0,27.0,20.894,474296.0,135198.4,178481.6,59070.4,14.0,0.0,51.0,10.0,0.0,3370.0,0.0,5e-05,20000000.0,4742960.0,1351984.0,1784816.0,590704.0,0.7155937271821593,0.7105263157894737
91,457.0,3.0,310.8,105.2,205.6,20.546,160.2,54.6,105.6,20.759999999999998,250156.8,72091.2,199628.8,56336.0,4.0,0.0,51.0,10.0,0.0,2910.0,0.0,5e-05,20000000.0,2501568.0,720912.0,1996288.0,563360.0,0.6614851206399286,0.6591442325236957
92,462.0,3.0,280.2,77.8,202.4,25.972,90.6,26.4,64.2,25.806,848265.6,233160.0,346025.6,94088.0,7.0,0.0,51.0,10.0,0.0,1180.0,0.0,5e-05,20000000.0,8482656.0,2331600.0,3460256.0,940880.0,0.7223518891625795,0.7086549651065781
93,467.0,3.0,298.0,81.6,216.4,24.747999999999998,229.6,68.0,161.6,25.648000000000003,102660.8,27700.8,173718.4,48796.8,2.0,0.0,51.0,10.0,0.0,2640.0,0.0,5e-05,20000000.0,1026608.0,277008.0,1737184.0,487968.0,0.7260972420814207,0.703663177010603
94,472.0,3.0,285.6,77.6,208.0,26.528,88.6,23.4,65.2,27.0,895854.4,242409.6,381208.0,99350.4,7.0,0.0,51.0,10.0,0.0,270.0,0.0,5e-05,20000000.0,8958544.0,2424096.0,3812080.0,993504.0,0.7282840630615468,0.7358479118212155
95,477.0,3.0,307.8,80.0,227.8,26.610000000000003,271.2,81.4,189.8,25.966,95827.2,25201.6,210113.6,58390.4,2.0,0.0,51.0,10.0,0.0,1770.0,0.0,5e-05,20000000.0,958272.0,252016.0,2101136.0,583904.0,0.7400223345294668,0.6998597996355562
96,482.0,3.0,285.8,78.6,207.2,25.52,159.0,52.0,107.0,23.298,356902.4,99020.8,240724.8,68561.6,4.0,0.0,51.0,10.0,0.0,1200.0,0.0,5e-05,20000000.0,3569024.0,990208.0,2407248.0,685616.0,0.7249512419127264,0.6729370609261913
97,487.0,3.0,230.4,63.6,166.8,24.838,92.2,25.8,66.4,20.038,641137.6,174172.8,179670.4,49622.4,7.0,0.0,51.0,10.0,0.0,3520.0,0.0,5e-05,20000000.0,6411376.0,1741728.0,1796704.0,496224.0,0.7239761273097096,0.7202395233405946
98,492.0,3.0,259.2,72.0,187.2,25.695999999999998,93.0,28.8,64.2,23.479999999999997,772784.0,208851.2,285433.6,78078.4,7.0,0.0,51.0,10.0,0.0,1320.0,0.0,5e-05,20000000.0,7727840.0,2088512.0,2854336.0,780784.0,0.7222302186180186,0.6903216103780883
99,497.0,3.0,303.0,80.0,223.0,25.706,164.6,54.2,110.4,24.442,379476.8,101048.0,265379.2,74540.8,4.0,0.0,51.0,10.0,0.0,1370.0,0.0,5e-05,20000000.0,3794768.0,1010480.0,2653792.0,745408.0,0.7359471701416535,0.6707317073170732
100,502.0,3.0,219.2,64.0,155.2,23.354,90.6,29.4,61.2,17.332,534968.0,164065.6,198176.0,55508.8,7.0,0.0,51.0,10.0,0.0,3250.0,0.0,5e-05,20000000.0,5349680.0,1640656.0,1981760.0,555088.0,0.7079153609262698,0.6756081189149233
101,507.0,3.0,310.4,80.0,230.4,26.482,163.8,47.8,116.0,25.822000000000003,376259.2,97364.8,304100.8,81788.8,4.0,0.0,51.0,10.0,0.0,1870.0,0.0,5e-05,20000000.0,3762592.0,973648.0,3041008.0,817888.0,0.7422631236599291,0.7081483074268942
102,512.0,3.0,279.8,78.8,201.0,26.157999999999998,89.8,25.8,64.0,25.808,853281.6,233548.8,351196.8,94771.2,7.0,0.0,51.0,10.0,0.0,1110.0,0.0,5e-05,20000000.0,8532816.0,2335488.0,3511968.0,947712.0,0.718385374336985,0.7125204899710905
103,517.0,3.0,153.8,42.6,111.2,22.575999999999997,38.0,11.0,27.0,22.054000000000002,628331.2,181769.6,237625.6,76220.8,14.0,0.0,51.0,10.0,0.0,4140.0,0.0,5e-05,20000000.0,6283312.0,1817696.0,2376256.0,762208.0,0.7229719234222853,0.7105263157894737
104,522.0,3.0,307.8,98.0,209.8,21.118000000000002,161.2,55.0,106.2,20.540000000000003,293644.8,78307.2,194121.6,56736.0,4.0,0.0,51.0,10.0,0.0,3510.0,0.0,5e-05,20000000.0,2936448.0,783072.0,1941216.0,567360.0,0.681570960848566,0.6591572430046962
105,527.0,3.0,278.2,81.6,196.6,20.171999999999997,165.6,53.8,111.8,15.758000000000001,278313.6,76484.8,118686.4,31977.6,4.0,0.0,51.0,10.0,0.0,4780.0,0.0,5e-05,20000000.0,2783136.0,764848.0,1186864.0,319776.0,0.7069332893576707,0.6752638558564825
106,532.0,3.0,303.4,92.6,210.8,23.424000000000003,166.4,54.2,112.2,22.303999999999995,295300.8,84459.2,230606.4,64068.8,4.0,0.0,51.0,10.0,0.0,2990.0,0.0,5e-05,20000000.0,2953008.0,844592.0,2306064.0,640688.0,0.6947787417539362,0.6742549393923942
107,537.0,3.0,153.6,42.8,110.8,21.104,36.8,10.8,26.0,19.958,578339.2,151740.8,208328.0,58310.4,14.0,0.0,51.0,10.0,0.0,2730.0,0.0,5e-05,20000000.0,5783392.0,1517408.0,2083280.0,583104.0,0.7212598145852273,0.7054135338345865
108,542.0,3.0,313.2,80.0,233.2,26.544,277.6,80.8,196.8,26.310000000000002,100089.6,25651.2,221526.4,61331.2,2.0,0.0,51.0,10.0,0.0,100.0,0.0,5e-05,20000000.0,1000896.0,256512.0,2215264.0,613312.0,0.7445312853438819,0.708920212229456
109,547.0,3.0,157.8,43.6,114.2,26.606,37.4,10.2,27.2,27.0,1011697.6,279729.6,370601.6,101160.0,14.0,0.0,51.0,10.0,0.0,140.0,0.0,5e-05,20000000.0,10116976.0,2797296.0,3706016.0,1011600.0,0.7236754954294381,0.7272324956535483
110,552.0,3.0,272.2,75.0,197.2,26.524,92.2,25.4,66.8,25.836000000000002,884430.4,241675.2,337116.8,92617.6,7.0,0.0,51.0,10.0,0.0,2470.0,0.0,5e-05,20000000.0,8844304.0,2416752.0,3371168.0,926176.0,0.7244897250230304,0.7244795936329117
111,557.0,3.0,293.8,83.8,210.0,25.53,250.0,80.4,169.6,22.752000000000002,93470.4,26144.0,165428.8,47049.6,2.0,0.0,51.0,10.0,0.0,3930.0,0.0,5e-05,20000000.0,934704.0,261440.0,1654288.0,470496.0,0.7147235865624059,0.6790974671436422
112,562.0,3.0,276.0,76.6,199.4,26.345999999999997,89.8,26.0,63.8,25.8,855792.0,235620.8,363430.4,96936.0,7.0,0.0,51.0,10.0,0.0,1230.0,0.0,5e-05,20000000.0,8557920.0,2356208.0,3634304.0,969360.0,0.7224611390466256,0.7104589854589853
113,567.0,3.0,309.6,85.4,224.2,25.387999999999998,164.6,49.4,115.2,25.002000000000002,335395.2,89875.2,272176.0,73340.8,4.0,0.0,51.0,10.0,0.0,960.0,0.0,5e-05,20000000.0,3353952.0,898752.0,2721760.0,733408.0,0.7241597984113515,0.6998921732664064
114,572.0,3.0,306.4,80.0,226.4,26.606,269.2,78.4,190.8,26.26,98534.4,25849.6,209932.8,58083.2,2.0,0.0,51.0,10.0,0.0,1780.0,0.0,5e-05,20000000.0,985344.0,258496.0,2099328.0,580832.0,0.7388491677871079,0.7088750664401687
115,577.0,3.0,275.0,76.0,199.0,26.555999999999994,88.8,25.4,63.4,25.732,864883.2,237908.8,349347.2,94595.2,7.0,0.0,51.0,10.0,0.0,1490.0,0.0,5e-05,20000000.0,8648832.0,2379088.0,3493472.0,945952.0,0.7236352771949485,0.7139870784000967
116,582.0,3.0,259.2,71.6,187.6,24.566,91.6,25.6,66.0,21.748,636609.6,178456.0,251392.0,75273.6,7.0,0.0,51.0,10.0,0.0,3730.0,0.0,5e-05,20000000.0,6366096.0,1784560.0,2513920.0,752736.0,0.7237758854523297,0.7206002599550987
117,587.0,3.0,300.8,89.0,211.8,21.919999999999998,161.6,47.2,114.4,20.878,285147.2,81200.0,177875.2,47817.6,4.0,0.0,51.0,10.0,0.0,3900.0,0.0,5e-05,20000000.0,2851472.0,812000.0,1778752.0,478176.0,0.7041247713628654,0.7078191226115891
118,592.0,3.0,310.6,88.2,222.4,24.747999999999998,276.8,85.4,191.4,24.720000000000002,93164.8,25028.8,187787.2,52308.8,2.0,0.0,51.0,10.0,0.0,2690.0,0.0,5e-05,20000000.0,931648.0,250288.0,1877872.0,523088.0,0.7160351408032033,0.6914671572611097
119,597.0,3.0,280.4,79.4,201.0,26.048000000000002,92.2,27.6,64.6,25.804000000000002,863732.8,234062.4,353561.6,96328.0,7.0,0.0,51.0,10.0,0.0,100.0,0.0,5e-05,20000000.0,8637328.0,2340624.0,3535616.0,963280.0,0.7168256472963076,0.7005158173601371
120,602.0,3.0,155.8,44.4,111.4,22.3,37.4,11.0,26.4,22.1,640816.0,169723.2,262937.6,73524.8,14.0,0.0,51.0,10.0,0.0,4270.0,0.0,5e-05,20000000.0,6408160.0,1697232.0,2629376.0,735248.0,0.714937159614579,0.7059743954480796
121,607.0,3.0,303.6,90.4,213.2,19.338,141.4,39.8,101.6,20.351999999999997,250689.6,70932.8,171361.6,46628.8,4.0,0.0,51.0,10.0,0.0,4800.0,0.0,5e-05,20000000.0,2506896.0,709328.0,1713616.0,466288.0,0.7021887852619898,0.7186266849505526
122,612.0,3.0,158.6,43.4,115.2,20.784,37.8,10.2,27.6,20.762,539644.8,157400.0,238080.0,61988.8,14.0,0.0,51.0,10.0,0.0,2920.0,0.0,5e-05,20000000.0,5396448.0,1574000.0,2380800.0,619888.0,0.7263593662924925,0.7301564722617353
123,617.0,3.0,299.2,86.4,212.8,20.279999999999998,149.2,44.6,104.6,20.568,230825.6,65713.6,205792.0,55152.0,4.0,0.0,51.0,10.0,0.0,4850.0,0.0,5e-05,20000000.0,2308256.0,657136.0,2057920.0,551520.0,0.7111984436074448,0.7006402733088158
124,622.0,3.0,306.8,93.0,213.8,21.776000000000003,157.2,50.2,107.0,22.302,272892.8,76726.4,218817.6,60160.0,4.0,0.0,51.0,10.0,0.0,3220.0,0.0,5e-05,20000000.0,2728928.0,767264.0,2188176.0,601600.0,0.6968801623313738,0.6806358018464612
125,627.0,3.0,155.8,49.0,106.8,23.482,37.6,11.4,26.2,23.426,818233.6,231684.8,303209.6,81931.2,14.0,0.0,51.0,10.0,0.0,1830.0,0.0,5e-05,20000000.0,8182336.0,2316848.0,3032096.0,819312.0,0.6855098527936005,0.6970760233918127
126,632.0,3.0,249.0,66.4,182.6,23.02,89.8,25.6,64.2,20.124000000000002,572862.4,153320.0,227385.6,60627.2,7.0,0.0,51.0,10.0,0.0,4830.0,0.0,5e-05,20000000.0,5728624.0,1533200.0,2273856.0,606272.0,0.7333369921633276,0.7146803002992884
127,637.0,3.0,305.6,93.4,212.2,22.94,232.2,73.0,159.2,23.276000000000003,85401.6,23488.0,158985.6,43516.8,2.0,0.0,51.0,10.0,0.0,3770.0,0.0,5e-05,20000000.0,854016.0,234880.0,1589856.0,435168.0,0.6943795121115505,0.6856899079079459
128,642.0,3.0,317.4,92.4,225.0,24.324,259.4,74.8,184.6,25.778000000000002,85432.0,22912.0,204182.4,53808.0,2.0,0.0,51.0,10.0,0.0,2580.0,0.0,5e-05,20000000.0,854320.0,229120.0,2041824.0,538080.0,0.7088880443198473,0.7116287277639474
129,647.0,3.0,264.2,74.2,190.0,26.074,90.0,28.0,62.0,24.426,830112.0,228905.6,313137.6,86705.6,7.0,0.0,51.0,10.0,0.0,1360.0,0.0,5e-05,20000000.0,8301120.0,2289056.0,3131376.0,867056.0,0.7191670126881753,0.6888521563716224
130,652.0,3.0,313.2,80.0,233.2,26.53,280.4,80.2,200.2,26.482000000000006,94636.8,24252.8,221800.0,61536.0,2.0,0.0,51.0,10.0,0.0,1430.0,0.0,5e-05,20000000.0,946368.0,242528.0,2218000.0,615360.0,0.7445675681307502,0.7139763235147647
131,657.0,3.0,320.0,80.0,240.0,26.607999999999997,164.8,44.2,120.6,27.0,387680.0,96920.0,306568.0,82257.6,4.0,0.0,51.0,10.0,0.0,140.0,0.0,5e-05,20000000.0,3876800.0,969200.0,3065680.0,822576.0,0.75,0.73186487560878
132,662.0,3.0,246.0,68.6,177.4,24.734,92.0,24.4,67.6,20.872,651532.8,185070.4,178032.0,48736.0,7.0,0.0,51.0,10.0,0.0,4690.0,0.0,5e-05,20000000.0,6515328.0,1850704.0,1780320.0,487360.0,0.7211083448719284,0.7347410250732019
133,667.0,3.0,306.4,80.0,226.4,26.589999999999996,273.2,81.0,192.2,25.733999999999998,95596.8,25132.8,209320.0,56580.8,2.0,0.0,51.0,10.0,0.0,1620.0,0.0,5e-05,20000000.0,955968.0,251328.0,2093200.0,565808.0,0.7388870347835413,0.7035307939088634
134,672.0,3.0,259.2,71.0,188.2,25.798000000000002,91.2,24.6,66.6,23.432,752924.8,210158.4,244992.0,73451.2,7.0,0.0,51.0,10.0,0.0,3850.0,0.0,5e-05,20000000.0,7529248.0,2101584.0,2449920.0,734512.0,0.7260836211838617,0.7303465001571594
135,677.0,3.0,241.4,67.2,174.2,23.67,92.4,25.6,66.8,19.821999999999996,608681.6,170246.4,226769.6,58560.0,7.0,0.0,51.0,10.0,0.0,3840.0,0.0,5e-05,20000000.0,6086816.0,1702464.0,2267696.0,585600.0,0.7216446212651777,0.7229885588931871
136,682.0,3.0,305.6,96.4,209.2,23.016000000000002,243.0,79.6,163.4,22.134,76968.0,21163.2,150747.2,41852.8,2.0,0.0,51.0,10.0,0.0,3600.0,0.0,5e-05,20000000.0,769680.0,211632.0,1507472.0,418528.0,0.6844910545322258,0.6725384922625548
137,687.0,3.0,299.6,80.0,219.6,26.596000000000004,264.4,78.6,185.8,25.556,100163.2,27499.2,197928.0,53155.2,2.0,0.0,51.0,10.0,0.0,1930.0,0.0,5e-05,20000000.0,1001632.0,274992.0,1979280.0,531552.0,0.7329430848185594,0.7027153241125463
138,692.0,3.0,157.2,47.2,110.0,22.192,37.2,11.2,26.0,21.978,701312.0,202662.4,279604.8,78179.2,14.0,0.0,51.0,10.0,0.0,3480.0,0.0,5e-05,20000000.0,7013120.0,2026624.0,2796048.0,781792.0,0.6997695885195448,0.698775090880354
139,697.0,3.0,302.6,80.0,222.6,26.028,164.6,50.2,114.4,24.858,365646.4,97355.2,272456.0,74294.4,4.0,0.0,51.0,10.0,0.0,560.0,0.0,5e-05,20000000.0,3656464.0,973552.0,2724560.0,742944.0,0.7356078436652325,0.695070056047287
140,702.0,3.0,151.8,44.0,107.8,18.65,36.4,11.4,25.0,17.84,545356.8,151963.2,208731.2,64208.0,14.0,0.0,51.0,10.0,0.0,4850.0,0.0,5e-05,20000000.0,5453568.0,1519632.0,2087312.0,642080.0,0.7100163595008552,0.6876023391812865
141,707.0,3.0,300.0,94.8,205.2,19.436,151.0,50.4,100.6,19.038,237136.0,68561.6,169048.0,48259.2,4.0,0.0,51.0,10.0,0.0,4200.0,0.0,5e-05,20000000.0,2371360.0,685616.0,1690480.0,482592.0,0.6841654463540253,0.6660374958378258
142,712.0,3.0,153.8,43.0,110.8,20.018,38.0,11.0,27.0,19.5,472632.0,128038.4,194584.0,53587.2,14.0,0.0,51.0,10.0,0.0,3630.0,0.0,5e-05,20000000.0,4726320.0,1280384.0,1945840.0,535872.0,0.720454700098663,0.7105263157894737
143,717.0,3.0,155.8,53.0,102.8,23.508000000000003,36.4,13.0,23.4,23.494,830905.6,235032.0,321945.6,92100.8,14.0,0.0,51.0,10.0,0.0,250.0,0.0,5e-05,20000000.0,8309056.0,2350320.0,3219456.0,921008.0,0.6598067537557983,0.6429429429429429
144,722.0,3.0,296.0,87.6,208.4,24.516,165.4,58.6,106.8,22.47,330817.6,92096.0,235089.6,64644.8,4.0,0.0,51.0,10.0,0.0,1260.0,0.0,5e-05,20000000.0,3308176.0,920960.0,2350896.0,646448.0,0.7040699839496208,0.6458491134613891
145,727.0,3.0,158.8,42.2,116.6,23.302,36.8,10.6,26.2,23.336000000000002,600486.4,158598.4,274846.4,81849.6,14.0,0.0,51.0,10.0,0.0,4860.0,0.0,5e-05,20000000.0,6004864.0,1585984.0,2748464.0,818496.0,0.7342917777804823,0.7125037819774661
146,732.0,3.0,156.2,41.4,114.8,19.594,37.8,10.6,27.2,19.3,470123.2,132246.4,149388.8,48561.6,14.0,0.0,51.0,10.0,0.0,3350.0,0.0,5e-05,20000000.0,4701232.0,1322464.0,1493888.0,485616.0,0.7349458656022492,0.7196301564722617
147,737.0,3.0,303.2,93.8,209.4,22.52,296.6,114.8,181.8,18.372000000000003,79980.8,23008.0,156960.0,46672.0,2.0,0.0,51.0,10.0,0.0,3400.0,0.0,5e-05,20000000.0,799808.0,230080.0,1569600.0,466720.0,0.6907594581743679,0.6128335181662774
148,742.0,3.0,158.4,46.4,112.0,25.544,36.4,11.0,25.4,25.828000000000003,947441.6,256985.6,354265.6,97648.0,14.0,0.0,51.0,10.0,0.0,240.0,0.0,5e-05,20000000.0,9474416.0,2569856.0,3542656.0,976480.0,0.7070933842846906,0.6975032175032174
149,747.0,3.0,306.2,87.6,218.6,24.664,161.0,49.8,111.2,23.79,306683.2,83968.0,254740.8,69344.0,4.0,0.0,51.0,10.0,0.0,3300.0,0.0,5e-05,20000000.0,3066832.0,839680.0,2547408.0,693440.0,0.7138956114792119,0.6907106132011467
150,752.0,3.0,285.0,84.6,200.4,25.613999999999997,90.8,27.2,63.6,25.812,867489.6,239347.2,352238.4,97537.6,7.0,0.0,51.0,10.0,0.0,850.0,0.0,5e-05,20000000.0,8674896.0,2393472.0,3522384.0,975376.0,0.703119768287547,0.7004438551189895
151,757.0,3.0,253.0,69.2,183.8,24.154,90.4,27.8,62.6,21.060000000000002,629001.6,162896.0,252563.2,67478.4,7.0,0.0,51.0,10.0,0.0,2830.0,0.0,5e-05,20000000.0,6290016.0,1628960.0,2525632.0,674784.0,0.7264891662315687,0.6923034694773824
152,762.0,3.0,320.0,80.0,240.0,26.552,285.8,79.2,206.6,27.0,95174.4,23793.6,232224.0,64520.0,2.0,0.0,51.0,10.0,0.0,370.0,0.0,5e-05,20000000.0,951744.0,237936.0,2322240.0,645200.0,0.75,0.7228547790134998
153,767.0,3.0,320.0,89.4,230.6,25.198,165.8,47.8,118.0,25.834000000000003,337697.6,87892.8,279352.0,76750.4,4.0,0.0,51.0,10.0,0.0,1230.0,0.0,5e-05,20000000.0,3376976.0,878928.0,2793520.0,767504.0,0.7206250000000001,0.7117524155752137
154,772.0,3.0,236.6,63.4,173.2,22.654000000000003,91.4,27.6,63.8,18.748,566244.8,150788.8,200491.2,61387.2,7.0,0.0,51.0,10.0,0.0,3910.0,0.0,5e-05,20000000.0,5662448.0,1507888.0,2004912.0,613872.0,0.7320249525390413,0.6980888676540851
155,777.0,3.0,284.4,89.8,194.6,23.042,224.4,89.2,135.2,19.944,90755.2,25084.8,126833.6,36923.2,2.0,0.0,51.0,10.0,0.0,1710.0,0.0,5e-05,20000000.0,907552.0,250848.0,1268336.0,369232.0,0.6840521342756637,0.6025261883767247
156,782.0,3.0,301.6,91.4,210.2,22.664,252.4,84.0,168.4,20.526000000000003,84811.2,23115.2,134969.6,38232.0,2.0,0.0,51.0,10.0,0.0,4440.0,0.0,5e-05,20000000.0,848112.0,231152.0,1349696.0,382320.0,0.6970125057311441,0.6673320104668357
157,787.0,3.0,298.8,85.6,213.2,25.262,269.0,91.0,178.0,22.926,97715.2,26953.6,161187.2,44308.8,2.0,0.0,51.0,10.0,0.0,3370.0,0.0,5e-05,20000000.0,977152.0,269536.0,1611872.0,443088.0,0.7133869109740503,0.6617046609446744
158,792.0,3.0,157.8,49.6,108.2,24.368000000000002,37.6,12.2,25.4,24.416,866971.2,239542.4,308777.6,86243.2,14.0,0.0,51.0,10.0,0.0,670.0,0.0,5e-05,20000000.0,8669712.0,2395424.0,3087776.0,862432.0,0.6856543146368799,0.6755334281650072
159,797.0,3.0,306.8,92.6,214.2,24.568,249.6,78.4,171.2,24.214000000000002,94699.2,26596.8,179118.4,50155.2,2.0,0.0,51.0,10.0,0.0,2830.0,0.0,5e-05,20000000.0,946992.0,265968.0,1791184.0,501552.0,0.6982172874616391,0.6859912626738109
160,802.0,3.0,302.4,80.0,222.4,26.22,158.4,49.2,109.2,25.068000000000005,369608.0,98915.2,291336.0,80406.4,4.0,0.0,51.0,10.0,0.0,200.0,0.0,5e-05,20000000.0,3696080.0,989152.0,2913360.0,804064.0,0.7353995149466873,0.6895216246779474
161,807.0,3.0,271.8,75.8,196.0,26.276,90.4,26.6,63.8,25.508,874608.0,244828.8,345582.4,94180.8,7.0,0.0,51.0,10.0,0.0,1350.0,0.0,5e-05,20000000.0,8746080.0,2448288.0,3455824.0,941808.0,0.7211277503367759,0.7055808040680122
162,812.0,3.0,320.0,80.0,240.0,26.556,166.8,44.8,122.0,27.0,384147.2,96036.8,306492.8,81070.4,4.0,0.0,51.0,10.0,0.0,990.0,0.0,5e-05,20000000.0,3841472.0,960368.0,3064928.0,810704.0,0.75,0.7314023085436732
163,817.0,3.0,156.6,44.0,112.6,18.634,37.8,10.8,27.0,18.278,488400.0,138728.0,199881.6,52220.8,14.0,0.0,51.0,10.0,0.0,4880.0,0.0,5e-05,20000000.0,4884000.0,1387280.0,1998816.0,522208.0,0.7190538554894482,0.7143669985775247
164,822.0,3.0,280.4,82.2,198.2,19.9,162.8,53.4,109.4,15.372,262092.8,68684.8,148960.0,42608.0,4.0,0.0,51.0,10.0,0.0,4790.0,0.0,5e-05,20000000.0,2620928.0,686848.0,1489600.0,426080.0,0.7068846435039916,0.6720038711272363
165,827.0,3.0,310.2,101.2,209.0,22.922,155.6,50.8,104.8,23.708000000000002,287544.0,85017.6,247440.0,69563.2,4.0,0.0,51.0,10.0,0.0,1400.0,0.0,5e-05,20000000.0,2875440.0,850176.0,2474400.0,695632.0,0.6737413012798814,0.6746263542356881
166,832.0,3.0,313.2,80.0,233.2,26.544,280.8,82.2,198.6,26.410000000000004,95404.8,24427.2,222841.6,62683.2,2.0,0.0,51.0,10.0,0.0,320.0,0.0,5e-05,20000000.0,954048.0,244272.0,2228416.0,626832.0,0.7445686217668881,0.707243172877921
167,837.0,3.0,313.2,80.0,233.2,26.529999999999994,278.6,79.6,199.0,26.439999999999998,94726.4,24297.6,220326.4,60507.2,2.0,0.0,51.0,10.0,0.0,1210.0,0.0,5e-05,20000000.0,947264.0,242976.0,2203264.0,605072.0,0.7445415738352827,0.7143133613998637
168,842.0,3.0,302.2,82.0,220.2,25.642000000000003,275.4,87.6,187.8,23.379999999999995,96571.2,25441.6,173403.2,45932.8,2.0,0.0,51.0,10.0,0.0,3740.0,0.0,5e-05,20000000.0,965712.0,254416.0,1734032.0,459328.0,0.728589942551587,0.6818249153854008
169,847.0,3.0,262.8,78.6,184.2,25.643999999999995,88.2,30.0,58.2,23.84,784084.8,220600.0,318283.2,89700.8,7.0,0.0,51.0,10.0,0.0,620.0,0.0,5e-05,20000000.0,7840848.0,2206000.0,3182832.0,897008.0,0.7009038205820317,0.659752503727707
170,852.0,3.0,149.6,42.0,107.6,16.724,37.2,10.8,26.4,15.88,432713.6,120104.0,174070.4,54585.6,14.0,0.0,51.0,10.0,0.0,4620.0,0.0,5e-05,20000000.0,4327136.0,1201040.0,1740704.0,545856.0,0.7191661912827712,0.7095305832147938
171,857.0,3.0,280.0,78.6,201.4,26.156,90.0,26.6,63.4,25.857999999999997,859414.4,236313.6,356712.0,99086.4,7.0,0.0,51.0,10.0,0.0,1050.0,0.0,5e-05,20000000.0,8594144.0,2363136.0,3567120.0,990864.0,0.7193286962696543,0.7045318034397914
172,862.0,3.0,320.0,80.0,240.0,26.552,285.8,79.2,206.6,27.0,95174.4,23793.6,232224.0,64520.0,2.0,0.0,51.0,10.0,0.0,350.0,0.0,5e-05,20000000.0,951744.0,237936.0,2322240.0,645200.0,0.75,0.7228547790134998
173,867.0,3.0,305.4,96.0,209.4,23.69,238.6,72.6,166.0,23.994,86988.8,24318.4,165939.2,46683.2,2.0,0.0,51.0,10.0,0.0,3230.0,0.0,5e-05,20000000.0,869888.0,243184.0,1659392.0,466832.0,0.6857796508877309,0.6958494303679551
174,872.0,3.0,313.2,107.4,205.8,21.706,233.6,73.6,160.0,24.616,80633.6,21393.6,171139.2,47713.6,2.0,0.0,51.0,10.0,0.0,3510.0,0.0,5e-05,20000000.0,806336.0,213936.0,1711392.0,477136.0,0.6570988304343344,0.6849854158500971
175,877.0,3.0,158.4,44.4,114.0,25.548,36.8,10.4,26.4,25.838,877108.8,240505.6,342088.0,92972.8,14.0,0.0,51.0,10.0,0.0,1230.0,0.0,5e-05,20000000.0,8771088.0,2405056.0,3420880.0,929728.0,0.7196753980701565,0.7174580595633226
176,882.0,3.0,253.4,74.0,179.4,23.96,88.8,26.0,62.8,20.958,689299.2,193507.2,246916.8,68148.8,7.0,0.0,51.0,10.0,0.0,2310.0,0.0,5e-05,20000000.0,6892992.0,1935072.0,2469168.0,681488.0,0.7079891947036806,0.7073194739644869
177,887.0,3.0,304.0,97.6,206.4,21.748,245.6,78.0,167.6,21.292,75120.0,20953.6,124160.0,36283.2,2.0,0.0,51.0,10.0,0.0,4060.0,0.0,5e-05,20000000.0,751200.0,209536.0,1241600.0,362832.0,0.67895975509335,0.6822759068334264
178,892.0,3.0,284.4,79.2,205.2,24.49,162.0,46.4,115.6,21.473999999999997,356854.4,97243.2,179873.6,50515.2,4.0,0.0,51.0,10.0,0.0,4690.0,0.0,5e-05,20000000.0,3568544.0,972432.0,1798736.0,505152.0,0.7214807929402887,0.7136769989765184
179,897.0,3.0,306.2,102.0,204.2,21.035999999999998,255.0,82.0,173.0,20.476000000000003,70764.8,20843.2,124076.8,35526.4,2.0,0.0,51.0,10.0,0.0,4430.0,0.0,5e-05,20000000.0,707648.0,208432.0,1240768.0,355264.0,0.6668926243388571,0.6785669154595837
180,902.0,3.0,301.6,80.0,221.6,26.15,162.6,51.2,111.4,24.792,359264.0,96113.6,281256.0,76345.6,4.0,0.0,51.0,10.0,0.0,1740.0,0.0,5e-05,20000000.0,3592640.0,961136.0,2812560.0,763456.0,0.7347023851607279,0.6850637112411335
181,907.0,3.0,155.0,47.8,107.2,23.466,36.0,12.6,23.4,23.256,782910.4,216044.8,310670.4,89616.0,14.0,0.0,51.0,10.0,0.0,930.0,0.0,5e-05,20000000.0,7829104.0,2160448.0,3106704.0,896160.0,0.6916209634284545,0.6497383097383097
182,912.0,3.0,317.6,115.2,202.4,21.326,236.4,73.6,162.8,24.625999999999998,69398.4,19654.4,173259.2,48993.6,2.0,0.0,51.0,10.0,0.0,2910.0,0.0,5e-05,20000000.0,693984.0,196544.0,1732592.0,489936.0,0.6372799460902776,0.689052134711371
183,917.0,3.0,320.0,80.0,240.0,26.586000000000002,286.0,79.0,207.0,27.0,95904.0,23976.0,234692.8,64630.4,2.0,0.0,51.0,10.0,0.0,260.0,0.0,5e-05,20000000.0,959040.0,239760.0,2346928.0,646304.0,0.75,0.7237687680979585
184,922.0,3.0,231.6,62.2,169.4,22.008,92.4,26.8,65.6,17.294,524820.8,140000.0,151457.6,43516.8,7.0,0.0,51.0,10.0,0.0,4910.0,0.0,5e-05,20000000.0,5248208.0,1400000.0,1514576.0,435168.0,0.7314709491484626,0.7099201639874851
185,927.0,3.0,158.2,42.0,116.2,19.502000000000002,37.6,11.0,26.6,19.722,502932.8,130561.6,203051.2,54788.8,14.0,0.0,51.0,10.0,0.0,4950.0,0.0,5e-05,20000000.0,5029328.0,1305616.0,2030512.0,547888.0,0.734507324004083,0.7076023391812866
186,932.0,3.0,313.2,80.0,233.2,26.53,280.4,81.4,199.0,26.312,96102.4,24624.0,223670.4,61836.8,2.0,0.0,51.0,10.0,0.0,1180.0,0.0,5e-05,20000000.0,961024.0,246240.0,2236704.0,618368.0,0.7445519426221237,0.7098000421464119
187,937.0,3.0,227.0,62.2,164.8,23.876,92.8,25.4,67.4,18.212,574942.4,160676.8,174897.6,47936.0,7.0,0.0,51.0,10.0,0.0,4660.0,0.0,5e-05,20000000.0,5749424.0,1606768.0,1748976.0,479360.0,0.7259802793324408,0.7262107627996912
188,942.0,3.0,253.6,73.4,180.2,19.902,89.0,28.0,61.0,17.004,507766.4,153956.8,209361.6,64340.8,7.0,0.0,51.0,10.0,0.0,3170.0,0.0,5e-05,20000000.0,5077664.0,1539568.0,2093616.0,643408.0,0.7104012156281854,0.6848255761047752
189,947.0,3.0,309.2,89.2,220.0,25.124000000000002,262.6,76.6,186.0,25.632000000000005,81020.8,22180.8,202024.0,53280.0,2.0,0.0,51.0,10.0,0.0,2870.0,0.0,5e-05,20000000.0,810208.0,221808.0,2020240.0,532800.0,0.7114090428039653,0.7083829705198009
190,952.0,3.0,309.2,97.0,212.2,19.694,251.4,86.6,164.8,18.688,76803.2,21424.0,124942.4,35761.6,2.0,0.0,51.0,10.0,0.0,4780.0,0.0,5e-05,20000000.0,768032.0,214240.0,1249424.0,357616.0,0.6863672779459173,0.6555374320577267
191,957.0,3.0,313.2,83.2,230.0,26.048000000000002,272.6,79.0,193.6,26.136000000000003,95566.4,24822.4,209144.0,57926.4,2.0,0.0,51.0,10.0,0.0,1920.0,0.0,5e-05,20000000.0,955664.0,248224.0,2091440.0,579264.0,0.7343281248868553,0.7102169992535914
192,962.0,3.0,310.2,94.6,215.6,22.392000000000003,163.0,53.2,109.8,22.29,291305.6,78408.0,238081.6,64926.4,4.0,0.0,51.0,10.0,0.0,2540.0,0.0,5e-05,20000000.0,2913056.0,784080.0,2380816.0,649264.0,0.6950963989381105,0.6735466252231443
193,967.0,3.0,297.8,94.4,203.4,21.824,166.0,59.4,106.6,19.67,282284.8,73350.4,167675.2,50720.0,4.0,0.0,51.0,10.0,0.0,3340.0,0.0,5e-05,20000000.0,2822848.0,733504.0,1676752.0,507200.0,0.6830803163576334,0.6423432696134385
194,972.0,3.0,158.4,43.8,114.6,26.547999999999995,37.2,10.2,27.0,27.0,985416.0,270672.0,374112.0,102558.4,14.0,0.0,51.0,10.0,0.0,210.0,0.0,5e-05,20000000.0,9854160.0,2706720.0,3741120.0,1025584.0,0.7235158197228294,0.7258100205468627
195,977.0,3.0,311.2,85.2,226.0,25.381999999999998,255.6,72.4,183.2,26.43,97769.6,25876.8,204168.0,55140.8,2.0,0.0,51.0,10.0,0.0,2650.0,0.0,5e-05,20000000.0,977696.0,258768.0,2041680.0,551408.0,0.7262211734605677,0.7167290669349593
196,982.0,3.0,155.8,45.0,110.8,25.554,35.4,10.2,25.2,25.794,949683.2,260819.2,351262.4,95894.4,14.0,0.0,51.0,10.0,0.0,760.0,0.0,5e-05,20000000.0,9496832.0,2608192.0,3512624.0,958944.0,0.7111685862250893,0.7115947115947117
197,987.0,3.0,254.0,72.8,181.2,25.026,90.2,28.4,61.8,22.484,721544.0,199060.8,287547.2,84361.6,7.0,0.0,51.0,10.0,0.0,2260.0,0.0,5e-05,20000000.0,7215440.0,1990608.0,2875472.0,843616.0,0.7133042753499355,0.6852165708687448
198,992.0,3.0,282.4,82.2,200.2,22.184,164.0,56.0,108.0,18.064,315176.0,84451.2,173441.6,51190.4,4.0,0.0,51.0,10.0,0.0,4380.0,0.0,5e-05,20000000.0,3151760.0,844512.0,1734416.0,511904.0,0.7089179203146434,0.6585458398009214
199,997.0,3.0,240.2,67.6,172.6,23.988,92.8,26.0,66.8,19.706,612270.4,175921.6,207259.2,55564.8,7.0,0.0,51.0,10.0,0.0,4220.0,0.0,5e-05,20000000.0,6122704.0,1759216.0,2072592.0,555648.0,0.7185415877118823,0.719855171933594
200,1002.0,3.0,306.4,80.0,226.4,26.594,272.0,78.6,193.4,25.903999999999996,95820.8,25188.8,207324.8,57110.4,2.0,0.0,51.0,10.0,0.0,1530.0,0.0,5e-05,20000000.0,958208.0,251888.0,2073248.0,571104.0,0.7388620233488228,0.7110674407112715
201,1007.0,3.0,310.4,96.6,213.8,24.168,246.6,70.6,176.0,26.042,87216.0,24131.2,192630.4,52028.8,2.0,0.0,51.0,10.0,0.0,2780.0,0.0,5e-05,20000000.0,872160.0,241312.0,1926304.0,520288.0,0.6888568735402119,0.7136461747817716
202,1012.0,3.0,298.0,89.4,208.6,22.294,266.2,94.6,171.6,17.866,85627.2,22595.2,117355.2,32555.2,2.0,0.0,51.0,10.0,0.0,4410.0,0.0,5e-05,20000000.0,856272.0,225952.0,1173552.0,325552.0,0.6996864326046387,0.6446461185660944
203,1017.0,3.0,295.4,80.0,215.4,26.426,260.6,82.6,178.0,24.776,98812.8,26985.6,189772.8,51710.4,2.0,0.0,51.0,10.0,0.0,2440.0,0.0,5e-05,20000000.0,988128.0,269856.0,1897728.0,517104.0,0.7291588090334766,0.6829993205396099
204,1022.0,3.0,249.4,75.0,174.4,24.214000000000002,92.4,28.6,63.8,21.169999999999998,678486.4,193521.6,239310.4,70073.6,7.0,0.0,51.0,10.0,0.0,2510.0,0.0,5e-05,20000000.0,6784864.0,1935216.0,2393104.0,700736.0,0.6993107532373594,0.6904523851434605
205,1027.0,3.0,230.4,62.2,168.2,23.194,93.0,27.4,65.6,18.302000000000003,557393.6,156792.0,167366.4,52510.4,7.0,0.0,51.0,10.0,0.0,4160.0,0.0,5e-05,20000000.0,5573936.0,1567920.0,1673664.0,525104.0,0.7300444141201436,0.705277337263755
206,1032.0,3.0,268.2,75.4,192.8,23.442,92.2,29.4,62.8,22.162,684427.2,192915.2,282360.0,77721.6,7.0,0.0,51.0,10.0,0.0,3160.0,0.0,5e-05,20000000.0,6844272.0,1929152.0,2823600.0,777216.0,0.7188659163590102,0.6811360448807854
207,1037.0,3.0,265.6,73.2,192.4,26.186,93.0,26.8,66.2,24.688,832419.2,223092.8,304851.2,78694.4,7.0,0.0,51.0,10.0,0.0,2940.0,0.0,5e-05,20000000.0,8324192.0,2230928.0,3048512.0,786944.0,0.7244585485336493,0.7117554696624884
208,1042.0,3.0,263.4,72.4,191.0,26.322000000000003,90.0,28.2,61.8,24.637999999999998,830678.4,225241.6,338908.8,93665.6,7.0,0.0,51.0,10.0,0.0,840.0,0.0,5e-05,20000000.0,8306784.0,2252416.0,3389088.0,936656.0,0.7251054396205966,0.6865704888184074
209,1047.0,3.0,279.4,91.8,187.6,21.54,158.8,58.2,100.6,18.052,310790.4,93238.4,179595.2,51763.2,4.0,0.0,51.0,10.0,0.0,3200.0,0.0,5e-05,20000000.0,3107904.0,932384.0,1795952.0,517632.0,0.6715370533988857,0.6335758435006786
210,1052.0,3.0,242.6,67.0,175.6,24.759999999999998,92.0,24.8,67.2,20.438,668572.8,186088.0,196321.6,56427.2,7.0,0.0,51.0,10.0,0.0,4070.0,0.0,5e-05,20000000.0,6685728.0,1860880.0,1963216.0,564272.0,0.7237958585866782,0.7304458281316627
211,1057.0,3.0,311.2,108.0,203.2,19.65,275.0,100.0,175.0,18.254,76486.4,21769.6,126388.8,38222.4,2.0,0.0,51.0,10.0,0.0,3750.0,0.0,5e-05,20000000.0,764864.0,217696.0,1263888.0,382224.0,0.6528547600087382,0.6365902037810333
212,1062.0,3.0,222.2,65.0,157.2,24.447999999999997,91.6,26.0,65.6,18.68,607572.8,181184.0,192299.2,58988.8,7.0,0.0,51.0,10.0,0.0,4510.0,0.0,5e-05,20000000.0,6075728.0,1811840.0,1922992.0,589888.0,0.7073890777581125,0.7161189781541307
213,1067.0,3.0,158.8,43.4,115.4,26.568,36.8,10.0,26.8,27.0,989721.6,265996.8,368243.2,99206.4,14.0,0.0,51.0,10.0,0.0,1140.0,0.0,5e-05,20000000.0,9897216.0,2659968.0,3682432.0,992064.0,0.7266973170925881,0.7280634017476123
214,1072.0,3.0,156.0,42.2,113.8,22.107999999999997,36.6,10.6,26.0,21.862000000000002,632236.8,165732.8,271422.4,85020.8,14.0,0.0,51.0,10.0,0.0,2970.0,0.0,5e-05,20000000.0,6322368.0,1657328.0,2714224.0,850208.0,0.7294864946025825,0.7108410267852993
215,1077.0,3.0,279.6,81.8,197.8,21.448,165.8,56.0,109.8,17.119999999999997,310811.2,88833.6,131369.6,43011.2,4.0,0.0,51.0,10.0,0.0,4400.0,0.0,5e-05,20000000.0,3108112.0,888336.0,1313696.0,430112.0,0.7074664150313418,0.6623301366922558
216,1082.0,3.0,301.6,101.4,200.2,23.938,271.2,105.6,165.6,20.216,80809.6,24137.6,165772.8,49339.2,2.0,0.0,51.0,10.0,0.0,2600.0,0.0,5e-05,20000000.0,808096.0,241376.0,1657728.0,493392.0,0.6639036645117782,0.6106756058951955
217,1087.0,3.0,269.4,78.2,191.2,25.704,91.2,29.0,62.2,24.59,836192.0,230632.0,339584.0,95222.4,7.0,0.0,51.0,10.0,0.0,1740.0,0.0,5e-05,20000000.0,8361920.0,2306320.0,3395840.0,952224.0,0.7097114510200397,0.6821490143350128
218,1092.0,3.0,260.8,75.2,185.6,24.506,89.8,26.0,63.8,22.192,684502.4,192699.2,251192.0,66318.4,7.0,0.0,51.0,10.0,0.0,2810.0,0.0,5e-05,20000000.0,6845024.0,1926992.0,2511920.0,663184.0,0.7116306684049432,0.7103660291066588
219,1097.0,3.0,300.2,85.2,215.0,25.39,255.0,79.8,175.2,23.744,94134.4,26419.2,177312.0,50366.4,2.0,0.0,51.0,10.0,0.0,3320.0,0.0,5e-05,20000000.0,941344.0,264192.0,1773120.0,503664.0,0.7161680246332585,0.6871466547051279
220,1102.0,3.0,275.4,82.4,193.0,25.246000000000002,90.8,27.4,63.4,24.818,811366.4,222867.2,335593.6,91603.2,7.0,0.0,51.0,10.0,0.0,970.0,0.0,5e-05,20000000.0,8113664.0,2228672.0,3355936.0,916032.0,0.7007794858480607,0.6982191721322156
221,1107.0,3.0,158.6,47.0,111.6,23.282,37.4,11.0,26.4,23.27,689862.4,203734.4,278667.2,83609.6,14.0,0.0,51.0,10.0,0.0,1310.0,0.0,5e-05,20000000.0,6898624.0,2037344.0,2786672.0,836096.0,0.7036621288114004,0.705832147937411
222,1112.0,3.0,302.4,80.0,222.4,26.601999999999997,272.4,84.4,188.0,24.656,93113.6,24907.2,201331.2,52963.2,2.0,0.0,51.0,10.0,0.0,1800.0,0.0,5e-05,20000000.0,931136.0,249072.0,2013312.0,529632.0,0.7354027895268019,0.6901678918802889
223,1117.0,3.0,234.8,65.4,169.4,25.872000000000003,92.4,30.8,61.6,21.130000000000003,691492.8,193515.2,258214.4,80305.6,7.0,0.0,51.0,10.0,0.0,2750.0,0.0,5e-05,20000000.0,6914928.0,1935152.0,2582144.0,803056.0,0.7213698681686707,0.6665885555265162
224,1122.0,3.0,306.4,80.0,226.4,26.536,273.6,80.8,192.8,25.79,93856.0,24697.6,209497.6,58076.8,2.0,0.0,51.0,10.0,0.0,3180.0,0.0,5e-05,20000000.0,938560.0,246976.0,2094976.0,580768.0,0.7388904520117234,0.7047623949250034
225,1127.0,3.0,150.0,41.0,109.0,18.95,37.6,11.0,26.6,18.036,476012.8,140235.2,194947.2,69222.4,14.0,0.0,51.0,10.0,0.0,4310.0,0.0,5e-05,20000000.0,4760128.0,1402352.0,1949472.0,692224.0,0.7266495726495725,0.7073968705547653
226,1132.0,3.0,320.0,80.0,240.0,26.552,166.6,45.6,121.0,27.0,384236.8,96059.2,303913.6,82160.0,4.0,0.0,51.0,10.0,0.0,370.0,0.0,5e-05,20000000.0,3842368.0,960592.0,3039136.0,821600.0,0.75,0.7262856387053775
227,1137.0,3.0,320.0,80.0,240.0,26.607999999999997,164.8,44.2,120.6,27.0,387680.0,96920.0,306568.0,82257.6,4.0,0.0,51.0,10.0,0.0,1470.0,0.0,5e-05,20000000.0,3876800.0,969200.0,3065680.0,822576.0,0.75,0.73186487560878
228,1142.0,3.0,157.2,45.2,112.0,25.612000000000002,36.8,10.6,26.2,25.836000000000002,919865.6,253723.2,347382.4,96905.6,14.0,0.0,51.0,10.0,0.0,950.0,0.0,5e-05,20000000.0,9198656.0,2537232.0,3473824.0,969056.0,0.7124426936676407,0.711861861861862
229,1147.0,3.0,299.8,98.8,201.0,20.83,165.4,58.2,107.2,18.182,299809.6,86294.4,174299.2,50030.4,4.0,0.0,51.0,10.0,0.0,3040.0,0.0,5e-05,20000000.0,2998096.0,862944.0,1742992.0,500304.0,0.6705933726806719,0.648185435330032
230,1152.0,3.0,297.0,82.2,214.8,24.4,167.0,53.4,113.6,22.005999999999997,342492.8,90732.8,199340.8,54056.0,4.0,0.0,51.0,10.0,0.0,3740.0,0.0,5e-05,20000000.0,3424928.0,907328.0,1993408.0,540560.0,0.7231919568487799,0.6802419257869803
231,1157.0,3.0,276.4,76.6,199.8,26.394,89.6,27.4,62.2,25.758,873048.0,237112.0,364729.6,101105.6,7.0,0.0,51.0,10.0,0.0,240.0,0.0,5e-05,20000000.0,8730480.0,2371120.0,3647296.0,1011056.0,0.722862563453302,0.6942707292707293
232,1162.0,3.0,228.8,62.8,166.0,22.192,92.4,28.6,63.8,16.822000000000003,516411.2,140283.2,179977.6,49384.0,7.0,0.0,51.0,10.0,0.0,4040.0,0.0,5e-05,20000000.0,5164112.0,1402832.0,1799776.0,493840.0,0.725485048258786,0.6904499683354388
233,1167.0,3.0,285.4,81.8,203.6,22.988,159.4,47.0,112.4,20.448,293291.2,81371.2,190259.2,50657.6,4.0,0.0,51.0,10.0,0.0,4830.0,0.0,5e-05,20000000.0,2932912.0,813712.0,1902592.0,506576.0,0.7133876894838652,0.7052120414033627
234,1172.0,3.0,296.6,87.0,209.6,24.468,166.8,54.6,112.2,22.092000000000002,348588.8,97363.2,217980.8,57744.0,4.0,0.0,51.0,10.0,0.0,2030.0,0.0,5e-05,20000000.0,3485888.0,973632.0,2179808.0,577440.0,0.7066343553694007,0.672760959632367
235,1177.0,3.0,302.6,104.0,198.6,22.073999999999998,247.6,84.6,163.0,22.544,81300.8,23468.8,145942.4,41804.8,2.0,0.0,51.0,10.0,0.0,2360.0,0.0,5e-05,20000000.0,813008.0,234688.0,1459424.0,418048.0,0.6564835155324205,0.6583005357591876
236,1182.0,3.0,221.4,64.4,157.0,22.818,93.2,26.2,67.0,17.084,538755.2,160267.2,161859.2,50796.8,7.0,0.0,51.0,10.0,0.0,4920.0,0.0,5e-05,20000000.0,5387552.0,1602672.0,1618592.0,507968.0,0.7090396959353249,0.7189028867619914
237,1187.0,3.0,298.6,86.0,212.6,23.860000000000003,255.4,83.2,172.2,21.496000000000002,89089.6,24473.6,142054.4,39537.6,2.0,0.0,51.0,10.0,0.0,4760.0,0.0,5e-05,20000000.0,890896.0,244736.0,1420544.0,395376.0,0.7119241453128496,0.6741940748499744
238,1192.0,3.0,298.2,88.8,209.4,24.23,164.8,54.2,110.6,22.21,324169.6,88516.8,240390.4,66720.0,4.0,0.0,51.0,10.0,0.0,1420.0,0.0,5e-05,20000000.0,3241696.0,885168.0,2403904.0,667200.0,0.7021449377390825,0.6711236987453029
239,1197.0,3.0,293.2,85.6,207.6,23.524,162.0,52.0,110.0,20.828,347185.6,97065.6,193484.8,55960.0,4.0,0.0,51.0,10.0,0.0,3380.0,0.0,5e-05,20000000.0,3471856.0,970656.0,1934848.0,559600.0,0.7081107698021278,0.679042372515873
240,1202.0,3.0,299.0,81.4,217.6,26.282,264.8,84.2,180.6,24.146000000000004,94870.4,25832.0,186238.4,51982.4,2.0,0.0,51.0,10.0,0.0,1600.0,0.0,5e-05,20000000.0,948704.0,258320.0,1862384.0,519824.0,0.7277818580290196,0.6824399880179619
241,1207.0,3.0,308.6,100.4,208.2,24.478,248.0,74.4,173.6,25.764,88872.0,25203.2,195552.0,53195.2,2.0,0.0,51.0,10.0,0.0,1130.0,0.0,5e-05,20000000.0,888720.0,252032.0,1955520.0,531952.0,0.6746946236425784,0.7000187848844954
242,1212.0,3.0,156.6,43.4,113.2,23.302,37.2,10.6,26.6,23.524,725187.2,206952.0,275553.6,84918.4,14.0,0.0,51.0,10.0,0.0,2210.0,0.0,5e-05,20000000.0,7251872.0,2069520.0,2755536.0,849184.0,0.7228727747836028,0.7151414572467204
243,1217.0,3.0,291.6,84.0,207.6,21.483999999999998,156.8,48.4,108.4,19.740000000000002,293819.2,79433.6,169012.8,49582.4,4.0,0.0,51.0,10.0,0.0,4510.0,0.0,5e-05,20000000.0,2938192.0,794336.0,1690128.0,495824.0,0.7120680954325399,0.6910742802729006
244,1222.0,3.0,306.4,93.4,213.0,23.818,233.2,68.2,165.0,25.458000000000002,87329.6,24811.2,169680.0,46489.6,2.0,0.0,51.0,10.0,0.0,3880.0,0.0,5e-05,20000000.0,873296.0,248112.0,1696800.0,464896.0,0.6952290781187249,0.7076489556300969
245,1227.0,3.0,314.6,80.0,234.6,26.546,278.2,79.2,199.0,26.498,92896.0,23793.6,222403.2,60312.0,2.0,0.0,51.0,10.0,0.0,290.0,0.0,5e-05,20000000.0,928960.0,237936.0,2224032.0,603120.0,0.7456773141123818,0.7153172804906072
246,1232.0,3.0,303.6,95.0,208.6,22.926,158.4,51.4,107.0,22.133999999999997,351952.0,97404.8,228785.6,60948.8,4.0,0.0,51.0,10.0,0.0,2500.0,0.0,5e-05,20000000.0,3519520.0,974048.0,2287856.0,609488.0,0.6870964584244768,0.6754958877600388
247,1237.0,3.0,247.6,67.0,180.6,19.076,91.8,26.0,65.8,15.424000000000001,468513.6,124264.0,163726.4,47476.8,7.0,0.0,51.0,10.0,0.0,4460.0,0.0,5e-05,20000000.0,4685136.0,1242640.0,1637264.0,474768.0,0.7293687570825089,0.716824778984194
248,1242.0,3.0,158.2,46.0,112.2,25.665999999999997,37.4,11.4,26.0,25.863999999999997,948537.6,253446.4,355891.2,102438.4,14.0,0.0,51.0,10.0,0.0,80.0,0.0,5e-05,20000000.0,9485376.0,2534464.0,3558912.0,1024384.0,0.709221025598899,0.6951635846372689
249,1247.0,3.0,158.0,43.6,114.4,25.55,37.4,10.2,27.2,25.847999999999995,870030.4,239454.4,311694.4,87587.2,14.0,0.0,51.0,10.0,0.0,1490.0,0.0,5e-05,20000000.0,8700304.0,2394544.0,3116944.0,875872.0,0.7240497708760865,0.7273115220483641
250,1252.0,3.0,157.8,43.6,114.2,26.606,37.4,10.2,27.2,27.0,1011697.6,279729.6,370601.6,101160.0,14.0,0.0,51.0,10.0,0.0,150.0,0.0,5e-05,20000000.0,10116976.0,2797296.0,3706016.0,1011600.0,0.7236754954294381,0.7272324956535483
251,1257.0,3.0,157.6,53.0,104.6,23.46,36.8,13.0,23.8,23.467999999999996,784553.6,231651.2,322814.4,90832.0,14.0,0.0,51.0,10.0,0.0,620.0,0.0,5e-05,20000000.0,7845536.0,2316512.0,3228144.0,908320.0,0.6637000501735753,0.6463401747612274
252,1262.0,3.0,300.0,80.0,220.0,26.094,163.4,49.0,114.4,24.848,365697.6,98777.6,275840.0,75488.0,4.0,0.0,51.0,10.0,0.0,3180.0,0.0,5e-05,20000000.0,3656976.0,987776.0,2758400.0,754880.0,0.7333025102726102,0.7000175495143843
253,1267.0,3.0,320.0,88.8,231.2,25.323999999999998,163.0,46.6,116.4,26.008,343720.0,89244.8,295147.2,79548.8,4.0,0.0,51.0,10.0,0.0,860.0,0.0,5e-05,20000000.0,3437200.0,892448.0,2951472.0,795488.0,0.7224999999999999,0.7141214222782641
254,1272.0,3.0,305.2,104.4,200.8,22.112000000000002,249.0,79.8,169.2,22.368000000000002,83328.0,24075.2,148625.6,41790.4,2.0,0.0,51.0,10.0,0.0,3040.0,0.0,5e-05,20000000.0,833280.0,240752.0,1486256.0,417904.0,0.6579652732254566,0.679570959362932
255,1277.0,3.0,306.6,84.0,222.6,25.630000000000003,166.0,50.8,115.2,24.73,354491.2,94366.4,267792.0,73187.2,4.0,0.0,51.0,10.0,0.0,2280.0,0.0,5e-05,20000000.0,3544912.0,943664.0,2677920.0,731872.0,0.7260282764560968,0.6939835764255219
256,1282.0,3.0,285.6,77.6,208.0,26.528,88.6,23.4,65.2,27.0,895854.4,242409.6,381208.0,99350.4,7.0,0.0,51.0,10.0,0.0,460.0,0.0,5e-05,20000000.0,8958544.0,2424096.0,3812080.0,993504.0,0.7282840630615468,0.7358479118212155
257,1287.0,3.0,312.8,90.2,222.6,24.21,251.4,72.2,179.2,25.645999999999997,84214.4,23099.2,192203.2,51460.8,2.0,0.0,51.0,10.0,0.0,4270.0,0.0,5e-05,20000000.0,842144.0,230992.0,1922032.0,514608.0,0.7116611029299238,0.7128061549870226
258,1292.0,3.0,313.2,80.0,233.2,26.577999999999996,281.4,81.2,200.2,26.353999999999996,101177.6,25934.4,222368.0,61468.8,2.0,0.0,51.0,10.0,0.0,240.0,0.0,5e-05,20000000.0,1011776.0,259344.0,2223680.0,614688.0,0.7445362540121926,0.7114677580151094
259,1297.0,3.0,320.0,80.0,240.0,26.642000000000003,163.2,45.0,118.2,27.0,389612.8,97403.2,309608.0,86675.2,4.0,0.0,51.0,10.0,0.0,820.0,0.0,5e-05,20000000.0,3896128.0,974032.0,3096080.0,866752.0,0.75,0.7242589913970032
260,1302.0,3.0,304.2,89.2,215.0,24.402,242.0,71.8,170.2,25.296,96172.8,26313.6,181771.2,49713.6,2.0,0.0,51.0,10.0,0.0,2930.0,0.0,5e-05,20000000.0,961728.0,263136.0,1817712.0,497136.0,0.7067949572391556,0.7033855149105138
261,1307.0,3.0,157.8,43.0,114.8,26.558000000000003,37.0,10.0,27.0,27.0,977449.6,263692.8,371590.4,100656.0,14.0,0.0,51.0,10.0,0.0,380.0,0.0,5e-05,20000000.0,9774496.0,2636928.0,3715904.0,1006560.0,0.7275042328468919,0.7298640746009168
262,1312.0,3.0,158.6,46.8,111.8,25.522,37.0,11.0,26.0,25.853999999999996,899297.6,253528.0,361227.2,99732.8,14.0,0.0,51.0,10.0,0.0,320.0,0.0,5e-05,20000000.0,8992976.0,2535280.0,3612272.0,997328.0,0.7049346330036809,0.7026789947842579
263,1317.0,3.0,296.8,84.4,212.4,25.434,162.0,56.0,106.0,23.630000000000003,355380.8,98680.0,281536.0,79600.0,4.0,0.0,51.0,10.0,0.0,1040.0,0.0,5e-05,20000000.0,3553808.0,986800.0,2815360.0,796000.0,0.7155995771678857,0.6542694015407585
264,1322.0,3.0,285.6,77.6,208.0,26.528,88.6,23.4,65.2,27.0,895854.4,242409.6,381208.0,99350.4,7.0,0.0,51.0,10.0,0.0,450.0,0.0,5e-05,20000000.0,8958544.0,2424096.0,3812080.0,993504.0,0.7282840630615468,0.7358479118212155
265,1327.0,3.0,260.2,69.8,190.4,20.721999999999998,90.8,24.6,66.2,18.022,470894.4,125566.4,125300.8,37126.4,7.0,0.0,51.0,10.0,0.0,4420.0,0.0,5e-05,20000000.0,4708944.0,1255664.0,1253008.0,371264.0,0.7317762307576265,0.729094866486171
266,1332.0,3.0,308.8,101.0,207.8,20.619999999999997,217.4,65.4,152.0,24.089999999999996,74480.0,20720.0,147750.4,42780.8,2.0,0.0,51.0,10.0,0.0,4810.0,0.0,5e-05,20000000.0,744800.0,207200.0,1477504.0,427808.0,0.6728797361158159,0.699336670207771
267,1337.0,3.0,309.0,93.2,215.8,24.912,265.0,78.6,186.4,25.782,85659.2,24233.6,201608.0,55198.4,2.0,0.0,51.0,10.0,0.0,2860.0,0.0,5e-05,20000000.0,856592.0,242336.0,2016080.0,551984.0,0.698333368601477,0.7034330811572931
268,1342.0,3.0,265.0,76.4,188.6,25.107999999999997,89.4,30.4,59.0,23.638,759504.0,205518.4,330747.2,90488.0,7.0,0.0,51.0,10.0,0.0,1170.0,0.0,5e-05,20000000.0,7595040.0,2055184.0,3307472.0,904880.0,0.7117153530361682,0.6600274221863428
269,1347.0,3.0,284.4,78.6,205.8,26.618000000000002,90.4,24.4,66.0,27.0,907372.8,248774.4,379040.0,103052.8,7.0,0.0,51.0,10.0,0.0,740.0,0.0,5e-05,20000000.0,9073728.0,2487744.0,3790400.0,1030528.0,0.7236268716851655,0.7301058459534278
270,1352.0,3.0,302.2,89.4,212.8,23.9,164.2,52.2,112.0,22.682,335572.8,95040.0,232140.8,64627.2,4.0,0.0,51.0,10.0,0.0,2780.0,0.0,5e-05,20000000.0,3355728.0,950400.0,2321408.0,646272.0,0.7042086555575884,0.6820911581487288
271,1357.0,3.0,287.2,84.4,202.8,22.786,167.4,54.2,113.2,19.564,327144.0,88686.4,155472.0,43820.8,4.0,0.0,51.0,10.0,0.0,3010.0,0.0,5e-05,20000000.0,3271440.0,886864.0,1554720.0,438208.0,0.7062099948886937,0.6762428671057198
272,1362.0,3.0,255.6,67.8,187.8,25.151999999999997,92.0,26.8,65.2,21.814,689324.8,176208.0,270076.8,80750.4,7.0,0.0,51.0,10.0,0.0,3790.0,0.0,5e-05,20000000.0,6893248.0,1762080.0,2700768.0,807504.0,0.7347751682177008,0.708707208555925
273,1367.0,3.0,216.6,59.2,157.4,23.544,91.2,27.2,64.0,16.972,556944.0,153468.8,170505.6,49889.6,7.0,0.0,51.0,10.0,0.0,4390.0,0.0,5e-05,20000000.0,5569440.0,1534688.0,1705056.0,498896.0,0.7266007366827942,0.7017439082656475
274,1372.0,3.0,302.0,90.6,211.4,22.646,217.8,67.0,150.8,23.71,91128.0,24833.6,148457.6,41304.0,2.0,0.0,51.0,10.0,0.0,4650.0,0.0,5e-05,20000000.0,911280.0,248336.0,1484576.0,413040.0,0.6999059613749473,0.6924138207520066
275,1377.0,3.0,290.2,95.8,194.4,24.384,227.2,74.8,152.4,21.639999999999997,85161.6,25134.4,148764.8,40739.2,2.0,0.0,51.0,10.0,0.0,3200.0,0.0,5e-05,20000000.0,851616.0,251344.0,1487648.0,407392.0,0.6701919552370699,0.6715525640937501
276,1382.0,3.0,297.8,81.4,216.4,25.554000000000002,246.6,76.2,170.4,25.005999999999997,101744.0,27334.4,184387.2,51278.4,2.0,0.0,51.0,10.0,0.0,3270.0,0.0,5e-05,20000000.0,1017440.0,273344.0,1843872.0,512784.0,0.7267059846072396,0.690969865772639
277,1387.0,3.0,303.6,87.2,216.4,25.302,276.0,91.0,185.0,23.794,101563.2,27670.4,179555.2,48443.2,2.0,0.0,51.0,10.0,0.0,1680.0,0.0,5e-05,20000000.0,1015632.0,276704.0,1795552.0,484432.0,0.7126455449525604,0.6702974121258543
278,1392.0,3.0,311.6,90.2,221.4,23.503999999999998,158.6,46.8,111.8,24.388,286598.4,78588.8,244118.4,68424.0,4.0,0.0,51.0,10.0,0.0,3820.0,0.0,5e-05,20000000.0,2865984.0,785888.0,2441184.0,684240.0,0.7105170073994233,0.7050050971990892
279,1397.0,3.0,294.0,93.4,200.6,20.284,165.8,51.2,114.6,17.058,246342.4,71630.4,126528.0,35889.6,4.0,0.0,51.0,10.0,0.0,4430.0,0.0,5e-05,20000000.0,2463424.0,716304.0,1265280.0,358896.0,0.682402377595406,0.6912259671078061
280,1402.0,3.0,294.0,90.8,203.2,24.558,164.4,58.6,105.8,22.556,324312.0,93313.6,239857.6,68912.0,4.0,0.0,51.0,10.0,0.0,1130.0,0.0,5e-05,20000000.0,3243120.0,933136.0,2398576.0,689120.0,0.6911324359102566,0.6435217251883918
281,1407.0,3.0,219.8,60.8,159.0,22.919999999999998,90.6,27.0,63.6,16.976,537001.6,146235.2,168736.0,55193.6,7.0,0.0,51.0,10.0,0.0,4060.0,0.0,5e-05,20000000.0,5370016.0,1462352.0,1687360.0,551936.0,0.7233232427057734,0.7019151309955568
282,1412.0,3.0,157.6,45.2,112.4,25.619999999999997,37.0,10.8,26.2,25.845999999999997,934404.8,247944.0,347969.6,93966.4,14.0,0.0,51.0,10.0,0.0,3990.0,0.0,5e-05,20000000.0,9344048.0,2479440.0,3479696.0,939664.0,0.7132258020351132,0.7080211790738107
283,1417.0,3.0,156.0,45.6,110.4,23.38,37.6,11.2,26.4,23.439999999999998,771164.8,214204.8,260548.8,73105.6,14.0,0.0,51.0,10.0,0.0,1390.0,0.0,5e-05,20000000.0,7711648.0,2142048.0,2605488.0,731056.0,0.7077006406456345,0.7020467836257309
284,1422.0,3.0,308.4,93.8,214.6,24.996,262.4,75.6,186.8,25.851999999999997,88542.4,25139.2,195470.4,53540.8,2.0,0.0,51.0,10.0,0.0,2430.0,0.0,5e-05,20000000.0,885424.0,251392.0,1954704.0,535408.0,0.6958292180180644,0.7118799721193024
285,1427.0,3.0,151.6,42.6,109.0,19.216,37.6,11.2,26.4,17.944,430121.6,112582.4,167593.6,49705.6,14.0,0.0,51.0,10.0,0.0,3020.0,0.0,5e-05,20000000.0,4301216.0,1125824.0,1675936.0,497056.0,0.7190030729896503,0.7019914651493598
286,1432.0,3.0,284.4,78.6,205.8,26.618000000000002,90.4,24.4,66.0,27.0,907372.8,248774.4,379040.0,103052.8,7.0,0.0,51.0,10.0,0.0,820.0,0.0,5e-05,20000000.0,9073728.0,2487744.0,3790400.0,1030528.0,0.7236268716851655,0.7301058459534278
287,1437.0,3.0,279.2,78.4,200.8,26.156,90.4,26.6,63.8,25.863999999999997,857518.4,235363.2,355497.6,95603.2,7.0,0.0,51.0,10.0,0.0,1070.0,0.0,5e-05,20000000.0,8575184.0,2353632.0,3554976.0,956032.0,0.7192105257536783,0.7057782314304054
288,1442.0,3.0,256.8,70.4,186.4,26.07,90.4,32.2,58.2,23.494,789406.4,211414.4,325569.6,92184.0,7.0,0.0,51.0,10.0,0.0,750.0,0.0,5e-05,20000000.0,7894064.0,2114144.0,3255696.0,921840.0,0.7258952119624981,0.6436659958399088
289,1447.0,3.0,307.8,89.8,218.0,24.621999999999996,162.6,51.2,111.4,23.82,331156.8,90259.2,253024.0,66537.6,4.0,0.0,51.0,10.0,0.0,1250.0,0.0,5e-05,20000000.0,3311568.0,902592.0,2530240.0,665376.0,0.7082536511703758,0.6850847853314934
290,1452.0,3.0,304.4,94.0,210.4,24.209999999999997,253.6,81.8,171.8,24.345999999999997,86924.8,24430.4,178118.4,50105.6,2.0,0.0,51.0,10.0,0.0,2490.0,0.0,5e-05,20000000.0,869248.0,244304.0,1781184.0,501056.0,0.6912329694574639,0.6774492176608939
291,1457.0,3.0,314.6,105.8,208.8,18.983999999999998,226.8,70.8,156.0,22.762,60072.0,17097.6,144992.0,41134.4,2.0,0.0,51.0,10.0,0.0,4920.0,0.0,5e-05,20000000.0,600720.0,170976.0,1449920.0,411344.0,0.6636995016139198,0.6879069775999902
292,1462.0,3.0,303.8,85.4,218.4,25.194,278.2,91.0,187.2,23.398,93176.0,25268.8,176072.0,49424.0,2.0,0.0,51.0,10.0,0.0,3670.0,0.0,5e-05,20000000.0,931760.0,252688.0,1760720.0,494240.0,0.7188945098117607,0.6729266937427333
293,1467.0,3.0,313.2,84.2,229.0,25.99,267.4,75.6,191.8,26.595999999999997,97046.4,25340.8,212571.2,57961.6,2.0,0.0,51.0,10.0,0.0,2530.0,0.0,5e-05,20000000.0,970464.0,253408.0,2125712.0,579616.0,0.7310817813465897,0.7173112104405381
294,1472.0,3.0,157.8,44.8,113.0,24.564,38.0,10.6,27.4,24.748,799534.4,229848.0,267403.2,75524.8,14.0,0.0,51.0,10.0,0.0,1960.0,0.0,5e-05,20000000.0,7995344.0,2298480.0,2674032.0,755248.0,0.7160643321736423,0.7210526315789474
295,1477.0,3.0,285.6,77.8,207.8,26.603999999999996,89.4,24.4,65.0,27.0,918571.2,251302.4,372972.8,103129.6,7.0,0.0,51.0,10.0,0.0,190.0,0.0,5e-05,20000000.0,9185712.0,2513024.0,3729728.0,1031296.0,0.7275793728904694,0.7270610581032898
296,1482.0,3.0,320.0,80.0,240.0,26.552,285.8,79.2,206.6,27.0,95174.4,23793.6,232224.0,64520.0,2.0,0.0,51.0,10.0,0.0,550.0,0.0,5e-05,20000000.0,951744.0,237936.0,2322240.0,645200.0,0.75,0.7228547790134998
297,1487.0,3.0,286.4,81.4,205.0,24.216,160.0,47.0,113.0,21.956000000000003,323292.8,89316.8,201993.6,52400.0,4.0,0.0,51.0,10.0,0.0,3320.0,0.0,5e-05,20000000.0,3232928.0,893168.0,2019936.0,524000.0,0.7157854879246539,0.7065188049106471
298,1492.0,3.0,288.6,80.0,208.6,25.058,167.4,58.4,109.0,22.49,348766.4,97252.8,235924.8,66550.4,4.0,0.0,51.0,10.0,0.0,2440.0,0.0,5e-05,20000000.0,3487664.0,972528.0,2359248.0,665504.0,0.722776410230806,0.6511592190050843
299,1497.0,3.0,154.6,44.8,109.8,18.637999999999998,37.8,10.6,27.2,18.682,450934.4,133740.8,195347.2,56729.6,14.0,0.0,51.0,10.0,0.0,4250.0,0.0,5e-05,20000000.0,4509344.0,1337408.0,1953472.0,567296.0,0.710228923511656,0.7194879089615933
300,1502.0,3.0,155.6,43.2,112.4,22.312,37.6,11.2,26.4,22.124000000000002,695016.0,189499.2,268366.4,77395.2,14.0,0.0,51.0,10.0,0.0,3870.0,0.0,5e-05,20000000.0,6950160.0,1894992.0,2683664.0,773952.0,0.7223110446375616,0.702275960170697
301,1507.0,3.0,310.2,92.0,218.2,24.96,162.8,49.4,113.4,25.28,335289.6,92076.8,272214.4,74518.4,4.0,0.0,51.0,10.0,0.0,1580.0,0.0,5e-05,20000000.0,3352896.0,920768.0,2722144.0,745184.0,0.7033946098961563,0.6965174401513595
302,1512.0,3.0,145.4,41.6,103.8,13.268,37.4,11.0,26.4,11.193999999999999,291243.2,88579.2,110992.0,37292.8,14.0,0.0,51.0,10.0,0.0,3710.0,0.0,5e-05,20000000.0,2912432.0,885792.0,1109920.0,372928.0,0.7140186448788859,0.7059743954480797
303,1517.0,3.0,157.0,43.2,113.8,26.604000000000003,37.4,10.0,27.4,27.0,1021816.0,281784.0,369212.8,99020.8,14.0,0.0,51.0,10.0,0.0,1990.0,0.0,5e-05,20000000.0,10218160.0,2817840.0,3692128.0,990208.0,0.7248266009942477,0.732574679943101
304,1522.0,3.0,310.8,80.0,230.8,26.454,162.8,47.0,115.8,25.884000000000004,375788.8,97403.2,295060.8,77510.4,4.0,0.0,51.0,10.0,0.0,610.0,0.0,5e-05,20000000.0,3757888.0,974032.0,2950608.0,775104.0,0.7425993154237112,0.7112721153165542
305,1527.0,3.0,235.2,64.4,170.8,24.462,89.8,26.8,63.0,19.009999999999998,597041.6,163377.6,226001.6,65534.4,7.0,0.0,51.0,10.0,0.0,3760.0,0.0,5e-05,20000000.0,5970416.0,1633776.0,2260016.0,655344.0,0.7262172589390159,0.7018202854250398
306,1532.0,3.0,307.8,80.0,227.8,26.538,274.6,82.8,191.8,25.529999999999998,97126.4,25529.6,211064.0,55244.8,2.0,0.0,51.0,10.0,0.0,1160.0,0.0,5e-05,20000000.0,971264.0,255296.0,2110640.0,552448.0,0.740050438073838,0.6984827180415618
307,1537.0,3.0,272.2,78.8,193.4,21.856,161.0,52.6,108.4,17.728,272848.0,71484.8,173868.8,47539.2,4.0,0.0,51.0,10.0,0.0,4210.0,0.0,5e-05,20000000.0,2728480.0,714848.0,1738688.0,475392.0,0.7105446725031782,0.6730708918460191
308,1542.0,3.0,263.6,73.0,190.6,26.389999999999997,88.6,27.4,61.2,24.686,834884.8,228086.4,331812.8,89452.8,7.0,0.0,51.0,10.0,0.0,1090.0,0.0,5e-05,20000000.0,8348848.0,2280864.0,3318128.0,894528.0,0.7230558251817417,0.6905324837865514
309,1547.0,3.0,157.0,47.4,109.6,20.848,37.2,11.0,26.2,20.78,621584.0,182691.2,218611.2,65532.8,14.0,0.0,51.0,10.0,0.0,3190.0,0.0,5e-05,20000000.0,6215840.0,1826912.0,2186112.0,655328.0,0.698079794953345,0.7044096728307255
310,1552.0,3.0,152.0,41.8,110.2,17.804000000000002,38.0,10.8,27.2,16.394,390043.2,105732.8,142043.2,41718.4,14.0,0.0,51.0,10.0,0.0,4390.0,0.0,5e-05,20000000.0,3900432.0,1057328.0,1420432.0,417184.0,0.725046439628483,0.7157894736842104
311,1557.0,3.0,310.2,93.8,216.4,24.826,260.8,75.0,185.8,25.848000000000003,84632.0,23900.8,197118.4,53508.8,2.0,0.0,51.0,10.0,0.0,2660.0,0.0,5e-05,20000000.0,846320.0,239008.0,1971184.0,535088.0,0.6976021567299958,0.7124376532030348
312,1562.0,3.0,155.0,44.0,111.0,22.259999999999998,37.0,10.2,26.8,22.148000000000003,733390.4,198956.8,262488.0,71131.2,14.0,0.0,51.0,10.0,0.0,2540.0,0.0,5e-05,20000000.0,7333904.0,1989568.0,2624880.0,711312.0,0.7161363058274163,0.7240161213845424
313,1567.0,3.0,313.2,80.0,233.2,26.546,279.6,82.2,197.4,26.348000000000003,94835.2,24313.6,218177.6,61732.8,2.0,0.0,51.0,10.0,0.0,950.0,0.0,5e-05,20000000.0,948352.0,243136.0,2181776.0,617328.0,0.7445478664833116,0.7060368822984859
314,1572.0,3.0,156.0,42.8,113.2,19.571999999999996,36.8,10.8,26.0,19.466,536208.0,163776.0,225718.4,71406.4,14.0,0.0,51.0,10.0,0.0,4220.0,0.0,5e-05,20000000.0,5362080.0,1637760.0,2257184.0,714064.0,0.7256202102562723,0.7067251461988304
315,1577.0,3.0,312.2,80.0,232.2,26.357999999999997,163.6,46.8,116.8,26.091999999999995,375763.2,96201.6,295012.8,79592.0,4.0,0.0,51.0,10.0,0.0,770.0,0.0,5e-05,20000000.0,3757632.0,962016.0,2950128.0,795920.0,0.7437307315199103,0.7139319640905756
316,1582.0,3.0,266.0,87.8,178.2,20.101999999999997,166.0,70.4,95.6,14.597999999999999,257715.2,74129.6,152470.4,43750.4,4.0,0.0,51.0,10.0,0.0,1710.0,0.0,5e-05,20000000.0,2577152.0,741296.0,1524704.0,437504.0,0.6699318634723176,0.5758586898934779
317,1587.0,3.0,151.8,42.0,109.8,22.71,37.4,10.2,27.2,21.636,656779.2,186150.4,254092.8,75577.6,14.0,0.0,51.0,10.0,0.0,2020.0,0.0,5e-05,20000000.0,6567792.0,1861504.0,2540928.0,755776.0,0.7233269703738803,0.7269400979927296
318,1592.0,3.0,311.2,80.0,231.2,26.344,164.0,47.2,116.8,26.052000000000003,357636.8,92179.2,295147.2,79185.6,4.0,0.0,51.0,10.0,0.0,320.0,0.0,5e-05,20000000.0,3576368.0,921792.0,2951472.0,791856.0,0.7429227508667019,0.7121814750283857
319,1597.0,3.0,294.2,88.2,206.0,23.078,260.8,88.4,172.4,19.880000000000003,92150.4,25632.0,123043.2,35896.0,2.0,0.0,51.0,10.0,0.0,4390.0,0.0,5e-05,20000000.0,921504.0,256320.0,1230432.0,358960.0,0.7001593082497165,0.6610981341268465
320,1602.0,3.0,151.4,42.0,109.4,17.96,37.4,11.8,25.6,16.105999999999998,435857.6,121124.8,152729.6,52153.6,14.0,0.0,51.0,10.0,0.0,4740.0,0.0,5e-05,20000000.0,4358576.0,1211248.0,1527296.0,521536.0,0.7227375693001539,0.6847795163584637
321,1607.0,3.0,156.8,42.6,114.2,22.174,37.2,9.8,27.4,22.228,606177.6,165472.0,239643.2,64952.0,14.0,0.0,51.0,10.0,0.0,2890.0,0.0,5e-05,20000000.0,6061776.0,1654720.0,2396432.0,649520.0,0.7283432468211385,0.7365497076023392
322,1612.0,3.0,311.0,91.8,219.2,24.433999999999997,247.6,69.0,178.6,26.082,91752.0,25660.8,195078.4,52089.6,2.0,0.0,51.0,10.0,0.0,4140.0,0.0,5e-05,20000000.0,917520.0,256608.0,1950784.0,520896.0,0.7048673100642745,0.7211939686776875
323,1617.0,3.0,155.8,40.6,115.2,23.502000000000002,37.0,10.4,26.6,23.262,646017.6,168201.6,232648.0,75302.4,14.0,0.0,51.0,10.0,0.0,3060.0,0.0,5e-05,20000000.0,6460176.0,1682016.0,2326480.0,753024.0,0.7393737292571065,0.7189821400347716
324,1622.0,3.0,310.8,91.2,219.6,24.622,254.4,76.4,178.0,25.598,92563.2,25075.2,192190.4,52467.2,2.0,0.0,51.0,10.0,0.0,3110.0,0.0,5e-05,20000000.0,925632.0,250752.0,1921904.0,524672.0,0.7065698416357002,0.6995973253038702
325,1627.0,3.0,286.6,82.4,204.2,24.11,165.4,58.2,107.2,20.838,367193.6,102248.0,179404.8,51512.0,4.0,0.0,51.0,10.0,0.0,3370.0,0.0,5e-05,20000000.0,3671936.0,1022480.0,1794048.0,515120.0,0.7125390553260301,0.6481144979029199
326,1632.0,3.0,152.6,44.0,108.6,19.024,37.4,11.2,26.2,18.008000000000003,532865.6,150710.4,203318.4,54905.6,14.0,0.0,51.0,10.0,0.0,3600.0,0.0,5e-05,20000000.0,5328656.0,1507104.0,2033184.0,549056.0,0.7116572406752555,0.7007112375533427
327,1637.0,3.0,248.4,67.2,181.2,25.444,93.2,26.4,66.8,22.15,726763.2,200772.8,238284.8,67982.4,7.0,0.0,51.0,10.0,0.0,4140.0,0.0,5e-05,20000000.0,7267632.0,2007728.0,2382848.0,679824.0,0.7293728367263423,0.7167109307391601
328,1642.0,3.0,289.2,84.8,204.4,23.744,163.4,56.0,107.4,21.048,339289.6,97377.6,208456.0,60140.8,4.0,0.0,51.0,10.0,0.0,2680.0,0.0,5e-05,20000000.0,3392896.0,973776.0,2084560.0,601408.0,0.7067453408153375,0.6572913118902249
329,1647.0,3.0,247.6,69.4,178.2,20.264,90.2,27.6,62.6,17.246000000000002,535126.4,143844.8,186337.6,57380.8,7.0,0.0,51.0,10.0,0.0,3290.0,0.0,5e-05,20000000.0,5351264.0,1438448.0,1863376.0,573808.0,0.7198454553641095,0.6941464091464091
330,1652.0,3.0,263.8,72.4,191.4,26.209999999999997,89.0,26.8,62.2,24.854,825883.2,221697.6,325572.8,90422.4,7.0,0.0,51.0,10.0,0.0,1720.0,0.0,5e-05,20000000.0,8258832.0,2216976.0,3255728.0,904224.0,0.7255378379137987,0.6988550080410546
331,1657.0,3.0,307.0,90.2,216.8,24.696,247.8,69.8,178.0,26.348000000000003,87302.4,24193.6,193452.8,52155.2,2.0,0.0,51.0,10.0,0.0,3580.0,0.0,5e-05,20000000.0,873024.0,241936.0,1934528.0,521552.0,0.7061844943856259,0.7182617091303174
332,1662.0,3.0,285.6,77.6,208.0,26.528,88.6,23.4,65.2,27.0,895854.4,242409.6,381208.0,99350.4,7.0,0.0,51.0,10.0,0.0,60.0,0.0,5e-05,20000000.0,8958544.0,2424096.0,3812080.0,993504.0,0.7282840630615468,0.7358479118212155
333,1667.0,3.0,307.6,92.8,214.8,24.104,162.2,49.8,112.4,23.99,306004.8,84609.6,256828.8,69760.0,4.0,0.0,51.0,10.0,0.0,2430.0,0.0,5e-05,20000000.0,3060048.0,846096.0,2568288.0,697600.0,0.6982600198872415,0.692973867707255
334,1672.0,3.0,290.4,105.2,185.2,18.622000000000003,264.8,106.8,158.0,12.564,70294.4,20358.4,89228.8,27728.0,2.0,0.0,51.0,10.0,0.0,4010.0,0.0,5e-05,20000000.0,702944.0,203584.0,892288.0,277280.0,0.6377572145385553,0.5967144286417669
335,1677.0,3.0,159.0,47.6,111.4,25.528,36.6,10.8,25.8,25.833999999999996,917665.6,251864.0,353654.4,94816.0,14.0,0.0,51.0,10.0,0.0,40.0,0.0,5e-05,20000000.0,9176656.0,2518640.0,3536544.0,948160.0,0.70062893081761,0.7052412562938878
336,1682.0,3.0,309.4,105.6,203.8,22.836,242.0,74.2,167.8,25.06,82856.0,22550.4,180481.6,48755.2,2.0,0.0,51.0,10.0,0.0,2060.0,0.0,5e-05,20000000.0,828560.0,225504.0,1804816.0,487552.0,0.6587062729959159,0.693241998653206
337,1687.0,3.0,306.4,84.2,222.2,25.727999999999998,262.8,74.6,188.2,25.651999999999997,86987.2,23347.2,198260.8,52307.2,2.0,0.0,51.0,10.0,0.0,4570.0,0.0,5e-05,20000000.0,869872.0,233472.0,1982608.0,523072.0,0.7252290878520387,0.7161290969314792
338,1692.0,3.0,282.2,116.8,165.4,4.725999999999999,164.6,68.6,96.0,1.066,69344.0,19457.6,14670.4,4945.6,4.0,0.0,51.0,10.0,0.0,4000.0,0.0,5e-05,20000000.0,693440.0,194576.0,146704.0,49456.0,0.5861392420719339,0.5832339562302084
339,1697.0,3.0,310.8,85.8,225.0,25.284,163.0,49.4,113.6,24.832,357884.8,94632.0,273292.8,76004.8,4.0,0.0,51.0,10.0,0.0,2270.0,0.0,5e-05,20000000.0,3578848.0,946320.0,2732928.0,760048.0,0.7239674048381237,0.696945936999805
340,1702.0,3.0,145.4,41.0,104.4,16.0,37.8,12.2,25.6,14.046000000000001,444238.4,126299.2,140784.0,56947.2,14.0,0.0,51.0,10.0,0.0,4240.0,0.0,5e-05,20000000.0,4442384.0,1262992.0,1407840.0,569472.0,0.7185320482912271,0.6769559032716927
341,1707.0,3.0,320.0,96.0,224.0,25.203999999999997,166.2,50.2,116.0,25.828000000000003,364096.0,96980.8,296352.0,81315.2,4.0,0.0,51.0,10.0,0.0,430.0,0.0,5e-05,20000000.0,3640960.0,969808.0,2963520.0,813152.0,0.7,0.6979567621133885
342,1712.0,3.0,289.0,86.0,203.0,21.901999999999997,152.8,49.8,103.0,20.454,295739.2,79606.4,190054.4,52473.6,4.0,0.0,51.0,10.0,0.0,3770.0,0.0,5e-05,20000000.0,2957392.0,796064.0,1900544.0,524736.0,0.7024261995730374,0.6747975168252495
343,1717.0,3.0,299.8,93.0,206.8,23.162,256.8,84.2,172.6,21.410000000000004,82376.0,23422.4,148667.2,40123.2,2.0,0.0,51.0,10.0,0.0,4380.0,0.0,5e-05,20000000.0,823760.0,234224.0,1486672.0,401232.0,0.6898621673773713,0.6720587094503573
344,1722.0,3.0,154.2,41.2,113.0,19.356,37.8,11.6,26.2,18.889999999999997,498593.6,136985.6,169902.4,56220.8,14.0,0.0,51.0,10.0,0.0,3070.0,0.0,5e-05,20000000.0,4985936.0,1369856.0,1699024.0,562208.0,0.7328121732886488,0.6930298719772404
345,1727.0,3.0,301.0,95.2,205.8,22.851999999999997,240.0,76.0,164.0,22.292,76436.8,22356.8,158454.4,44020.8,2.0,0.0,51.0,10.0,0.0,4260.0,0.0,5e-05,20000000.0,764368.0,223568.0,1584544.0,440208.0,0.6839054097542252,0.6833183678669608
346,1732.0,3.0,291.0,80.8,210.2,25.176,160.2,53.8,106.4,22.958,340531.2,93894.4,252414.4,70454.4,4.0,0.0,51.0,10.0,0.0,1600.0,0.0,5e-05,20000000.0,3405312.0,938944.0,2524144.0,704544.0,0.7223428819178548,0.6642774445695819
347,1737.0,3.0,248.0,71.6,176.4,25.598,92.8,27.6,65.2,22.278,730974.4,206630.4,261992.0,73929.6,7.0,0.0,51.0,10.0,0.0,2770.0,0.0,5e-05,20000000.0,7309744.0,2066304.0,2619920.0,739296.0,0.7113159741472385,0.7024863233352198
348,1742.0,3.0,251.4,67.2,184.2,22.791999999999998,90.8,27.6,63.2,19.918,598294.4,162515.2,238276.8,67723.2,7.0,0.0,51.0,10.0,0.0,3620.0,0.0,5e-05,20000000.0,5982944.0,1625152.0,2382768.0,677232.0,0.7328009196259515,0.6959441301458732
349,1747.0,3.0,284.0,77.8,206.2,26.560000000000002,88.0,24.0,64.0,27.0,911113.6,248291.2,378113.6,102052.8,7.0,0.0,51.0,10.0,0.0,260.0,0.0,5e-05,20000000.0,9111136.0,2482912.0,3781136.0,1020528.0,0.7260486544585223,0.7273823432438521
350,1752.0,3.0,309.8,101.6,208.2,20.128,258.2,88.4,169.8,19.956,66928.0,18614.4,124502.4,36659.2,2.0,0.0,51.0,10.0,0.0,4730.0,0.0,5e-05,20000000.0,669280.0,186144.0,1245024.0,366592.0,0.6721175173378124,0.6576283224829791
351,1757.0,3.0,298.4,82.6,215.8,25.36,164.4,50.8,113.6,23.583999999999996,337088.0,92896.0,254160.0,68752.0,4.0,0.0,51.0,10.0,0.0,3980.0,0.0,5e-05,20000000.0,3370880.0,928960.0,2541600.0,687520.0,0.7231482096922278,0.6911656012045266
352,1762.0,3.0,305.8,88.6,217.2,23.572,165.6,58.6,107.0,22.071999999999996,331672.0,87614.4,230256.0,61923.2,4.0,0.0,51.0,10.0,0.0,2700.0,0.0,5e-05,20000000.0,3316720.0,876144.0,2302560.0,619232.0,0.7102694399580854,0.6461270940122299
353,1767.0,3.0,157.4,42.8,114.6,18.6,38.0,11.0,27.0,18.188,450768.0,126651.2,186284.8,63659.2,14.0,0.0,51.0,10.0,0.0,3240.0,0.0,5e-05,20000000.0,4507680.0,1266512.0,1862848.0,636592.0,0.7280223900106649,0.7105263157894737
354,1772.0,3.0,313.2,91.8,221.4,25.246000000000002,270.2,77.2,193.0,26.32,89152.0,24152.0,210390.4,56910.4,2.0,0.0,51.0,10.0,0.0,1820.0,0.0,5e-05,20000000.0,891520.0,241520.0,2103904.0,569104.0,0.7068923077443363,0.7142225682490636
355,1777.0,3.0,315.0,105.4,209.6,22.712,240.0,69.8,170.2,25.928000000000004,75518.4,21998.4,178340.8,49254.4,2.0,0.0,51.0,10.0,0.0,3100.0,0.0,5e-05,20000000.0,755184.0,219984.0,1783408.0,492544.0,0.6654028152141358,0.7091952937989952
356,1782.0,3.0,295.6,85.4,210.2,24.47,162.4,53.0,109.4,22.714000000000002,348987.2,96577.6,227064.0,66595.2,4.0,0.0,51.0,10.0,0.0,2770.0,0.0,5e-05,20000000.0,3489872.0,965776.0,2270640.0,665952.0,0.711037448426093,0.6736947618921472
357,1787.0,3.0,312.2,99.4,212.8,22.276,240.2,76.2,164.0,23.833999999999996,73014.4,20188.8,165556.8,47401.6,2.0,0.0,51.0,10.0,0.0,3970.0,0.0,5e-05,20000000.0,730144.0,201888.0,1655568.0,474016.0,0.6816610432499641,0.6827696457118148
358,1792.0,3.0,296.4,87.0,209.4,23.478,164.4,52.6,111.8,20.401999999999997,338779.2,93915.2,192108.8,54470.4,4.0,0.0,51.0,10.0,0.0,3700.0,0.0,5e-05,20000000.0,3387792.0,939152.0,1921088.0,544704.0,0.7065108772420733,0.6800846153770044
359,1797.0,3.0,307.6,95.2,212.4,24.146,248.8,76.4,172.4,24.484,86459.2,23766.4,171753.6,46769.6,2.0,0.0,51.0,10.0,0.0,3490.0,0.0,5e-05,20000000.0,864592.0,237664.0,1717536.0,467696.0,0.6904971813726039,0.6930354974986178
360,1802.0,3.0,303.8,94.2,209.6,23.627999999999997,164.0,53.8,110.2,22.774,316372.8,89835.2,232068.8,62897.6,4.0,0.0,51.0,10.0,0.0,2130.0,0.0,5e-05,20000000.0,3163728.0,898352.0,2320688.0,628976.0,0.6900094672197052,0.6717928811486107
361,1807.0,3.0,152.2,46.6,105.6,22.446,37.8,12.0,25.8,22.012,653736.0,190601.6,217419.2,61369.6,14.0,0.0,51.0,10.0,0.0,3740.0,0.0,5e-05,20000000.0,6537360.0,1906016.0,2174192.0,613696.0,0.6937224016320099,0.6825035561877668
362,1812.0,3.0,264.0,72.2,191.8,26.190000000000005,91.0,27.0,64.0,24.488,830120.0,222032.0,325411.2,88217.6,7.0,0.0,51.0,10.0,0.0,1690.0,0.0,5e-05,20000000.0,8301200.0,2220320.0,3254112.0,882176.0,0.7265120209918976,0.7032770183528244
363,1817.0,3.0,312.6,94.6,218.0,22.962,262.6,78.8,183.8,23.384000000000004,85198.4,23428.8,162667.2,44939.2,2.0,0.0,51.0,10.0,0.0,3380.0,0.0,5e-05,20000000.0,851984.0,234288.0,1626672.0,449392.0,0.697457628076271,0.699977147213354
364,1822.0,3.0,315.2,80.0,235.2,25.994,285.4,89.8,195.6,25.488000000000003,101331.2,25763.2,218574.4,60974.4,2.0,0.0,51.0,10.0,0.0,340.0,0.0,5e-05,20000000.0,1013312.0,257632.0,2185744.0,609744.0,0.7461823337254275,0.6854074194577504
365,1827.0,3.0,240.0,67.2,172.8,22.34,92.6,25.8,66.8,18.784,563540.8,149952.0,192595.2,51176.0,7.0,0.0,51.0,10.0,0.0,4880.0,0.0,5e-05,20000000.0,5635408.0,1499520.0,1925952.0,511760.0,0.7199541463101891,0.7214656758597554
366,1832.0,3.0,310.2,103.6,206.6,23.3,245.2,75.0,170.2,25.188,80963.2,23108.8,181313.6,50222.4,2.0,0.0,51.0,10.0,0.0,2250.0,0.0,5e-05,20000000.0,809632.0,231088.0,1813136.0,502224.0,0.6660977328557235,0.6941462749296832
367,1837.0,3.0,158.8,43.4,115.4,26.568,36.8,10.0,26.8,27.0,989721.6,265996.8,368243.2,99206.4,14.0,0.0,51.0,10.0,0.0,980.0,0.0,5e-05,20000000.0,9897216.0,2659968.0,3682432.0,992064.0,0.7266973170925881,0.7280634017476123
368,1842.0,3.0,320.0,80.0,240.0,26.556,283.4,78.2,205.2,27.0,95104.0,23776.0,230747.2,63822.4,2.0,0.0,51.0,10.0,0.0,940.0,0.0,5e-05,20000000.0,951040.0,237760.0,2307472.0,638224.0,0.75,0.7240479831061549
369,1847.0,3.0,315.2,113.2,202.0,22.336000000000002,260.6,82.4,178.2,24.746,83827.2,25048.0,188892.8,50883.2,2.0,0.0,51.0,10.0,0.0,2340.0,0.0,5e-05,20000000.0,838272.0,250480.0,1888928.0,508832.0,0.6408909237283837,0.6838351525306816
370,1852.0,3.0,313.2,80.0,233.2,26.544,279.0,80.2,198.8,26.438,95660.8,24536.0,221049.6,60600.0,2.0,0.0,51.0,10.0,0.0,390.0,0.0,5e-05,20000000.0,956608.0,245360.0,2210496.0,606000.0,0.7445208905218423,0.7124990382963053
371,1857.0,3.0,154.4,45.0,109.4,23.838,37.0,13.0,24.0,23.502000000000002,760524.8,218473.6,312131.2,88897.6,14.0,0.0,51.0,10.0,0.0,1170.0,0.0,5e-05,20000000.0,7605248.0,2184736.0,3121312.0,888976.0,0.708587800328052,0.6485213032581454
372,1862.0,3.0,156.2,42.6,113.6,24.46,37.4,10.6,26.8,24.684,771588.8,215812.8,270681.6,80336.0,14.0,0.0,51.0,10.0,0.0,1780.0,0.0,5e-05,20000000.0,7715888.0,2158128.0,2706816.0,803360.0,0.7272975526180396,0.7159791370317686
373,1867.0,3.0,275.4,78.8,196.6,22.868000000000002,159.8,55.8,104.0,19.394,299233.6,80240.0,174292.8,51116.8,4.0,0.0,51.0,10.0,0.0,3570.0,0.0,5e-05,20000000.0,2992336.0,802400.0,1742928.0,511168.0,0.7139384166887465,0.6507714401210732
374,1872.0,3.0,287.4,81.0,206.4,24.240000000000002,157.6,52.2,105.4,21.851999999999997,331043.2,92496.0,218859.2,63747.2,4.0,0.0,51.0,10.0,0.0,3560.0,0.0,5e-05,20000000.0,3310432.0,924960.0,2188592.0,637472.0,0.718203332410078,0.6688182224279785
375,1877.0,3.0,320.0,80.0,240.0,26.622000000000003,285.2,78.4,206.8,27.0,96352.0,24088.0,231272.0,63433.6,2.0,0.0,51.0,10.0,0.0,190.0,0.0,5e-05,20000000.0,963520.0,240880.0,2312720.0,634336.0,0.75,0.7251164733746289
376,1882.0,3.0,320.0,80.0,240.0,26.622000000000003,162.8,43.6,119.2,27.0,389459.2,97364.8,316742.4,84512.0,4.0,0.0,51.0,10.0,0.0,1990.0,0.0,5e-05,20000000.0,3894592.0,973648.0,3167424.0,845120.0,0.75,0.7321649513880695
377,1887.0,3.0,253.8,74.2,179.6,24.926,89.6,31.2,58.4,22.264000000000003,736588.8,202931.2,289067.2,84608.0,7.0,0.0,51.0,10.0,0.0,1680.0,0.0,5e-05,20000000.0,7365888.0,2029312.0,2890672.0,846080.0,0.707755840546153,0.6517251029998026
378,1892.0,3.0,157.8,43.6,114.2,25.462,37.0,10.8,26.2,25.832,861257.6,234936.0,346657.6,96396.8,14.0,0.0,51.0,10.0,0.0,1440.0,0.0,5e-05,20000000.0,8612576.0,2349360.0,3466576.0,963968.0,0.7236994802941263,0.7080844001896633
379,1897.0,3.0,157.6,43.2,114.4,26.636000000000003,36.8,9.8,27.0,27.0,984196.8,267452.8,370937.6,98356.8,14.0,0.0,51.0,10.0,0.0,690.0,0.0,5e-05,20000000.0,9841968.0,2674528.0,3709376.0,983568.0,0.7258969604128033,0.7339971550497866
380,1902.0,3.0,320.0,80.0,240.0,26.541999999999994,166.6,45.6,121.0,27.0,383475.2,95868.8,299428.8,82441.6,4.0,0.0,51.0,10.0,0.0,130.0,0.0,5e-05,20000000.0,3834752.0,958688.0,2994288.0,824416.0,0.75,0.7262410602735437
381,1907.0,3.0,320.0,80.0,240.0,26.552,285.8,79.2,206.6,27.0,95174.4,23793.6,232224.0,64520.0,2.0,0.0,51.0,10.0,0.0,490.0,0.0,5e-05,20000000.0,951744.0,237936.0,2322240.0,645200.0,0.75,0.7228547790134998
382,1912.0,3.0,294.0,85.6,208.4,23.514000000000003,163.4,52.4,111.0,21.348000000000003,299929.6,82937.6,190310.4,56510.4,4.0,0.0,51.0,10.0,0.0,4470.0,0.0,5e-05,20000000.0,2999296.0,829376.0,1903104.0,565104.0,0.7087884244780173,0.6792985090597143
383,1917.0,3.0,154.6,42.2,112.4,22.576,37.6,10.0,27.6,21.999999999999996,575121.6,160270.4,216843.2,58326.4,14.0,0.0,51.0,10.0,0.0,2770.0,0.0,5e-05,20000000.0,5751216.0,1602704.0,2168432.0,583264.0,0.7271262962291715,0.7339971550497866
384,1922.0,3.0,313.2,85.8,227.4,25.97,265.0,73.8,191.2,26.574,96609.6,25318.4,212107.2,57342.4,2.0,0.0,51.0,10.0,0.0,2230.0,0.0,5e-05,20000000.0,966096.0,253184.0,2121072.0,573424.0,0.7259919536146462,0.7215265566070994
385,1927.0,3.0,158.8,43.4,115.4,26.568,36.8,10.0,26.8,27.0,989721.6,265996.8,368243.2,99206.4,14.0,0.0,51.0,10.0,0.0,990.0,0.0,5e-05,20000000.0,9897216.0,2659968.0,3682432.0,992064.0,0.7266973170925881,0.7280634017476123
386,1932.0,3.0,215.6,57.6,158.0,21.904000000000003,93.0,30.8,62.2,15.258,501052.8,135699.2,157987.2,46424.0,7.0,0.0,51.0,10.0,0.0,4330.0,0.0,5e-05,20000000.0,5010528.0,1356992.0,1579872.0,464240.0,0.7326862122551777,0.6688310637242586
387,1937.0,3.0,282.6,83.4,199.2,22.062,163.6,55.4,108.2,17.904,330558.4,90235.2,181896.0,52859.2,4.0,0.0,51.0,10.0,0.0,3390.0,0.0,5e-05,20000000.0,3305584.0,902352.0,1818960.0,528592.0,0.7049549719937759,0.6615032899762238
388,1942.0,3.0,295.2,81.6,213.6,25.858000000000004,246.0,79.4,166.6,24.832,99705.6,26952.0,185115.2,50900.8,2.0,0.0,51.0,10.0,0.0,1860.0,0.0,5e-05,20000000.0,997056.0,269520.0,1851152.0,509008.0,0.723494495805134,0.6772001669283825
389,1947.0,3.0,313.2,85.2,228.0,26.046,273.8,80.0,193.8,26.008,95580.8,24980.8,207033.6,57104.0,2.0,0.0,51.0,10.0,0.0,840.0,0.0,5e-05,20000000.0,955808.0,249808.0,2070336.0,571040.0,0.727905058497867,0.7078331747519939
390,1952.0,3.0,285.6,77.6,208.0,26.528,88.6,23.4,65.2,27.0,895854.4,242409.6,381208.0,99350.4,7.0,0.0,51.0,10.0,0.0,330.0,0.0,5e-05,20000000.0,8958544.0,2424096.0,3812080.0,993504.0,0.7282840630615468,0.7358479118212155
391,1957.0,3.0,152.4,42.2,110.2,16.073999999999998,38.0,10.2,27.8,14.722000000000003,392865.6,125064.0,82537.6,29198.4,14.0,0.0,51.0,10.0,0.0,4720.0,0.0,5e-05,20000000.0,3928656.0,1250640.0,825376.0,291984.0,0.7229054483497869,0.7315789473684211
392,1962.0,3.0,305.8,94.0,211.8,21.688,161.8,51.2,110.6,20.106,290580.8,84102.4,190929.6,52006.4,4.0,0.0,51.0,10.0,0.0,3840.0,0.0,5e-05,20000000.0,2905808.0,841024.0,1909296.0,520064.0,0.6926304851697109,0.6837020670185741
393,1967.0,3.0,320.0,94.0,226.0,25.206,166.6,49.2,117.4,25.8,358510.4,94937.6,301524.8,81376.0,4.0,0.0,51.0,10.0,0.0,1050.0,0.0,5e-05,20000000.0,3585104.0,949376.0,3015248.0,813760.0,0.70625,0.7046691454951621
394,1972.0,3.0,276.6,78.2,198.4,26.26,89.0,27.4,61.6,25.788,866155.2,238822.4,368380.8,102148.8,7.0,0.0,51.0,10.0,0.0,430.0,0.0,5e-05,20000000.0,8661552.0,2388224.0,3683808.0,1021488.0,0.7173176930286136,0.6922156726177424
395,1977.0,3.0,307.8,80.0,227.8,26.627999999999997,275.8,84.4,191.4,25.44,96710.4,25304.0,212508.8,58940.8,2.0,0.0,51.0,10.0,0.0,600.0,0.0,5e-05,20000000.0,967104.0,253040.0,2125088.0,589408.0,0.7400773198708552,0.6942166893564437
396,1982.0,3.0,154.8,43.8,111.0,21.383999999999997,38.0,10.8,27.2,20.912,532856.0,170270.4,191510.4,58649.6,14.0,0.0,51.0,10.0,0.0,3270.0,0.0,5e-05,20000000.0,5328560.0,1702704.0,1915104.0,586496.0,0.7170447979176633,0.7157894736842106
397,1987.0,3.0,260.6,68.6,192.0,25.836000000000002,90.0,26.2,63.8,23.636000000000003,743398.4,192160.0,286652.8,77420.8,7.0,0.0,51.0,10.0,0.0,3440.0,0.0,5e-05,20000000.0,7433984.0,1921600.0,2866528.0,774208.0,0.7367716043731021,0.7090535152004417
398,1992.0,3.0,252.0,72.4,179.6,24.345999999999997,90.6,28.8,61.8,20.836000000000002,648801.6,193304.0,263694.4,85984.0,7.0,0.0,51.0,10.0,0.0,3190.0,0.0,5e-05,20000000.0,6488016.0,1933040.0,2636944.0,859840.0,0.7126648015624354,0.6820885026063337
399,1997.0,3.0,253.8,71.2,182.6,25.018,91.0,27.0,64.0,21.884,731776.0,193369.6,243396.8,67116.8,7.0,0.0,51.0,10.0,0.0,4350.0,0.0,5e-05,20000000.0,7317760.0,1933696.0,2433968.0,671168.0,0.7194907193237471,0.7032924563359346
400,2002.0,3.0,158.4,42.8,115.6,23.310000000000002,37.4,11.2,26.2,23.4,652344.0,180062.4,284979.2,94113.6,14.0,0.0,51.0,10.0,0.0,2430.0,0.0,5e-05,20000000.0,6523440.0,1800624.0,2849792.0,941136.0,0.729805966628078,0.700916706179864
401,2007.0,3.0,320.0,80.0,240.0,26.556,166.8,44.8,122.0,27.0,384147.2,96036.8,306492.8,81070.4,4.0,0.0,51.0,10.0,0.0,90.0,0.0,5e-05,20000000.0,3841472.0,960368.0,3064928.0,810704.0,0.75,0.7314023085436732
402,2012.0,3.0,288.4,87.0,201.4,23.872000000000003,164.8,58.4,106.4,21.238,328120.0,93088.0,207603.2,57086.4,4.0,0.0,51.0,10.0,0.0,2040.0,0.0,5e-05,20000000.0,3281200.0,930880.0,2076032.0,570864.0,0.6984407246317205,0.6457073356565293
403,2017.0,3.0,294.2,86.2,208.0,22.118,164.6,53.2,111.4,20.157999999999998,265761.6,76288.0,199633.6,56212.8,4.0,0.0,51.0,10.0,0.0,4220.0,0.0,5e-05,20000000.0,2657616.0,762880.0,1996336.0,562128.0,0.7069727891156462,0.6769477106286106
404,2022.0,3.0,149.0,41.2,107.8,20.742,37.6,10.6,27.0,19.56,551403.2,158611.2,188542.4,66604.8,14.0,0.0,51.0,10.0,0.0,3880.0,0.0,5e-05,20000000.0,5514032.0,1586112.0,1885424.0,666048.0,0.723406869147019,0.718207681365576
405,2027.0,3.0,155.0,42.2,112.8,21.064,38.0,10.0,28.0,19.954,519520.0,143041.6,16694.4,4358.4,14.0,0.0,51.0,10.0,0.0,4710.0,0.0,5e-05,20000000.0,5195200.0,1430416.0,166944.0,43584.0,0.7277183554894887,0.7368421052631579
406,2032.0,3.0,301.2,91.6,209.6,22.810000000000002,273.2,99.6,173.6,19.782,90281.6,24616.0,145070.4,42150.4,2.0,0.0,51.0,10.0,0.0,3390.0,0.0,5e-05,20000000.0,902816.0,246160.0,1450704.0,421504.0,0.6958644129499203,0.6354397297962403
407,2037.0,3.0,158.6,45.0,113.6,25.514,36.8,10.8,26.0,25.82,862460.8,238851.2,348905.6,97924.8,14.0,0.0,51.0,10.0,0.0,1430.0,0.0,5e-05,20000000.0,8624608.0,2388512.0,3489056.0,979248.0,0.7162463715529753,0.7063695274221591
408,2042.0,3.0,320.0,80.0,240.0,26.607999999999997,284.8,77.8,207.0,27.0,95974.4,23993.6,232419.2,63035.2,2.0,0.0,51.0,10.0,0.0,1470.0,0.0,5e-05,20000000.0,959744.0,239936.0,2324192.0,630352.0,0.75,0.7268188905247828
409,2047.0,3.0,256.0,70.4,185.6,25.924,92.4,28.8,63.6,23.682,775673.6,207529.6,305222.4,82627.2,7.0,0.0,51.0,10.0,0.0,1080.0,0.0,5e-05,20000000.0,7756736.0,2075296.0,3052224.0,826272.0,0.724998475365888,0.6883865226413391
410,2052.0,3.0,310.2,80.0,230.2,26.362000000000002,166.2,48.6,117.6,25.875999999999998,383422.4,100182.4,290739.2,78753.6,4.0,0.0,51.0,10.0,0.0,390.0,0.0,5e-05,20000000.0,3834224.0,1001824.0,2907392.0,787536.0,0.7420821052498434,0.7075699079075459
411,2057.0,3.0,301.2,92.6,208.6,23.894,163.0,52.2,110.8,22.432,339056.0,96724.8,240276.8,67768.0,4.0,0.0,51.0,10.0,0.0,2170.0,0.0,5e-05,20000000.0,3390560.0,967248.0,2402768.0,677680.0,0.6925056799786835,0.6796903994023226
412,2062.0,3.0,259.4,72.6,186.8,25.729999999999997,91.6,30.6,61.0,23.466,769992.0,210419.2,304795.2,84355.2,7.0,0.0,51.0,10.0,0.0,1250.0,0.0,5e-05,20000000.0,7699920.0,2104192.0,3047952.0,843552.0,0.7202022674228469,0.6660132107588167
413,2067.0,3.0,320.0,92.0,228.0,25.216,163.8,48.4,115.4,25.884000000000004,342507.2,89814.4,304764.8,82094.4,4.0,0.0,51.0,10.0,0.0,1110.0,0.0,5e-05,20000000.0,3425072.0,898144.0,3047648.0,820944.0,0.7125,0.7045005258065167
414,2072.0,3.0,262.4,73.0,189.4,25.485999999999997,89.8,26.4,63.4,23.387999999999998,761436.8,205667.2,282160.0,79600.0,7.0,0.0,51.0,10.0,0.0,2210.0,0.0,5e-05,20000000.0,7614368.0,2056672.0,2821600.0,796000.0,0.7217917774600616,0.706190395356711
415,2077.0,3.0,314.6,80.0,234.6,26.634000000000004,275.2,78.4,196.8,26.686,94131.2,24113.6,222812.8,61980.8,2.0,0.0,51.0,10.0,0.0,610.0,0.0,5e-05,20000000.0,941312.0,241136.0,2228128.0,619808.0,0.7456979516028424,0.7150887835100042
416,2082.0,3.0,295.0,91.2,203.8,23.183999999999997,165.6,56.4,109.2,21.137999999999998,316856.0,89160.0,179494.4,48588.8,4.0,0.0,51.0,10.0,0.0,2710.0,0.0,5e-05,20000000.0,3168560.0,891600.0,1794944.0,485888.0,0.690848345833145,0.6594129129759456
417,2087.0,3.0,320.0,80.0,240.0,26.568,284.2,77.4,206.8,27.0,95449.6,23862.4,230600.0,62660.8,2.0,0.0,51.0,10.0,0.0,230.0,0.0,5e-05,20000000.0,954496.0,238624.0,2306000.0,626608.0,0.75,0.7276686389732132
418,2092.0,3.0,246.8,69.2,177.6,25.608000000000004,89.0,30.2,58.8,22.107999999999997,749404.8,203182.4,280670.4,78452.8,7.0,0.0,51.0,10.0,0.0,2320.0,0.0,5e-05,20000000.0,7494048.0,2031824.0,2806704.0,784528.0,0.7195847333915981,0.6605526657250794
419,2097.0,3.0,144.6,37.2,107.4,18.956,37.6,10.6,27.0,17.020000000000003,468230.4,119939.2,181214.4,56993.6,14.0,0.0,51.0,10.0,0.0,4800.0,0.0,5e-05,20000000.0,4682304.0,1199392.0,1812144.0,569936.0,0.7427071139403384,0.7182076813655762
420,2102.0,3.0,311.2,80.0,231.2,26.344,164.8,47.0,117.8,26.060000000000002,367116.8,94712.0,281624.0,77544.0,4.0,0.0,51.0,10.0,0.0,280.0,0.0,5e-05,20000000.0,3671168.0,947120.0,2816240.0,775440.0,0.7429227508667019,0.7148772013335568
421,2107.0,3.0,156.8,47.0,109.8,25.462,37.0,11.0,26.0,25.853999999999996,928126.4,253936.0,355126.4,97632.0,14.0,0.0,51.0,10.0,0.0,120.0,0.0,5e-05,20000000.0,9281264.0,2539360.0,3551264.0,976320.0,0.7001902816167929,0.7028212422949265
422,2112.0,3.0,157.6,46.6,111.0,25.595999999999997,37.2,10.8,26.4,25.857999999999997,944580.8,254547.2,340172.8,90568.0,14.0,0.0,51.0,10.0,0.0,160.0,0.0,5e-05,20000000.0,9445808.0,2545472.0,3401728.0,905680.0,0.7043088074147206,0.7097360518413149
423,2117.0,3.0,254.0,70.8,183.2,24.837999999999997,91.4,28.2,63.2,22.112000000000002,731787.2,196400.0,232048.0,66352.0,7.0,0.0,51.0,10.0,0.0,3740.0,0.0,5e-05,20000000.0,7317872.0,1964000.0,2320480.0,663520.0,0.7212913549151366,0.691351979973821
424,2122.0,3.0,302.0,80.0,222.0,26.141999999999996,277.2,91.8,185.4,24.046,106182.4,28595.2,194369.6,52292.8,2.0,0.0,51.0,10.0,0.0,2050.0,0.0,5e-05,20000000.0,1061824.0,285952.0,1943696.0,522928.0,0.7350387046643749,0.6688338063030066
425,2127.0,3.0,298.2,84.0,214.2,24.758000000000003,253.6,77.6,176.0,23.5,98758.4,26819.2,147676.8,41944.0,2.0,0.0,51.0,10.0,0.0,4450.0,0.0,5e-05,20000000.0,987584.0,268192.0,1476768.0,419440.0,0.7181709867398032,0.6938683372551029
426,2132.0,3.0,279.0,85.0,194.0,19.038,165.6,53.4,112.2,14.638000000000002,250980.8,72420.8,110753.6,33563.2,4.0,0.0,51.0,10.0,0.0,4360.0,0.0,5e-05,20000000.0,2509808.0,724208.0,1107536.0,335632.0,0.6954749020199806,0.6774932058251462
427,2137.0,3.0,280.6,79.2,201.4,22.484,163.0,52.0,111.0,19.009999999999998,330873.6,89792.0,181174.4,51857.6,4.0,0.0,51.0,10.0,0.0,4880.0,0.0,5e-05,20000000.0,3308736.0,897920.0,1811744.0,518576.0,0.7176934065063965,0.6810409857488947
428,2142.0,3.0,300.4,83.4,217.0,25.125999999999998,165.2,49.2,116.0,23.39,335478.4,90548.8,236337.6,64798.4,4.0,0.0,51.0,10.0,0.0,4570.0,0.0,5e-05,20000000.0,3354784.0,905488.0,2363376.0,647984.0,0.7223601700975767,0.7021326555749894
429,2147.0,3.0,295.0,81.2,213.8,25.860000000000003,164.6,50.8,113.8,23.636000000000003,337875.2,92812.8,261731.2,69905.6,4.0,0.0,51.0,10.0,0.0,2460.0,0.0,5e-05,20000000.0,3378752.0,928128.0,2617312.0,699056.0,0.7246353432652807,0.6912207174632394
430,2152.0,3.0,268.4,75.6,192.8,23.688,90.6,29.0,61.6,21.964,676843.2,182123.2,281270.4,79443.2,7.0,0.0,51.0,10.0,0.0,2540.0,0.0,5e-05,20000000.0,6768432.0,1821232.0,2812704.0,794432.0,0.7182220212679298,0.6799124012389688
431,2157.0,3.0,297.6,88.8,208.8,19.431999999999995,146.2,42.0,104.2,20.094,258908.8,73417.6,163062.4,42688.0,4.0,0.0,51.0,10.0,0.0,4810.0,0.0,5e-05,20000000.0,2589088.0,734176.0,1630624.0,426880.0,0.7015660134131867,0.7125373596364826
432,2162.0,3.0,158.2,46.4,111.8,21.084,37.4,11.4,26.0,21.396,593467.2,170244.8,257150.4,74659.2,14.0,0.0,51.0,10.0,0.0,3950.0,0.0,5e-05,20000000.0,5934672.0,1702448.0,2571504.0,746592.0,0.7067130862927377,0.695448079658606
433,2167.0,3.0,289.0,88.8,200.2,19.540000000000003,153.6,48.6,105.0,17.576,277753.6,76923.2,153483.2,43158.4,4.0,0.0,51.0,10.0,0.0,4530.0,0.0,5e-05,20000000.0,2777536.0,769232.0,1534832.0,431584.0,0.6927640040837125,0.6837197195951552
434,2172.0,3.0,279.4,84.8,194.6,20.012,157.6,49.6,108.0,16.682,254649.6,74281.6,160619.2,45598.4,4.0,0.0,51.0,10.0,0.0,4840.0,0.0,5e-05,20000000.0,2546496.0,742816.0,1606192.0,455984.0,0.6966840950171458,0.685439548254303
435,2177.0,3.0,247.0,66.4,180.6,24.272,92.0,25.8,66.2,21.078,681809.6,180670.4,237152.0,67116.8,7.0,0.0,51.0,10.0,0.0,3550.0,0.0,5e-05,20000000.0,6818096.0,1806704.0,2371520.0,671168.0,0.7310986865866562,0.7195623917924058
436,2182.0,3.0,313.4,99.6,213.8,23.676000000000002,252.4,75.4,177.0,25.52,90030.4,24918.4,195032.0,53475.2,2.0,0.0,51.0,10.0,0.0,2970.0,0.0,5e-05,20000000.0,900304.0,249184.0,1950320.0,534752.0,0.682196129504894,0.701274710743699
437,2187.0,3.0,295.4,99.4,196.0,20.098,222.2,83.0,139.2,17.112000000000002,75936.0,21433.6,104347.2,30571.2,2.0,0.0,51.0,10.0,0.0,3710.0,0.0,5e-05,20000000.0,759360.0,214336.0,1043472.0,305712.0,0.6634583233559341,0.6264093948967875
438,2192.0,3.0,286.8,85.2,201.6,23.056,162.6,52.0,110.6,20.3,322526.4,91886.4,191230.4,50620.8,4.0,0.0,51.0,10.0,0.0,3230.0,0.0,5e-05,20000000.0,3225264.0,918864.0,1912304.0,506208.0,0.7030249183813793,0.6800498168893971
439,2197.0,3.0,251.2,69.0,182.2,22.06,91.2,25.6,65.6,19.401999999999997,609524.8,170734.4,220456.0,64385.6,7.0,0.0,51.0,10.0,0.0,4340.0,0.0,5e-05,20000000.0,6095248.0,1707344.0,2204560.0,643856.0,0.7253159045252797,0.719378896995866
440,2202.0,3.0,225.2,61.8,163.4,19.652,92.4,27.0,65.4,14.280000000000001,432648.0,120889.6,141523.2,44358.4,7.0,0.0,51.0,10.0,0.0,4750.0,0.0,5e-05,20000000.0,4326480.0,1208896.0,1415232.0,443584.0,0.7255708905920271,0.7077462509440069
441,2207.0,3.0,310.6,99.0,211.6,22.64,165.0,56.8,108.2,22.468,299728.0,88214.4,239110.4,67769.6,4.0,0.0,51.0,10.0,0.0,2420.0,0.0,5e-05,20000000.0,2997280.0,882144.0,2391104.0,677696.0,0.6812311198898117,0.6557469647063312
442,2212.0,3.0,156.2,45.2,111.0,24.74,37.6,10.8,26.8,24.744,836728.0,227611.2,302403.2,77862.4,14.0,0.0,51.0,10.0,0.0,1620.0,0.0,5e-05,20000000.0,8367280.0,2276112.0,3024032.0,778624.0,0.7106238771843868,0.7128654970760234
443,2217.0,3.0,299.4,82.8,216.6,26.28,268.2,89.0,179.2,23.97,93246.4,25723.2,187304.0,51878.4,2.0,0.0,51.0,10.0,0.0,800.0,0.0,5e-05,20000000.0,932464.0,257232.0,1873040.0,518784.0,0.7234081302487991,0.6685111898063758
444,2222.0,3.0,155.0,44.6,110.4,21.158,37.4,11.4,26.0,21.107999999999997,617409.6,169216.0,233404.8,69196.8,14.0,0.0,51.0,10.0,0.0,2930.0,0.0,5e-05,20000000.0,6174096.0,1692160.0,2334048.0,691968.0,0.7122836133894579,0.6950213371266003
445,2227.0,3.0,312.2,103.4,208.8,22.249999999999996,239.6,77.2,162.4,24.151999999999997,71888.0,20809.6,169059.2,47558.4,2.0,0.0,51.0,10.0,0.0,2550.0,0.0,5e-05,20000000.0,718880.0,208096.0,1690592.0,475584.0,0.6688130304479346,0.6779236361378145
446,2232.0,3.0,150.8,40.2,110.6,19.562,38.0,10.2,27.8,18.278000000000002,447209.6,118097.6,178993.6,48473.6,14.0,0.0,51.0,10.0,0.0,3260.0,0.0,5e-05,20000000.0,4472096.0,1180976.0,1789936.0,484736.0,0.7333403135094327,0.7315789473684211
447,2237.0,3.0,272.2,80.6,191.6,25.610000000000003,90.6,29.4,61.2,24.740000000000002,828633.6,225603.2,349628.8,96484.8,7.0,0.0,51.0,10.0,0.0,710.0,0.0,5e-05,20000000.0,8286336.0,2256032.0,3496288.0,964848.0,0.7039433712057855,0.6755684593862415
448,2242.0,3.0,290.2,83.8,206.4,21.926,157.2,45.6,111.6,19.282,293848.0,82526.4,168430.4,45646.4,4.0,0.0,51.0,10.0,0.0,4980.0,0.0,5e-05,20000000.0,2938480.0,825264.0,1684304.0,456464.0,0.7113128068603763,0.7097680449632545
449,2247.0,3.0,303.4,93.0,210.4,23.106,263.8,92.2,171.6,20.804,86753.6,23676.8,140984.0,39896.0,2.0,0.0,51.0,10.0,0.0,3020.0,0.0,5e-05,20000000.0,867536.0,236768.0,1409840.0,398960.0,0.693406576845559,0.6505969965625138
450,2252.0,3.0,158.8,44.4,114.4,24.586,36.0,11.0,25.0,24.588,825451.2,219358.4,311704.0,96841.6,14.0,0.0,51.0,10.0,0.0,1840.0,0.0,5e-05,20000000.0,8254512.0,2193584.0,3117040.0,968416.0,0.7203833451989957,0.6946491946491947
451,2257.0,3.0,158.0,43.4,114.6,23.369999999999997,37.2,10.4,26.8,23.380000000000003,715049.6,185000.0,287859.2,76889.6,14.0,0.0,51.0,10.0,0.0,2660.0,0.0,5e-05,20000000.0,7150496.0,1850000.0,2878592.0,768896.0,0.7253040322462054,0.7202623676307887
452,2262.0,3.0,157.8,43.0,114.8,26.558000000000003,37.0,10.0,27.0,27.0,977449.6,263692.8,371590.4,100656.0,14.0,0.0,51.0,10.0,0.0,60.0,0.0,5e-05,20000000.0,9774496.0,2636928.0,3715904.0,1006560.0,0.7275042328468919,0.7298640746009168
453,2267.0,3.0,298.6,82.8,215.8,26.072000000000003,260.0,78.6,181.4,24.552,94553.6,25640.0,182172.8,49958.4,2.0,0.0,51.0,10.0,0.0,3790.0,0.0,5e-05,20000000.0,945536.0,256400.0,1821728.0,499584.0,0.722622850170622,0.6976769795878058
454,2272.0,3.0,301.2,90.4,210.8,24.851999999999997,265.2,90.4,174.8,23.296,97918.4,27062.4,167358.4,46492.8,2.0,0.0,51.0,10.0,0.0,2040.0,0.0,5e-05,20000000.0,979184.0,270624.0,1673584.0,464928.0,0.6998496004908963,0.659112038635414
455,2277.0,3.0,295.0,87.0,208.0,25.314,244.4,75.6,168.8,23.514,86089.6,24126.4,161496.0,44195.2,2.0,0.0,51.0,10.0,0.0,3810.0,0.0,5e-05,20000000.0,860896.0,241264.0,1614960.0,441952.0,0.7051172979443058,0.690979655945126
456,2282.0,3.0,233.0,65.4,167.6,24.874,90.8,26.8,64.0,19.7,615376.0,173297.6,214326.4,66945.6,7.0,0.0,51.0,10.0,0.0,3970.0,0.0,5e-05,20000000.0,6153760.0,1732976.0,2143264.0,669456.0,0.7193396202544033,0.7048500475037207
457,2287.0,3.0,301.4,80.0,221.4,26.163999999999998,162.8,51.2,111.6,24.654,358428.8,94953.6,283284.8,79640.0,4.0,0.0,51.0,10.0,0.0,1950.0,0.0,5e-05,20000000.0,3584288.0,949536.0,2832848.0,796400.0,0.7344966545594677,0.6855529798550094
458,2292.0,3.0,232.2,62.4,169.8,24.798,92.8,26.8,66.0,19.918,620267.2,166008.0,163416.0,46721.6,7.0,0.0,51.0,10.0,0.0,4450.0,0.0,5e-05,20000000.0,6202672.0,1660080.0,1634160.0,467216.0,0.7311979879292126,0.7111695213960142
459,2297.0,3.0,277.8,77.6,200.2,26.208,90.2,25.6,64.6,26.05,868441.6,243096.0,356715.2,98336.0,7.0,0.0,51.0,10.0,0.0,1730.0,0.0,5e-05,20000000.0,8684416.0,2430960.0,3567152.0,983360.0,0.720628428457297,0.7161731065981188
460,2302.0,3.0,249.0,66.0,183.0,25.8,91.6,25.4,66.2,22.130000000000003,735011.2,193289.6,250979.2,65160.0,7.0,0.0,51.0,10.0,0.0,3870.0,0.0,5e-05,20000000.0,7350112.0,1932896.0,2509792.0,651600.0,0.7348903452609796,0.7226302729528535
461,2307.0,3.0,297.4,89.4,208.0,23.08,260.6,86.6,174.0,19.932000000000002,85436.8,23825.6,128217.6,36996.8,2.0,0.0,51.0,10.0,0.0,4740.0,0.0,5e-05,20000000.0,854368.0,238256.0,1282176.0,369968.0,0.6993285532852028,0.667690176975413
462,2312.0,3.0,308.2,85.4,222.8,25.04,271.4,88.2,183.2,24.020000000000003,94788.8,24827.2,185531.2,49323.2,2.0,0.0,51.0,10.0,0.0,2700.0,0.0,5e-05,20000000.0,947888.0,248272.0,1855312.0,493232.0,0.7229568543994952,0.6750553371986163
463,2317.0,3.0,240.4,64.8,175.6,25.052000000000003,93.6,28.2,65.4,20.828000000000003,670161.6,185396.8,185694.4,53024.0,7.0,0.0,51.0,10.0,0.0,3370.0,0.0,5e-05,20000000.0,6701616.0,1853968.0,1856944.0,530240.0,0.7304535448653662,0.6987734951655047
464,2322.0,3.0,240.8,66.6,174.2,22.224,92.4,26.2,66.2,18.274,525806.4,150785.6,173067.2,48284.8,7.0,0.0,51.0,10.0,0.0,4080.0,0.0,5e-05,20000000.0,5258064.0,1507856.0,1730672.0,482848.0,0.7234360285804796,0.7163537065390189
465,2327.0,3.0,319.0,105.8,213.2,22.682000000000002,246.2,70.8,175.4,25.965999999999998,82489.6,23088.0,192664.0,53145.6,2.0,0.0,51.0,10.0,0.0,2540.0,0.0,5e-05,20000000.0,824896.0,230880.0,1926640.0,531456.0,0.6683333085332221,0.7123748883268292
466,2332.0,3.0,293.2,89.8,203.4,23.636000000000003,163.2,56.6,106.6,21.434,319948.8,90307.2,204936.0,59057.6,4.0,0.0,51.0,10.0,0.0,3330.0,0.0,5e-05,20000000.0,3199488.0,903072.0,2049360.0,590576.0,0.6938071988787335,0.6533193219482797
467,2337.0,3.0,261.8,71.2,190.6,26.436,92.4,25.2,67.2,24.514000000000003,833236.8,222985.6,295129.6,81577.6,7.0,0.0,51.0,10.0,0.0,3140.0,0.0,5e-05,20000000.0,8332368.0,2229856.0,2951296.0,815776.0,0.728045418188079,0.7272638594532899
468,2342.0,3.0,285.6,77.8,207.8,26.603999999999996,89.4,24.4,65.0,27.0,918571.2,251302.4,372972.8,103129.6,7.0,0.0,51.0,10.0,0.0,180.0,0.0,5e-05,20000000.0,9185712.0,2513024.0,3729728.0,1031296.0,0.7275793728904694,0.7270610581032898
469,2347.0,3.0,156.6,43.0,113.6,24.574,37.8,10.6,27.2,24.72,814286.4,212768.0,298532.8,78896.0,14.0,0.0,51.0,10.0,0.0,1970.0,0.0,5e-05,20000000.0,8142864.0,2127680.0,2985328.0,788960.0,0.7254280071918885,0.7196301564722617
470,2352.0,3.0,290.6,83.8,206.8,20.47,161.0,52.8,108.2,17.654,271233.6,69681.6,171606.4,48132.8,4.0,0.0,51.0,10.0,0.0,4960.0,0.0,5e-05,20000000.0,2712336.0,696816.0,1716064.0,481328.0,0.71167596699484,0.6720831637710132
471,2357.0,3.0,320.0,91.4,228.6,25.206,167.2,48.4,118.8,25.802,342155.2,89721.6,291116.8,77793.6,4.0,0.0,51.0,10.0,0.0,1150.0,0.0,5e-05,20000000.0,3421552.0,897216.0,2911168.0,777936.0,0.714375,0.7105125509977563
472,2362.0,3.0,311.6,101.6,210.0,21.266000000000002,227.2,69.4,157.8,24.645999999999997,84489.6,22838.4,153436.8,43947.2,2.0,0.0,51.0,10.0,0.0,4630.0,0.0,5e-05,20000000.0,844896.0,228384.0,1534368.0,439472.0,0.6739497205606023,0.694630519382722
473,2367.0,3.0,275.2,80.2,195.0,22.054,153.6,47.6,106.0,19.177999999999997,290774.4,78595.2,171267.2,46488.0,4.0,0.0,51.0,10.0,0.0,4640.0,0.0,5e-05,20000000.0,2907744.0,785952.0,1712672.0,464880.0,0.7087397386550597,0.690033608629457
474,2372.0,3.0,298.4,85.0,213.4,24.472,263.8,84.0,179.8,22.332,91086.4,24712.0,152552.0,43947.2,2.0,0.0,51.0,10.0,0.0,4050.0,0.0,5e-05,20000000.0,910864.0,247120.0,1525520.0,439472.0,0.7151460465957111,0.681561581613147
475,2377.0,3.0,158.0,46.4,111.6,23.208,37.2,11.6,25.6,23.304000000000002,836977.6,223528.0,317224.0,94752.0,14.0,0.0,51.0,10.0,0.0,2580.0,0.0,5e-05,20000000.0,8369776.0,2235280.0,3172240.0,947520.0,0.7063136457536511,0.6886913229018492
476,2382.0,3.0,314.2,105.2,209.0,20.145999999999997,220.2,71.0,149.2,21.259999999999998,63412.8,18192.0,138160.0,39083.2,2.0,0.0,51.0,10.0,0.0,4550.0,0.0,5e-05,20000000.0,634128.0,181920.0,1381600.0,390832.0,0.6651997415500186,0.6782416933315624
477,2387.0,3.0,249.8,67.0,182.8,25.444,89.4,25.2,64.2,22.062,714574.4,192731.2,261334.4,73208.0,7.0,0.0,51.0,10.0,0.0,3210.0,0.0,5e-05,20000000.0,7145744.0,1927312.0,2613344.0,732080.0,0.7317857960869073,0.7183234262634078
478,2392.0,3.0,303.6,90.0,213.6,22.634,164.2,50.4,113.8,20.958000000000002,304014.4,84923.2,179121.6,52155.2,4.0,0.0,51.0,10.0,0.0,4070.0,0.0,5e-05,20000000.0,3040144.0,849232.0,1791216.0,521552.0,0.7035539065168869,0.6930033679506457
479,2397.0,3.0,291.0,86.0,205.0,21.716,161.6,50.6,111.0,19.172000000000004,271552.0,76683.2,176702.4,51128.0,4.0,0.0,51.0,10.0,0.0,4260.0,0.0,5e-05,20000000.0,2715520.0,766832.0,1767024.0,511280.0,0.7045327021933147,0.6869231563559925
480,2402.0,3.0,315.2,80.0,235.2,26.206,272.8,75.8,197.0,27.0,106470.4,27065.6,225830.4,63009.6,2.0,0.0,51.0,10.0,0.0,770.0,0.0,5e-05,20000000.0,1064704.0,270656.0,2258304.0,630096.0,0.7461740552258823,0.7221799327879217
481,2407.0,3.0,157.0,46.0,111.0,24.541999999999998,38.0,10.6,27.4,24.758000000000003,807980.8,226305.6,290601.6,78822.4,14.0,0.0,51.0,10.0,0.0,1530.0,0.0,5e-05,20000000.0,8079808.0,2263056.0,2906016.0,788224.0,0.7070875154486737,0.7210526315789474
482,2412.0,3.0,299.8,90.6,209.2,24.234,245.6,82.4,163.2,23.354000000000003,84379.2,23876.8,168160.0,47870.4,2.0,0.0,51.0,10.0,0.0,2840.0,0.0,5e-05,20000000.0,843792.0,238768.0,1681600.0,478704.0,0.6978067615045243,0.664370515650625
483,2417.0,3.0,295.6,93.6,202.0,20.666000000000004,155.0,47.0,108.0,20.194000000000003,256438.4,72651.2,171793.6,46601.6,4.0,0.0,51.0,10.0,0.0,4130.0,0.0,5e-05,20000000.0,2564384.0,726512.0,1717936.0,466016.0,0.6834190977856733,0.6967206930564231
484,2422.0,3.0,239.4,64.2,175.2,21.580000000000002,92.0,27.6,64.4,17.256,514920.0,139830.4,176315.2,50761.6,7.0,0.0,51.0,10.0,0.0,4210.0,0.0,5e-05,20000000.0,5149200.0,1398304.0,1763152.0,507616.0,0.7318136295172207,0.6998553424532954
485,2427.0,3.0,313.2,80.0,233.2,26.544,280.8,82.2,198.6,26.410000000000004,95404.8,24427.2,222841.6,62683.2,2.0,0.0,51.0,10.0,0.0,480.0,0.0,5e-05,20000000.0,954048.0,244272.0,2228416.0,626832.0,0.7445686217668881,0.707243172877921
486,2432.0,3.0,229.4,63.4,166.0,22.29,92.2,25.4,66.8,16.894,500624.0,140182.4,100833.6,28473.6,7.0,0.0,51.0,10.0,0.0,4430.0,0.0,5e-05,20000000.0,5006240.0,1401824.0,1008336.0,284736.0,0.723536372481886,0.7244529522811951
487,2437.0,3.0,309.8,86.0,223.8,25.454,254.6,70.8,183.8,26.547999999999995,95233.6,25283.2,204792.0,54705.6,2.0,0.0,51.0,10.0,0.0,250.0,0.0,5e-05,20000000.0,952336.0,252832.0,2047920.0,547056.0,0.7223996847651082,0.7220318012282178
488,2442.0,3.0,307.8,81.8,226.0,25.667999999999996,256.0,71.2,184.8,26.55,96971.2,25856.0,206449.6,55313.6,2.0,0.0,51.0,10.0,0.0,1250.0,0.0,5e-05,20000000.0,969712.0,258560.0,2064496.0,553136.0,0.734281688673341,0.7219272252439259
489,2447.0,3.0,301.4,90.8,210.6,19.182,147.6,49.2,98.4,19.339999999999996,251854.4,68854.4,167680.0,49622.4,4.0,0.0,51.0,10.0,0.0,4320.0,0.0,5e-05,20000000.0,2518544.0,688544.0,1676800.0,496224.0,0.6986864827597502,0.666332000359428
490,2452.0,3.0,159.2,43.2,116.0,23.258,37.6,10.4,27.2,23.41,670747.2,191451.2,232633.6,70779.2,14.0,0.0,51.0,10.0,0.0,3820.0,0.0,5e-05,20000000.0,6707472.0,1914512.0,2326336.0,707792.0,0.7286198352042035,0.7234708392603129
491,2457.0,3.0,255.8,70.4,185.4,24.788,90.2,26.4,63.8,21.747999999999998,714467.2,194995.2,246280.0,71691.2,7.0,0.0,51.0,10.0,0.0,3670.0,0.0,5e-05,20000000.0,7144672.0,1949952.0,2462800.0,716912.0,0.724764242704956,0.7073124325037303
492,2462.0,3.0,297.2,80.0,217.2,25.478,165.2,54.4,110.8,23.528000000000002,339316.8,93051.2,260033.6,71496.0,4.0,0.0,51.0,10.0,0.0,2410.0,0.0,5e-05,20000000.0,3393168.0,930512.0,2600336.0,714960.0,0.7307780548446536,0.6706201089473903
493,2467.0,3.0,306.8,99.4,207.4,22.124000000000002,261.8,84.6,177.2,22.125999999999998,88657.6,25614.4,157972.8,44891.2,2.0,0.0,51.0,10.0,0.0,4340.0,0.0,5e-05,20000000.0,886576.0,256144.0,1579728.0,448912.0,0.6760721597190495,0.6771866019309004
494,2472.0,3.0,277.0,77.6,199.4,26.226,89.0,26.6,62.4,25.798000000000002,865067.2,237683.2,367068.8,97297.6,7.0,0.0,51.0,10.0,0.0,290.0,0.0,5e-05,20000000.0,8650672.0,2376832.0,3670688.0,972976.0,0.7198203431832975,0.7012111024128123
495,2477.0,3.0,286.2,87.6,198.6,20.804,165.2,54.0,111.2,17.126,253728.0,72953.6,133398.4,37516.8,4.0,0.0,51.0,10.0,0.0,4060.0,0.0,5e-05,20000000.0,2537280.0,729536.0,1333984.0,375168.0,0.6939276152386655,0.6733082682561145
496,2482.0,3.0,250.6,69.8,180.8,25.534,90.8,29.0,61.8,22.302,738508.8,200457.6,286649.6,81785.6,7.0,0.0,51.0,10.0,0.0,2100.0,0.0,5e-05,20000000.0,7385088.0,2004576.0,2866496.0,817856.0,0.7216083819665544,0.6803400997759115
497,2487.0,3.0,299.2,99.2,200.0,21.753999999999998,240.0,85.0,155.0,17.572,73822.4,21420.8,120326.4,35457.6,2.0,0.0,51.0,10.0,0.0,4300.0,0.0,5e-05,20000000.0,738224.0,214208.0,1203264.0,354576.0,0.6684683968238649,0.6456206142046075
498,2492.0,3.0,232.4,80.4,152.0,19.83,93.0,38.2,54.8,14.7,474476.8,139099.2,179912.0,57084.8,7.0,0.0,51.0,10.0,0.0,1710.0,0.0,5e-05,20000000.0,4744768.0,1390992.0,1799120.0,570848.0,0.6538815618291146,0.5893550944892295
499,2497.0,3.0,293.0,82.6,210.4,24.858,162.6,48.6,114.0,22.535999999999998,364608.0,101345.6,223361.6,58016.0,4.0,0.0,51.0,10.0,0.0,3870.0,0.0,5e-05,20000000.0,3646080.0,1013456.0,2233616.0,580160.0,0.7181653065949449,0.7011551548421984
500,2502.0,3.0,308.0,86.8,221.2,25.668,261.2,76.0,185.2,25.927999999999997,102070.4,27275.2,198952.0,53763.2,2.0,0.0,51.0,10.0,0.0,1550.0,0.0,5e-05,20000000.0,1020704.0,272752.0,1989520.0,537632.0,0.7180554661053644,0.7090532083921675
501,2507.0,3.0,313.2,80.0,233.2,26.544,278.0,79.2,198.8,26.590000000000003,97764.8,25115.2,222200.0,61108.8,2.0,0.0,51.0,10.0,0.0,510.0,0.0,5e-05,20000000.0,977648.0,251152.0,2222000.0,611088.0,0.7445448519057158,0.7150820354023202
502,2512.0,3.0,311.0,80.0,231.0,26.402000000000005,161.6,45.8,115.8,26.046,368136.0,95025.6,293744.0,79507.2,4.0,0.0,51.0,10.0,0.0,1910.0,0.0,5e-05,20000000.0,3681360.0,950256.0,2937440.0,795072.0,0.742756762386978,0.7165895505142567
503,2517.0,3.0,303.4,81.0,222.4,25.727999999999998,273.8,88.4,185.4,24.811999999999998,100857.6,26870.4,199153.6,54926.4,2.0,0.0,51.0,10.0,0.0,1340.0,0.0,5e-05,20000000.0,1008576.0,268704.0,1991536.0,549264.0,0.7329187000402302,0.6772368321868718
504,2522.0,3.0,301.2,91.8,209.4,22.827999999999996,235.8,75.4,160.4,22.863999999999997,86691.2,22091.2,156024.0,42352.0,2.0,0.0,51.0,10.0,0.0,4290.0,0.0,5e-05,20000000.0,866912.0,220912.0,1560240.0,423520.0,0.6951854398280826,0.6803413049171699
505,2527.0,3.0,258.0,76.6,181.4,24.906,89.0,30.2,58.8,22.652,722016.0,204726.4,300507.2,84696.0,7.0,0.0,51.0,10.0,0.0,2090.0,0.0,5e-05,20000000.0,7220160.0,2047264.0,3005072.0,846960.0,0.7030973945453736,0.6607621946602457
506,2532.0,3.0,154.8,44.2,110.6,23.534000000000002,37.2,11.0,26.2,23.512,745768.0,199155.2,273382.4,75404.8,14.0,0.0,51.0,10.0,0.0,4570.0,0.0,5e-05,20000000.0,7457680.0,1991552.0,2733824.0,754048.0,0.714520699094791,0.7044649913070965
507,2537.0,3.0,310.6,101.2,209.4,22.54,166.4,58.0,108.4,22.124000000000002,323881.6,92204.8,211209.6,60196.8,4.0,0.0,51.0,10.0,0.0,2340.0,0.0,5e-05,20000000.0,3238816.0,922048.0,2112096.0,601968.0,0.6741720538869105,0.6515057633129921
508,2542.0,3.0,154.4,44.2,110.2,21.321999999999996,37.4,12.0,25.4,21.3,613017.6,161830.4,264172.8,87360.0,14.0,0.0,51.0,10.0,0.0,1750.0,0.0,5e-05,20000000.0,6130176.0,1618304.0,2641728.0,873600.0,0.7137108706381177,0.6792318634423898
509,2547.0,3.0,299.8,84.0,215.8,25.509999999999998,257.4,81.2,176.2,23.668,90660.8,24121.6,175075.2,48198.4,2.0,0.0,51.0,10.0,0.0,3610.0,0.0,5e-05,20000000.0,906608.0,241216.0,1750752.0,481984.0,0.7197310770284024,0.6846636506902428
510,2552.0,3.0,309.6,80.0,229.6,26.444,166.0,48.6,117.4,25.982,378236.8,98081.6,289956.8,79540.8,4.0,0.0,51.0,10.0,0.0,80.0,0.0,5e-05,20000000.0,3782368.0,980816.0,2899568.0,795408.0,0.741598186826545,0.7072422515319854
511,2557.0,3.0,297.2,88.2,209.0,24.332,165.4,57.0,108.4,22.454,331187.2,95115.2,240752.0,66889.6,4.0,0.0,51.0,10.0,0.0,1630.0,0.0,5e-05,20000000.0,3311872.0,951152.0,2407520.0,668896.0,0.7032963302553228,0.655261718026189
512,2562.0,3.0,152.6,42.0,110.6,14.912,38.0,11.0,27.0,14.132,334556.8,102164.8,116179.2,41203.2,14.0,0.0,51.0,10.0,0.0,4360.0,0.0,5e-05,20000000.0,3345568.0,1021648.0,1161792.0,412032.0,0.7246064705038104,0.7105263157894737
513,2567.0,3.0,307.0,85.6,221.4,24.04,243.6,73.2,170.4,23.996,98288.0,25742.4,166600.0,45147.2,2.0,0.0,51.0,10.0,0.0,4820.0,0.0,5e-05,20000000.0,982880.0,257424.0,1666000.0,451472.0,0.7211288249919594,0.6995620355231158
514,2572.0,3.0,154.4,42.6,111.8,18.866,37.8,10.4,27.4,18.026,461673.6,133793.6,171324.8,49315.2,14.0,0.0,51.0,10.0,0.0,4080.0,0.0,5e-05,20000000.0,4616736.0,1337936.0,1713248.0,493152.0,0.7242234628707978,0.7248933143669987
515,2577.0,3.0,294.2,89.0,205.2,21.204,151.2,46.2,105.0,19.82,267931.2,75329.6,178820.8,53460.8,4.0,0.0,51.0,10.0,0.0,4310.0,0.0,5e-05,20000000.0,2679312.0,753296.0,1788208.0,534608.0,0.6977210521461027,0.6947079576153016
516,2582.0,3.0,312.2,80.0,232.2,26.318,163.8,46.6,117.2,26.112000000000002,404716.8,104372.8,280112.0,76116.8,4.0,0.0,51.0,10.0,0.0,1850.0,0.0,5e-05,20000000.0,4047168.0,1043728.0,2801120.0,761168.0,0.7437399458502224,0.7155343435827567
517,2587.0,3.0,301.4,80.0,221.4,26.094,162.2,48.8,113.4,24.851999999999997,352180.8,93955.2,272145.6,73593.6,4.0,0.0,51.0,10.0,0.0,1780.0,0.0,5e-05,20000000.0,3521808.0,939552.0,2721456.0,735936.0,0.7345335710072745,0.6990774816888496
518,2592.0,3.0,152.4,41.6,110.8,22.4,37.2,10.8,26.4,21.796,648896.0,170408.0,256900.8,82281.6,14.0,0.0,51.0,10.0,0.0,3580.0,0.0,5e-05,20000000.0,6488960.0,1704080.0,2569008.0,822816.0,0.7270294442399705,0.7098557203820361
519,2597.0,3.0,267.0,77.6,189.4,25.874000000000002,89.2,29.2,60.0,24.476,821182.4,230646.4,334657.6,97798.4,7.0,0.0,51.0,10.0,0.0,1020.0,0.0,5e-05,20000000.0,8211824.0,2306464.0,3346576.0,977984.0,0.7093584376929973,0.6727511760270382
520,2602.0,3.0,243.8,70.0,173.8,24.872,92.2,28.4,63.8,21.090000000000003,664336.0,191374.4,230369.6,68068.8,7.0,0.0,51.0,10.0,0.0,2880.0,0.0,5e-05,20000000.0,6643360.0,1913744.0,2303696.0,680688.0,0.7129263323337721,0.6919857926482618
521,2607.0,3.0,311.2,80.0,231.2,26.424,162.2,47.2,115.0,26.110000000000003,361889.6,93276.8,293793.6,81683.2,4.0,0.0,51.0,10.0,0.0,160.0,0.0,5e-05,20000000.0,3618896.0,932768.0,2937936.0,816832.0,0.7429291035348499,0.7089442118567597
522,2612.0,3.0,299.4,86.0,213.4,24.624000000000002,268.0,83.6,184.4,23.188,87344.0,24372.8,167953.6,45952.0,2.0,0.0,51.0,10.0,0.0,2730.0,0.0,5e-05,20000000.0,873440.0,243728.0,1679536.0,459520.0,0.7126737286295134,0.6881307061509622
523,2617.0,3.0,274.4,76.8,197.6,26.412,90.0,26.6,63.4,25.77,866843.2,238433.6,353427.2,96678.4,7.0,0.0,51.0,10.0,0.0,920.0,0.0,5e-05,20000000.0,8668432.0,2384336.0,3534272.0,966784.0,0.7201162027309851,0.7043248995331943
524,2622.0,3.0,320.0,80.0,240.0,26.552,166.6,45.6,121.0,27.0,384236.8,96059.2,303913.6,82160.0,4.0,0.0,51.0,10.0,0.0,50.0,0.0,5e-05,20000000.0,3842368.0,960592.0,3039136.0,821600.0,0.75,0.7262856387053775
525,2627.0,3.0,296.0,83.8,212.2,24.362000000000002,163.0,54.0,109.0,22.27,335241.6,93027.2,222174.4,63038.4,4.0,0.0,51.0,10.0,0.0,2740.0,0.0,5e-05,20000000.0,3352416.0,930272.0,2221744.0,630384.0,0.7169058948394967,0.6687475915618922
526,2632.0,3.0,302.6,92.0,210.6,21.52,163.0,51.8,111.2,20.31,276395.2,75980.8,184264.0,49294.4,4.0,0.0,51.0,10.0,0.0,3970.0,0.0,5e-05,20000000.0,2763952.0,759808.0,1842640.0,492944.0,0.6959421707052625,0.6823252145473752
527,2637.0,3.0,298.6,93.4,205.2,23.72,245.6,85.8,159.8,22.39,87200.0,24640.0,149086.4,42742.4,2.0,0.0,51.0,10.0,0.0,3050.0,0.0,5e-05,20000000.0,872000.0,246400.0,1490864.0,427424.0,0.687365065117951,0.6509067053403813
528,2642.0,3.0,112.2,34.8,77.4,5.412,38.0,10.2,27.8,0.994,152686.4,50516.8,15472.0,4124.8,14.0,0.0,51.0,10.0,0.0,4000.0,0.0,5e-05,20000000.0,1526864.0,505168.0,154720.0,41248.0,0.6879483692790618,0.7315789473684211
529,2647.0,3.0,302.4,80.0,222.4,26.560000000000002,266.2,79.2,187.0,25.234,96915.2,25940.8,200632.0,52748.8,2.0,0.0,51.0,10.0,0.0,2410.0,0.0,5e-05,20000000.0,969152.0,259408.0,2006320.0,527488.0,0.7353565415152465,0.7026841680592104
530,2652.0,3.0,157.6,45.4,112.2,25.642000000000003,37.8,10.8,27.0,25.855999999999995,934899.2,249124.8,351062.4,92321.6,14.0,0.0,51.0,10.0,0.0,630.0,0.0,5e-05,20000000.0,9348992.0,2491248.0,3510624.0,923216.0,0.7118979380622562,0.7143669985775248
531,2657.0,3.0,156.0,46.0,110.0,21.082,36.8,10.4,26.4,20.726,650780.8,181689.6,219923.2,56648.0,14.0,0.0,51.0,10.0,0.0,3220.0,0.0,5e-05,20000000.0,6507808.0,1816896.0,2199232.0,566480.0,0.7051382563264965,0.7174806385332702
532,2662.0,3.0,315.4,88.2,227.2,25.304000000000002,264.2,73.6,190.6,26.778000000000002,92097.6,24240.0,214515.2,59544.0,2.0,0.0,51.0,10.0,0.0,3150.0,0.0,5e-05,20000000.0,920976.0,242400.0,2145152.0,595440.0,0.7203763059667574,0.7215378686601045
533,2667.0,3.0,303.0,85.8,217.2,24.859999999999996,265.8,85.8,180.0,24.284,93166.4,25526.4,185676.8,51323.2,2.0,0.0,51.0,10.0,0.0,2740.0,0.0,5e-05,20000000.0,931664.0,255264.0,1856768.0,513232.0,0.7168387724232115,0.6771741793940795
534,2672.0,3.0,236.4,64.4,172.0,24.32,94.2,26.8,67.4,19.699999999999996,587472.0,157881.6,189608.0,54187.2,7.0,0.0,51.0,10.0,0.0,3880.0,0.0,5e-05,20000000.0,5874720.0,1578816.0,1896080.0,541872.0,0.7275953969882079,0.7155431131019038
535,2677.0,3.0,223.6,62.2,161.4,21.146,92.6,29.2,63.4,15.425999999999998,521336.0,136179.2,160491.2,48244.8,7.0,0.0,51.0,10.0,0.0,4030.0,0.0,5e-05,20000000.0,5213360.0,1361792.0,1604912.0,482448.0,0.7217657312689064,0.6847284195020759
536,2682.0,3.0,304.2,99.0,205.2,22.3,232.0,71.6,160.4,23.968,82123.2,23440.0,155731.2,44214.4,2.0,0.0,51.0,10.0,0.0,4310.0,0.0,5e-05,20000000.0,821232.0,234400.0,1557312.0,442144.0,0.6745854010604145,0.6913370499863156
537,2687.0,3.0,307.8,84.4,223.4,25.726,257.8,74.4,183.4,25.898000000000003,90601.6,24284.8,202124.8,53644.8,2.0,0.0,51.0,10.0,0.0,1190.0,0.0,5e-05,20000000.0,906016.0,242848.0,2021248.0,536448.0,0.7257089449742862,0.7113783528121397
538,2692.0,3.0,309.0,84.2,224.8,25.630000000000003,259.2,70.8,188.4,26.228,106257.6,27841.6,198324.8,53019.2,2.0,0.0,51.0,10.0,0.0,4940.0,0.0,5e-05,20000000.0,1062576.0,278416.0,1983248.0,530192.0,0.7272852776444377,0.7269032749802271
539,2697.0,3.0,158.0,44.6,113.4,25.5,36.8,10.6,26.2,25.827999999999996,900222.4,242262.4,347187.2,96579.2,14.0,0.0,51.0,10.0,0.0,1050.0,0.0,5e-05,20000000.0,9002224.0,2422624.0,3471872.0,965792.0,0.7176920906232362,0.7120752331278647
540,2702.0,3.0,304.0,80.0,224.0,25.839999999999996,163.0,50.6,112.4,24.990000000000002,358508.8,96033.6,281228.8,75080.0,4.0,0.0,51.0,10.0,0.0,310.0,0.0,5e-05,20000000.0,3585088.0,960336.0,2812288.0,750800.0,0.7368386768680468,0.6896020588068549
541,2707.0,3.0,307.8,94.4,213.4,24.663999999999998,255.8,75.8,180.0,25.176,82646.4,23292.8,190379.2,51484.8,2.0,0.0,51.0,10.0,0.0,2960.0,0.0,5e-05,20000000.0,826464.0,232928.0,1903792.0,514848.0,0.6932676973893839,0.7036374506293617
542,2712.0,3.0,286.8,83.4,203.4,21.916,159.0,48.6,110.4,18.720000000000002,307048.0,87851.2,170523.2,48756.8,4.0,0.0,51.0,10.0,0.0,4660.0,0.0,5e-05,20000000.0,3070480.0,878512.0,1705232.0,487568.0,0.7093520678435798,0.6943557451849556
543,2717.0,3.0,320.0,80.0,240.0,26.607999999999997,284.8,77.8,207.0,27.0,95974.4,23993.6,232419.2,63035.2,2.0,0.0,51.0,10.0,0.0,170.0,0.0,5e-05,20000000.0,959744.0,239936.0,2324192.0,630352.0,0.75,0.7268188905247828
544,2722.0,3.0,299.4,88.2,211.2,23.240000000000002,220.4,71.8,148.6,21.738000000000003,84579.2,22467.2,139427.2,38486.4,2.0,0.0,51.0,10.0,0.0,4530.0,0.0,5e-05,20000000.0,845792.0,224672.0,1394272.0,384864.0,0.7053744914853921,0.6739426753222514
545,2727.0,3.0,311.2,80.0,231.2,26.368000000000002,164.6,48.0,116.6,25.833999999999996,378070.4,97769.6,282560.0,73952.0,4.0,0.0,51.0,10.0,0.0,240.0,0.0,5e-05,20000000.0,3780704.0,977696.0,2825600.0,739520.0,0.7429259119050068,0.7083948990823916
546,2732.0,3.0,313.2,93.6,219.6,25.178000000000004,267.0,76.2,190.8,26.554000000000002,88768.0,24248.0,213913.6,58577.6,2.0,0.0,51.0,10.0,0.0,910.0,0.0,5e-05,20000000.0,887680.0,242480.0,2139136.0,585776.0,0.7011174970562462,0.7145420077120646
547,2737.0,3.0,304.0,95.0,209.0,23.528,237.0,77.4,159.6,23.116,86163.2,24587.2,154246.4,43664.0,2.0,0.0,51.0,10.0,0.0,3260.0,0.0,5e-05,20000000.0,861632.0,245872.0,1542464.0,436640.0,0.687557720081721,0.6737048716309783
548,2742.0,3.0,148.2,41.0,107.2,20.808,37.2,9.8,27.4,18.958,578913.6,169163.2,207384.0,58051.2,14.0,0.0,51.0,10.0,0.0,2240.0,0.0,5e-05,20000000.0,5789136.0,1691632.0,2073840.0,580512.0,0.7233041432796606,0.7366287339971551
549,2747.0,3.0,302.0,91.0,211.0,23.855999999999998,270.2,89.6,180.6,21.497999999999998,95656.0,26883.2,151092.8,42670.4,2.0,0.0,51.0,10.0,0.0,3010.0,0.0,5e-05,20000000.0,956560.0,268832.0,1510928.0,426704.0,0.6986692380067503,0.6684729531458934
550,2752.0,3.0,303.2,91.2,212.0,25.125999999999998,251.8,72.2,179.6,26.148000000000003,98174.4,27396.8,189256.0,52084.8,2.0,0.0,51.0,10.0,0.0,1640.0,0.0,5e-05,20000000.0,981744.0,273968.0,1892560.0,520848.0,0.6992092706148384,0.7132982743040287
551,2757.0,3.0,296.0,85.2,210.8,24.424,164.6,54.4,110.2,22.694,354745.6,97620.8,240668.8,67171.2,4.0,0.0,51.0,10.0,0.0,2890.0,0.0,5e-05,20000000.0,3547456.0,976208.0,2406688.0,671712.0,0.7121677441212366,0.6695276037671345
552,2762.0,3.0,299.2,105.0,194.2,19.896,220.6,83.4,137.2,17.692,66454.4,18137.6,119705.6,34108.8,2.0,0.0,51.0,10.0,0.0,4120.0,0.0,5e-05,20000000.0,664544.0,181376.0,1197056.0,341088.0,0.6490346812977401,0.6221714801913982
553,2767.0,3.0,158.2,43.8,114.4,24.406,36.4,10.0,26.4,24.64,715128.0,204454.4,297392.0,87411.2,14.0,0.0,51.0,10.0,0.0,2850.0,0.0,5e-05,20000000.0,7151280.0,2044544.0,2973920.0,874112.0,0.7231147161089551,0.7249745986588092
554,2772.0,3.0,310.4,80.0,230.4,26.48,163.6,47.6,116.0,25.848000000000003,376259.2,97364.8,303819.2,81630.4,4.0,0.0,51.0,10.0,0.0,1790.0,0.0,5e-05,20000000.0,3762592.0,973648.0,3038192.0,816304.0,0.7422631236599291,0.7090041735179341
555,2777.0,3.0,158.2,45.0,113.2,25.498,36.6,10.2,26.4,26.048000000000002,910078.4,248756.8,339152.0,91862.4,14.0,0.0,51.0,10.0,0.0,1100.0,0.0,5e-05,20000000.0,9100784.0,2487568.0,3391520.0,918624.0,0.7155516239984545,0.7214714714714715
556,2782.0,3.0,285.4,83.4,202.0,22.169999999999998,159.6,50.2,109.4,19.389999999999997,310076.8,86892.8,177168.0,52363.2,4.0,0.0,51.0,10.0,0.0,4170.0,0.0,5e-05,20000000.0,3100768.0,868928.0,1771680.0,523632.0,0.7078211943443066,0.6855708724882651
557,2787.0,3.0,293.0,81.8,211.2,24.666,164.8,52.4,112.4,22.214000000000002,354665.6,98635.2,221305.6,59880.0,4.0,0.0,51.0,10.0,0.0,3670.0,0.0,5e-05,20000000.0,3546656.0,986352.0,2213056.0,598800.0,0.7208160403582762,0.6820334939876345
558,2792.0,3.0,285.8,88.2,197.6,19.413999999999998,152.8,48.0,104.8,17.4,258860.8,74332.8,158003.2,44502.4,4.0,0.0,51.0,10.0,0.0,4620.0,0.0,5e-05,20000000.0,2588608.0,743328.0,1580032.0,445024.0,0.6913832778502182,0.6850747762298341
559,2797.0,3.0,285.6,77.8,207.8,26.603999999999996,89.4,24.4,65.0,27.0,918571.2,251302.4,372972.8,103129.6,7.0,0.0,51.0,10.0,0.0,1980.0,0.0,5e-05,20000000.0,9185712.0,2513024.0,3729728.0,1031296.0,0.7275793728904694,0.7270610581032898
560,2802.0,3.0,270.8,74.8,196.0,26.588,90.4,26.6,63.8,25.808,879828.8,241996.8,355481.6,98755.2,7.0,0.0,51.0,10.0,0.0,630.0,0.0,5e-05,20000000.0,8798288.0,2419968.0,3554816.0,987552.0,0.7237861849823624,0.7057238890946756
561,2807.0,3.0,157.4,43.8,113.6,19.752,37.8,10.4,27.4,19.338,492236.8,131683.2,191488.0,53800.0,14.0,0.0,51.0,10.0,0.0,3230.0,0.0,5e-05,20000000.0,4922368.0,1316832.0,1914880.0,538000.0,0.7217745007341839,0.7248933143669986
562,2812.0,3.0,313.2,80.0,233.2,26.532,276.8,78.2,198.6,26.766,97510.4,24993.6,225192.0,62622.4,2.0,0.0,51.0,10.0,0.0,1270.0,0.0,5e-05,20000000.0,975104.0,249936.0,2251920.0,626224.0,0.744550868461035,0.7174722622805201
563,2817.0,3.0,293.4,91.2,202.2,22.416,166.0,61.0,105.0,19.436,310889.6,84627.2,210086.4,58083.2,4.0,0.0,51.0,10.0,0.0,2670.0,0.0,5e-05,20000000.0,3108896.0,846272.0,2100864.0,580832.0,0.6892703963899753,0.6324322658079241
564,2822.0,3.0,314.0,80.0,234.0,26.53,276.0,77.2,198.8,27.0,105580.8,26972.8,221027.2,62262.4,2.0,0.0,51.0,10.0,0.0,630.0,0.0,5e-05,20000000.0,1055808.0,269728.0,2210272.0,622624.0,0.7451845798878518,0.7202749090039952
565,2827.0,3.0,301.8,80.0,221.8,26.264,265.8,79.6,186.2,25.496000000000002,100268.8,26787.2,199891.2,53683.2,2.0,0.0,51.0,10.0,0.0,880.0,0.0,5e-05,20000000.0,1002688.0,267872.0,1998912.0,536832.0,0.7348713227066961,0.7006170724367117
566,2832.0,3.0,275.4,81.2,194.2,23.006000000000004,158.8,55.6,103.2,19.294,280406.4,75625.6,183873.6,56459.2,4.0,0.0,51.0,10.0,0.0,3120.0,0.0,5e-05,20000000.0,2804064.0,756256.0,1838736.0,564592.0,0.7051864667506801,0.6503799087699408
567,2837.0,3.0,320.0,97.8,222.2,24.201999999999998,162.8,49.6,113.2,25.226000000000003,324622.4,86558.4,267427.2,73974.4,4.0,0.0,51.0,10.0,0.0,1460.0,0.0,5e-05,20000000.0,3246224.0,865584.0,2674272.0,739744.0,0.6943750000000001,0.6953035245847088
568,2842.0,3.0,300.8,86.6,214.2,22.492,163.0,48.8,114.2,21.338,231608.0,66121.6,201464.0,51960.0,4.0,0.0,51.0,10.0,0.0,4870.0,0.0,5e-05,20000000.0,2316080.0,661216.0,2014640.0,519600.0,0.7121483180329848,0.7005067070147151
569,2847.0,3.0,260.6,71.6,189.0,24.240000000000002,91.0,27.4,63.6,22.163999999999998,687763.2,187859.2,263540.8,76176.0,7.0,0.0,51.0,10.0,0.0,3110.0,0.0,5e-05,20000000.0,6877632.0,1878592.0,2635408.0,761760.0,0.7252513585678005,0.6989216425458358
570,2852.0,3.0,154.6,43.4,111.2,19.88,38.0,11.4,26.6,19.876,485720.0,133369.6,229486.4,69579.2,14.0,0.0,51.0,10.0,0.0,2900.0,0.0,5e-05,20000000.0,4857200.0,1333696.0,2294864.0,695792.0,0.7192727235888483,0.7
571,2857.0,3.0,157.2,43.0,114.2,19.592,37.4,10.4,27.0,19.82,508353.6,149852.8,201628.8,57878.4,14.0,0.0,51.0,10.0,0.0,3970.0,0.0,5e-05,20000000.0,5083536.0,1498528.0,2016288.0,578784.0,0.7264378086685228,0.7218270902481428
572,2862.0,3.0,276.4,76.4,200.0,26.516000000000002,88.0,26.0,62.0,25.962,860275.2,237630.4,359665.6,102400.0,7.0,0.0,51.0,10.0,0.0,890.0,0.0,5e-05,20000000.0,8602752.0,2376304.0,3596656.0,1024000.0,0.7235847621087815,0.7044556459311873
573,2867.0,3.0,308.0,97.4,210.6,22.532,237.2,76.6,160.6,22.802,79409.6,21553.6,154452.8,43342.4,2.0,0.0,51.0,10.0,0.0,4900.0,0.0,5e-05,20000000.0,794096.0,215536.0,1544528.0,433424.0,0.6837978235131935,0.6774000070867738
574,2872.0,3.0,275.4,87.0,188.4,19.419999999999998,166.2,56.6,109.6,14.7,256588.8,70398.4,109846.4,30548.8,4.0,0.0,51.0,10.0,0.0,3420.0,0.0,5e-05,20000000.0,2565888.0,703984.0,1098464.0,305488.0,0.6840461964166776,0.6594425585670102
575,2877.0,3.0,236.6,65.4,171.2,25.662,89.8,25.4,64.4,20.964000000000002,707222.4,198428.8,228798.4,68300.8,7.0,0.0,51.0,10.0,0.0,3560.0,0.0,5e-05,20000000.0,7072224.0,1984288.0,2287984.0,683008.0,0.7235553318906434,0.7171997168249042
576,2882.0,3.0,301.8,96.0,205.8,23.332,236.8,77.8,159.0,22.706,85632.0,24724.8,160158.4,43625.6,2.0,0.0,51.0,10.0,0.0,3130.0,0.0,5e-05,20000000.0,856320.0,247248.0,1601584.0,436256.0,0.6819295640994255,0.6712197507014195
577,2887.0,3.0,310.2,80.0,230.2,26.380000000000003,163.6,48.8,114.8,25.788,356480.0,92368.0,295148.8,81688.0,4.0,0.0,51.0,10.0,0.0,890.0,0.0,5e-05,20000000.0,3564800.0,923680.0,2951488.0,816880.0,0.7420809992897415,0.7016817690722601
578,2892.0,3.0,306.2,93.4,212.8,23.884,230.4,69.2,161.2,25.784000000000002,91987.2,25464.0,171396.8,48548.8,2.0,0.0,51.0,10.0,0.0,3890.0,0.0,5e-05,20000000.0,919872.0,254640.0,1713968.0,485488.0,0.6949163143808587,0.6996542111001613
579,2897.0,3.0,300.4,89.6,210.8,24.330000000000002,231.6,70.6,161.0,25.456,88827.2,24345.6,172233.6,49048.0,2.0,0.0,51.0,10.0,0.0,3280.0,0.0,5e-05,20000000.0,888272.0,243456.0,1722336.0,490480.0,0.7017214572014657,0.6951961774182932
580,2902.0,3.0,320.0,80.0,240.0,26.552,285.8,79.2,206.6,27.0,95174.4,23793.6,232224.0,64520.0,2.0,0.0,51.0,10.0,0.0,50.0,0.0,5e-05,20000000.0,951744.0,237936.0,2322240.0,645200.0,0.75,0.7228547790134998
581,2907.0,3.0,260.4,77.0,183.4,24.462,91.4,28.8,62.6,22.381999999999998,709089.6,195454.4,281841.6,77489.6,7.0,0.0,51.0,10.0,0.0,2440.0,0.0,5e-05,20000000.0,7090896.0,1954544.0,2818416.0,774896.0,0.7043267994025614,0.6849614215571662
582,2912.0,3.0,313.2,80.0,233.2,26.634000000000004,283.6,83.2,200.4,26.25,98873.6,25329.6,219926.4,61305.6,2.0,0.0,51.0,10.0,0.0,640.0,0.0,5e-05,20000000.0,988736.0,253296.0,2199264.0,613056.0,0.7445581752377782,0.7066366013459051
583,2917.0,3.0,309.6,87.2,222.4,25.330000000000002,163.6,49.4,114.2,24.594,349353.6,93283.2,271704.0,71134.4,4.0,0.0,51.0,10.0,0.0,2230.0,0.0,5e-05,20000000.0,3493536.0,932832.0,2717040.0,711344.0,0.7182986784982246,0.6980576224613333
584,2922.0,3.0,285.6,77.6,208.0,26.528,88.6,23.4,65.2,27.0,895854.4,242409.6,381208.0,99350.4,7.0,0.0,51.0,10.0,0.0,410.0,0.0,5e-05,20000000.0,8958544.0,2424096.0,3812080.0,993504.0,0.7282840630615468,0.7358479118212155
585,2927.0,3.0,214.8,63.2,151.6,23.734,94.6,27.0,67.6,16.716,576348.8,164846.4,112096.0,30992.0,7.0,0.0,51.0,10.0,0.0,4090.0,0.0,5e-05,20000000.0,5763488.0,1648464.0,1120960.0,309920.0,0.7057117011285937,0.7145352743561031
586,2932.0,3.0,315.6,106.6,209.0,19.694,228.4,71.4,157.0,24.101999999999997,67184.0,18308.8,160459.2,45486.4,2.0,0.0,51.0,10.0,0.0,4610.0,0.0,5e-05,20000000.0,671840.0,183088.0,1604592.0,454864.0,0.6622275334387647,0.687480424171218
587,2937.0,3.0,307.4,94.8,212.6,18.994,150.8,46.2,104.6,20.573999999999998,249971.2,71348.8,177593.6,51390.4,4.0,0.0,51.0,10.0,0.0,4610.0,0.0,5e-05,20000000.0,2499712.0,713488.0,1775936.0,513904.0,0.6916569106652812,0.6936227146427673
588,2942.0,3.0,267.0,73.4,193.6,26.413999999999998,90.6,26.2,64.4,24.578,819280.0,224531.2,330750.4,91385.6,7.0,0.0,51.0,10.0,0.0,2450.0,0.0,5e-05,20000000.0,8192800.0,2245312.0,3307504.0,913856.0,0.725104562259945,0.7108177851445735
589,2947.0,3.0,151.0,43.2,107.8,20.744,38.0,12.0,26.0,19.81,525659.2,148425.6,215126.4,71937.6,14.0,0.0,51.0,10.0,0.0,3510.0,0.0,5e-05,20000000.0,5256592.0,1484256.0,2151264.0,719376.0,0.7137855955524133,0.6842105263157894
590,2952.0,3.0,320.0,80.0,240.0,26.642000000000003,284.4,78.4,206.0,27.0,96454.4,24113.6,232576.0,64134.4,2.0,0.0,51.0,10.0,0.0,820.0,0.0,5e-05,20000000.0,964544.0,241136.0,2325760.0,641344.0,0.75,0.7243153677094882
591,2957.0,3.0,229.0,65.0,164.0,23.442,90.6,27.6,63.0,17.782,605331.2,172001.6,204457.6,61035.2,7.0,0.0,51.0,10.0,0.0,3390.0,0.0,5e-05,20000000.0,6053312.0,1720016.0,2044576.0,610352.0,0.7161465498682597,0.6952880361928958
592,2962.0,3.0,298.0,87.4,210.6,25.309999999999995,246.0,76.0,170.0,24.75,92606.4,26132.8,178014.4,48932.8,2.0,0.0,51.0,10.0,0.0,2150.0,0.0,5e-05,20000000.0,926064.0,261328.0,1780144.0,489328.0,0.7066669800765794,0.6910789944639351
593,2967.0,3.0,251.2,70.0,181.2,24.074,90.8,25.4,65.4,20.887999999999998,640057.6,175899.2,233694.4,66516.8,7.0,0.0,51.0,10.0,0.0,3270.0,0.0,5e-05,20000000.0,6400576.0,1758992.0,2336944.0,665168.0,0.7213187705483641,0.7202007535131866
594,2972.0,3.0,155.8,43.0,112.8,22.126,35.4,10.0,25.4,22.120000000000005,660993.6,178451.2,253083.2,72286.4,14.0,0.0,51.0,10.0,0.0,2810.0,0.0,5e-05,20000000.0,6609936.0,1784512.0,2530832.0,722864.0,0.7240092051651278,0.7173745173745175
595,2977.0,3.0,313.2,87.6,225.6,25.844,274.0,79.0,195.0,25.758,90742.4,24027.2,207987.2,56644.8,2.0,0.0,51.0,10.0,0.0,3430.0,0.0,5e-05,20000000.0,907424.0,240272.0,2079872.0,566448.0,0.7203469027931678,0.7116851927714107
596,2982.0,3.0,310.8,80.0,230.8,26.435999999999996,161.6,46.8,114.8,26.012,364654.4,94156.8,292268.8,79561.6,4.0,0.0,51.0,10.0,0.0,640.0,0.0,5e-05,20000000.0,3646544.0,941568.0,2922688.0,795616.0,0.7425855454690637,0.7104767272525221
597,2987.0,3.0,304.8,88.4,216.4,23.677999999999997,159.2,51.4,107.8,23.144,316633.6,88174.4,241688.0,65902.4,4.0,0.0,51.0,10.0,0.0,3110.0,0.0,5e-05,20000000.0,3166336.0,881744.0,2416880.0,659024.0,0.7099647123388617,0.6771444956812596
598,2992.0,3.0,306.8,80.0,226.8,26.296,285.4,92.0,193.4,25.032,99507.2,26038.4,209107.2,58617.6,2.0,0.0,51.0,10.0,0.0,670.0,0.0,5e-05,20000000.0,995072.0,260384.0,2091072.0,586176.0,0.7392199607072869,0.6776374256000441
599,2997.0,3.0,150.2,40.2,110.0,19.244,37.6,11.0,26.6,17.458000000000002,494955.2,142827.2,195948.8,63723.2,14.0,0.0,51.0,10.0,0.0,3390.0,0.0,5e-05,20000000.0,4949552.0,1428272.0,1959488.0,637232.0,0.7324218714253032,0.7075391180654338
600,3002.0,3.0,157.8,43.0,114.8,26.558000000000003,37.0,10.0,27.0,27.0,977449.6,263692.8,371590.4,100656.0,14.0,0.0,51.0,10.0,0.0,450.0,0.0,5e-05,20000000.0,9774496.0,2636928.0,3715904.0,1006560.0,0.7275042328468919,0.7298640746009168
601,3007.0,3.0,298.0,84.2,213.8,25.47,161.6,51.8,109.8,23.854,355049.6,96644.8,258243.2,70492.8,4.0,0.0,51.0,10.0,0.0,1560.0,0.0,5e-05,20000000.0,3550496.0,966448.0,2582432.0,704928.0,0.7173601229710223,0.679389112386638
602,3012.0,3.0,255.8,74.2,181.6,25.096,89.4,29.0,60.4,21.934,713536.0,194833.6,272587.2,79443.2,7.0,0.0,51.0,10.0,0.0,1880.0,0.0,5e-05,20000000.0,7135360.0,1948336.0,2725872.0,794432.0,0.7099150266156503,0.6753138638836553
603,3017.0,3.0,320.0,80.0,240.0,26.552,166.6,45.6,121.0,27.0,384236.8,96059.2,303913.6,82160.0,4.0,0.0,51.0,10.0,0.0,70.0,0.0,5e-05,20000000.0,3842368.0,960592.0,3039136.0,821600.0,0.75,0.7262856387053775
604,3022.0,3.0,307.4,86.0,221.4,25.908000000000005,261.6,76.8,184.8,25.768,97059.2,26326.4,202254.4,54862.4,2.0,0.0,51.0,10.0,0.0,3300.0,0.0,5e-05,20000000.0,970592.0,263264.0,2022544.0,548624.0,0.720141121910328,0.7065372768091706
605,3027.0,3.0,284.0,83.6,200.4,20.966,165.0,52.6,112.4,17.076,279756.8,78267.2,136910.4,37550.4,4.0,0.0,51.0,10.0,0.0,4370.0,0.0,5e-05,20000000.0,2797568.0,782672.0,1369104.0,375504.0,0.7056068605061688,0.6812851974711569
606,3032.0,3.0,320.0,80.0,240.0,26.568,163.4,44.8,118.6,27.0,385401.6,96350.4,312489.6,86337.6,4.0,0.0,51.0,10.0,0.0,220.0,0.0,5e-05,20000000.0,3854016.0,963504.0,3124896.0,863376.0,0.75,0.7258185794970673
607,3037.0,3.0,281.6,81.8,199.8,22.222,165.2,49.4,115.8,17.934,330089.6,91948.8,156025.6,46371.2,4.0,0.0,51.0,10.0,0.0,4020.0,0.0,5e-05,20000000.0,3300896.0,919488.0,1560256.0,463712.0,0.7094736637864314,0.7009638554216868
608,3042.0,3.0,303.4,83.2,220.2,24.803999999999995,166.2,53.0,113.2,23.362000000000002,337638.4,90867.2,215339.2,63390.4,4.0,0.0,51.0,10.0,0.0,3060.0,0.0,5e-05,20000000.0,3376384.0,908672.0,2153392.0,633904.0,0.7256680767019505,0.6811111039099916
609,3047.0,3.0,300.4,107.2,193.2,20.798,214.6,77.8,136.8,21.895999999999997,74208.0,20356.8,144587.2,39732.8,2.0,0.0,51.0,10.0,0.0,2120.0,0.0,5e-05,20000000.0,742080.0,203568.0,1445872.0,397328.0,0.6431859653043206,0.6374516490176199
610,3052.0,3.0,291.8,88.0,203.8,22.381999999999998,166.0,54.4,111.6,19.854000000000003,309411.2,85580.8,163206.4,48976.0,4.0,0.0,51.0,10.0,0.0,3360.0,0.0,5e-05,20000000.0,3094112.0,855808.0,1632064.0,489760.0,0.6984975692628631,0.6724253363826996
611,3057.0,3.0,154.0,43.0,111.0,24.506,37.0,11.0,26.0,24.53,813804.8,217609.6,308846.4,108048.0,14.0,0.0,51.0,10.0,0.0,1610.0,0.0,5e-05,20000000.0,8138048.0,2176096.0,3088464.0,1080480.0,0.7207724299070549,0.7024577208787736
612,3062.0,3.0,277.4,81.4,196.0,25.27,91.0,26.6,64.4,24.64,794153.6,219318.4,306025.6,83574.4,7.0,0.0,51.0,10.0,0.0,1940.0,0.0,5e-05,20000000.0,7941536.0,2193184.0,3060256.0,835744.0,0.7065657615126295,0.7076455703431451
613,3067.0,3.0,271.6,77.4,194.2,21.862000000000002,92.0,27.4,64.6,21.124000000000002,591283.2,165484.8,232307.2,64596.8,7.0,0.0,51.0,10.0,0.0,2920.0,0.0,5e-05,20000000.0,5912832.0,1654848.0,2323072.0,645968.0,0.71499701753084,0.702297941378552
614,3072.0,3.0,272.4,77.4,195.0,25.8,90.0,26.2,63.8,25.068,808497.6,220662.4,324718.4,88787.2,7.0,0.0,51.0,10.0,0.0,560.0,0.0,5e-05,20000000.0,8084976.0,2206624.0,3247184.0,887872.0,0.7159156857402396,0.708913615831056
615,3077.0,3.0,320.0,80.0,240.0,26.556,166.8,44.8,122.0,27.0,384147.2,96036.8,306492.8,81070.4,4.0,0.0,51.0,10.0,0.0,1140.0,0.0,5e-05,20000000.0,3841472.0,960368.0,3064928.0,810704.0,0.75,0.7314023085436732
616,3082.0,3.0,149.8,41.2,108.6,20.472,37.4,10.2,27.2,19.086000000000002,510676.8,152516.8,204428.8,60201.6,14.0,0.0,51.0,10.0,0.0,3760.0,0.0,5e-05,20000000.0,5106768.0,1525168.0,2044288.0,602016.0,0.7251432578961904,0.7273115220483641
617,3087.0,3.0,152.2,41.4,110.8,16.156,37.6,10.4,27.2,15.282,398380.8,122441.6,155459.2,47929.6,14.0,0.0,51.0,10.0,0.0,3530.0,0.0,5e-05,20000000.0,3983808.0,1224416.0,1554592.0,479296.0,0.727937444914263,0.7234708392603129
618,3092.0,3.0,241.6,66.6,175.0,24.73,89.0,25.6,63.4,20.846,680582.4,184352.0,251438.4,68816.0,7.0,0.0,51.0,10.0,0.0,3030.0,0.0,5e-05,20000000.0,6805824.0,1843520.0,2514384.0,688160.0,0.7243810838118239,0.7123765123765124
619,3097.0,3.0,313.2,86.6,226.6,25.766000000000002,270.4,79.4,191.0,26.1,91835.2,24204.8,212182.4,58480.0,2.0,0.0,51.0,10.0,0.0,2280.0,0.0,5e-05,20000000.0,918352.0,242048.0,2121824.0,584800.0,0.7235353216139156,0.7063629716437742
620,3102.0,3.0,156.0,44.0,112.0,22.208,37.2,10.0,27.2,22.234,617291.2,186134.4,225758.4,64894.4,14.0,0.0,51.0,10.0,0.0,2170.0,0.0,5e-05,20000000.0,6172912.0,1861344.0,2257584.0,648944.0,0.71790652799054,0.7311522048364154
621,3107.0,3.0,156.8,45.8,111.0,25.575999999999997,37.2,10.8,26.4,25.848000000000003,918768.0,257953.6,348675.2,94392.0,14.0,0.0,51.0,10.0,0.0,390.0,0.0,5e-05,20000000.0,9187680.0,2579536.0,3486752.0,943920.0,0.7079018123566919,0.7094436541804963
622,3112.0,3.0,294.2,80.0,214.2,25.668,161.6,53.0,108.6,23.662,348305.6,95940.8,264804.8,73491.2,4.0,0.0,51.0,10.0,0.0,1930.0,0.0,5e-05,20000000.0,3483056.0,959408.0,2648048.0,734912.0,0.7280136751912136,0.6720343531937735
623,3117.0,3.0,309.6,80.0,229.6,26.444,164.2,47.4,116.8,25.971999999999998,358078.4,93081.6,285873.6,78009.6,4.0,0.0,51.0,10.0,0.0,920.0,0.0,5e-05,20000000.0,3580784.0,930816.0,2858736.0,780096.0,0.741598186826545,0.7113414543992412
624,3122.0,3.0,264.6,74.2,190.4,26.136000000000003,91.0,29.8,61.2,24.452,831027.2,229115.2,332608.0,92347.2,7.0,0.0,51.0,10.0,0.0,1370.0,0.0,5e-05,20000000.0,8310272.0,2291152.0,3326080.0,923472.0,0.7196582033838739,0.672672469374597
625,3127.0,3.0,155.4,42.2,113.2,20.806,37.8,11.0,26.8,20.726,556272.0,152881.6,181113.6,63984.0,14.0,0.0,51.0,10.0,0.0,2680.0,0.0,5e-05,20000000.0,5562720.0,1528816.0,1811136.0,639840.0,0.7283730944378555,0.7091038406827881
626,3132.0,3.0,144.6,39.6,105.0,21.548,37.4,11.0,26.4,19.497999999999998,651416.0,177425.6,195192.0,70526.4,14.0,0.0,51.0,10.0,0.0,2600.0,0.0,5e-05,20000000.0,6514160.0,1774256.0,1951920.0,705264.0,0.7263231823694776,0.7054528212422949
627,3137.0,3.0,147.2,41.2,106.0,18.645999999999997,37.8,11.2,26.6,16.736,454982.4,124302.4,151054.4,53387.2,14.0,0.0,51.0,10.0,0.0,4370.0,0.0,5e-05,20000000.0,4549824.0,1243024.0,1510544.0,533872.0,0.7199050174171555,0.703556187766714
628,3142.0,3.0,313.2,98.2,215.0,23.864,258.6,73.4,185.2,26.191999999999997,87606.4,25003.2,204145.6,54814.4,2.0,0.0,51.0,10.0,0.0,3820.0,0.0,5e-05,20000000.0,876064.0,250032.0,2041456.0,548144.0,0.6864484940040276,0.7162033193382925
629,3147.0,3.0,153.8,42.6,111.2,16.2,37.8,10.8,27.0,14.776000000000002,423729.6,120547.2,149172.8,52310.4,14.0,0.0,51.0,10.0,0.0,4460.0,0.0,5e-05,20000000.0,4237296.0,1205472.0,1491728.0,523104.0,0.7231431574960986,0.7143669985775248
630,3152.0,3.0,285.6,77.6,208.0,26.528,88.6,23.4,65.2,27.0,895854.4,242409.6,381208.0,99350.4,7.0,0.0,51.0,10.0,0.0,550.0,0.0,5e-05,20000000.0,8958544.0,2424096.0,3812080.0,993504.0,0.7282840630615468,0.7358479118212155
631,3157.0,3.0,301.0,81.4,219.6,25.413999999999998,273.0,85.2,187.8,23.982,101976.0,27291.2,182662.4,50328.0,2.0,0.0,51.0,10.0,0.0,3730.0,0.0,5e-05,20000000.0,1019760.0,272912.0,1826624.0,503280.0,0.729554943569427,0.687886907120195
632,3162.0,3.0,310.8,80.0,230.8,26.435999999999996,162.4,45.8,116.6,26.014,372756.8,96406.4,294331.2,79353.6,4.0,0.0,51.0,10.0,0.0,760.0,0.0,5e-05,20000000.0,3727568.0,964064.0,2943312.0,793536.0,0.7425855454690637,0.7179656138756344
633,3167.0,3.0,263.2,75.2,188.0,22.992,93.0,30.2,62.8,20.962,568792.0,153889.6,200323.2,62545.6,7.0,0.0,51.0,10.0,0.0,2710.0,0.0,5e-05,20000000.0,5687920.0,1538896.0,2003232.0,625456.0,0.7142918341102816,0.6753664302600473
634,3172.0,3.0,299.8,83.2,216.6,25.306000000000004,164.8,54.6,110.2,23.666,338380.8,92580.8,253467.2,68673.6,4.0,0.0,51.0,10.0,0.0,1190.0,0.0,5e-05,20000000.0,3383808.0,925808.0,2534672.0,686736.0,0.7224779162600945,0.6686658882407981
635,3177.0,3.0,154.4,41.6,112.8,22.064,37.6,10.4,27.2,21.851999999999997,594432.0,166876.8,159155.2,51489.6,14.0,0.0,51.0,10.0,0.0,4110.0,0.0,5e-05,20000000.0,5944320.0,1668768.0,1591552.0,514896.0,0.7305878699772965,0.7233285917496444
636,3182.0,3.0,298.4,91.6,206.8,20.1,157.6,46.8,110.8,18.524,286883.2,81627.2,155928.0,42366.4,4.0,0.0,51.0,10.0,0.0,4520.0,0.0,5e-05,20000000.0,2868832.0,816272.0,1559280.0,423664.0,0.693051332679558,0.7030748292282705
637,3187.0,3.0,320.0,80.0,240.0,26.552,166.6,45.6,121.0,27.0,384236.8,96059.2,303913.6,82160.0,4.0,0.0,51.0,10.0,0.0,490.0,0.0,5e-05,20000000.0,3842368.0,960592.0,3039136.0,821600.0,0.75,0.7262856387053775
638,3192.0,3.0,304.2,91.8,212.4,22.432000000000002,162.2,51.0,111.2,21.426000000000002,275251.2,76120.0,221254.4,65094.4,4.0,0.0,51.0,10.0,0.0,3460.0,0.0,5e-05,20000000.0,2752512.0,761200.0,2212544.0,650944.0,0.6982265800570595,0.6858289263011248
639,3197.0,3.0,320.0,80.0,240.0,26.556,166.8,44.8,122.0,27.0,384147.2,96036.8,306492.8,81070.4,4.0,0.0,51.0,10.0,0.0,940.0,0.0,5e-05,20000000.0,3841472.0,960368.0,3064928.0,810704.0,0.75,0.7314023085436732
640,3202.0,3.0,308.8,100.0,208.8,22.54,225.6,67.0,158.6,24.308,78844.8,23174.4,160664.0,45424.0,2.0,0.0,51.0,10.0,0.0,3650.0,0.0,5e-05,20000000.0,788448.0,231744.0,1606640.0,454240.0,0.6761342917127895,0.7035822440703023
641,3207.0,3.0,287.0,83.8,203.2,23.174,156.8,50.2,106.6,21.125999999999998,301560.0,88016.0,190662.4,55320.0,4.0,0.0,51.0,10.0,0.0,3880.0,0.0,5e-05,20000000.0,3015600.0,880160.0,1906624.0,553200.0,0.70809271184077,0.6797841542407141
642,3212.0,3.0,231.6,67.0,164.6,24.580000000000002,91.4,28.2,63.2,19.73,665163.2,191100.8,229395.2,65012.8,7.0,0.0,51.0,10.0,0.0,3890.0,0.0,5e-05,20000000.0,6651632.0,1911008.0,2293952.0,650128.0,0.7106471700480665,0.6916616547642283
643,3217.0,3.0,243.8,68.8,175.0,23.56,93.0,27.0,66.0,19.656,587518.4,167129.6,167444.8,48876.8,7.0,0.0,51.0,10.0,0.0,3360.0,0.0,5e-05,20000000.0,5875184.0,1671296.0,1674448.0,488768.0,0.7178508248641642,0.7096102585825992
644,3222.0,3.0,299.2,84.0,215.2,25.016,168.2,58.8,109.4,22.988,353648.0,97003.2,243176.0,68665.6,4.0,0.0,51.0,10.0,0.0,1010.0,0.0,5e-05,20000000.0,3536480.0,970032.0,2431760.0,686656.0,0.7192569276110372,0.6504035884275405
645,3227.0,3.0,296.6,86.8,209.8,22.218,162.8,55.0,107.8,19.996000000000002,307174.4,81491.2,199171.2,54747.2,4.0,0.0,51.0,10.0,0.0,3660.0,0.0,5e-05,20000000.0,3071744.0,814912.0,1991712.0,547472.0,0.7073480011748973,0.6621271312191513
646,3232.0,3.0,292.4,86.0,206.4,25.184,252.4,85.6,166.8,23.110000000000003,94384.0,26563.2,160374.4,47075.2,2.0,0.0,51.0,10.0,0.0,3350.0,0.0,5e-05,20000000.0,943840.0,265632.0,1603744.0,470752.0,0.7058852891890732,0.6609129505281293
647,3237.0,3.0,272.4,82.2,190.2,19.662,160.4,56.4,104.0,14.806000000000001,230728.0,62427.2,143360.0,42278.4,4.0,0.0,51.0,10.0,0.0,4240.0,0.0,5e-05,20000000.0,2307280.0,624272.0,1433600.0,422784.0,0.6981854186144485,0.6482642574816487
648,3242.0,3.0,310.4,80.0,230.4,26.422000000000004,164.0,47.4,116.6,25.98,367907.2,94660.8,292473.6,79473.6,4.0,0.0,51.0,10.0,0.0,780.0,0.0,5e-05,20000000.0,3679072.0,946608.0,2924736.0,794736.0,0.7422673996473395,0.7109975254553568
649,3247.0,3.0,158.4,42.8,115.6,25.538,37.0,11.2,25.8,25.872000000000003,899550.4,233097.6,356176.0,99257.6,14.0,0.0,51.0,10.0,0.0,860.0,0.0,5e-05,20000000.0,8995504.0,2330976.0,3561760.0,992576.0,0.7297739191978811,0.6975027659238184
650,3252.0,3.0,156.6,47.4,109.2,24.462,37.2,11.6,25.6,24.690000000000005,842310.4,229942.4,323790.4,86155.2,14.0,0.0,51.0,10.0,0.0,1160.0,0.0,5e-05,20000000.0,8423104.0,2299424.0,3237904.0,861552.0,0.6973370028074535,0.6878141299193931
651,3257.0,3.0,303.4,93.4,210.0,23.006,226.8,67.0,159.8,24.227999999999998,81985.6,23088.0,155987.2,43324.8,2.0,0.0,51.0,10.0,0.0,4980.0,0.0,5e-05,20000000.0,819856.0,230880.0,1559872.0,433248.0,0.6921413835054966,0.7045931224757296
652,3262.0,3.0,208.2,57.4,150.8,22.792,93.0,27.2,65.8,15.578,501619.2,132840.0,155649.6,45203.2,7.0,0.0,51.0,10.0,0.0,4780.0,0.0,5e-05,20000000.0,5016192.0,1328400.0,1556496.0,452032.0,0.7244368024376284,0.7075597067629535
653,3267.0,3.0,307.6,151.8,155.8,3.938,292.0,177.8,114.2,0.932,18723.2,6499.2,12216.0,5835.2,2.0,0.0,51.0,10.0,0.0,2000.0,0.0,5e-05,20000000.0,187232.0,64992.0,122160.0,58352.0,0.5063646759374667,0.3910919558406549
654,3272.0,3.0,157.8,44.4,113.4,24.439999999999998,37.2,10.4,26.8,24.674,730974.4,208862.4,302584.0,85393.6,14.0,0.0,51.0,10.0,0.0,2070.0,0.0,5e-05,20000000.0,7309744.0,2088624.0,3025840.0,853936.0,0.718682879142143,0.7202544649913072
655,3277.0,3.0,286.0,78.2,207.8,26.532,89.8,24.2,65.6,27.0,889212.8,242721.6,374979.2,100574.4,7.0,0.0,51.0,10.0,0.0,1140.0,0.0,5e-05,20000000.0,8892128.0,2427216.0,3749792.0,1005744.0,0.7265678043407942,0.7305099394987037
656,3282.0,3.0,157.4,45.4,112.0,25.564,37.2,11.2,26.0,25.836000000000002,931787.2,248921.6,357140.8,95923.2,14.0,0.0,51.0,10.0,0.0,420.0,0.0,5e-05,20000000.0,9317872.0,2489216.0,3571408.0,959232.0,0.7115512496957035,0.6986249407302039
657,3287.0,3.0,315.8,93.0,222.8,24.854000000000003,266.4,77.8,188.6,26.356,86102.4,23563.2,214844.8,59249.6,2.0,0.0,51.0,10.0,0.0,1290.0,0.0,5e-05,20000000.0,861024.0,235632.0,2148448.0,592496.0,0.7054724424661134,0.7080722755101089
658,3292.0,3.0,299.6,84.2,215.4,25.862000000000002,263.2,78.6,184.6,24.261999999999997,93513.6,25587.2,182704.0,51612.8,2.0,0.0,51.0,10.0,0.0,4230.0,0.0,5e-05,20000000.0,935136.0,255872.0,1827040.0,516128.0,0.7188675058048247,0.7013650769809903
659,3297.0,3.0,252.8,72.4,180.4,25.464,90.6,28.0,62.6,22.240000000000002,733307.2,199084.8,280424.0,78697.6,7.0,0.0,51.0,10.0,0.0,2960.0,0.0,5e-05,20000000.0,7333072.0,1990848.0,2804240.0,786976.0,0.7136210888900917,0.69081498211933
660,3302.0,3.0,302.8,80.0,222.8,26.177999999999997,161.8,51.4,110.4,24.64,374576.0,100881.6,288972.8,79076.8,4.0,0.0,51.0,10.0,0.0,1770.0,0.0,5e-05,20000000.0,3745760.0,1008816.0,2889728.0,790768.0,0.7357500473978853,0.6823382943270468
661,3307.0,3.0,306.6,88.0,218.6,23.93,237.8,73.6,164.2,24.076,88872.0,23542.4,169521.6,46667.2,2.0,0.0,51.0,10.0,0.0,3660.0,0.0,5e-05,20000000.0,888720.0,235424.0,1695216.0,466672.0,0.7129814078003306,0.6905091967565778
662,3312.0,3.0,157.0,43.2,113.8,24.526,37.0,10.0,27.0,24.394,778305.6,216267.2,297172.8,81545.6,14.0,0.0,51.0,10.0,0.0,2530.0,0.0,5e-05,20000000.0,7783056.0,2162672.0,2971728.0,815456.0,0.7247953909096212,0.7296507033349139
663,3317.0,3.0,259.2,74.8,184.4,24.584,89.8,26.4,63.4,22.558,717384.0,208355.2,279035.2,75344.0,7.0,0.0,51.0,10.0,0.0,3480.0,0.0,5e-05,20000000.0,7173840.0,2083552.0,2790352.0,753440.0,0.7114560123020895,0.7057612648315802
664,3322.0,3.0,299.0,90.2,208.8,24.26,160.4,52.2,108.2,23.091999999999995,332641.6,93260.8,247011.2,67612.8,4.0,0.0,51.0,10.0,0.0,1880.0,0.0,5e-05,20000000.0,3326416.0,932608.0,2470112.0,676128.0,0.698397192604501,0.6746446707957847
665,3327.0,3.0,147.4,42.2,105.2,21.974,37.2,10.8,26.4,20.054000000000002,678774.4,187561.6,238822.4,67728.0,14.0,0.0,51.0,10.0,0.0,3700.0,0.0,5e-05,20000000.0,6787744.0,1875616.0,2388224.0,677280.0,0.7135979622273966,0.7095859016911649
666,3332.0,3.0,285.0,83.8,201.2,21.002,164.8,52.4,112.4,17.083999999999996,297140.8,81774.4,131056.0,40164.8,4.0,0.0,51.0,10.0,0.0,4440.0,0.0,5e-05,20000000.0,2971408.0,817744.0,1310560.0,401648.0,0.7060166523815965,0.6820707006498317
667,3337.0,3.0,296.4,82.2,214.2,25.436,276.0,86.8,189.2,22.669999999999998,102750.4,28363.2,155460.8,43836.8,2.0,0.0,51.0,10.0,0.0,4690.0,0.0,5e-05,20000000.0,1027504.0,283632.0,1554608.0,438368.0,0.7226349590810869,0.6855323018645284
668,3342.0,3.0,153.8,42.6,111.2,18.958,36.8,11.0,25.8,18.396,430126.4,119017.6,226347.2,68001.6,14.0,0.0,51.0,10.0,0.0,4660.0,0.0,5e-05,20000000.0,4301264.0,1190176.0,2263472.0,680016.0,0.7230717702485927,0.7008697419223735
669,3347.0,3.0,302.8,80.0,222.8,26.094000000000005,163.0,50.6,112.4,24.936,360774.4,95468.8,275624.0,76004.8,4.0,0.0,51.0,10.0,0.0,1540.0,0.0,5e-05,20000000.0,3607744.0,954688.0,2756240.0,760048.0,0.7357597938782604,0.6895853675422485
670,3352.0,3.0,148.2,42.2,106.0,20.880000000000003,37.8,10.6,27.2,19.312,513644.8,163102.4,204155.2,62168.0,14.0,0.0,51.0,10.0,0.0,4340.0,0.0,5e-05,20000000.0,5136448.0,1631024.0,2041552.0,621680.0,0.715195578488242,0.7196301564722617
671,3357.0,3.0,311.2,80.0,231.2,26.320000000000004,166.0,47.8,118.2,25.839999999999996,370545.6,95868.8,282216.0,74516.8,4.0,0.0,51.0,10.0,0.0,1330.0,0.0,5e-05,20000000.0,3705456.0,958688.0,2822160.0,745168.0,0.7429248888604072,0.7120192093627719
672,3362.0,3.0,290.0,86.2,203.8,23.558,166.4,59.8,106.6,20.902,334617.6,94409.6,214182.4,62664.0,4.0,0.0,51.0,10.0,0.0,2370.0,0.0,5e-05,20000000.0,3346176.0,944096.0,2141824.0,626640.0,0.7027900532754707,0.6405720854312926
673,3367.0,3.0,307.0,80.0,227.0,26.308,282.0,91.0,191.0,24.754,97785.6,25600.0,206974.4,56614.4,2.0,0.0,51.0,10.0,0.0,680.0,0.0,5e-05,20000000.0,977856.0,256000.0,2069744.0,566144.0,0.7394014821609752,0.6773766463828867
674,3372.0,3.0,296.4,87.2,209.2,24.45,164.2,54.8,109.4,22.652,326936.0,92662.4,243905.6,68144.0,4.0,0.0,51.0,10.0,0.0,2100.0,0.0,5e-05,20000000.0,3269360.0,926624.0,2439056.0,681440.0,0.7058699393907668,0.6663115405186788
675,3377.0,3.0,308.0,80.0,228.0,26.022000000000002,283.6,90.4,193.2,25.1,101024.0,26328.0,208787.2,58520.0,2.0,0.0,51.0,10.0,0.0,1020.0,0.0,5e-05,20000000.0,1010240.0,263280.0,2087872.0,585200.0,0.7402389175210721,0.6812615450987142
676,3382.0,3.0,148.6,39.2,109.4,19.862000000000002,37.4,10.6,26.8,17.982,452300.8,125254.4,194600.0,64998.4,14.0,0.0,51.0,10.0,0.0,4630.0,0.0,5e-05,20000000.0,4523008.0,1252544.0,1946000.0,649984.0,0.7361480923065202,0.7165718349928876
677,3387.0,3.0,271.8,77.0,194.8,25.722,90.4,24.2,66.2,24.676,807910.4,224595.2,298700.8,81544.0,7.0,0.0,51.0,10.0,0.0,2820.0,0.0,5e-05,20000000.0,8079104.0,2245952.0,2987008.0,815440.0,0.7167080594378167,0.732315224544293
678,3392.0,3.0,155.8,47.6,108.2,21.906,36.8,11.4,25.4,22.03,745625.6,202739.2,278486.4,76640.0,14.0,0.0,51.0,10.0,0.0,3160.0,0.0,5e-05,20000000.0,7456256.0,2027392.0,2784864.0,766400.0,0.6944627347175117,0.6900031610557926
679,3397.0,3.0,243.6,68.0,175.6,24.792,91.2,28.8,62.4,21.466,658654.4,189182.4,251038.4,73662.4,7.0,0.0,51.0,10.0,0.0,3920.0,0.0,5e-05,20000000.0,6586544.0,1891824.0,2510384.0,736624.0,0.7208791687295147,0.6841938737590911
680,3402.0,3.0,305.4,89.8,215.6,18.758,158.6,45.6,113.0,17.818,198846.4,53160.0,165302.4,44872.0,4.0,0.0,51.0,10.0,0.0,4990.0,0.0,5e-05,20000000.0,1988464.0,531600.0,1653024.0,448720.0,0.7058665657337917,0.7119568416277248
681,3407.0,3.0,290.6,84.8,205.8,23.822000000000003,167.0,56.2,110.8,20.904000000000003,328139.2,91769.6,200352.0,55649.6,4.0,0.0,51.0,10.0,0.0,2730.0,0.0,5e-05,20000000.0,3281392.0,917696.0,2003520.0,556496.0,0.7081159502981171,0.6635234725354485
682,3412.0,3.0,155.8,45.0,110.8,22.498,37.2,10.2,27.0,21.988,671628.8,184398.4,238508.8,71084.8,14.0,0.0,51.0,10.0,0.0,1760.0,0.0,5e-05,20000000.0,6716288.0,1843984.0,2385088.0,710848.0,0.7111632173989342,0.7258890469416786
683,3417.0,3.0,158.8,43.4,115.4,26.568,36.8,10.0,26.8,27.0,989721.6,265996.8,368243.2,99206.4,14.0,0.0,51.0,10.0,0.0,940.0,0.0,5e-05,20000000.0,9897216.0,2659968.0,3682432.0,992064.0,0.7266973170925881,0.7280634017476123
684,3422.0,3.0,158.0,50.6,107.4,23.375999999999998,37.6,10.8,26.8,23.522,770483.2,217204.8,271060.8,80396.8,14.0,0.0,51.0,10.0,0.0,1250.0,0.0,5e-05,20000000.0,7704832.0,2172048.0,2710608.0,803968.0,0.6797633637023301,0.7128022759601708
685,3427.0,3.0,147.2,38.0,109.2,19.854,37.0,11.0,26.0,17.994000000000003,455009.6,120307.2,196745.6,62652.8,14.0,0.0,51.0,10.0,0.0,4510.0,0.0,5e-05,20000000.0,4550096.0,1203072.0,1967456.0,626528.0,0.7418490214352284,0.7023786944839576
686,3432.0,3.0,158.0,43.2,114.8,22.062,35.8,10.2,25.6,21.972,589827.2,174571.2,280452.8,86196.8,14.0,0.0,51.0,10.0,0.0,3210.0,0.0,5e-05,20000000.0,5898272.0,1745712.0,2804528.0,861968.0,0.7265961976522313,0.7145766376726129
687,3437.0,3.0,157.6,48.6,109.0,24.35,36.8,11.0,25.8,24.657999999999998,827176.0,235950.4,321891.2,87579.2,14.0,0.0,51.0,10.0,0.0,910.0,0.0,5e-05,20000000.0,8271760.0,2359504.0,3218912.0,875792.0,0.6916190528681572,0.7011786222312539
688,3442.0,3.0,310.8,80.0,230.8,26.366000000000003,165.8,47.6,118.2,25.971999999999998,348544.0,90150.4,284416.0,76756.8,4.0,0.0,51.0,10.0,0.0,1430.0,0.0,5e-05,20000000.0,3485440.0,901504.0,2844160.0,767568.0,0.7425961135973895,0.7129345495707755
689,3447.0,3.0,273.4,77.0,196.4,26.318,89.0,26.6,62.4,25.482000000000003,873195.2,242467.2,352483.2,96532.8,7.0,0.0,51.0,10.0,0.0,340.0,0.0,5e-05,20000000.0,8731952.0,2424672.0,3524832.0,965328.0,0.7183538127187763,0.7011656043814122
690,3452.0,3.0,145.2,44.2,101.0,17.077999999999996,38.0,11.6,26.4,15.754,483980.8,146382.4,129222.4,42412.8,14.0,0.0,51.0,10.0,0.0,4930.0,0.0,5e-05,20000000.0,4839808.0,1463824.0,1292224.0,424128.0,0.6955653853577743,0.6947368421052632
691,3457.0,3.0,306.4,80.0,226.4,26.568,275.4,82.0,193.4,25.735999999999997,98227.2,25819.2,208606.4,57692.8,2.0,0.0,51.0,10.0,0.0,2560.0,0.0,5e-05,20000000.0,982272.0,258192.0,2086064.0,576928.0,0.7388446123841225,0.7023148646084205
692,3462.0,3.0,281.0,89.8,191.2,19.256,162.0,54.2,107.8,14.954000000000002,252425.6,73406.4,141585.6,40241.6,4.0,0.0,51.0,10.0,0.0,4300.0,0.0,5e-05,20000000.0,2524256.0,734064.0,1415856.0,402416.0,0.6804651998734068,0.6653332403792527
693,3467.0,3.0,258.2,75.6,182.6,24.772000000000002,92.6,31.0,61.6,22.482,710070.4,197123.2,283366.4,78526.4,7.0,0.0,51.0,10.0,0.0,1200.0,0.0,5e-05,20000000.0,7100704.0,1971232.0,2833664.0,785264.0,0.7071996209898337,0.6652915220406179
694,3472.0,3.0,200.0,57.0,143.0,23.651999999999997,91.0,27.6,63.4,15.406,562113.6,152027.2,164920.0,47939.2,7.0,0.0,51.0,10.0,0.0,4790.0,0.0,5e-05,20000000.0,5621136.0,1520272.0,1649200.0,479392.0,0.715037380461677,0.6964024627854416
695,3477.0,3.0,264.6,79.4,185.2,25.43,91.6,29.4,62.2,23.782000000000004,763876.8,217964.8,306136.0,85960.0,7.0,0.0,51.0,10.0,0.0,1310.0,0.0,5e-05,20000000.0,7638768.0,2179648.0,3061360.0,859600.0,0.6998882827405214,0.6788706134034534
696,3482.0,3.0,153.4,41.0,112.4,20.195999999999998,38.0,11.0,27.0,19.240000000000002,517222.4,138116.8,162662.4,55852.8,14.0,0.0,51.0,10.0,0.0,3680.0,0.0,5e-05,20000000.0,5172224.0,1381168.0,1626624.0,558528.0,0.7326639459294526,0.7105263157894738
697,3487.0,3.0,295.2,80.0,215.2,25.414000000000005,164.6,53.2,111.4,23.172000000000004,360604.8,100062.4,233641.6,62972.8,4.0,0.0,51.0,10.0,0.0,2350.0,0.0,5e-05,20000000.0,3606048.0,1000624.0,2336416.0,629728.0,0.7289580309334935,0.6767830589830786
698,3492.0,3.0,157.0,43.2,113.8,26.604000000000003,37.4,10.0,27.4,27.0,1021816.0,281784.0,369212.8,99020.8,14.0,0.0,51.0,10.0,0.0,190.0,0.0,5e-05,20000000.0,10218160.0,2817840.0,3692128.0,990208.0,0.7248266009942477,0.732574679943101
699,3497.0,3.0,299.6,82.6,217.0,25.270000000000003,163.8,51.4,112.4,23.778,356136.0,98035.2,248784.0,67070.4,4.0,0.0,51.0,10.0,0.0,1320.0,0.0,5e-05,20000000.0,3561360.0,980352.0,2487840.0,670704.0,0.7242727207329841,0.6860923357141357
700,3502.0,3.0,155.6,44.8,110.8,21.008000000000003,38.0,11.4,26.6,20.628,660966.4,181876.8,245499.2,72049.6,14.0,0.0,51.0,10.0,0.0,3310.0,0.0,5e-05,20000000.0,6609664.0,1818768.0,2454992.0,720496.0,0.7121469655173688,0.7
701,3507.0,3.0,157.8,47.2,110.6,22.222,35.8,10.6,25.2,22.484,692476.8,197988.8,276006.4,73622.4,14.0,0.0,51.0,10.0,0.0,2990.0,0.0,5e-05,20000000.0,6924768.0,1979888.0,2760064.0,736224.0,0.700856365766027,0.7037579242223206
702,3512.0,3.0,310.4,84.8,225.6,25.477999999999998,163.0,49.0,114.0,24.808,353052.8,94081.6,286182.4,76579.2,4.0,0.0,51.0,10.0,0.0,1920.0,0.0,5e-05,20000000.0,3530528.0,940816.0,2861824.0,765792.0,0.7267511993439306,0.69935900793057
703,3517.0,3.0,300.6,94.4,206.2,23.402,159.6,58.4,101.2,22.162,344846.4,94819.2,240038.4,67971.2,4.0,0.0,51.0,10.0,0.0,1500.0,0.0,5e-05,20000000.0,3448464.0,948192.0,2400384.0,679712.0,0.6859897863237536,0.634086930267326
704,3522.0,3.0,289.6,87.0,202.6,21.712,155.2,50.8,104.4,19.410000000000004,295259.2,80283.2,186676.8,55824.0,4.0,0.0,51.0,10.0,0.0,4250.0,0.0,5e-05,20000000.0,2952592.0,802832.0,1866768.0,558240.0,0.6996648566980385,0.6727243738238553
705,3527.0,3.0,234.8,64.8,170.0,18.967999999999996,93.2,26.2,67.0,13.838,405033.6,113182.4,71752.0,25358.4,7.0,0.0,51.0,10.0,0.0,5000.0,0.0,5e-05,20000000.0,4050336.0,1131824.0,717520.0,253584.0,0.7239789873450873,0.718907721842579
706,3532.0,3.0,314.0,106.6,207.4,23.256,250.4,72.6,177.8,25.946000000000005,81947.2,22801.6,195592.0,52625.6,2.0,0.0,51.0,10.0,0.0,2610.0,0.0,5e-05,20000000.0,819472.0,228016.0,1955920.0,526256.0,0.6604774386095147,0.7101011660167766
707,3537.0,3.0,298.0,96.2,201.8,21.952,221.8,75.2,146.6,21.766000000000002,75622.4,20692.8,139436.8,40046.4,2.0,0.0,51.0,10.0,0.0,3530.0,0.0,5e-05,20000000.0,756224.0,206928.0,1394368.0,400464.0,0.6774861063797758,0.6610566658848505
708,3542.0,3.0,313.2,80.0,233.2,26.544,280.0,81.2,198.8,26.409999999999997,95404.8,24427.2,222980.8,62059.2,2.0,0.0,51.0,10.0,0.0,280.0,0.0,5e-05,20000000.0,954048.0,244272.0,2229808.0,620592.0,0.7445686217668881,0.7099990789352492
709,3547.0,3.0,267.8,75.6,192.2,26.074,89.6,26.8,62.8,24.644,815537.6,225851.2,317238.4,88120.0,7.0,0.0,51.0,10.0,0.0,1960.0,0.0,5e-05,20000000.0,8155376.0,2258512.0,3172384.0,881200.0,0.7176971221021905,0.7008324907313785
710,3552.0,3.0,265.2,72.4,192.8,26.318,88.2,27.0,61.2,24.938,816435.2,220944.0,334377.6,96852.8,7.0,0.0,51.0,10.0,0.0,2280.0,0.0,5e-05,20000000.0,8164352.0,2209440.0,3343776.0,968528.0,0.727024071118058,0.694000754236843
711,3557.0,3.0,300.6,94.6,206.0,21.990000000000002,159.8,53.4,106.4,20.314,336713.6,94696.0,221187.2,63702.4,4.0,0.0,51.0,10.0,0.0,2950.0,0.0,5e-05,20000000.0,3367136.0,946960.0,2211872.0,637024.0,0.6852279393270126,0.6659429081718646
712,3562.0,3.0,289.6,95.0,194.6,20.258,165.4,59.6,105.8,17.094,242372.8,67371.2,180113.6,50987.2,4.0,0.0,51.0,10.0,0.0,3170.0,0.0,5e-05,20000000.0,2423728.0,673712.0,1801136.0,509872.0,0.6721004095065528,0.6396336649282173
713,3567.0,3.0,154.8,44.8,110.0,19.806,37.2,11.2,26.0,19.586000000000002,586049.6,168776.0,216505.6,67840.0,14.0,0.0,51.0,10.0,0.0,3860.0,0.0,5e-05,20000000.0,5860496.0,1687760.0,2165056.0,678400.0,0.7104532376682923,0.6989173383910225
714,3572.0,3.0,147.8,40.6,107.2,18.204,38.0,11.2,26.8,16.262,377881.6,108417.6,119220.8,35080.0,14.0,0.0,51.0,10.0,0.0,4680.0,0.0,5e-05,20000000.0,3778816.0,1084176.0,1192208.0,350800.0,0.7251784706107186,0.7052631578947368
715,3577.0,3.0,301.6,98.2,203.4,22.822000000000003,157.8,51.2,106.6,22.355999999999998,302804.8,87832.0,230398.4,64555.2,4.0,0.0,51.0,10.0,0.0,2310.0,0.0,5e-05,20000000.0,3028048.0,878320.0,2303984.0,645552.0,0.6745060153582656,0.676031896189275
716,3582.0,3.0,265.8,75.4,190.4,24.064,91.2,29.4,61.8,22.158,676800.0,182475.2,286896.0,81044.8,7.0,0.0,51.0,10.0,0.0,2420.0,0.0,5e-05,20000000.0,6768000.0,1824752.0,2868960.0,810448.0,0.716299275778866,0.6776487763444285
717,3587.0,3.0,316.2,100.6,215.6,22.722,249.2,77.2,172.0,24.74,75451.2,20465.6,180859.2,50403.2,2.0,0.0,51.0,10.0,0.0,3460.0,0.0,5e-05,20000000.0,754512.0,204656.0,1808592.0,504032.0,0.6817896128099802,0.6902594794663235
718,3592.0,3.0,320.0,80.0,240.0,26.552,285.8,79.2,206.6,27.0,95174.4,23793.6,232224.0,64520.0,2.0,0.0,51.0,10.0,0.0,470.0,0.0,5e-05,20000000.0,951744.0,237936.0,2322240.0,645200.0,0.75,0.7228547790134998
719,3597.0,3.0,303.2,80.0,223.2,26.119999999999997,265.8,78.6,187.2,25.686,99891.2,26692.8,200734.4,53492.8,2.0,0.0,51.0,10.0,0.0,2760.0,0.0,5e-05,20000000.0,998912.0,266928.0,2007344.0,534928.0,0.7360333548688551,0.7043721748919863
720,3602.0,3.0,301.2,95.2,206.0,21.61,153.0,47.8,105.2,21.64,270075.2,75155.2,211569.6,57635.2,4.0,0.0,51.0,10.0,0.0,3520.0,0.0,5e-05,20000000.0,2700752.0,751552.0,2115696.0,576352.0,0.6839522087074303,0.6874912428533982
721,3607.0,3.0,139.8,38.6,101.2,18.282000000000004,37.2,11.4,25.8,15.152000000000001,521384.0,157142.4,161400.0,44420.8,14.0,0.0,51.0,10.0,0.0,4840.0,0.0,5e-05,20000000.0,5213840.0,1571424.0,1614000.0,444208.0,0.7239053702745325,0.6935988620199146
722,3612.0,3.0,156.0,49.2,106.8,24.325999999999997,37.2,12.2,25.0,24.407999999999998,861780.8,237691.2,329609.6,94022.4,14.0,0.0,51.0,10.0,0.0,680.0,0.0,5e-05,20000000.0,8617808.0,2376912.0,3296096.0,940224.0,0.6846138541976697,0.6718268644584434
723,3617.0,3.0,156.0,45.2,110.8,24.674,37.6,11.4,26.2,24.706,844916.8,233628.8,322064.0,90859.2,14.0,0.0,51.0,10.0,0.0,1770.0,0.0,5e-05,20000000.0,8449168.0,2336288.0,3220640.0,908592.0,0.7103838417700301,0.6967283072546231
724,3622.0,3.0,156.8,44.4,112.4,25.492,36.6,10.2,26.4,25.815999999999995,907344.0,246112.0,348076.8,91329.6,14.0,0.0,51.0,10.0,0.0,1070.0,0.0,5e-05,20000000.0,9073440.0,2461120.0,3480768.0,913296.0,0.7168023976424267,0.7212987423513739
725,3627.0,3.0,306.4,133.4,173.0,4.434,297.6,139.0,158.6,1.0459999999999998,18768.0,6072.0,10675.2,4393.6,2.0,0.0,51.0,10.0,0.0,4000.0,0.0,5e-05,20000000.0,187680.0,60720.0,106752.0,43936.0,0.56468520479128,0.5329869596825285
726,3632.0,3.0,157.4,45.0,112.4,25.482,37.4,10.8,26.6,25.848000000000003,968308.8,257494.4,343713.6,91723.2,14.0,0.0,51.0,10.0,0.0,1790.0,0.0,5e-05,20000000.0,9683088.0,2574944.0,3437136.0,917232.0,0.7140992561191462,0.7113798008534851
727,3637.0,3.0,313.2,80.0,233.2,26.548000000000002,281.4,81.6,199.8,26.377999999999997,99776.0,25529.6,222905.6,62305.6,2.0,0.0,51.0,10.0,0.0,920.0,0.0,5e-05,20000000.0,997760.0,255296.0,2229056.0,623056.0,0.7445377920862135,0.7100414286802884
728,3642.0,3.0,158.6,43.2,115.4,26.526,36.8,10.0,26.8,27.0,936529.6,256747.2,369900.8,100696.0,14.0,0.0,51.0,10.0,0.0,110.0,0.0,5e-05,20000000.0,9365296.0,2567472.0,3699008.0,1006960.0,0.7276208104450282,0.7279843753527964
729,3647.0,3.0,158.8,43.4,115.4,26.568,36.8,10.0,26.8,27.0,989721.6,265996.8,368243.2,99206.4,14.0,0.0,51.0,10.0,0.0,90.0,0.0,5e-05,20000000.0,9897216.0,2659968.0,3682432.0,992064.0,0.7266973170925881,0.7280634017476123
730,3652.0,3.0,285.6,77.6,208.0,26.528,88.6,23.4,65.2,27.0,895854.4,242409.6,381208.0,99350.4,7.0,0.0,51.0,10.0,0.0,50.0,0.0,5e-05,20000000.0,8958544.0,2424096.0,3812080.0,993504.0,0.7282840630615468,0.7358479118212155
731,3657.0,3.0,157.4,48.0,109.4,24.554,37.0,11.8,25.2,24.689999999999998,877385.6,241083.2,341771.2,94958.4,14.0,0.0,51.0,10.0,0.0,710.0,0.0,5e-05,20000000.0,8773856.0,2410832.0,3417712.0,949584.0,0.6950851427590926,0.6811284969179706
732,3662.0,3.0,214.4,61.4,153.0,24.048000000000002,91.2,28.0,63.2,17.184,574860.8,156998.4,184446.4,60489.6,7.0,0.0,51.0,10.0,0.0,4150.0,0.0,5e-05,20000000.0,5748608.0,1569984.0,1844464.0,604896.0,0.7135401652680065,0.6929866528405697
733,3667.0,3.0,301.0,84.0,217.0,25.974,262.0,82.6,179.4,24.62,95483.2,25793.6,187164.8,51646.4,2.0,0.0,51.0,10.0,0.0,1810.0,0.0,5e-05,20000000.0,954832.0,257936.0,1871648.0,516464.0,0.7209115850635621,0.6848832210956618
734,3672.0,3.0,308.2,100.2,208.0,23.118000000000002,245.2,76.4,168.8,23.534,77172.8,22742.4,169955.2,47667.2,2.0,0.0,51.0,10.0,0.0,3470.0,0.0,5e-05,20000000.0,771728.0,227424.0,1699552.0,476672.0,0.674913178799995,0.6885408731756002
735,3677.0,3.0,310.4,93.2,217.2,23.056,235.2,71.8,163.4,24.824,91505.6,24174.4,169412.8,47657.6,2.0,0.0,51.0,10.0,0.0,3630.0,0.0,5e-05,20000000.0,915056.0,241744.0,1694128.0,476576.0,0.6996739635760256,0.6947239110812395
736,3682.0,3.0,310.8,98.8,212.0,22.608,227.4,68.4,159.0,25.741999999999997,78392.0,21169.6,173787.2,49931.2,2.0,0.0,51.0,10.0,0.0,4190.0,0.0,5e-05,20000000.0,783920.0,211696.0,1737872.0,499312.0,0.6821201312582895,0.6990706766428925
737,3687.0,3.0,310.6,86.0,224.6,25.404000000000003,162.4,49.4,113.0,24.849999999999998,382454.4,100868.8,278635.2,77380.8,4.0,0.0,51.0,10.0,0.0,1890.0,0.0,5e-05,20000000.0,3824544.0,1008688.0,2786352.0,773808.0,0.7230416124649934,0.6957749011815462
738,3692.0,3.0,216.2,58.8,157.4,24.958,92.8,27.6,65.2,18.353999999999996,601219.2,159268.8,192216.0,57876.8,7.0,0.0,51.0,10.0,0.0,4540.0,0.0,5e-05,20000000.0,6012192.0,1592688.0,1922160.0,578768.0,0.728087126777077,0.7025623233831693
739,3697.0,3.0,157.2,47.6,109.6,24.554,37.4,11.6,25.8,24.750000000000004,846113.6,234998.4,302646.4,88224.0,14.0,0.0,51.0,10.0,0.0,1480.0,0.0,5e-05,20000000.0,8461136.0,2349984.0,3026464.0,882240.0,0.6972054941215629,0.6900426742532006
740,3702.0,3.0,151.0,44.0,107.0,15.610000000000003,36.8,10.2,26.6,14.204000000000002,360273.6,112673.6,106224.0,36740.8,14.0,0.0,51.0,10.0,0.0,3420.0,0.0,5e-05,20000000.0,3602736.0,1126736.0,1062240.0,367408.0,0.7085046087586231,0.7226579963422068
741,3707.0,3.0,254.2,69.4,184.8,22.776000000000003,90.4,25.2,65.2,19.802,616452.8,164363.2,199416.0,53505.6,7.0,0.0,51.0,10.0,0.0,4820.0,0.0,5e-05,20000000.0,6164528.0,1643632.0,1994160.0,535056.0,0.7270031868123146,0.7212664775222464
742,3712.0,3.0,258.6,76.4,182.2,23.142000000000003,90.6,27.8,62.8,20.946,640028.8,180905.6,241635.2,65452.8,7.0,0.0,51.0,10.0,0.0,3220.0,0.0,5e-05,20000000.0,6400288.0,1809056.0,2416352.0,654528.0,0.7045512438721029,0.6931524020678882
743,3717.0,3.0,278.8,75.4,203.4,26.153999999999996,90.4,26.0,64.4,25.814,861595.2,225304.0,355924.8,92867.2,7.0,0.0,51.0,10.0,0.0,3990.0,0.0,5e-05,20000000.0,8615952.0,2253040.0,3559248.0,928672.0,0.7295733219674546,0.7122765021983389
744,3722.0,3.0,152.2,42.4,109.8,18.798000000000002,37.6,11.2,26.4,18.118000000000002,546478.4,156588.8,163204.8,60672.0,14.0,0.0,51.0,10.0,0.0,2360.0,0.0,5e-05,20000000.0,5464784.0,1565888.0,1632048.0,606720.0,0.7214982735808807,0.70199146514936
745,3727.0,3.0,235.4,66.4,169.0,24.42,93.2,29.0,64.2,19.668,642428.8,183203.2,196820.8,56513.6,7.0,0.0,51.0,10.0,0.0,3630.0,0.0,5e-05,20000000.0,6424288.0,1832032.0,1968208.0,565136.0,0.7179744863772978,0.6886514766404952
746,3732.0,3.0,286.0,78.2,207.8,26.532,89.8,24.2,65.6,27.0,889212.8,242721.6,374979.2,100574.4,7.0,0.0,51.0,10.0,0.0,70.0,0.0,5e-05,20000000.0,8892128.0,2427216.0,3749792.0,1005744.0,0.7265678043407942,0.7305099394987037
747,3737.0,3.0,157.6,43.2,114.4,26.636000000000003,36.8,9.8,27.0,27.0,984196.8,267452.8,370937.6,98356.8,14.0,0.0,51.0,10.0,0.0,20.0,0.0,5e-05,20000000.0,9841968.0,2674528.0,3709376.0,983568.0,0.7258969604128033,0.7339971550497866
748,3742.0,3.0,320.0,102.4,217.6,24.192,263.2,72.4,190.8,26.818,84992.0,23348.8,211876.8,56878.4,2.0,0.0,51.0,10.0,0.0,1970.0,0.0,5e-05,20000000.0,849920.0,233488.0,2118768.0,568784.0,0.68,0.7250633688058276
749,3747.0,3.0,307.8,80.0,227.8,26.592000000000002,273.4,81.8,191.6,25.603999999999996,94374.4,24787.2,211601.6,55686.4,2.0,0.0,51.0,10.0,0.0,1740.0,0.0,5e-05,20000000.0,943744.0,247872.0,2116016.0,556864.0,0.7400486029310327,0.7008421250475643
750,3752.0,3.0,305.6,92.6,213.0,22.137999999999998,261.4,92.8,168.6,19.56,83750.4,23212.8,130483.2,38401.6,2.0,0.0,51.0,10.0,0.0,4400.0,0.0,5e-05,20000000.0,837504.0,232128.0,1304832.0,384016.0,0.6968025395122169,0.6449813125141995
751,3757.0,3.0,286.0,78.2,207.8,26.532,89.8,24.2,65.6,27.0,889212.8,242721.6,374979.2,100574.4,7.0,0.0,51.0,10.0,0.0,90.0,0.0,5e-05,20000000.0,8892128.0,2427216.0,3749792.0,1005744.0,0.7265678043407942,0.7305099394987037
752,3762.0,3.0,272.8,74.2,198.6,22.086,90.6,25.4,65.2,20.601999999999997,564782.4,154553.6,241036.8,71774.4,7.0,0.0,51.0,10.0,0.0,4590.0,0.0,5e-05,20000000.0,5647824.0,1545536.0,2410368.0,717744.0,0.7279727655349444,0.7196560975798885
753,3767.0,3.0,305.0,85.4,219.6,24.204,164.6,45.0,119.6,24.020000000000003,284380.8,77747.2,212059.2,57371.2,4.0,0.0,51.0,10.0,0.0,4860.0,0.0,5e-05,20000000.0,2843808.0,777472.0,2120592.0,573712.0,0.719968085782141,0.726601797982164
754,3772.0,3.0,320.0,94.0,226.0,25.206,163.4,47.8,115.6,25.776,346233.6,91588.8,299928.0,80123.2,4.0,0.0,51.0,10.0,0.0,1070.0,0.0,5e-05,20000000.0,3462336.0,915888.0,2999280.0,801232.0,0.70625,0.7074610604691906
755,3777.0,3.0,293.0,80.0,213.0,25.863999999999997,165.0,56.6,108.4,23.118,374804.8,103745.6,251651.2,70275.2,4.0,0.0,51.0,10.0,0.0,2050.0,0.0,5e-05,20000000.0,3748048.0,1037456.0,2516512.0,702752.0,0.7269009209665539,0.6569047878802656
756,3782.0,3.0,156.4,46.0,110.4,23.448,37.6,11.4,26.2,23.018,701769.6,189705.6,260590.4,72668.8,14.0,0.0,51.0,10.0,0.0,1010.0,0.0,5e-05,20000000.0,7017696.0,1897056.0,2605904.0,726688.0,0.7058617031939564,0.6967283072546231
757,3787.0,3.0,309.8,80.0,229.8,26.436,164.0,46.2,117.8,25.988,388524.8,100315.2,288924.8,77268.8,4.0,0.0,51.0,10.0,0.0,1490.0,0.0,5e-05,20000000.0,3885248.0,1003152.0,2889248.0,772688.0,0.7417566247822529,0.71835340422577
758,3792.0,3.0,243.0,70.2,172.8,23.785999999999998,89.8,31.0,58.8,19.688,630336.0,175972.8,257377.6,72916.8,7.0,0.0,51.0,10.0,0.0,2240.0,0.0,5e-05,20000000.0,6303360.0,1759728.0,2573776.0,729168.0,0.7109851317124829,0.6544421648257964
759,3797.0,3.0,157.4,46.4,111.0,25.511999999999997,36.2,10.2,26.0,25.818,924507.2,256619.2,343513.6,94352.0,14.0,0.0,51.0,10.0,0.0,280.0,0.0,5e-05,20000000.0,9245072.0,2566192.0,3435136.0,943520.0,0.7052722416272859,0.7180676917519022
760,3802.0,3.0,307.8,80.0,227.8,26.526,266.6,77.8,188.8,26.254,95244.8,25044.8,214456.0,58187.2,2.0,0.0,51.0,10.0,0.0,1220.0,0.0,5e-05,20000000.0,952448.0,250448.0,2144560.0,581872.0,0.740020277854074,0.7081630805727581
761,3807.0,3.0,304.4,90.2,214.2,24.954,267.4,80.8,186.6,24.464,92940.8,26009.6,175870.4,47344.0,2.0,0.0,51.0,10.0,0.0,2030.0,0.0,5e-05,20000000.0,929408.0,260096.0,1758704.0,473440.0,0.7037574941514858,0.697836799428519
762,3812.0,3.0,270.0,75.2,194.8,25.984,91.0,27.4,63.6,24.586,806747.2,220382.4,311420.8,85110.4,7.0,0.0,51.0,10.0,0.0,960.0,0.0,5e-05,20000000.0,8067472.0,2203824.0,3114208.0,851104.0,0.7214820082347863,0.6990675406874566
763,3817.0,3.0,298.2,93.4,204.8,22.1,164.8,54.2,110.6,19.476000000000006,298859.2,84694.4,175257.6,47526.4,4.0,0.0,51.0,10.0,0.0,3070.0,0.0,5e-05,20000000.0,2988592.0,846944.0,1752576.0,475264.0,0.6867312735116533,0.6711267303069334
764,3822.0,3.0,284.0,82.4,201.6,25.615999999999996,91.6,28.0,63.6,25.828000000000003,863132.8,235201.6,353345.6,99113.6,7.0,0.0,51.0,10.0,0.0,730.0,0.0,5e-05,20000000.0,8631328.0,2352016.0,3533456.0,991136.0,0.7098569196794371,0.6943090211954168
765,3827.0,3.0,320.0,96.0,224.0,25.294,277.2,76.8,200.4,27.0,91616.0,24497.6,226236.8,62604.8,2.0,0.0,51.0,10.0,0.0,850.0,0.0,5e-05,20000000.0,916160.0,244976.0,2262368.0,626048.0,0.7,0.7229350180505415
766,3832.0,3.0,275.4,76.0,199.4,26.588000000000005,89.8,25.2,64.6,25.802000000000003,883587.2,244889.6,344540.8,94059.2,7.0,0.0,51.0,10.0,0.0,1850.0,0.0,5e-05,20000000.0,8835872.0,2448896.0,3445408.0,940592.0,0.7240258239953381,0.7193686490088289
767,3837.0,3.0,306.0,96.0,210.0,22.941999999999997,235.8,76.2,159.6,23.016000000000002,85249.6,23742.4,160985.6,45008.0,2.0,0.0,51.0,10.0,0.0,4540.0,0.0,5e-05,20000000.0,852496.0,237424.0,1609856.0,450080.0,0.6863196773195771,0.6768778329026713
768,3842.0,3.0,320.0,91.4,228.6,25.216,165.6,47.6,118.0,25.8,341249.6,89664.0,288998.4,77128.0,4.0,0.0,51.0,10.0,0.0,1030.0,0.0,5e-05,20000000.0,3412496.0,896640.0,2889984.0,771280.0,0.7143749999999999,0.7125709562815039
769,3847.0,3.0,300.2,91.4,208.8,21.508000000000003,263.0,103.6,159.4,17.752000000000002,86256.0,23572.8,127614.4,36480.0,2.0,0.0,51.0,10.0,0.0,4670.0,0.0,5e-05,20000000.0,862560.0,235728.0,1276144.0,364800.0,0.695568939741858,0.6060099149513204
770,3852.0,3.0,301.0,92.6,208.4,23.854000000000003,258.6,85.0,173.6,22.756,88209.6,24710.4,150078.4,42067.2,2.0,0.0,51.0,10.0,0.0,3360.0,0.0,5e-05,20000000.0,882096.0,247104.0,1500784.0,420672.0,0.692371327436146,0.6712539791818761
771,3857.0,3.0,230.2,63.2,167.0,22.266,90.0,29.8,60.2,17.094,553672.0,148782.4,199849.6,61307.2,7.0,0.0,51.0,10.0,0.0,3200.0,0.0,5e-05,20000000.0,5536720.0,1487824.0,1998496.0,613072.0,0.7255697036372881,0.6683624940964557
772,3862.0,3.0,155.0,42.6,112.4,22.024,36.4,10.2,26.2,21.306,657208.0,184952.0,222800.0,67507.2,14.0,0.0,51.0,10.0,0.0,2720.0,0.0,5e-05,20000000.0,6572080.0,1849520.0,2228000.0,675072.0,0.7251729673244771,0.7197114407640723
773,3867.0,3.0,160.2,63.2,97.0,8.288,91.2,51.2,40.0,1.058,155992.0,43963.2,18822.4,8750.4,7.0,0.0,51.0,10.0,0.0,2000.0,0.0,5e-05,20000000.0,1559920.0,439632.0,188224.0,87504.0,0.6066394405870145,0.43870878346412956
774,3872.0,3.0,313.2,86.0,227.2,26.028000000000002,270.4,78.8,191.6,26.131999999999998,96820.8,25438.4,208355.2,57960.0,2.0,0.0,51.0,10.0,0.0,1960.0,0.0,5e-05,20000000.0,968208.0,254384.0,2083552.0,579600.0,0.7253475560445091,0.7086772563939535
775,3877.0,3.0,313.2,85.0,228.2,26.052,265.6,77.4,188.2,26.332,92419.2,24166.4,213312.0,58958.4,2.0,0.0,51.0,10.0,0.0,710.0,0.0,5e-05,20000000.0,924192.0,241664.0,2133120.0,589584.0,0.7285651370682877,0.7086785719472111
776,3882.0,3.0,279.8,79.0,200.8,25.986,91.6,24.8,66.8,25.946000000000005,854105.6,237096.0,334278.4,91028.8,7.0,0.0,51.0,10.0,0.0,1650.0,0.0,5e-05,20000000.0,8541056.0,2370960.0,3342784.0,910288.0,0.7176938033740294,0.7293190289951373
777,3887.0,3.0,150.8,41.0,109.8,19.016,37.8,10.4,27.4,17.875999999999998,506849.6,151774.4,184593.6,64414.4,14.0,0.0,51.0,10.0,0.0,3130.0,0.0,5e-05,20000000.0,5068496.0,1517744.0,1845936.0,644144.0,0.7280572965453556,0.7248933143669986
778,3892.0,3.0,296.6,90.4,206.2,23.512,160.0,55.4,104.6,21.254,324107.2,90648.0,240065.6,67857.6,4.0,0.0,51.0,10.0,0.0,1750.0,0.0,5e-05,20000000.0,3241072.0,906480.0,2400656.0,678576.0,0.6951412225286894,0.6538571468520638
779,3897.0,3.0,154.6,43.2,111.4,20.913999999999998,37.8,10.6,27.2,20.712,564177.6,158507.2,202747.2,56305.6,14.0,0.0,51.0,10.0,0.0,2040.0,0.0,5e-05,20000000.0,5641776.0,1585072.0,2027472.0,563056.0,0.7206892579730738,0.7196301564722617
780,3902.0,3.0,152.0,44.8,107.2,19.272,37.0,10.8,26.2,18.932000000000002,500289.6,145235.2,228934.4,60617.6,14.0,0.0,51.0,10.0,0.0,4160.0,0.0,5e-05,20000000.0,5002896.0,1452352.0,2289344.0,606176.0,0.7052431835431949,0.7080844001896633
781,3907.0,3.0,311.8,80.0,231.8,26.07,166.4,50.0,116.4,25.538,350622.4,89963.2,287000.0,78113.6,4.0,0.0,51.0,10.0,0.0,1350.0,0.0,5e-05,20000000.0,3506224.0,899632.0,2870000.0,781136.0,0.7434195812235938,0.6995415504514815
782,3912.0,3.0,157.6,46.8,110.8,21.02,37.6,11.0,26.6,21.142000000000003,578577.6,170006.4,254772.8,70265.6,14.0,0.0,51.0,10.0,0.0,2160.0,0.0,5e-05,20000000.0,5785776.0,1700064.0,2547728.0,702656.0,0.7029977102235945,0.7073968705547653
783,3917.0,3.0,306.4,83.6,222.8,25.689999999999998,281.0,89.4,191.6,24.29,97710.4,26110.4,189363.2,51771.2,2.0,0.0,51.0,10.0,0.0,3690.0,0.0,5e-05,20000000.0,977104.0,261104.0,1893632.0,517712.0,0.7271573582801025,0.6818592701804327
784,3922.0,3.0,277.0,78.6,198.4,26.242,88.6,26.6,62.0,25.904000000000003,862777.6,237758.4,368496.0,99252.8,7.0,0.0,51.0,10.0,0.0,510.0,0.0,5e-05,20000000.0,8627776.0,2377584.0,3684960.0,992528.0,0.7162521727443208,0.6997974688159752
785,3927.0,3.0,264.8,73.8,191.0,25.002000000000002,86.6,25.2,61.4,23.908,793971.2,208936.0,331116.8,86500.8,7.0,0.0,51.0,10.0,0.0,2580.0,0.0,5e-05,20000000.0,7939712.0,2089360.0,3311168.0,865008.0,0.7213380194756036,0.7088643315368288
786,3932.0,3.0,294.6,88.2,206.4,19.734,163.8,51.4,112.4,17.035999999999998,259881.6,72699.2,133083.2,36440.0,4.0,0.0,51.0,10.0,0.0,4730.0,0.0,5e-05,20000000.0,2598816.0,726992.0,1330832.0,364400.0,0.7007524719062501,0.6861720180170072
787,3937.0,3.0,157.6,43.0,114.6,24.488000000000003,37.8,11.0,26.8,24.462000000000003,766712.0,206539.2,295566.4,82849.6,14.0,0.0,51.0,10.0,0.0,1690.0,0.0,5e-05,20000000.0,7667120.0,2065392.0,2955664.0,828496.0,0.7271415541154755,0.7091038406827881
788,3942.0,3.0,157.6,43.2,114.4,26.636000000000003,36.8,9.8,27.0,27.0,984196.8,267452.8,370937.6,98356.8,14.0,0.0,51.0,10.0,0.0,570.0,0.0,5e-05,20000000.0,9841968.0,2674528.0,3709376.0,983568.0,0.7258969604128033,0.7339971550497866
789,3947.0,3.0,310.4,80.0,230.4,26.363999999999997,164.8,48.4,116.4,25.888000000000005,372859.2,96670.4,299387.2,80736.0,4.0,0.0,51.0,10.0,0.0,950.0,0.0,5e-05,20000000.0,3728592.0,966704.0,2993872.0,807360.0,0.7422652616536343,0.7063510492705716
790,3952.0,3.0,236.2,64.8,171.4,22.382,92.6,27.4,65.2,18.107999999999997,548275.2,157328.0,178592.0,54859.2,7.0,0.0,51.0,10.0,0.0,4760.0,0.0,5e-05,20000000.0,5482752.0,1573280.0,1785920.0,548592.0,0.7256577820179824,0.7041007849216309
791,3957.0,3.0,158.6,43.2,115.4,26.526,36.8,10.0,26.8,27.0,936529.6,256747.2,369900.8,100696.0,14.0,0.0,51.0,10.0,0.0,130.0,0.0,5e-05,20000000.0,9365296.0,2567472.0,3699008.0,1006960.0,0.7276208104450282,0.7279843753527964
792,3962.0,3.0,155.8,47.4,108.4,22.227999999999998,37.8,11.6,26.2,22.306,665006.4,197112.0,258803.2,75779.2,14.0,0.0,51.0,10.0,0.0,2320.0,0.0,5e-05,20000000.0,6650064.0,1971120.0,2588032.0,757792.0,0.6957765801077903,0.6931721194879089
793,3967.0,3.0,159.0,47.6,111.4,25.528,36.6,10.8,25.8,25.833999999999996,917665.6,251864.0,353654.4,94816.0,14.0,0.0,51.0,10.0,0.0,480.0,0.0,5e-05,20000000.0,9176656.0,2518640.0,3536544.0,948160.0,0.70062893081761,0.7052412562938878
794,3972.0,3.0,156.0,43.4,112.6,25.482000000000003,37.0,10.4,26.6,25.831999999999994,901336.0,244630.4,320131.2,93256.0,14.0,0.0,51.0,10.0,0.0,1150.0,0.0,5e-05,20000000.0,9013360.0,2446304.0,3201312.0,932560.0,0.721817435410889,0.7185395922238028
795,3977.0,3.0,287.4,85.0,202.4,22.666000000000004,164.0,54.2,109.8,20.122,313489.6,89334.4,156918.4,45870.4,4.0,0.0,51.0,10.0,0.0,4100.0,0.0,5e-05,20000000.0,3134896.0,893344.0,1569184.0,458704.0,0.7042350624107698,0.6692579487869084
796,3982.0,3.0,312.2,94.4,217.8,22.082,229.4,70.0,159.4,23.934,81044.8,22995.2,158292.8,43374.4,2.0,0.0,51.0,10.0,0.0,4970.0,0.0,5e-05,20000000.0,810448.0,229952.0,1582928.0,433744.0,0.697672590608156,0.6948177813298712
797,3987.0,3.0,320.0,88.6,231.4,25.236,163.8,46.8,117.0,25.822000000000003,318368.0,82715.2,284888.0,76531.2,4.0,0.0,51.0,10.0,0.0,2570.0,0.0,5e-05,20000000.0,3183680.0,827152.0,2848880.0,765312.0,0.723125,0.7142876402429248
798,3992.0,3.0,233.6,65.6,168.0,25.592,90.6,31.6,59.0,20.818,695220.8,194467.2,261259.2,71012.8,7.0,0.0,51.0,10.0,0.0,2380.0,0.0,5e-05,20000000.0,6952208.0,1944672.0,2612592.0,710128.0,0.7191257308797356,0.6511253849553801
799,3997.0,3.0,157.0,44.0,113.0,25.696000000000005,37.2,11.6,25.6,25.836000000000002,877670.4,244627.2,364752.0,103768.0,14.0,0.0,51.0,10.0,0.0,1180.0,0.0,5e-05,20000000.0,8776704.0,2446272.0,3647520.0,1037680.0,0.7197143142142799,0.6882487750908803
800,4002.0,3.0,301.0,92.6,208.4,20.62,164.8,53.8,111.0,18.79,277115.2,76238.4,185398.4,51468.8,4.0,0.0,51.0,10.0,0.0,4180.0,0.0,5e-05,20000000.0,2771152.0,762384.0,1853984.0,514688.0,0.6923935060441062,0.6735254103765861
801,4007.0,3.0,156.6,43.6,113.0,23.326,37.4,10.2,27.2,23.589999999999996,737494.4,211790.4,273689.6,76344.0,14.0,0.0,51.0,10.0,0.0,3300.0,0.0,5e-05,20000000.0,7374944.0,2117904.0,2736896.0,763440.0,0.7215460247788672,0.7273115220483641
802,4012.0,3.0,112.2,35.8,76.4,5.422,37.6,10.2,27.4,1.026,158643.2,50532.8,15433.6,4236.8,14.0,0.0,51.0,10.0,0.0,2000.0,0.0,5e-05,20000000.0,1586432.0,505328.0,154336.0,42368.0,0.6807941580341571,0.7287339971550498
803,4017.0,3.0,303.0,80.0,223.0,26.151999999999997,162.0,49.6,112.4,25.065999999999995,371731.2,101030.4,276660.8,75742.4,4.0,0.0,51.0,10.0,0.0,1480.0,0.0,5e-05,20000000.0,3717312.0,1010304.0,2766608.0,757424.0,0.7359632664664284,0.693878897818444
804,4022.0,3.0,152.2,42.2,110.0,19.125999999999998,37.8,11.0,26.8,18.308,438398.4,127598.4,183993.6,53654.4,14.0,0.0,51.0,10.0,0.0,4760.0,0.0,5e-05,20000000.0,4383984.0,1275984.0,1839936.0,536544.0,0.7226500581675563,0.7089615931721195
805,4027.0,3.0,256.2,76.4,179.8,22.544,90.4,27.2,63.2,19.756,566198.4,156523.2,225035.2,66800.0,7.0,0.0,51.0,10.0,0.0,3280.0,0.0,5e-05,20000000.0,5661984.0,1565232.0,2250352.0,668000.0,0.7017688416052528,0.6990805449232416
806,4032.0,3.0,300.8,91.4,209.4,23.669999999999998,230.2,75.4,154.8,23.714,85900.8,23609.6,160452.8,45220.8,2.0,0.0,51.0,10.0,0.0,3240.0,0.0,5e-05,20000000.0,859008.0,236096.0,1604528.0,452208.0,0.69595430945926,0.6724370749177602
807,4037.0,3.0,232.2,63.6,168.6,21.918,90.6,24.6,66.0,17.354,509092.8,144057.6,145020.8,42251.2,7.0,0.0,51.0,10.0,0.0,4810.0,0.0,5e-05,20000000.0,5090928.0,1440576.0,1450208.0,422512.0,0.7261643233012818,0.7284618201356606
808,4042.0,3.0,284.8,78.4,206.4,26.588,89.8,24.6,65.2,27.0,913520.0,251073.6,370404.8,99083.2,7.0,0.0,51.0,10.0,0.0,1470.0,0.0,5e-05,20000000.0,9135200.0,2510736.0,3704048.0,990832.0,0.7247231221953239,0.7260493048719722
809,4047.0,3.0,158.0,43.6,114.4,23.351999999999997,37.8,10.4,27.4,23.437999999999995,680761.6,194731.2,274321.6,81774.4,14.0,0.0,51.0,10.0,0.0,1930.0,0.0,5e-05,20000000.0,6807616.0,1947312.0,2743216.0,817744.0,0.7240622957420019,0.7248933143669987
810,4052.0,3.0,302.0,86.2,215.8,25.052,242.8,73.4,169.4,25.522,100171.2,27324.8,185187.2,51073.6,2.0,0.0,51.0,10.0,0.0,2620.0,0.0,5e-05,20000000.0,1001712.0,273248.0,1851872.0,510736.0,0.7145941866422133,0.6977776960586606
811,4057.0,3.0,297.6,91.6,206.0,23.004,162.4,56.4,106.0,21.47,315969.6,88174.4,227232.0,62273.6,4.0,0.0,51.0,10.0,0.0,2180.0,0.0,5e-05,20000000.0,3159696.0,881744.0,2272320.0,622736.0,0.692286751142172,0.6527450293365106
812,4062.0,3.0,243.2,67.2,176.0,20.7,91.6,25.6,66.0,17.542,476409.6,134980.8,176518.4,49840.0,7.0,0.0,51.0,10.0,0.0,4650.0,0.0,5e-05,20000000.0,4764096.0,1349808.0,1765184.0,498400.0,0.723745358396586,0.7204453143864082
813,4067.0,3.0,297.4,94.6,202.8,21.984,160.4,52.8,107.6,20.25,255715.2,75798.4,219454.4,63608.0,4.0,0.0,51.0,10.0,0.0,3470.0,0.0,5e-05,20000000.0,2557152.0,757984.0,2194544.0,636080.0,0.6819210270546733,0.6707617103614204
814,4072.0,3.0,268.2,76.4,191.8,26.024,90.0,29.2,60.8,24.672,810739.2,226307.2,342512.0,93796.8,7.0,0.0,51.0,10.0,0.0,1160.0,0.0,5e-05,20000000.0,8107392.0,2263072.0,3425120.0,937968.0,0.7151434234397234,0.6752596124676213
815,4077.0,3.0,156.4,47.8,108.6,23.48,36.8,11.8,25.0,23.216,787768.0,219745.6,295555.2,84192.0,14.0,0.0,51.0,10.0,0.0,2410.0,0.0,5e-05,20000000.0,7877680.0,2197456.0,2955552.0,841920.0,0.694376886725356,0.6790422000948316
816,4082.0,3.0,138.8,38.4,100.4,13.581999999999999,37.8,11.0,26.8,10.952000000000002,276307.2,82016.0,108136.0,46888.0,14.0,0.0,51.0,10.0,0.0,3410.0,0.0,5e-05,20000000.0,2763072.0,820160.0,1081360.0,468880.0,0.7232794644575388,0.7091038406827881
817,4087.0,3.0,280.0,80.0,200.0,26.042,89.2,26.6,62.6,25.768,866689.6,236782.4,359142.4,100256.0,7.0,0.0,51.0,10.0,0.0,300.0,0.0,5e-05,20000000.0,8666896.0,2367824.0,3591424.0,1002560.0,0.7142678380990884,0.7016297329498858
818,4092.0,3.0,284.4,78.6,205.8,26.618000000000002,90.4,24.4,66.0,27.0,907372.8,248774.4,379040.0,103052.8,7.0,0.0,51.0,10.0,0.0,10.0,0.0,5e-05,20000000.0,9073728.0,2487744.0,3790400.0,1030528.0,0.7236268716851655,0.7301058459534278
819,4097.0,3.0,157.6,43.2,114.4,26.636000000000003,36.8,9.8,27.0,27.0,984196.8,267452.8,370937.6,98356.8,14.0,0.0,51.0,10.0,0.0,740.0,0.0,5e-05,20000000.0,9841968.0,2674528.0,3709376.0,983568.0,0.7258969604128033,0.7339971550497866
820,4102.0,3.0,158.0,46.0,112.0,24.494,37.6,11.2,26.4,24.704,829996.8,217348.8,309432.0,85272.0,14.0,0.0,51.0,10.0,0.0,830.0,0.0,5e-05,20000000.0,8299968.0,2173488.0,3094320.0,852720.0,0.7088642583428537,0.7021337126600284
821,4107.0,3.0,320.0,94.0,226.0,25.206,273.2,76.0,197.2,26.98,88451.2,23507.2,222267.2,62241.6,2.0,0.0,51.0,10.0,0.0,1050.0,0.0,5e-05,20000000.0,884512.0,235072.0,2222672.0,622416.0,0.70625,0.7217775378749067
822,4112.0,3.0,267.2,83.8,183.4,17.133999999999997,168.4,58.6,109.8,11.059999999999999,212985.6,60974.4,89072.0,29259.2,4.0,0.0,51.0,10.0,0.0,4010.0,0.0,5e-05,20000000.0,2129856.0,609744.0,890720.0,292592.0,0.6864650748382944,0.6520263366658359
823,4117.0,3.0,156.2,45.2,111.0,24.428000000000004,37.4,10.0,27.4,24.558,839577.6,235224.0,308033.6,82860.8,14.0,0.0,51.0,10.0,0.0,1410.0,0.0,5e-05,20000000.0,8395776.0,2352240.0,3080336.0,828608.0,0.7106341239405756,0.732574679943101
824,4122.0,3.0,320.0,80.0,240.0,26.552,285.8,79.2,206.6,27.0,95174.4,23793.6,232224.0,64520.0,2.0,0.0,51.0,10.0,0.0,330.0,0.0,5e-05,20000000.0,951744.0,237936.0,2322240.0,645200.0,0.75,0.7228547790134998
825,4127.0,3.0,285.0,78.4,206.6,26.52,89.0,24.4,64.6,27.0,901912.0,246884.8,386076.8,104480.0,7.0,0.0,51.0,10.0,0.0,110.0,0.0,5e-05,20000000.0,9019120.0,2468848.0,3860768.0,1044800.0,0.724908029932845,0.725914315569488
826,4132.0,3.0,309.2,80.0,229.2,26.088,268.2,77.8,190.4,26.377999999999997,102073.6,26478.4,213795.2,58721.6,2.0,0.0,51.0,10.0,0.0,310.0,0.0,5e-05,20000000.0,1020736.0,264784.0,2137952.0,587216.0,0.7412554344578488,0.7099715691976319
827,4137.0,3.0,151.8,40.8,111.0,23.419999999999998,37.2,10.6,26.6,23.375999999999998,721352.0,195022.4,244222.4,73960.0,14.0,0.0,51.0,10.0,0.0,2690.0,0.0,5e-05,20000000.0,7213520.0,1950224.0,2442224.0,739600.0,0.7312370891139098,0.7150782361308677
828,4142.0,3.0,306.4,80.0,226.4,26.610000000000003,274.6,82.6,192.0,25.784,96281.6,25297.6,207708.8,58145.6,2.0,0.0,51.0,10.0,0.0,1950.0,0.0,5e-05,20000000.0,962816.0,252976.0,2077088.0,581456.0,0.7388240472009775,0.6992789997836084
829,4147.0,3.0,308.4,86.6,221.8,25.332,258.6,74.2,184.4,26.113999999999997,99756.8,26651.2,201452.8,53286.4,2.0,0.0,51.0,10.0,0.0,1390.0,0.0,5e-05,20000000.0,997568.0,266512.0,2014528.0,532864.0,0.7191092211017702,0.7130475312948394
830,4152.0,3.0,316.2,89.2,227.0,25.18,265.0,73.6,191.4,26.796000000000003,92649.6,24424.0,214553.6,58366.4,2.0,0.0,51.0,10.0,0.0,2140.0,0.0,5e-05,20000000.0,926496.0,244240.0,2145536.0,583664.0,0.7179026740512746,0.7223059146836592
831,4157.0,3.0,313.6,94.0,219.6,24.092000000000002,255.0,76.2,178.8,25.316,97160.0,25830.4,192652.8,51448.0,2.0,0.0,51.0,10.0,0.0,3160.0,0.0,5e-05,20000000.0,971600.0,258304.0,1926528.0,514480.0,0.7002627850259359,0.7012634696947391
832,4162.0,3.0,301.4,91.6,209.8,22.904,161.8,57.0,104.8,21.55,330190.4,91020.8,239107.2,66344.0,4.0,0.0,51.0,10.0,0.0,2510.0,0.0,5e-05,20000000.0,3301904.0,910208.0,2391072.0,663440.0,0.6960856662717128,0.6477359064724368
833,4167.0,3.0,155.6,43.0,112.6,25.706,37.6,10.0,27.6,25.851999999999997,904532.8,254348.8,314971.2,86664.0,14.0,0.0,51.0,10.0,0.0,1590.0,0.0,5e-05,20000000.0,9045328.0,2543488.0,3149712.0,866640.0,0.723615483637964,0.7339971550497866
834,4172.0,3.0,229.4,67.6,161.8,23.674,91.4,28.2,63.2,18.131999999999998,595638.4,176222.4,181720.0,58995.2,7.0,0.0,51.0,10.0,0.0,3020.0,0.0,5e-05,20000000.0,5956384.0,1762224.0,1817200.0,589952.0,0.705344147264319,0.6913123108775282
835,4177.0,3.0,295.4,90.4,205.0,22.072,257.6,90.2,167.4,18.205999999999996,83886.4,22104.0,124049.6,34912.0,2.0,0.0,51.0,10.0,0.0,4030.0,0.0,5e-05,20000000.0,838864.0,221040.0,1240496.0,349120.0,0.6939838263999469,0.6498258617661101
836,4182.0,3.0,320.0,80.0,240.0,26.607999999999997,284.8,77.8,207.0,27.0,95974.4,23993.6,232419.2,63035.2,2.0,0.0,51.0,10.0,0.0,150.0,0.0,5e-05,20000000.0,959744.0,239936.0,2324192.0,630352.0,0.75,0.7268188905247828
837,4187.0,3.0,154.8,43.2,111.6,25.594,36.6,10.2,26.4,25.838,872699.2,238436.8,332502.4,92083.2,14.0,0.0,51.0,10.0,0.0,770.0,0.0,5e-05,20000000.0,8726992.0,2384368.0,3325024.0,920832.0,0.720945720945721,0.7213845424371741
838,4192.0,3.0,308.8,95.6,213.2,24.324,241.2,71.0,170.2,25.754,97177.6,26860.8,183436.8,50286.4,2.0,0.0,51.0,10.0,0.0,500.0,0.0,5e-05,20000000.0,971776.0,268608.0,1834368.0,502864.0,0.6901967832478897,0.7058160285306367
839,4197.0,3.0,314.6,80.0,234.6,26.634000000000004,275.2,78.4,196.8,26.688,94131.2,24113.6,222814.4,61982.4,2.0,0.0,51.0,10.0,0.0,580.0,0.0,5e-05,20000000.0,941312.0,241136.0,2228144.0,619824.0,0.7456979516028424,0.7150887835100042
840,4202.0,3.0,320.0,80.0,240.0,26.642000000000003,163.2,45.0,118.2,27.0,389612.8,97403.2,309608.0,86675.2,4.0,0.0,51.0,10.0,0.0,660.0,0.0,5e-05,20000000.0,3896128.0,974032.0,3096080.0,866752.0,0.75,0.7242589913970032
841,4207.0,3.0,302.8,97.0,205.8,20.28,235.8,83.6,152.2,19.738,67300.8,19472.0,136118.4,39350.4,2.0,0.0,51.0,10.0,0.0,4840.0,0.0,5e-05,20000000.0,673008.0,194720.0,1361184.0,393504.0,0.6796846134745393,0.6452985920118947
842,4212.0,3.0,290.0,87.8,202.2,22.764,166.2,57.0,109.2,19.374000000000002,318107.2,90204.8,171276.8,46939.2,4.0,0.0,51.0,10.0,0.0,3080.0,0.0,5e-05,20000000.0,3181072.0,902048.0,1712768.0,469392.0,0.6971908161296547,0.6570275856269722
843,4217.0,3.0,154.0,42.4,111.6,22.486,37.6,11.0,26.6,22.158,600625.6,169196.8,250256.0,74144.0,14.0,0.0,51.0,10.0,0.0,2130.0,0.0,5e-05,20000000.0,6006256.0,1691968.0,2502560.0,741440.0,0.7246511126926618,0.7075391180654338
844,4222.0,3.0,156.0,43.8,112.2,25.564,37.6,10.0,27.6,25.848000000000003,913968.0,258683.2,322462.4,88304.0,14.0,0.0,51.0,10.0,0.0,1730.0,0.0,5e-05,20000000.0,9139680.0,2586832.0,3224624.0,883040.0,0.7192214969469951,0.7339971550497866
845,4227.0,3.0,307.8,80.0,227.8,26.591999999999995,276.0,82.8,193.2,25.404,97235.2,25555.2,210272.0,55460.8,2.0,0.0,51.0,10.0,0.0,1480.0,0.0,5e-05,20000000.0,972352.0,255552.0,2102720.0,554608.0,0.7400839461523679,0.6999732742438707
846,4232.0,3.0,296.0,80.0,216.0,25.528,163.2,52.6,110.6,23.848,363915.2,100238.4,253577.6,69592.0,4.0,0.0,51.0,10.0,0.0,2760.0,0.0,5e-05,20000000.0,3639152.0,1002384.0,2535776.0,695920.0,0.7296622790137699,0.6777033149640143
847,4237.0,3.0,249.8,74.6,175.2,24.214,89.8,26.4,63.4,20.648,665268.8,190347.2,235716.8,64070.4,7.0,0.0,51.0,10.0,0.0,2730.0,0.0,5e-05,20000000.0,6652688.0,1903472.0,2357168.0,640704.0,0.7013843197696616,0.7061291801315048
848,4242.0,3.0,157.0,42.2,114.8,24.536,37.0,9.8,27.2,24.662,724936.0,197377.6,280350.4,74763.2,14.0,0.0,51.0,10.0,0.0,2140.0,0.0,5e-05,20000000.0,7249360.0,1973776.0,2803504.0,747632.0,0.7312524321298826,0.7351100326332525
849,4247.0,3.0,310.4,80.0,230.4,26.270000000000003,167.0,47.8,119.2,25.880000000000003,364363.2,94448.0,276961.6,74001.6,4.0,0.0,51.0,10.0,0.0,1210.0,0.0,5e-05,20000000.0,3643632.0,944480.0,2769616.0,740016.0,0.7422438777240642,0.713754204497101
850,4252.0,3.0,158.0,48.2,109.8,25.466,37.0,11.0,26.0,25.839999999999996,941291.2,262052.8,354868.8,94368.0,14.0,0.0,51.0,10.0,0.0,290.0,0.0,5e-05,20000000.0,9412912.0,2620528.0,3548688.0,943680.0,0.6949570364138925,0.7028212422949265
851,4257.0,3.0,308.2,92.8,215.4,24.214,239.2,69.8,169.4,25.895999999999997,90163.2,24459.2,180507.2,49726.4,2.0,0.0,51.0,10.0,0.0,2500.0,0.0,5e-05,20000000.0,901632.0,244592.0,1805072.0,497264.0,0.6987967028438534,0.7082248190378035
852,4262.0,3.0,310.2,80.0,230.2,26.35,163.4,47.0,116.4,26.005999999999993,383262.4,99323.2,302004.8,79956.8,4.0,0.0,51.0,10.0,0.0,1060.0,0.0,5e-05,20000000.0,3832624.0,993232.0,3020048.0,799568.0,0.7420854003113998,0.712323928483072
853,4267.0,3.0,320.0,91.6,228.4,25.236,275.0,75.2,199.8,27.0,87747.2,23099.2,224168.0,61748.8,2.0,0.0,51.0,10.0,0.0,2190.0,0.0,5e-05,20000000.0,877472.0,230992.0,2241680.0,617488.0,0.71375,0.7265761225313441
854,4272.0,3.0,314.8,100.0,214.8,22.854,263.4,82.6,180.8,23.486,74372.8,20963.2,171672.0,47214.4,2.0,0.0,51.0,10.0,0.0,4070.0,0.0,5e-05,20000000.0,743728.0,209632.0,1716720.0,472144.0,0.6823637180043349,0.6864686073112495
855,4277.0,3.0,302.0,80.0,222.0,26.122000000000003,161.6,49.2,112.4,24.971999999999998,364427.2,97430.4,271177.6,75249.6,4.0,0.0,51.0,10.0,0.0,1900.0,0.0,5e-05,20000000.0,3644272.0,974304.0,2711776.0,752496.0,0.7350911933298593,0.6955622554421106
856,4282.0,3.0,154.8,43.0,111.8,21.246000000000002,36.6,10.8,25.8,20.572,532763.2,160686.4,222273.6,78089.6,14.0,0.0,51.0,10.0,0.0,3380.0,0.0,5e-05,20000000.0,5327632.0,1606864.0,2222736.0,780896.0,0.7222286985055418,0.7050193050193051
857,4287.0,3.0,157.4,41.4,116.0,23.163999999999998,37.2,11.2,26.0,23.086000000000002,726398.4,189539.2,289841.6,85270.4,14.0,0.0,51.0,10.0,0.0,2460.0,0.0,5e-05,20000000.0,7263984.0,1895392.0,2898416.0,852704.0,0.7369829879867773,0.6986170380907224
858,4292.0,3.0,250.4,71.0,179.4,23.024,91.2,27.2,64.0,19.610000000000003,595484.8,161406.4,198166.4,56164.8,7.0,0.0,51.0,10.0,0.0,3860.0,0.0,5e-05,20000000.0,5954848.0,1614064.0,1981664.0,561648.0,0.7163085255869349,0.7016961299569995
859,4297.0,3.0,320.0,80.0,240.0,26.556,283.4,78.2,205.2,27.0,95104.0,23776.0,230747.2,63822.4,2.0,0.0,51.0,10.0,0.0,980.0,0.0,5e-05,20000000.0,951040.0,237760.0,2307472.0,638224.0,0.75,0.7240479831061549
860,4302.0,3.0,157.2,45.2,112.0,17.564,37.6,12.2,25.4,17.006,471179.2,136641.6,205052.8,73784.0,14.0,0.0,51.0,10.0,0.0,4210.0,0.0,5e-05,20000000.0,4711792.0,1366416.0,2050528.0,737840.0,0.7124654554261556,0.6754385964912281
861,4307.0,3.0,244.4,67.4,177.0,19.676,93.6,28.8,64.8,16.098000000000003,474763.2,125793.6,153078.4,42112.0,7.0,0.0,51.0,10.0,0.0,3500.0,0.0,5e-05,20000000.0,4747632.0,1257936.0,1530784.0,421120.0,0.724228860861184,0.6923746483872538
862,4312.0,3.0,293.8,92.0,201.8,18.834,157.2,49.6,107.6,17.060000000000002,217376.0,59593.6,166073.6,49272.0,4.0,0.0,51.0,10.0,0.0,4550.0,0.0,5e-05,20000000.0,2173760.0,595936.0,1660736.0,492720.0,0.6868096447854999,0.6844107692341227
863,4317.0,3.0,302.8,80.0,222.8,26.064,163.4,52.4,111.0,24.738000000000003,351712.0,94547.2,284776.0,76281.6,4.0,0.0,51.0,10.0,0.0,1160.0,0.0,5e-05,20000000.0,3517120.0,945472.0,2847760.0,762816.0,0.7357719260058101,0.6792935988364363
864,4322.0,3.0,315.2,103.8,211.4,24.248,262.0,75.6,186.4,25.95,94297.6,26619.2,202508.8,53779.2,2.0,0.0,51.0,10.0,0.0,1520.0,0.0,5e-05,20000000.0,942976.0,266192.0,2025088.0,537792.0,0.6707328347495252,0.7115522785168826
865,4327.0,3.0,153.0,68.8,84.2,15.794,37.8,17.6,20.2,14.535999999999998,534465.6,162904.0,196843.2,57067.2,14.0,0.0,51.0,10.0,0.0,1000.0,0.0,5e-05,20000000.0,5344656.0,1629040.0,1968432.0,570672.0,0.5503789701211136,0.5342816500711238
866,4332.0,3.0,157.8,49.2,108.6,24.560000000000002,37.6,10.8,26.8,24.738,879723.2,247480.0,296755.2,82742.4,14.0,0.0,51.0,10.0,0.0,560.0,0.0,5e-05,20000000.0,8797232.0,2474800.0,2967552.0,827424.0,0.6881977142626784,0.7128022759601705
867,4337.0,3.0,276.8,80.6,196.2,23.182,159.6,53.8,105.8,19.558,275052.8,73339.2,187908.8,56577.6,4.0,0.0,51.0,10.0,0.0,3800.0,0.0,5e-05,20000000.0,2750528.0,733392.0,1879088.0,565776.0,0.7088436645724506,0.6631969455084372
868,4342.0,3.0,313.2,80.0,233.2,26.634000000000004,283.6,83.2,200.4,26.25,98873.6,25329.6,219926.4,61305.6,2.0,0.0,51.0,10.0,0.0,40.0,0.0,5e-05,20000000.0,988736.0,253296.0,2199264.0,613056.0,0.7445581752377782,0.7066366013459051
869,4347.0,3.0,298.6,82.0,216.6,26.29,265.2,83.6,181.6,24.328,94041.6,25745.6,182451.2,51177.6,2.0,0.0,51.0,10.0,0.0,2400.0,0.0,5e-05,20000000.0,940416.0,257456.0,1824512.0,511776.0,0.7253629934257999,0.6848552935292271
870,4352.0,3.0,154.0,42.4,111.6,20.294,37.0,10.8,26.2,19.192,532278.4,145012.8,220340.8,71937.6,14.0,0.0,51.0,10.0,0.0,3930.0,0.0,5e-05,20000000.0,5322784.0,1450128.0,2203408.0,719376.0,0.7246660149885955,0.708455824245298
871,4357.0,3.0,157.8,43.6,114.2,19.784,37.8,11.4,26.4,19.592,521411.2,149208.0,197587.2,58601.6,14.0,0.0,51.0,10.0,0.0,2950.0,0.0,5e-05,20000000.0,5214112.0,1492080.0,1975872.0,586016.0,0.7237100127846696,0.6984352773826459
872,4362.0,3.0,157.6,47.4,110.2,23.464,37.6,11.4,26.2,23.567999999999998,723372.8,211249.6,297052.8,84227.2,14.0,0.0,51.0,10.0,0.0,3980.0,0.0,5e-05,20000000.0,7233728.0,2112496.0,2970528.0,842272.0,0.6992340562767072,0.6967283072546231
873,4367.0,3.0,316.2,95.8,220.4,23.764000000000003,256.8,71.4,185.4,26.43,89481.6,24545.6,203347.2,54721.6,2.0,0.0,51.0,10.0,0.0,3090.0,0.0,5e-05,20000000.0,894816.0,245456.0,2033472.0,547216.0,0.6970231900431425,0.7219101001604553
874,4372.0,3.0,289.8,90.6,199.2,19.221999999999998,162.2,53.2,109.0,15.724,263094.4,72812.8,124561.6,34521.6,4.0,0.0,51.0,10.0,0.0,4330.0,0.0,5e-05,20000000.0,2630944.0,728128.0,1245616.0,345216.0,0.6874275110171929,0.671925513949571
875,4377.0,3.0,306.0,85.6,220.4,25.3,251.6,71.6,180.0,25.528000000000002,99148.8,27025.6,189203.2,50417.6,2.0,0.0,51.0,10.0,0.0,3870.0,0.0,5e-05,20000000.0,991488.0,270256.0,1892032.0,504176.0,0.7202601363562096,0.7154073739236633
876,4382.0,3.0,313.2,80.0,233.2,26.601999999999997,277.6,80.0,197.6,26.46,97875.2,25132.8,221302.4,61681.6,2.0,0.0,51.0,10.0,0.0,1590.0,0.0,5e-05,20000000.0,978752.0,251328.0,2213024.0,616816.0,0.7445453459448182,0.7118849487598113
877,4387.0,3.0,309.8,91.0,218.8,23.278,164.0,54.0,110.0,21.901999999999997,308270.4,82798.4,222206.4,62230.4,4.0,0.0,51.0,10.0,0.0,2720.0,0.0,5e-05,20000000.0,3082704.0,827984.0,2222064.0,622304.0,0.7062606015842194,0.6706899399461057
878,4392.0,3.0,272.0,78.8,193.2,25.853999999999996,90.4,25.8,64.6,24.92,819379.2,226588.8,315008.0,82248.0,7.0,0.0,51.0,10.0,0.0,1610.0,0.0,5e-05,20000000.0,8193792.0,2265888.0,3150080.0,822480.0,0.710293428285725,0.7145726978335674
879,4397.0,3.0,156.8,46.8,110.0,25.556,37.2,11.4,25.8,25.839999999999996,937755.2,260438.4,357550.4,99612.8,14.0,0.0,51.0,10.0,0.0,430.0,0.0,5e-05,20000000.0,9377552.0,2604384.0,3575504.0,996128.0,0.7015270292340355,0.6936541804962857
880,4402.0,3.0,310.4,80.0,230.4,26.333999999999996,164.8,47.6,117.2,25.916000000000004,370412.8,96059.2,288366.4,76294.4,4.0,0.0,51.0,10.0,0.0,420.0,0.0,5e-05,20000000.0,3704128.0,960592.0,2883664.0,762944.0,0.7422567502007011,0.7111813106082867
881,4407.0,3.0,280.4,79.4,201.0,23.546,162.2,51.2,111.0,20.498,312702.4,86235.2,158801.6,44569.6,4.0,0.0,51.0,10.0,0.0,4450.0,0.0,5e-05,20000000.0,3127024.0,862352.0,1588016.0,445696.0,0.7168275123503538,0.6847319985869591
882,4412.0,3.0,320.0,92.0,228.0,25.302,275.8,76.2,199.6,27.0,87987.2,23192.0,226128.0,62750.4,2.0,0.0,51.0,10.0,0.0,730.0,0.0,5e-05,20000000.0,879872.0,231920.0,2261280.0,627504.0,0.7125,0.7237452952696071
883,4417.0,3.0,233.2,63.6,169.6,24.778,92.0,26.2,65.8,19.874000000000002,639038.4,176244.8,227027.2,68086.4,7.0,0.0,51.0,10.0,0.0,3780.0,0.0,5e-05,20000000.0,6390384.0,1762448.0,2270272.0,680864.0,0.727145800800792,0.7153524352563474
884,4422.0,3.0,227.4,65.8,161.6,24.339999999999996,91.0,27.4,63.6,18.87,608875.2,180601.6,195680.0,56886.4,7.0,0.0,51.0,10.0,0.0,3800.0,0.0,5e-05,20000000.0,6088752.0,1806016.0,1956800.0,568864.0,0.7106042637984326,0.698945351049138
885,4427.0,3.0,154.0,45.8,108.2,17.546,37.2,11.2,26.0,17.616,500366.4,146472.0,200227.2,57809.6,14.0,0.0,51.0,10.0,0.0,4990.0,0.0,5e-05,20000000.0,5003664.0,1464720.0,2002272.0,578096.0,0.7025131449371577,0.6986249407302039
886,4432.0,3.0,138.0,38.4,99.6,13.7,38.0,10.4,27.6,10.236,260936.0,86972.8,67196.8,30433.6,14.0,0.0,51.0,10.0,0.0,4010.0,0.0,5e-05,20000000.0,2609360.0,869728.0,671968.0,304336.0,0.7217395676219206,0.7263157894736842
887,4437.0,3.0,150.4,41.4,109.0,15.401999999999997,37.2,11.2,26.0,13.402000000000001,342192.0,95308.8,151257.6,44812.8,14.0,0.0,51.0,10.0,0.0,4750.0,0.0,5e-05,20000000.0,3421920.0,953088.0,1512576.0,448128.0,0.7246941598651866,0.6994942310731785
888,4442.0,3.0,156.6,48.0,108.6,24.706,37.4,12.4,25.0,24.688,873289.6,240300.8,325812.8,95057.6,14.0,0.0,51.0,10.0,0.0,790.0,0.0,5e-05,20000000.0,8732896.0,2403008.0,3258128.0,950576.0,0.6934012143263513,0.6682706766917293
889,4447.0,3.0,270.6,78.4,192.2,25.744,90.0,28.2,61.8,24.851999999999997,830515.2,235241.6,331361.6,93350.4,7.0,0.0,51.0,10.0,0.0,1770.0,0.0,5e-05,20000000.0,8305152.0,2352416.0,3313616.0,933504.0,0.7102687761570377,0.6866109670604053
890,4452.0,3.0,271.6,75.8,195.8,25.637999999999998,88.2,26.8,61.4,24.974,818689.6,217244.8,342691.2,95732.8,7.0,0.0,51.0,10.0,0.0,1620.0,0.0,5e-05,20000000.0,8186896.0,2172448.0,3426912.0,957328.0,0.7209904265384792,0.6960703850630685
891,4457.0,3.0,249.0,68.6,180.4,18.65,89.2,25.6,63.6,15.796000000000001,421158.4,114064.0,177896.0,48900.8,7.0,0.0,51.0,10.0,0.0,4550.0,0.0,5e-05,20000000.0,4211584.0,1140640.0,1778960.0,489008.0,0.724478172362742,0.7127874041667146
892,4462.0,3.0,289.8,80.4,209.4,25.216,160.2,55.2,105.0,22.918,357476.8,100164.8,252428.8,70120.0,4.0,0.0,51.0,10.0,0.0,400.0,0.0,5e-05,20000000.0,3574768.0,1001648.0,2524288.0,701200.0,0.7225675237735741,0.6554244220088242
893,4467.0,3.0,150.0,42.0,108.0,16.676,37.6,11.2,26.4,15.388,409387.2,109358.4,183824.0,55924.8,14.0,0.0,51.0,10.0,0.0,4550.0,0.0,5e-05,20000000.0,4093872.0,1093584.0,1838240.0,559248.0,0.7196427539702358,0.7022759601706969
894,4472.0,3.0,259.0,71.8,187.2,25.715999999999998,90.8,25.8,65.0,23.137999999999998,749878.4,206129.6,273635.2,75659.2,7.0,0.0,51.0,10.0,0.0,2690.0,0.0,5e-05,20000000.0,7498784.0,2061296.0,2736352.0,756592.0,0.7227902821585183,0.7158353240961938
895,4477.0,3.0,309.2,89.2,220.0,21.554,158.4,49.8,108.6,21.686,257848.0,72440.0,211907.2,60560.0,4.0,0.0,51.0,10.0,0.0,4560.0,0.0,5e-05,20000000.0,2578480.0,724400.0,2119072.0,605600.0,0.7114748217201781,0.6854853165201175
896,4482.0,3.0,218.8,61.6,157.2,23.632,92.0,28.2,63.8,17.479999999999997,529579.2,153819.2,172961.6,54612.8,7.0,0.0,51.0,10.0,0.0,4640.0,0.0,5e-05,20000000.0,5295792.0,1538192.0,1729616.0,546128.0,0.7182596754056417,0.6934643897476997
897,4487.0,3.0,156.2,46.2,110.0,24.278,36.4,11.0,25.4,24.311999999999998,792137.6,223460.8,299219.2,86280.0,14.0,0.0,51.0,10.0,0.0,1370.0,0.0,5e-05,20000000.0,7921376.0,2234608.0,2992192.0,862800.0,0.7042118615215257,0.6974720585246901
898,4492.0,3.0,288.8,86.8,202.0,19.726,157.2,52.2,105.0,17.122,286457.6,82016.0,150035.2,47548.8,4.0,0.0,51.0,10.0,0.0,3500.0,0.0,5e-05,20000000.0,2864576.0,820160.0,1500352.0,475488.0,0.6995184929123226,0.6680391264269541
899,4497.0,3.0,240.2,68.6,171.6,22.73,93.0,29.2,63.8,18.072,549620.8,152688.0,187721.6,55976.0,7.0,0.0,51.0,10.0,0.0,3570.0,0.0,5e-05,20000000.0,5496208.0,1526880.0,1877216.0,559760.0,0.7143676722894537,0.6860065849024698
900,4502.0,3.0,158.6,45.2,113.4,25.34,37.6,11.0,26.6,25.564,847556.8,236993.6,328041.6,89830.4,14.0,0.0,51.0,10.0,0.0,1350.0,0.0,5e-05,20000000.0,8475568.0,2369936.0,3280416.0,898304.0,0.7150169313875676,0.7073968705547653
901,4507.0,3.0,288.8,83.4,205.4,19.416000000000004,156.8,50.0,106.8,16.496,252161.6,65024.0,97332.8,27438.4,4.0,0.0,51.0,10.0,0.0,4700.0,0.0,5e-05,20000000.0,2521616.0,650240.0,973328.0,274384.0,0.711234468229107,0.680900989643123
902,4512.0,3.0,277.4,77.0,200.4,26.104000000000003,89.2,26.0,63.2,25.8,861126.4,233489.6,365425.6,99451.2,7.0,0.0,51.0,10.0,0.0,1330.0,0.0,5e-05,20000000.0,8611264.0,2334896.0,3654256.0,994512.0,0.722477832637489,0.7084820083270296
903,4517.0,3.0,299.4,86.0,213.4,24.588,240.6,76.0,164.6,24.136000000000003,87987.2,24168.0,166382.4,47534.4,2.0,0.0,51.0,10.0,0.0,2900.0,0.0,5e-05,20000000.0,879872.0,241680.0,1663824.0,475344.0,0.7127359095088324,0.6842842754890783
904,4522.0,3.0,262.4,72.6,189.8,21.522000000000002,92.6,25.0,67.6,19.612000000000002,542736.0,157494.4,194372.8,57049.6,7.0,0.0,51.0,10.0,0.0,4050.0,0.0,5e-05,20000000.0,5427360.0,1574944.0,1943728.0,570496.0,0.7232891751322461,0.7300478449862233
905,4527.0,3.0,292.6,81.4,211.2,24.672000000000004,166.8,58.8,108.0,21.6,353897.6,97884.8,227862.4,64156.8,4.0,0.0,51.0,10.0,0.0,2020.0,0.0,5e-05,20000000.0,3538976.0,978848.0,2278624.0,641568.0,0.7217614983404458,0.6474706393870845
906,4532.0,3.0,269.8,75.6,194.2,26.110000000000003,90.8,26.6,64.2,24.618,829971.2,225955.2,317635.2,88062.4,7.0,0.0,51.0,10.0,0.0,2230.0,0.0,5e-05,20000000.0,8299712.0,2259552.0,3176352.0,880624.0,0.7198408182553494,0.7069960474308299
907,4537.0,3.0,150.0,40.2,109.8,19.272,37.8,10.4,27.4,17.58,454574.4,122627.2,135865.6,41963.2,14.0,0.0,51.0,10.0,0.0,4970.0,0.0,5e-05,20000000.0,4545744.0,1226272.0,1358656.0,419632.0,0.7319665684717925,0.7248933143669986
908,4542.0,3.0,224.0,63.6,160.4,25.268,90.4,24.6,65.8,18.784,680046.4,192648.0,237507.2,67548.8,7.0,0.0,51.0,10.0,0.0,3400.0,0.0,5e-05,20000000.0,6800464.0,1926480.0,2375072.0,675488.0,0.7160785956914276,0.7279339549881807
909,4547.0,3.0,278.6,78.0,200.6,26.182,89.6,26.6,63.0,25.894,853881.6,235310.4,358748.8,99699.2,7.0,0.0,51.0,10.0,0.0,860.0,0.0,5e-05,20000000.0,8538816.0,2353104.0,3587488.0,996992.0,0.7200277079935911,0.7030760485558087
910,4552.0,3.0,239.8,65.0,174.8,22.627999999999997,91.8,27.8,64.0,18.754,528729.6,149070.4,198764.8,62464.0,7.0,0.0,51.0,10.0,0.0,4250.0,0.0,5e-05,20000000.0,5287296.0,1490704.0,1987648.0,624640.0,0.7287898434319744,0.6971810797897755
911,4557.0,3.0,152.4,42.0,110.4,20.261999999999997,37.4,11.0,26.4,19.5,537358.4,157344.0,199985.6,64163.2,14.0,0.0,51.0,10.0,0.0,4190.0,0.0,5e-05,20000000.0,5373584.0,1573440.0,1999856.0,641632.0,0.724443921654448,0.706330014224751
912,4562.0,3.0,310.4,93.0,217.4,22.889999999999997,160.6,51.4,109.2,22.895999999999997,322854.4,86332.8,237916.8,62312.0,4.0,0.0,51.0,10.0,0.0,3160.0,0.0,5e-05,20000000.0,3228544.0,863328.0,2379168.0,623120.0,0.7003958319266743,0.6799085962093733
913,4567.0,3.0,320.0,80.0,240.0,26.552,166.6,45.6,121.0,27.0,384236.8,96059.2,303913.6,82160.0,4.0,0.0,51.0,10.0,0.0,350.0,0.0,5e-05,20000000.0,3842368.0,960592.0,3039136.0,821600.0,0.75,0.7262856387053775
914,4572.0,3.0,151.4,46.2,105.2,20.06,37.8,11.8,26.0,19.318,590867.2,178944.0,180592.0,57320.0,14.0,0.0,51.0,10.0,0.0,2670.0,0.0,5e-05,20000000.0,5908672.0,1789440.0,1805920.0,573200.0,0.6947278259351278,0.687908961593172
915,4577.0,3.0,316.2,90.6,225.6,25.188,264.2,71.8,192.4,26.860000000000003,91697.6,24300.8,212580.8,57472.0,2.0,0.0,51.0,10.0,0.0,2270.0,0.0,5e-05,20000000.0,916976.0,243008.0,2125808.0,574720.0,0.7134862833026901,0.7282624405541023
916,4582.0,3.0,320.0,80.0,240.0,26.642000000000003,163.2,45.0,118.2,27.0,389612.8,97403.2,309608.0,86675.2,4.0,0.0,51.0,10.0,0.0,20.0,0.0,5e-05,20000000.0,3896128.0,974032.0,3096080.0,866752.0,0.75,0.7242589913970032
917,4587.0,3.0,265.2,75.0,190.2,21.298,91.8,27.6,64.2,19.784,554732.8,148011.2,210208.0,57192.0,7.0,0.0,51.0,10.0,0.0,3830.0,0.0,5e-05,20000000.0,5547328.0,1480112.0,2102080.0,571920.0,0.7171891100542228,0.6993501122533381
918,4592.0,3.0,276.2,76.4,199.8,26.418,88.4,26.2,62.2,25.746000000000002,859755.2,235932.8,351779.2,94628.8,7.0,0.0,51.0,10.0,0.0,80.0,0.0,5e-05,20000000.0,8597552.0,2359328.0,3517792.0,946288.0,0.7233889894979375,0.7035650732567377
919,4597.0,3.0,156.6,45.0,111.6,24.478,37.8,11.0,26.8,24.722,786324.8,220686.4,281716.8,81304.0,14.0,0.0,51.0,10.0,0.0,1460.0,0.0,5e-05,20000000.0,7863248.0,2206864.0,2817168.0,813040.0,0.7126511852926948,0.7089615931721195
920,4602.0,3.0,301.2,84.2,217.0,24.671999999999997,166.0,51.4,114.6,22.976,328304.0,90508.8,216043.2,58993.6,4.0,0.0,51.0,10.0,0.0,2690.0,0.0,5e-05,20000000.0,3283040.0,905088.0,2160432.0,589936.0,0.7204864297296406,0.6903681943416196
921,4607.0,3.0,291.2,89.4,201.8,21.792,149.4,45.8,103.6,20.678,311145.6,90230.4,173523.2,47563.2,4.0,0.0,51.0,10.0,0.0,3650.0,0.0,5e-05,20000000.0,3111456.0,902304.0,1735232.0,475632.0,0.6931966016916368,0.6934513646633956
922,4612.0,3.0,283.8,81.4,202.4,23.198,164.4,58.0,106.4,18.351999999999997,332310.4,92540.8,205326.4,56699.2,4.0,0.0,51.0,10.0,0.0,3400.0,0.0,5e-05,20000000.0,3323104.0,925408.0,2053264.0,566992.0,0.7133033586731383,0.6472209903917221
923,4617.0,3.0,155.8,43.0,112.8,17.317999999999998,38.0,11.8,26.2,16.264,480182.4,135446.4,147836.8,52124.8,14.0,0.0,51.0,10.0,0.0,3290.0,0.0,5e-05,20000000.0,4801824.0,1354464.0,1478368.0,521248.0,0.7238833905132211,0.6894736842105263
924,4622.0,3.0,306.4,80.0,226.4,26.516000000000002,277.0,83.0,194.0,25.726,100678.4,26318.4,213060.8,59644.8,2.0,0.0,51.0,10.0,0.0,1410.0,0.0,5e-05,20000000.0,1006784.0,263184.0,2130608.0,596448.0,0.7387923771665805,0.7004218479877974
925,4627.0,3.0,311.2,80.0,231.2,26.344,164.0,47.2,116.8,26.052000000000003,357636.8,92179.2,295147.2,79185.6,4.0,0.0,51.0,10.0,0.0,40.0,0.0,5e-05,20000000.0,3576368.0,921792.0,2951472.0,791856.0,0.7429227508667019,0.7121814750283857
926,4632.0,3.0,240.8,67.6,173.2,25.418,92.0,27.8,64.2,21.381999999999998,671758.4,189411.2,241329.6,70094.4,7.0,0.0,51.0,10.0,0.0,4470.0,0.0,5e-05,20000000.0,6717584.0,1894112.0,2413296.0,700944.0,0.7192573270033013,0.6978918463490693
927,4637.0,3.0,143.2,37.4,105.8,19.32,37.6,10.6,27.0,16.956,468542.4,121851.2,160532.8,49217.6,14.0,0.0,51.0,10.0,0.0,2800.0,0.0,5e-05,20000000.0,4685424.0,1218512.0,1605328.0,492176.0,0.7387931599622799,0.7179231863442389
928,4642.0,3.0,296.4,92.4,204.0,22.458000000000002,252.8,89.0,163.8,20.064,86323.2,24064.0,138444.8,39006.4,2.0,0.0,51.0,10.0,0.0,4040.0,0.0,5e-05,20000000.0,863232.0,240640.0,1384448.0,390064.0,0.6882442857891166,0.648009516906128
929,4647.0,3.0,300.2,84.6,215.6,25.259999999999998,164.2,54.8,109.4,23.624000000000002,378817.6,103513.6,263288.0,74616.0,4.0,0.0,51.0,10.0,0.0,1550.0,0.0,5e-05,20000000.0,3788176.0,1035136.0,2632880.0,746160.0,0.7181711704885861,0.6662475117244099
930,4652.0,3.0,304.4,102.8,201.6,21.262,244.0,85.2,158.8,21.324,78188.8,23296.0,136964.8,39356.8,2.0,0.0,51.0,10.0,0.0,4680.0,0.0,5e-05,20000000.0,781888.0,232960.0,1369648.0,393568.0,0.6623581707935884,0.650841943197978
931,4657.0,3.0,256.6,68.4,188.2,25.936,89.6,26.4,63.2,23.452,772323.2,204499.2,297726.4,79985.6,7.0,0.0,51.0,10.0,0.0,4570.0,0.0,5e-05,20000000.0,7723232.0,2044992.0,2977264.0,799856.0,0.7334226384910792,0.7052925228952384
932,4662.0,3.0,293.4,80.0,213.4,25.637999999999998,163.8,54.0,109.8,23.778,351384.0,95480.0,267873.6,71654.4,4.0,0.0,51.0,10.0,0.0,880.0,0.0,5e-05,20000000.0,3513840.0,954800.0,2678736.0,716544.0,0.7273070844499416,0.6703839434646691
933,4667.0,3.0,256.2,72.4,183.8,17.978,92.2,28.2,64.0,15.836000000000002,439963.2,122086.4,167798.4,51372.8,7.0,0.0,51.0,10.0,0.0,4530.0,0.0,5e-05,20000000.0,4399632.0,1220864.0,1677984.0,513728.0,0.7173702923442914,0.6940757786446475
934,4672.0,3.0,250.2,71.2,179.0,25.184,90.4,28.2,62.2,22.368000000000002,740006.4,203416.0,280806.4,79142.4,7.0,0.0,51.0,10.0,0.0,2330.0,0.0,5e-05,20000000.0,7400064.0,2034160.0,2808064.0,791424.0,0.7153657301388894,0.6881134498134986
935,4677.0,3.0,238.4,65.0,173.4,24.056,91.0,26.8,64.2,19.728,615352.0,164616.0,227422.4,62795.2,7.0,0.0,51.0,10.0,0.0,3230.0,0.0,5e-05,20000000.0,6153520.0,1646160.0,2274224.0,627952.0,0.727303877277265,0.7053448001274087
936,4682.0,3.0,288.4,80.8,207.6,25.118,163.6,48.0,115.6,22.4,307476.8,85929.6,217124.8,62028.8,4.0,0.0,51.0,10.0,0.0,4230.0,0.0,5e-05,20000000.0,3074768.0,859296.0,2171248.0,620288.0,0.7198254975510409,0.7065989318741359
937,4687.0,3.0,311.6,92.6,219.0,23.21,242.6,74.8,167.8,23.65,81372.8,22033.6,166211.2,46579.2,2.0,0.0,51.0,10.0,0.0,3620.0,0.0,5e-05,20000000.0,813728.0,220336.0,1662112.0,465792.0,0.7027843824628391,0.6922022810247259
938,4692.0,3.0,305.0,93.6,211.4,22.578,155.4,52.2,103.2,22.194000000000003,302854.4,85803.2,236016.0,65038.4,4.0,0.0,51.0,10.0,0.0,3100.0,0.0,5e-05,20000000.0,3028544.0,858032.0,2360160.0,650384.0,0.6931084705454679,0.6640728916395426
939,4697.0,3.0,260.4,70.6,189.8,26.391999999999996,91.8,25.4,66.4,24.838,830014.4,221675.2,301518.4,84676.8,7.0,0.0,51.0,10.0,0.0,3150.0,0.0,5e-05,20000000.0,8300144.0,2216752.0,3015184.0,846768.0,0.7288683215395388,0.7232423490488007
940,4702.0,3.0,320.0,80.0,240.0,26.552,166.6,45.6,121.0,27.0,384236.8,96059.2,303913.6,82160.0,4.0,0.0,51.0,10.0,0.0,460.0,0.0,5e-05,20000000.0,3842368.0,960592.0,3039136.0,821600.0,0.75,0.7262856387053775
941,4707.0,3.0,320.0,80.0,240.0,26.556,166.8,44.8,122.0,27.0,384147.2,96036.8,306492.8,81070.4,4.0,0.0,51.0,10.0,0.0,980.0,0.0,5e-05,20000000.0,3841472.0,960368.0,3064928.0,810704.0,0.75,0.7314023085436732
942,4712.0,3.0,147.0,41.0,106.0,18.318,38.0,10.8,27.2,16.752,467179.2,125755.2,159089.6,46764.8,14.0,0.0,51.0,10.0,0.0,4810.0,0.0,5e-05,20000000.0,4671792.0,1257552.0,1590896.0,467648.0,0.7210805570671343,0.7157894736842104
943,4717.0,3.0,262.6,82.2,180.4,24.445999999999998,93.0,32.8,60.2,22.384000000000004,737401.6,204230.4,291758.4,79700.8,7.0,0.0,51.0,10.0,0.0,400.0,0.0,5e-05,20000000.0,7374016.0,2042304.0,2917584.0,797008.0,0.687022940500411,0.6471566288524271
944,4722.0,3.0,154.8,42.8,112.0,16.868000000000002,37.6,11.4,26.2,17.01,430790.4,135033.6,176796.8,59934.4,14.0,0.0,51.0,10.0,0.0,4480.0,0.0,5e-05,20000000.0,4307904.0,1350336.0,1767968.0,599344.0,0.7235005831285699,0.6965860597439544
945,4727.0,3.0,149.6,41.8,107.8,17.082,38.0,11.4,26.6,15.184000000000001,377523.2,100478.4,128334.4,38936.0,14.0,0.0,51.0,10.0,0.0,4410.0,0.0,5e-05,20000000.0,3775232.0,1004784.0,1283344.0,389360.0,0.7206222181165666,0.7
946,4732.0,3.0,143.2,38.0,105.2,19.142000000000003,37.8,10.4,27.4,16.238,399720.0,114113.6,118118.4,41664.0,14.0,0.0,51.0,10.0,0.0,4400.0,0.0,5e-05,20000000.0,3997200.0,1141136.0,1181184.0,416640.0,0.7347370948363481,0.7248933143669986
947,4737.0,3.0,254.0,71.0,183.0,25.833999999999996,90.0,29.2,60.8,23.092000000000002,801065.6,215182.4,293952.0,83417.6,7.0,0.0,51.0,10.0,0.0,1010.0,0.0,5e-05,20000000.0,8010656.0,2151824.0,2939520.0,834176.0,0.7205197846001147,0.6754334256092929
948,4742.0,3.0,155.0,43.6,111.4,22.165999999999997,37.0,11.0,26.0,21.612000000000002,646222.4,188520.0,215579.2,62443.2,14.0,0.0,51.0,10.0,0.0,2340.0,0.0,5e-05,20000000.0,6462224.0,1885200.0,2155792.0,624432.0,0.7187464083071233,0.7024735261577366
949,4747.0,3.0,157.2,51.2,106.0,22.421999999999997,37.6,12.8,24.8,22.482,751523.2,210806.4,263952.0,71844.8,14.0,0.0,51.0,10.0,0.0,800.0,0.0,5e-05,20000000.0,7515232.0,2108064.0,2639520.0,718448.0,0.6743316856757153,0.6598862019914652
950,4752.0,3.0,300.8,101.0,199.8,21.466,221.8,73.8,148.0,20.93,80819.2,23840.0,137065.6,39288.0,2.0,0.0,51.0,10.0,0.0,4460.0,0.0,5e-05,20000000.0,808192.0,238400.0,1370656.0,392880.0,0.6642633024846838,0.6681207257282809
951,4757.0,3.0,306.8,90.8,216.0,24.082,223.2,64.8,158.4,25.96,89256.0,24147.2,172945.6,49664.0,2.0,0.0,51.0,10.0,0.0,3900.0,0.0,5e-05,20000000.0,892560.0,241472.0,1729456.0,496640.0,0.704061337172649,0.7097424660522077
952,4762.0,3.0,158.2,43.8,114.4,25.541999999999998,36.8,10.0,26.8,25.842000000000002,862081.6,234086.4,339932.8,92715.2,14.0,0.0,51.0,10.0,0.0,1270.0,0.0,5e-05,20000000.0,8620816.0,2340864.0,3399328.0,927152.0,0.7231387009736434,0.7279843753527964
953,4767.0,3.0,156.8,47.0,109.8,22.444,37.0,11.0,26.0,22.106,685225.6,203100.8,248259.2,71280.0,14.0,0.0,51.0,10.0,0.0,2960.0,0.0,5e-05,20000000.0,6852256.0,2031008.0,2482592.0,712800.0,0.7001984475485257,0.7027659238185553
954,4772.0,3.0,293.0,87.4,205.6,21.163999999999998,166.2,53.6,112.6,18.160000000000004,289187.2,82592.0,162473.6,46718.4,4.0,0.0,51.0,10.0,0.0,4080.0,0.0,5e-05,20000000.0,2891872.0,825920.0,1624736.0,467184.0,0.7015955970157967,0.6774824914630668
955,4777.0,3.0,311.0,80.0,231.0,26.379999999999995,166.6,49.2,117.4,25.842000000000002,370721.6,96059.2,293574.4,77476.8,4.0,0.0,51.0,10.0,0.0,290.0,0.0,5e-05,20000000.0,3707216.0,960592.0,2935744.0,774768.0,0.742756792978516,0.7046924223841473
956,4782.0,3.0,154.0,42.0,112.0,21.092,37.8,11.0,26.8,20.344,641419.2,175056.0,236841.6,63249.6,14.0,0.0,51.0,10.0,0.0,4590.0,0.0,5e-05,20000000.0,6414192.0,1750560.0,2368416.0,632496.0,0.7271421776163561,0.7086770981507824
957,4787.0,3.0,267.4,76.6,190.8,25.929999999999996,88.6,26.4,62.2,25.25,847038.4,232654.4,339384.0,90953.6,7.0,0.0,51.0,10.0,0.0,1480.0,0.0,5e-05,20000000.0,8470384.0,2326544.0,3393840.0,909536.0,0.7135541564632943,0.7019515378504143
958,4792.0,3.0,320.0,80.0,240.0,26.642000000000003,284.4,78.4,206.0,27.0,96454.4,24113.6,232576.0,64134.4,2.0,0.0,51.0,10.0,0.0,740.0,0.0,5e-05,20000000.0,964544.0,241136.0,2325760.0,641344.0,0.75,0.7243153677094882
959,4797.0,3.0,277.0,78.0,199.0,21.883999999999997,150.8,48.0,102.8,18.558,273030.4,77624.0,176315.2,51241.6,4.0,0.0,51.0,10.0,0.0,4600.0,0.0,5e-05,20000000.0,2730304.0,776240.0,1763152.0,512416.0,0.7184924452146269,0.6826842352941683
960,4802.0,3.0,152.0,45.2,106.8,19.564,38.0,11.4,26.6,17.952,475697.6,146886.4,200828.8,61361.6,14.0,0.0,51.0,10.0,0.0,4380.0,0.0,5e-05,20000000.0,4756976.0,1468864.0,2008288.0,613616.0,0.7027253950783363,0.7
961,4807.0,3.0,287.0,87.6,199.4,21.808,160.8,55.8,105.0,19.144,281307.2,78852.8,179334.4,56473.6,4.0,0.0,51.0,10.0,0.0,3240.0,0.0,5e-05,20000000.0,2813072.0,788528.0,1793344.0,564736.0,0.6947715340677817,0.6526083145414125
962,4812.0,3.0,155.6,45.6,110.0,18.646000000000004,37.6,10.8,26.8,18.09,505700.8,159256.0,196419.2,52076.8,14.0,0.0,51.0,10.0,0.0,3570.0,0.0,5e-05,20000000.0,5057008.0,1592560.0,1964192.0,520768.0,0.7068493614406666,0.7128022759601708
963,4817.0,3.0,157.0,43.2,113.8,22.244,37.6,10.6,27.0,22.131999999999998,590304.0,159948.8,228078.4,62374.4,14.0,0.0,51.0,10.0,0.0,2330.0,0.0,5e-05,20000000.0,5903040.0,1599488.0,2280784.0,623744.0,0.7248308255712125,0.7178362573099415
964,4822.0,3.0,301.2,80.0,221.2,26.008,165.2,54.0,111.2,24.284000000000002,371715.2,99369.6,258680.0,70532.8,4.0,0.0,51.0,10.0,0.0,670.0,0.0,5e-05,20000000.0,3717152.0,993696.0,2586800.0,705328.0,0.7343647660126039,0.6731028644193497
965,4827.0,3.0,295.6,83.6,212.0,25.815999999999995,254.4,79.4,175.0,23.998,94339.2,26142.4,172288.0,47481.6,2.0,0.0,51.0,10.0,0.0,3310.0,0.0,5e-05,20000000.0,943392.0,261424.0,1722880.0,474816.0,0.7171688951063778,0.6879634090368952
966,4832.0,3.0,158.6,43.2,115.4,26.576,36.8,10.0,26.8,27.0,979769.6,264897.6,375944.0,102771.2,14.0,0.0,51.0,10.0,0.0,260.0,0.0,5e-05,20000000.0,9797696.0,2648976.0,3759440.0,1027712.0,0.7276164495605395,0.7283722820564926
967,4837.0,3.0,155.6,45.4,110.2,22.328000000000003,37.4,11.0,26.4,22.008,606598.4,181395.2,232947.2,64195.2,14.0,0.0,51.0,10.0,0.0,4280.0,0.0,5e-05,20000000.0,6065984.0,1813952.0,2329472.0,641952.0,0.7082651517375165,0.7060376165639324
968,4842.0,3.0,275.6,81.6,194.0,25.294,89.8,26.2,63.6,24.676,805553.6,226756.8,321836.8,88424.0,7.0,0.0,51.0,10.0,0.0,1820.0,0.0,5e-05,20000000.0,8055536.0,2267568.0,3218368.0,884240.0,0.7039231524520464,0.7081139024676245
969,4847.0,3.0,320.0,80.0,240.0,26.607999999999997,284.8,77.8,207.0,27.0,95974.4,23993.6,232419.2,63035.2,2.0,0.0,51.0,10.0,0.0,140.0,0.0,5e-05,20000000.0,959744.0,239936.0,2324192.0,630352.0,0.75,0.7268188905247828
970,4852.0,3.0,158.2,44.0,114.2,24.462,37.0,10.2,26.8,24.666,772081.6,202812.8,295283.2,77126.4,14.0,0.0,51.0,10.0,0.0,1940.0,0.0,5e-05,20000000.0,7720816.0,2028128.0,2952832.0,771264.0,0.7218615639549963,0.7242452979295085
971,4857.0,3.0,274.6,79.2,195.4,25.244,88.0,25.6,62.4,24.924,778331.2,217032.0,331662.4,89942.4,7.0,0.0,51.0,10.0,0.0,2070.0,0.0,5e-05,20000000.0,7783312.0,2170320.0,3316624.0,899424.0,0.711593541010217,0.7090952437601958
972,4862.0,3.0,157.0,42.0,115.0,24.462,37.6,10.4,27.2,24.714000000000002,734100.8,203008.0,281822.4,80700.8,14.0,0.0,51.0,10.0,0.0,3150.0,0.0,5e-05,20000000.0,7341008.0,2030080.0,2818224.0,807008.0,0.732478246334906,0.7234708392603129
973,4867.0,3.0,311.4,80.0,231.4,26.318,165.0,47.8,117.2,25.945999999999998,371228.8,96059.2,291531.2,77280.0,4.0,0.0,51.0,10.0,0.0,540.0,0.0,5e-05,20000000.0,3712288.0,960592.0,2915312.0,772800.0,0.7430908059605761,0.7103257404939419
974,4872.0,3.0,231.4,65.2,166.2,21.904,92.6,25.8,66.8,16.720000000000002,524131.2,152324.8,164387.2,53123.2,7.0,0.0,51.0,10.0,0.0,4480.0,0.0,5e-05,20000000.0,5241312.0,1523248.0,1643872.0,531232.0,0.7181984943015178,0.7213884992987378
975,4877.0,3.0,291.2,86.4,204.8,22.616000000000003,161.2,58.6,102.6,20.838,299208.0,82092.8,204907.2,60619.2,4.0,0.0,51.0,10.0,0.0,2900.0,0.0,5e-05,20000000.0,2992080.0,820928.0,2049072.0,606192.0,0.7033267902591612,0.6367591506538742
976,4882.0,3.0,156.6,45.4,111.2,25.712,36.8,11.2,25.6,25.824,951248.0,257865.6,356406.4,98228.8,14.0,0.0,51.0,10.0,0.0,610.0,0.0,5e-05,20000000.0,9512480.0,2578656.0,3564064.0,982288.0,0.7100999271301461,0.6957009641220168
977,4887.0,3.0,273.6,76.8,196.8,26.494,88.2,25.6,62.6,25.936,881064.0,245134.4,361193.6,94508.8,7.0,0.0,51.0,10.0,0.0,160.0,0.0,5e-05,20000000.0,8810640.0,2451344.0,3611936.0,945088.0,0.7193221498033897,0.709867651903924
978,4892.0,3.0,287.6,86.0,201.6,23.302,159.8,55.4,104.4,20.125999999999998,313132.8,88784.0,227830.4,62564.8,4.0,0.0,51.0,10.0,0.0,2300.0,0.0,5e-05,20000000.0,3131328.0,887840.0,2278304.0,625648.0,0.7009323508218781,0.653186717474385
979,4897.0,3.0,154.6,44.8,109.8,22.101999999999997,35.8,10.4,25.4,22.220000000000002,739235.2,216081.6,268649.6,78491.2,14.0,0.0,51.0,10.0,0.0,2420.0,0.0,5e-05,20000000.0,7392352.0,2160816.0,2686496.0,784912.0,0.7102170372212026,0.7090636090636091
980,4902.0,3.0,299.2,85.2,214.0,24.878,273.8,98.0,175.8,22.312,95484.8,26316.8,168366.4,47201.6,2.0,0.0,51.0,10.0,0.0,2380.0,0.0,5e-05,20000000.0,954848.0,263168.0,1683664.0,472016.0,0.7151672037315006,0.6421532342989311
981,4907.0,3.0,157.4,45.6,111.8,19.830000000000002,37.4,11.2,26.2,19.564,537758.4,144548.8,198166.4,59844.8,14.0,0.0,51.0,10.0,0.0,3830.0,0.0,5e-05,20000000.0,5377584.0,1445488.0,1981664.0,598448.0,0.710222277948969,0.7006243085190453
982,4912.0,3.0,272.2,80.0,192.2,25.794,88.8,27.8,61.0,24.904,830840.0,230182.4,350260.8,93089.6,7.0,0.0,51.0,10.0,0.0,200.0,0.0,5e-05,20000000.0,8308400.0,2301824.0,3502608.0,930896.0,0.7061431337164192,0.6869116956673178
983,4917.0,3.0,286.6,85.2,201.4,23.204,160.0,54.0,106.0,20.566000000000003,317886.4,87636.8,204342.4,56081.6,4.0,0.0,51.0,10.0,0.0,2640.0,0.0,5e-05,20000000.0,3178864.0,876368.0,2043424.0,560816.0,0.702719144659153,0.6626759066833549
984,4922.0,3.0,315.4,87.6,227.8,25.326,267.6,74.6,193.0,26.815999999999995,90176.0,23692.8,214545.6,59296.0,2.0,0.0,51.0,10.0,0.0,3140.0,0.0,5e-05,20000000.0,901760.0,236928.0,2145456.0,592960.0,0.7222932388741057,0.7212460045222785
985,4927.0,3.0,306.4,80.0,226.4,26.534,274.2,81.6,192.6,25.921999999999997,100092.8,26288.0,212086.4,58147.2,2.0,0.0,51.0,10.0,0.0,440.0,0.0,5e-05,20000000.0,1000928.0,262880.0,2120864.0,581472.0,0.7388993875777664,0.7023845680005468
986,4932.0,3.0,279.0,76.8,202.2,26.186,90.0,26.2,63.8,25.748,875188.8,233969.6,350393.6,92371.2,7.0,0.0,51.0,10.0,0.0,1790.0,0.0,5e-05,20000000.0,8751888.0,2339696.0,3503936.0,923712.0,0.7247155914902169,0.7088700188700189
987,4937.0,3.0,157.6,43.6,114.0,24.651999999999997,36.8,10.2,26.6,24.663999999999998,752278.4,218291.2,294875.2,85185.6,14.0,0.0,51.0,10.0,0.0,2560.0,0.0,5e-05,20000000.0,7522784.0,2182912.0,2948752.0,851856.0,0.7233768762578743,0.7228860439386755
988,4942.0,3.0,289.0,80.0,209.0,24.862000000000002,165.4,51.2,114.2,21.886000000000003,362644.8,100417.6,213211.2,56312.0,4.0,0.0,51.0,10.0,0.0,4350.0,0.0,5e-05,20000000.0,3626448.0,1004176.0,2132112.0,563120.0,0.7231403103628609,0.6903998993929562
989,4947.0,3.0,257.2,76.2,181.0,25.02,89.6,31.8,57.8,22.762,740833.6,204766.4,314472.0,91092.8,7.0,0.0,51.0,10.0,0.0,800.0,0.0,5e-05,20000000.0,7408336.0,2047664.0,3144720.0,910928.0,0.7037881474472554,0.6450938846100136
990,4952.0,3.0,315.8,100.8,215.0,22.176000000000002,161.8,48.2,113.6,22.77,257099.2,73937.6,219460.8,61524.8,4.0,0.0,51.0,10.0,0.0,3590.0,0.0,5e-05,20000000.0,2570992.0,739376.0,2194608.0,615248.0,0.6808181049656166,0.7021195023455911
991,4957.0,3.0,266.8,75.6,191.2,24.933999999999997,89.2,25.2,64.0,23.684,704192.0,196555.2,281608.0,79801.6,7.0,0.0,51.0,10.0,0.0,2860.0,0.0,5e-05,20000000.0,7041920.0,1965552.0,2816080.0,798016.0,0.7166791932542689,0.7174213835585397
992,4962.0,3.0,237.8,66.4,171.4,16.880000000000003,89.4,27.6,61.8,12.815999999999999,395673.6,109113.6,131740.8,40968.0,7.0,0.0,51.0,10.0,0.0,4120.0,0.0,5e-05,20000000.0,3956736.0,1091136.0,1317408.0,409680.0,0.7206805887700161,0.6907734728742163
993,4967.0,3.0,274.4,79.2,195.2,25.514,89.2,26.0,63.2,24.824,812120.0,228489.6,333699.2,93395.2,7.0,0.0,51.0,10.0,0.0,2220.0,0.0,5e-05,20000000.0,8121200.0,2284896.0,3336992.0,933952.0,0.7113568435409272,0.7085273437656235
994,4972.0,3.0,320.0,80.0,240.0,26.568,163.4,44.8,118.6,27.0,385401.6,96350.4,312489.6,86337.6,4.0,0.0,51.0,10.0,0.0,210.0,0.0,5e-05,20000000.0,3854016.0,963504.0,3124896.0,863376.0,0.75,0.7258185794970673
995,4977.0,3.0,301.8,83.0,218.8,25.131999999999998,163.4,46.0,117.4,23.938,359107.2,95793.6,231446.4,62571.2,4.0,0.0,51.0,10.0,0.0,4940.0,0.0,5e-05,20000000.0,3591072.0,957936.0,2314464.0,625712.0,0.7249667283718269,0.7184892283266266
996,4982.0,3.0,308.6,92.6,216.0,22.86,159.0,52.4,106.6,22.85,287734.4,79878.4,242742.4,67918.4,4.0,0.0,51.0,10.0,0.0,2970.0,0.0,5e-05,20000000.0,2877344.0,798784.0,2427424.0,679184.0,0.6999558481062138,0.6705493166936973
997,4987.0,3.0,259.2,74.4,184.8,25.51,89.2,29.4,59.8,23.544,770721.6,214016.0,322142.4,89398.4,7.0,0.0,51.0,10.0,0.0,1390.0,0.0,5e-05,20000000.0,7707216.0,2140160.0,3221424.0,893984.0,0.7129775149196789,0.6704147926036982
998,4992.0,3.0,295.0,88.8,206.2,22.582,159.8,52.6,107.2,20.244,294264.0,82121.6,200153.6,55673.6,4.0,0.0,51.0,10.0,0.0,3620.0,0.0,5e-05,20000000.0,2942640.0,821216.0,2001536.0,556736.0,0.6990841209049827,0.6708003306376206
999,4997.0,3.0,159.0,46.6,112.4,25.646000000000004,37.0,10.4,26.6,26.345999999999997,943190.4,260377.6,347000.0,95195.2,14.0,0.0,51.0,10.0,0.0,700.0,0.0,5e-05,20000000.0,9431904.0,2603776.0,3470000.0,951952.0,0.7069711964847215,0.7189189189189189
1000,5002.0,3.0,310.8,80.0,230.8,26.451999999999998,162.8,47.0,115.8,25.875999999999998,375788.8,97403.2,295038.4,77488.0,4.0,0.0,51.0,10.0,0.0,580.0,0.0,5e-05,20000000.0,3757888.0,974032.0,2950384.0,774880.0,0.7425993154237112,0.7112721153165542
1001,5007.0,3.0,313.2,98.0,215.2,24.591999999999995,257.8,74.2,183.6,25.889999999999997,84593.6,23540.8,200251.2,53697.6,2.0,0.0,51.0,10.0,0.0,2210.0,0.0,5e-05,20000000.0,845936.0,235408.0,2002512.0,536976.0,0.6871128676871334,0.7123216629026606
1002,5012.0,3.0,316.6,91.8,224.8,24.842000000000002,266.6,76.4,190.2,26.252,90683.2,24299.2,211024.0,57121.6,2.0,0.0,51.0,10.0,0.0,2220.0,0.0,5e-05,20000000.0,906832.0,242992.0,2110240.0,571216.0,0.710019910780056,0.7134516857449852
1003,5017.0,3.0,245.0,71.2,173.8,22.907999999999998,90.6,26.4,64.2,19.759999999999998,608128.0,172478.4,196532.8,58185.6,7.0,0.0,51.0,10.0,0.0,3070.0,0.0,5e-05,20000000.0,6081280.0,1724784.0,1965328.0,581856.0,0.7094803994297173,0.7085552100168296
1004,5022.0,3.0,311.8,80.0,231.8,26.252000000000002,163.2,44.6,118.6,26.078000000000003,400174.4,102780.8,276561.6,70790.4,4.0,0.0,51.0,10.0,0.0,2470.0,0.0,5e-05,20000000.0,4001744.0,1027808.0,2765616.0,707904.0,0.7434184968660265,0.7266612174424159
1005,5027.0,3.0,271.4,75.2,196.2,25.886000000000003,89.0,26.0,63.0,24.413999999999998,802377.6,219660.8,330963.2,90513.6,7.0,0.0,51.0,10.0,0.0,2530.0,0.0,5e-05,20000000.0,8023776.0,2196608.0,3309632.0,905136.0,0.72291052289967,0.7078169110152838
1006,5032.0,3.0,156.2,47.0,109.2,24.334,37.0,11.4,25.6,24.371999999999996,833683.2,235728.0,308129.6,84348.8,14.0,0.0,51.0,10.0,0.0,1020.0,0.0,5e-05,20000000.0,8336832.0,2357280.0,3081296.0,843488.0,0.6991326653474469,0.6914177335229967
1007,5037.0,3.0,287.0,83.4,203.6,24.246000000000002,164.4,57.4,107.0,21.438,329646.4,93723.2,230971.2,63654.4,4.0,0.0,51.0,10.0,0.0,2160.0,0.0,5e-05,20000000.0,3296464.0,937232.0,2309712.0,636544.0,0.7094108965431024,0.650834618761815
1008,5042.0,3.0,320.0,80.0,240.0,26.642000000000003,163.2,45.0,118.2,27.0,389612.8,97403.2,309608.0,86675.2,4.0,0.0,51.0,10.0,0.0,570.0,0.0,5e-05,20000000.0,3896128.0,974032.0,3096080.0,866752.0,0.75,0.7242589913970032
1009,5047.0,3.0,315.4,104.2,211.2,23.588,248.8,72.4,176.4,25.7,77481.6,22336.0,192158.4,51492.8,2.0,0.0,51.0,10.0,0.0,2090.0,0.0,5e-05,20000000.0,774816.0,223360.0,1921584.0,514928.0,0.6695992829071609,0.7090287642646567
1010,5052.0,3.0,155.8,45.0,110.8,24.616,36.8,11.6,25.2,24.686,828787.2,228334.4,326500.8,89782.4,14.0,0.0,51.0,10.0,0.0,840.0,0.0,5e-05,20000000.0,8287872.0,2283344.0,3265008.0,897824.0,0.7112180053355315,0.6851309513848213
1011,5057.0,3.0,302.4,80.0,222.4,25.253999999999998,277.6,85.8,191.8,23.9,109428.8,28923.2,179411.2,49488.0,2.0,0.0,51.0,10.0,0.0,4350.0,0.0,5e-05,20000000.0,1094288.0,289232.0,1794112.0,494880.0,0.7353731705573728,0.6909095338802483
1012,5062.0,3.0,151.6,43.4,108.2,19.43,37.4,11.0,26.4,18.400000000000002,517195.2,146291.2,201188.8,56524.8,14.0,0.0,51.0,10.0,0.0,3120.0,0.0,5e-05,20000000.0,5171952.0,1462912.0,2011888.0,565248.0,0.7136766409754055,0.7059743954480797
1013,5067.0,3.0,156.0,41.6,114.4,24.418,37.2,10.0,27.2,24.561999999999998,816948.8,216547.2,303006.4,84185.6,14.0,0.0,51.0,10.0,0.0,3180.0,0.0,5e-05,20000000.0,8169488.0,2165472.0,3030064.0,841856.0,0.7333275245752422,0.7311522048364154
1014,5072.0,3.0,300.2,87.8,212.4,20.62,156.4,46.8,109.6,19.881999999999998,279206.4,76689.6,161611.2,46566.4,4.0,0.0,51.0,10.0,0.0,4630.0,0.0,5e-05,20000000.0,2792064.0,766896.0,1616112.0,465664.0,0.7075595630974786,0.7008700989352354
1015,5077.0,3.0,154.2,46.6,107.6,22.354000000000003,37.0,11.4,25.6,21.636,694300.8,194078.4,188228.8,54516.8,14.0,0.0,51.0,10.0,0.0,2700.0,0.0,5e-05,20000000.0,6943008.0,1940784.0,1882288.0,545168.0,0.6976446545682127,0.6920104314841156
1016,5082.0,3.0,148.2,41.6,106.6,19.362000000000002,37.6,10.2,27.4,18.202,490251.2,140827.2,169513.6,49366.4,14.0,0.0,51.0,10.0,0.0,3650.0,0.0,5e-05,20000000.0,4902512.0,1408272.0,1695136.0,493664.0,0.719406269102605,0.7286549707602339
1017,5087.0,3.0,285.6,82.4,203.2,21.756,158.4,49.6,108.8,19.407999999999998,282672.0,78712.0,169174.4,45609.6,4.0,0.0,51.0,10.0,0.0,4540.0,0.0,5e-05,20000000.0,2826720.0,787120.0,1691744.0,456096.0,0.7114685090668988,0.6866663308646431
1018,5092.0,3.0,289.4,87.4,202.0,22.586,236.2,85.6,150.6,18.93,83712.0,22411.2,115147.2,33260.8,2.0,0.0,51.0,10.0,0.0,3420.0,0.0,5e-05,20000000.0,837120.0,224112.0,1151472.0,332608.0,0.6978351575652659,0.6375634451384332
1019,5097.0,3.0,223.6,62.2,161.4,24.509999999999998,92.2,25.6,66.6,18.258,601155.2,168017.6,169273.6,46640.0,7.0,0.0,51.0,10.0,0.0,4980.0,0.0,5e-05,20000000.0,6011552.0,1680176.0,1692736.0,466400.0,0.7218689256839425,0.7223163206774558
1020,5102.0,3.0,158.8,47.2,111.6,25.491999999999997,37.2,11.0,26.2,25.856,916222.4,253310.4,355710.4,96537.6,14.0,0.0,51.0,10.0,0.0,300.0,0.0,5e-05,20000000.0,9162224.0,2533104.0,3557104.0,965376.0,0.7027894873019663,0.7040382487750908
1021,5107.0,3.0,302.4,94.8,207.6,18.538,163.8,53.0,110.8,16.77,267475.2,71745.6,165915.2,46924.8,4.0,0.0,51.0,10.0,0.0,3750.0,0.0,5e-05,20000000.0,2674752.0,717456.0,1659152.0,469248.0,0.6865449839327173,0.6764406782507435
1022,5112.0,3.0,244.2,70.4,173.8,24.812,92.4,31.4,61.0,20.877999999999997,688998.4,191697.6,246779.2,72544.0,7.0,0.0,51.0,10.0,0.0,2040.0,0.0,5e-05,20000000.0,6889984.0,1916976.0,2467792.0,725440.0,0.7117388674958787,0.6601200218221495
1023,5117.0,3.0,300.0,97.6,202.4,23.138,159.8,59.4,100.4,21.958,334580.8,93764.8,236803.2,67920.0,4.0,0.0,51.0,10.0,0.0,500.0,0.0,5e-05,20000000.0,3345808.0,937648.0,2368032.0,679200.0,0.674652117781992,0.6283518043752535
1024,5122.0,3.0,265.2,74.8,190.4,26.209999999999997,91.2,28.6,62.6,24.536,821465.6,224702.4,335401.6,91561.6,7.0,0.0,51.0,10.0,0.0,440.0,0.0,5e-05,20000000.0,8214656.0,2247024.0,3354016.0,915616.0,0.7180621267621382,0.6862573606274064
1025,5127.0,3.0,313.2,93.0,220.2,25.22,271.8,79.2,192.6,26.308,86270.4,23398.4,214534.4,60454.4,2.0,0.0,51.0,10.0,0.0,1580.0,0.0,5e-05,20000000.0,862704.0,233984.0,2145344.0,604544.0,0.703022697882541,0.7088830369254933
1026,5132.0,3.0,313.2,80.0,233.2,26.633999999999997,279.2,82.6,196.6,26.322000000000003,96115.2,24651.2,222004.8,62209.6,2.0,0.0,51.0,10.0,0.0,780.0,0.0,5e-05,20000000.0,961152.0,246512.0,2220048.0,622096.0,0.7445488110123998,0.7041549467403899
1027,5137.0,3.0,156.6,44.4,112.2,24.529999999999998,36.8,11.2,25.6,24.369999999999997,830876.8,219094.4,320300.8,83540.8,14.0,0.0,51.0,10.0,0.0,1290.0,0.0,5e-05,20000000.0,8308768.0,2190944.0,3203008.0,835408.0,0.7164694572479631,0.6956619025040078
1028,5142.0,3.0,304.8,86.8,218.0,24.637999999999998,264.8,83.2,181.6,23.438,95724.8,25801.6,161964.8,43524.8,2.0,0.0,51.0,10.0,0.0,4710.0,0.0,5e-05,20000000.0,957248.0,258016.0,1619648.0,435248.0,0.7150683485434786,0.6858112752720392
1029,5147.0,3.0,249.4,72.4,177.0,22.718,89.4,28.4,61.0,19.852,629508.8,169390.4,212201.6,56713.6,7.0,0.0,51.0,10.0,0.0,2520.0,0.0,5e-05,20000000.0,6295088.0,1693904.0,2122016.0,567136.0,0.7095858825053958,0.6821681149551203
1030,5152.0,3.0,310.4,85.6,224.8,25.321999999999996,163.6,48.0,115.6,24.994000000000003,380680.0,101169.6,278796.8,74670.4,4.0,0.0,51.0,10.0,0.0,2940.0,0.0,5e-05,20000000.0,3806800.0,1011696.0,2787968.0,746704.0,0.7241729744092774,0.7066300544225246
1031,5157.0,3.0,305.4,85.2,220.2,25.812,164.8,48.6,116.2,24.778,350256.0,93683.2,275910.4,75822.4,4.0,0.0,51.0,10.0,0.0,3430.0,0.0,5e-05,20000000.0,3502560.0,936832.0,2759104.0,758224.0,0.7210604921641178,0.7050941575828387
1032,5162.0,3.0,313.2,83.4,229.8,25.704,267.0,74.0,193.0,26.776,103744.0,27182.4,212491.2,58617.6,2.0,0.0,51.0,10.0,0.0,2940.0,0.0,5e-05,20000000.0,1037440.0,271824.0,2124912.0,586176.0,0.7336311364568722,0.7229285217381987
1033,5167.0,3.0,238.6,66.0,172.6,24.208000000000002,91.6,25.0,66.6,19.548,609033.6,169376.0,154648.0,45974.4,7.0,0.0,51.0,10.0,0.0,3350.0,0.0,5e-05,20000000.0,6090336.0,1693760.0,1546480.0,459744.0,0.7233798351234823,0.7271141901576684
1034,5172.0,3.0,249.2,69.8,179.4,25.645999999999997,93.4,30.0,63.4,22.294000000000004,741115.2,200227.2,259644.8,75832.0,7.0,0.0,51.0,10.0,0.0,2130.0,0.0,5e-05,20000000.0,7411152.0,2002272.0,2596448.0,758320.0,0.7197664181064894,0.6787552138886893
1035,5177.0,3.0,266.8,77.2,189.6,25.954,89.6,27.8,61.8,24.528000000000002,828052.8,230763.2,324931.2,92088.0,7.0,0.0,51.0,10.0,0.0,1670.0,0.0,5e-05,20000000.0,8280528.0,2307632.0,3249312.0,920880.0,0.710644492419011,0.6898062842940124
1036,5182.0,3.0,158.4,44.4,114.0,22.056,37.4,10.0,27.4,22.273999999999997,616436.8,172619.2,227801.6,60288.0,14.0,0.0,51.0,10.0,0.0,2100.0,0.0,5e-05,20000000.0,6164368.0,1726192.0,2278016.0,602880.0,0.7197406527115419,0.732574679943101
1037,5187.0,3.0,235.0,65.0,170.0,25.502,90.0,29.4,60.6,21.116000000000003,695208.0,193596.8,265120.0,76480.0,7.0,0.0,51.0,10.0,0.0,2160.0,0.0,5e-05,20000000.0,6952080.0,1935968.0,2651200.0,764800.0,0.723438614525571,0.673392350471002
1038,5192.0,3.0,320.0,119.6,200.4,22.502000000000002,256.8,75.2,181.6,26.136000000000003,79579.2,24254.4,204139.2,55323.2,2.0,0.0,51.0,10.0,0.0,1170.0,0.0,5e-05,20000000.0,795792.0,242544.0,2041392.0,553232.0,0.62625,0.7071842996402393
1039,5197.0,3.0,157.2,43.2,114.0,24.302,37.6,10.4,27.2,24.578,760592.0,213369.6,319872.0,90288.0,14.0,0.0,51.0,10.0,0.0,3140.0,0.0,5e-05,20000000.0,7605920.0,2133696.0,3198720.0,902880.0,0.7251641414992034,0.7234708392603129
1040,5202.0,3.0,309.6,80.0,229.6,26.4,163.6,48.4,115.2,25.845999999999997,383752.0,99483.2,298702.4,81787.2,4.0,0.0,51.0,10.0,0.0,530.0,0.0,5e-05,20000000.0,3837520.0,994832.0,2987024.0,817872.0,0.7415798918808395,0.7041311316760418
1041,5207.0,3.0,311.8,89.8,222.0,24.266000000000002,275.8,87.8,188.0,23.808,92308.8,24811.2,185664.0,50600.0,2.0,0.0,51.0,10.0,0.0,2720.0,0.0,5e-05,20000000.0,923088.0,248112.0,1856640.0,506000.0,0.712033502483375,0.6816314726874627
1042,5212.0,3.0,301.0,88.8,212.2,23.954,258.0,85.8,172.2,22.907999999999998,97393.6,26691.2,162832.0,46499.2,2.0,0.0,51.0,10.0,0.0,3080.0,0.0,5e-05,20000000.0,973936.0,266912.0,1628320.0,464992.0,0.7049358677193421,0.6674452443658037
1043,5217.0,3.0,302.0,80.0,222.0,26.04,162.8,50.4,112.4,24.919999999999998,364812.8,97928.0,284054.4,75915.2,4.0,0.0,51.0,10.0,0.0,440.0,0.0,5e-05,20000000.0,3648128.0,979280.0,2840544.0,759152.0,0.735079790859952,0.6903863103640072
1044,5222.0,3.0,237.6,68.2,169.4,24.1,89.4,28.2,61.2,19.718,662603.2,185427.2,255836.8,72585.6,7.0,0.0,51.0,10.0,0.0,2600.0,0.0,5e-05,20000000.0,6626032.0,1854272.0,2558368.0,725856.0,0.712979015343673,0.6845822716609233
1045,5227.0,3.0,304.8,92.6,212.2,21.896,239.6,80.2,159.4,20.985999999999997,77446.4,21643.2,147217.6,42569.6,2.0,0.0,51.0,10.0,0.0,4890.0,0.0,5e-05,20000000.0,774464.0,216432.0,1472176.0,425696.0,0.6961479511683943,0.6651469571514789
1046,5232.0,3.0,253.6,73.2,180.4,22.698,88.8,25.8,63.0,20.321999999999996,579235.2,164771.2,232841.6,69542.4,7.0,0.0,51.0,10.0,0.0,2840.0,0.0,5e-05,20000000.0,5792352.0,1647712.0,2328416.0,695424.0,0.7113350766103814,0.7095159618890732
1047,5237.0,3.0,158.6,46.2,112.4,24.415999999999997,37.2,11.0,26.2,24.387999999999998,777758.4,229134.4,275731.2,82233.6,14.0,0.0,51.0,10.0,0.0,1670.0,0.0,5e-05,20000000.0,7777584.0,2291344.0,2757312.0,822336.0,0.7086731749064565,0.7044096728307254
1048,5242.0,3.0,155.8,45.8,110.0,20.832,37.4,11.2,26.2,20.674,668756.8,194948.8,238694.4,74323.2,14.0,0.0,51.0,10.0,0.0,2060.0,0.0,5e-05,20000000.0,6687568.0,1949488.0,2386944.0,743232.0,0.7060357264657933,0.7007112375533427
1049,5247.0,3.0,306.4,92.8,213.6,24.006,252.0,77.8,174.2,24.381999999999998,88587.2,24972.8,179451.2,50859.2,2.0,0.0,51.0,10.0,0.0,3550.0,0.0,5e-05,20000000.0,885872.0,249728.0,1794512.0,508592.0,0.6971266109211534,0.6912330460804433
1050,5252.0,3.0,271.6,76.6,195.0,25.689999999999998,89.4,26.6,62.8,24.496000000000002,796918.4,221385.6,301587.2,84729.6,7.0,0.0,51.0,10.0,0.0,2560.0,0.0,5e-05,20000000.0,7969184.0,2213856.0,3015872.0,847296.0,0.7179610561640082,0.702381449724576
1051,5257.0,3.0,156.8,43.0,113.8,24.407999999999998,36.8,10.2,26.6,24.642000000000003,758211.2,201086.4,281404.8,76648.0,14.0,0.0,51.0,10.0,0.0,2230.0,0.0,5e-05,20000000.0,7582112.0,2010864.0,2814048.0,766480.0,0.7258685665898467,0.722657996342207
1052,5262.0,3.0,157.0,44.0,113.0,25.660000000000004,37.2,10.6,26.6,25.860000000000003,904622.4,248048.0,332336.0,93854.4,14.0,0.0,51.0,10.0,0.0,920.0,0.0,5e-05,20000000.0,9046224.0,2480480.0,3323360.0,938544.0,0.7197307514446065,0.7150782361308676
1053,5267.0,3.0,278.4,78.8,199.6,26.106,89.2,26.2,63.0,26.028,862377.6,241912.0,363032.0,97806.4,7.0,0.0,51.0,10.0,0.0,780.0,0.0,5e-05,20000000.0,8623776.0,2419120.0,3630320.0,978064.0,0.7169445169549624,0.706189844550341
1054,5272.0,3.0,303.8,85.6,218.2,25.422000000000004,256.8,76.0,180.8,25.24,91467.2,24910.4,183628.8,50252.8,2.0,0.0,51.0,10.0,0.0,4280.0,0.0,5e-05,20000000.0,914672.0,249104.0,1836288.0,502528.0,0.7182146384882901,0.7041470035778176
1055,5277.0,3.0,296.6,90.4,206.2,21.28,160.8,52.4,108.4,19.062,287664.0,80073.6,173987.2,46110.4,4.0,0.0,51.0,10.0,0.0,3910.0,0.0,5e-05,20000000.0,2876640.0,800736.0,1739872.0,461104.0,0.6951843554180215,0.6741158536585365
1056,5282.0,3.0,156.4,47.0,109.4,25.479999999999997,37.0,11.4,25.6,25.54,943539.2,261291.2,354513.6,95206.4,14.0,0.0,51.0,10.0,0.0,340.0,0.0,5e-05,20000000.0,9435392.0,2612912.0,3545136.0,952064.0,0.6994937122325657,0.6917659012395856
1057,5287.0,3.0,151.2,40.6,110.6,21.57,37.8,10.8,27.0,20.624,558497.6,160268.8,209787.2,69430.4,14.0,0.0,51.0,10.0,0.0,3640.0,0.0,5e-05,20000000.0,5584976.0,1602688.0,2097872.0,694304.0,0.7314545181486077,0.714366998577525
1058,5292.0,3.0,309.8,80.0,229.8,26.433999999999997,162.6,46.4,116.2,25.880000000000003,375240.0,97403.2,288680.0,75982.4,4.0,0.0,51.0,10.0,0.0,3990.0,0.0,5e-05,20000000.0,3752400.0,974032.0,2886800.0,759824.0,0.7417588046285747,0.71462306867746
1059,5297.0,3.0,314.4,101.0,213.4,22.914,247.6,74.8,172.8,24.85,79081.6,22240.0,176243.2,47849.6,2.0,0.0,51.0,10.0,0.0,3940.0,0.0,5e-05,20000000.0,790816.0,222400.0,1762432.0,478496.0,0.6787519382657189,0.6978823800193543
1060,5302.0,3.0,251.6,71.2,180.4,25.334,90.0,30.0,60.0,22.318,743424.0,199256.0,270830.4,76811.2,7.0,0.0,51.0,10.0,0.0,2030.0,0.0,5e-05,20000000.0,7434240.0,1992560.0,2708304.0,768112.0,0.7170609774389651,0.6667915417915418
1061,5307.0,3.0,156.2,45.4,110.8,25.596,37.2,10.6,26.6,25.839999999999996,934051.2,257188.8,349835.2,95627.2,14.0,0.0,51.0,10.0,0.0,590.0,0.0,5e-05,20000000.0,9340512.0,2571888.0,3498352.0,956272.0,0.7093026930606549,0.7149913070965702
1062,5312.0,3.0,155.0,42.4,112.6,17.798,37.6,10.0,27.6,16.24,407723.2,115552.0,65174.4,21358.4,14.0,0.0,51.0,10.0,0.0,4430.0,0.0,5e-05,20000000.0,4077232.0,1155520.0,651744.0,213584.0,0.7265652071333188,0.7339971550497866
1063,5317.0,3.0,157.8,43.0,114.8,26.558000000000003,37.0,10.0,27.0,27.0,977449.6,263692.8,371590.4,100656.0,14.0,0.0,51.0,10.0,0.0,270.0,0.0,5e-05,20000000.0,9774496.0,2636928.0,3715904.0,1006560.0,0.7275042328468919,0.7298640746009168
1064,5322.0,3.0,286.6,78.4,208.2,26.556,89.2,24.4,64.8,27.0,908889.6,246819.2,382763.2,102089.6,7.0,0.0,51.0,10.0,0.0,220.0,0.0,5e-05,20000000.0,9088896.0,2468192.0,3827632.0,1020896.0,0.7264364643143414,0.7264532970150948
1065,5327.0,3.0,289.0,84.4,204.6,23.874000000000002,165.8,53.2,112.6,20.69,335252.8,94241.6,199760.0,57185.6,4.0,0.0,51.0,10.0,0.0,3030.0,0.0,5e-05,20000000.0,3352528.0,942416.0,1997600.0,571856.0,0.7080069181003406,0.6790934633741703
1066,5332.0,3.0,155.8,46.4,109.4,22.262,37.2,12.2,25.0,22.468,667824.0,186617.6,263656.0,77417.6,14.0,0.0,51.0,10.0,0.0,1200.0,0.0,5e-05,20000000.0,6678240.0,1866176.0,2636560.0,774176.0,0.7020962368171553,0.6717243559348823
1067,5337.0,3.0,157.6,43.2,114.4,21.137999999999998,37.0,10.2,26.8,20.96,577675.2,168747.2,244430.4,73723.2,14.0,0.0,51.0,10.0,0.0,3610.0,0.0,5e-05,20000000.0,5776752.0,1687472.0,2444304.0,737232.0,0.7259477014139357,0.7246738467791098
1068,5342.0,3.0,303.0,80.0,223.0,25.919999999999998,163.0,53.0,110.0,24.428,378553.6,100856.0,262072.0,73518.4,4.0,0.0,51.0,10.0,0.0,680.0,0.0,5e-05,20000000.0,3785536.0,1008560.0,2620720.0,735184.0,0.7359320475798855,0.6748120797228608
1069,5347.0,3.0,269.2,75.2,194.0,26.098000000000003,89.8,27.2,62.6,24.716,825808.0,230401.6,331006.4,93268.8,7.0,0.0,51.0,10.0,0.0,1780.0,0.0,5e-05,20000000.0,8258080.0,2304016.0,3310064.0,932688.0,0.7206879751828501,0.6970394150169431
1070,5352.0,3.0,312.4,106.2,206.2,18.96,213.0,68.2,144.8,22.58,64699.2,18313.6,138680.0,39310.4,2.0,0.0,51.0,10.0,0.0,4930.0,0.0,5e-05,20000000.0,646992.0,183136.0,1386800.0,393104.0,0.6599354075354824,0.6797309364602404
1071,5357.0,3.0,271.0,79.4,191.6,25.683999999999997,87.0,27.4,59.6,24.928,815572.8,228908.8,344750.4,91257.6,7.0,0.0,51.0,10.0,0.0,900.0,0.0,5e-05,20000000.0,8155728.0,2289088.0,3447504.0,912576.0,0.7069790979126018,0.6851054596966345
1072,5362.0,3.0,151.8,41.2,110.6,17.372000000000003,37.8,11.0,26.8,17.028,413323.2,117979.2,188899.2,58531.2,14.0,0.0,51.0,10.0,0.0,4650.0,0.0,5e-05,20000000.0,4133232.0,1179792.0,1888992.0,585312.0,0.7285966163179787,0.7091038406827881
1073,5367.0,3.0,313.2,80.0,233.2,26.601999999999997,277.6,79.6,198.0,26.462,97670.4,25081.6,221915.2,61670.4,2.0,0.0,51.0,10.0,0.0,1650.0,0.0,5e-05,20000000.0,976704.0,250816.0,2219152.0,616704.0,0.7445453459448182,0.7132945390669857
1074,5372.0,3.0,154.8,45.2,109.6,21.226000000000003,36.2,11.0,25.2,20.76,601236.8,176904.0,262025.6,70368.0,14.0,0.0,51.0,10.0,0.0,4560.0,0.0,5e-05,20000000.0,6012368.0,1769040.0,2620256.0,703680.0,0.7080463298088119,0.6958368895211
1075,5377.0,3.0,155.6,43.8,111.8,24.56,36.0,12.2,23.8,24.6,855604.8,231660.8,346232.0,102380.8,14.0,0.0,51.0,10.0,0.0,520.0,0.0,5e-05,20000000.0,8556048.0,2316608.0,3462320.0,1023808.0,0.7185416730533725,0.6608703130374958
1076,5382.0,3.0,300.6,92.0,208.6,23.767999999999997,252.6,85.0,167.6,21.088,79232.0,21086.4,153353.6,42307.2,2.0,0.0,51.0,10.0,0.0,3800.0,0.0,5e-05,20000000.0,792320.0,210864.0,1533536.0,423072.0,0.6939766884456204,0.6639270287892848
1077,5387.0,3.0,233.6,67.4,166.2,24.406,89.6,29.8,59.8,19.637999999999998,650348.8,180272.0,235512.0,68504.0,7.0,0.0,51.0,10.0,0.0,2390.0,0.0,5e-05,20000000.0,6503488.0,1802720.0,2355120.0,685040.0,0.7114309674785655,0.6674953595395784
1078,5392.0,3.0,285.0,78.4,206.6,26.52,89.0,24.4,64.6,27.0,901912.0,246884.8,386076.8,104480.0,7.0,0.0,51.0,10.0,0.0,130.0,0.0,5e-05,20000000.0,9019120.0,2468848.0,3860768.0,1044800.0,0.724908029932845,0.725914315569488
1079,5397.0,3.0,279.4,79.2,200.2,26.038,90.0,26.4,63.6,25.8,855896.0,237704.0,349804.8,93953.6,7.0,0.0,51.0,10.0,0.0,950.0,0.0,5e-05,20000000.0,8558960.0,2377040.0,3498048.0,939536.0,0.7165420261655445,0.7067163445033499
1080,5402.0,3.0,280.4,95.2,185.2,19.154000000000003,164.6,72.4,92.2,15.11,249752.0,71400.0,139640.0,40121.6,4.0,0.0,51.0,10.0,0.0,3000.0,0.0,5e-05,20000000.0,2497520.0,714000.0,1396400.0,401216.0,0.6604277919844319,0.5602441731780934
1081,5407.0,3.0,255.6,73.0,182.6,20.444,92.0,27.4,64.6,18.119999999999997,561112.0,156569.6,192619.2,57952.0,7.0,0.0,51.0,10.0,0.0,3130.0,0.0,5e-05,20000000.0,5611120.0,1565696.0,1926192.0,579520.0,0.7143335984937866,0.7020750170820298
1082,5412.0,3.0,284.8,78.4,206.4,26.588,89.8,24.6,65.2,27.0,913520.0,251073.6,370404.8,99083.2,7.0,0.0,51.0,10.0,0.0,1570.0,0.0,5e-05,20000000.0,9135200.0,2510736.0,3704048.0,990832.0,0.7247231221953239,0.7260493048719722
1083,5417.0,3.0,277.4,78.2,199.2,26.195999999999998,89.8,26.6,63.2,25.802,861896.0,240022.4,360651.2,99902.4,7.0,0.0,51.0,10.0,0.0,1430.0,0.0,5e-05,20000000.0,8618960.0,2400224.0,3606512.0,999024.0,0.7180877967085905,0.7035608600194285
1084,5422.0,3.0,310.0,80.0,230.0,26.332,163.4,47.6,115.8,26.020000000000003,363387.2,94233.6,292449.6,79809.6,4.0,0.0,51.0,10.0,0.0,100.0,0.0,5e-05,20000000.0,3633872.0,942336.0,2924496.0,798096.0,0.7419237602632409,0.7087923640819647
1085,5427.0,3.0,157.0,42.2,114.8,22.074,37.0,10.2,26.8,21.915999999999997,635289.6,177065.6,246168.0,74083.2,14.0,0.0,51.0,10.0,0.0,3110.0,0.0,5e-05,20000000.0,6352896.0,1770656.0,2461680.0,740832.0,0.7312235284468817,0.7243085190453611
1086,5432.0,3.0,310.4,91.4,219.0,24.808,252.4,75.0,177.4,25.631999999999998,92270.4,25147.2,193616.0,52648.0,2.0,0.0,51.0,10.0,0.0,2890.0,0.0,5e-05,20000000.0,922704.0,251472.0,1936160.0,526480.0,0.7055500697428382,0.7027910656183978
1087,5437.0,3.0,256.0,74.0,182.0,24.806,90.8,28.2,62.6,22.392000000000003,721688.0,202952.0,278201.6,77473.6,7.0,0.0,51.0,10.0,0.0,2170.0,0.0,5e-05,20000000.0,7216880.0,2029520.0,2782016.0,774736.0,0.7109472752507605,0.6893443546506249
1088,5442.0,3.0,308.8,86.0,222.8,25.398000000000003,161.0,49.2,111.8,25.003999999999998,356112.0,95003.2,276656.0,73054.4,4.0,0.0,51.0,10.0,0.0,1090.0,0.0,5e-05,20000000.0,3561120.0,950032.0,2766560.0,730544.0,0.721482610614124,0.6943771742394709
1089,5447.0,3.0,314.6,80.0,234.6,26.534,276.0,78.2,197.8,26.606,92716.8,23715.2,224756.8,61571.2,2.0,0.0,51.0,10.0,0.0,1450.0,0.0,5e-05,20000000.0,927168.0,237152.0,2247568.0,615712.0,0.7456889098298511,0.7166590872959896
1090,5452.0,3.0,154.4,43.4,111.0,18.552,37.2,11.2,26.0,18.238000000000003,565467.2,159505.6,172137.6,54966.4,14.0,0.0,51.0,10.0,0.0,4610.0,0.0,5e-05,20000000.0,5654672.0,1595056.0,1721376.0,549664.0,0.718683162582819,0.6988782767730136
1091,5457.0,3.0,288.0,80.0,208.0,25.580000000000002,164.6,59.4,105.2,22.65,341060.8,94708.8,243084.8,67712.0,4.0,0.0,51.0,10.0,0.0,800.0,0.0,5e-05,20000000.0,3410608.0,947088.0,2430848.0,677120.0,0.7222317798572842,0.6390994553816747
1092,5462.0,3.0,240.2,67.4,172.8,16.631999999999998,92.0,26.8,65.2,11.91,352222.4,107105.6,89832.0,34492.8,7.0,0.0,51.0,10.0,0.0,3720.0,0.0,5e-05,20000000.0,3522224.0,1071056.0,898320.0,344928.0,0.7192800868183397,0.7087151744935756
1093,5467.0,3.0,244.0,68.0,176.0,25.962,91.6,31.2,60.4,21.748,752041.6,208067.2,298587.2,81900.8,7.0,0.0,51.0,10.0,0.0,1700.0,0.0,5e-05,20000000.0,7520416.0,2080672.0,2985872.0,819008.0,0.7212778752414767,0.6593072316494477
1094,5472.0,3.0,293.6,92.2,201.4,21.234,162.8,56.2,106.6,18.796,287105.6,81884.8,185788.8,53464.0,4.0,0.0,51.0,10.0,0.0,3130.0,0.0,5e-05,20000000.0,2871056.0,818848.0,1857888.0,534640.0,0.6858999224117829,0.655264479110633
1095,5477.0,3.0,285.6,77.6,208.0,26.528,88.6,23.4,65.2,27.0,895854.4,242409.6,381208.0,99350.4,7.0,0.0,51.0,10.0,0.0,470.0,0.0,5e-05,20000000.0,8958544.0,2424096.0,3812080.0,993504.0,0.7282840630615468,0.7358479118212155
1096,5482.0,3.0,313.4,91.4,222.0,23.806,165.2,52.2,113.0,23.424,330449.6,88705.6,267555.2,69966.4,4.0,0.0,51.0,10.0,0.0,2580.0,0.0,5e-05,20000000.0,3304496.0,887056.0,2675552.0,699664.0,0.7083481237700475,0.6839128482426007
1097,5487.0,3.0,279.2,86.2,193.0,25.106,90.0,29.0,61.0,24.672000000000004,832238.4,228625.6,333182.4,86956.8,7.0,0.0,51.0,10.0,0.0,790.0,0.0,5e-05,20000000.0,8322384.0,2286256.0,3331824.0,869568.0,0.6914160057070952,0.677811252417994
1098,5492.0,3.0,299.0,84.6,214.4,25.366000000000003,253.6,81.0,172.6,24.23,101136.0,27625.6,176734.4,48560.0,2.0,0.0,51.0,10.0,0.0,2160.0,0.0,5e-05,20000000.0,1011360.0,276256.0,1767344.0,485600.0,0.716992198128442,0.6807597338996035
1099,5497.0,3.0,305.8,97.6,208.2,22.2,250.6,83.8,166.8,22.624000000000002,75390.4,20721.6,166582.4,46419.2,2.0,0.0,51.0,10.0,0.0,4220.0,0.0,5e-05,20000000.0,753904.0,207216.0,1665824.0,464192.0,0.6808087138944654,0.6656938634618688
1100,5502.0,3.0,238.0,65.6,172.4,25.282,90.2,26.6,63.6,21.241999999999997,699808.0,191596.8,243017.6,67219.2,7.0,0.0,51.0,10.0,0.0,3330.0,0.0,5e-05,20000000.0,6998080.0,1915968.0,2430176.0,672192.0,0.7243593208303702,0.7051144860133624
1101,5507.0,3.0,147.2,41.6,105.6,17.247999999999998,37.8,12.0,25.8,15.264,409006.4,114313.6,189827.2,59078.4,14.0,0.0,51.0,10.0,0.0,4790.0,0.0,5e-05,20000000.0,4090064.0,1143136.0,1898272.0,590784.0,0.7172593646277858,0.6825035561877667
1102,5512.0,3.0,303.2,81.8,221.4,26.333999999999996,268.0,83.4,184.6,25.276,96689.6,26137.6,199044.8,54667.2,2.0,0.0,51.0,10.0,0.0,1040.0,0.0,5e-05,20000000.0,966896.0,261376.0,1990448.0,546672.0,0.7301754385964913,0.6888767234926959
1103,5517.0,3.0,244.8,69.6,175.2,24.869999999999997,92.4,31.4,61.0,21.595999999999997,681001.6,188353.6,262256.0,73316.8,7.0,0.0,51.0,10.0,0.0,2250.0,0.0,5e-05,20000000.0,6810016.0,1883536.0,2622560.0,733168.0,0.7157055325719011,0.6601686598630571
1104,5522.0,3.0,264.2,79.6,184.6,22.859999999999996,91.0,29.8,61.2,21.169999999999998,637275.2,177787.2,280736.0,78814.4,7.0,0.0,51.0,10.0,0.0,2060.0,0.0,5e-05,20000000.0,6372752.0,1777872.0,2807360.0,788144.0,0.6986458344283634,0.6724419061163024
1105,5527.0,3.0,219.8,63.8,156.0,23.486,92.8,28.4,64.4,16.798000000000002,551758.4,165601.6,168297.6,51179.2,7.0,0.0,51.0,10.0,0.0,4960.0,0.0,5e-05,20000000.0,5517584.0,1656016.0,1682976.0,511792.0,0.7096812002910061,0.6941656818779963
1106,5532.0,3.0,149.4,44.0,105.4,18.119999999999997,37.8,11.2,26.6,16.334,445363.2,130356.8,178291.2,49750.4,14.0,0.0,51.0,10.0,0.0,4490.0,0.0,5e-05,20000000.0,4453632.0,1303568.0,1782912.0,497504.0,0.705346957300474,0.7038406827880511
1107,5537.0,3.0,156.4,46.8,109.6,23.43,36.8,11.2,25.6,23.468,721193.6,199632.0,283088.0,75112.0,14.0,0.0,51.0,10.0,0.0,1550.0,0.0,5e-05,20000000.0,7211936.0,1996320.0,2830880.0,751120.0,0.7007298097839147,0.6955280357757138
1108,5542.0,3.0,300.8,93.6,207.2,22.881999999999998,159.6,58.8,100.8,21.886,310638.4,83635.2,245984.0,68812.8,4.0,0.0,51.0,10.0,0.0,1240.0,0.0,5e-05,20000000.0,3106384.0,836352.0,2459840.0,688128.0,0.6887507687817285,0.6315715434496914
1109,5547.0,3.0,157.6,43.2,114.4,26.636000000000003,36.8,9.8,27.0,27.0,984196.8,267452.8,370937.6,98356.8,14.0,0.0,51.0,10.0,0.0,10.0,0.0,5e-05,20000000.0,9841968.0,2674528.0,3709376.0,983568.0,0.7258969604128033,0.7339971550497866
1110,5552.0,3.0,157.6,42.0,115.6,21.026,36.8,10.2,26.6,20.782,576321.6,166217.6,247664.0,70528.0,14.0,0.0,51.0,10.0,0.0,3960.0,0.0,5e-05,20000000.0,5763216.0,1662176.0,2476640.0,705280.0,0.7334830231312938,0.7231091241617558
1111,5557.0,3.0,241.6,69.6,172.0,23.662,93.2,27.8,65.4,19.305999999999997,600187.2,169604.8,217697.6,59584.0,7.0,0.0,51.0,10.0,0.0,3010.0,0.0,5e-05,20000000.0,6001872.0,1696048.0,2176976.0,595840.0,0.7118775084697168,0.7017710602488736
1112,5562.0,3.0,311.8,101.4,210.4,23.686,245.0,68.8,176.2,26.420000000000005,82052.8,23652.8,195792.0,52600.0,2.0,0.0,51.0,10.0,0.0,2130.0,0.0,5e-05,20000000.0,820528.0,236528.0,1957920.0,526000.0,0.6748193344336476,0.7188875538736508
1113,5567.0,3.0,156.2,49.4,106.8,24.562000000000005,36.6,12.6,24.0,24.633999999999997,882616.0,237702.4,343987.2,95947.2,14.0,0.0,51.0,10.0,0.0,310.0,0.0,5e-05,20000000.0,8826160.0,2377024.0,3439872.0,959472.0,0.6837474217629381,0.6556336787915734
1114,5572.0,3.0,306.4,80.0,226.4,26.591999999999995,275.2,83.2,192.0,25.746,99475.2,26043.2,212755.2,59025.6,2.0,0.0,51.0,10.0,0.0,1610.0,0.0,5e-05,20000000.0,994752.0,260432.0,2127552.0,590256.0,0.7388892359662684,0.6977757263976078
1115,5577.0,3.0,156.6,41.4,115.2,23.224,37.4,10.0,27.4,23.254,657672.0,174092.8,211318.4,57003.2,14.0,0.0,51.0,10.0,0.0,3690.0,0.0,5e-05,20000000.0,6576720.0,1740928.0,2113184.0,570032.0,0.735630340996583,0.7326458036984352
1116,5582.0,3.0,241.8,64.2,177.6,23.648,90.8,26.6,64.2,19.749999999999996,596248.0,159552.0,238878.4,69102.4,7.0,0.0,51.0,10.0,0.0,3810.0,0.0,5e-05,20000000.0,5962480.0,1595520.0,2388784.0,691024.0,0.7344880106072148,0.7071927320266873
1117,5587.0,3.0,156.6,51.0,105.6,22.374000000000002,37.6,11.6,26.0,22.496000000000002,701609.6,198832.0,275366.4,76992.0,14.0,0.0,51.0,10.0,0.0,1510.0,0.0,5e-05,20000000.0,7016096.0,1988320.0,2753664.0,769920.0,0.6743398509405693,0.6915204678362572
1118,5592.0,3.0,296.8,81.6,215.2,25.404000000000003,165.0,49.2,115.8,23.418,367168.0,99172.8,218960.0,59912.0,4.0,0.0,51.0,10.0,0.0,3690.0,0.0,5e-05,20000000.0,3671680.0,991728.0,2189600.0,599120.0,0.7250452386783579,0.7018407629186073
1119,5597.0,3.0,259.0,69.4,189.6,25.726,91.2,25.4,65.8,23.158,750108.8,200219.2,220091.2,59568.0,7.0,0.0,51.0,10.0,0.0,3690.0,0.0,5e-05,20000000.0,7501088.0,2002192.0,2200912.0,595680.0,0.7320473680784341,0.7214599762718962
1120,5602.0,3.0,284.2,82.2,202.0,23.16,163.4,54.0,109.4,20.112000000000002,303737.6,85648.0,203347.2,56542.4,4.0,0.0,51.0,10.0,0.0,3810.0,0.0,5e-05,20000000.0,3037376.0,856480.0,2033472.0,565424.0,0.7109831825439152,0.6693361744878374
1121,5607.0,3.0,156.6,46.0,110.6,21.198,37.8,11.0,26.8,21.306,580835.2,164078.4,227768.0,65774.4,14.0,0.0,51.0,10.0,0.0,2500.0,0.0,5e-05,20000000.0,5808352.0,1640784.0,2277680.0,657744.0,0.7062703138805435,0.7091038406827881
1122,5612.0,3.0,309.6,96.0,213.6,21.732,228.4,69.8,158.6,24.244,74904.0,20528.0,156782.4,44068.8,2.0,0.0,51.0,10.0,0.0,4510.0,0.0,5e-05,20000000.0,749040.0,205280.0,1567824.0,440688.0,0.6899231514392552,0.6946362242685773
1123,5617.0,3.0,320.0,103.0,217.0,23.95,162.6,48.8,113.8,25.22,300532.8,82784.0,271252.8,72646.4,4.0,0.0,51.0,10.0,0.0,970.0,0.0,5e-05,20000000.0,3005328.0,827840.0,2712528.0,726464.0,0.678125,0.6998923894355975
1124,5622.0,3.0,154.8,44.8,110.0,18.628,38.0,11.0,27.0,18.410000000000004,471716.8,138956.8,197078.4,58363.2,14.0,0.0,51.0,10.0,0.0,4900.0,0.0,5e-05,20000000.0,4717168.0,1389568.0,1970784.0,583632.0,0.7104143250965238,0.7105263157894737
1125,5627.0,3.0,266.6,73.2,193.4,26.157999999999998,89.8,28.6,61.2,24.613999999999997,833476.8,221544.0,338353.6,95059.2,7.0,0.0,51.0,10.0,0.0,1540.0,0.0,5e-05,20000000.0,8334768.0,2215440.0,3383536.0,950592.0,0.725444779934478,0.6815388517862281
1126,5632.0,3.0,314.2,101.2,213.0,19.246000000000002,220.6,66.2,154.4,23.479999999999997,64790.4,18552.0,152976.0,43444.8,2.0,0.0,51.0,10.0,0.0,4800.0,0.0,5e-05,20000000.0,647904.0,185520.0,1529760.0,434448.0,0.6779331999104377,0.6998758785255363
1127,5637.0,3.0,300.6,88.8,211.8,23.028000000000002,168.6,50.4,118.2,21.04,302806.4,83894.4,128260.8,35617.6,4.0,0.0,51.0,10.0,0.0,4710.0,0.0,5e-05,20000000.0,3028064.0,838944.0,1282608.0,356176.0,0.7045704016307901,0.7010248175328542
1128,5642.0,3.0,156.8,44.4,112.4,23.476,37.8,10.8,27.0,23.576,684840.0,192568.0,269475.2,87059.2,14.0,0.0,51.0,10.0,0.0,4940.0,0.0,5e-05,20000000.0,6848400.0,1925680.0,2694752.0,870592.0,0.7167990765856664,0.714366998577525
1129,5647.0,3.0,153.0,43.6,109.4,21.406000000000002,38.0,11.0,27.0,21.137999999999998,561236.8,159528.0,202777.6,57672.0,14.0,0.0,51.0,10.0,0.0,2250.0,0.0,5e-05,20000000.0,5612368.0,1595280.0,2027776.0,576720.0,0.7151442251748408,0.7105263157894737
1130,5652.0,3.0,320.0,80.0,240.0,26.642000000000003,284.4,78.4,206.0,27.0,96454.4,24113.6,232576.0,64134.4,2.0,0.0,51.0,10.0,0.0,660.0,0.0,5e-05,20000000.0,964544.0,241136.0,2325760.0,641344.0,0.75,0.7243153677094882
1131,5657.0,3.0,311.4,89.4,222.0,24.708000000000002,263.8,76.0,187.8,25.774,80024.0,21969.6,195416.0,53960.0,2.0,0.0,51.0,10.0,0.0,4860.0,0.0,5e-05,20000000.0,800240.0,219696.0,1954160.0,539600.0,0.7129011244758608,0.7119128004403759
1132,5662.0,3.0,150.8,42.8,108.0,21.778,37.2,10.8,26.4,20.532000000000004,580406.4,165910.4,235880.0,73041.6,14.0,0.0,51.0,10.0,0.0,3100.0,0.0,5e-05,20000000.0,5804064.0,1659104.0,2358800.0,730416.0,0.7158960148951049,0.7098150782361309
1133,5667.0,3.0,156.2,43.2,113.0,24.54,37.0,10.2,26.8,25.378,789787.2,222006.4,311998.4,90532.8,14.0,0.0,51.0,10.0,0.0,1900.0,0.0,5e-05,20000000.0,7897872.0,2220064.0,3119984.0,905328.0,0.7234135679635597,0.724387545440177
1134,5672.0,3.0,261.6,74.2,187.4,23.07,93.0,27.4,65.6,21.124000000000002,592792.0,171000.0,218670.4,59868.8,7.0,0.0,51.0,10.0,0.0,4870.0,0.0,5e-05,20000000.0,5927920.0,1710000.0,2186704.0,598688.0,0.7163373463504801,0.7053397391901167
1135,5677.0,3.0,309.8,101.2,208.6,22.014,230.2,73.8,156.4,23.518,83649.6,23297.6,159308.8,43929.6,2.0,0.0,51.0,10.0,0.0,4180.0,0.0,5e-05,20000000.0,836496.0,232976.0,1593088.0,439296.0,0.6733558393263372,0.6793070359875679
1136,5682.0,3.0,301.8,80.0,221.8,26.07,163.2,50.6,112.6,25.032,374707.2,101243.2,273748.8,75161.6,4.0,0.0,51.0,10.0,0.0,1610.0,0.0,5e-05,20000000.0,3747072.0,1012432.0,2737488.0,751616.0,0.7349198269808279,0.6903069024064385
1137,5687.0,3.0,274.0,76.2,197.8,26.526,90.6,26.0,64.6,25.798000000000002,874844.8,238803.2,344156.8,94425.6,7.0,0.0,51.0,10.0,0.0,760.0,0.0,5e-05,20000000.0,8748448.0,2388032.0,3441568.0,944256.0,0.7219143878488923,0.7130437919568354
1138,5692.0,3.0,150.8,43.6,107.2,22.764,37.6,12.0,25.6,22.006000000000004,729315.2,206771.2,284520.0,80732.8,14.0,0.0,51.0,10.0,0.0,1700.0,0.0,5e-05,20000000.0,7293152.0,2067712.0,2845200.0,807328.0,0.7108455263864739,0.6809388335704124
1139,5697.0,3.0,155.4,42.6,112.8,23.394,37.8,10.6,27.2,23.625999999999998,707713.6,203904.0,270160.0,78323.2,14.0,0.0,51.0,10.0,0.0,3850.0,0.0,5e-05,20000000.0,7077136.0,2039040.0,2701600.0,783232.0,0.7257557992433256,0.7196301564722617
1140,5702.0,3.0,156.6,43.4,113.2,25.57,37.4,10.4,27.0,25.845999999999997,874475.2,241692.8,333881.6,93012.8,14.0,0.0,51.0,10.0,0.0,1850.0,0.0,5e-05,20000000.0,8744752.0,2416928.0,3338816.0,930128.0,0.7228717584602087,0.7218045112781956
1141,5707.0,3.0,151.0,42.2,108.8,22.895999999999997,37.4,12.6,24.8,22.302,696659.2,192174.4,290899.2,78257.6,14.0,0.0,51.0,10.0,0.0,1400.0,0.0,5e-05,20000000.0,6966592.0,1921744.0,2908992.0,782576.0,0.7205486552534003,0.6632053105737317
1142,5712.0,3.0,274.6,76.6,198.0,26.366000000000003,89.0,26.0,63.0,25.826,863160.0,236630.4,359083.2,96696.0,7.0,0.0,51.0,10.0,0.0,1280.0,0.0,5e-05,20000000.0,8631600.0,2366304.0,3590832.0,966960.0,0.7210667362220355,0.7077916670657842
1143,5717.0,3.0,311.6,85.8,225.8,25.204,166.4,52.2,114.2,24.408,343224.0,90513.6,249664.0,69534.4,4.0,0.0,51.0,10.0,0.0,1690.0,0.0,5e-05,20000000.0,3432240.0,905136.0,2496640.0,695344.0,0.7246793365714955,0.6863053642878609
1144,5722.0,3.0,320.0,96.0,224.0,25.203999999999997,273.8,76.0,197.8,26.922000000000004,90336.0,24177.6,222950.4,61489.6,2.0,0.0,51.0,10.0,0.0,430.0,0.0,5e-05,20000000.0,903360.0,241776.0,2229504.0,614896.0,0.7,0.7225126919290222
1145,5727.0,3.0,265.2,74.0,191.2,26.292,89.4,29.4,60.0,24.538,831974.4,227446.4,340089.6,93436.8,7.0,0.0,51.0,10.0,0.0,520.0,0.0,5e-05,20000000.0,8319744.0,2274464.0,3400896.0,934368.0,0.7209607369723482,0.670996419311026
1146,5732.0,3.0,158.2,46.8,111.4,24.532,38.0,11.2,26.8,24.736,816240.0,226251.2,307784.0,86603.2,14.0,0.0,51.0,10.0,0.0,1580.0,0.0,5e-05,20000000.0,8162400.0,2262512.0,3077840.0,866032.0,0.7041520686741011,0.7052631578947369
1147,5737.0,3.0,263.0,72.2,190.8,26.412,91.4,27.8,63.6,24.645999999999997,834844.8,225659.2,325404.8,90081.6,7.0,0.0,51.0,10.0,0.0,1660.0,0.0,5e-05,20000000.0,8348448.0,2256592.0,3254048.0,900816.0,0.7255085148294326,0.6957316789391333
1148,5742.0,3.0,297.0,88.6,208.4,23.462,269.8,89.0,180.8,19.945999999999998,95827.2,26694.4,146108.8,40115.2,2.0,0.0,51.0,10.0,0.0,4020.0,0.0,5e-05,20000000.0,958272.0,266944.0,1461088.0,401152.0,0.7017126849575558,0.6701576358727601
1149,5747.0,3.0,151.6,43.4,108.2,16.986,37.8,11.6,26.2,15.966,414988.8,112924.8,171641.6,61627.2,14.0,0.0,51.0,10.0,0.0,4530.0,0.0,5e-05,20000000.0,4149888.0,1129248.0,1716416.0,616272.0,0.713663624892521,0.6928876244665718
1150,5752.0,3.0,313.2,80.0,233.2,26.529999999999994,277.6,79.2,198.4,26.458,92608.0,23715.2,223313.6,61360.0,2.0,0.0,51.0,10.0,0.0,1330.0,0.0,5e-05,20000000.0,926080.0,237152.0,2233136.0,613600.0,0.7445696653364386,0.7147364937644302
1151,5757.0,3.0,156.6,48.8,107.8,24.46,36.8,11.6,25.2,24.889999999999997,897480.0,248224.0,333502.4,88436.8,14.0,0.0,51.0,10.0,0.0,900.0,0.0,5e-05,20000000.0,8974800.0,2482240.0,3335024.0,884368.0,0.6883647798742137,0.684629140418614
1152,5762.0,3.0,303.6,92.0,211.6,22.194,164.0,52.4,111.6,21.514,267675.2,73892.8,204702.4,53620.8,4.0,0.0,51.0,10.0,0.0,3950.0,0.0,5e-05,20000000.0,2676752.0,738928.0,2047024.0,536208.0,0.6969519240166309,0.6804752153765683
1153,5767.0,3.0,157.8,43.0,114.8,26.558000000000003,37.0,10.0,27.0,27.0,977449.6,263692.8,371590.4,100656.0,14.0,0.0,51.0,10.0,0.0,470.0,0.0,5e-05,20000000.0,9774496.0,2636928.0,3715904.0,1006560.0,0.7275042328468919,0.7298640746009168
1154,5772.0,3.0,285.0,99.4,185.6,19.520000000000003,162.4,68.2,94.2,16.258,248060.8,67825.6,188803.2,54816.0,4.0,0.0,51.0,10.0,0.0,2120.0,0.0,5e-05,20000000.0,2480608.0,678256.0,1888032.0,548160.0,0.6513065855262541,0.5800343930098532
1155,5777.0,3.0,149.2,41.2,108.0,21.955999999999996,36.6,10.0,26.6,19.674,658968.0,188784.0,226390.4,66020.8,14.0,0.0,51.0,10.0,0.0,2010.0,0.0,5e-05,20000000.0,6589680.0,1887840.0,2263904.0,660208.0,0.7238235858101629,0.726647700331911
1156,5782.0,3.0,158.8,46.0,112.8,25.582,37.4,11.0,26.4,25.867999999999995,902742.4,247384.0,343272.0,91265.6,14.0,0.0,51.0,10.0,0.0,640.0,0.0,5e-05,20000000.0,9027424.0,2473840.0,3432720.0,912656.0,0.7103641389256098,0.7057452189031135
1157,5787.0,3.0,275.4,76.8,198.6,26.416000000000004,88.8,26.8,62.0,25.809999999999995,865784.0,239310.4,362580.8,98601.6,7.0,0.0,51.0,10.0,0.0,40.0,0.0,5e-05,20000000.0,8657840.0,2393104.0,3625808.0,986016.0,0.7211238144103811,0.6982896944430322
1158,5792.0,3.0,152.8,46.0,106.8,15.12,37.0,10.8,26.2,13.866,352536.0,101193.6,88412.8,30668.8,14.0,0.0,51.0,10.0,0.0,1710.0,0.0,5e-05,20000000.0,3525360.0,1011936.0,884128.0,306688.0,0.6989458865867535,0.7078789315631421
1159,5797.0,3.0,307.0,83.2,223.8,25.78,163.2,47.4,115.8,24.616,340616.0,90936.0,271601.6,72228.8,4.0,0.0,51.0,10.0,0.0,2450.0,0.0,5e-05,20000000.0,3406160.0,909360.0,2716016.0,722288.0,0.7290140725673484,0.7093849051988665
1160,5802.0,3.0,297.0,88.0,209.0,22.44,161.4,53.8,107.6,19.934,302732.8,83072.0,196115.2,56016.0,4.0,0.0,51.0,10.0,0.0,3780.0,0.0,5e-05,20000000.0,3027328.0,830720.0,1961152.0,560160.0,0.703706987781106,0.6666004267804747
1161,5807.0,3.0,268.8,77.8,191.0,19.808,159.2,51.6,107.6,14.825999999999999,248275.2,70620.8,128520.0,37828.8,4.0,0.0,51.0,10.0,0.0,4750.0,0.0,5e-05,20000000.0,2482752.0,706208.0,1285200.0,378288.0,0.7107295532533907,0.6758767289881231
1162,5812.0,3.0,233.8,68.6,165.2,23.088,91.0,29.0,62.0,18.308,595236.8,169214.4,180416.0,51494.4,7.0,0.0,51.0,10.0,0.0,3050.0,0.0,5e-05,20000000.0,5952368.0,1692144.0,1804160.0,514944.0,0.7065898370591523,0.6809751087310694
1163,5817.0,3.0,311.2,80.0,231.2,26.344,165.0,48.0,117.0,26.065999999999995,353886.4,91081.6,286435.2,79995.2,4.0,0.0,51.0,10.0,0.0,360.0,0.0,5e-05,20000000.0,3538864.0,910816.0,2864352.0,799952.0,0.7429227508667019,0.7091822375155709
1164,5822.0,3.0,156.8,48.6,108.2,23.232,37.8,10.8,27.0,23.157999999999998,694897.6,201569.6,215577.6,61740.8,14.0,0.0,51.0,10.0,0.0,1340.0,0.0,5e-05,20000000.0,6948976.0,2015696.0,2155776.0,617408.0,0.6900327050734211,0.7142247510668562
1165,5827.0,3.0,284.8,78.4,206.4,26.588,89.8,24.6,65.2,27.0,913520.0,251073.6,370404.8,99083.2,7.0,0.0,51.0,10.0,0.0,150.0,0.0,5e-05,20000000.0,9135200.0,2510736.0,3704048.0,990832.0,0.7247231221953239,0.7260493048719722
1166,5832.0,3.0,306.4,99.0,207.4,23.958000000000002,252.2,79.8,172.4,24.142000000000003,83339.2,23353.6,173168.0,47598.4,2.0,0.0,51.0,10.0,0.0,3330.0,0.0,5e-05,20000000.0,833392.0,233536.0,1731680.0,475984.0,0.6769159467824892,0.6836034943371629
1167,5837.0,3.0,156.8,46.2,110.6,18.106,38.0,11.2,26.8,18.061999999999998,487872.0,144201.6,183068.8,54481.6,14.0,0.0,51.0,10.0,0.0,4540.0,0.0,5e-05,20000000.0,4878720.0,1442016.0,1830688.0,544816.0,0.7053789268737225,0.7052631578947369
1168,5842.0,3.0,258.2,74.6,183.6,24.338,90.2,28.0,62.2,22.172,687772.8,198744.0,264324.8,75320.0,7.0,0.0,51.0,10.0,0.0,2740.0,0.0,5e-05,20000000.0,6877728.0,1987440.0,2643248.0,753200.0,0.711067735804862,0.6896310930018794
1169,5847.0,3.0,148.8,40.4,108.4,18.362,37.2,10.4,26.8,16.964000000000002,428257.6,113955.2,182627.2,55196.8,14.0,0.0,51.0,10.0,0.0,4040.0,0.0,5e-05,20000000.0,4282576.0,1139552.0,1826272.0,551968.0,0.7283850044783543,0.7205468626521258
1170,5852.0,3.0,293.2,85.6,207.6,23.704,163.2,56.8,106.4,21.284,340240.0,93744.0,220216.0,62899.2,4.0,0.0,51.0,10.0,0.0,2930.0,0.0,5e-05,20000000.0,3402400.0,937440.0,2202160.0,628992.0,0.7080239508623742,0.6518124258814408
1171,5857.0,3.0,268.4,86.2,182.2,17.782,165.6,62.2,103.4,11.925999999999998,212644.8,58356.8,117881.6,34550.4,4.0,0.0,51.0,10.0,0.0,3710.0,0.0,5e-05,20000000.0,2126448.0,583568.0,1178816.0,345504.0,0.6787599870899652,0.6244245782623685
1172,5862.0,3.0,309.8,80.0,229.8,26.381999999999998,167.0,49.8,117.2,25.803999999999995,369841.6,95900.8,291702.4,77401.6,4.0,0.0,51.0,10.0,0.0,510.0,0.0,5e-05,20000000.0,3698416.0,959008.0,2917024.0,774016.0,0.7417458497690254,0.7018049877289692
1173,5867.0,3.0,306.8,96.4,210.4,23.326,264.8,93.0,171.8,21.984,84552.0,23270.4,152137.6,44240.0,2.0,0.0,51.0,10.0,0.0,4100.0,0.0,5e-05,20000000.0,845520.0,232704.0,1521376.0,442400.0,0.6857435796401297,0.6489581299439121
1174,5872.0,3.0,281.2,79.0,202.2,25.944,90.4,25.0,65.4,25.758000000000003,839537.6,231488.0,344043.2,94392.0,7.0,0.0,51.0,10.0,0.0,2570.0,0.0,5e-05,20000000.0,8395376.0,2314880.0,3440432.0,943920.0,0.7190736278906684,0.7234669648037266
1175,5877.0,3.0,291.4,85.4,206.0,24.826,164.8,55.8,109.0,22.53,323068.8,93408.0,247929.6,67892.8,4.0,0.0,51.0,10.0,0.0,2080.0,0.0,5e-05,20000000.0,3230688.0,934080.0,2479296.0,678928.0,0.7069254700184526,0.6614555816367049
1176,5882.0,3.0,310.4,85.8,224.6,25.330000000000002,164.2,52.8,111.4,24.333999999999996,376977.6,99558.4,262793.6,71208.0,4.0,0.0,51.0,10.0,0.0,1670.0,0.0,5e-05,20000000.0,3769776.0,995584.0,2627936.0,712080.0,0.7235759714760654,0.6783944768767495
1177,5887.0,3.0,303.8,80.0,223.8,25.894,276.4,85.8,190.6,24.470000000000002,103038.4,27616.0,187692.8,50113.6,2.0,0.0,51.0,10.0,0.0,2350.0,0.0,5e-05,20000000.0,1030384.0,276160.0,1876928.0,501136.0,0.7366374980941383,0.6895764101285917
1178,5892.0,3.0,155.2,42.2,113.0,22.586,36.6,9.4,27.2,21.732,607894.4,170889.6,209758.4,54168.0,14.0,0.0,51.0,10.0,0.0,2740.0,0.0,5e-05,20000000.0,6078944.0,1708896.0,2097584.0,541680.0,0.7281436324506748,0.7433082706766918
1179,5897.0,3.0,157.6,43.0,114.6,24.318,37.2,10.0,27.2,24.682,792166.4,214316.8,286176.0,79184.0,14.0,0.0,51.0,10.0,0.0,2280.0,0.0,5e-05,20000000.0,7921664.0,2143168.0,2861760.0,791840.0,0.7271627831976135,0.7311522048364154
1180,5902.0,3.0,311.0,86.2,224.8,25.252000000000002,164.2,49.0,115.2,24.863999999999997,354030.4,93113.6,260604.8,71331.2,4.0,0.0,51.0,10.0,0.0,2140.0,0.0,5e-05,20000000.0,3540304.0,931136.0,2606048.0,713312.0,0.722847564527863,0.7015969660574368
1181,5907.0,3.0,311.2,86.4,224.8,25.426000000000002,165.6,51.6,114.0,24.658,364025.6,96323.2,277366.4,76532.8,4.0,0.0,51.0,10.0,0.0,1960.0,0.0,5e-05,20000000.0,3640256.0,963232.0,2773664.0,765328.0,0.7223233543389698,0.6884200114184049
1182,5912.0,3.0,289.2,89.6,199.6,19.056,164.6,52.0,112.6,15.925999999999998,255190.4,71331.2,145182.4,40576.0,4.0,0.0,51.0,10.0,0.0,4460.0,0.0,5e-05,20000000.0,2551904.0,713312.0,1451824.0,405760.0,0.6901378035792065,0.684022852093667
1183,5917.0,3.0,310.2,86.8,223.4,25.351999999999997,164.6,49.4,115.2,24.886,328115.2,86739.2,277168.0,75265.6,4.0,0.0,51.0,10.0,0.0,1840.0,0.0,5e-05,20000000.0,3281152.0,867392.0,2771680.0,752656.0,0.7201643017176997,0.699865559854486
1184,5922.0,3.0,156.6,43.2,113.4,25.544,37.2,10.2,27.0,25.839999999999996,888184.0,242092.8,316232.0,86875.2,14.0,0.0,51.0,10.0,0.0,2570.0,0.0,5e-05,20000000.0,8881840.0,2420928.0,3162320.0,868752.0,0.7241421120200447,0.7261024182076813
1185,5927.0,3.0,155.8,43.0,112.8,24.916,36.0,9.8,26.2,24.455999999999996,791300.8,221208.0,286036.8,77612.8,14.0,0.0,51.0,10.0,0.0,2450.0,0.0,5e-05,20000000.0,7913008.0,2212080.0,2860368.0,776128.0,0.7239987777444116,0.7276000812842919
1186,5932.0,3.0,305.6,105.6,200.0,22.334000000000003,236.2,79.4,156.8,24.436,76321.6,21846.4,173856.0,49702.4,2.0,0.0,51.0,10.0,0.0,2240.0,0.0,5e-05,20000000.0,763216.0,218464.0,1738560.0,497024.0,0.6544798970209225,0.6640967676602079
1187,5937.0,3.0,241.8,70.0,171.8,24.918,90.6,26.6,64.0,20.084,711761.6,198992.0,250337.6,71472.0,7.0,0.0,51.0,10.0,0.0,2010.0,0.0,5e-05,20000000.0,7117616.0,1989920.0,2503376.0,714720.0,0.7104646732156464,0.706477229550019
1188,5942.0,3.0,158.0,46.2,111.8,23.296,37.8,10.8,27.0,23.628,722200.0,198724.8,263921.6,79942.4,14.0,0.0,51.0,10.0,0.0,1320.0,0.0,5e-05,20000000.0,7222000.0,1987248.0,2639216.0,799424.0,0.7075741464456002,0.714366998577525
1189,5947.0,3.0,309.0,92.6,216.4,24.62,162.0,55.4,106.6,23.851999999999997,400529.6,108945.6,271459.2,74625.6,4.0,0.0,51.0,10.0,0.0,250.0,0.0,5e-05,20000000.0,4005296.0,1089456.0,2714592.0,746256.0,0.700309876990115,0.6578630351211967
1190,5952.0,3.0,273.2,77.6,195.6,25.718,90.6,26.0,64.6,24.580000000000002,810121.6,222092.8,321606.4,87720.0,7.0,0.0,51.0,10.0,0.0,1410.0,0.0,5e-05,20000000.0,8101216.0,2220928.0,3216064.0,877200.0,0.7159760205185254,0.7131187170317606
1191,5957.0,3.0,294.4,95.4,199.0,21.924,164.6,59.8,104.8,19.857999999999997,298577.6,83958.4,220560.0,61840.0,4.0,0.0,51.0,10.0,0.0,2240.0,0.0,5e-05,20000000.0,2985776.0,839584.0,2205600.0,618400.0,0.6759881665231766,0.6366432110040104
1192,5962.0,3.0,320.0,80.0,240.0,26.642000000000003,163.2,45.0,118.2,27.0,389612.8,97403.2,309608.0,86675.2,4.0,0.0,51.0,10.0,0.0,30.0,0.0,5e-05,20000000.0,3896128.0,974032.0,3096080.0,866752.0,0.75,0.7242589913970032
1193,5967.0,3.0,151.2,42.2,109.0,21.394,37.8,10.2,27.6,20.486,630278.4,178041.6,210678.4,59185.6,14.0,0.0,51.0,10.0,0.0,2310.0,0.0,5e-05,20000000.0,6302784.0,1780416.0,2106784.0,591856.0,0.7209321980447807,0.7301564722617354
1194,5972.0,3.0,144.0,37.8,106.2,19.058,37.6,11.0,26.6,17.137999999999998,480656.0,126324.8,202236.8,65643.2,14.0,0.0,51.0,10.0,0.0,4920.0,0.0,5e-05,20000000.0,4806560.0,1263248.0,2022368.0,656432.0,0.7375719393896051,0.7075391180654338
1195,5977.0,3.0,312.0,109.0,203.0,22.576,239.0,68.0,171.0,25.968,82345.6,24248.0,182371.2,49972.8,2.0,0.0,51.0,10.0,0.0,2310.0,0.0,5e-05,20000000.0,823456.0,242480.0,1823712.0,499728.0,0.6506859029714164,0.715479771363745
1196,5982.0,3.0,320.0,90.4,229.6,25.236,273.0,76.0,197.0,26.98,86982.4,22792.0,225585.6,62835.2,2.0,0.0,51.0,10.0,0.0,2570.0,0.0,5e-05,20000000.0,869824.0,227920.0,2255856.0,628352.0,0.7175,0.7215886269137406
1197,5987.0,3.0,307.8,80.0,227.8,26.606,275.8,84.8,191.0,25.363999999999997,95404.8,24907.2,213712.0,58868.8,2.0,0.0,51.0,10.0,0.0,200.0,0.0,5e-05,20000000.0,954048.0,249072.0,2137120.0,588688.0,0.7400817663060462,0.6926168559097972
1198,5992.0,3.0,320.0,80.0,240.0,26.556,283.4,78.2,205.2,27.0,95104.0,23776.0,230747.2,63822.4,2.0,0.0,51.0,10.0,0.0,90.0,0.0,5e-05,20000000.0,951040.0,237760.0,2307472.0,638224.0,0.75,0.7240479831061549
1199,5997.0,3.0,320.0,80.0,240.0,26.642000000000003,284.4,78.4,206.0,27.0,96454.4,24113.6,232576.0,64134.4,2.0,0.0,51.0,10.0,0.0,690.0,0.0,5e-05,20000000.0,964544.0,241136.0,2325760.0,641344.0,0.75,0.7243153677094882
1200,6002.0,3.0,313.2,80.0,233.2,26.634000000000004,278.4,81.2,197.2,26.288,97388.8,24958.4,219609.6,61083.2,2.0,0.0,51.0,10.0,0.0,810.0,0.0,5e-05,20000000.0,973888.0,249584.0,2196096.0,610832.0,0.7445561177891429,0.7083412925617848
1201,6007.0,3.0,292.6,81.2,211.4,25.448,238.4,76.6,161.8,24.314,102216.0,27192.0,168116.8,46731.2,2.0,0.0,51.0,10.0,0.0,3860.0,0.0,5e-05,20000000.0,1022160.0,271920.0,1681168.0,467312.0,0.7224168235909919,0.6786175961595629
1202,6012.0,3.0,276.0,77.6,198.4,26.334000000000003,90.2,26.2,64.0,25.872000000000003,874945.6,243236.8,350659.2,97164.8,7.0,0.0,51.0,10.0,0.0,810.0,0.0,5e-05,20000000.0,8749456.0,2432368.0,3506592.0,971648.0,0.7188446439115485,0.7094606542882406
1203,6017.0,3.0,313.2,80.0,233.2,26.636000000000003,277.4,80.4,197.0,26.456,99008.0,25368.0,221068.8,60737.6,2.0,0.0,51.0,10.0,0.0,590.0,0.0,5e-05,20000000.0,990080.0,253680.0,2210688.0,607376.0,0.7445343248315364,0.7102114100560453
1204,6022.0,3.0,260.6,74.4,186.2,20.32,90.0,26.2,63.8,19.18,563144.0,163635.2,184145.6,58467.2,7.0,0.0,51.0,10.0,0.0,4610.0,0.0,5e-05,20000000.0,5631440.0,1636352.0,1841456.0,584672.0,0.7145202757764857,0.7086787788901249
1205,6027.0,3.0,232.0,64.8,167.2,25.996,91.8,29.0,62.8,20.942,719705.6,204400.0,228124.8,69220.8,7.0,0.0,51.0,10.0,0.0,2630.0,0.0,5e-05,20000000.0,7197056.0,2044000.0,2281248.0,692208.0,0.7206780590530776,0.6843202296152174
1206,6032.0,3.0,158.0,43.6,114.4,22.088,36.2,9.8,26.4,22.006,598854.4,171862.4,259342.4,72825.6,14.0,0.0,51.0,10.0,0.0,3590.0,0.0,5e-05,20000000.0,5988544.0,1718624.0,2593424.0,728256.0,0.7240327993122129,0.7293522093522093
1207,6037.0,3.0,287.2,81.6,205.6,24.145999999999997,162.2,51.4,110.8,21.386,318156.8,85734.4,214321.6,63044.8,4.0,0.0,51.0,10.0,0.0,3310.0,0.0,5e-05,20000000.0,3181568.0,857344.0,2143216.0,630448.0,0.7158529361905126,0.6831232377980345
1208,6042.0,3.0,156.8,45.6,111.2,21.988,37.0,11.2,25.8,22.342000000000002,696912.0,192417.6,266363.2,78121.6,14.0,0.0,51.0,10.0,0.0,2090.0,0.0,5e-05,20000000.0,6969120.0,1924176.0,2663632.0,781216.0,0.7091724983745173,0.697210368263
1209,6047.0,3.0,302.4,80.0,222.4,26.018,164.8,51.8,113.0,24.625999999999998,357918.4,95876.8,273353.6,72089.6,4.0,0.0,51.0,10.0,0.0,1220.0,0.0,5e-05,20000000.0,3579184.0,958768.0,2733536.0,720896.0,0.7354420820644749,0.6856507886846058
1210,6052.0,3.0,273.8,76.2,197.6,26.522,89.4,26.4,63.0,25.782,886868.8,243592.0,359131.2,98606.4,7.0,0.0,51.0,10.0,0.0,640.0,0.0,5e-05,20000000.0,8868688.0,2435920.0,3591312.0,986064.0,0.72168765360613,0.7046695699769163
1211,6057.0,3.0,312.6,101.8,210.8,22.715999999999998,163.4,56.6,106.8,22.298,290163.2,82404.8,259924.8,72755.2,4.0,0.0,51.0,10.0,0.0,2090.0,0.0,5e-05,20000000.0,2901632.0,824048.0,2599248.0,727552.0,0.6743204788070646,0.6535326338669019
1212,6062.0,3.0,313.2,91.6,221.6,25.154000000000003,270.4,76.4,194.0,26.413999999999998,86281.6,23419.2,212204.8,57342.4,2.0,0.0,51.0,10.0,0.0,2850.0,0.0,5e-05,20000000.0,862816.0,234192.0,2122048.0,573424.0,0.7074820278474102,0.7178155250118972
1213,6067.0,3.0,239.8,66.6,173.2,22.363999999999997,92.8,29.0,63.8,17.86,561318.4,153857.6,190001.6,55073.6,7.0,0.0,51.0,10.0,0.0,3040.0,0.0,5e-05,20000000.0,5613184.0,1538576.0,1900016.0,550736.0,0.722179831957785,0.6874797330229875
1214,6072.0,3.0,305.0,89.2,215.8,24.17,239.0,70.4,168.6,25.912,92772.8,25481.6,184451.2,51227.2,2.0,0.0,51.0,10.0,0.0,3640.0,0.0,5e-05,20000000.0,927728.0,254816.0,1844512.0,512272.0,0.7075080104479281,0.7053978189995855
1215,6077.0,3.0,310.0,80.0,230.0,26.363999999999997,164.8,48.0,116.8,25.830000000000002,368774.4,95273.6,287788.8,75630.4,4.0,0.0,51.0,10.0,0.0,1440.0,0.0,5e-05,20000000.0,3687744.0,952736.0,2877888.0,756304.0,0.7419236363065767,0.7087231361890975
1216,6082.0,3.0,153.0,44.8,108.2,23.470000000000002,37.2,11.8,25.4,23.241999999999997,735865.6,200100.8,228537.6,67824.0,14.0,0.0,51.0,10.0,0.0,2350.0,0.0,5e-05,20000000.0,7358656.0,2001008.0,2285376.0,678240.0,0.7071685444172486,0.6827011221748064
1217,6087.0,3.0,261.4,75.6,185.8,25.368000000000002,89.0,27.6,61.4,23.266,785659.2,219707.2,293841.6,82691.2,7.0,0.0,51.0,10.0,0.0,2050.0,0.0,5e-05,20000000.0,7856592.0,2197072.0,2938416.0,826912.0,0.7108322366432972,0.6900369476460253
1218,6092.0,3.0,291.6,89.4,202.2,24.509999999999998,247.2,85.4,161.8,21.578,82665.6,23008.0,158584.0,44236.8,2.0,0.0,51.0,10.0,0.0,3120.0,0.0,5e-05,20000000.0,826656.0,230080.0,1585840.0,442368.0,0.6935316389430284,0.6547977459240977
1219,6097.0,3.0,268.4,74.8,193.6,26.116000000000003,89.8,27.8,62.0,24.796000000000003,832812.8,225531.2,331515.2,91764.8,7.0,0.0,51.0,10.0,0.0,1840.0,0.0,5e-05,20000000.0,8328128.0,2255312.0,3315152.0,917648.0,0.7213294989272856,0.6904314759284701
1220,6102.0,3.0,250.2,71.8,178.4,25.466,92.8,32.0,60.8,22.088,747134.4,203276.8,276718.4,79961.6,7.0,0.0,51.0,10.0,0.0,1630.0,0.0,5e-05,20000000.0,7471344.0,2032768.0,2767184.0,799616.0,0.7130716241800272,0.6550251882739723
1221,6107.0,3.0,293.0,92.0,201.0,17.827999999999996,151.0,52.4,98.6,16.502,226344.0,62096.0,165177.6,46873.6,4.0,0.0,51.0,10.0,0.0,4500.0,0.0,5e-05,20000000.0,2263440.0,620960.0,1651776.0,468736.0,0.6858933318866568,0.6525440255735694
1222,6112.0,3.0,302.0,88.6,213.4,24.050000000000004,162.2,52.6,109.6,22.824,319264.0,87601.6,234236.8,65180.8,4.0,0.0,51.0,10.0,0.0,3580.0,0.0,5e-05,20000000.0,3192640.0,876016.0,2342368.0,651808.0,0.7066018158908154,0.6756025320795376
1223,6117.0,3.0,249.0,69.6,179.4,24.259999999999998,90.0,28.4,61.6,21.114,651219.2,176436.8,261217.6,75545.6,7.0,0.0,51.0,10.0,0.0,2790.0,0.0,5e-05,20000000.0,6512192.0,1764368.0,2612176.0,755456.0,0.7205033319423144,0.684360705244926
1224,6122.0,3.0,258.4,71.6,186.8,25.564,91.6,26.6,65.0,23.424,755937.6,203763.2,268481.6,76235.2,7.0,0.0,51.0,10.0,0.0,2650.0,0.0,5e-05,20000000.0,7559376.0,2037632.0,2684816.0,762352.0,0.723057975975827,0.7097370611709188
1225,6127.0,3.0,309.2,100.4,208.8,22.904,263.2,82.8,180.4,23.554,80241.6,22443.2,180016.0,49296.0,2.0,0.0,51.0,10.0,0.0,3700.0,0.0,5e-05,20000000.0,802416.0,224432.0,1800160.0,492960.0,0.6753190298613496,0.6853738193040442
1226,6132.0,3.0,254.4,70.8,183.6,26.2,89.8,23.8,66.0,23.827999999999996,786105.6,219632.0,291128.0,77806.4,7.0,0.0,51.0,10.0,0.0,3090.0,0.0,5e-05,20000000.0,7861056.0,2196320.0,2911280.0,778064.0,0.7216985209000969,0.7350417747046961
1227,6137.0,3.0,286.0,78.2,207.8,26.532,89.8,24.2,65.6,27.0,889212.8,242721.6,374979.2,100574.4,7.0,0.0,51.0,10.0,0.0,940.0,0.0,5e-05,20000000.0,8892128.0,2427216.0,3749792.0,1005744.0,0.7265678043407942,0.7305099394987037
1228,6142.0,3.0,312.8,109.2,203.6,20.594,211.2,62.0,149.2,24.559999999999995,76454.4,22294.4,152099.2,40572.8,2.0,0.0,51.0,10.0,0.0,4490.0,0.0,5e-05,20000000.0,764544.0,222944.0,1520992.0,405728.0,0.6510189520802313,0.7065815665815667
1229,6147.0,3.0,233.8,66.8,167.0,20.274,91.0,27.4,63.6,15.744,455478.4,123344.0,139814.4,41116.8,7.0,0.0,51.0,10.0,0.0,4410.0,0.0,5e-05,20000000.0,4554784.0,1233440.0,1398144.0,411168.0,0.7141743166599162,0.6990205931610347
1230,6152.0,3.0,154.2,45.8,108.4,24.610000000000003,38.0,11.6,26.4,24.732,869681.6,235654.4,312755.2,86974.4,14.0,0.0,51.0,10.0,0.0,1740.0,0.0,5e-05,20000000.0,8696816.0,2356544.0,3127552.0,869744.0,0.7029931611715294,0.6947368421052632
1231,6157.0,3.0,287.6,84.2,203.4,23.014,161.0,55.6,105.4,19.954,310243.2,84740.8,215556.8,60884.8,4.0,0.0,51.0,10.0,0.0,2840.0,0.0,5e-05,20000000.0,3102432.0,847408.0,2155568.0,608848.0,0.7072655779880718,0.6544842827748856
1232,6162.0,3.0,306.0,97.6,208.4,23.02,259.4,97.6,161.8,22.096,91366.4,25859.2,163089.6,47544.0,2.0,0.0,51.0,10.0,0.0,2390.0,0.0,5e-05,20000000.0,913664.0,258592.0,1630896.0,475440.0,0.6810634343940534,0.6236918759776666
1233,6167.0,3.0,320.0,80.0,240.0,26.552,285.8,79.2,206.6,27.0,95174.4,23793.6,232224.0,64520.0,2.0,0.0,51.0,10.0,0.0,60.0,0.0,5e-05,20000000.0,951744.0,237936.0,2322240.0,645200.0,0.75,0.7228547790134998
1234,6172.0,3.0,311.0,88.2,222.8,24.844,163.2,48.0,115.2,25.112000000000002,300705.6,81614.4,271494.4,74795.2,4.0,0.0,51.0,10.0,0.0,2850.0,0.0,5e-05,20000000.0,3007056.0,816144.0,2714944.0,747952.0,0.7163709750518856,0.7058069048375905
1235,6177.0,3.0,294.0,80.0,214.0,25.762,162.8,52.2,110.6,23.496000000000002,341856.0,95414.4,273017.6,70000.0,4.0,0.0,51.0,10.0,0.0,2290.0,0.0,5e-05,20000000.0,3418560.0,954144.0,2730176.0,700000.0,0.7278189723259829,0.6793635223332466
1236,6182.0,3.0,229.2,67.2,162.0,24.484,90.2,31.2,59.0,19.568,651363.2,190113.6,240980.8,69899.2,7.0,0.0,51.0,10.0,0.0,2670.0,0.0,5e-05,20000000.0,6513632.0,1901136.0,2409808.0,698992.0,0.7069678291590311,0.6542528551077648
1237,6187.0,3.0,275.0,79.2,195.8,23.003999999999998,160.4,52.4,108.0,19.344,325555.2,91340.8,180628.8,50886.4,4.0,0.0,51.0,10.0,0.0,3260.0,0.0,5e-05,20000000.0,3255552.0,913408.0,1806288.0,508864.0,0.7120401419471232,0.673367080915073
1238,6192.0,3.0,279.8,79.4,200.4,26.036,91.6,26.6,65.0,25.822000000000003,873849.6,239779.2,356510.4,94593.6,7.0,0.0,51.0,10.0,0.0,590.0,0.0,5e-05,20000000.0,8738496.0,2397792.0,3565104.0,945936.0,0.7162426868197518,0.7096723601136974
1239,6197.0,3.0,293.8,88.6,205.2,21.078,163.4,51.8,111.6,19.003999999999998,296720.0,75286.4,178268.8,47979.2,4.0,0.0,51.0,10.0,0.0,4290.0,0.0,5e-05,20000000.0,2967200.0,752864.0,1782688.0,479792.0,0.6984235407521178,0.6829640930217403
1240,6202.0,3.0,312.4,113.4,199.0,18.997999999999998,225.0,74.6,150.4,23.192,63097.6,17936.0,154032.0,43432.0,2.0,0.0,51.0,10.0,0.0,2800.0,0.0,5e-05,20000000.0,630976.0,179360.0,1540320.0,434320.0,0.6370082231408675,0.6685894264864639
1241,6207.0,3.0,298.6,82.2,216.4,26.244,271.6,90.8,180.8,23.651999999999997,92694.4,25748.8,188256.0,52510.4,2.0,0.0,51.0,10.0,0.0,1200.0,0.0,5e-05,20000000.0,926944.0,257488.0,1882560.0,525104.0,0.7247132165587109,0.6663749972794325
1242,6212.0,3.0,257.4,77.6,179.8,23.516000000000002,90.6,29.2,61.4,20.952,691540.8,190036.8,268142.4,77384.0,7.0,0.0,51.0,10.0,0.0,1750.0,0.0,5e-05,20000000.0,6915408.0,1900368.0,2681424.0,773840.0,0.6986319328244521,0.6771971992954773
1243,6217.0,3.0,300.6,80.0,220.6,26.512,262.6,79.0,183.6,25.53,101259.2,27182.4,203486.4,54115.2,2.0,0.0,51.0,10.0,0.0,620.0,0.0,5e-05,20000000.0,1012592.0,271824.0,2034864.0,541152.0,0.7338366100054985,0.699324663019563
1244,6222.0,3.0,281.8,79.8,202.0,26.056,88.2,25.6,62.6,26.05,846172.8,233478.4,352596.8,98068.8,7.0,0.0,51.0,10.0,0.0,1100.0,0.0,5e-05,20000000.0,8461728.0,2334784.0,3525968.0,980688.0,0.7168223068437709,0.7099028434330237
1245,6227.0,3.0,155.4,42.2,113.2,19.994,37.8,10.8,27.0,19.511999999999997,490806.4,139902.4,207096.0,60651.2,14.0,0.0,51.0,10.0,0.0,3900.0,0.0,5e-05,20000000.0,4908064.0,1399024.0,2070960.0,606512.0,0.728400023607713,0.7142247510668562
1246,6232.0,3.0,199.4,57.2,142.2,18.586,91.0,26.8,64.2,11.132000000000001,335744.0,103875.2,103377.6,34003.2,7.0,0.0,51.0,10.0,0.0,4010.0,0.0,5e-05,20000000.0,3357440.0,1038752.0,1033776.0,340032.0,0.7130220779903589,0.7054175293305729
1247,6237.0,3.0,158.6,45.2,113.4,20.89,37.8,11.6,26.2,20.724,533436.8,166548.8,225297.6,73049.6,14.0,0.0,51.0,10.0,0.0,2750.0,0.0,5e-05,20000000.0,5334368.0,1665488.0,2252976.0,730496.0,0.7150657789984873,0.6928876244665718
1248,6242.0,3.0,284.8,81.8,203.0,23.328,164.0,56.0,108.0,20.194,325828.8,89078.4,201444.8,56451.2,4.0,0.0,51.0,10.0,0.0,3860.0,0.0,5e-05,20000000.0,3258288.0,890784.0,2014448.0,564512.0,0.7127435127304022,0.6585958888301302
1249,6247.0,3.0,309.4,88.0,221.4,25.215999999999998,249.0,72.6,176.4,26.029999999999994,101041.6,26224.0,195193.6,51761.6,2.0,0.0,51.0,10.0,0.0,1510.0,0.0,5e-05,20000000.0,1010416.0,262240.0,1951936.0,517616.0,0.7155598502460918,0.7089469068586242
1250,6252.0,3.0,285.8,86.6,199.2,20.774,154.0,49.0,105.0,18.612000000000002,259105.6,71958.4,164795.2,45710.4,4.0,0.0,51.0,10.0,0.0,4490.0,0.0,5e-05,20000000.0,2591056.0,719584.0,1647952.0,457104.0,0.6969414402075871,0.6820379698119601
1251,6257.0,3.0,156.2,43.8,112.4,25.714,38.0,10.4,27.6,25.863999999999997,905195.2,245019.2,335592.0,92340.8,14.0,0.0,51.0,10.0,0.0,1650.0,0.0,5e-05,20000000.0,9051952.0,2450192.0,3355920.0,923408.0,0.7195715233730231,0.726315789473684
1252,6262.0,3.0,307.6,93.0,214.6,24.836,260.0,79.6,180.4,24.389999999999997,86654.4,24187.2,185460.8,50291.2,2.0,0.0,51.0,10.0,0.0,3210.0,0.0,5e-05,20000000.0,866544.0,241872.0,1854608.0,502912.0,0.697724203721555,0.6938653686167671
1253,6267.0,3.0,157.2,46.0,111.2,25.524,37.0,10.6,26.4,25.887999999999998,930931.2,254830.4,353171.2,96038.4,14.0,0.0,51.0,10.0,0.0,540.0,0.0,5e-05,20000000.0,9309312.0,2548304.0,3531712.0,960384.0,0.707317023693606,0.7133475580844002
1254,6272.0,3.0,218.6,62.0,156.6,23.184,92.4,31.2,61.2,17.112,549878.4,156185.6,186008.0,59496.0,7.0,0.0,51.0,10.0,0.0,4320.0,0.0,5e-05,20000000.0,5498784.0,1561856.0,1860080.0,594960.0,0.7163716115955916,0.6625722706960664
1255,6277.0,3.0,248.6,71.0,177.6,24.298000000000002,91.8,30.6,61.2,21.416,650964.8,177476.8,262569.6,72377.6,7.0,0.0,51.0,10.0,0.0,2500.0,0.0,5e-05,20000000.0,6509648.0,1774768.0,2625696.0,723776.0,0.7144574442481029,0.6665078851334111
1256,6282.0,3.0,145.0,41.6,103.4,18.446,37.8,11.0,26.8,16.74,517862.4,144158.4,187604.8,59929.6,14.0,0.0,51.0,10.0,0.0,4910.0,0.0,5e-05,20000000.0,5178624.0,1441584.0,1876048.0,599296.0,0.713123645669615,0.7089615931721195
1257,6287.0,3.0,157.8,46.8,111.0,21.958,37.2,11.4,25.8,22.284,699715.2,208113.6,274595.2,76435.2,14.0,0.0,51.0,10.0,0.0,1420.0,0.0,5e-05,20000000.0,6997152.0,2081136.0,2745952.0,764352.0,0.7034476357043478,0.6935672514619883
1258,6292.0,3.0,294.6,80.0,214.6,25.594,164.8,56.4,108.4,23.842000000000002,365108.8,99440.0,258707.2,70969.6,4.0,0.0,51.0,10.0,0.0,620.0,0.0,5e-05,20000000.0,3651088.0,994400.0,2587072.0,709696.0,0.728433251260939,0.6577452115263934
1259,6297.0,3.0,303.6,86.2,217.4,25.677999999999997,258.4,79.6,178.8,24.606,91660.8,25497.6,185780.8,50992.0,2.0,0.0,51.0,10.0,0.0,2080.0,0.0,5e-05,20000000.0,916608.0,254976.0,1857808.0,509920.0,0.7160472660463056,0.6924412768963379
1260,6302.0,3.0,302.4,80.0,222.4,26.541999999999994,267.2,81.6,185.6,24.916,90163.2,24188.8,197329.6,52201.6,2.0,0.0,51.0,10.0,0.0,2290.0,0.0,5e-05,20000000.0,901632.0,241888.0,1973296.0,522016.0,0.7353173492185214,0.6946588481295255
1261,6307.0,3.0,144.8,39.8,105.0,18.606,36.2,10.4,25.8,16.572,539056.0,154243.2,213276.8,60321.6,14.0,0.0,51.0,10.0,0.0,4600.0,0.0,5e-05,20000000.0,5390560.0,1542432.0,2132768.0,603216.0,0.724511460889341,0.7126065162907269
1262,6312.0,3.0,281.0,83.8,197.2,24.174,157.4,54.0,103.4,20.497999999999998,300123.2,86457.6,223518.4,62982.4,4.0,0.0,51.0,10.0,0.0,2600.0,0.0,5e-05,20000000.0,3001232.0,864576.0,2235184.0,629824.0,0.7019010630302256,0.657688155645903
1263,6317.0,3.0,303.2,80.0,223.2,25.653999999999996,166.2,53.8,112.4,24.35,374003.2,99212.8,259966.4,70912.0,4.0,0.0,51.0,10.0,0.0,1020.0,0.0,5e-05,20000000.0,3740032.0,992128.0,2599664.0,709120.0,0.7361183988606774,0.6762376947217044
1264,6322.0,3.0,247.2,70.8,176.4,25.485999999999997,93.2,32.4,60.8,22.193999999999996,738968.0,200780.8,290289.6,81691.2,7.0,0.0,51.0,10.0,0.0,1260.0,0.0,5e-05,20000000.0,7389680.0,2007808.0,2902896.0,816912.0,0.713680300287673,0.652313673384021
1265,6327.0,3.0,279.2,77.2,202.0,26.026,89.0,26.0,63.0,25.848000000000003,855779.2,226742.4,362345.6,95414.4,7.0,0.0,51.0,10.0,0.0,540.0,0.0,5e-05,20000000.0,8557792.0,2267424.0,3623456.0,954144.0,0.7236002321841803,0.7077587816523714
1266,6332.0,3.0,150.2,40.8,109.4,15.24,37.0,10.2,26.8,13.953999999999999,396576.0,110318.4,133328.0,46225.6,14.0,0.0,51.0,10.0,0.0,4300.0,0.0,5e-05,20000000.0,3965760.0,1103184.0,1333280.0,462256.0,0.7284425367913496,0.7244586691955113
1267,6337.0,3.0,148.8,39.6,109.2,19.548,38.0,10.8,27.2,18.1,442692.8,114878.4,172219.2,55955.2,14.0,0.0,51.0,10.0,0.0,4260.0,0.0,5e-05,20000000.0,4426928.0,1148784.0,1722192.0,559552.0,0.7339000167287774,0.7157894736842105
1268,6342.0,3.0,234.8,66.6,168.2,23.386000000000003,91.4,26.8,64.6,18.372000000000003,575737.6,157254.4,206622.4,61635.2,7.0,0.0,51.0,10.0,0.0,3240.0,0.0,5e-05,20000000.0,5757376.0,1572544.0,2066224.0,616352.0,0.7162347907241644,0.7067765721789774
1269,6347.0,3.0,157.8,43.0,114.8,26.558000000000003,37.0,10.0,27.0,27.0,977449.6,263692.8,371590.4,100656.0,14.0,0.0,51.0,10.0,0.0,410.0,0.0,5e-05,20000000.0,9774496.0,2636928.0,3715904.0,1006560.0,0.7275042328468919,0.7298640746009168
1270,6352.0,3.0,152.4,42.6,109.8,22.369999999999997,37.8,10.6,27.2,21.77,607782.4,180392.0,217008.0,68432.0,14.0,0.0,51.0,10.0,0.0,3730.0,0.0,5e-05,20000000.0,6077824.0,1803920.0,2170080.0,684320.0,0.7204244618530815,0.7196301564722618
1271,6357.0,3.0,284.4,150.4,134.0,4.484,164.2,100.0,64.2,0.932,69203.2,22089.6,17336.0,7934.4,4.0,0.0,51.0,10.0,0.0,2000.0,0.0,5e-05,20000000.0,692032.0,220896.0,173360.0,79344.0,0.4703755440931202,0.3908779135918427
1272,6362.0,3.0,155.4,44.6,110.8,17.308,37.6,10.8,26.8,16.49,425102.4,128953.6,164286.4,48049.6,14.0,0.0,51.0,10.0,0.0,4060.0,0.0,5e-05,20000000.0,4251024.0,1289536.0,1642864.0,480496.0,0.7129754072713258,0.7128654970760234
1273,6367.0,3.0,266.8,78.2,188.6,25.214,91.6,30.0,61.6,23.636,792564.8,219184.0,314836.8,86451.2,7.0,0.0,51.0,10.0,0.0,1800.0,0.0,5e-05,20000000.0,7925648.0,2191840.0,3148368.0,864512.0,0.7069244146758731,0.6724961511918034
1274,6372.0,3.0,311.2,93.0,218.2,23.967999999999996,243.8,74.0,169.8,25.102,85289.6,22940.8,179857.6,48924.8,2.0,0.0,51.0,10.0,0.0,3190.0,0.0,5e-05,20000000.0,852896.0,229408.0,1798576.0,489248.0,0.7010694162842654,0.6964888764850345
1275,6377.0,3.0,278.0,76.4,201.6,24.236,90.6,26.4,64.2,23.538,652153.6,181209.6,295529.6,81323.2,7.0,0.0,51.0,10.0,0.0,3300.0,0.0,5e-05,20000000.0,6521536.0,1812096.0,2955296.0,813232.0,0.7252206708542236,0.708626866861643
1276,6382.0,3.0,156.8,51.4,105.4,21.259999999999998,37.2,13.2,24.0,20.968,626435.2,177896.0,267812.8,79998.4,14.0,0.0,51.0,10.0,0.0,1500.0,0.0,5e-05,20000000.0,6264352.0,1778960.0,2678128.0,799984.0,0.672225294088579,0.645234708392603
1277,6387.0,3.0,159.2,48.2,111.0,25.410000000000004,36.8,11.4,25.4,25.820000000000004,903644.8,253139.2,354990.4,97806.4,14.0,0.0,51.0,10.0,0.0,1450.0,0.0,5e-05,20000000.0,9036448.0,2531392.0,3549904.0,978064.0,0.6972278281983919,0.6899640994377837
1278,6392.0,3.0,157.2,43.4,113.8,24.310000000000002,37.6,10.0,27.6,24.718,775916.8,222115.2,289409.6,78179.2,14.0,0.0,51.0,10.0,0.0,2270.0,0.0,5e-05,20000000.0,7759168.0,2221152.0,2894096.0,781792.0,0.7239333122466236,0.7342105263157894
1279,6397.0,3.0,260.2,73.2,187.0,22.848000000000003,93.2,27.0,66.2,20.770000000000003,599337.6,158550.4,235892.8,62283.2,7.0,0.0,51.0,10.0,0.0,3950.0,0.0,5e-05,20000000.0,5993376.0,1585504.0,2358928.0,622832.0,0.7186964203974507,0.7102288329519452
1280,6402.0,3.0,157.4,43.2,114.2,20.956,37.2,10.6,26.6,21.131999999999998,573848.0,157680.0,238395.2,68532.8,14.0,0.0,51.0,10.0,0.0,3940.0,0.0,5e-05,20000000.0,5738480.0,1576800.0,2383952.0,685328.0,0.7255297840804389,0.7151414572467203
1281,6407.0,3.0,158.4,47.4,111.0,25.448,37.8,11.2,26.6,25.875999999999998,916547.2,250227.2,346318.4,96715.2,14.0,0.0,51.0,10.0,0.0,100.0,0.0,5e-05,20000000.0,9165472.0,2502272.0,3463184.0,967152.0,0.7007624873420257,0.7036984352773826
1282,6412.0,3.0,149.0,39.6,109.4,18.302,38.0,11.2,26.8,16.842,405856.0,104940.8,166342.4,58664.0,14.0,0.0,51.0,10.0,0.0,4520.0,0.0,5e-05,20000000.0,4058560.0,1049408.0,1663424.0,586640.0,0.7340852296478025,0.7052631578947368
1283,6417.0,3.0,157.0,46.8,110.2,23.448,37.8,11.6,26.2,23.332,752825.6,206854.4,272153.6,78254.4,14.0,0.0,51.0,10.0,0.0,1800.0,0.0,5e-05,20000000.0,7528256.0,2068544.0,2721536.0,782544.0,0.7019501221137624,0.6930298719772404
1284,6422.0,3.0,308.0,103.2,204.8,20.288,255.4,86.0,169.4,19.005999999999997,74753.6,22076.8,115808.0,33484.8,2.0,0.0,51.0,10.0,0.0,4720.0,0.0,5e-05,20000000.0,747536.0,220768.0,1158080.0,334848.0,0.6649986489094769,0.6635312648493998
1285,6427.0,3.0,297.0,87.0,210.0,23.215999999999998,160.4,51.0,109.4,21.872000000000003,315934.4,84417.6,212156.8,59723.2,4.0,0.0,51.0,10.0,0.0,3920.0,0.0,5e-05,20000000.0,3159344.0,844176.0,2121568.0,597232.0,0.7071241786992905,0.6822835541464098
1286,6432.0,3.0,270.6,79.8,190.8,24.704,90.2,27.6,62.6,23.56,783532.8,215492.8,323081.6,84792.0,7.0,0.0,51.0,10.0,0.0,2290.0,0.0,5e-05,20000000.0,7835328.0,2154928.0,3230816.0,847920.0,0.7050834591141583,0.6940266973974838
1287,6437.0,3.0,158.0,51.4,106.6,23.336,37.6,10.8,26.8,23.384,768275.2,223440.0,267168.0,72665.6,14.0,0.0,51.0,10.0,0.0,1190.0,0.0,5e-05,20000000.0,7682752.0,2234400.0,2671680.0,726656.0,0.6746811610297164,0.7129445234708391
1288,6442.0,3.0,307.8,84.6,223.2,25.82,264.0,77.4,186.6,25.360000000000003,87868.8,23616.0,195088.0,52844.8,2.0,0.0,51.0,10.0,0.0,3980.0,0.0,5e-05,20000000.0,878688.0,236160.0,1950880.0,528448.0,0.7251557440086677,0.7068005175156801
1289,6447.0,3.0,254.8,68.8,186.0,26.236,89.6,24.6,65.0,23.636000000000003,778144.0,208476.8,277920.0,73057.6,7.0,0.0,51.0,10.0,0.0,4940.0,0.0,5e-05,20000000.0,7781440.0,2084768.0,2779200.0,730576.0,0.7300578030792344,0.7255383505383506
1290,6452.0,3.0,156.2,44.0,112.2,20.965999999999998,38.0,11.0,27.0,20.492,578513.6,165652.8,183427.2,59065.6,14.0,0.0,51.0,10.0,0.0,1860.0,0.0,5e-05,20000000.0,5785136.0,1656528.0,1834272.0,590656.0,0.7183279859651341,0.7105263157894737
1291,6457.0,3.0,158.8,42.2,116.6,23.324,36.8,10.6,26.2,23.357999999999997,601366.4,158846.4,275121.6,81918.4,14.0,0.0,51.0,10.0,0.0,2860.0,0.0,5e-05,20000000.0,6013664.0,1588464.0,2751216.0,819184.0,0.7342917777804823,0.7125037819774661
1292,6462.0,3.0,301.8,94.0,207.8,23.886000000000003,161.6,55.0,106.6,22.606,332123.2,89913.6,258884.8,72803.2,4.0,0.0,51.0,10.0,0.0,1120.0,0.0,5e-05,20000000.0,3321232.0,899136.0,2588848.0,728032.0,0.6885663618701068,0.6597059931324838
1293,6467.0,3.0,308.2,96.8,211.4,23.298,240.4,76.0,164.4,24.332,88896.0,25137.6,171948.8,48934.4,2.0,0.0,51.0,10.0,0.0,3780.0,0.0,5e-05,20000000.0,888960.0,251376.0,1719488.0,489344.0,0.6858793168309456,0.683979055737758
1294,6472.0,3.0,311.8,95.0,216.8,24.946000000000005,159.0,49.6,109.4,25.214000000000002,336838.4,92529.6,283036.8,77540.8,4.0,0.0,51.0,10.0,0.0,790.0,0.0,5e-05,20000000.0,3368384.0,925296.0,2830368.0,775408.0,0.6953069989700305,0.688085051451443
1295,6477.0,3.0,310.8,96.4,214.4,24.240000000000002,251.4,73.6,177.8,25.486,89275.2,24649.6,188705.6,51368.0,2.0,0.0,51.0,10.0,0.0,2260.0,0.0,5e-05,20000000.0,892752.0,246496.0,1887056.0,513680.0,0.6898616733218953,0.7072046763014667
1296,6482.0,3.0,311.2,80.0,231.2,26.336000000000002,167.2,48.4,118.8,25.864000000000004,367766.4,94432.0,286499.2,76883.2,4.0,0.0,51.0,10.0,0.0,1280.0,0.0,5e-05,20000000.0,3677664.0,944320.0,2864992.0,768832.0,0.7429227508667019,0.7104997435518264
1297,6487.0,3.0,308.0,84.6,223.4,25.472,166.2,46.8,119.4,24.735999999999997,374163.2,99131.2,241172.8,65088.0,4.0,0.0,51.0,10.0,0.0,3150.0,0.0,5e-05,20000000.0,3741632.0,991312.0,2411728.0,650880.0,0.7253181946736221,0.7184482770939542
1298,6492.0,3.0,303.8,96.4,207.4,21.57,255.0,103.6,151.4,17.856,85643.2,23944.0,113232.0,34584.0,2.0,0.0,51.0,10.0,0.0,3000.0,0.0,5e-05,20000000.0,856432.0,239440.0,1132320.0,345840.0,0.6824396680978053,0.5938961758002408
1299,6497.0,3.0,310.4,88.0,222.4,25.424,164.2,50.4,113.8,24.839999999999996,356225.6,95355.2,273393.6,73388.8,4.0,0.0,51.0,10.0,0.0,840.0,0.0,5e-05,20000000.0,3562256.0,953552.0,2733936.0,733888.0,0.7164497812448608,0.6930845660044664
1300,6502.0,3.0,307.6,96.0,211.6,24.751999999999995,257.8,78.8,179.0,25.02,91748.8,25748.8,192115.2,52696.0,2.0,0.0,51.0,10.0,0.0,2810.0,0.0,5e-05,20000000.0,917488.0,257488.0,1921152.0,526960.0,0.6879263671611924,0.6945156079790273
1301,6507.0,3.0,236.4,68.0,168.4,24.41,91.6,28.4,63.2,19.686,647702.4,177574.4,225036.8,68419.2,7.0,0.0,51.0,10.0,0.0,2640.0,0.0,5e-05,20000000.0,6477024.0,1775744.0,2250368.0,684192.0,0.7122903942856277,0.6901847256685967
1302,6512.0,3.0,297.8,94.0,203.8,24.506,254.8,85.8,169.0,22.296,83716.8,24214.4,171609.6,47796.8,2.0,0.0,51.0,10.0,0.0,2300.0,0.0,5e-05,20000000.0,837168.0,242144.0,1716096.0,477968.0,0.6844018218456853,0.6632425147696026
1303,6517.0,3.0,285.6,82.8,202.8,23.888,162.8,52.6,110.2,21.714,290222.4,80520.0,210104.0,57793.6,4.0,0.0,51.0,10.0,0.0,2880.0,0.0,5e-05,20000000.0,2902224.0,805200.0,2101040.0,577936.0,0.7100668091157643,0.677086627140975
1304,6522.0,3.0,257.4,73.2,184.2,23.552,90.2,25.0,65.2,21.038,636625.6,183552.0,219835.2,61294.4,7.0,0.0,51.0,10.0,0.0,2980.0,0.0,5e-05,20000000.0,6366256.0,1835520.0,2198352.0,612944.0,0.7156853999068888,0.7227574227867339
1305,6527.0,3.0,157.0,44.4,112.6,22.240000000000002,37.8,10.6,27.2,22.032,637204.8,170795.2,208268.8,60104.0,14.0,0.0,51.0,10.0,0.0,2030.0,0.0,5e-05,20000000.0,6372048.0,1707952.0,2082688.0,601040.0,0.7172878018968026,0.7194879089615931
1306,6532.0,3.0,154.2,43.0,111.2,23.466,37.0,10.0,27.0,23.384,752332.8,205633.6,280552.0,74582.4,14.0,0.0,51.0,10.0,0.0,2590.0,0.0,5e-05,20000000.0,7523328.0,2056336.0,2805520.0,745824.0,0.7211286032104001,0.7297947571631782
1307,6537.0,3.0,236.4,63.2,173.2,24.518,89.8,26.0,63.8,19.834000000000003,612699.2,160220.8,227163.2,64876.8,7.0,0.0,51.0,10.0,0.0,4950.0,0.0,5e-05,20000000.0,6126992.0,1602208.0,2271632.0,648768.0,0.7327001261720474,0.710483789497925
1308,6542.0,3.0,313.2,80.0,233.2,26.613999999999997,279.6,82.2,197.4,26.345999999999997,94124.8,24088.0,220574.4,61883.2,2.0,0.0,51.0,10.0,0.0,1870.0,0.0,5e-05,20000000.0,941248.0,240880.0,2205744.0,618832.0,0.7445356540925083,0.7060653046342683
1309,6547.0,3.0,156.2,44.0,112.2,21.186,37.8,11.0,26.8,20.938000000000002,558120.0,160404.8,205702.4,64508.8,14.0,0.0,51.0,10.0,0.0,2620.0,0.0,5e-05,20000000.0,5581200.0,1604048.0,2057024.0,645088.0,0.7183460448629906,0.7088193456614509
1310,6552.0,3.0,311.2,91.4,219.8,24.839999999999996,165.2,50.6,114.6,25.016,337248.0,90395.2,262281.6,73971.2,4.0,0.0,51.0,10.0,0.0,2070.0,0.0,5e-05,20000000.0,3372480.0,903952.0,2622816.0,739712.0,0.7062924086527421,0.6936905934979177
1311,6557.0,3.0,246.8,67.6,179.2,25.724,92.2,27.6,64.6,22.636000000000003,712024.0,196227.2,276664.0,76134.4,7.0,0.0,51.0,10.0,0.0,2890.0,0.0,5e-05,20000000.0,7120240.0,1962272.0,2766640.0,761344.0,0.7261041486498561,0.7007423764667655
1312,6562.0,3.0,313.2,80.0,233.2,26.544,280.8,80.2,200.6,26.326,99987.2,25625.6,218339.2,60588.8,2.0,0.0,51.0,10.0,0.0,1100.0,0.0,5e-05,20000000.0,999872.0,256256.0,2183392.0,605888.0,0.7445312853438819,0.7144026852250919
1313,6567.0,3.0,287.8,87.8,200.0,19.486,166.8,56.4,110.4,15.771999999999997,228499.2,62555.2,108665.6,33942.4,4.0,0.0,51.0,10.0,0.0,4410.0,0.0,5e-05,20000000.0,2284992.0,625552.0,1086656.0,339424.0,0.6949056103465461,0.6618881857627258
1314,6572.0,3.0,315.6,80.0,235.6,26.363999999999997,276.4,76.2,200.2,27.0,101440.0,25747.2,221132.8,61188.8,2.0,0.0,51.0,10.0,0.0,1850.0,0.0,5e-05,20000000.0,1014400.0,257472.0,2211328.0,611888.0,0.7465038320299974,0.724306964795119
1315,6577.0,3.0,252.4,73.6,178.8,23.887999999999998,91.6,28.6,63.0,20.686,648248.0,180630.4,253915.2,71832.0,7.0,0.0,51.0,10.0,0.0,2930.0,0.0,5e-05,20000000.0,6482480.0,1806304.0,2539152.0,718320.0,0.7083892356762866,0.6877161402769294
1316,6582.0,3.0,259.2,71.8,187.4,23.316,89.6,26.4,63.2,21.218,618900.8,174360.0,237336.0,69179.2,7.0,0.0,51.0,10.0,0.0,3460.0,0.0,5e-05,20000000.0,6189008.0,1743600.0,2373360.0,691792.0,0.7229584830159573,0.70534255599473
1317,6587.0,3.0,281.0,79.0,202.0,25.991999999999997,88.6,25.6,63.0,25.906,856060.8,234081.6,349972.8,95980.8,7.0,0.0,51.0,10.0,0.0,1590.0,0.0,5e-05,20000000.0,8560608.0,2340816.0,3499728.0,959808.0,0.7189201058523147,0.7108559356685293
1318,6592.0,3.0,308.8,108.8,200.0,22.088,248.2,82.8,165.4,23.462000000000003,79185.6,21776.0,170438.4,47177.6,2.0,0.0,51.0,10.0,0.0,2480.0,0.0,5e-05,20000000.0,791856.0,217760.0,1704384.0,471776.0,0.6477657931995837,0.6664182577949213
1319,6597.0,3.0,297.2,85.6,211.6,24.444,163.2,55.8,107.4,22.354,329540.8,89606.4,225736.0,62966.4,4.0,0.0,51.0,10.0,0.0,3450.0,0.0,5e-05,20000000.0,3295408.0,896064.0,2257360.0,629664.0,0.7119562440091651,0.6580675493189834
1320,6602.0,3.0,285.0,83.0,202.0,23.07,162.6,54.4,108.2,19.518,320918.4,91320.0,185371.2,52632.0,4.0,0.0,51.0,10.0,0.0,3760.0,0.0,5e-05,20000000.0,3209184.0,913200.0,1853712.0,526320.0,0.7088263087079014,0.6653591248026187
1321,6607.0,3.0,237.8,66.8,171.0,22.762,91.0,27.0,64.0,18.526,577444.8,159259.2,194785.6,53464.0,7.0,0.0,51.0,10.0,0.0,3600.0,0.0,5e-05,20000000.0,5774448.0,1592592.0,1947856.0,534640.0,0.7191792022559479,0.7031321633910789
1322,6612.0,3.0,157.8,44.6,113.2,19.727999999999998,36.6,10.4,26.2,20.011999999999997,518009.6,150427.2,229352.0,68910.4,14.0,0.0,51.0,10.0,0.0,2550.0,0.0,5e-05,20000000.0,5180096.0,1504272.0,2293520.0,689104.0,0.7173612230911874,0.7157510894352999
1323,6617.0,3.0,153.0,42.6,110.4,22.601999999999997,37.8,10.4,27.4,22.44,629646.4,184697.6,238488.0,67822.4,14.0,0.0,51.0,10.0,0.0,1880.0,0.0,5e-05,20000000.0,6296464.0,1846976.0,2384880.0,678224.0,0.7215135448521469,0.7248933143669987
1324,6622.0,3.0,154.8,41.6,113.2,22.788,37.0,10.2,26.8,22.309999999999995,611292.8,159723.2,219753.6,67518.4,14.0,0.0,51.0,10.0,0.0,2400.0,0.0,5e-05,20000000.0,6112928.0,1597232.0,2197536.0,675184.0,0.7312688515922163,0.7243085190453611
1325,6627.0,3.0,300.2,96.4,203.8,21.164,273.2,94.2,179.0,17.144,67881.6,19110.4,138841.6,39332.8,2.0,0.0,51.0,10.0,0.0,4600.0,0.0,5e-05,20000000.0,678816.0,191104.0,1388416.0,393328.0,0.6788753517819603,0.6552625941589671
1326,6632.0,3.0,157.4,46.4,111.0,25.508000000000003,37.0,10.2,26.8,25.85,914704.0,252686.4,337201.6,89929.6,14.0,0.0,51.0,10.0,0.0,360.0,0.0,5e-05,20000000.0,9147040.0,2526864.0,3372016.0,899296.0,0.7052166452698583,0.724387545440177
1327,6637.0,3.0,307.4,95.2,212.2,24.604000000000003,247.2,73.2,174.0,25.803999999999995,87112.0,24569.6,191686.4,52078.4,2.0,0.0,51.0,10.0,0.0,2990.0,0.0,5e-05,20000000.0,871120.0,245696.0,1916864.0,520784.0,0.6903057610849529,0.7038904560850956
1328,6642.0,3.0,155.0,46.2,108.8,22.449999999999996,37.8,10.6,27.2,22.16,597841.6,182344.0,247918.4,74483.2,14.0,0.0,51.0,10.0,0.0,1640.0,0.0,5e-05,20000000.0,5978416.0,1823440.0,2479184.0,744832.0,0.7020770461023074,0.7196301564722617
1329,6647.0,3.0,297.0,87.2,209.8,22.208,166.4,55.8,110.6,20.058,315609.6,84611.2,196019.2,55296.0,4.0,0.0,51.0,10.0,0.0,3630.0,0.0,5e-05,20000000.0,3156096.0,846112.0,1960192.0,552960.0,0.7064812623808507,0.664752874936924
1330,6652.0,3.0,154.0,46.0,108.0,23.359999999999996,36.6,10.4,26.2,23.662,792584.0,210313.6,269721.6,75900.8,14.0,0.0,51.0,10.0,0.0,1080.0,0.0,5e-05,20000000.0,7925840.0,2103136.0,2697216.0,759008.0,0.7012026170587129,0.7155844566370883
1331,6657.0,3.0,297.2,88.0,209.2,24.506,156.6,49.4,107.2,23.438,343014.4,96212.8,242268.8,66980.8,4.0,0.0,51.0,10.0,0.0,1760.0,0.0,5e-05,20000000.0,3430144.0,962128.0,2422688.0,669808.0,0.7038479334969668,0.6845935361114429
1332,6662.0,3.0,320.0,93.2,226.8,25.198,273.6,76.4,197.2,26.860000000000003,87963.2,23345.6,224176.0,61592.0,2.0,0.0,51.0,10.0,0.0,1230.0,0.0,5e-05,20000000.0,879632.0,233456.0,2241760.0,615920.0,0.70875,0.7207516985764976
1333,6667.0,3.0,280.8,94.2,186.6,17.772000000000002,164.4,60.2,104.2,13.426000000000002,248259.2,71428.8,122152.0,38372.8,4.0,0.0,51.0,10.0,0.0,3720.0,0.0,5e-05,20000000.0,2482592.0,714288.0,1221520.0,383728.0,0.6639182058008097,0.6338293169686076
1334,6672.0,3.0,231.6,62.2,169.4,20.604000000000003,91.4,25.4,66.0,16.080000000000002,481144.0,129217.6,158969.6,47323.2,7.0,0.0,51.0,10.0,0.0,4620.0,0.0,5e-05,20000000.0,4811440.0,1292176.0,1589696.0,473232.0,0.7315162484969087,0.7221387886460298
1335,6677.0,3.0,209.6,75.2,134.4,21.774,90.8,47.0,43.8,14.830000000000002,512243.2,146956.8,212488.0,67752.0,7.0,0.0,51.0,10.0,0.0,1000.0,0.0,5e-05,20000000.0,5122432.0,1469568.0,2124880.0,677520.0,0.6422093407938231,0.4822701865951625
1336,6682.0,3.0,292.0,81.4,210.6,25.018,237.6,78.8,158.8,22.782,96915.2,26398.4,153686.4,42451.2,2.0,0.0,51.0,10.0,0.0,3570.0,0.0,5e-05,20000000.0,969152.0,263984.0,1536864.0,424512.0,0.7211024162072095,0.6684062032603013
1337,6687.0,3.0,156.8,45.2,111.6,21.28,37.6,11.2,26.4,20.998,593403.2,170043.2,228761.6,65339.2,14.0,0.0,51.0,10.0,0.0,3330.0,0.0,5e-05,20000000.0,5934032.0,1700432.0,2287616.0,653392.0,0.7116451055089847,0.7018492176386913
1338,6692.0,3.0,289.6,86.6,203.0,22.991999999999997,158.6,53.0,105.6,20.839999999999996,330988.8,92035.2,197049.6,53124.8,4.0,0.0,51.0,10.0,0.0,3280.0,0.0,5e-05,20000000.0,3309888.0,920352.0,1970496.0,531248.0,0.7009550976787822,0.6657056348547956
1339,6697.0,3.0,246.4,66.0,180.4,25.815999999999995,92.4,26.2,66.2,22.418,736132.8,197555.2,243246.4,66400.0,7.0,0.0,51.0,10.0,0.0,4280.0,0.0,5e-05,20000000.0,7361328.0,1975552.0,2432464.0,664000.0,0.7321592415772759,0.7163593595586076
1340,6702.0,3.0,153.8,44.4,109.4,19.901999999999997,37.8,11.6,26.2,19.529999999999998,543564.8,160971.2,214611.2,58051.2,14.0,0.0,51.0,10.0,0.0,3660.0,0.0,5e-05,20000000.0,5435648.0,1609712.0,2146112.0,580512.0,0.7113070535559446,0.6933143669985775
1341,6707.0,3.0,287.8,84.8,203.0,21.532,164.0,48.0,116.0,18.133999999999997,317060.8,88456.0,151900.8,44230.4,4.0,0.0,51.0,10.0,0.0,4770.0,0.0,5e-05,20000000.0,3170608.0,884560.0,1519008.0,442304.0,0.7053211270932105,0.7073160582076614
1342,6712.0,3.0,302.4,80.0,222.4,26.032,165.4,49.8,115.6,24.682000000000002,344326.4,91785.6,257008.0,70281.6,4.0,0.0,51.0,10.0,0.0,2560.0,0.0,5e-05,20000000.0,3443264.0,917856.0,2570080.0,702816.0,0.7354294713129471,0.6989322197109267
1343,6717.0,3.0,320.0,80.0,240.0,26.607999999999997,284.8,77.8,207.0,27.0,95974.4,23993.6,232419.2,63035.2,2.0,0.0,51.0,10.0,0.0,1570.0,0.0,5e-05,20000000.0,959744.0,239936.0,2324192.0,630352.0,0.75,0.7268188905247828
1344,6722.0,3.0,150.6,42.2,108.4,15.756,37.6,11.2,26.4,13.894,307552.0,89408.0,133257.6,39004.8,14.0,0.0,51.0,10.0,0.0,5000.0,0.0,5e-05,20000000.0,3075520.0,894080.0,1332576.0,390048.0,0.7195987580731756,0.7019914651493598
1345,6727.0,3.0,290.2,82.2,208.0,23.794,162.6,53.0,109.6,21.69,295046.4,83518.4,210968.0,62283.2,4.0,0.0,51.0,10.0,0.0,3610.0,0.0,5e-05,20000000.0,2950464.0,835184.0,2109680.0,622832.0,0.716693459840603,0.6742564225897559
1346,6732.0,3.0,320.0,80.0,240.0,26.607999999999997,164.8,44.2,120.6,27.0,387680.0,96920.0,306568.0,82257.6,4.0,0.0,51.0,10.0,0.0,1570.0,0.0,5e-05,20000000.0,3876800.0,969200.0,3065680.0,822576.0,0.75,0.73186487560878
1347,6737.0,3.0,266.4,73.8,192.6,25.046,93.4,25.8,67.6,23.598,679281.6,193577.6,263785.6,71142.4,7.0,0.0,51.0,10.0,0.0,4860.0,0.0,5e-05,20000000.0,6792816.0,1935776.0,2637856.0,711424.0,0.7229985218601473,0.7239269273718449
1348,6742.0,3.0,258.8,73.0,185.8,25.95,89.0,29.0,60.0,23.804,771504.0,213710.4,313921.6,86790.4,7.0,0.0,51.0,10.0,0.0,1190.0,0.0,5e-05,20000000.0,7715040.0,2137104.0,3139216.0,867904.0,0.7179263247823086,0.6741419816138918
1349,6747.0,3.0,248.0,71.4,176.6,17.912,91.0,27.4,63.6,14.428,388537.6,107478.4,145363.2,43939.2,7.0,0.0,51.0,10.0,0.0,3420.0,0.0,5e-05,20000000.0,3885376.0,1074784.0,1453632.0,439392.0,0.7120172264123532,0.6988462389402009
1350,6752.0,3.0,313.2,87.8,225.4,25.810000000000002,267.2,76.8,190.4,26.395999999999997,92382.4,24457.6,212326.4,57889.6,2.0,0.0,51.0,10.0,0.0,830.0,0.0,5e-05,20000000.0,923824.0,244576.0,2123264.0,578896.0,0.7196766715915696,0.712578708957256
1351,6757.0,3.0,156.2,42.4,113.8,22.298,37.6,10.2,27.4,22.154,634632.0,182211.2,222324.8,61532.8,14.0,0.0,51.0,10.0,0.0,2260.0,0.0,5e-05,20000000.0,6346320.0,1822112.0,2223248.0,615328.0,0.7285050841359538,0.7286549707602339
1352,6762.0,3.0,312.8,103.8,209.0,21.926,230.0,69.4,160.6,25.174000000000003,78134.4,20515.2,174460.8,48177.6,2.0,0.0,51.0,10.0,0.0,3830.0,0.0,5e-05,20000000.0,781344.0,205152.0,1744608.0,481776.0,0.6682865839777141,0.6982335984768924
1353,6767.0,3.0,267.6,84.4,183.2,18.806000000000004,156.2,57.0,99.2,14.134,244224.0,67830.4,142225.6,40568.0,4.0,0.0,51.0,10.0,0.0,4120.0,0.0,5e-05,20000000.0,2442240.0,678304.0,1422256.0,405680.0,0.6845430895627377,0.6348021798021798
1354,6772.0,3.0,313.2,80.0,233.2,26.544,277.4,78.4,199.0,26.73,102496.0,26323.2,221044.8,61472.0,2.0,0.0,51.0,10.0,0.0,890.0,0.0,5e-05,20000000.0,1024960.0,263232.0,2210448.0,614720.0,0.7445240580688008,0.7173706327614331
1355,6777.0,3.0,303.2,99.0,204.2,21.796,224.0,75.4,148.6,21.106,80496.0,22828.8,135516.8,40012.8,2.0,0.0,51.0,10.0,0.0,3500.0,0.0,5e-05,20000000.0,804960.0,228288.0,1355168.0,400128.0,0.6735406631482652,0.6634697104398016
1356,6782.0,3.0,158.0,46.2,111.8,25.57,37.4,11.2,26.2,25.869999999999997,922667.2,259982.4,349299.2,95756.8,14.0,0.0,51.0,10.0,0.0,650.0,0.0,5e-05,20000000.0,9226672.0,2599824.0,3492992.0,957568.0,0.7076142564413053,0.7005689900426744
1357,6787.0,3.0,320.0,80.0,240.0,26.552,166.6,45.6,121.0,27.0,384236.8,96059.2,303913.6,82160.0,4.0,0.0,51.0,10.0,0.0,550.0,0.0,5e-05,20000000.0,3842368.0,960592.0,3039136.0,821600.0,0.75,0.7262856387053775
1358,6792.0,3.0,311.6,92.4,219.2,23.427999999999997,240.8,70.8,170.0,25.532,70025.6,18673.6,182555.2,49734.4,2.0,0.0,51.0,10.0,0.0,4870.0,0.0,5e-05,20000000.0,700256.0,186736.0,1825552.0,497344.0,0.7033993918531053,0.7059792191919397
1359,6797.0,3.0,320.0,101.8,218.2,24.256,264.4,73.6,190.8,26.798000000000002,82137.6,22728.0,216376.0,59078.4,2.0,0.0,51.0,10.0,0.0,1460.0,0.0,5e-05,20000000.0,821376.0,227280.0,2163760.0,590784.0,0.681875,0.7217048890441731
1360,6802.0,3.0,148.6,40.8,107.8,22.206,37.8,10.4,27.4,20.418,567601.6,167772.8,213240.0,61760.0,14.0,0.0,51.0,10.0,0.0,3030.0,0.0,5e-05,20000000.0,5676016.0,1677728.0,2132400.0,617600.0,0.7254230011180711,0.7248933143669986
1361,6807.0,3.0,154.0,42.2,111.8,20.016,37.6,10.6,27.0,19.074,484820.8,143664.0,199963.2,62096.0,14.0,0.0,51.0,10.0,0.0,4050.0,0.0,5e-05,20000000.0,4848208.0,1436640.0,1999632.0,620960.0,0.7259809597950015,0.7180654338549075
1362,6812.0,3.0,284.8,78.4,206.4,26.588,89.8,24.6,65.2,27.0,913520.0,251073.6,370404.8,99083.2,7.0,0.0,51.0,10.0,0.0,140.0,0.0,5e-05,20000000.0,9135200.0,2510736.0,3704048.0,990832.0,0.7247231221953239,0.7260493048719722
1363,6817.0,3.0,300.6,80.0,220.6,26.137999999999998,161.6,46.4,115.2,24.766000000000002,366832.0,98516.8,259121.6,72086.4,4.0,0.0,51.0,10.0,0.0,2820.0,0.0,5e-05,20000000.0,3668320.0,985168.0,2591216.0,720864.0,0.7338531478404237,0.7128494880282519
1364,6822.0,3.0,309.0,101.6,207.4,20.631999999999998,230.0,75.8,154.2,22.107999999999997,74448.0,19315.2,148281.6,41699.2,2.0,0.0,51.0,10.0,0.0,4960.0,0.0,5e-05,20000000.0,744480.0,193152.0,1482816.0,416992.0,0.6712094414121534,0.6703412649570719
1365,6827.0,3.0,152.2,44.6,107.6,19.165999999999997,37.8,12.0,25.8,18.788,560254.4,161936.0,215675.2,72056.0,14.0,0.0,51.0,10.0,0.0,3770.0,0.0,5e-05,20000000.0,5602544.0,1619360.0,2156752.0,720560.0,0.7068494991409155,0.6826458036984353
1366,6832.0,3.0,310.6,80.0,230.6,26.318,165.4,46.8,118.6,25.99,386900.8,100097.6,284771.2,75705.6,4.0,0.0,51.0,10.0,0.0,1180.0,0.0,5e-05,20000000.0,3869008.0,1000976.0,2847712.0,757056.0,0.7424237822499757,0.7170245773661358
1367,6837.0,3.0,157.0,45.8,111.2,23.336,37.8,11.4,26.4,23.464000000000002,707632.0,194915.2,295248.0,82358.4,14.0,0.0,51.0,10.0,0.0,2760.0,0.0,5e-05,20000000.0,7076320.0,1949152.0,2952480.0,823584.0,0.7082302255244286,0.6985775248933143
1368,6842.0,3.0,270.2,76.8,193.4,21.748,166.4,55.6,110.8,17.042,308556.8,85857.6,137332.8,40798.4,4.0,0.0,51.0,10.0,0.0,4390.0,0.0,5e-05,20000000.0,3085568.0,858576.0,1373328.0,407984.0,0.7156706232940964,0.6658283197392493
1369,6847.0,3.0,292.6,84.0,208.6,24.694,223.6,66.4,157.2,24.554,93552.0,25940.8,157475.2,43196.8,2.0,0.0,51.0,10.0,0.0,4160.0,0.0,5e-05,20000000.0,935520.0,259408.0,1574752.0,431968.0,0.7129059736701614,0.7035214135873062
1370,6852.0,3.0,320.0,80.0,240.0,26.552,285.8,79.2,206.6,27.0,95174.4,23793.6,232224.0,64520.0,2.0,0.0,51.0,10.0,0.0,410.0,0.0,5e-05,20000000.0,951744.0,237936.0,2322240.0,645200.0,0.75,0.7228547790134998
1371,6857.0,3.0,148.6,40.0,108.6,19.442,37.6,10.4,27.2,18.094,459875.2,131452.8,148388.8,50065.6,14.0,0.0,51.0,10.0,0.0,4130.0,0.0,5e-05,20000000.0,4598752.0,1314528.0,1483888.0,500656.0,0.7307424369498733,0.723470839260313
1372,6862.0,3.0,277.8,77.4,200.4,26.148000000000003,88.6,24.6,64.0,25.840000000000003,862665.6,235241.6,344387.2,93648.0,7.0,0.0,51.0,10.0,0.0,1150.0,0.0,5e-05,20000000.0,8626656.0,2352416.0,3443872.0,936480.0,0.7213820707372601,0.7223505669069403
1373,6867.0,3.0,256.8,70.6,186.2,24.954,91.2,25.4,65.8,22.344,706377.6,190523.2,233432.0,61028.8,7.0,0.0,51.0,10.0,0.0,3580.0,0.0,5e-05,20000000.0,7063776.0,1905232.0,2334320.0,610288.0,0.7250482439974555,0.7215250132523985
1374,6872.0,3.0,149.6,40.8,108.8,20.936,38.0,10.2,27.8,19.688,519187.2,143300.8,194801.6,51348.8,14.0,0.0,51.0,10.0,0.0,3520.0,0.0,5e-05,20000000.0,5191872.0,1433008.0,1948016.0,513488.0,0.7272304339858027,0.7315789473684211
1375,6877.0,3.0,268.8,78.6,190.2,23.19,89.0,25.2,63.8,22.728,704947.2,194385.6,260131.2,70366.4,7.0,0.0,51.0,10.0,0.0,2610.0,0.0,5e-05,20000000.0,7049472.0,1943856.0,2601312.0,703664.0,0.707613079804091,0.7168001321907778
1376,6882.0,3.0,313.0,96.8,216.2,22.974,255.8,77.6,178.2,23.474,82617.6,21849.6,177227.2,47579.2,2.0,0.0,51.0,10.0,0.0,4580.0,0.0,5e-05,20000000.0,826176.0,218496.0,1772272.0,475792.0,0.6905694797401056,0.6967220864689357
1377,6887.0,3.0,281.0,80.2,200.8,26.046,91.4,27.6,63.8,25.863999999999997,866225.6,237931.2,361569.6,103305.6,7.0,0.0,51.0,10.0,0.0,650.0,0.0,5e-05,20000000.0,8662256.0,2379312.0,3615696.0,1033056.0,0.7146118867779988,0.6979482169027845
1378,6892.0,3.0,306.6,92.2,214.4,24.630000000000003,241.8,73.0,168.8,25.494,96808.0,26545.6,185832.0,51425.6,2.0,0.0,51.0,10.0,0.0,1500.0,0.0,5e-05,20000000.0,968080.0,265456.0,1858320.0,514256.0,0.6991842045641328,0.698089201581464
1379,6897.0,3.0,242.4,72.0,170.4,25.046,92.0,34.0,58.0,21.182000000000002,679760.0,196390.4,271456.0,78870.4,7.0,0.0,51.0,10.0,0.0,1240.0,0.0,5e-05,20000000.0,6797600.0,1963904.0,2714560.0,788704.0,0.7029101916970473,0.6305344845307842
1380,6902.0,3.0,252.2,76.6,175.6,24.288,91.2,34.2,57.0,21.064,669528.0,185944.0,277451.2,75652.8,7.0,0.0,51.0,10.0,0.0,1500.0,0.0,5e-05,20000000.0,6695280.0,1859440.0,2774512.0,756528.0,0.6964666628336629,0.6250009851492042
1381,6907.0,3.0,279.2,79.4,199.8,26.022000000000002,89.2,25.8,63.4,25.808,852081.6,239249.6,361297.6,99089.6,7.0,0.0,51.0,10.0,0.0,390.0,0.0,5e-05,20000000.0,8520816.0,2392496.0,3612976.0,990896.0,0.7156108450151134,0.710921645404404
1382,6912.0,3.0,307.6,101.4,206.2,21.548,224.0,75.4,148.6,23.078,78171.2,20446.4,152444.8,41289.6,2.0,0.0,51.0,10.0,0.0,3250.0,0.0,5e-05,20000000.0,781712.0,204464.0,1524448.0,412896.0,0.6704076933932865,0.6634051517728661
1383,6917.0,3.0,157.8,43.0,114.8,26.558000000000003,37.0,10.0,27.0,27.0,977449.6,263692.8,371590.4,100656.0,14.0,0.0,51.0,10.0,0.0,330.0,0.0,5e-05,20000000.0,9774496.0,2636928.0,3715904.0,1006560.0,0.7275042328468919,0.7298640746009168
1384,6922.0,3.0,243.4,66.8,176.6,23.740000000000002,89.8,25.4,64.4,20.324,596924.8,168897.6,218843.2,62609.6,7.0,0.0,51.0,10.0,0.0,3930.0,0.0,5e-05,20000000.0,5969248.0,1688976.0,2188432.0,626096.0,0.7256414073717574,0.7169998470291582
1385,6927.0,3.0,280.4,84.8,195.6,22.451999999999998,162.2,60.2,102.0,18.826,295662.4,83572.8,167344.0,47059.2,4.0,0.0,51.0,10.0,0.0,3050.0,0.0,5e-05,20000000.0,2956624.0,835728.0,1673440.0,470592.0,0.6975806719935165,0.628671168976199
1386,6932.0,3.0,320.0,109.2,210.8,22.508,167.0,57.8,109.2,23.474,313686.4,93100.8,269977.6,74920.0,4.0,0.0,51.0,10.0,0.0,1170.0,0.0,5e-05,20000000.0,3136864.0,931008.0,2699776.0,749200.0,0.6587500000000001,0.6539153231692622
1387,6937.0,3.0,238.0,63.8,174.2,24.04,92.8,25.8,67.0,19.27,580025.6,157129.6,160027.2,50222.4,7.0,0.0,51.0,10.0,0.0,4100.0,0.0,5e-05,20000000.0,5800256.0,1571296.0,1600272.0,502224.0,0.7319159001246908,0.721996259934549
1388,6942.0,3.0,289.8,81.8,208.0,23.824,164.8,47.4,117.4,20.992,313156.8,87302.4,202371.2,58121.6,4.0,0.0,51.0,10.0,0.0,4590.0,0.0,5e-05,20000000.0,3131568.0,873024.0,2023712.0,581216.0,0.7177124479213723,0.7123208373865034
1389,6947.0,3.0,262.8,71.6,191.2,26.359999999999996,90.2,26.6,63.6,25.026,822785.6,223252.8,323752.0,90638.4,7.0,0.0,51.0,10.0,0.0,2140.0,0.0,5e-05,20000000.0,8227856.0,2232528.0,3237520.0,906384.0,0.7276350375839239,0.7051037851037851
1390,6952.0,3.0,226.4,65.8,160.6,22.266000000000002,93.0,28.6,64.4,16.744,485977.6,149497.6,172065.6,52811.2,7.0,0.0,51.0,10.0,0.0,4440.0,0.0,5e-05,20000000.0,4859776.0,1494976.0,1720656.0,528112.0,0.7092887370409787,0.6924640927016895
1391,6957.0,3.0,157.8,43.2,114.6,24.322000000000003,37.0,10.4,26.6,24.512,780792.0,219644.8,323544.0,93502.4,14.0,0.0,51.0,10.0,0.0,2220.0,0.0,5e-05,20000000.0,7807920.0,2196448.0,3235440.0,935024.0,0.7262141542998731,0.7189595610648242
1392,6962.0,3.0,307.4,90.6,216.8,24.38,246.8,76.8,170.0,24.51,86292.8,22780.8,178785.6,50412.8,2.0,0.0,51.0,10.0,0.0,3920.0,0.0,5e-05,20000000.0,862928.0,227808.0,1787856.0,504128.0,0.7051533661016437,0.6890565577611694
1393,6967.0,3.0,310.8,87.8,223.0,25.552,253.2,71.2,182.0,26.558,97409.6,26352.0,204238.4,54803.2,2.0,0.0,51.0,10.0,0.0,750.0,0.0,5e-05,20000000.0,974096.0,263520.0,2042384.0,548032.0,0.7174752811847535,0.7188377217322063
1394,6972.0,3.0,155.8,46.0,109.8,18.738,37.8,11.6,26.2,18.0,490392.0,140644.8,162585.6,44489.6,14.0,0.0,51.0,10.0,0.0,4290.0,0.0,5e-05,20000000.0,4903920.0,1406448.0,1625856.0,444896.0,0.7045840251308156,0.6933143669985775
1395,6977.0,3.0,156.2,47.4,108.8,24.418,37.0,11.4,25.6,24.578,874739.2,235256.0,327665.6,92737.6,14.0,0.0,51.0,10.0,0.0,600.0,0.0,5e-05,20000000.0,8747392.0,2352560.0,3276656.0,927376.0,0.6964549476545125,0.6913624150466255
1396,6982.0,3.0,293.4,80.0,213.4,25.630000000000003,159.8,52.4,107.4,24.042,361552.0,101195.2,289148.8,77441.6,4.0,0.0,51.0,10.0,0.0,930.0,0.0,5e-05,20000000.0,3615520.0,1011952.0,2891488.0,774416.0,0.7272700783112622,0.6720682764784764
1397,6987.0,3.0,224.4,63.8,160.6,22.768,92.6,26.4,66.2,16.130000000000003,546222.4,153617.6,129008.0,35132.8,7.0,0.0,51.0,10.0,0.0,4730.0,0.0,5e-05,20000000.0,5462224.0,1536176.0,1290080.0,351328.0,0.7156703956703957,0.7148334580848335
1398,6992.0,3.0,303.2,88.6,214.6,24.6,261.8,85.0,176.8,23.776,98537.6,27376.0,171169.6,46601.6,2.0,0.0,51.0,10.0,0.0,2710.0,0.0,5e-05,20000000.0,985376.0,273760.0,1711696.0,466016.0,0.707553762733529,0.6751923967394194
1399,6997.0,3.0,303.4,81.8,221.6,26.372000000000003,269.2,82.4,186.8,25.103999999999996,102323.2,27612.8,200398.4,53721.6,2.0,0.0,51.0,10.0,0.0,1560.0,0.0,5e-05,20000000.0,1023232.0,276128.0,2003984.0,537216.0,0.7303380936935548,0.6939002172093826
1400,7002.0,3.0,320.0,80.0,240.0,26.552,166.6,45.6,121.0,27.0,384236.8,96059.2,303913.6,82160.0,4.0,0.0,51.0,10.0,0.0,270.0,0.0,5e-05,20000000.0,3842368.0,960592.0,3039136.0,821600.0,0.75,0.7262856387053775
1401,7007.0,3.0,274.8,78.0,196.8,26.526,89.2,25.0,64.2,26.040000000000003,872662.4,245705.6,357448.0,93752.0,7.0,0.0,51.0,10.0,0.0,720.0,0.0,5e-05,20000000.0,8726624.0,2457056.0,3574480.0,937520.0,0.716146149077515,0.7196764408493428
1402,7012.0,3.0,273.6,78.2,195.4,25.640000000000004,91.0,27.6,63.4,24.746,812705.6,228550.4,318801.6,92585.6,7.0,0.0,51.0,10.0,0.0,1950.0,0.0,5e-05,20000000.0,8127056.0,2285504.0,3188016.0,925856.0,0.714227380327638,0.6965661660056022
1403,7017.0,3.0,304.0,92.6,211.4,24.209999999999997,263.0,87.8,175.2,23.438,95860.8,26740.8,175368.0,48784.0,2.0,0.0,51.0,10.0,0.0,2370.0,0.0,5e-05,20000000.0,958608.0,267408.0,1753680.0,487840.0,0.6952537770404503,0.6661753788551231
1404,7022.0,3.0,156.4,50.0,106.4,23.31,37.2,12.6,24.6,23.452000000000005,795416.0,218987.2,305582.4,84622.4,14.0,0.0,51.0,10.0,0.0,880.0,0.0,5e-05,20000000.0,7954160.0,2189872.0,3055824.0,846224.0,0.6802915916729779,0.6615062430851905
1405,7027.0,3.0,243.0,68.2,174.8,24.77,92.4,27.8,64.6,20.942,672344.0,183201.6,198406.4,62443.2,7.0,0.0,51.0,10.0,0.0,2680.0,0.0,5e-05,20000000.0,6723440.0,1832016.0,1984064.0,624432.0,0.7193276176347709,0.6990784885789513
1406,7032.0,3.0,301.2,98.6,202.6,20.740000000000002,238.4,86.2,152.2,18.615999999999996,78033.6,22761.6,116043.2,34507.2,2.0,0.0,51.0,10.0,0.0,4750.0,0.0,5e-05,20000000.0,780336.0,227616.0,1160432.0,345072.0,0.6728100395250831,0.6385134483244048
1407,7037.0,3.0,156.4,46.0,110.4,19.674,38.0,11.0,27.0,19.526,543552.0,163289.6,148694.4,47228.8,14.0,0.0,51.0,10.0,0.0,4450.0,0.0,5e-05,20000000.0,5435520.0,1632896.0,1486944.0,472288.0,0.705939334018171,0.7105263157894737
1408,7042.0,3.0,227.2,70.4,156.8,19.79,92.0,36.2,55.8,14.545999999999998,456756.8,130096.0,173145.6,54681.6,7.0,0.0,51.0,10.0,0.0,3000.0,0.0,5e-05,20000000.0,4567568.0,1300960.0,1731456.0,546816.0,0.6904775130863463,0.606280341051139
1409,7047.0,3.0,156.0,44.4,111.6,22.082,38.0,10.6,27.4,21.892000000000003,625132.8,174788.8,194073.6,60540.8,14.0,0.0,51.0,10.0,0.0,1680.0,0.0,5e-05,20000000.0,6251328.0,1747888.0,1940736.0,605408.0,0.7153448897915506,0.7210526315789474
1410,7052.0,3.0,309.6,80.0,229.6,26.516,166.2,49.2,117.0,25.72,356641.6,93000.0,289435.2,78529.6,4.0,0.0,51.0,10.0,0.0,720.0,0.0,5e-05,20000000.0,3566416.0,930000.0,2894352.0,785296.0,0.7415960069802232,0.7040155139456538
1411,7057.0,3.0,320.0,80.0,240.0,26.541999999999994,166.6,45.6,121.0,27.0,383475.2,95868.8,299428.8,82441.6,4.0,0.0,51.0,10.0,0.0,110.0,0.0,5e-05,20000000.0,3834752.0,958688.0,2994288.0,824416.0,0.75,0.7262410602735437
1412,7062.0,3.0,313.2,84.0,229.2,25.977999999999998,265.8,73.6,192.2,26.818,100156.8,26113.6,213313.6,57969.6,2.0,0.0,51.0,10.0,0.0,1890.0,0.0,5e-05,20000000.0,1001568.0,261136.0,2133136.0,579696.0,0.7317824888288064,0.7231259708051433
1413,7067.0,3.0,264.6,73.6,191.0,26.389999999999997,91.2,29.4,61.8,24.338,847982.4,232268.8,330566.4,93667.2,7.0,0.0,51.0,10.0,0.0,670.0,0.0,5e-05,20000000.0,8479824.0,2322688.0,3305664.0,936672.0,0.7218934065974054,0.6776099885777305
1414,7072.0,3.0,273.2,75.6,197.6,26.480000000000008,89.4,25.6,63.8,25.788,860108.8,239147.2,347158.4,93724.8,7.0,0.0,51.0,10.0,0.0,1380.0,0.0,5e-05,20000000.0,8601088.0,2391472.0,3471584.0,937248.0,0.7232840188293173,0.7136509557857873
1415,7077.0,3.0,274.4,75.0,199.4,23.034,89.6,25.8,63.8,21.990000000000002,610801.6,175124.8,258542.4,76238.4,7.0,0.0,51.0,10.0,0.0,3590.0,0.0,5e-05,20000000.0,6108016.0,1751248.0,2585424.0,762384.0,0.7266664019204004,0.7118371957521401
1416,7082.0,3.0,315.6,80.0,235.6,26.201999999999998,275.8,76.8,199.0,27.0,104345.6,26526.4,226796.8,63356.8,2.0,0.0,51.0,10.0,0.0,2470.0,0.0,5e-05,20000000.0,1043456.0,265264.0,2267968.0,633568.0,0.7464904524591686,0.7215681405461323
1417,7087.0,3.0,306.4,80.0,226.4,26.534,273.4,82.2,191.2,25.786,94227.2,24849.6,211243.2,58641.6,2.0,0.0,51.0,10.0,0.0,560.0,0.0,5e-05,20000000.0,942272.0,248496.0,2112432.0,586416.0,0.7388466768618287,0.6993763676349014
1418,7092.0,3.0,250.2,72.0,178.2,24.094,91.4,29.6,61.8,20.702,669817.6,187923.2,241227.2,71625.6,7.0,0.0,51.0,10.0,0.0,2370.0,0.0,5e-05,20000000.0,6698176.0,1879232.0,2412272.0,716256.0,0.7122211612013924,0.6762706827554192
1419,7097.0,3.0,306.4,85.8,220.6,25.932,264.4,78.4,186.0,25.414,91424.0,24646.4,201251.2,54179.2,2.0,0.0,51.0,10.0,0.0,2590.0,0.0,5e-05,20000000.0,914240.0,246464.0,2012512.0,541792.0,0.7199584987211818,0.703509833355074
1420,7102.0,3.0,180.0,52.6,127.4,25.169999999999998,91.6,26.4,65.2,15.212,535635.2,156892.8,131100.8,35990.4,7.0,0.0,51.0,10.0,0.0,4500.0,0.0,5e-05,20000000.0,5356352.0,1568928.0,1311008.0,359904.0,0.7077700164896404,0.7118628675172067
1421,7107.0,3.0,142.2,39.0,103.2,21.534,38.0,10.4,27.6,18.619999999999997,656264.0,185086.4,261816.0,73376.0,14.0,0.0,51.0,10.0,0.0,3400.0,0.0,5e-05,20000000.0,6562640.0,1850864.0,2618160.0,733760.0,0.7257049306989748,0.7263157894736842
1422,7112.0,3.0,295.6,87.6,208.0,21.71,246.2,87.4,158.8,18.574,85060.8,22275.2,124646.4,34697.6,2.0,0.0,51.0,10.0,0.0,4790.0,0.0,5e-05,20000000.0,850608.0,222752.0,1246464.0,346976.0,0.7035235420605164,0.6450308944330103
1423,7117.0,3.0,310.2,93.8,216.4,21.814,160.6,49.6,111.0,21.628,248342.4,70272.0,200041.6,56009.6,4.0,0.0,51.0,10.0,0.0,3940.0,0.0,5e-05,20000000.0,2483424.0,702720.0,2000416.0,560096.0,0.6974936788900046,0.6913915458561075
1424,7122.0,3.0,156.2,48.2,108.0,20.95,37.8,12.8,25.0,21.18,613824.0,168156.8,234758.4,73900.8,14.0,0.0,51.0,10.0,0.0,1240.0,0.0,5e-05,20000000.0,6138240.0,1681568.0,2347584.0,739008.0,0.6913453634279761,0.6613086770981508
1425,7127.0,3.0,158.8,48.4,110.4,24.451999999999998,36.8,11.2,25.6,24.663999999999998,836369.6,226798.4,301115.2,85953.6,14.0,0.0,51.0,10.0,0.0,1220.0,0.0,5e-05,20000000.0,8363696.0,2267984.0,3011152.0,859536.0,0.6951630045378553,0.6958548331613347
1426,7132.0,3.0,152.0,42.4,109.6,20.094,37.8,11.4,26.4,19.605999999999998,528505.6,140302.4,210331.2,57929.6,14.0,0.0,51.0,10.0,0.0,2520.0,0.0,5e-05,20000000.0,5285056.0,1403024.0,2103312.0,579296.0,0.7211323747683004,0.6985775248933144
1427,7137.0,3.0,153.4,45.2,108.2,21.512,37.8,10.8,27.0,20.932,646216.0,178584.0,223123.2,70504.0,14.0,0.0,51.0,10.0,0.0,3490.0,0.0,5e-05,20000000.0,6462160.0,1785840.0,2231232.0,705040.0,0.7053688188573278,0.7140825035561879
1428,7142.0,3.0,320.0,80.0,240.0,26.552,166.6,45.6,121.0,27.0,384236.8,96059.2,303913.6,82160.0,4.0,0.0,51.0,10.0,0.0,380.0,0.0,5e-05,20000000.0,3842368.0,960592.0,3039136.0,821600.0,0.75,0.7262856387053775
1429,7147.0,3.0,149.2,41.4,107.8,19.584,38.0,10.8,27.2,17.804000000000002,435675.2,136963.2,184315.2,57953.6,14.0,0.0,51.0,10.0,0.0,4020.0,0.0,5e-05,20000000.0,4356752.0,1369632.0,1843152.0,579536.0,0.7225437351657289,0.7157894736842105
1430,7152.0,3.0,299.0,87.8,211.2,24.192,165.0,53.4,111.6,22.546,329987.2,94107.2,226462.4,63148.8,4.0,0.0,51.0,10.0,0.0,2260.0,0.0,5e-05,20000000.0,3299872.0,941072.0,2264624.0,631488.0,0.7062221989889051,0.6763599764991357
1431,7157.0,3.0,289.6,82.0,207.6,24.954,162.6,56.6,106.0,22.502,349843.2,97809.6,239611.2,65590.4,4.0,0.0,51.0,10.0,0.0,2320.0,0.0,5e-05,20000000.0,3498432.0,978096.0,2396112.0,655904.0,0.7168241715700854,0.6519511379345776
1432,7162.0,3.0,156.4,45.4,111.0,22.112000000000002,37.0,10.6,26.4,22.197999999999997,694961.6,188964.8,228987.2,64606.4,14.0,0.0,51.0,10.0,0.0,2610.0,0.0,5e-05,20000000.0,6949616.0,1889648.0,2289872.0,646064.0,0.7097241909042123,0.7136964031700874
1433,7167.0,3.0,155.4,43.2,112.2,25.448,37.8,10.8,27.0,25.880000000000003,874051.2,237843.2,345609.6,95083.2,14.0,0.0,51.0,10.0,0.0,1280.0,0.0,5e-05,20000000.0,8740512.0,2378432.0,3456096.0,950832.0,0.7220594115714286,0.7143669985775247
1434,7172.0,3.0,154.6,45.8,108.8,20.137999999999998,37.4,10.4,27.0,19.564,555734.4,158499.2,200728.0,55348.8,14.0,0.0,51.0,10.0,0.0,4820.0,0.0,5e-05,20000000.0,5557344.0,1584992.0,2007280.0,553488.0,0.703663875147173,0.7222617354196301
1435,7177.0,3.0,304.8,88.2,216.6,25.427999999999997,253.4,78.4,175.0,25.266000000000002,91624.0,25332.8,192630.4,53036.8,2.0,0.0,51.0,10.0,0.0,1420.0,0.0,5e-05,20000000.0,916240.0,253328.0,1926304.0,530368.0,0.7106362322469264,0.6905468221554327
1436,7182.0,3.0,273.0,80.4,192.6,25.509999999999998,91.4,26.8,64.6,24.688,803329.6,230731.2,304995.2,89393.6,7.0,0.0,51.0,10.0,0.0,1530.0,0.0,5e-05,20000000.0,8033296.0,2307312.0,3049952.0,893936.0,0.7054565729497229,0.706729015665186
1437,7187.0,3.0,145.4,40.6,104.8,17.122000000000003,37.2,10.6,26.6,15.37,405940.8,116649.6,181884.8,57608.0,14.0,0.0,51.0,10.0,0.0,4670.0,0.0,5e-05,20000000.0,4059408.0,1166496.0,1818848.0,576080.0,0.7206267166978695,0.7155761024182077
1438,7192.0,3.0,305.6,82.6,223.0,25.524,247.6,71.6,176.0,26.052,97496.0,25702.4,193384.0,52468.8,2.0,0.0,51.0,10.0,0.0,3540.0,0.0,5e-05,20000000.0,974960.0,257024.0,1933840.0,524688.0,0.7297402803708765,0.7109364164823632
1439,7197.0,3.0,310.6,99.0,211.6,21.654,229.4,72.6,156.8,22.104,72579.2,19201.6,147715.2,40718.4,2.0,0.0,51.0,10.0,0.0,4990.0,0.0,5e-05,20000000.0,725792.0,192016.0,1477152.0,407184.0,0.6812374518685198,0.6834237969455174
1440,7202.0,3.0,313.0,92.8,220.2,23.374000000000002,246.8,75.0,171.8,24.752000000000002,83921.6,23054.4,176275.2,48129.6,2.0,0.0,51.0,10.0,0.0,4560.0,0.0,5e-05,20000000.0,839216.0,230544.0,1762752.0,481296.0,0.7034846873303296,0.696163688400701
1441,7207.0,3.0,237.8,65.8,172.0,20.078,89.2,29.4,59.8,16.354,436108.8,115747.2,93659.2,31172.8,7.0,0.0,51.0,10.0,0.0,4700.0,0.0,5e-05,20000000.0,4361088.0,1157472.0,936592.0,311728.0,0.7232173775907664,0.670442786644309
1442,7212.0,3.0,152.2,43.2,109.0,21.534,38.0,10.6,27.4,20.806,602972.8,180153.6,211712.0,66070.4,14.0,0.0,51.0,10.0,0.0,2630.0,0.0,5e-05,20000000.0,6029728.0,1801536.0,2117120.0,660704.0,0.7161916088050372,0.7210526315789473
1443,7217.0,3.0,301.0,80.0,221.0,26.094,164.8,47.6,117.2,24.802,368339.2,99134.4,261393.6,70435.2,4.0,0.0,51.0,10.0,0.0,1410.0,0.0,5e-05,20000000.0,3683392.0,991344.0,2613936.0,704352.0,0.734206254519829,0.7112244111887769
1444,7222.0,3.0,310.0,109.2,200.8,19.758000000000003,211.6,63.4,148.2,24.640000000000004,64723.2,18003.2,155924.8,41510.4,2.0,0.0,51.0,10.0,0.0,4320.0,0.0,5e-05,20000000.0,647232.0,180032.0,1559248.0,415104.0,0.6477022257112137,0.7007614839620977
1445,7227.0,3.0,300.6,91.6,209.0,18.026,166.6,50.2,116.4,15.544,239193.6,68744.0,97987.2,28862.4,4.0,0.0,51.0,10.0,0.0,4720.0,0.0,5e-05,20000000.0,2391936.0,687440.0,979872.0,288624.0,0.6952846442175524,0.6986209482116186
1446,7232.0,3.0,258.0,74.4,183.6,24.828,91.2,30.0,61.2,22.766,717270.4,197704.0,286227.2,81950.4,7.0,0.0,51.0,10.0,0.0,1600.0,0.0,5e-05,20000000.0,7172704.0,1977040.0,2862272.0,819504.0,0.7116681763287023,0.6709821096777618
1447,7237.0,3.0,313.2,80.0,233.2,26.542,277.8,79.6,198.2,26.554000000000002,92934.4,23793.6,221796.8,61425.6,2.0,0.0,51.0,10.0,0.0,420.0,0.0,5e-05,20000000.0,929344.0,237936.0,2217968.0,614256.0,0.7445696553976809,0.7135844299154661
1448,7242.0,3.0,157.4,44.6,112.8,20.752000000000002,37.0,10.8,26.2,20.468,649787.2,171265.6,243516.8,68684.8,14.0,0.0,51.0,10.0,0.0,4580.0,0.0,5e-05,20000000.0,6497872.0,1712656.0,2435168.0,686848.0,0.7165628655239354,0.707610693400167
1449,7247.0,3.0,158.6,43.2,115.4,26.576,36.8,10.0,26.8,27.0,979769.6,264897.6,375944.0,102771.2,14.0,0.0,51.0,10.0,0.0,230.0,0.0,5e-05,20000000.0,9797696.0,2648976.0,3759440.0,1027712.0,0.7276164495605395,0.7283722820564926
1450,7252.0,3.0,309.8,89.2,220.6,24.104,160.8,47.6,113.2,23.848000000000003,325748.8,88147.2,244481.6,66356.8,4.0,0.0,51.0,10.0,0.0,3090.0,0.0,5e-05,20000000.0,3257488.0,881472.0,2444816.0,663568.0,0.7121432997282905,0.7040097493931645
1451,7257.0,3.0,157.8,43.6,114.2,26.606,37.4,10.2,27.2,27.0,1011697.6,279729.6,370601.6,101160.0,14.0,0.0,51.0,10.0,0.0,1470.0,0.0,5e-05,20000000.0,10116976.0,2797296.0,3706016.0,1011600.0,0.7236754954294381,0.7272324956535483
1452,7262.0,3.0,295.2,92.6,202.6,22.334,164.6,61.4,103.2,20.106,298912.0,82510.4,214016.0,59140.8,4.0,0.0,51.0,10.0,0.0,2480.0,0.0,5e-05,20000000.0,2989120.0,825104.0,2140160.0,591408.0,0.6864408221173702,0.6269373395554652
1453,7267.0,3.0,153.4,42.4,111.0,16.498,37.4,11.6,25.8,15.928,395584.0,110913.6,171620.8,66350.4,14.0,0.0,51.0,10.0,0.0,3500.0,0.0,5e-05,20000000.0,3955840.0,1109136.0,1716208.0,663504.0,0.7235790134329416,0.6896159317211948
1454,7272.0,3.0,320.0,80.0,240.0,26.568,284.2,77.4,206.8,27.0,95449.6,23862.4,230600.0,62660.8,2.0,0.0,51.0,10.0,0.0,220.0,0.0,5e-05,20000000.0,954496.0,238624.0,2306000.0,626608.0,0.75,0.7276686389732132
1455,7277.0,3.0,314.8,116.4,198.4,17.273999999999997,189.6,61.8,127.8,24.267999999999997,57731.2,15651.2,134676.8,38556.8,2.0,0.0,51.0,10.0,0.0,4500.0,0.0,5e-05,20000000.0,577312.0,156512.0,1346768.0,385568.0,0.6301998455330196,0.6738536403156263
1456,7282.0,3.0,285.4,83.8,201.6,20.858,161.8,50.6,111.2,17.544,270982.4,73396.8,162000.0,48662.4,4.0,0.0,51.0,10.0,0.0,4480.0,0.0,5e-05,20000000.0,2709824.0,733968.0,1620000.0,486624.0,0.7063571411090978,0.6873665572216296
1457,7287.0,3.0,156.4,45.2,111.2,25.742,36.8,11.2,25.6,25.824,951259.2,257876.8,356406.4,98228.8,14.0,0.0,51.0,10.0,0.0,580.0,0.0,5e-05,20000000.0,9512592.0,2578768.0,3564064.0,982288.0,0.7110029344670807,0.6957009641220168
1458,7292.0,3.0,320.0,80.0,240.0,26.552,285.8,79.2,206.6,27.0,95174.4,23793.6,232224.0,64520.0,2.0,0.0,51.0,10.0,0.0,450.0,0.0,5e-05,20000000.0,951744.0,237936.0,2322240.0,645200.0,0.75,0.7228547790134998
1459,7297.0,3.0,261.2,71.0,190.2,17.448,93.0,27.2,65.8,15.094,441552.0,124206.4,117350.4,43601.6,7.0,0.0,51.0,10.0,0.0,4720.0,0.0,5e-05,20000000.0,4415520.0,1242064.0,1173504.0,436016.0,0.7281993784866403,0.7075373260521423
1460,7302.0,3.0,156.2,41.8,114.4,21.146,37.6,10.0,27.6,20.896,579723.2,151508.8,208780.8,56457.6,14.0,0.0,51.0,10.0,0.0,3320.0,0.0,5e-05,20000000.0,5797232.0,1515088.0,2087808.0,564576.0,0.7322556617583743,0.7339971550497866
1461,7307.0,3.0,303.2,89.8,213.4,24.538,248.6,75.0,173.6,24.448,81552.0,23220.8,172153.6,47049.6,2.0,0.0,51.0,10.0,0.0,3960.0,0.0,5e-05,20000000.0,815520.0,232208.0,1721536.0,470496.0,0.7038090061935816,0.6984765595194375
1462,7312.0,3.0,311.2,80.0,231.2,26.334000000000003,165.4,47.2,118.2,25.970000000000006,369931.2,96036.8,296009.6,76987.2,4.0,0.0,51.0,10.0,0.0,870.0,0.0,5e-05,20000000.0,3699312.0,960368.0,2960096.0,769872.0,0.7429132057829759,0.7145874636704749
1463,7317.0,3.0,295.2,80.0,215.2,25.82,161.0,53.6,107.4,23.971999999999998,338753.6,93660.8,270899.2,75972.8,4.0,0.0,51.0,10.0,0.0,1800.0,0.0,5e-05,20000000.0,3387536.0,936608.0,2708992.0,759728.0,0.7288960602376252,0.6672617302052786
1464,7322.0,3.0,244.0,67.2,176.8,21.85,91.4,27.8,63.6,18.592000000000002,559952.0,148896.0,196430.4,55091.2,7.0,0.0,51.0,10.0,0.0,4850.0,0.0,5e-05,20000000.0,5599520.0,1488960.0,1964304.0,550912.0,0.7246083001990694,0.6954193116207852
1465,7327.0,3.0,310.4,80.0,230.4,26.422000000000004,163.6,48.6,115.0,25.762,384225.6,99518.4,290872.0,80500.8,4.0,0.0,51.0,10.0,0.0,1590.0,0.0,5e-05,20000000.0,3842256.0,995184.0,2908720.0,805008.0,0.7422394782995955,0.7029927799004987
1466,7332.0,3.0,302.4,80.0,222.4,26.601999999999997,265.8,78.6,187.2,25.298000000000002,93907.2,25227.2,197984.0,52886.4,2.0,0.0,51.0,10.0,0.0,1830.0,0.0,5e-05,20000000.0,939072.0,252272.0,1979840.0,528864.0,0.735422465309693,0.7045709087475448
1467,7337.0,3.0,250.6,79.8,170.8,24.089999999999996,89.6,34.6,55.0,21.332,706420.8,196284.8,291193.6,82809.6,7.0,0.0,51.0,10.0,0.0,500.0,0.0,5e-05,20000000.0,7064208.0,1962848.0,2911936.0,828096.0,0.6816759431242541,0.6138514076295186
1468,7342.0,3.0,316.8,114.8,202.0,19.380000000000003,203.4,57.8,145.6,25.618000000000002,63091.2,18907.2,153592.0,40835.2,2.0,0.0,51.0,10.0,0.0,4200.0,0.0,5e-05,20000000.0,630912.0,189072.0,1535920.0,408352.0,0.6376343396605517,0.7161048627768171
1469,7347.0,3.0,274.8,96.0,178.8,16.466,167.2,59.4,107.8,11.852,204852.8,61075.2,101572.8,31222.4,4.0,0.0,51.0,10.0,0.0,3410.0,0.0,5e-05,20000000.0,2048528.0,610752.0,1015728.0,312224.0,0.650732080239603,0.6448456417675386
1470,7352.0,3.0,275.4,75.6,199.8,26.416000000000004,91.2,27.2,64.0,25.841999999999995,857336.0,233828.8,351248.0,101289.6,7.0,0.0,51.0,10.0,0.0,280.0,0.0,5e-05,20000000.0,8573360.0,2338288.0,3512480.0,1012896.0,0.7254880214969555,0.7017141281657411
1471,7357.0,3.0,273.2,79.2,194.0,25.558,89.4,28.2,61.2,24.588,820433.6,221273.6,346582.4,94744.0,7.0,0.0,51.0,10.0,0.0,1290.0,0.0,5e-05,20000000.0,8204336.0,2212736.0,3465824.0,947440.0,0.7101714571936133,0.6845630212484146
1472,7362.0,3.0,260.0,75.6,184.4,25.779999999999994,91.4,27.2,64.2,23.244,775822.4,222723.2,285852.8,78139.2,7.0,0.0,51.0,10.0,0.0,1930.0,0.0,5e-05,20000000.0,7758224.0,2227232.0,2858528.0,781392.0,0.7092332499229052,0.7023689903477137
1473,7367.0,3.0,295.0,89.4,205.6,23.226,165.4,53.4,112.0,21.262,308611.2,89419.2,210716.8,56206.4,4.0,0.0,51.0,10.0,0.0,2830.0,0.0,5e-05,20000000.0,3086112.0,894192.0,2107168.0,562064.0,0.6969762278251971,0.6770389417699443
1474,7372.0,3.0,157.6,50.0,107.6,24.31,36.8,11.6,25.2,24.832,881750.4,240894.4,331651.2,92256.0,14.0,0.0,51.0,10.0,0.0,200.0,0.0,5e-05,20000000.0,8817504.0,2408944.0,3316512.0,922560.0,0.6827305951269417,0.6844868929079455
1475,7377.0,3.0,310.0,100.0,210.0,24.162,258.4,83.6,174.8,25.21,94580.8,26462.4,194121.6,53896.0,2.0,0.0,51.0,10.0,0.0,1260.0,0.0,5e-05,20000000.0,945808.0,264624.0,1941216.0,538960.0,0.6775715235654033,0.6766434810703444
1476,7382.0,3.0,252.0,74.6,177.4,22.724,92.8,30.4,62.4,20.17,625830.4,188212.8,238644.8,66942.4,7.0,0.0,51.0,10.0,0.0,2900.0,0.0,5e-05,20000000.0,6258304.0,1882128.0,2386448.0,669424.0,0.7039614769269379,0.6724478529438095
1477,7387.0,3.0,156.4,42.2,114.2,24.204,37.0,10.0,27.0,24.714000000000002,764504.0,214411.2,314006.4,84182.4,14.0,0.0,51.0,10.0,0.0,2820.0,0.0,5e-05,20000000.0,7645040.0,2144112.0,3140064.0,841824.0,0.730164350963143,0.7296507033349139
1478,7392.0,3.0,320.0,80.0,240.0,26.552,166.6,45.6,121.0,27.0,384236.8,96059.2,303913.6,82160.0,4.0,0.0,51.0,10.0,0.0,330.0,0.0,5e-05,20000000.0,3842368.0,960592.0,3039136.0,821600.0,0.75,0.7262856387053775
1479,7397.0,3.0,279.8,79.4,200.4,26.215999999999998,87.8,25.4,62.4,25.948,871675.2,240340.8,369892.8,98476.8,7.0,0.0,51.0,10.0,0.0,700.0,0.0,5e-05,20000000.0,8716752.0,2403408.0,3698928.0,984768.0,0.7162221079248577,0.7108389478951584
1480,7402.0,3.0,154.0,42.6,111.4,22.094,37.6,10.6,27.0,21.695999999999998,634563.2,182000.0,206787.2,65142.4,14.0,0.0,51.0,10.0,0.0,3670.0,0.0,5e-05,20000000.0,6345632.0,1820000.0,2067872.0,651424.0,0.7233717652867846,0.7180654338549075
1481,7407.0,3.0,301.6,85.6,216.0,24.938,160.4,49.2,111.2,24.052,355438.4,97248.0,255555.2,68721.6,4.0,0.0,51.0,10.0,0.0,1390.0,0.0,5e-05,20000000.0,3554384.0,972480.0,2555552.0,687216.0,0.7161978437926855,0.6933665215802675
1482,7412.0,3.0,288.8,91.6,197.2,21.564,164.4,57.8,106.6,18.576,300112.0,84072.0,165217.6,47920.0,4.0,0.0,51.0,10.0,0.0,2360.0,0.0,5e-05,20000000.0,3001120.0,840720.0,1652176.0,479200.0,0.683106012004317,0.6482999337109583
1483,7417.0,3.0,302.8,80.0,222.8,26.238,162.0,50.8,111.2,25.008,376425.6,100356.8,283926.4,78603.2,4.0,0.0,51.0,10.0,0.0,600.0,0.0,5e-05,20000000.0,3764256.0,1003568.0,2839264.0,786032.0,0.7357700495575747,0.6863745533340463
1484,7422.0,3.0,320.0,80.0,240.0,26.642000000000003,284.4,78.4,206.0,27.0,96454.4,24113.6,232576.0,64134.4,2.0,0.0,51.0,10.0,0.0,30.0,0.0,5e-05,20000000.0,964544.0,241136.0,2325760.0,641344.0,0.75,0.7243153677094882
1485,7427.0,3.0,289.8,85.0,204.8,23.046,154.8,52.8,102.0,21.259999999999998,298185.6,82216.0,212508.8,61032.0,4.0,0.0,51.0,10.0,0.0,3890.0,0.0,5e-05,20000000.0,2981856.0,822160.0,2125088.0,610320.0,0.70675413377588,0.6587996765507682
1486,7432.0,3.0,320.0,80.0,240.0,26.642000000000003,284.4,78.4,206.0,27.0,96454.4,24113.6,232576.0,64134.4,2.0,0.0,51.0,10.0,0.0,570.0,0.0,5e-05,20000000.0,964544.0,241136.0,2325760.0,641344.0,0.75,0.7243153677094882
1487,7437.0,3.0,157.8,43.6,114.2,26.606,37.4,10.2,27.2,27.0,1011697.6,279729.6,370601.6,101160.0,14.0,0.0,51.0,10.0,0.0,1570.0,0.0,5e-05,20000000.0,10116976.0,2797296.0,3706016.0,1011600.0,0.7236754954294381,0.7272324956535483
1488,7442.0,3.0,295.2,89.6,205.6,18.598000000000003,145.4,48.0,97.4,18.304,241979.2,69044.8,162241.6,45828.8,4.0,0.0,51.0,10.0,0.0,4930.0,0.0,5e-05,20000000.0,2419792.0,690448.0,1622416.0,458288.0,0.6964757812579225,0.670162127319151
1489,7447.0,3.0,311.6,80.0,231.6,26.322000000000003,163.8,47.6,116.2,26.062,333713.6,85857.6,285401.6,77227.2,4.0,0.0,51.0,10.0,0.0,300.0,0.0,5e-05,20000000.0,3337136.0,858576.0,2854016.0,772272.0,0.7432567843737129,0.7094380280422008
1490,7452.0,3.0,154.4,42.0,112.4,21.044,37.2,10.0,27.2,20.796,569003.2,163084.8,254720.0,73406.4,14.0,0.0,51.0,10.0,0.0,3560.0,0.0,5e-05,20000000.0,5690032.0,1630848.0,2547200.0,734064.0,0.7279198871304134,0.7313655761024183
1491,7457.0,3.0,301.2,85.8,215.4,24.212,164.8,54.4,110.4,22.372000000000003,332636.8,89876.8,227302.4,62420.8,4.0,0.0,51.0,10.0,0.0,3540.0,0.0,5e-05,20000000.0,3326368.0,898768.0,2273024.0,624208.0,0.715074509729304,0.6699317133855286
1492,7462.0,3.0,320.0,97.6,222.4,24.158,162.2,50.2,112.0,24.814,337088.0,90265.6,281803.2,76086.4,4.0,0.0,51.0,10.0,0.0,1970.0,0.0,5e-05,20000000.0,3370880.0,902656.0,2818032.0,760864.0,0.6950000000000001,0.6905276806085394
1493,7467.0,3.0,309.6,100.4,209.2,23.488,242.0,74.4,167.6,25.298000000000002,83667.2,23523.2,183144.0,50372.8,2.0,0.0,51.0,10.0,0.0,2750.0,0.0,5e-05,20000000.0,836672.0,235232.0,1831440.0,503728.0,0.6757207653968916,0.6927598654172158
1494,7472.0,3.0,156.8,43.0,113.8,20.836,38.0,10.8,27.2,20.956,528676.8,155150.4,227865.6,71052.8,14.0,0.0,51.0,10.0,0.0,2880.0,0.0,5e-05,20000000.0,5286768.0,1551504.0,2278656.0,710528.0,0.7257754017328313,0.7157894736842104
1495,7477.0,3.0,306.8,84.8,222.0,25.706,165.4,50.0,115.4,24.631999999999998,375771.2,100905.6,263804.8,70744.0,4.0,0.0,51.0,10.0,0.0,1660.0,0.0,5e-05,20000000.0,3757712.0,1009056.0,2638048.0,707440.0,0.7235932723118271,0.6977159990920304
1496,7482.0,3.0,157.0,43.8,113.2,25.578,37.4,10.4,27.0,25.851999999999997,883636.8,251512.0,339414.4,96966.4,14.0,0.0,51.0,10.0,0.0,2470.0,0.0,5e-05,20000000.0,8836368.0,2515120.0,3394144.0,969664.0,0.7210330345297692,0.7216769400979927
1497,7487.0,3.0,299.0,84.0,215.0,25.368000000000002,166.8,50.0,116.8,23.491999999999997,357710.4,97614.4,248624.0,69107.2,4.0,0.0,51.0,10.0,0.0,3440.0,0.0,5e-05,20000000.0,3577104.0,976144.0,2486240.0,691072.0,0.7190768465907368,0.7001980592722187
1498,7492.0,3.0,156.4,48.8,107.6,22.113999999999997,37.4,11.4,26.0,22.122,728992.0,202633.6,265078.4,75715.2,14.0,0.0,51.0,10.0,0.0,1120.0,0.0,5e-05,20000000.0,7289920.0,2026336.0,2650784.0,757152.0,0.688003388692587,0.6951635846372689
1499,7497.0,3.0,320.0,90.6,229.4,25.302,159.4,45.8,113.6,26.296000000000003,329992.0,86612.8,293632.0,78960.0,4.0,0.0,51.0,10.0,0.0,730.0,0.0,5e-05,20000000.0,3299920.0,866128.0,2936320.0,789600.0,0.7168749999999999,0.7127173791186
1500,7502.0,3.0,272.4,77.4,195.0,23.172,91.4,26.2,65.2,21.488,689552.0,192273.6,238136.0,67537.6,7.0,0.0,51.0,10.0,0.0,2720.0,0.0,5e-05,20000000.0,6895520.0,1922736.0,2381360.0,675376.0,0.7158440376895948,0.713398561855785
1501,7507.0,3.0,313.2,80.0,233.2,26.601999999999997,279.8,82.2,197.6,26.262,99910.4,25606.4,220275.2,61523.2,2.0,0.0,51.0,10.0,0.0,160.0,0.0,5e-05,20000000.0,999104.0,256064.0,2202752.0,615232.0,0.7445488110123998,0.7062199801686972
1502,7512.0,3.0,307.4,95.8,211.6,23.924,254.8,80.2,174.6,24.259999999999998,90193.6,24867.2,177860.8,48816.0,2.0,0.0,51.0,10.0,0.0,2980.0,0.0,5e-05,20000000.0,901936.0,248672.0,1778608.0,488160.0,0.688275007891594,0.6853437382906284
1503,7517.0,3.0,260.4,74.6,185.8,25.589999999999996,91.6,28.0,63.6,23.668,786336.0,216420.8,290326.4,78632.0,7.0,0.0,51.0,10.0,0.0,2760.0,0.0,5e-05,20000000.0,7863360.0,2164208.0,2903264.0,786320.0,0.7135299798788967,0.6944114364817545
1504,7522.0,3.0,315.6,89.6,226.0,25.304,262.6,72.8,189.8,26.857999999999997,95939.2,25320.0,215200.0,58544.0,2.0,0.0,51.0,10.0,0.0,1090.0,0.0,5e-05,20000000.0,959392.0,253200.0,2152000.0,585440.0,0.7161132461923172,0.7228566273709777
1505,7527.0,3.0,235.8,64.2,171.6,25.733999999999998,89.0,28.0,61.0,21.732,704672.0,194059.2,265200.0,77121.6,7.0,0.0,51.0,10.0,0.0,3490.0,0.0,5e-05,20000000.0,7046720.0,1940592.0,2652000.0,771216.0,0.72773349391723,0.6854825733451289
1506,7532.0,3.0,305.2,88.2,217.0,23.648,161.0,51.6,109.4,22.41,320441.6,86270.4,248270.4,68939.2,4.0,0.0,51.0,10.0,0.0,3480.0,0.0,5e-05,20000000.0,3204416.0,862704.0,2482704.0,689392.0,0.7109974093120774,0.6796393513002048
1507,7537.0,3.0,287.4,84.2,203.2,24.046,164.8,57.2,107.6,21.194,335403.2,95406.4,227742.4,62609.6,4.0,0.0,51.0,10.0,0.0,2150.0,0.0,5e-05,20000000.0,3354032.0,954064.0,2277424.0,626096.0,0.7070082353464672,0.6528997586799526
1508,7542.0,3.0,284.4,78.6,205.8,26.618000000000002,90.4,24.4,66.0,27.0,907372.8,248774.4,379040.0,103052.8,7.0,0.0,51.0,10.0,0.0,570.0,0.0,5e-05,20000000.0,9073728.0,2487744.0,3790400.0,1030528.0,0.7236268716851655,0.7301058459534278
1509,7547.0,3.0,308.6,80.0,228.6,25.901999999999997,282.4,91.4,191.0,24.895999999999997,102320.0,26846.4,211260.8,56841.6,2.0,0.0,51.0,10.0,0.0,1370.0,0.0,5e-05,20000000.0,1023200.0,268464.0,2112608.0,568416.0,0.7407220187000387,0.6763514406843181
1510,7552.0,3.0,313.6,90.4,223.2,24.598,164.2,49.4,114.8,24.5,339380.8,90961.6,284516.8,76304.0,4.0,0.0,51.0,10.0,0.0,2220.0,0.0,5e-05,20000000.0,3393808.0,909616.0,2845168.0,763040.0,0.7117390290012008,0.699080445675777
1511,7557.0,3.0,156.2,42.6,113.6,20.92,37.6,10.4,27.2,20.564,585019.2,162308.8,150696.0,49614.4,14.0,0.0,51.0,10.0,0.0,4690.0,0.0,5e-05,20000000.0,5850192.0,1623088.0,1506960.0,496144.0,0.7272601713563369,0.7234708392603129
1512,7562.0,3.0,313.2,82.0,231.2,25.977999999999998,270.2,77.4,192.8,26.134000000000004,95536.0,24668.8,206560.0,56867.2,2.0,0.0,51.0,10.0,0.0,960.0,0.0,5e-05,20000000.0,955360.0,246688.0,2065600.0,568672.0,0.7381047701661626,0.713575367990049
1513,7567.0,3.0,286.6,78.4,208.2,26.556,89.2,24.4,64.8,27.0,908889.6,246819.2,382763.2,102089.6,7.0,0.0,51.0,10.0,0.0,230.0,0.0,5e-05,20000000.0,9088896.0,2468192.0,3827632.0,1020896.0,0.7264364643143414,0.7264532970150948
1514,7572.0,3.0,313.2,80.0,233.2,26.613999999999997,279.6,82.4,197.2,26.344,94124.8,24088.0,221376.0,62704.0,2.0,0.0,51.0,10.0,0.0,1790.0,0.0,5e-05,20000000.0,941248.0,240880.0,2213760.0,627040.0,0.7445356540925083,0.7053762783904746
1515,7577.0,3.0,292.8,87.4,205.4,22.324,165.2,49.8,115.4,19.42,301700.8,86979.2,157956.8,45537.6,4.0,0.0,51.0,10.0,0.0,4340.0,0.0,5e-05,20000000.0,3017008.0,869792.0,1579568.0,455376.0,0.701523023574684,0.698621546175149
1516,7582.0,3.0,310.4,80.0,230.4,26.363999999999997,166.6,49.2,117.4,25.778,369041.6,95868.8,285985.6,75872.0,4.0,0.0,51.0,10.0,0.0,1450.0,0.0,5e-05,20000000.0,3690416.0,958688.0,2859856.0,758720.0,0.7422567502007011,0.7047163882735683
1517,7587.0,3.0,158.2,46.4,111.8,25.536,34.8,10.2,24.6,25.766,904160.0,246638.4,355561.6,96412.8,14.0,0.0,51.0,10.0,0.0,530.0,0.0,5e-05,20000000.0,9041600.0,2466384.0,3555616.0,964128.0,0.7067211270148175,0.7077005765520695
1518,7592.0,3.0,299.8,100.0,199.8,20.178,236.2,83.0,153.2,19.176,75710.4,21780.8,117388.8,34768.0,2.0,0.0,51.0,10.0,0.0,4360.0,0.0,5e-05,20000000.0,757104.0,217808.0,1173888.0,347680.0,0.6664513374599881,0.6486503622249081
1519,7597.0,3.0,313.2,80.0,233.2,26.544,277.8,80.0,197.8,26.438,96537.6,24774.4,221816.0,61748.8,2.0,0.0,51.0,10.0,0.0,1060.0,0.0,5e-05,20000000.0,965376.0,247744.0,2218160.0,617488.0,0.7445527946213264,0.7121129280817954
1520,7602.0,3.0,313.2,80.0,233.2,26.6,279.2,81.6,197.6,26.381999999999998,95840.0,24576.0,222766.4,62899.2,2.0,0.0,51.0,10.0,0.0,1730.0,0.0,5e-05,20000000.0,958400.0,245760.0,2227664.0,628992.0,0.744543631283918,0.7078327619291369
1521,7607.0,3.0,285.2,83.2,202.0,23.184,166.6,58.6,108.0,19.541999999999998,311316.8,87942.4,174392.0,50268.8,4.0,0.0,51.0,10.0,0.0,3350.0,0.0,5e-05,20000000.0,3113168.0,879424.0,1743920.0,502688.0,0.7081201398601775,0.6482369755262993
1522,7612.0,3.0,293.4,80.0,213.4,26.032,159.4,52.4,107.0,23.639999999999997,350905.6,98190.4,276076.8,74539.2,4.0,0.0,51.0,10.0,0.0,1830.0,0.0,5e-05,20000000.0,3509056.0,981904.0,2760768.0,745392.0,0.7273224862054534,0.6712346283396615
1523,7617.0,3.0,304.6,101.0,203.6,21.338,227.8,70.8,157.0,24.506,75382.4,21910.4,156838.4,43233.6,2.0,0.0,51.0,10.0,0.0,4130.0,0.0,5e-05,20000000.0,753824.0,219104.0,1568384.0,432336.0,0.6683682011440593,0.6891738165341695
1524,7622.0,3.0,158.4,43.4,115.0,22.31,37.4,11.4,26.0,22.152,587920.0,155585.6,241492.8,82824.0,14.0,0.0,51.0,10.0,0.0,2780.0,0.0,5e-05,20000000.0,5879200.0,1555856.0,2414928.0,828240.0,0.7260380215516024,0.6950213371266003
1525,7627.0,3.0,153.0,43.8,109.2,20.368000000000002,38.0,11.6,26.4,19.796,496582.4,143556.8,219518.4,63340.8,14.0,0.0,51.0,10.0,0.0,3280.0,0.0,5e-05,20000000.0,4965824.0,1435568.0,2195184.0,633408.0,0.7137895334890474,0.6947368421052632
1526,7632.0,3.0,244.8,70.0,174.8,21.912,92.4,27.4,65.0,18.402,563396.8,168633.6,195468.8,61355.2,7.0,0.0,51.0,10.0,0.0,4900.0,0.0,5e-05,20000000.0,5633968.0,1686336.0,1954688.0,613552.0,0.7141102643435674,0.7034228980586107
1527,7637.0,3.0,311.8,80.0,231.8,26.2,164.2,48.2,116.0,25.913999999999998,375344.0,96998.4,283227.2,77294.4,4.0,0.0,51.0,10.0,0.0,1380.0,0.0,5e-05,20000000.0,3753440.0,969984.0,2832272.0,772944.0,0.7434195404355769,0.7064923793817813
1528,7642.0,3.0,230.0,65.6,164.4,23.29,92.4,26.4,66.0,18.29,576220.8,170382.4,173800.0,51624.0,7.0,0.0,51.0,10.0,0.0,4170.0,0.0,5e-05,20000000.0,5762208.0,1703824.0,1738000.0,516240.0,0.7148404332121303,0.7141624965423592
1529,7647.0,3.0,314.8,88.2,226.6,25.112000000000002,282.2,85.0,197.2,25.446000000000005,98219.2,25926.4,200585.6,57361.6,2.0,0.0,51.0,10.0,0.0,1690.0,0.0,5e-05,20000000.0,982192.0,259264.0,2005856.0,573616.0,0.7198879377252948,0.6987900097432069
1530,7652.0,3.0,290.2,81.8,208.4,25.291999999999994,161.0,51.0,110.0,22.994000000000003,350665.6,100353.6,226361.6,64121.6,4.0,0.0,51.0,10.0,0.0,2400.0,0.0,5e-05,20000000.0,3506656.0,1003536.0,2263616.0,641216.0,0.7181164587506375,0.6831943414905928
1531,7657.0,3.0,311.0,102.6,208.4,20.961999999999996,212.4,62.8,149.6,24.27,71600.0,20139.2,151236.8,42200.0,2.0,0.0,51.0,10.0,0.0,4910.0,0.0,5e-05,20000000.0,716000.0,201392.0,1512368.0,422000.0,0.6701735573933842,0.7047205839304442
1532,7662.0,3.0,261.0,76.2,184.8,25.416,87.4,30.6,56.8,23.798,779817.6,214846.4,327361.6,95457.6,7.0,0.0,51.0,10.0,0.0,930.0,0.0,5e-05,20000000.0,7798176.0,2148464.0,3273616.0,954576.0,0.7082000075396302,0.6499655787079722
1533,7667.0,3.0,261.0,77.4,183.6,21.997999999999998,91.6,29.0,62.6,19.818,585897.6,165302.4,241500.8,74416.0,7.0,0.0,51.0,10.0,0.0,2550.0,0.0,5e-05,20000000.0,5858976.0,1653024.0,2415008.0,744160.0,0.7035623703582401,0.683327425262909
1534,7672.0,3.0,259.4,73.8,185.6,25.824,88.6,27.6,61.0,23.75,779969.6,215876.8,306406.4,85035.2,7.0,0.0,51.0,10.0,0.0,1560.0,0.0,5e-05,20000000.0,7799696.0,2158768.0,3064064.0,850352.0,0.7155334443609269,0.6884389715327787
1535,7677.0,3.0,268.8,75.0,193.8,26.095999999999997,89.8,25.0,64.8,24.718,814740.8,222881.6,320427.2,88337.6,7.0,0.0,51.0,10.0,0.0,3430.0,0.0,5e-05,20000000.0,8147408.0,2228816.0,3204272.0,883376.0,0.7209975543346924,0.7214172115657493
1536,7682.0,3.0,309.2,101.2,208.0,23.35,237.2,77.0,160.2,24.57,88656.0,24769.6,171963.2,49612.8,2.0,0.0,51.0,10.0,0.0,2520.0,0.0,5e-05,20000000.0,886560.0,247696.0,1719632.0,496128.0,0.6727915501049283,0.6755062229665023
1537,7687.0,3.0,320.0,80.0,240.0,26.552,166.6,45.6,121.0,27.0,384236.8,96059.2,303913.6,82160.0,4.0,0.0,51.0,10.0,0.0,410.0,0.0,5e-05,20000000.0,3842368.0,960592.0,3039136.0,821600.0,0.75,0.7262856387053775
1538,7692.0,3.0,266.8,73.0,193.8,26.35,89.8,25.6,64.2,24.669999999999998,824401.6,224286.4,317881.6,87569.6,7.0,0.0,51.0,10.0,0.0,2270.0,0.0,5e-05,20000000.0,8244016.0,2242864.0,3178816.0,875696.0,0.7263850809839576,0.7149139662378549
1539,7697.0,3.0,146.0,45.2,100.8,19.12,37.8,11.8,26.0,16.764,476915.2,148944.0,144006.4,49680.0,14.0,0.0,51.0,10.0,0.0,4320.0,0.0,5e-05,20000000.0,4769152.0,1489440.0,1440064.0,496800.0,0.6901624178665364,0.6877667140825036
1540,7702.0,3.0,153.2,41.6,111.6,20.134000000000004,38.0,11.0,27.0,19.186,466184.0,130806.4,115233.6,42438.4,14.0,0.0,51.0,10.0,0.0,4100.0,0.0,5e-05,20000000.0,4661840.0,1308064.0,1152336.0,424384.0,0.7285132415248978,0.7105263157894738
1541,7707.0,3.0,298.6,84.2,214.4,25.279999999999998,251.4,78.8,172.6,24.136,96006.4,26350.4,176278.4,48934.4,2.0,0.0,51.0,10.0,0.0,2880.0,0.0,5e-05,20000000.0,960064.0,263504.0,1762784.0,489344.0,0.717955192449893,0.6865454453802615
1542,7712.0,3.0,309.2,105.6,203.6,22.14,253.4,82.4,171.0,23.43,79118.4,21171.2,159168.0,44387.2,2.0,0.0,51.0,10.0,0.0,3340.0,0.0,5e-05,20000000.0,791184.0,211712.0,1591680.0,443872.0,0.6585115831236019,0.6749893942704228
1543,7717.0,3.0,155.6,44.4,111.2,20.998,37.8,12.2,25.6,20.613999999999997,604272.0,168900.8,213211.2,74032.0,14.0,0.0,51.0,10.0,0.0,2830.0,0.0,5e-05,20000000.0,6042720.0,1689008.0,2132112.0,740320.0,0.7146770097931437,0.6773826458036984
1544,7722.0,3.0,275.8,78.2,197.6,25.232,91.2,26.4,64.8,24.576,754433.6,217459.2,287548.8,83688.0,7.0,0.0,51.0,10.0,0.0,2850.0,0.0,5e-05,20000000.0,7544336.0,2174592.0,2875488.0,836880.0,0.7164313462957573,0.710576026187385
1545,7727.0,3.0,155.6,45.4,110.2,22.408,36.6,10.4,26.2,22.064,667771.2,180582.4,252072.0,67046.4,14.0,0.0,51.0,10.0,0.0,2080.0,0.0,5e-05,20000000.0,6677712.0,1805824.0,2520720.0,670464.0,0.7082473327980284,0.7161911137143335
1546,7732.0,3.0,246.2,69.8,176.4,24.64,90.2,28.8,61.4,21.036,677203.2,184068.8,241411.2,67264.0,7.0,0.0,51.0,10.0,0.0,2180.0,0.0,5e-05,20000000.0,6772032.0,1840688.0,2414112.0,672640.0,0.7164131558124522,0.6805266015849559
1547,7737.0,3.0,244.8,67.6,177.2,25.624000000000002,90.4,28.2,62.2,21.654,751993.6,205024.0,264049.6,74065.6,7.0,0.0,51.0,10.0,0.0,2020.0,0.0,5e-05,20000000.0,7519936.0,2050240.0,2640496.0,740656.0,0.7238869500195022,0.6880097680097681
1548,7742.0,3.0,304.8,90.4,214.4,24.714000000000002,247.4,79.6,167.8,24.503999999999998,92336.0,25961.6,182371.2,51678.4,2.0,0.0,51.0,10.0,0.0,1750.0,0.0,5e-05,20000000.0,923360.0,259616.0,1823712.0,516784.0,0.7034451623090401,0.6780966150870874
1549,7747.0,3.0,301.8,80.0,221.8,26.01,163.2,50.0,113.2,24.907999999999998,362068.8,95483.2,270065.6,75542.4,4.0,0.0,51.0,10.0,0.0,2110.0,0.0,5e-05,20000000.0,3620688.0,954832.0,2700656.0,755424.0,0.7349022823044908,0.6936157114209048
1550,7752.0,3.0,240.0,65.4,174.6,25.324,92.8,27.8,65.0,21.058,658545.6,176377.6,236225.6,64780.8,7.0,0.0,51.0,10.0,0.0,3100.0,0.0,5e-05,20000000.0,6585456.0,1763776.0,2362256.0,647808.0,0.7275730612148189,0.7003839535276974
1551,7757.0,3.0,157.6,43.0,114.6,24.502000000000002,37.8,10.4,27.4,24.716,745123.2,203283.2,282968.0,78433.6,14.0,0.0,51.0,10.0,0.0,1890.0,0.0,5e-05,20000000.0,7451232.0,2032832.0,2829680.0,784336.0,0.7271621434972054,0.7248933143669986
1552,7762.0,3.0,309.4,100.8,208.6,22.842,256.2,87.8,168.4,22.806,86140.8,23590.4,159276.8,45529.6,2.0,0.0,51.0,10.0,0.0,2670.0,0.0,5e-05,20000000.0,861408.0,235904.0,1592768.0,455296.0,0.6741806798436516,0.6572592758101353
1553,7767.0,3.0,223.6,63.6,160.0,24.44,92.2,27.2,65.0,18.032,587667.2,173457.6,198419.2,59520.0,7.0,0.0,51.0,10.0,0.0,4380.0,0.0,5e-05,20000000.0,5876672.0,1734576.0,1984192.0,595200.0,0.7155509899039311,0.7048756461394102
1554,7772.0,3.0,234.0,76.6,157.4,20.576,89.4,32.6,56.8,16.356,516684.8,141689.6,209686.4,61400.0,7.0,0.0,51.0,10.0,0.0,2120.0,0.0,5e-05,20000000.0,5166848.0,1416896.0,2096864.0,614000.0,0.672436623195717,0.6356283465235985
1555,7777.0,3.0,235.8,66.8,169.0,24.633999999999997,93.4,27.8,65.6,19.631999999999998,584542.4,171102.4,212366.4,62544.0,7.0,0.0,51.0,10.0,0.0,3510.0,0.0,5e-05,20000000.0,5845424.0,1711024.0,2123664.0,625440.0,0.7167390911965666,0.7023882705181382
1556,7782.0,3.0,320.0,80.0,240.0,26.642000000000003,284.4,78.4,206.0,27.0,96454.4,24113.6,232576.0,64134.4,2.0,0.0,51.0,10.0,0.0,10.0,0.0,5e-05,20000000.0,964544.0,241136.0,2325760.0,641344.0,0.75,0.7243153677094882
1557,7787.0,3.0,284.4,78.6,205.8,26.618000000000002,90.4,24.4,66.0,27.0,907372.8,248774.4,379040.0,103052.8,7.0,0.0,51.0,10.0,0.0,690.0,0.0,5e-05,20000000.0,9073728.0,2487744.0,3790400.0,1030528.0,0.7236268716851655,0.7301058459534278
1558,7792.0,3.0,313.2,80.0,233.2,26.548000000000002,278.8,81.6,197.2,26.374000000000002,99673.6,25504.0,221353.6,62491.2,2.0,0.0,51.0,10.0,0.0,80.0,0.0,5e-05,20000000.0,996736.0,255040.0,2213536.0,624912.0,0.7445377920862135,0.7073768565053615
1559,7797.0,3.0,293.8,84.0,209.8,22.368000000000002,165.2,54.0,111.2,19.568,302963.2,83580.8,185400.0,53705.6,4.0,0.0,51.0,10.0,0.0,4050.0,0.0,5e-05,20000000.0,3029632.0,835808.0,1854000.0,537056.0,0.7140542147731861,0.6731312861278431
1560,7802.0,3.0,256.4,72.0,184.4,24.938,91.4,28.0,63.4,22.156,695894.4,194936.0,270809.6,77675.2,7.0,0.0,51.0,10.0,0.0,3540.0,0.0,5e-05,20000000.0,6958944.0,1949360.0,2708096.0,776752.0,0.7191731106782797,0.6936635002834162
1561,7807.0,3.0,155.6,48.8,106.8,22.048,37.0,11.2,25.8,22.334,692852.8,184467.2,293712.0,86595.2,14.0,0.0,51.0,10.0,0.0,1260.0,0.0,5e-05,20000000.0,6928528.0,1844672.0,2937120.0,865952.0,0.6863595470588545,0.6972972972972973
1562,7812.0,3.0,151.8,42.4,109.4,17.664,37.8,11.2,26.6,17.252000000000002,406905.6,112377.6,144513.6,46046.4,14.0,0.0,51.0,10.0,0.0,4090.0,0.0,5e-05,20000000.0,4069056.0,1123776.0,1445136.0,460464.0,0.7206739715092134,0.7036984352773826
1563,7817.0,3.0,303.4,92.0,211.4,24.456,236.8,70.4,166.4,25.886000000000003,85604.8,23980.8,183528.0,50515.2,2.0,0.0,51.0,10.0,0.0,2790.0,0.0,5e-05,20000000.0,856048.0,239808.0,1835280.0,505152.0,0.6967239384613026,0.7027922621485686
1564,7822.0,3.0,286.6,78.4,208.2,26.556,89.2,24.4,64.8,27.0,908889.6,246819.2,382763.2,102089.6,7.0,0.0,51.0,10.0,0.0,210.0,0.0,5e-05,20000000.0,9088896.0,2468192.0,3827632.0,1020896.0,0.7264364643143414,0.7264532970150948
1565,7827.0,3.0,261.6,73.8,187.8,25.584,87.6,25.6,62.0,23.644,791192.0,216883.2,307859.2,83857.6,7.0,0.0,51.0,10.0,0.0,3980.0,0.0,5e-05,20000000.0,7911920.0,2168832.0,3078592.0,838576.0,0.7178937484260678,0.7080612259577347
1566,7832.0,3.0,310.4,80.0,230.4,26.317999999999994,165.2,48.2,117.0,25.887999999999998,387265.6,100260.8,300641.6,80625.6,4.0,0.0,51.0,10.0,0.0,630.0,0.0,5e-05,20000000.0,3872656.0,1002608.0,3006416.0,806256.0,0.7422588474063896,0.7082403792526492
1567,7837.0,3.0,301.0,89.2,211.8,22.483999999999998,269.2,88.4,180.8,19.95,88390.4,24348.8,138302.4,40176.0,2.0,0.0,51.0,10.0,0.0,4770.0,0.0,5e-05,20000000.0,883904.0,243488.0,1383024.0,401760.0,0.7035529127117173,0.6716249125298891
1568,7842.0,3.0,155.8,46.6,109.2,20.753999999999998,37.6,11.2,26.4,20.986,592057.6,170052.8,240313.6,69734.4,14.0,0.0,51.0,10.0,0.0,4470.0,0.0,5e-05,20000000.0,5920576.0,1700528.0,2403136.0,697344.0,0.7008949970651224,0.7021337126600284
1569,7847.0,3.0,156.0,48.2,107.8,21.136,37.8,11.6,26.2,20.598,568641.6,176587.2,200392.0,60078.4,14.0,0.0,51.0,10.0,0.0,2380.0,0.0,5e-05,20000000.0,5686416.0,1765872.0,2003920.0,600784.0,0.6910493945480024,0.6933143669985775
1570,7852.0,3.0,244.2,67.8,176.4,25.754,90.4,29.2,61.2,21.832,735180.8,205393.6,263774.4,76876.8,7.0,0.0,51.0,10.0,0.0,2340.0,0.0,5e-05,20000000.0,7351808.0,2053936.0,2637744.0,768768.0,0.7223686137060599,0.6768593605818813
1571,7857.0,3.0,269.6,77.6,192.0,25.844,90.2,30.0,60.2,24.619999999999997,822241.6,224998.4,349569.6,95321.6,7.0,0.0,51.0,10.0,0.0,310.0,0.0,5e-05,20000000.0,8222416.0,2249984.0,3495696.0,953216.0,0.712213622053876,0.6673736863069523
1572,7862.0,3.0,299.6,81.4,218.2,25.223999999999997,162.4,47.4,115.0,23.990000000000002,349158.4,94619.2,224145.6,64547.2,4.0,0.0,51.0,10.0,0.0,3850.0,0.0,5e-05,20000000.0,3491584.0,946192.0,2241456.0,645472.0,0.728253505264936,0.7081455402697734
1573,7867.0,3.0,247.0,68.6,178.4,25.768,87.8,27.2,60.6,22.645999999999997,740512.0,201659.2,278993.6,74851.2,7.0,0.0,51.0,10.0,0.0,2080.0,0.0,5e-05,20000000.0,7405120.0,2016592.0,2789936.0,748512.0,0.7222878921637401,0.6902004002378532
1574,7872.0,3.0,292.4,82.4,210.0,24.860000000000003,161.0,53.6,107.4,22.722,327534.4,93305.6,241297.6,64744.0,4.0,0.0,51.0,10.0,0.0,1810.0,0.0,5e-05,20000000.0,3275344.0,933056.0,2412976.0,647440.0,0.7181403339807921,0.6669518750025487
1575,7877.0,3.0,268.8,76.8,192.0,25.886000000000003,90.6,28.4,62.2,24.816000000000003,833444.8,226275.2,342944.0,92300.8,7.0,0.0,51.0,10.0,0.0,1220.0,0.0,5e-05,20000000.0,8334448.0,2262752.0,3429440.0,923008.0,0.7142777341363359,0.6865127262684664
1576,7882.0,3.0,157.8,43.0,114.8,24.576,37.2,10.0,27.2,24.75,790792.0,216576.0,301795.2,83848.0,14.0,0.0,51.0,10.0,0.0,1920.0,0.0,5e-05,20000000.0,7907920.0,2165760.0,3017952.0,838480.0,0.7274504899959167,0.7313594797805324
1577,7887.0,3.0,304.6,82.6,222.0,25.178,246.4,69.8,176.6,26.526,104720.0,27838.4,192505.6,52968.0,2.0,0.0,51.0,10.0,0.0,2770.0,0.0,5e-05,20000000.0,1047200.0,278384.0,1925056.0,529680.0,0.7287634543086816,0.7167725449554404
1578,7892.0,3.0,299.8,89.0,210.8,24.247999999999998,164.6,53.2,111.4,22.698,318436.8,91702.4,226912.0,64336.0,4.0,0.0,51.0,10.0,0.0,2960.0,0.0,5e-05,20000000.0,3184368.0,917024.0,2269120.0,643360.0,0.7031665257931515,0.6767256774207437
1579,7897.0,3.0,316.6,110.8,205.8,22.163999999999998,245.8,67.0,178.8,26.806,79697.6,23833.6,195969.6,52444.8,2.0,0.0,51.0,10.0,0.0,1400.0,0.0,5e-05,20000000.0,796976.0,238336.0,1959696.0,524448.0,0.6500303496492469,0.7274664378885314
1580,7902.0,3.0,276.2,76.0,200.2,25.366,89.4,26.0,63.4,24.618000000000002,779667.2,215971.2,323456.0,89504.0,7.0,0.0,51.0,10.0,0.0,3180.0,0.0,5e-05,20000000.0,7796672.0,2159712.0,3234560.0,895040.0,0.7248256239085556,0.7091541946085179
1581,7907.0,3.0,310.4,95.6,214.8,23.902,263.4,83.2,180.2,24.838,87046.4,24278.4,191470.4,51868.8,2.0,0.0,51.0,10.0,0.0,1700.0,0.0,5e-05,20000000.0,870464.0,242784.0,1914704.0,518688.0,0.692102375708003,0.6841038804550822
1582,7912.0,3.0,309.6,89.4,220.2,25.299999999999997,163.4,52.0,111.4,24.864,353600.0,94516.8,280988.8,78745.6,4.0,0.0,51.0,10.0,0.0,710.0,0.0,5e-05,20000000.0,3536000.0,945168.0,2809888.0,787456.0,0.7111633005746864,0.6817732510280646
1583,7917.0,3.0,304.4,91.0,213.4,25.018,245.8,69.8,176.0,26.322000000000003,93553.6,25985.6,194009.6,52144.0,2.0,0.0,51.0,10.0,0.0,1760.0,0.0,5e-05,20000000.0,935536.0,259856.0,1940096.0,521440.0,0.7011082032117885,0.7160045597804932
1584,7922.0,3.0,284.4,78.6,205.8,26.618000000000002,90.4,24.4,66.0,27.0,907372.8,248774.4,379040.0,103052.8,7.0,0.0,51.0,10.0,0.0,30.0,0.0,5e-05,20000000.0,9073728.0,2487744.0,3790400.0,1030528.0,0.7236268716851655,0.7301058459534278
1585,7927.0,3.0,154.4,41.2,113.2,21.454,37.6,11.8,25.8,21.029999999999998,605352.0,157193.6,238139.2,72968.0,14.0,0.0,51.0,10.0,0.0,3460.0,0.0,5e-05,20000000.0,6053520.0,1571936.0,2381392.0,729680.0,0.7331342545829662,0.6862019914651494
1586,7932.0,3.0,271.0,73.4,197.6,22.009999999999998,91.0,25.6,65.4,20.666,654470.4,170990.4,262475.2,68536.0,7.0,0.0,51.0,10.0,0.0,4580.0,0.0,5e-05,20000000.0,6544704.0,1709904.0,2624752.0,685360.0,0.7291692470655794,0.7188555119949608
1587,7937.0,3.0,275.4,76.8,198.6,26.416000000000004,88.8,26.8,62.0,25.809999999999995,865784.0,239310.4,362580.8,98601.6,7.0,0.0,51.0,10.0,0.0,320.0,0.0,5e-05,20000000.0,8657840.0,2393104.0,3625808.0,986016.0,0.7211238144103811,0.6982896944430322
1588,7942.0,3.0,313.2,85.4,227.8,26.03,272.2,81.4,190.8,26.088,96254.4,25116.8,210696.0,58636.8,2.0,0.0,51.0,10.0,0.0,1840.0,0.0,5e-05,20000000.0,962544.0,251168.0,2106960.0,586368.0,0.7272726941432806,0.7009614811120337
1589,7947.0,3.0,300.6,85.4,215.2,24.342000000000002,285.2,96.6,188.6,21.27,108956.8,29929.6,174084.8,49523.2,2.0,0.0,51.0,10.0,0.0,2010.0,0.0,5e-05,20000000.0,1089568.0,299296.0,1740848.0,495232.0,0.7157114786068582,0.6612414902842833
1590,7952.0,3.0,221.4,60.4,161.0,22.73,91.4,24.4,67.0,16.578,516680.0,142852.8,130830.4,41102.4,7.0,0.0,51.0,10.0,0.0,4400.0,0.0,5e-05,20000000.0,5166800.0,1428528.0,1308304.0,411024.0,0.7272755670467341,0.7330609963967987
1591,7957.0,3.0,310.6,105.6,205.0,21.736,226.0,72.4,153.6,22.878,77220.8,21996.8,149502.4,42171.2,2.0,0.0,51.0,10.0,0.0,4520.0,0.0,5e-05,20000000.0,772208.0,219968.0,1495024.0,421712.0,0.6599477297125781,0.6802990824427417
1592,7962.0,3.0,278.0,79.6,198.4,20.380000000000003,165.8,57.2,108.6,15.522,282742.4,75120.0,144145.6,40424.0,4.0,0.0,51.0,10.0,0.0,4030.0,0.0,5e-05,20000000.0,2827424.0,751200.0,1441456.0,404240.0,0.7137331906991545,0.6547485866320708
1593,7967.0,3.0,307.6,102.2,205.4,23.171999999999997,240.6,73.8,166.8,25.637999999999998,89308.8,25809.6,184281.6,51289.6,2.0,0.0,51.0,10.0,0.0,2180.0,0.0,5e-05,20000000.0,893088.0,258096.0,1842816.0,512896.0,0.6678409283498965,0.6933321392932988
1594,7972.0,3.0,310.8,80.0,230.8,26.356,163.0,46.0,117.0,26.112000000000002,365817.6,94476.8,295273.6,77787.2,4.0,0.0,51.0,10.0,0.0,1100.0,0.0,5e-05,20000000.0,3658176.0,944768.0,2952736.0,777872.0,0.742588645714007,0.7177763003369019
1595,7977.0,3.0,158.6,43.0,115.6,24.394,37.2,10.2,27.0,24.68,743292.8,212084.8,279652.8,79353.6,14.0,0.0,51.0,10.0,0.0,2110.0,0.0,5e-05,20000000.0,7432928.0,2120848.0,2796528.0,793536.0,0.7288666504908277,0.7258890469416786
1596,7982.0,3.0,320.0,94.0,226.0,25.206,273.2,76.0,197.2,26.98,88451.2,23507.2,222267.2,62241.6,2.0,0.0,51.0,10.0,0.0,1150.0,0.0,5e-05,20000000.0,884512.0,235072.0,2222672.0,622416.0,0.70625,0.7217775378749067
1597,7987.0,3.0,224.0,65.8,158.2,22.596,91.2,30.2,61.0,17.458,530993.6,156800.0,196939.2,62182.4,7.0,0.0,51.0,10.0,0.0,2800.0,0.0,5e-05,20000000.0,5309936.0,1568000.0,1969392.0,621824.0,0.7063116878911232,0.6689913981919591
1598,7992.0,3.0,214.6,61.0,153.6,18.034,93.4,27.0,66.4,11.152000000000001,337206.4,94604.8,94747.2,27147.2,7.0,0.0,51.0,10.0,0.0,3410.0,0.0,5e-05,20000000.0,3372064.0,946048.0,947472.0,271472.0,0.7157034404214146,0.71094565963415
1599,7997.0,3.0,268.4,72.0,196.4,21.084000000000003,91.2,25.8,65.4,19.708,522049.6,149923.2,222428.8,69635.2,7.0,0.0,51.0,10.0,0.0,3470.0,0.0,5e-05,20000000.0,5220496.0,1499232.0,2224288.0,696352.0,0.7317282966096467,0.7170631581290768
1600,8002.0,3.0,287.4,83.6,203.8,24.132,163.6,50.4,113.2,21.333999999999996,341161.6,94766.4,205849.6,54486.4,4.0,0.0,51.0,10.0,0.0,3550.0,0.0,5e-05,20000000.0,3411616.0,947664.0,2058496.0,544864.0,0.7092740185029346,0.6919869949141348
1601,8007.0,3.0,287.0,81.8,205.2,23.946000000000005,165.2,53.2,112.0,20.23,355537.6,97401.6,209025.6,58643.2,4.0,0.0,51.0,10.0,0.0,2010.0,0.0,5e-05,20000000.0,3555376.0,974016.0,2090256.0,586432.0,0.7149739159993279,0.6778585633080059
1602,8012.0,3.0,157.0,46.2,110.8,25.704,37.0,10.8,26.2,25.824,927617.6,256084.8,348632.0,96675.2,14.0,0.0,51.0,10.0,0.0,850.0,0.0,5e-05,20000000.0,9276176.0,2560848.0,3486320.0,966752.0,0.7057385049753756,0.7080844001896633
1603,8017.0,3.0,153.8,42.4,111.4,17.44,37.4,11.4,26.0,16.368000000000002,473867.2,147256.0,190534.4,56916.8,14.0,0.0,51.0,10.0,0.0,3170.0,0.0,5e-05,20000000.0,4738672.0,1472560.0,1905344.0,569168.0,0.7243391667754996,0.695448079658606
1604,8022.0,3.0,309.8,87.8,222.0,25.538,265.8,78.6,187.2,25.505999999999997,89696.0,24342.4,198486.4,55166.4,2.0,0.0,51.0,10.0,0.0,3440.0,0.0,5e-05,20000000.0,896960.0,243424.0,1984864.0,551664.0,0.7166143516649466,0.704317513953683
1605,8027.0,3.0,310.4,99.4,211.0,21.016000000000002,159.2,48.2,111.0,21.984,270600.0,76689.6,213360.0,59547.2,4.0,0.0,51.0,10.0,0.0,2920.0,0.0,5e-05,20000000.0,2706000.0,766896.0,2133600.0,595472.0,0.6797873812654048,0.6976845789781743
1606,8032.0,3.0,150.8,44.0,106.8,21.514000000000003,37.4,10.6,26.8,20.815999999999995,587872.0,170377.6,226126.4,63302.4,14.0,0.0,51.0,10.0,0.0,2790.0,0.0,5e-05,20000000.0,5878720.0,1703776.0,2261264.0,633024.0,0.7083128812182135,0.7167061798640746
1607,8037.0,3.0,157.8,42.8,115.0,25.494,37.6,10.0,27.6,25.862000000000002,874088.0,233548.8,328755.2,87206.4,14.0,0.0,51.0,10.0,0.0,1910.0,0.0,5e-05,20000000.0,8740880.0,2335488.0,3287552.0,872064.0,0.7287752962992824,0.7339971550497866
1608,8042.0,3.0,285.6,77.8,207.8,26.603999999999996,89.4,24.4,65.0,27.0,918571.2,251302.4,372972.8,103129.6,7.0,0.0,51.0,10.0,0.0,170.0,0.0,5e-05,20000000.0,9185712.0,2513024.0,3729728.0,1031296.0,0.7275793728904694,0.7270610581032898
1609,8047.0,3.0,307.0,83.8,223.2,26.042,265.4,80.0,185.4,25.256,90216.0,24376.0,203816.0,53913.6,2.0,0.0,51.0,10.0,0.0,2460.0,0.0,5e-05,20000000.0,902160.0,243760.0,2038160.0,539136.0,0.7270346555362842,0.6985420344242754
1610,8052.0,3.0,158.4,42.8,115.6,24.471999999999998,38.0,10.2,27.8,24.46,777025.6,209017.6,301507.2,83864.0,14.0,0.0,51.0,10.0,0.0,1660.0,0.0,5e-05,20000000.0,7770256.0,2090176.0,3015072.0,838640.0,0.729774699466603,0.7315789473684211
1611,8057.0,3.0,259.6,78.4,181.2,24.743999999999996,91.6,28.0,63.6,22.066000000000003,725763.2,204576.0,273251.2,77902.4,7.0,0.0,51.0,10.0,0.0,1760.0,0.0,5e-05,20000000.0,7257632.0,2045760.0,2732512.0,779024.0,0.6980194943967162,0.6945351143573294
1612,8062.0,3.0,320.0,80.0,240.0,26.642000000000003,163.2,45.0,118.2,27.0,389612.8,97403.2,309608.0,86675.2,4.0,0.0,51.0,10.0,0.0,10.0,0.0,5e-05,20000000.0,3896128.0,974032.0,3096080.0,866752.0,0.75,0.7242589913970032
1613,8067.0,3.0,289.4,83.4,206.0,23.628,166.6,62.2,104.4,20.668,334635.2,92536.0,210910.4,59392.0,4.0,0.0,51.0,10.0,0.0,2380.0,0.0,5e-05,20000000.0,3346352.0,925360.0,2109104.0,593920.0,0.7118142006865209,0.6266362737224205
1614,8072.0,3.0,157.0,44.8,112.2,18.766000000000002,38.0,10.6,27.4,18.446,492750.4,138251.2,183555.2,56838.4,14.0,0.0,51.0,10.0,0.0,3910.0,0.0,5e-05,20000000.0,4927504.0,1382512.0,1835552.0,568384.0,0.7146513351743493,0.7210526315789474
1615,8077.0,3.0,150.0,43.4,106.6,19.290000000000003,37.6,11.6,26.0,17.98,484065.6,136265.6,191934.4,54016.0,14.0,0.0,51.0,10.0,0.0,3040.0,0.0,5e-05,20000000.0,4840656.0,1362656.0,1919344.0,540160.0,0.7106895929152315,0.691180654338549
1616,8082.0,3.0,302.0,80.0,222.0,26.129999999999995,161.8,50.4,111.4,25.058,384268.8,103124.8,286043.2,77892.8,4.0,0.0,51.0,10.0,0.0,520.0,0.0,5e-05,20000000.0,3842688.0,1031248.0,2860432.0,778928.0,0.7350727146768493,0.688674730321487
1617,8087.0,3.0,320.0,80.0,240.0,26.642000000000003,163.2,45.0,118.2,27.0,389612.8,97403.2,309608.0,86675.2,4.0,0.0,51.0,10.0,0.0,740.0,0.0,5e-05,20000000.0,3896128.0,974032.0,3096080.0,866752.0,0.75,0.7242589913970032
1618,8092.0,3.0,298.6,82.0,216.6,26.256,269.8,89.2,180.6,23.814,95248.0,26675.2,189392.0,52400.0,2.0,0.0,51.0,10.0,0.0,400.0,0.0,5e-05,20000000.0,952480.0,266752.0,1893920.0,524000.0,0.7253482867975294,0.6702044689073562
1619,8097.0,3.0,320.0,80.0,240.0,26.552,166.6,45.6,121.0,27.0,384236.8,96059.2,303913.6,82160.0,4.0,0.0,51.0,10.0,0.0,60.0,0.0,5e-05,20000000.0,3842368.0,960592.0,3039136.0,821600.0,0.75,0.7262856387053775
1620,8102.0,3.0,252.8,70.8,182.0,25.298,87.8,28.4,59.4,22.708,739574.4,200182.4,292307.2,80777.6,7.0,0.0,51.0,10.0,0.0,2200.0,0.0,5e-05,20000000.0,7395744.0,2001824.0,2923072.0,807776.0,0.7199389635250284,0.6764974667139864
1621,8107.0,3.0,306.0,84.2,221.8,24.726,290.6,106.0,184.6,21.98,100881.6,27060.8,180032.0,50217.6,2.0,0.0,51.0,10.0,0.0,2020.0,0.0,5e-05,20000000.0,1008816.0,270608.0,1800320.0,502176.0,0.7248485484658381,0.6352799098769946
1622,8112.0,3.0,294.0,96.2,197.8,22.016,240.0,100.2,139.8,18.736,81564.8,23092.8,124915.2,37035.2,2.0,0.0,51.0,10.0,0.0,1000.0,0.0,5e-05,20000000.0,815648.0,230928.0,1249152.0,370352.0,0.6728232955435384,0.582687386637261
1623,8117.0,3.0,274.4,76.0,198.4,26.402000000000005,91.4,26.4,65.0,25.832,866956.8,237296.0,352252.8,98732.8,7.0,0.0,51.0,10.0,0.0,1270.0,0.0,5e-05,20000000.0,8669568.0,2372960.0,3522528.0,987328.0,0.7230809145130738,0.7112232124951829
1624,8122.0,3.0,310.2,80.0,230.2,26.386000000000003,166.6,49.8,116.8,25.832,356296.0,92200.0,301916.8,82270.4,4.0,0.0,51.0,10.0,0.0,590.0,0.0,5e-05,20000000.0,3562960.0,922000.0,3019168.0,822704.0,0.7420917735044986,0.7010563210927543
1625,8127.0,3.0,149.6,40.8,108.8,13.974,36.0,11.0,25.0,13.162,374036.8,97296.0,163435.2,49961.6,14.0,0.0,51.0,10.0,0.0,4120.0,0.0,5e-05,20000000.0,3740368.0,972960.0,1634352.0,499616.0,0.7273607976598574,0.6936721241365204
1626,8132.0,3.0,298.6,86.8,211.8,23.714000000000002,224.4,72.4,152.0,22.918,86528.0,23531.2,148116.8,41561.6,2.0,0.0,51.0,10.0,0.0,4150.0,0.0,5e-05,20000000.0,865280.0,235312.0,1481168.0,415616.0,0.7093399461016449,0.6777399731337033
1627,8137.0,3.0,304.2,80.0,224.2,26.182000000000006,260.4,77.8,182.6,25.618000000000002,107811.2,28710.4,202880.0,53710.4,2.0,0.0,51.0,10.0,0.0,930.0,0.0,5e-05,20000000.0,1078112.0,287104.0,2028800.0,537104.0,0.7369246706750642,0.7014123082508886
1628,8142.0,3.0,292.8,87.8,205.0,21.68,160.8,50.6,110.2,19.214,293907.2,80753.6,180036.8,47844.8,4.0,0.0,51.0,10.0,0.0,3600.0,0.0,5e-05,20000000.0,2939072.0,807536.0,1800368.0,478448.0,0.7000901502050305,0.6851596526408389
1629,8147.0,3.0,211.4,57.4,154.0,23.93,89.4,28.6,60.8,16.636000000000003,593664.0,157425.6,188862.4,51908.8,7.0,0.0,51.0,10.0,0.0,3750.0,0.0,5e-05,20000000.0,5936640.0,1574256.0,1888624.0,519088.0,0.7288875210532406,0.679860888175495
1630,8152.0,3.0,320.0,80.0,240.0,26.541999999999994,284.6,78.0,206.6,27.0,94860.8,23715.2,234704.0,64052.8,2.0,0.0,51.0,10.0,0.0,130.0,0.0,5e-05,20000000.0,948608.0,237152.0,2347040.0,640528.0,0.75,0.7259356511595458
1631,8157.0,3.0,245.8,67.6,178.2,23.686,92.4,26.0,66.4,19.932000000000002,505931.2,142740.8,202432.0,62456.0,7.0,0.0,51.0,10.0,0.0,3900.0,0.0,5e-05,20000000.0,5059312.0,1427408.0,2024320.0,624560.0,0.7249755157690106,0.718533769951215
1632,8162.0,3.0,154.8,44.8,110.0,23.592000000000002,37.2,10.8,26.4,23.394,759116.8,209472.0,274515.2,84235.2,14.0,0.0,51.0,10.0,0.0,1560.0,0.0,5e-05,20000000.0,7591168.0,2094720.0,2745152.0,842352.0,0.7105933213211602,0.7093567251461987
1633,8167.0,3.0,256.6,73.0,183.6,23.52,92.0,28.0,64.0,20.99,639878.4,171083.2,236228.8,69395.2,7.0,0.0,51.0,10.0,0.0,3310.0,0.0,5e-05,20000000.0,6398784.0,1710832.0,2362288.0,693952.0,0.7155782553065141,0.6957258744955322
1634,8172.0,3.0,265.0,77.0,188.0,25.094,91.0,26.8,64.2,23.195999999999998,720880.0,208928.0,263096.0,75433.6,7.0,0.0,51.0,10.0,0.0,3060.0,0.0,5e-05,20000000.0,7208800.0,2089280.0,2630960.0,754336.0,0.7094277066346217,0.7053903693314633
1635,8177.0,3.0,313.2,80.0,233.2,26.529999999999994,281.6,81.8,199.8,26.406,99232.0,25436.8,225022.4,61849.6,2.0,0.0,51.0,10.0,0.0,1440.0,0.0,5e-05,20000000.0,992320.0,254368.0,2250224.0,618496.0,0.7445436913040371,0.7094583135773884
1636,8182.0,3.0,310.6,80.0,230.6,26.375999999999998,166.0,49.2,116.8,25.906,370736.0,96107.2,288632.0,80260.8,4.0,0.0,51.0,10.0,0.0,810.0,0.0,5e-05,20000000.0,3707360.0,961072.0,2886320.0,802608.0,0.7424322833744368,0.7035136781370955
1637,8187.0,3.0,302.4,80.0,222.4,26.074,163.4,50.4,113.0,24.696,365804.8,98043.2,277425.6,74278.4,4.0,0.0,51.0,10.0,0.0,1620.0,0.0,5e-05,20000000.0,3658048.0,980432.0,2774256.0,742784.0,0.7354247537530589,0.691528595938175
1638,8192.0,3.0,320.0,80.0,240.0,26.568,284.2,77.4,206.8,27.0,95449.6,23862.4,230600.0,62660.8,2.0,0.0,51.0,10.0,0.0,210.0,0.0,5e-05,20000000.0,954496.0,238624.0,2306000.0,626608.0,0.75,0.7276686389732132
1639,8197.0,3.0,307.8,92.0,215.8,24.892,253.2,77.8,175.4,25.7,100638.4,27576.0,195499.2,54478.4,2.0,0.0,51.0,10.0,0.0,1630.0,0.0,5e-05,20000000.0,1006384.0,275760.0,1954992.0,544784.0,0.7010805199272692,0.6926701767154306
1640,8202.0,3.0,312.4,90.8,221.6,21.532000000000004,165.8,49.4,116.4,20.916,277184.0,73836.8,206312.0,53382.4,4.0,0.0,51.0,10.0,0.0,4580.0,0.0,5e-05,20000000.0,2771840.0,738368.0,2063120.0,533824.0,0.7093071985774633,0.7019829682398981
1641,8207.0,3.0,158.2,43.6,114.6,25.532,37.0,10.2,26.8,25.829999999999995,859852.8,239625.6,339920.0,93820.8,14.0,0.0,51.0,10.0,0.0,2190.0,0.0,5e-05,20000000.0,8598528.0,2396256.0,3399200.0,938208.0,0.7244140465496121,0.7243085190453612
1642,8212.0,3.0,276.0,76.4,199.6,26.366000000000003,89.6,26.8,62.8,25.832,862908.8,235387.2,359107.2,100116.8,7.0,0.0,51.0,10.0,0.0,120.0,0.0,5e-05,20000000.0,8629088.0,2353872.0,3591072.0,1001168.0,0.72318465618954,0.7008443179791495
1643,8217.0,3.0,307.2,87.8,219.4,24.55,164.0,52.8,111.2,23.672,346259.2,93960.0,247334.4,69643.2,4.0,0.0,51.0,10.0,0.0,2650.0,0.0,5e-05,20000000.0,3462592.0,939600.0,2473344.0,696432.0,0.7141775766208152,0.6781062323234003
1644,8222.0,3.0,150.8,41.8,109.0,18.062,37.6,12.8,24.8,16.316000000000003,490491.2,128097.6,190036.8,67454.4,14.0,0.0,51.0,10.0,0.0,3750.0,0.0,5e-05,20000000.0,4904912.0,1280976.0,1900368.0,674544.0,0.7227025830289397,0.6594594594594595
1645,8227.0,3.0,298.0,90.0,208.0,24.008000000000003,163.4,51.6,111.8,22.35,319366.4,92862.4,243329.6,66408.0,4.0,0.0,51.0,10.0,0.0,2810.0,0.0,5e-05,20000000.0,3193664.0,928624.0,2433296.0,664080.0,0.6980287423116277,0.6842063445869976
1646,8232.0,3.0,259.4,79.8,179.6,24.668,91.6,29.4,62.2,22.014,722768.0,206694.4,282638.4,84091.2,7.0,0.0,51.0,10.0,0.0,1640.0,0.0,5e-05,20000000.0,7227680.0,2066944.0,2826384.0,840912.0,0.6923905378371671,0.6790810638636726
1647,8237.0,3.0,157.8,43.0,114.8,26.558000000000003,37.0,10.0,27.0,27.0,977449.6,263692.8,371590.4,100656.0,14.0,0.0,51.0,10.0,0.0,370.0,0.0,5e-05,20000000.0,9774496.0,2636928.0,3715904.0,1006560.0,0.7275042328468919,0.7298640746009168
1648,8242.0,3.0,311.2,87.8,223.4,25.118000000000002,267.6,82.8,184.8,24.029999999999998,91892.8,23873.6,181414.4,49456.0,2.0,0.0,51.0,10.0,0.0,3480.0,0.0,5e-05,20000000.0,918928.0,238736.0,1814144.0,494560.0,0.7178442338237134,0.690636943265407
1649,8247.0,3.0,157.2,44.6,112.6,25.529999999999998,36.8,11.2,25.6,25.824,930049.6,257044.8,360033.6,96848.0,14.0,0.0,51.0,10.0,0.0,890.0,0.0,5e-05,20000000.0,9300496.0,2570448.0,3600336.0,968480.0,0.7162814936792663,0.6957009641220168
1650,8252.0,3.0,285.6,77.6,208.0,26.528,88.6,23.4,65.2,27.0,895854.4,242409.6,381208.0,99350.4,7.0,0.0,51.0,10.0,0.0,380.0,0.0,5e-05,20000000.0,8958544.0,2424096.0,3812080.0,993504.0,0.7282840630615468,0.7358479118212155
1651,8257.0,3.0,310.8,99.6,211.2,22.048000000000002,225.2,70.6,154.6,24.238,83668.8,23456.0,162137.6,44675.2,2.0,0.0,51.0,10.0,0.0,4250.0,0.0,5e-05,20000000.0,836688.0,234560.0,1621376.0,446752.0,0.679534078295306,0.6863499270250302
1652,8262.0,3.0,285.6,77.6,208.0,26.528,88.6,23.4,65.2,27.0,895854.4,242409.6,381208.0,99350.4,7.0,0.0,51.0,10.0,0.0,370.0,0.0,5e-05,20000000.0,8958544.0,2424096.0,3812080.0,993504.0,0.7282840630615468,0.7358479118212155
1653,8267.0,3.0,276.8,79.8,197.0,22.746000000000002,153.8,50.4,103.4,20.102,320704.0,88104.0,184064.0,51388.8,4.0,0.0,51.0,10.0,0.0,4160.0,0.0,5e-05,20000000.0,3207040.0,881040.0,1840640.0,513888.0,0.7117650353106224,0.6723747852991825
1654,8272.0,3.0,320.0,108.8,211.2,23.949999999999996,265.8,74.4,191.4,26.776,84176.0,23841.6,213393.6,58841.6,2.0,0.0,51.0,10.0,0.0,970.0,0.0,5e-05,20000000.0,841760.0,238416.0,2133936.0,588416.0,0.6599999999999999,0.7200416569273894
1655,8277.0,3.0,301.2,92.6,208.6,23.154000000000003,253.0,82.6,170.4,22.189999999999998,86670.4,24208.0,142720.0,40446.4,2.0,0.0,51.0,10.0,0.0,4080.0,0.0,5e-05,20000000.0,866704.0,242080.0,1427200.0,404464.0,0.6926778032301002,0.6737124939001704
1656,8282.0,3.0,156.4,42.8,113.6,20.026000000000003,37.6,10.8,26.8,19.892000000000003,496518.4,136779.2,214675.2,64025.6,14.0,0.0,51.0,10.0,0.0,3780.0,0.0,5e-05,20000000.0,4965184.0,1367792.0,2146752.0,640256.0,0.7262980606375428,0.7128022759601708
1657,8287.0,3.0,282.0,82.0,200.0,23.640000000000004,161.2,50.4,110.8,20.594,295552.0,81454.4,199822.4,56086.4,4.0,0.0,51.0,10.0,0.0,3930.0,0.0,5e-05,20000000.0,2955520.0,814544.0,1998224.0,560864.0,0.7091952712670768,0.6875059035142141
1658,8292.0,3.0,285.6,77.6,208.0,26.528,88.6,23.4,65.2,27.0,895854.4,242409.6,381208.0,99350.4,7.0,0.0,51.0,10.0,0.0,350.0,0.0,5e-05,20000000.0,8958544.0,2424096.0,3812080.0,993504.0,0.7282840630615468,0.7358479118212155
1659,8297.0,3.0,155.2,41.6,113.6,17.29,37.8,11.0,26.8,16.762,413694.4,127574.4,155728.0,50694.4,14.0,0.0,51.0,10.0,0.0,4890.0,0.0,5e-05,20000000.0,4136944.0,1275744.0,1557280.0,506944.0,0.7319761554793401,0.7091038406827879
1660,8302.0,3.0,258.0,77.8,180.2,24.677999999999997,87.8,28.8,59.0,22.444000000000003,722905.6,202529.6,298110.4,81254.4,7.0,0.0,51.0,10.0,0.0,1120.0,0.0,5e-05,20000000.0,7229056.0,2025296.0,2981104.0,812544.0,0.6985344979304373,0.6719591820384947
1661,8307.0,3.0,250.6,70.2,180.4,25.276,90.6,27.4,63.2,22.478,740188.8,203652.8,264089.6,75329.6,7.0,0.0,51.0,10.0,0.0,2780.0,0.0,5e-05,20000000.0,7401888.0,2036528.0,2640896.0,753296.0,0.7198868150243323,0.6976458324284411
1662,8312.0,3.0,313.2,94.0,219.2,25.178000000000004,269.6,75.8,193.8,26.360000000000003,87657.6,23964.8,207734.4,55971.2,2.0,0.0,51.0,10.0,0.0,2070.0,0.0,5e-05,20000000.0,876576.0,239648.0,2077344.0,559712.0,0.6998559264280295,0.7188476945787283
1663,8317.0,3.0,320.0,94.4,225.6,25.216,274.2,75.4,198.8,26.98,89529.6,23827.2,221673.6,60884.8,2.0,0.0,51.0,10.0,0.0,1110.0,0.0,5e-05,20000000.0,895296.0,238272.0,2216736.0,608848.0,0.7050000000000001,0.7250726316175383
1664,8322.0,3.0,243.0,65.2,177.8,24.784,88.6,23.4,65.2,21.23,648396.8,178686.4,224555.2,62292.8,7.0,0.0,51.0,10.0,0.0,3960.0,0.0,5e-05,20000000.0,6483968.0,1786864.0,2245552.0,622928.0,0.7316803309497353,0.7358226965361391
1665,8327.0,3.0,257.0,69.8,187.2,24.834,91.8,25.4,66.4,22.612000000000002,684494.4,184980.8,252484.8,69942.4,7.0,0.0,51.0,10.0,0.0,4230.0,0.0,5e-05,20000000.0,6844944.0,1849808.0,2524848.0,699424.0,0.728393955452779,0.7233313107802082
1666,8332.0,3.0,311.2,80.0,231.2,26.342000000000002,163.0,47.4,115.6,25.883999999999997,375792.0,96625.6,290188.8,78129.6,4.0,0.0,51.0,10.0,0.0,1650.0,0.0,5e-05,20000000.0,3757920.0,966256.0,2901888.0,781296.0,0.7429184746131623,0.709107199840829
1667,8337.0,3.0,320.0,80.0,240.0,26.642000000000003,163.2,45.0,118.2,27.0,389612.8,97403.2,309608.0,86675.2,4.0,0.0,51.0,10.0,0.0,690.0,0.0,5e-05,20000000.0,3896128.0,974032.0,3096080.0,866752.0,0.75,0.7242589913970032
1668,8342.0,3.0,306.8,96.0,210.8,20.838,161.2,52.6,108.6,20.48,266840.0,71694.4,192145.6,52376.0,4.0,0.0,51.0,10.0,0.0,3830.0,0.0,5e-05,20000000.0,2668400.0,716944.0,1921456.0,523760.0,0.6871060339394972,0.6738606603157475
1669,8347.0,3.0,300.2,92.0,208.2,22.762,237.2,78.4,158.8,21.046,81788.8,21396.8,144396.8,39273.6,2.0,0.0,51.0,10.0,0.0,4210.0,0.0,5e-05,20000000.0,817888.0,213968.0,1443968.0,392736.0,0.6935402722599308,0.6696254957697362
1670,8352.0,3.0,157.4,46.2,111.2,24.578,36.4,11.0,25.4,24.668,828131.2,228310.4,315604.8,91633.6,14.0,0.0,51.0,10.0,0.0,1540.0,0.0,5e-05,20000000.0,8281312.0,2283104.0,3156048.0,916336.0,0.7064450908279014,0.6983099640994379
1671,8357.0,3.0,303.2,93.2,210.0,21.474,162.2,50.8,111.4,20.438,274864.0,76644.8,177232.0,51628.8,4.0,0.0,51.0,10.0,0.0,4190.0,0.0,5e-05,20000000.0,2748640.0,766448.0,1772320.0,516288.0,0.6925824800233163,0.686831743465827
1672,8362.0,3.0,313.2,80.0,233.2,26.529999999999994,280.8,81.2,199.6,26.410000000000004,99180.8,25411.2,220302.4,61358.4,2.0,0.0,51.0,10.0,0.0,1280.0,0.0,5e-05,20000000.0,991808.0,254112.0,2203024.0,613584.0,0.7445436913040371,0.7107701474596316
1673,8367.0,3.0,284.4,78.6,205.8,26.618000000000002,90.4,24.4,66.0,27.0,907372.8,248774.4,379040.0,103052.8,7.0,0.0,51.0,10.0,0.0,20.0,0.0,5e-05,20000000.0,9073728.0,2487744.0,3790400.0,1030528.0,0.7236268716851655,0.7301058459534278
1674,8372.0,3.0,320.0,80.0,240.0,26.622000000000003,285.2,78.4,206.8,27.0,96352.0,24088.0,231272.0,63433.6,2.0,0.0,51.0,10.0,0.0,1980.0,0.0,5e-05,20000000.0,963520.0,240880.0,2312720.0,634336.0,0.75,0.7251164733746289
1675,8377.0,3.0,146.8,42.6,104.2,9.146,89.8,29.8,60.0,1.124,151027.2,39776.0,16131.2,4766.4,7.0,0.0,51.0,10.0,0.0,4000.0,0.0,5e-05,20000000.0,1510272.0,397760.0,161312.0,47664.0,0.7096446748423293,0.6682454737901733
1676,8382.0,3.0,157.0,43.2,113.8,26.604000000000003,37.4,10.0,27.4,27.0,1021816.0,281784.0,369212.8,99020.8,14.0,0.0,51.0,10.0,0.0,180.0,0.0,5e-05,20000000.0,10218160.0,2817840.0,3692128.0,990208.0,0.7248266009942477,0.732574679943101
1677,8387.0,3.0,320.0,80.0,240.0,26.568,163.4,44.8,118.6,27.0,385401.6,96350.4,312489.6,86337.6,4.0,0.0,51.0,10.0,0.0,230.0,0.0,5e-05,20000000.0,3854016.0,963504.0,3124896.0,863376.0,0.75,0.7258185794970673
1678,8392.0,3.0,285.6,77.8,207.8,26.603999999999996,89.4,24.4,65.0,27.0,918571.2,251302.4,372972.8,103129.6,7.0,0.0,51.0,10.0,0.0,1990.0,0.0,5e-05,20000000.0,9185712.0,2513024.0,3729728.0,1031296.0,0.7275793728904694,0.7270610581032898
1679,8397.0,3.0,286.0,78.2,207.8,26.532,89.8,24.2,65.6,27.0,889212.8,242721.6,374979.2,100574.4,7.0,0.0,51.0,10.0,0.0,990.0,0.0,5e-05,20000000.0,8892128.0,2427216.0,3749792.0,1005744.0,0.7265678043407942,0.7305099394987037
1680,8402.0,3.0,297.0,93.2,203.8,20.596000000000004,223.6,79.6,144.0,19.220000000000002,68548.8,18116.8,129787.2,35811.2,2.0,0.0,51.0,10.0,0.0,4240.0,0.0,5e-05,20000000.0,685488.0,181168.0,1297872.0,358112.0,0.6862224619881058,0.6439655486418825
1681,8407.0,3.0,296.4,88.4,208.0,21.284,156.6,49.2,107.4,20.035999999999998,273662.4,75670.4,174265.6,50459.2,4.0,0.0,51.0,10.0,0.0,4900.0,0.0,5e-05,20000000.0,2736624.0,756704.0,1742656.0,504592.0,0.70171557081174,0.6857589189951153
1682,8412.0,3.0,320.0,103.2,216.8,24.186,264.8,73.8,191.0,26.758,83392.0,23003.2,214016.0,58739.2,2.0,0.0,51.0,10.0,0.0,1940.0,0.0,5e-05,20000000.0,833920.0,230032.0,2140160.0,587392.0,0.6775,0.7213877974190935
1683,8417.0,3.0,154.0,43.2,110.8,21.238000000000003,36.0,10.0,26.0,20.886000000000003,599305.6,171792.0,240587.2,68769.6,14.0,0.0,51.0,10.0,0.0,2490.0,0.0,5e-05,20000000.0,5993056.0,1717920.0,2405872.0,687696.0,0.7194756997848638,0.7219715956558062
1684,8422.0,3.0,141.0,40.8,100.2,19.244,36.8,11.4,25.4,17.375999999999998,530716.8,154252.8,225302.4,62582.4,14.0,0.0,51.0,10.0,0.0,3200.0,0.0,5e-05,20000000.0,5307168.0,1542528.0,2253024.0,625824.0,0.7105836058274729,0.6900589311115628
1685,8427.0,3.0,293.0,89.0,204.0,20.15,151.4,46.0,105.4,19.262,269616.0,74780.8,156251.2,42924.8,4.0,0.0,51.0,10.0,0.0,4910.0,0.0,5e-05,20000000.0,2696160.0,747808.0,1562512.0,429248.0,0.6961390141243096,0.6959886497895511
1686,8432.0,3.0,306.4,80.0,226.4,26.548000000000002,272.8,80.6,192.2,25.788,95513.6,25152.0,208643.2,57419.2,2.0,0.0,51.0,10.0,0.0,2110.0,0.0,5e-05,20000000.0,955136.0,251520.0,2086432.0,574192.0,0.7388782721712074,0.7046066384936602
1687,8437.0,3.0,156.6,41.6,115.0,21.07,36.8,10.0,26.8,20.84,556214.4,156691.2,229022.4,69123.2,14.0,0.0,51.0,10.0,0.0,2980.0,0.0,5e-05,20000000.0,5562144.0,1566912.0,2290224.0,691232.0,0.7343540747999346,0.7285145295671611
1688,8442.0,3.0,255.8,73.8,182.0,25.02,92.2,28.6,63.6,22.369999999999997,725664.0,205283.2,260028.8,76905.6,7.0,0.0,51.0,10.0,0.0,2400.0,0.0,5e-05,20000000.0,7256640.0,2052832.0,2600288.0,769056.0,0.7115257188736044,0.6898316970546985
1689,8447.0,3.0,320.0,80.0,240.0,26.622000000000003,285.2,78.4,206.8,27.0,96352.0,24088.0,231272.0,63433.6,2.0,0.0,51.0,10.0,0.0,1990.0,0.0,5e-05,20000000.0,963520.0,240880.0,2312720.0,634336.0,0.75,0.7251164733746289
1690,8452.0,3.0,320.0,80.0,240.0,26.552,285.8,79.2,206.6,27.0,95174.4,23793.6,232224.0,64520.0,2.0,0.0,51.0,10.0,0.0,270.0,0.0,5e-05,20000000.0,951744.0,237936.0,2322240.0,645200.0,0.75,0.7228547790134998
1691,8457.0,3.0,320.0,92.0,228.0,25.323999999999998,273.8,76.8,197.0,26.816000000000003,88587.2,23392.0,222318.4,62340.8,2.0,0.0,51.0,10.0,0.0,860.0,0.0,5e-05,20000000.0,885872.0,233920.0,2223184.0,623408.0,0.7125,0.719523951095506
1692,8462.0,3.0,285.4,80.8,204.6,25.54,90.0,26.2,63.8,25.806,816393.6,225846.4,339654.4,99912.0,7.0,0.0,51.0,10.0,0.0,2190.0,0.0,5e-05,20000000.0,8163936.0,2258464.0,3396544.0,999120.0,0.7168708889928201,0.7092060049379777
1693,8467.0,3.0,154.6,43.2,111.4,20.05,37.0,10.6,26.4,19.044,535875.2,151337.6,218241.6,70481.6,14.0,0.0,51.0,10.0,0.0,2390.0,0.0,5e-05,20000000.0,5358752.0,1513376.0,2182416.0,704816.0,0.7205174389606306,0.7134344871186975
1694,8472.0,3.0,145.4,41.0,104.4,17.212,37.0,10.4,26.6,15.084,465430.4,122400.0,153446.4,42284.8,14.0,0.0,51.0,10.0,0.0,2120.0,0.0,5e-05,20000000.0,4654304.0,1224000.0,1534464.0,422848.0,0.7182669260563997,0.7191955113007744
1695,8477.0,3.0,289.2,87.4,201.8,22.516000000000002,165.4,62.4,103.0,19.607999999999997,312473.6,86846.4,189337.6,54438.4,4.0,0.0,51.0,10.0,0.0,2390.0,0.0,5e-05,20000000.0,3124736.0,868464.0,1893376.0,544384.0,0.6979345829889277,0.622715987094547
1696,8482.0,3.0,248.8,70.2,178.6,24.473999999999997,91.2,26.0,65.2,20.898,633080.0,181905.6,255384.0,71494.4,7.0,0.0,51.0,10.0,0.0,3610.0,0.0,5e-05,20000000.0,6330800.0,1819056.0,2553840.0,714944.0,0.71783146568409,0.7147963287665806
1697,8487.0,3.0,158.6,43.2,115.4,24.426,37.4,10.0,27.4,24.692,757790.4,211488.0,306760.0,83758.4,14.0,0.0,51.0,10.0,0.0,3430.0,0.0,5e-05,20000000.0,7577904.0,2114880.0,3067600.0,837584.0,0.7276092667781227,0.732574679943101
1698,8492.0,3.0,311.6,101.0,210.6,22.628,159.2,48.8,110.4,23.220000000000002,319123.2,86168.0,228163.2,60875.2,4.0,0.0,51.0,10.0,0.0,2610.0,0.0,5e-05,20000000.0,3191232.0,861680.0,2281632.0,608752.0,0.6758740041370552,0.6932929724596392
1699,8497.0,3.0,247.4,68.2,179.2,17.628000000000004,91.2,25.8,65.4,14.697999999999999,404228.8,121536.0,117070.4,37558.4,7.0,0.0,51.0,10.0,0.0,4360.0,0.0,5e-05,20000000.0,4042288.0,1215360.0,1170704.0,375584.0,0.7242950417692582,0.7166312904419573
1700,8502.0,3.0,247.0,71.0,176.0,19.006,91.8,26.2,65.6,15.86,466937.6,140280.0,146702.4,46544.0,7.0,0.0,51.0,10.0,0.0,3530.0,0.0,5e-05,20000000.0,4669376.0,1402800.0,1467024.0,465440.0,0.7126696869520657,0.7144706265057792
1701,8507.0,3.0,249.0,73.8,175.2,23.272,88.2,28.0,60.2,19.631999999999998,639060.8,180737.6,252286.4,71278.4,7.0,0.0,51.0,10.0,0.0,2300.0,0.0,5e-05,20000000.0,6390608.0,1807376.0,2522864.0,712784.0,0.7036179774692366,0.6825377902479801
1702,8512.0,3.0,240.4,66.2,174.2,22.46,91.4,26.2,65.2,17.906000000000002,548592.0,154820.8,194800.0,66188.8,7.0,0.0,51.0,10.0,0.0,4970.0,0.0,5e-05,20000000.0,5485920.0,1548208.0,1948000.0,661888.0,0.7246160665449974,0.7134626009801325
1703,8517.0,3.0,313.2,80.0,233.2,26.529999999999994,282.6,82.0,200.6,26.413999999999998,99334.4,25462.4,220785.6,61481.6,2.0,0.0,51.0,10.0,0.0,120.0,0.0,5e-05,20000000.0,993344.0,254624.0,2207856.0,614816.0,0.7445436913040371,0.7097986298134721
1704,8522.0,3.0,309.4,91.4,218.0,24.778,256.8,75.4,181.4,25.216,97627.2,26974.4,188720.0,51540.8,2.0,0.0,51.0,10.0,0.0,2170.0,0.0,5e-05,20000000.0,976272.0,269744.0,1887200.0,515408.0,0.7044482115112627,0.7068171628545535
1705,8527.0,3.0,262.2,73.4,188.8,22.958,93.2,27.8,65.4,20.598,620558.4,180630.4,193601.6,56728.0,7.0,0.0,51.0,10.0,0.0,4560.0,0.0,5e-05,20000000.0,6205584.0,1806304.0,1936016.0,567280.0,0.7199073655089357,0.7017253041289925
1706,8532.0,3.0,225.4,65.0,160.4,24.309999999999995,92.6,25.0,67.6,18.509999999999998,582420.8,173860.8,180134.4,50747.2,7.0,0.0,51.0,10.0,0.0,4630.0,0.0,5e-05,20000000.0,5824208.0,1738608.0,1801344.0,507472.0,0.711585139900123,0.7300562983681017
1707,8537.0,3.0,210.0,59.2,150.8,22.63,91.6,27.8,63.8,15.628,513004.8,148286.4,190276.8,55467.2,7.0,0.0,51.0,10.0,0.0,4670.0,0.0,5e-05,20000000.0,5130048.0,1482864.0,1902768.0,554672.0,0.7180503184391244,0.696386315881407
1708,8542.0,3.0,157.8,43.0,114.8,26.558000000000003,37.0,10.0,27.0,27.0,977449.6,263692.8,371590.4,100656.0,14.0,0.0,51.0,10.0,0.0,350.0,0.0,5e-05,20000000.0,9774496.0,2636928.0,3715904.0,1006560.0,0.7275042328468919,0.7298640746009168
1709,8547.0,3.0,155.8,41.0,114.8,21.189999999999998,37.0,10.2,26.8,21.073999999999998,517790.4,141513.6,219404.8,64235.2,14.0,0.0,51.0,10.0,0.0,2510.0,0.0,5e-05,20000000.0,5177904.0,1415136.0,2194048.0,642352.0,0.7368157652299593,0.724387545440177
1710,8552.0,3.0,305.4,82.8,222.6,26.026,266.6,78.6,188.0,25.4,93380.8,25092.8,198412.8,54273.6,2.0,0.0,51.0,10.0,0.0,1320.0,0.0,5e-05,20000000.0,933808.0,250928.0,1984128.0,542736.0,0.7288793915119894,0.7051552866678936
1711,8557.0,3.0,308.4,100.8,207.6,21.961999999999996,259.2,90.2,169.0,21.589999999999996,79152.0,23251.2,140932.8,40580.8,2.0,0.0,51.0,10.0,0.0,4420.0,0.0,5e-05,20000000.0,791520.0,232512.0,1409328.0,405808.0,0.6731686460255057,0.6522018752767862
1712,8562.0,3.0,157.8,43.0,114.8,26.558000000000003,37.0,10.0,27.0,27.0,977449.6,263692.8,371590.4,100656.0,14.0,0.0,51.0,10.0,0.0,550.0,0.0,5e-05,20000000.0,9774496.0,2636928.0,3715904.0,1006560.0,0.7275042328468919,0.7298640746009168
1713,8567.0,3.0,240.0,66.6,173.4,22.534,92.4,27.6,64.8,18.434,553312.0,156800.0,197193.6,57678.4,7.0,0.0,51.0,10.0,0.0,4260.0,0.0,5e-05,20000000.0,5533120.0,1568000.0,1971936.0,576784.0,0.722470026041891,0.701251463035355
1714,8572.0,3.0,303.6,89.2,214.4,24.506000000000004,163.2,53.4,109.8,23.714000000000002,291315.2,81884.8,260584.0,71152.0,4.0,0.0,51.0,10.0,0.0,2870.0,0.0,5e-05,20000000.0,2913152.0,818848.0,2605840.0,711520.0,0.7061683565330739,0.6728526262718003
1715,8577.0,3.0,277.2,78.6,198.6,26.201999999999998,90.2,26.8,63.4,25.875999999999998,876625.6,241280.0,364276.8,97243.2,7.0,0.0,51.0,10.0,0.0,610.0,0.0,5e-05,20000000.0,8766256.0,2412800.0,3642768.0,972432.0,0.7164500016376698,0.7027601367855398
1716,8582.0,3.0,156.8,45.2,111.6,25.610000000000003,37.6,11.6,26.0,25.848000000000003,911520.0,248892.8,345944.0,96814.4,14.0,0.0,51.0,10.0,0.0,730.0,0.0,5e-05,20000000.0,9115200.0,2488928.0,3459440.0,968144.0,0.7117384901561211,0.6912280701754385
1717,8587.0,3.0,320.0,80.0,240.0,26.622000000000003,285.2,78.4,206.8,27.0,96352.0,24088.0,231272.0,63433.6,2.0,0.0,51.0,10.0,0.0,180.0,0.0,5e-05,20000000.0,963520.0,240880.0,2312720.0,634336.0,0.75,0.7251164733746289
1718,8592.0,3.0,313.2,80.0,233.2,26.631999999999998,279.6,80.4,199.2,26.268,94208.0,24113.6,219284.8,59801.6,2.0,0.0,51.0,10.0,0.0,3990.0,0.0,5e-05,20000000.0,942080.0,241136.0,2192848.0,598016.0,0.7445613362760831,0.7124520673672617
1719,8597.0,3.0,302.4,86.0,216.4,25.808,253.8,77.4,176.4,25.086,88486.4,24400.0,185385.6,49633.6,2.0,0.0,51.0,10.0,0.0,3450.0,0.0,5e-05,20000000.0,884864.0,244000.0,1853856.0,496336.0,0.7155834884745931,0.6950589374138575
1720,8602.0,3.0,320.0,98.4,221.6,24.174,162.8,49.2,113.6,25.03,321222.4,86164.8,265216.0,72630.4,4.0,0.0,51.0,10.0,0.0,1940.0,0.0,5e-05,20000000.0,3212224.0,861648.0,2652160.0,726304.0,0.6925,0.6977949017746068
1721,8607.0,3.0,295.2,80.0,215.2,25.653999999999996,165.2,52.4,112.8,23.784,342129.6,93515.2,253716.8,71641.6,4.0,0.0,51.0,10.0,0.0,1310.0,0.0,5e-05,20000000.0,3421296.0,935152.0,2537168.0,716416.0,0.7289159615959335,0.6827527132029946
1722,8612.0,3.0,316.4,105.8,210.6,22.052,238.8,71.2,167.6,25.748,72214.4,19683.2,181108.8,50121.6,2.0,0.0,51.0,10.0,0.0,3220.0,0.0,5e-05,20000000.0,722144.0,196832.0,1811088.0,501216.0,0.665576068253513,0.7018757218367557
1723,8617.0,3.0,278.8,81.6,197.2,25.073999999999998,89.0,27.0,62.0,24.698,791060.8,217350.4,327587.2,87388.8,7.0,0.0,51.0,10.0,0.0,1460.0,0.0,5e-05,20000000.0,7910608.0,2173504.0,3275872.0,873888.0,0.7073284372319054,0.6965623773001479
1724,8622.0,3.0,297.2,91.4,205.8,23.374,164.6,59.2,105.4,21.363999999999997,321966.4,91467.2,204176.0,58760.0,4.0,0.0,51.0,10.0,0.0,2750.0,0.0,5e-05,20000000.0,3219664.0,914672.0,2041760.0,587600.0,0.6924119253150671,0.6403359187942679
1725,8627.0,3.0,156.0,43.6,112.4,20.233999999999998,38.0,10.6,27.4,19.637999999999998,535539.2,149680.0,185702.4,53238.4,14.0,0.0,51.0,10.0,0.0,3810.0,0.0,5e-05,20000000.0,5355392.0,1496800.0,1857024.0,532384.0,0.7203977223853284,0.7210526315789474
1726,8632.0,3.0,152.6,42.0,110.6,15.428,38.0,10.2,27.8,13.583999999999998,272604.8,80478.4,84020.8,21268.8,14.0,0.0,51.0,10.0,0.0,3000.0,0.0,5e-05,20000000.0,2726048.0,804784.0,840208.0,212688.0,0.724745033405549,0.731578947368421
1727,8637.0,3.0,231.6,62.8,168.8,21.944,90.4,25.6,64.8,17.152,541332.8,150748.8,194452.8,57200.0,7.0,0.0,51.0,10.0,0.0,4890.0,0.0,5e-05,20000000.0,5413328.0,1507488.0,1944528.0,572000.0,0.7288505679984791,0.7169128746192742
1728,8642.0,3.0,231.6,62.6,169.0,22.162,91.8,28.8,63.0,17.049999999999997,518235.2,144985.6,168288.0,50432.0,7.0,0.0,51.0,10.0,0.0,4490.0,0.0,5e-05,20000000.0,5182352.0,1449856.0,1682880.0,504320.0,0.7296596934426256,0.6862217137045512
1729,8647.0,3.0,225.8,64.8,161.0,23.536,92.0,24.6,67.4,17.95,562993.6,168236.8,196081.6,55467.2,7.0,0.0,51.0,10.0,0.0,4770.0,0.0,5e-05,20000000.0,5629936.0,1682368.0,1960816.0,554672.0,0.7130408049466409,0.7326546758524317
1730,8652.0,3.0,157.0,43.2,113.8,26.604000000000003,37.4,10.0,27.4,27.0,1021816.0,281784.0,369212.8,99020.8,14.0,0.0,51.0,10.0,0.0,170.0,0.0,5e-05,20000000.0,10218160.0,2817840.0,3692128.0,990208.0,0.7248266009942477,0.732574679943101
1731,8657.0,3.0,288.2,85.6,202.6,24.357999999999997,161.2,55.2,106.0,21.592000000000002,345817.6,98496.0,225254.4,63752.0,4.0,0.0,51.0,10.0,0.0,2490.0,0.0,5e-05,20000000.0,3458176.0,984960.0,2252544.0,637520.0,0.7030238427124756,0.6575613522582502
1732,8662.0,3.0,158.6,46.8,111.8,24.612,36.6,10.4,26.2,24.708,791054.4,228102.4,303697.6,81368.0,14.0,0.0,51.0,10.0,0.0,960.0,0.0,5e-05,20000000.0,7910544.0,2281024.0,3036976.0,813680.0,0.7048530478955007,0.7160520671046987
1733,8667.0,3.0,313.2,80.0,233.2,26.636000000000003,278.8,80.6,198.2,26.466,98931.2,25342.4,220398.4,61641.6,2.0,0.0,51.0,10.0,0.0,650.0,0.0,5e-05,20000000.0,989312.0,253424.0,2203984.0,616416.0,0.7445343248315364,0.7109520697982255
1734,8672.0,3.0,304.6,80.8,223.8,26.012,264.6,76.2,188.4,25.738,101628.8,27329.6,199862.4,53398.4,2.0,0.0,51.0,10.0,0.0,3850.0,0.0,5e-05,20000000.0,1016288.0,273296.0,1998624.0,533984.0,0.7346962154969948,0.7120483249853369
1735,8677.0,3.0,275.6,76.6,199.0,26.415999999999997,88.4,26.2,62.2,25.796000000000003,869144.0,239249.6,357193.6,100489.6,7.0,0.0,51.0,10.0,0.0,360.0,0.0,5e-05,20000000.0,8691440.0,2392496.0,3571936.0,1004896.0,0.722067123450035,0.7031927187823959
1736,8682.0,3.0,301.4,88.0,213.4,22.548,245.6,81.8,163.8,19.605999999999998,82396.8,22008.0,109771.2,30646.4,2.0,0.0,51.0,10.0,0.0,4700.0,0.0,5e-05,20000000.0,823968.0,220080.0,1097712.0,306464.0,0.7080711292675688,0.6668547335154459
1737,8687.0,3.0,301.4,95.4,206.0,21.982,236.6,77.0,159.6,22.208000000000002,81324.8,21545.6,126148.8,36750.4,2.0,0.0,51.0,10.0,0.0,4090.0,0.0,5e-05,20000000.0,813248.0,215456.0,1261488.0,367504.0,0.6835247826379958,0.6744621757413525
1738,8692.0,3.0,308.2,109.8,198.4,20.038,233.4,78.6,154.8,20.868,82161.6,23787.2,134348.8,37470.4,2.0,0.0,51.0,10.0,0.0,4330.0,0.0,5e-05,20000000.0,821616.0,237872.0,1343488.0,374704.0,0.6437132888934094,0.663630014752884
1739,8697.0,3.0,313.2,80.0,233.2,26.634000000000004,280.2,83.4,196.8,26.23,98873.6,25329.6,222561.6,62092.8,2.0,0.0,51.0,10.0,0.0,720.0,0.0,5e-05,20000000.0,988736.0,253296.0,2225616.0,620928.0,0.7445581752377782,0.702379470378045
1740,8702.0,3.0,307.6,83.2,224.4,25.706,163.8,49.0,114.8,24.814,355662.4,95140.8,271817.6,71430.4,4.0,0.0,51.0,10.0,0.0,1720.0,0.0,5e-05,20000000.0,3556624.0,951408.0,2718176.0,714304.0,0.7294967359911144,0.7008620647928824
1741,8707.0,3.0,288.0,81.4,206.6,21.972,152.2,46.2,106.0,20.47,300332.8,82854.4,194712.0,54924.8,4.0,0.0,51.0,10.0,0.0,4970.0,0.0,5e-05,20000000.0,3003328.0,828544.0,1947120.0,549248.0,0.717418330386675,0.6966077021030614
1742,8712.0,3.0,304.2,100.6,203.6,21.631999999999998,160.8,55.8,105.0,20.622,294484.8,80593.6,209819.2,59152.0,4.0,0.0,51.0,10.0,0.0,2520.0,0.0,5e-05,20000000.0,2944848.0,805936.0,2098192.0,591520.0,0.669414065508337,0.6529231984393152
1743,8717.0,3.0,158.0,44.8,113.2,24.259999999999998,37.4,12.2,25.2,24.71,796572.8,217875.2,322150.4,90609.6,14.0,0.0,51.0,10.0,0.0,1300.0,0.0,5e-05,20000000.0,7965728.0,2178752.0,3221504.0,906096.0,0.7164262678384262,0.6737316263632053
1744,8722.0,3.0,287.8,86.8,201.0,20.182,156.2,46.0,110.2,18.552,256827.2,73659.2,167153.6,45718.4,4.0,0.0,51.0,10.0,0.0,4650.0,0.0,5e-05,20000000.0,2568272.0,736592.0,1671536.0,457184.0,0.6984434727872386,0.70574296224877
1745,8727.0,3.0,298.2,95.0,203.2,23.183999999999997,159.6,56.4,103.2,21.578,295438.4,85457.6,239443.2,68300.8,4.0,0.0,51.0,10.0,0.0,2250.0,0.0,5e-05,20000000.0,2954384.0,854576.0,2394432.0,683008.0,0.6813977357798726,0.6467866566388171
1746,8732.0,3.0,320.0,93.0,227.0,25.294,160.4,46.2,114.2,26.294,337968.0,89092.8,294150.4,80638.4,4.0,0.0,51.0,10.0,0.0,850.0,0.0,5e-05,20000000.0,3379680.0,890928.0,2941504.0,806384.0,0.709375,0.7119353681768217
1747,8737.0,3.0,309.8,94.4,215.4,24.464,163.8,56.0,107.8,23.654,341224.0,93692.8,269523.2,73419.2,4.0,0.0,51.0,10.0,0.0,750.0,0.0,5e-05,20000000.0,3412240.0,936928.0,2695232.0,734192.0,0.6952333548718527,0.6580496303243579
1748,8742.0,3.0,158.6,43.2,115.4,19.474,37.4,10.8,26.6,19.524,439392.0,132480.0,183590.4,64760.0,14.0,0.0,51.0,10.0,0.0,3360.0,0.0,5e-05,20000000.0,4393920.0,1324800.0,1835904.0,647600.0,0.7276084884109494,0.7109530583214794
1749,8747.0,3.0,152.0,41.6,110.4,20.07,36.8,10.2,26.6,19.220000000000002,624078.4,174627.2,231462.4,70379.2,14.0,0.0,51.0,10.0,0.0,2300.0,0.0,5e-05,20000000.0,6240784.0,1746272.0,2314624.0,703792.0,0.7265959913163793,0.722972972972973
1750,8752.0,3.0,269.6,75.2,194.4,24.574,89.0,26.6,62.4,23.258000000000003,750308.8,211302.4,321507.2,89366.4,7.0,0.0,51.0,10.0,0.0,2460.0,0.0,5e-05,20000000.0,7503088.0,2113024.0,3215072.0,893664.0,0.7210723234695391,0.701276338555113
1751,8757.0,3.0,230.4,67.6,162.8,25.008,90.4,29.8,60.6,19.982,673628.8,192348.8,229846.4,68760.0,7.0,0.0,51.0,10.0,0.0,2480.0,0.0,5e-05,20000000.0,6736288.0,1923488.0,2298464.0,687600.0,0.7065159843946838,0.6703217013133964
1752,8762.0,3.0,275.8,80.6,195.2,20.113999999999997,159.4,54.4,105.0,15.687999999999999,257073.6,69574.4,161321.6,45388.8,4.0,0.0,51.0,10.0,0.0,4670.0,0.0,5e-05,20000000.0,2570736.0,695744.0,1613216.0,453888.0,0.7076843148006949,0.6586486996094749
1753,8767.0,3.0,294.6,88.8,205.8,23.818,213.0,63.8,149.2,23.956,92555.2,25491.2,149905.6,40688.0,2.0,0.0,51.0,10.0,0.0,4640.0,0.0,5e-05,20000000.0,925552.0,254912.0,1499056.0,406880.0,0.6987518364354018,0.7005424671964301
1754,8772.0,3.0,225.6,62.8,162.8,22.446,87.4,24.4,63.0,17.872000000000003,550332.8,154961.6,186635.2,61086.4,7.0,0.0,51.0,10.0,0.0,4600.0,0.0,5e-05,20000000.0,5503328.0,1549616.0,1866352.0,610864.0,0.7215944170771758,0.7209542911506446
1755,8777.0,3.0,320.0,80.0,240.0,26.607999999999997,164.8,44.2,120.6,27.0,387680.0,96920.0,306568.0,82257.6,4.0,0.0,51.0,10.0,0.0,150.0,0.0,5e-05,20000000.0,3876800.0,969200.0,3065680.0,822576.0,0.75,0.73186487560878
1756,8782.0,3.0,292.8,82.8,210.0,24.626,163.6,50.6,113.0,22.466,345731.2,95446.4,229635.2,62116.8,4.0,0.0,51.0,10.0,0.0,3790.0,0.0,5e-05,20000000.0,3457312.0,954464.0,2296352.0,621168.0,0.7172229104422198,0.6905941924881096
1757,8787.0,3.0,320.0,80.0,240.0,26.541999999999994,284.6,78.0,206.6,27.0,94860.8,23715.2,234704.0,64052.8,2.0,0.0,51.0,10.0,0.0,110.0,0.0,5e-05,20000000.0,948608.0,237152.0,2347040.0,640528.0,0.75,0.7259356511595458
1758,8792.0,3.0,309.8,96.0,213.8,23.540000000000003,254.6,82.4,172.2,22.41,83238.4,23544.0,159320.0,44795.2,2.0,0.0,51.0,10.0,0.0,3840.0,0.0,5e-05,20000000.0,832384.0,235440.0,1593200.0,447952.0,0.6901188781805019,0.6764250979744473
1759,8797.0,3.0,308.6,83.4,225.2,25.48,162.8,47.4,115.4,24.868000000000002,366233.6,96840.0,248260.8,68716.8,4.0,0.0,51.0,10.0,0.0,3140.0,0.0,5e-05,20000000.0,3662336.0,968400.0,2482608.0,687168.0,0.7297484151759303,0.7087961936437546
1760,8802.0,3.0,313.2,80.0,233.2,26.548000000000002,279.2,79.0,200.2,26.396000000000004,92934.4,23793.6,221385.6,60137.6,2.0,0.0,51.0,10.0,0.0,540.0,0.0,5e-05,20000000.0,929344.0,237936.0,2213856.0,601376.0,0.7445476458436333,0.7170287765281802
1761,8807.0,3.0,301.4,84.2,217.2,25.304,256.4,85.0,171.4,23.812,93870.4,25451.2,177339.2,49505.6,2.0,0.0,51.0,10.0,0.0,3560.0,0.0,5e-05,20000000.0,938704.0,254512.0,1773392.0,495056.0,0.7206425414609786,0.6684813434157466
1762,8812.0,3.0,270.2,77.6,192.6,24.708,88.6,25.4,63.2,23.358,745248.0,206857.6,302723.2,85752.0,7.0,0.0,51.0,10.0,0.0,2590.0,0.0,5e-05,20000000.0,7452480.0,2068576.0,3027232.0,857520.0,0.7128126491185081,0.713340710475542
1763,8817.0,3.0,265.0,77.8,187.2,25.166000000000004,88.8,29.6,59.2,23.318,780668.8,218225.6,314996.8,86553.6,7.0,0.0,51.0,10.0,0.0,1830.0,0.0,5e-05,20000000.0,7806688.0,2182256.0,3149968.0,865536.0,0.7064170991790666,0.6665064435454389
1764,8822.0,3.0,157.8,43.4,114.4,23.418,37.6,10.6,27.0,23.552,649460.8,176744.0,251939.2,72809.6,14.0,0.0,51.0,10.0,0.0,2650.0,0.0,5e-05,20000000.0,6494608.0,1767440.0,2519392.0,728096.0,0.724972521161894,0.7181286549707602
1765,8827.0,3.0,155.4,59.8,95.6,21.192,37.6,14.2,23.4,21.110000000000003,754720.0,218158.4,269822.4,76387.2,14.0,0.0,51.0,10.0,0.0,500.0,0.0,5e-05,20000000.0,7547200.0,2181584.0,2698224.0,763872.0,0.6152582779363059,0.6221906116642958
1766,8832.0,3.0,307.8,92.2,215.6,24.684,251.6,73.6,178.0,25.660000000000004,92308.8,25523.2,192283.2,52238.4,2.0,0.0,51.0,10.0,0.0,2330.0,0.0,5e-05,20000000.0,923088.0,255232.0,1922832.0,522384.0,0.700452097730496,0.7076314355405158
1767,8837.0,3.0,295.2,84.2,211.0,24.584,160.6,48.4,112.2,23.232000000000003,326321.6,92436.8,222336.0,63969.6,4.0,0.0,51.0,10.0,0.0,3210.0,0.0,5e-05,20000000.0,3263216.0,924368.0,2223360.0,639696.0,0.7147715794123279,0.6986407908467391
1768,8842.0,3.0,292.0,82.0,210.0,24.018,163.4,48.8,114.6,21.652,335022.4,92942.4,202803.2,54825.6,4.0,0.0,51.0,10.0,0.0,3960.0,0.0,5e-05,20000000.0,3350224.0,929424.0,2028032.0,548256.0,0.7191703697216834,0.7013591522088263
1769,8847.0,3.0,320.0,80.0,240.0,26.552,285.8,79.2,206.6,27.0,95174.4,23793.6,232224.0,64520.0,2.0,0.0,51.0,10.0,0.0,380.0,0.0,5e-05,20000000.0,951744.0,237936.0,2322240.0,645200.0,0.75,0.7228547790134998
1770,8852.0,3.0,320.0,80.0,240.0,26.642000000000003,284.4,78.4,206.0,27.0,96454.4,24113.6,232576.0,64134.4,2.0,0.0,51.0,10.0,0.0,20.0,0.0,5e-05,20000000.0,964544.0,241136.0,2325760.0,641344.0,0.75,0.7243153677094882
1771,8857.0,3.0,278.0,78.2,199.8,26.227999999999998,89.8,26.6,63.2,25.919999999999998,857371.2,236113.6,362352.0,98113.6,7.0,0.0,51.0,10.0,0.0,870.0,0.0,5e-05,20000000.0,8573712.0,2361136.0,3623520.0,981136.0,0.7186981933266312,0.7038501947490712
1772,8862.0,3.0,309.8,107.2,202.6,21.686,227.4,66.2,161.2,26.098000000000003,71784.0,20294.4,176228.8,49224.0,2.0,0.0,51.0,10.0,0.0,3520.0,0.0,5e-05,20000000.0,717840.0,202944.0,1762288.0,492240.0,0.6539716951100918,0.7087333802586946
1773,8867.0,3.0,156.6,46.8,109.8,25.558,37.0,11.0,26.0,25.839999999999996,940398.4,259902.4,356380.8,93555.2,14.0,0.0,51.0,10.0,0.0,510.0,0.0,5e-05,20000000.0,9403984.0,2599024.0,3563808.0,935552.0,0.7011777380895934,0.7028855923592765
1774,8872.0,3.0,153.8,44.6,109.2,20.32,37.6,11.0,26.6,19.348000000000003,516329.6,148208.0,177214.4,48910.4,14.0,0.0,51.0,10.0,0.0,3080.0,0.0,5e-05,20000000.0,5163296.0,1482080.0,1772144.0,489104.0,0.7099565715420325,0.7073968705547653
1775,8877.0,3.0,310.8,80.0,230.8,26.45,164.0,47.4,116.6,26.041999999999994,392528.0,102036.8,294414.4,77825.6,4.0,0.0,51.0,10.0,0.0,650.0,0.0,5e-05,20000000.0,3925280.0,1020368.0,2944144.0,778256.0,0.7425768676615245,0.7109554182614042
1776,8882.0,3.0,153.2,44.8,108.4,20.002,37.2,10.8,26.4,19.934000000000005,576280.0,164308.8,219464.0,57937.6,14.0,0.0,51.0,10.0,0.0,3620.0,0.0,5e-05,20000000.0,5762800.0,1643088.0,2194640.0,579376.0,0.7076443058969843,0.7091512565196776
1777,8887.0,3.0,307.8,80.0,227.8,26.536,276.8,84.2,192.6,25.736,97049.6,25329.6,212628.8,58668.8,2.0,0.0,51.0,10.0,0.0,520.0,0.0,5e-05,20000000.0,970496.0,253296.0,2126288.0,586688.0,0.740069875252891,0.6958560011888769
1778,8892.0,3.0,277.8,78.6,199.2,26.136000000000003,88.8,26.6,62.2,25.794,870657.6,241728.0,369352.0,101128.0,7.0,0.0,51.0,10.0,0.0,1450.0,0.0,5e-05,20000000.0,8706576.0,2417280.0,3693520.0,1011280.0,0.7170453398980964,0.7004636641502198
1779,8897.0,3.0,255.0,72.6,182.4,24.136000000000003,91.2,29.0,62.2,21.458,643822.4,174555.2,261424.0,75020.8,7.0,0.0,51.0,10.0,0.0,2620.0,0.0,5e-05,20000000.0,6438224.0,1745552.0,2614240.0,750208.0,0.7154506835947232,0.6819364559790092
1780,8902.0,3.0,158.2,51.6,106.6,23.464,37.2,13.0,24.2,23.566,780649.6,229342.4,326577.6,92556.8,14.0,0.0,51.0,10.0,0.0,750.0,0.0,5e-05,20000000.0,7806496.0,2293424.0,3265776.0,925568.0,0.6738373780536968,0.6504897378581589
1781,8907.0,3.0,246.6,66.0,180.6,20.456,92.6,26.4,66.2,16.988000000000003,517200.0,139436.8,146036.8,41180.8,7.0,0.0,51.0,10.0,0.0,4370.0,0.0,5e-05,20000000.0,5172000.0,1394368.0,1460368.0,411808.0,0.7323791739592463,0.7149473307272238
1782,8912.0,3.0,320.0,80.0,240.0,26.622000000000003,162.8,43.6,119.2,27.0,389459.2,97364.8,316742.4,84512.0,4.0,0.0,51.0,10.0,0.0,1980.0,0.0,5e-05,20000000.0,3894592.0,973648.0,3167424.0,845120.0,0.75,0.7321649513880695
1783,8917.0,3.0,144.8,39.8,105.0,14.574000000000002,37.0,10.6,26.4,11.782,329038.4,114081.6,105664.0,35068.8,14.0,0.0,51.0,10.0,0.0,3720.0,0.0,5e-05,20000000.0,3290384.0,1140816.0,1056640.0,350688.0,0.7251343413666704,0.7137822032558876
1784,8922.0,3.0,313.0,107.6,205.4,21.856,243.6,72.6,171.0,25.330000000000002,77971.2,22958.4,182214.4,50948.8,2.0,0.0,51.0,10.0,0.0,2920.0,0.0,5e-05,20000000.0,779712.0,229584.0,1822144.0,509488.0,0.6562334630117398,0.7020401093055316
1785,8927.0,3.0,156.0,44.2,111.8,25.46,37.0,10.2,26.8,25.838,920156.8,248192.0,324697.6,94227.2,14.0,0.0,51.0,10.0,0.0,1030.0,0.0,5e-05,20000000.0,9201568.0,2481920.0,3246976.0,942272.0,0.7166349995858725,0.7240951477793584
1786,8932.0,3.0,305.6,89.8,215.8,18.798,149.8,42.8,107.0,19.318,224953.6,62180.8,161796.8,47224.0,4.0,0.0,51.0,10.0,0.0,4920.0,0.0,5e-05,20000000.0,2249536.0,621808.0,1617968.0,472240.0,0.7061991865686703,0.7143801183350454
1787,8937.0,3.0,152.8,44.0,108.8,17.98,37.2,11.8,25.4,17.8,434611.2,120228.8,206963.2,61328.0,14.0,0.0,51.0,10.0,0.0,3250.0,0.0,5e-05,20000000.0,4346112.0,1202288.0,2069632.0,613280.0,0.7119469780418038,0.6828354670459934
1788,8942.0,3.0,311.6,88.2,223.4,24.733999999999998,285.2,95.6,189.6,23.75,98019.2,26120.0,190764.8,50800.0,2.0,0.0,51.0,10.0,0.0,1010.0,0.0,5e-05,20000000.0,980192.0,261200.0,1907648.0,508000.0,0.7170345056730879,0.6647887323943661
1789,8947.0,3.0,230.4,65.2,165.2,23.34,93.0,26.2,66.8,18.336000000000002,595683.2,175692.8,172180.8,44344.0,7.0,0.0,51.0,10.0,0.0,4180.0,0.0,5e-05,20000000.0,5956832.0,1756928.0,1721808.0,443440.0,0.716841519131758,0.7181612007997374
1790,8952.0,3.0,228.0,66.0,162.0,25.098000000000003,92.2,28.4,63.8,19.226,662742.4,196411.2,199193.6,60316.8,7.0,0.0,51.0,10.0,0.0,3340.0,0.0,5e-05,20000000.0,6627424.0,1964112.0,1991936.0,603168.0,0.7104680646325991,0.6921911726447001
1791,8957.0,3.0,152.2,44.0,108.2,20.52,37.6,10.8,26.8,19.406,510252.8,144390.4,218049.6,63016.0,14.0,0.0,51.0,10.0,0.0,2640.0,0.0,5e-05,20000000.0,5102528.0,1443904.0,2180496.0,630160.0,0.7108091469078187,0.7128022759601708
1792,8962.0,3.0,245.4,67.6,177.8,23.24,92.8,28.6,64.2,19.552,597819.2,163025.6,215673.6,63190.4,7.0,0.0,51.0,10.0,0.0,3080.0,0.0,5e-05,20000000.0,5978192.0,1630256.0,2156736.0,631904.0,0.7245420218749329,0.6918504371698845
1793,8967.0,3.0,222.6,62.2,160.4,19.916,86.6,24.8,61.8,14.754,453625.6,123710.4,163174.4,42824.0,7.0,0.0,51.0,10.0,0.0,4240.0,0.0,5e-05,20000000.0,4536256.0,1237104.0,1631744.0,428240.0,0.7203909641356419,0.7124228097483911
1794,8972.0,3.0,228.6,65.8,162.8,25.02,92.4,25.4,67.0,19.536,649289.6,189328.0,181406.4,54179.2,7.0,0.0,51.0,10.0,0.0,4190.0,0.0,5e-05,20000000.0,6492896.0,1893280.0,1814064.0,541792.0,0.7121090641646537,0.7251051893408136
1795,8977.0,3.0,272.8,75.4,197.4,26.601999999999997,89.4,25.4,64.0,25.95,877948.8,240480.0,350012.8,95620.8,7.0,0.0,51.0,10.0,0.0,770.0,0.0,5e-05,20000000.0,8779488.0,2404800.0,3500128.0,956208.0,0.7235890886223647,0.7158220119944158
1796,8982.0,3.0,298.2,88.2,210.0,24.399999999999995,161.6,53.4,108.2,23.294,348968.0,97756.8,245083.2,66454.4,4.0,0.0,51.0,10.0,0.0,1640.0,0.0,5e-05,20000000.0,3489680.0,977568.0,2450832.0,664544.0,0.7042002596202503,0.6697945083780142
1797,8987.0,3.0,156.8,47.2,109.6,17.32,37.6,11.2,26.4,16.940000000000005,462752.0,134345.6,191016.0,59571.2,14.0,0.0,51.0,10.0,0.0,4960.0,0.0,5e-05,20000000.0,4627520.0,1343456.0,1910160.0,595712.0,0.6989305667251999,0.7021337126600284
1798,8992.0,3.0,233.8,64.2,169.6,21.772,90.6,25.8,64.8,16.682,472993.6,132926.4,175619.2,51038.4,7.0,0.0,51.0,10.0,0.0,4680.0,0.0,5e-05,20000000.0,4729936.0,1329264.0,1756192.0,510384.0,0.7253944583763622,0.7152514476119437
1799,8997.0,3.0,240.4,68.6,171.8,25.23,91.8,29.8,62.0,21.35,689116.8,189403.2,239116.8,73012.8,7.0,0.0,51.0,10.0,0.0,2490.0,0.0,5e-05,20000000.0,6891168.0,1894032.0,2391168.0,730128.0,0.7146636951890262,0.675260311852556
1800,9002.0,3.0,313.2,80.0,233.2,26.544,281.6,82.4,199.2,26.27,96640.0,24747.2,221281.6,61624.0,2.0,0.0,51.0,10.0,0.0,300.0,0.0,5e-05,20000000.0,966400.0,247472.0,2212816.0,616240.0,0.7445644671125644,0.7073965710600556
1801,9007.0,3.0,159.2,46.4,112.8,25.512,37.0,10.6,26.4,25.836000000000002,894048.0,246169.6,333896.0,93737.6,14.0,0.0,51.0,10.0,0.0,1210.0,0.0,5e-05,20000000.0,8940480.0,2461696.0,3338960.0,937376.0,0.7085251970384523,0.7140685045948203
1802,9012.0,3.0,290.4,92.0,198.4,20.666,165.2,59.4,105.8,17.34,268289.6,76755.2,169014.4,49619.2,4.0,0.0,51.0,10.0,0.0,3290.0,0.0,5e-05,20000000.0,2682896.0,767552.0,1690144.0,496192.0,0.683221200595979,0.6404437988135229
1803,9017.0,3.0,306.4,80.0,226.4,26.606,277.6,82.0,195.6,25.8,96729.6,25444.8,207948.8,57736.0,2.0,0.0,51.0,10.0,0.0,1900.0,0.0,5e-05,20000000.0,967296.0,254448.0,2079488.0,577360.0,0.7388449572374294,0.7045528448449809
1804,9022.0,3.0,157.8,54.2,103.6,22.196,36.0,13.0,23.0,22.268,753465.6,205230.4,300169.6,83944.0,14.0,0.0,51.0,10.0,0.0,400.0,0.0,5e-05,20000000.0,7534656.0,2052304.0,3001696.0,839440.0,0.6565580907844877,0.6387604145498882
1805,9027.0,3.0,158.8,45.4,113.4,25.558,37.2,10.8,26.4,25.856,899489.6,244998.4,332662.4,93656.0,14.0,0.0,51.0,10.0,0.0,810.0,0.0,5e-05,20000000.0,8994896.0,2449984.0,3326624.0,936560.0,0.7141230793726614,0.7098782993519835
1806,9032.0,3.0,309.6,80.0,229.6,26.198,270.8,80.4,190.4,26.266000000000002,101734.4,26403.2,212582.4,59862.4,2.0,0.0,51.0,10.0,0.0,1540.0,0.0,5e-05,20000000.0,1017344.0,264032.0,2125824.0,598624.0,0.7415776291190156,0.7032680712183694
1807,9037.0,3.0,313.2,80.0,233.2,26.634000000000004,284.6,83.2,201.4,26.254,98796.8,25304.0,219929.6,61654.4,2.0,0.0,51.0,10.0,0.0,760.0,0.0,5e-05,20000000.0,987968.0,253040.0,2199296.0,616544.0,0.7445581752377782,0.7076321617908141
1808,9042.0,3.0,311.0,80.0,231.0,26.302,164.4,48.2,116.2,25.860000000000003,373486.4,96212.8,293100.8,81022.4,4.0,0.0,51.0,10.0,0.0,1270.0,0.0,5e-05,20000000.0,3734864.0,962128.0,2931008.0,810224.0,0.7427610281779096,0.7068070953436807
1809,9047.0,3.0,158.6,45.8,112.8,22.101999999999997,37.8,10.6,27.2,22.198,640476.8,180136.0,245782.4,75406.4,14.0,0.0,51.0,10.0,0.0,1810.0,0.0,5e-05,20000000.0,6404768.0,1801360.0,2457824.0,754064.0,0.7112286183551656,0.7196301564722617
1810,9052.0,3.0,320.0,80.0,240.0,26.622000000000003,162.8,43.6,119.2,27.0,389459.2,97364.8,316742.4,84512.0,4.0,0.0,51.0,10.0,0.0,170.0,0.0,5e-05,20000000.0,3894592.0,973648.0,3167424.0,845120.0,0.75,0.7321649513880695
1811,9057.0,3.0,292.0,85.6,206.4,22.59,165.4,55.0,110.4,19.798,299891.2,82497.6,173470.4,52233.6,4.0,0.0,51.0,10.0,0.0,3680.0,0.0,5e-05,20000000.0,2998912.0,824976.0,1734704.0,522336.0,0.7067997488653843,0.6675231524101033
1812,9062.0,3.0,155.8,47.2,108.6,23.506000000000004,37.2,12.4,24.8,23.526,791268.8,216416.0,304806.4,83014.4,14.0,0.0,51.0,10.0,0.0,1040.0,0.0,5e-05,20000000.0,7912688.0,2164160.0,3048064.0,830144.0,0.6970654932356185,0.6667140825035562
1813,9067.0,3.0,304.2,87.0,217.2,24.746000000000002,242.2,71.0,171.2,25.238,95304.0,25771.2,177043.2,48644.8,2.0,0.0,51.0,10.0,0.0,4470.0,0.0,5e-05,20000000.0,953040.0,257712.0,1770432.0,486448.0,0.7139740052395254,0.70679904443396
1814,9072.0,3.0,280.2,82.4,197.8,21.312,166.6,58.6,108.0,16.81,294064.0,82352.0,161750.4,49630.4,4.0,0.0,51.0,10.0,0.0,4040.0,0.0,5e-05,20000000.0,2940640.0,823520.0,1617504.0,496304.0,0.705892853738191,0.6482993184285336
1815,9077.0,3.0,237.0,66.4,170.6,24.043999999999997,91.8,27.8,64.0,19.944,624588.8,174017.6,187928.0,55012.8,7.0,0.0,51.0,10.0,0.0,3680.0,0.0,5e-05,20000000.0,6245888.0,1740176.0,1879280.0,550128.0,0.7198215954733996,0.6971995746189295
1816,9082.0,3.0,311.6,91.8,219.8,24.86,161.6,50.2,111.4,25.148000000000003,333958.4,91208.0,276832.0,75444.8,4.0,0.0,51.0,10.0,0.0,910.0,0.0,5e-05,20000000.0,3339584.0,912080.0,2768320.0,754448.0,0.7053252850481894,0.6893228504078425
1817,9087.0,3.0,156.2,43.0,113.2,21.146,37.4,10.4,27.0,20.594,574043.2,155740.8,227750.4,68555.2,14.0,0.0,51.0,10.0,0.0,2150.0,0.0,5e-05,20000000.0,5740432.0,1557408.0,2277504.0,685552.0,0.724713744580192,0.7219061166429587
1818,9092.0,3.0,304.0,86.2,217.8,25.52,255.0,76.8,178.2,25.372,97580.8,26700.8,191516.8,51811.2,2.0,0.0,51.0,10.0,0.0,2320.0,0.0,5e-05,20000000.0,975808.0,267008.0,1915168.0,518112.0,0.7164892819814195,0.698884248563103
1819,9097.0,3.0,270.0,81.4,188.6,24.552,89.4,27.0,62.4,23.464,785872.0,216648.0,304060.8,82020.8,7.0,0.0,51.0,10.0,0.0,1520.0,0.0,5e-05,20000000.0,7858720.0,2166480.0,3040608.0,820208.0,0.698493295331269,0.6980819180819182
1820,9102.0,3.0,309.2,101.4,207.8,23.558,247.6,74.0,173.6,25.954,83260.8,24211.2,192108.8,53646.4,2.0,0.0,51.0,10.0,0.0,2420.0,0.0,5e-05,20000000.0,832608.0,242112.0,1921088.0,536464.0,0.6720418965129824,0.7011439476690564
1821,9107.0,3.0,158.0,43.8,114.2,19.565999999999995,37.8,10.8,27.0,19.516,528155.2,160860.8,211569.6,67216.0,14.0,0.0,51.0,10.0,0.0,2840.0,0.0,5e-05,20000000.0,5281552.0,1608608.0,2115696.0,672160.0,0.7227803478261751,0.7142247510668563
1822,9112.0,3.0,285.4,84.4,201.0,20.782000000000004,165.0,52.6,112.4,16.944,267748.8,78532.8,128907.2,36204.8,4.0,0.0,51.0,10.0,0.0,4740.0,0.0,5e-05,20000000.0,2677488.0,785328.0,1289072.0,362048.0,0.7042167445728901,0.6812127483721836
1823,9117.0,3.0,157.0,44.0,113.0,19.6,37.8,10.4,27.4,19.222,506200.0,151961.6,209299.2,66024.0,14.0,0.0,51.0,10.0,0.0,2480.0,0.0,5e-05,20000000.0,5062000.0,1519616.0,2092992.0,660240.0,0.7196984952813243,0.7248933143669987
1824,9122.0,3.0,320.0,80.0,240.0,26.556,283.4,78.2,205.2,27.0,95104.0,23776.0,230747.2,63822.4,2.0,0.0,51.0,10.0,0.0,1140.0,0.0,5e-05,20000000.0,951040.0,237760.0,2307472.0,638224.0,0.75,0.7240479831061549
1825,9127.0,3.0,320.0,80.0,240.0,26.586000000000002,165.6,45.4,120.2,27.0,386713.6,96678.4,311416.0,85428.8,4.0,0.0,51.0,10.0,0.0,260.0,0.0,5e-05,20000000.0,3867136.0,966784.0,3114160.0,854288.0,0.75,0.7258241481805937
1826,9132.0,3.0,308.8,96.4,212.4,23.994,158.2,49.4,108.8,24.022,343374.4,95924.8,258942.4,70496.0,4.0,0.0,51.0,10.0,0.0,1520.0,0.0,5e-05,20000000.0,3433744.0,959248.0,2589424.0,704960.0,0.6877967911876873,0.6879908497573042
1827,9137.0,3.0,293.6,83.2,210.4,24.408000000000005,166.0,51.4,114.6,22.084,347715.2,96985.6,188814.4,54752.0,4.0,0.0,51.0,10.0,0.0,4110.0,0.0,5e-05,20000000.0,3477152.0,969856.0,1888144.0,547520.0,0.7165749256515089,0.690443062699978
1828,9142.0,3.0,303.6,96.0,207.6,20.262,165.6,54.0,111.6,18.462,255344.0,75174.4,130636.8,37433.6,4.0,0.0,51.0,10.0,0.0,4420.0,0.0,5e-05,20000000.0,2553440.0,751744.0,1306368.0,374336.0,0.6838012567225473,0.6738882803943045
1829,9147.0,3.0,158.6,47.6,111.0,24.398000000000003,35.8,10.2,25.6,24.592000000000002,821828.8,218529.6,315704.0,84224.0,14.0,0.0,51.0,10.0,0.0,970.0,0.0,5e-05,20000000.0,8218288.0,2185296.0,3157040.0,842240.0,0.6998726216065599,0.7150277654921618
1830,9152.0,3.0,308.4,96.6,211.8,21.998,233.0,74.8,158.2,23.464000000000002,79441.6,22169.6,155424.0,44672.0,2.0,0.0,51.0,10.0,0.0,4660.0,0.0,5e-05,20000000.0,794416.0,221696.0,1554240.0,446720.0,0.686751500423153,0.6789067948061087
1831,9157.0,3.0,256.6,71.6,185.0,25.986,90.2,32.0,58.2,23.548000000000002,783464.0,210579.2,334664.0,92361.6,7.0,0.0,51.0,10.0,0.0,250.0,0.0,5e-05,20000000.0,7834640.0,2105792.0,3346640.0,923616.0,0.7209390050981065,0.6451481851481852
1832,9162.0,3.0,157.4,43.4,114.0,25.46,37.2,10.2,27.0,25.839999999999996,859492.8,227966.4,343262.4,92396.8,14.0,0.0,51.0,10.0,0.0,1380.0,0.0,5e-05,20000000.0,8594928.0,2279664.0,3432624.0,923968.0,0.7242657863732239,0.7261024182076813
1833,9167.0,3.0,302.6,92.8,209.8,22.293999999999997,165.8,51.6,114.2,21.485999999999997,287660.8,81241.6,203254.4,53644.8,4.0,0.0,51.0,10.0,0.0,2980.0,0.0,5e-05,20000000.0,2876608.0,812416.0,2032544.0,536448.0,0.693344688851437,0.6888246488439664
1834,9172.0,3.0,311.2,80.0,231.2,26.344,164.0,47.2,116.8,26.052000000000003,357636.8,92179.2,295147.2,79185.6,4.0,0.0,51.0,10.0,0.0,480.0,0.0,5e-05,20000000.0,3576368.0,921792.0,2951472.0,791856.0,0.7429227508667019,0.7121814750283857
1835,9177.0,3.0,267.2,71.6,195.6,22.487999999999996,91.2,27.0,64.2,20.92,552976.0,152478.4,248988.8,73593.6,7.0,0.0,51.0,10.0,0.0,3940.0,0.0,5e-05,20000000.0,5529760.0,1524784.0,2489888.0,735936.0,0.7320411761282045,0.7040096618357488
1836,9182.0,3.0,313.2,80.0,233.2,26.631999999999998,279.4,80.8,198.6,26.344,99545.6,25515.2,223046.4,61929.6,2.0,0.0,51.0,10.0,0.0,700.0,0.0,5e-05,20000000.0,995456.0,255152.0,2230464.0,619296.0,0.7445518825897495,0.7108319697601804
1837,9187.0,3.0,283.8,82.0,201.8,21.881999999999998,157.8,47.8,110.0,18.758,291881.6,79275.2,156273.6,47348.8,4.0,0.0,51.0,10.0,0.0,4760.0,0.0,5e-05,20000000.0,2918816.0,792752.0,1562736.0,473488.0,0.7111734283241782,0.6971462098427248
1838,9192.0,3.0,267.4,77.8,189.6,24.944,91.0,26.2,64.8,23.464,735712.0,205824.0,274584.0,71939.2,7.0,0.0,51.0,10.0,0.0,2430.0,0.0,5e-05,20000000.0,7357120.0,2058240.0,2745840.0,719392.0,0.7090738251826365,0.7123105107353565
1839,9197.0,3.0,154.4,41.6,112.8,20.158,37.2,11.8,25.4,18.93,491838.4,141158.4,177843.2,70120.0,14.0,0.0,51.0,10.0,0.0,3010.0,0.0,5e-05,20000000.0,4918384.0,1411584.0,1778432.0,701200.0,0.7304709847950221,0.6832701122174807
1840,9202.0,3.0,300.8,88.4,212.4,24.766,272.2,94.6,177.6,22.536,93524.8,25926.4,165190.4,46512.0,2.0,0.0,51.0,10.0,0.0,2680.0,0.0,5e-05,20000000.0,935248.0,259264.0,1651904.0,465120.0,0.7061107419712072,0.6526255085895016
1841,9207.0,3.0,153.2,45.0,108.2,22.464000000000002,37.6,11.4,26.2,21.874,654854.4,182174.4,227833.6,64635.2,14.0,0.0,51.0,10.0,0.0,4350.0,0.0,5e-05,20000000.0,6548544.0,1821744.0,2278336.0,646352.0,0.7062801438111549,0.6968705547652916
1842,9212.0,3.0,280.6,80.2,200.4,25.860000000000003,91.0,25.6,65.4,25.875999999999998,843027.2,235281.6,356974.4,98161.6,7.0,0.0,51.0,10.0,0.0,1210.0,0.0,5e-05,20000000.0,8430272.0,2352816.0,3569744.0,981616.0,0.7142475558229516,0.7185899897833963
1843,9217.0,3.0,286.0,78.2,207.8,26.532,89.8,24.2,65.6,27.0,889212.8,242721.6,374979.2,100574.4,7.0,0.0,51.0,10.0,0.0,980.0,0.0,5e-05,20000000.0,8892128.0,2427216.0,3749792.0,1005744.0,0.7265678043407942,0.7305099394987037
1844,9222.0,3.0,302.8,80.0,222.8,25.802,167.0,52.8,114.2,24.418,354104.0,93867.2,253444.8,69072.0,4.0,0.0,51.0,10.0,0.0,1360.0,0.0,5e-05,20000000.0,3541040.0,938672.0,2534448.0,690720.0,0.7357827186707774,0.6838171814690033
1845,9227.0,3.0,155.6,42.2,113.4,21.118000000000002,37.8,10.4,27.4,20.58,495635.2,151715.2,203265.6,58302.4,14.0,0.0,51.0,10.0,0.0,4070.0,0.0,5e-05,20000000.0,4956352.0,1517152.0,2032656.0,583024.0,0.7288061837592511,0.7248933143669986
1846,9232.0,3.0,298.6,83.0,215.6,25.234,160.8,50.0,110.8,24.188000000000002,348467.2,95756.8,253497.6,67809.6,4.0,0.0,51.0,10.0,0.0,1080.0,0.0,5e-05,20000000.0,3484672.0,957568.0,2534976.0,678096.0,0.7219911300087796,0.6891731842261251
1847,9237.0,3.0,302.2,80.0,222.2,26.103999999999996,161.8,50.2,111.6,24.816,365534.4,97747.2,270790.4,77566.4,4.0,0.0,51.0,10.0,0.0,1530.0,0.0,5e-05,20000000.0,3655344.0,977472.0,2707904.0,775664.0,0.735242734173771,0.689803744120216
1848,9242.0,3.0,302.4,103.6,198.8,19.188,152.6,53.0,99.6,19.092,240300.8,68872.0,178267.2,51843.2,4.0,0.0,51.0,10.0,0.0,2800.0,0.0,5e-05,20000000.0,2403008.0,688720.0,1782672.0,518432.0,0.6575305486007739,0.6529866408784384
1849,9247.0,3.0,311.4,80.0,231.4,26.1,165.2,49.4,115.8,25.528,398721.6,103196.8,287760.0,76243.2,4.0,0.0,51.0,10.0,0.0,340.0,0.0,5e-05,20000000.0,3987216.0,1031968.0,2877600.0,762432.0,0.7430802378322504,0.700975359063004
1850,9252.0,3.0,268.6,75.4,193.2,25.996,90.2,27.8,62.4,24.869999999999997,815600.0,224276.8,310161.6,88236.8,7.0,0.0,51.0,10.0,0.0,1920.0,0.0,5e-05,20000000.0,8156000.0,2242768.0,3101616.0,882368.0,0.7192746984485007,0.6919229375191681
1851,9257.0,3.0,302.4,91.2,211.2,22.832,162.4,55.0,107.4,21.003999999999998,295812.8,82726.4,232014.4,62305.6,4.0,0.0,51.0,10.0,0.0,3190.0,0.0,5e-05,20000000.0,2958128.0,827264.0,2320144.0,623056.0,0.698365006865284,0.6612954465816899
1852,9262.0,3.0,254.0,71.6,182.4,19.84,91.0,28.0,63.0,16.983999999999998,494232.0,148073.6,201574.4,62964.8,7.0,0.0,51.0,10.0,0.0,4990.0,0.0,5e-05,20000000.0,4942320.0,1480736.0,2015744.0,629648.0,0.718054594770763,0.692342729734034
1853,9267.0,3.0,252.2,76.6,175.6,24.294,88.6,28.0,60.6,21.247999999999998,671478.4,195969.6,268529.6,72536.0,7.0,0.0,51.0,10.0,0.0,2150.0,0.0,5e-05,20000000.0,6714784.0,1959696.0,2685296.0,725360.0,0.6962970075109437,0.6834724451578384
1854,9272.0,3.0,240.2,66.6,173.6,24.2,91.2,29.4,61.8,19.406,618884.8,164491.2,235966.4,72691.2,7.0,0.0,51.0,10.0,0.0,2950.0,0.0,5e-05,20000000.0,6188848.0,1644912.0,2359664.0,726912.0,0.7228869046770061,0.6776169360683284
1855,9277.0,3.0,244.0,67.8,176.2,23.561999999999998,91.8,27.8,64.0,19.914,603188.8,164177.6,216694.4,60276.8,7.0,0.0,51.0,10.0,0.0,3660.0,0.0,5e-05,20000000.0,6031888.0,1641776.0,2166944.0,602768.0,0.7221330763350454,0.6969935627719639
1856,9282.0,3.0,308.8,94.2,214.6,23.904,251.2,80.6,170.6,24.534,92107.2,24278.4,180728.0,49760.0,2.0,0.0,51.0,10.0,0.0,1240.0,0.0,5e-05,20000000.0,921072.0,242784.0,1807280.0,497600.0,0.6947562899716527,0.6792938436380433
1857,9287.0,3.0,155.6,41.6,114.0,20.857999999999997,37.6,10.8,26.8,20.718,534670.4,144996.8,229096.0,70971.2,14.0,0.0,51.0,10.0,0.0,2180.0,0.0,5e-05,20000000.0,5346704.0,1449968.0,2290960.0,709712.0,0.7326327354933563,0.7129445234708391
1858,9292.0,3.0,266.4,77.8,188.6,23.852,91.0,30.4,60.6,22.174,708024.0,191446.4,277844.8,74545.6,7.0,0.0,51.0,10.0,0.0,2700.0,0.0,5e-05,20000000.0,7080240.0,1914464.0,2778448.0,745456.0,0.7080643071927477,0.6657698892972386
1859,9297.0,3.0,320.0,80.0,240.0,26.552,285.8,79.2,206.6,27.0,95174.4,23793.6,232224.0,64520.0,2.0,0.0,51.0,10.0,0.0,70.0,0.0,5e-05,20000000.0,951744.0,237936.0,2322240.0,645200.0,0.75,0.7228547790134998
1860,9302.0,3.0,157.8,43.4,114.4,21.942,36.8,10.2,26.6,22.078,631492.8,172144.0,266030.4,78158.4,14.0,0.0,51.0,10.0,0.0,2200.0,0.0,5e-05,20000000.0,6314928.0,1721440.0,2660304.0,781584.0,0.7249564974467957,0.7228860439386755
1861,9307.0,3.0,245.2,70.8,174.4,22.256,90.0,28.6,61.4,18.748,550249.6,149504.0,229619.2,68339.2,7.0,0.0,51.0,10.0,0.0,3120.0,0.0,5e-05,20000000.0,5502496.0,1495040.0,2296192.0,683392.0,0.7112160682700202,0.6821909426403808
1862,9312.0,3.0,313.4,96.4,217.0,23.497999999999998,238.8,71.6,167.2,25.6,75996.8,20188.8,181758.4,50204.8,2.0,0.0,51.0,10.0,0.0,3950.0,0.0,5e-05,20000000.0,759968.0,201888.0,1817584.0,502048.0,0.6923400960160251,0.7001764444731694
1863,9317.0,3.0,310.4,80.0,230.4,26.386000000000003,164.8,47.2,117.6,25.829999999999995,368360.0,94905.6,286966.4,77475.2,4.0,0.0,51.0,10.0,0.0,1730.0,0.0,5e-05,20000000.0,3683600.0,949056.0,2869664.0,774752.0,0.7422663254862509,0.7136284688576661
1864,9322.0,3.0,275.4,76.8,198.6,26.416000000000004,88.8,26.8,62.0,25.809999999999995,865784.0,239310.4,362580.8,98601.6,7.0,0.0,51.0,10.0,0.0,480.0,0.0,5e-05,20000000.0,8657840.0,2393104.0,3625808.0,986016.0,0.7211238144103811,0.6982896944430322
1865,9327.0,3.0,147.4,44.4,103.0,16.79,37.8,12.6,25.2,14.898000000000001,419780.8,117726.4,83251.2,29414.4,14.0,0.0,51.0,10.0,0.0,4700.0,0.0,5e-05,20000000.0,4197808.0,1177264.0,832512.0,294144.0,0.6987957243380587,0.6668563300142247
1866,9332.0,3.0,157.2,43.8,113.4,22.343999999999998,37.4,11.2,26.2,22.258000000000003,583788.8,169854.4,264542.4,85011.2,14.0,0.0,51.0,10.0,0.0,1630.0,0.0,5e-05,20000000.0,5837888.0,1698544.0,2645424.0,850112.0,0.7214584746715461,0.7009167061798641
1867,9337.0,3.0,156.4,48.6,107.8,22.384,38.0,11.2,26.8,22.332,706265.6,200577.6,258568.0,74315.2,14.0,0.0,51.0,10.0,0.0,1130.0,0.0,5e-05,20000000.0,7062656.0,2005776.0,2585680.0,743152.0,0.6892496294052369,0.7052631578947368
1868,9342.0,3.0,284.8,90.4,194.4,20.060000000000002,158.8,54.0,104.8,16.818,264131.2,73515.2,160449.6,47230.4,4.0,0.0,51.0,10.0,0.0,3530.0,0.0,5e-05,20000000.0,2641312.0,735152.0,1604496.0,472304.0,0.6826779869851121,0.6600238037997037
1869,9347.0,3.0,156.0,43.0,113.0,21.284,37.4,11.2,26.2,20.945999999999998,566190.4,147513.6,242344.0,72606.4,14.0,0.0,51.0,10.0,0.0,3920.0,0.0,5e-05,20000000.0,5661904.0,1475136.0,2423440.0,726064.0,0.7242914318386016,0.7006243085190453
1870,9352.0,3.0,301.0,84.6,216.4,23.944000000000003,167.0,50.0,117.0,22.422,327190.4,90644.8,208817.6,54956.8,4.0,0.0,51.0,10.0,0.0,4270.0,0.0,5e-05,20000000.0,3271904.0,906448.0,2088176.0,549568.0,0.7189075276128177,0.7006177413681121
1871,9357.0,3.0,283.0,84.2,198.8,21.380000000000003,163.0,52.8,110.2,17.654,272752.0,74595.2,147980.8,39804.8,4.0,0.0,51.0,10.0,0.0,4150.0,0.0,5e-05,20000000.0,2727520.0,745952.0,1479808.0,398048.0,0.7023924460742952,0.6762496117948597
1872,9362.0,3.0,313.2,85.0,228.2,25.74,280.2,86.6,193.6,25.244,104992.0,27491.2,205744.0,56224.0,2.0,0.0,51.0,10.0,0.0,1670.0,0.0,5e-05,20000000.0,1049920.0,274912.0,2057440.0,562240.0,0.7285493645899905,0.6909373175224348
1873,9367.0,3.0,229.8,63.0,166.8,22.003999999999998,91.2,25.2,66.0,16.682000000000002,515659.2,142744.0,142172.8,40582.4,7.0,0.0,51.0,10.0,0.0,4740.0,0.0,5e-05,20000000.0,5156592.0,1427440.0,1421728.0,405824.0,0.7258454093981147,0.7236108756445363
1874,9372.0,3.0,315.6,109.2,206.4,19.471999999999998,211.8,67.6,144.2,22.938,69689.6,19372.8,140188.8,39083.2,2.0,0.0,51.0,10.0,0.0,4620.0,0.0,5e-05,20000000.0,696896.0,193728.0,1401888.0,390832.0,0.6541632101558572,0.6812049681804928
1875,9377.0,3.0,277.2,78.6,198.6,26.2,90.2,26.8,63.4,25.869999999999997,876617.6,241272.0,364219.2,97185.6,7.0,0.0,51.0,10.0,0.0,580.0,0.0,5e-05,20000000.0,8766176.0,2412720.0,3642192.0,971856.0,0.7164500016376698,0.7027601367855398
1876,9382.0,3.0,158.8,44.8,114.0,23.078,37.2,10.8,26.4,23.366000000000003,788460.8,207385.6,303648.0,79475.2,14.0,0.0,51.0,10.0,0.0,2290.0,0.0,5e-05,20000000.0,7884608.0,2073856.0,3036480.0,794752.0,0.7179037475463685,0.7097360518413149
1877,9387.0,3.0,313.2,80.0,233.2,26.544,280.8,82.2,198.6,26.332,96294.4,24702.4,220400.0,61886.4,2.0,0.0,51.0,10.0,0.0,530.0,0.0,5e-05,20000000.0,962944.0,247024.0,2204000.0,618864.0,0.7445570808136236,0.707373595960654
1878,9392.0,3.0,295.4,91.2,204.2,23.468,161.4,52.2,109.2,21.504,325878.4,93147.2,206828.8,57830.4,4.0,0.0,51.0,10.0,0.0,2630.0,0.0,5e-05,20000000.0,3258784.0,931472.0,2068288.0,578304.0,0.6914420480081656,0.6766150973592957
1879,9397.0,3.0,252.0,69.6,182.4,25.496000000000002,91.0,29.6,61.4,22.314,730867.2,195172.8,296664.0,85600.0,7.0,0.0,51.0,10.0,0.0,1810.0,0.0,5e-05,20000000.0,7308672.0,1951728.0,2966640.0,856000.0,0.7238408254048194,0.6746015214561816
1880,9402.0,3.0,158.2,43.6,114.6,22.192,36.8,11.0,25.8,22.366,617262.4,165249.6,262632.0,83163.2,14.0,0.0,51.0,10.0,0.0,2440.0,0.0,5e-05,20000000.0,6172624.0,1652496.0,2626320.0,831632.0,0.7244393130752697,0.7009641220167536
1881,9407.0,3.0,157.4,45.6,111.8,25.5,37.2,10.8,26.4,25.839999999999996,906652.8,249931.2,329688.0,92582.4,14.0,0.0,51.0,10.0,0.0,1060.0,0.0,5e-05,20000000.0,9066528.0,2499312.0,3296880.0,925824.0,0.7102958961541562,0.7096728307254623
1882,9412.0,3.0,145.0,42.8,102.2,17.296,37.2,11.2,26.0,15.512,440953.6,127468.8,154585.6,46918.4,14.0,0.0,51.0,10.0,0.0,4030.0,0.0,5e-05,20000000.0,4409536.0,1274688.0,1545856.0,469184.0,0.7048466158579986,0.6990042674253202
1883,9417.0,3.0,296.2,82.8,213.4,24.394,165.6,51.2,114.4,22.601999999999997,329105.6,88569.6,208416.0,57150.4,4.0,0.0,51.0,10.0,0.0,4280.0,0.0,5e-05,20000000.0,3291056.0,885696.0,2084160.0,571504.0,0.7204109093306649,0.6909295939029156
1884,9422.0,3.0,320.0,93.4,226.6,25.206,272.4,75.2,197.2,26.98,88622.4,23500.8,220651.2,60854.4,2.0,0.0,51.0,10.0,0.0,1070.0,0.0,5e-05,20000000.0,886224.0,235008.0,2206512.0,608544.0,0.7081249999999999,0.7239897401684648
1885,9427.0,3.0,300.6,82.6,218.0,25.428,277.4,89.8,187.6,23.568,101270.4,27374.4,171601.6,47748.8,2.0,0.0,51.0,10.0,0.0,4110.0,0.0,5e-05,20000000.0,1012704.0,273744.0,1716016.0,477488.0,0.7250943190606665,0.6763127030424801
1886,9432.0,3.0,251.0,71.6,179.4,21.678000000000004,90.6,27.4,63.2,18.928,568491.2,156212.8,185977.6,53585.6,7.0,0.0,51.0,10.0,0.0,3770.0,0.0,5e-05,20000000.0,5684912.0,1562128.0,1859776.0,535856.0,0.7146951190279633,0.6977310894149438
1887,9437.0,3.0,158.8,41.4,117.4,24.44,37.6,10.4,27.2,24.712,716129.6,184395.2,277889.6,83718.4,14.0,0.0,51.0,10.0,0.0,1820.0,0.0,5e-05,20000000.0,7161296.0,1843952.0,2778896.0,837184.0,0.7393000159222992,0.723470839260313
1888,9442.0,3.0,241.0,65.8,175.2,22.312,92.6,27.2,65.4,18.55,497225.6,134780.8,189604.8,55460.8,7.0,0.0,51.0,10.0,0.0,4130.0,0.0,5e-05,20000000.0,4972256.0,1347808.0,1896048.0,554608.0,0.7269807344901468,0.7060004337091514
1889,9447.0,3.0,314.6,80.0,234.6,26.546,275.6,78.6,197.0,26.568,92921.6,23776.0,221084.8,61060.8,2.0,0.0,51.0,10.0,0.0,870.0,0.0,5e-05,20000000.0,929216.0,237760.0,2210848.0,610608.0,0.745695873653534,0.7147941968701985
1890,9452.0,3.0,225.4,62.6,162.8,24.067999999999998,92.4,25.4,67.0,17.616,567926.4,163806.4,179358.4,55963.2,7.0,0.0,51.0,10.0,0.0,4020.0,0.0,5e-05,20000000.0,5679264.0,1638064.0,1793584.0,559632.0,0.7222019774209311,0.7251095480637076
1891,9457.0,3.0,153.2,45.8,107.4,18.918,38.0,11.2,26.8,18.276,522092.8,151640.0,168016.0,53305.6,14.0,0.0,51.0,10.0,0.0,3050.0,0.0,5e-05,20000000.0,5220928.0,1516400.0,1680160.0,533056.0,0.7009331532111915,0.7052631578947368
1892,9462.0,3.0,298.6,86.0,212.6,24.442,259.2,88.4,170.8,22.644000000000002,90115.2,24508.8,155292.8,44497.6,2.0,0.0,51.0,10.0,0.0,3680.0,0.0,5e-05,20000000.0,901152.0,245088.0,1552928.0,444976.0,0.7119639515845155,0.6588737010930907
1893,9467.0,3.0,298.8,90.6,208.2,23.604,238.8,77.2,161.6,22.623999999999995,91648.0,25860.8,153192.0,43072.0,2.0,0.0,51.0,10.0,0.0,4170.0,0.0,5e-05,20000000.0,916480.0,258608.0,1531920.0,430720.0,0.6967583417593528,0.6769365130166419
1894,9472.0,3.0,292.6,91.8,200.8,18.398,165.0,54.8,110.2,14.782,221894.4,63216.0,86894.4,26416.0,4.0,0.0,51.0,10.0,0.0,5000.0,0.0,5e-05,20000000.0,2218944.0,632160.0,868944.0,264160.0,0.6864097907430512,0.6679902161781557
1895,9477.0,3.0,253.0,71.0,182.0,21.372,91.6,28.0,63.6,18.578,535854.4,146891.2,209638.4,59110.4,7.0,0.0,51.0,10.0,0.0,4290.0,0.0,5e-05,20000000.0,5358544.0,1468912.0,2096384.0,591104.0,0.7193580146401177,0.6945060746335625
1896,9482.0,3.0,305.8,89.2,216.6,24.292,164.2,50.2,114.0,24.041999999999998,311942.4,85366.4,239620.8,67425.6,4.0,0.0,51.0,10.0,0.0,2860.0,0.0,5e-05,20000000.0,3119424.0,853664.0,2396208.0,674256.0,0.7082058151434861,0.6943295251933967
1897,9487.0,3.0,297.8,85.4,212.4,25.344,166.0,51.0,115.0,23.316,347096.0,96121.6,245929.6,66302.4,4.0,0.0,51.0,10.0,0.0,2590.0,0.0,5e-05,20000000.0,3470960.0,961216.0,2459296.0,663024.0,0.7132156517223747,0.6928792615923343
1898,9492.0,3.0,300.4,88.0,212.4,24.163999999999998,162.6,55.4,107.2,22.48,334990.4,91852.8,239360.0,67248.0,4.0,0.0,51.0,10.0,0.0,2330.0,0.0,5e-05,20000000.0,3349904.0,918528.0,2393600.0,672480.0,0.7069607537989613,0.6593226296331288
1899,9497.0,3.0,299.0,97.6,201.4,21.018,236.0,89.8,146.2,17.45,77712.0,21588.8,113705.6,34697.6,2.0,0.0,51.0,10.0,0.0,3720.0,0.0,5e-05,20000000.0,777120.0,215888.0,1137056.0,346976.0,0.6734253105420154,0.61952724144068
1900,9502.0,3.0,301.6,89.6,212.0,23.7,268.6,92.8,175.8,21.696,89115.2,24819.2,162971.2,46246.4,2.0,0.0,51.0,10.0,0.0,3760.0,0.0,5e-05,20000000.0,891152.0,248192.0,1629712.0,462464.0,0.7029277486817048,0.6544630198592463
1901,9507.0,3.0,154.2,44.4,109.8,20.018,37.0,10.6,26.4,19.29,530619.2,147059.2,213240.0,64028.8,14.0,0.0,51.0,10.0,0.0,4830.0,0.0,5e-05,20000000.0,5306192.0,1470592.0,2132400.0,640288.0,0.7122183579504654,0.7134344871186977
1902,9512.0,3.0,258.4,73.8,184.6,23.306,92.8,26.8,66.0,20.932000000000002,613123.2,181251.2,236040.0,68529.6,7.0,0.0,51.0,10.0,0.0,3640.0,0.0,5e-05,20000000.0,6131232.0,1812512.0,2360400.0,685296.0,0.7144113899556339,0.7112301433360191
1903,9517.0,3.0,158.4,43.8,114.6,26.547999999999995,37.2,10.2,27.0,27.0,985416.0,270672.0,374112.0,102558.4,14.0,0.0,51.0,10.0,0.0,220.0,0.0,5e-05,20000000.0,9854160.0,2706720.0,3741120.0,1025584.0,0.7235158197228294,0.7258100205468627
1904,9522.0,3.0,251.2,72.6,178.6,25.223999999999997,91.0,32.6,58.4,22.336,731315.2,205209.6,304548.8,83932.8,7.0,0.0,51.0,10.0,0.0,1400.0,0.0,5e-05,20000000.0,7313152.0,2052096.0,3045488.0,839328.0,0.7110773528627712,0.641741253915167
1905,9527.0,3.0,271.0,76.8,194.2,23.596,89.8,27.8,62.0,22.28,653456.0,179355.2,286118.4,81289.6,7.0,0.0,51.0,10.0,0.0,2990.0,0.0,5e-05,20000000.0,6534560.0,1793552.0,2861184.0,812896.0,0.7165661868894027,0.6903766355699379
1906,9532.0,3.0,287.0,87.4,199.6,21.186,158.0,59.4,98.6,18.259999999999998,297667.2,76812.8,181129.6,52206.4,4.0,0.0,51.0,10.0,0.0,3250.0,0.0,5e-05,20000000.0,2976672.0,768128.0,1811296.0,522064.0,0.6956355847369139,0.6242297681908938
1907,9537.0,3.0,278.8,76.8,202.0,26.372000000000003,89.8,26.8,63.0,25.859999999999996,841363.2,230408.0,359948.8,100006.4,7.0,0.0,51.0,10.0,0.0,1440.0,0.0,5e-05,20000000.0,8413632.0,2304080.0,3599488.0,1000064.0,0.7245436229657829,0.7016536331052461
1908,9542.0,3.0,288.0,80.4,207.6,25.381999999999998,163.0,54.4,108.6,22.652,352144.0,98376.0,254225.6,70030.4,4.0,0.0,51.0,10.0,0.0,2200.0,0.0,5e-05,20000000.0,3521440.0,983760.0,2542256.0,700304.0,0.7208126174794238,0.6661897590361445
1909,9547.0,3.0,299.6,80.0,219.6,26.51,272.2,83.4,188.8,24.982,96620.8,26080.0,196859.2,53272.0,2.0,0.0,51.0,10.0,0.0,1310.0,0.0,5e-05,20000000.0,966208.0,260800.0,1968592.0,532720.0,0.7329228592724361,0.6936550448492083
1910,9552.0,3.0,284.4,78.6,205.8,26.618000000000002,90.4,24.4,66.0,27.0,907372.8,248774.4,379040.0,103052.8,7.0,0.0,51.0,10.0,0.0,660.0,0.0,5e-05,20000000.0,9073728.0,2487744.0,3790400.0,1030528.0,0.7236268716851655,0.7301058459534278
1911,9557.0,3.0,299.0,83.4,215.6,24.948,165.6,56.6,109.0,23.166,333044.8,91336.0,254990.4,69768.0,4.0,0.0,51.0,10.0,0.0,1340.0,0.0,5e-05,20000000.0,3330448.0,913360.0,2549904.0,697680.0,0.721053592393417,0.6582574199235969
1912,9562.0,3.0,156.0,41.8,114.2,24.588,38.0,10.0,28.0,24.754,768673.6,201771.2,279190.4,74315.2,14.0,0.0,51.0,10.0,0.0,1720.0,0.0,5e-05,20000000.0,7686736.0,2017712.0,2791904.0,743152.0,0.7320913974047321,0.7368421052631579
1913,9567.0,3.0,155.8,43.4,112.4,21.121999999999996,38.0,10.0,28.0,19.902,514147.2,145702.4,14352.0,3772.8,14.0,0.0,51.0,10.0,0.0,2710.0,0.0,5e-05,20000000.0,5141472.0,1457024.0,143520.0,37728.0,0.7214501285304655,0.7368421052631579
1914,9572.0,3.0,304.2,97.4,206.8,21.358,238.2,75.2,163.0,20.89,77604.8,21041.6,141446.4,40478.4,2.0,0.0,51.0,10.0,0.0,4480.0,0.0,5e-05,20000000.0,776048.0,210416.0,1414464.0,404784.0,0.6798628655122355,0.684183093570271
1915,9577.0,3.0,245.8,68.6,177.2,21.844,87.2,23.4,63.8,18.494,569851.2,168646.4,186126.4,50950.4,7.0,0.0,51.0,10.0,0.0,4310.0,0.0,5e-05,20000000.0,5698512.0,1686464.0,1861264.0,509504.0,0.7209039703056674,0.7316370269037848
1916,9582.0,3.0,247.0,69.0,178.0,25.709999999999997,90.8,29.6,61.2,22.491999999999997,761488.0,210678.4,267049.6,79145.6,7.0,0.0,51.0,10.0,0.0,3450.0,0.0,5e-05,20000000.0,7614880.0,2106784.0,2670496.0,791456.0,0.7206514814310052,0.6739459693538833
1917,9587.0,3.0,256.8,77.0,179.8,24.976,90.2,30.8,59.4,22.302,720102.4,209393.6,288977.6,83041.6,7.0,0.0,51.0,10.0,0.0,1510.0,0.0,5e-05,20000000.0,7201024.0,2093936.0,2889776.0,830416.0,0.7001267951699667,0.6586080586080586
1918,9592.0,3.0,310.2,88.4,221.8,25.310000000000002,163.4,50.4,113.0,24.997999999999998,354868.8,95320.0,279588.8,76564.8,4.0,0.0,51.0,10.0,0.0,1300.0,0.0,5e-05,20000000.0,3548688.0,953200.0,2795888.0,765648.0,0.7149607038294878,0.6915673968255686
1919,9597.0,3.0,277.6,80.8,196.8,21.15,163.4,54.8,108.6,17.604,272449.6,73294.4,136716.8,40654.4,4.0,0.0,51.0,10.0,0.0,4090.0,0.0,5e-05,20000000.0,2724496.0,732944.0,1367168.0,406544.0,0.70893625313291,0.6646822737708763
1920,9602.0,3.0,320.0,80.0,240.0,26.552,166.6,45.6,121.0,27.0,384236.8,96059.2,303913.6,82160.0,4.0,0.0,51.0,10.0,0.0,450.0,0.0,5e-05,20000000.0,3842368.0,960592.0,3039136.0,821600.0,0.75,0.7262856387053775
1921,9607.0,3.0,154.2,44.4,109.8,20.279999999999998,37.8,10.4,27.4,19.516,569400.0,164062.4,198809.6,57104.0,14.0,0.0,51.0,10.0,0.0,3840.0,0.0,5e-05,20000000.0,5694000.0,1640624.0,1988096.0,571040.0,0.7121080433091824,0.7246088193456615
1922,9612.0,3.0,305.6,89.6,216.0,24.72,162.6,52.8,109.8,23.415999999999997,324824.0,89316.8,259440.0,73766.4,4.0,0.0,51.0,10.0,0.0,2210.0,0.0,5e-05,20000000.0,3248240.0,893168.0,2594400.0,737664.0,0.7068525498160254,0.6752955051843104
1923,9617.0,3.0,157.2,45.8,111.4,23.288,37.4,10.6,26.8,23.252,766030.4,205524.8,251116.8,66145.6,14.0,0.0,51.0,10.0,0.0,1520.0,0.0,5e-05,20000000.0,7660304.0,2055248.0,2511168.0,661456.0,0.7086080248093433,0.716563932353406
1924,9622.0,3.0,304.6,88.2,216.4,24.342,232.6,69.8,162.8,24.804000000000002,87680.0,24046.4,169916.8,46540.8,2.0,0.0,51.0,10.0,0.0,4950.0,0.0,5e-05,20000000.0,876800.0,240464.0,1699168.0,465408.0,0.7104379466535484,0.6999593158303247
1925,9627.0,3.0,278.8,76.8,202.0,26.186,90.2,26.2,64.0,25.75,875235.2,235094.4,352169.6,94161.6,7.0,0.0,51.0,10.0,0.0,1870.0,0.0,5e-05,20000000.0,8752352.0,2350944.0,3521696.0,941616.0,0.724519351915298,0.7095633352155091
1926,9632.0,3.0,320.0,80.0,240.0,26.552,285.8,79.2,206.6,27.0,95174.4,23793.6,232224.0,64520.0,2.0,0.0,51.0,10.0,0.0,460.0,0.0,5e-05,20000000.0,951744.0,237936.0,2322240.0,645200.0,0.75,0.7228547790134998
1927,9637.0,3.0,320.0,80.0,240.0,26.552,166.6,45.6,121.0,27.0,384236.8,96059.2,303913.6,82160.0,4.0,0.0,51.0,10.0,0.0,470.0,0.0,5e-05,20000000.0,3842368.0,960592.0,3039136.0,821600.0,0.75,0.7262856387053775
1928,9642.0,3.0,309.2,80.0,229.2,25.894,287.4,93.6,193.8,24.701999999999998,98784.0,25673.6,206720.0,58054.4,2.0,0.0,51.0,10.0,0.0,1360.0,0.0,5e-05,20000000.0,987840.0,256736.0,2067200.0,580544.0,0.7412651968890847,0.6744796634963784
1929,9647.0,3.0,212.8,58.0,154.8,24.259999999999998,90.0,25.6,64.4,17.886000000000003,552196.8,152116.8,164601.6,49043.2,7.0,0.0,51.0,10.0,0.0,4200.0,0.0,5e-05,20000000.0,5521968.0,1521168.0,1646016.0,490432.0,0.7274650371835081,0.7154038221453952
1930,9652.0,3.0,157.0,43.4,113.6,19.728,37.8,11.4,26.4,19.961999999999996,520553.6,147577.6,209347.2,67459.2,14.0,0.0,51.0,10.0,0.0,2910.0,0.0,5e-05,20000000.0,5205536.0,1475776.0,2093472.0,674592.0,0.7236136837442972,0.6984352773826459
1931,9657.0,3.0,277.0,84.2,192.8,25.103999999999996,89.6,27.4,62.2,25.038000000000004,810254.4,227544.0,335644.8,93848.0,7.0,0.0,51.0,10.0,0.0,910.0,0.0,5e-05,20000000.0,8102544.0,2275440.0,3356448.0,938480.0,0.6960385663432773,0.6941822721598003
1932,9662.0,3.0,288.4,86.8,201.6,21.669999999999998,165.8,57.8,108.0,18.366000000000003,296374.4,81380.8,153172.8,44441.6,4.0,0.0,51.0,10.0,0.0,3020.0,0.0,5e-05,20000000.0,2963744.0,813808.0,1531728.0,444416.0,0.699141437710949,0.6513691110798101
1933,9667.0,3.0,320.0,80.0,240.0,26.622000000000003,162.8,43.6,119.2,27.0,389459.2,97364.8,316742.4,84512.0,4.0,0.0,51.0,10.0,0.0,190.0,0.0,5e-05,20000000.0,3894592.0,973648.0,3167424.0,845120.0,0.75,0.7321649513880695
1934,9672.0,3.0,156.2,42.8,113.4,23.565999999999995,37.4,10.4,27.0,23.259999999999998,656819.2,179510.4,225856.0,70334.4,14.0,0.0,51.0,10.0,0.0,2050.0,0.0,5e-05,20000000.0,6568192.0,1795104.0,2258560.0,703344.0,0.7258838284054996,0.7219693377588113
1935,9677.0,3.0,156.0,44.4,111.6,18.541999999999998,37.8,11.6,26.2,18.032,472936.0,137603.2,176076.8,68651.2,14.0,0.0,51.0,10.0,0.0,4180.0,0.0,5e-05,20000000.0,4729360.0,1376032.0,1760768.0,686512.0,0.7153477381239552,0.6931721194879088
1936,9682.0,3.0,308.8,95.2,213.6,22.318,246.6,76.2,170.4,22.048,75198.4,20723.2,148260.8,40548.8,2.0,0.0,51.0,10.0,0.0,4850.0,0.0,5e-05,20000000.0,751984.0,207232.0,1482608.0,405488.0,0.6917483224125588,0.6912042621822314
1937,9687.0,3.0,158.2,43.2,115.0,18.336000000000002,37.4,10.6,26.8,17.61,388049.6,109078.4,118305.6,39006.4,14.0,0.0,51.0,10.0,0.0,4420.0,0.0,5e-05,20000000.0,3880496.0,1090784.0,1183056.0,390064.0,0.7269816538153886,0.7167852062588904
1938,9692.0,3.0,295.4,87.0,208.4,24.413999999999998,167.2,57.6,109.6,22.104000000000003,344747.2,95923.2,209528.0,59225.6,4.0,0.0,51.0,10.0,0.0,1680.0,0.0,5e-05,20000000.0,3447472.0,959232.0,2095280.0,592256.0,0.7055527757719151,0.6554800816775544
1939,9697.0,3.0,157.8,43.0,114.8,26.558000000000003,37.0,10.0,27.0,27.0,977449.6,263692.8,371590.4,100656.0,14.0,0.0,51.0,10.0,0.0,50.0,0.0,5e-05,20000000.0,9774496.0,2636928.0,3715904.0,1006560.0,0.7275042328468919,0.7298640746009168
1940,9702.0,3.0,158.0,44.4,113.6,25.580000000000002,36.8,10.8,26.0,25.824,886590.4,235336.0,343593.6,92561.6,14.0,0.0,51.0,10.0,0.0,1330.0,0.0,5e-05,20000000.0,8865904.0,2353360.0,3435936.0,925616.0,0.7189496794106299,0.7064970986023618
1941,9707.0,3.0,313.8,104.6,209.2,22.636,243.8,73.6,170.2,25.394,88022.4,25179.2,182489.6,50104.0,2.0,0.0,51.0,10.0,0.0,2630.0,0.0,5e-05,20000000.0,880224.0,251792.0,1824896.0,501040.0,0.6665898312423794,0.6982733139794002
1942,9712.0,3.0,282.6,81.8,200.8,25.95,89.6,26.0,63.6,26.036,846484.8,235440.0,363676.8,100224.0,7.0,0.0,51.0,10.0,0.0,530.0,0.0,5e-05,20000000.0,8464848.0,2354400.0,3636768.0,1002240.0,0.7105430720335655,0.7098289193843663
1943,9717.0,3.0,281.6,78.6,203.0,26.2,90.4,25.8,64.6,25.877999999999997,851836.8,235022.4,348934.4,96022.4,7.0,0.0,51.0,10.0,0.0,1910.0,0.0,5e-05,20000000.0,8518368.0,2350224.0,3489344.0,960224.0,0.7208894859037656,0.7146038524775307
1944,9722.0,3.0,280.2,82.6,197.6,24.926,90.2,28.0,62.2,24.552,793241.6,215091.2,331364.8,87334.4,7.0,0.0,51.0,10.0,0.0,1580.0,0.0,5e-05,20000000.0,7932416.0,2150912.0,3313648.0,873344.0,0.7052961629622491,0.6895351349828398
1945,9727.0,3.0,157.6,46.8,110.8,25.571999999999996,37.2,10.0,27.2,25.839999999999996,908276.8,260828.8,324035.2,90040.0,14.0,0.0,51.0,10.0,0.0,780.0,0.0,5e-05,20000000.0,9082768.0,2608288.0,3240352.0,900400.0,0.703046190933175,0.7311522048364154
1946,9732.0,3.0,304.2,91.2,213.0,21.556,271.8,96.8,175.0,16.784,80408.0,22300.8,97155.2,29080.0,2.0,0.0,51.0,10.0,0.0,5000.0,0.0,5e-05,20000000.0,804080.0,223008.0,971552.0,290800.0,0.7001355627159355,0.643687095120037
1947,9737.0,3.0,250.4,69.2,181.2,21.2,89.8,25.4,64.4,18.592,599504.0,162569.6,181923.2,54507.2,7.0,0.0,51.0,10.0,0.0,3650.0,0.0,5e-05,20000000.0,5995040.0,1625696.0,1819232.0,545072.0,0.7237037879160569,0.7173030941834586
1948,9742.0,3.0,280.0,78.0,202.0,26.159999999999997,89.4,25.2,64.2,25.8,853523.2,233128.0,350606.4,92566.4,7.0,0.0,51.0,10.0,0.0,1030.0,0.0,5e-05,20000000.0,8535232.0,2331280.0,3506064.0,925664.0,0.7214588975950571,0.7179824953556064
1949,9747.0,3.0,155.6,45.0,110.6,22.564,37.6,12.0,25.6,22.506,659931.2,186872.0,278964.8,79585.6,14.0,0.0,51.0,10.0,0.0,1600.0,0.0,5e-05,20000000.0,6599312.0,1868720.0,2789648.0,795856.0,0.7108466378206622,0.681081081081081
1950,9752.0,3.0,303.6,80.8,222.8,26.124000000000002,258.6,73.2,185.4,25.913999999999998,104113.6,27856.0,199920.0,52896.0,2.0,0.0,51.0,10.0,0.0,1080.0,0.0,5e-05,20000000.0,1041136.0,278560.0,1999200.0,528960.0,0.7338473081994646,0.7168799724095232
1951,9757.0,3.0,311.4,101.2,210.2,22.381999999999998,229.2,70.6,158.6,23.948,82086.4,23136.0,158115.2,43828.8,2.0,0.0,51.0,10.0,0.0,3910.0,0.0,5e-05,20000000.0,820864.0,231360.0,1581152.0,438288.0,0.6749596126043433,0.6920148311165969
1952,9762.0,3.0,265.0,76.0,189.0,23.855999999999998,91.0,28.0,63.0,22.516,677953.6,192203.2,284542.4,83763.2,7.0,0.0,51.0,10.0,0.0,2970.0,0.0,5e-05,20000000.0,6779536.0,1922032.0,2845424.0,837632.0,0.7132216942032533,0.6921893202059299
1953,9767.0,3.0,313.2,84.8,228.4,25.826,272.2,79.2,193.0,25.962,92200.0,24156.8,211332.8,56644.8,2.0,0.0,51.0,10.0,0.0,1720.0,0.0,5e-05,20000000.0,922000.0,241568.0,2113328.0,566448.0,0.7292753176598396,0.7090583839676639
1954,9772.0,3.0,261.0,76.6,184.4,25.552,89.8,29.8,60.0,23.631999999999998,786427.2,218233.6,321976.0,91278.4,7.0,0.0,51.0,10.0,0.0,880.0,0.0,5e-05,20000000.0,7864272.0,2182336.0,3219760.0,912784.0,0.7065624695374921,0.6680909914055981
1955,9777.0,3.0,149.2,41.6,107.6,16.704,37.4,11.0,26.4,15.16,358417.6,106537.6,164440.0,52363.2,14.0,0.0,51.0,10.0,0.0,4780.0,0.0,5e-05,20000000.0,3584176.0,1065376.0,1644400.0,523632.0,0.7211841300278501,0.7058874664137822
1956,9782.0,3.0,299.0,82.8,216.2,26.232,265.0,85.4,179.6,24.094,94296.0,25726.4,186027.2,50996.8,2.0,0.0,51.0,10.0,0.0,2200.0,0.0,5e-05,20000000.0,942960.0,257264.0,1860272.0,509968.0,0.7230659854293475,0.6782689377053943
1957,9787.0,3.0,296.2,84.4,211.8,22.404000000000003,154.6,47.6,107.0,21.148000000000003,320801.6,84449.6,213705.6,58808.0,4.0,0.0,51.0,10.0,0.0,4820.0,0.0,5e-05,20000000.0,3208016.0,844496.0,2137056.0,588080.0,0.7150433664630029,0.6922103584586445
1958,9792.0,3.0,157.0,44.4,112.6,25.466,37.0,11.0,26.0,25.838,914073.6,249880.0,352929.6,95281.6,14.0,0.0,51.0,10.0,0.0,1110.0,0.0,5e-05,20000000.0,9140736.0,2498800.0,3529296.0,952816.0,0.7171109133549672,0.7027580211790738
1959,9797.0,3.0,250.8,74.8,176.0,25.192,89.6,30.6,59.0,22.31,741313.6,206316.8,298139.2,83596.8,7.0,0.0,51.0,10.0,0.0,1130.0,0.0,5e-05,20000000.0,7413136.0,2063168.0,2981392.0,835968.0,0.7017697355738337,0.6584683855470372
1960,9802.0,3.0,247.6,70.4,177.2,22.896,91.2,29.6,61.6,19.706,589081.6,153934.4,219659.2,61406.4,7.0,0.0,51.0,10.0,0.0,2910.0,0.0,5e-05,20000000.0,5890816.0,1539344.0,2196592.0,614064.0,0.7157552176703731,0.6755163009926077
1961,9807.0,3.0,305.8,88.6,217.2,25.337999999999997,253.2,77.6,175.6,25.402,95076.8,25472.0,191768.0,52489.6,2.0,0.0,51.0,10.0,0.0,1120.0,0.0,5e-05,20000000.0,950768.0,254720.0,1917680.0,524896.0,0.7102453532419017,0.6937172692362222
1962,9812.0,3.0,153.4,41.6,111.8,21.601999999999997,37.8,10.6,27.2,20.722,607715.2,171305.6,207550.4,61680.0,14.0,0.0,51.0,10.0,0.0,3550.0,0.0,5e-05,20000000.0,6077152.0,1713056.0,2075504.0,616800.0,0.7287811915250766,0.7196301564722617
1963,9817.0,3.0,152.4,43.2,109.2,20.196000000000005,38.0,10.8,27.2,19.098000000000003,519702.4,151974.4,164472.0,47643.2,14.0,0.0,51.0,10.0,0.0,3340.0,0.0,5e-05,20000000.0,5197024.0,1519744.0,1644720.0,476432.0,0.7166787417122402,0.7157894736842104
1964,9822.0,3.0,157.8,43.0,114.8,26.558000000000003,37.0,10.0,27.0,27.0,977449.6,263692.8,371590.4,100656.0,14.0,0.0,51.0,10.0,0.0,490.0,0.0,5e-05,20000000.0,9774496.0,2636928.0,3715904.0,1006560.0,0.7275042328468919,0.7298640746009168
1965,9827.0,3.0,287.0,81.4,205.6,24.072,158.0,47.8,110.2,21.716,325832.0,90760.0,213940.8,58582.4,4.0,0.0,51.0,10.0,0.0,3270.0,0.0,5e-05,20000000.0,3258320.0,907600.0,2139408.0,585824.0,0.7164093541983176,0.6974637201021846
1966,9832.0,3.0,286.2,82.4,203.8,24.26,162.0,58.2,103.8,21.431999999999995,356184.0,97812.8,229665.6,65822.4,4.0,0.0,51.0,10.0,0.0,1860.0,0.0,5e-05,20000000.0,3561840.0,978128.0,2296656.0,658224.0,0.7120897639351481,0.6407167378788481
1967,9837.0,3.0,153.0,42.4,110.6,21.134,37.4,10.8,26.6,20.234,591230.4,167324.8,212678.4,67139.2,14.0,0.0,51.0,10.0,0.0,2370.0,0.0,5e-05,20000000.0,5912304.0,1673248.0,2126784.0,671392.0,0.722983894164045,0.7117354196301564
1968,9842.0,3.0,153.4,46.4,107.0,19.352,36.4,11.4,25.0,19.386,513072.0,154259.2,190225.6,59606.4,14.0,0.0,51.0,10.0,0.0,3800.0,0.0,5e-05,20000000.0,5130720.0,1542592.0,1902256.0,596064.0,0.697377047445159,0.6862317425784917
1969,9847.0,3.0,156.8,46.2,110.6,25.607999999999997,36.6,10.4,26.2,25.824,932896.0,258907.2,324232.0,88969.6,14.0,0.0,51.0,10.0,0.0,720.0,0.0,5e-05,20000000.0,9328960.0,2589072.0,3242320.0,889696.0,0.7053505572139722,0.7160520671046987
1970,9852.0,3.0,157.6,43.2,114.4,26.636000000000003,36.8,9.8,27.0,27.0,984196.8,267452.8,370937.6,98356.8,14.0,0.0,51.0,10.0,0.0,660.0,0.0,5e-05,20000000.0,9841968.0,2674528.0,3709376.0,983568.0,0.7258969604128033,0.7339971550497866
1971,9857.0,3.0,320.0,80.0,240.0,26.556,283.4,78.2,205.2,27.0,95104.0,23776.0,230747.2,63822.4,2.0,0.0,51.0,10.0,0.0,990.0,0.0,5e-05,20000000.0,951040.0,237760.0,2307472.0,638224.0,0.75,0.7240479831061549
1972,9862.0,3.0,310.2,85.8,224.4,25.363999999999997,164.0,48.0,116.0,24.712000000000003,363876.8,95758.4,269464.0,72366.4,4.0,0.0,51.0,10.0,0.0,2530.0,0.0,5e-05,20000000.0,3638768.0,957584.0,2694640.0,723664.0,0.723368962336316,0.7072876152934182
1973,9867.0,3.0,151.0,42.6,108.4,18.3,37.6,11.4,26.2,17.096,433542.4,121896.0,145286.4,45534.4,14.0,0.0,51.0,10.0,0.0,4200.0,0.0,5e-05,20000000.0,4335424.0,1218960.0,1452864.0,455344.0,0.7179306233864213,0.6967283072546231
1974,9872.0,3.0,219.2,61.8,157.4,24.586,93.0,26.0,67.0,18.43,607988.8,171980.8,179920.0,52684.8,7.0,0.0,51.0,10.0,0.0,3260.0,0.0,5e-05,20000000.0,6079888.0,1719808.0,1799200.0,526848.0,0.7178231875308676,0.7204301075268817
1975,9877.0,3.0,156.0,42.6,113.4,22.188,37.2,10.6,26.6,22.1,682081.6,186888.0,255056.0,74497.6,14.0,0.0,51.0,10.0,0.0,3790.0,0.0,5e-05,20000000.0,6820816.0,1868880.0,2550560.0,744976.0,0.7269003174472455,0.7149913070965702
1976,9882.0,3.0,313.2,80.0,233.2,26.601999999999997,275.8,77.8,198.0,26.842000000000002,100460.8,25726.4,223137.6,62411.2,2.0,0.0,51.0,10.0,0.0,1490.0,0.0,5e-05,20000000.0,1004608.0,257264.0,2231376.0,624112.0,0.7445602724434666,0.7179078964571615
1977,9887.0,3.0,313.0,93.6,219.4,24.754,167.0,52.2,114.8,24.65,340859.2,92086.4,267406.4,71534.4,4.0,0.0,51.0,10.0,0.0,1290.0,0.0,5e-05,20000000.0,3408592.0,920864.0,2674064.0,715344.0,0.7009584925185454,0.6873445506384306
1978,9892.0,3.0,277.4,79.6,197.8,26.126000000000005,88.6,26.0,62.6,25.898000000000003,862577.6,238731.2,367628.8,100736.0,7.0,0.0,51.0,10.0,0.0,420.0,0.0,5e-05,20000000.0,8625776.0,2387312.0,3676288.0,1007360.0,0.7130364160337479,0.7064776380843002
1979,9897.0,3.0,265.4,74.4,191.0,26.21,90.4,29.8,60.6,24.351999999999997,846350.4,231118.4,338760.0,93416.0,7.0,0.0,51.0,10.0,0.0,680.0,0.0,5e-05,20000000.0,8463504.0,2311184.0,3387600.0,934160.0,0.7196616437957427,0.6704114484549267
1980,9902.0,3.0,295.2,84.2,211.0,24.366,164.8,51.0,113.8,21.808,374552.0,103556.8,194822.4,55211.2,4.0,0.0,51.0,10.0,0.0,3730.0,0.0,5e-05,20000000.0,3745520.0,1035568.0,1948224.0,552112.0,0.7147538144634168,0.6905109611790652
1981,9907.0,3.0,271.0,76.8,194.2,25.71,88.8,26.2,62.6,25.003999999999998,812051.2,219568.0,336524.8,90553.6,7.0,0.0,51.0,10.0,0.0,1970.0,0.0,5e-05,20000000.0,8120512.0,2195680.0,3365248.0,905536.0,0.7165988469956219,0.7053296596681882
1982,9912.0,3.0,280.2,79.2,201.0,25.964,90.4,27.0,63.4,25.75,858625.6,234304.0,349417.6,97464.0,7.0,0.0,51.0,10.0,0.0,1060.0,0.0,5e-05,20000000.0,8586256.0,2343040.0,3494176.0,974640.0,0.7173498933113215,0.7013973813192182
1983,9917.0,3.0,305.4,92.0,213.4,24.084,237.2,75.4,161.8,24.318,95856.0,26662.4,171849.6,49795.2,2.0,0.0,51.0,10.0,0.0,2950.0,0.0,5e-05,20000000.0,958560.0,266624.0,1718496.0,497952.0,0.6988187194069548,0.6822563926778756
1984,9922.0,3.0,278.8,81.6,197.2,25.235999999999997,91.4,28.0,63.4,24.806,796120.0,221033.6,327355.2,91366.4,7.0,0.0,51.0,10.0,0.0,1300.0,0.0,5e-05,20000000.0,7961200.0,2210336.0,3273552.0,913664.0,0.7073680062020498,0.6938725998274652
1985,9927.0,3.0,219.8,62.0,157.8,21.82,86.2,24.2,62.0,15.574000000000002,444616.0,127686.4,189868.8,59193.6,7.0,0.0,51.0,10.0,0.0,4840.0,0.0,5e-05,20000000.0,4446160.0,1276864.0,1898688.0,591936.0,0.7179480751503986,0.7193670079200843
1986,9932.0,3.0,313.2,80.0,233.2,26.613999999999997,282.6,81.2,201.4,26.284,97996.8,25092.8,221352.0,60950.4,2.0,0.0,51.0,10.0,0.0,1910.0,0.0,5e-05,20000000.0,979968.0,250928.0,2213520.0,609504.0,0.7445613362760832,0.7127592219238608
1987,9937.0,3.0,158.8,43.4,115.4,26.568,36.8,10.0,26.8,27.0,989721.6,265996.8,368243.2,99206.4,14.0,0.0,51.0,10.0,0.0,70.0,0.0,5e-05,20000000.0,9897216.0,2659968.0,3682432.0,992064.0,0.7266973170925881,0.7280634017476123
1988,9942.0,3.0,297.2,86.0,211.2,24.032,240.4,80.0,160.4,22.542000000000005,89024.0,24326.4,154972.8,43011.2,2.0,0.0,51.0,10.0,0.0,4880.0,0.0,5e-05,20000000.0,890240.0,243264.0,1549728.0,430112.0,0.7106033865507793,0.6673067554207511
1989,9947.0,3.0,320.0,93.6,226.4,25.216,273.6,75.8,197.8,26.98,88652.8,23524.8,221361.6,61635.2,2.0,0.0,51.0,10.0,0.0,1030.0,0.0,5e-05,20000000.0,886528.0,235248.0,2213616.0,616352.0,0.7075000000000001,0.7229731968182935
1990,9952.0,3.0,155.4,42.6,112.8,23.338,37.4,10.6,26.8,23.378,652747.2,192547.2,281972.8,85001.6,14.0,0.0,51.0,10.0,0.0,3090.0,0.0,5e-05,20000000.0,6527472.0,1925472.0,2819728.0,850016.0,0.7258828635635496,0.7166429587482218
1991,9957.0,3.0,264.4,72.6,191.8,26.428000000000004,90.2,28.4,61.8,24.624000000000002,833931.2,223384.0,332494.4,91433.6,7.0,0.0,51.0,10.0,0.0,830.0,0.0,5e-05,20000000.0,8339312.0,2233840.0,3324944.0,914336.0,0.7254525476676061,0.685414111126255
1992,9962.0,3.0,311.2,80.0,231.2,26.336000000000002,165.6,48.2,117.4,25.85,358142.4,92510.4,285486.4,75891.2,4.0,0.0,51.0,10.0,0.0,120.0,0.0,5e-05,20000000.0,3581424.0,925104.0,2854864.0,758912.0,0.7429227508667019,0.7088937141657592
1993,9967.0,3.0,150.4,42.6,107.8,18.154,37.4,11.0,26.4,16.682,427758.4,121484.8,157684.8,49977.6,14.0,0.0,51.0,10.0,0.0,4440.0,0.0,5e-05,20000000.0,4277584.0,1214848.0,1576848.0,499776.0,0.7167517939656108,0.7064722617354195
1994,9972.0,3.0,295.4,86.8,208.6,23.357999999999997,157.8,50.2,107.6,22.156,345755.2,97120.0,210721.6,60820.8,4.0,0.0,51.0,10.0,0.0,3640.0,0.0,5e-05,20000000.0,3457552.0,971200.0,2107216.0,608208.0,0.7061643930255797,0.6821163273271853
1995,9977.0,3.0,225.6,67.4,158.2,24.014,90.8,31.0,59.8,18.535999999999998,612753.6,175019.2,200278.4,58288.0,7.0,0.0,51.0,10.0,0.0,2360.0,0.0,5e-05,20000000.0,6127536.0,1750192.0,2002784.0,582880.0,0.7012006433246525,0.6584376254478844
1996,9982.0,3.0,157.8,44.8,113.0,24.413999999999998,36.4,11.2,25.2,24.613999999999997,763323.2,206489.6,305112.0,88265.6,14.0,0.0,51.0,10.0,0.0,1090.0,0.0,5e-05,20000000.0,7633232.0,2064896.0,3051120.0,882656.0,0.7161266695943153,0.6924455282350019
1997,9987.0,3.0,157.2,42.6,114.6,24.451999999999998,37.6,10.4,27.2,24.703999999999997,748766.4,195939.2,302286.4,81473.6,14.0,0.0,51.0,10.0,0.0,2940.0,0.0,5e-05,20000000.0,7487664.0,1959392.0,3022864.0,814736.0,0.7289967067520885,0.723391812865497
1998,9992.0,3.0,156.4,47.4,109.0,23.362000000000002,36.6,11.0,25.6,23.332,763916.8,217524.8,319403.2,85489.6,14.0,0.0,51.0,10.0,0.0,2870.0,0.0,5e-05,20000000.0,7639168.0,2175248.0,3194032.0,854896.0,0.696817584810032,0.6996527354422091
1999,9997.0,3.0,235.8,64.4,171.4,21.254,92.0,26.4,65.6,17.387999999999998,516961.6,146560.0,166942.4,51872.0,7.0,0.0,51.0,10.0,0.0,4520.0,0.0,5e-05,20000000.0,5169616.0,1465600.0,1669424.0,518720.0,0.7268739957353512,0.7130765703517662
