,RNTI,numDLTotal,numDLnew,numReTx_DL,avgMCS_DL,numULTotal,numULnew,numReTx_UL,avgMCS_UL,DL_throughput_bits,DL_goodput_bits,UL_throughput_bits,UL_goodput_bits,TTI,PulseBWoffset,numRBs,NumFrames,pulseAttenuation,FolderName,prf,FreqOffset,PulseWidth,BW,DL_throughput_bps,DL_goodput_bps,UL_throughput_bps,UL_goodput_bps,DLReTxPrcnt,ULReTxPrcnt
0,1,80,26,54,24.79,18,6,12,24.0,2300992,691584,781936,241456,14,0,51,5,30,250424-225520_Run_200_Idx_86683,500,0,5e-05,20000000,46019840.0,13831680.0,15638720.0,4829120.0,0.675,0.6666666666666666
1,1,160,48,112,26.2,144,48,96,27.0,219904,68352,645120,215040,2,0,51,5,30,250424-234032_Run_125_Idx_7420,320,0,5e-05,20000000,4398080.0,1367040.0,12902400.0,4300800.0,0.7,0.6666666666666666
2,1,80,24,56,25.52,18,6,12,24.0,2379344,687984,954640,241456,14,0,51,5,30,250424-225315_Run_1036_Idx_54226,2590,0,5e-05,20000000,47586880.0,13759680.0,19092800.0,4829120.0,0.7,0.6666666666666666
3,1,160,59,101,23.6,144,48,96,27.0,192792,62680,645120,215040,2,0,51,5,30,250425-000939_Run_1265_Idx_55923,3170,0,5e-05,20000000,3855840.0,1253600.0,12902400.0,4300800.0,0.63125,0.6666666666666666
4,1,145,44,101,12.83,45,15,30,11.84,778432,225944,142704,117432,7,0,51,5,30,250425-002240_Run_1363_Idx_51592,3410,0,5e-05,20000000,15568640.0,4518880.0,2854080.0,2348640.0,0.696551724137931,0.6666666666666666
5,1,160,48,112,25.85,81,27,54,24.0,865984,268992,835232,211280,4,0,51,5,30,250425-000454_Run_1154_Idx_75070,2890,0,5e-05,20000000,17319680.0,5379840.0,16704640.0,4225600.0,0.7,0.6666666666666666
6,1,160,61,99,23.3,144,48,96,27.0,181672,62440,645120,215040,2,0,51,5,30,250424-235553_Run_1109_Idx_86104,2780,0,5e-05,20000000,3633440.0,1248800.0,12902400.0,4300800.0,0.61875,0.6666666666666666
7,1,160,48,112,26.3,144,48,96,27.0,226560,70016,645120,215040,2,0,51,5,30,250424-225749_Run_553_Idx_25592,1390,0,5e-05,20000000,4531200.0,1400320.0,12902400.0,4300800.0,0.7,0.6666666666666666
8,1,160,48,112,26.3,144,48,96,27.0,226560,70016,645120,215040,2,0,51,5,30,250424-225842_Run_789_Idx_82062,1980,0,5e-05,20000000,4531200.0,1400320.0,12902400.0,4300800.0,0.7,0.6666666666666666
9,1,160,48,112,24.4,81,27,54,20.72,865984,268992,483320,188744,4,0,51,5,30,250425-010239_Run_1902_Idx_75070,4760,0,5e-05,20000000,17319680.0,5379840.0,9666400.0,3774880.0,0.7,0.6666666666666666
10,1,160,62,98,23.29,144,48,96,27.0,192792,67696,645120,215040,2,0,51,5,30,250424-233813_Run_605_Idx_52545,1520,0,5e-05,20000000,3855840.0,1353920.0,12902400.0,4300800.0,0.6125,0.6666666666666666
11,1,145,45,100,25.34,45,15,30,24.0,2113792,620512,981200,248288,7,0,51,5,30,250424-232015_Run_635_Idx_24331,1590,0,5e-05,20000000,42275840.0,12410240.0,19624000.0,4965760.0,0.6896551724137931,0.6666666666666666
12,1,160,48,112,26.08,81,27,54,27.0,892224,275552,935928,311976,4,0,51,5,30,250424-225805_Run_790_Idx_960,1980,0,5e-05,20000000,17844480.0,5511040.0,18718560.0,6239520.0,0.7,0.6666666666666666
13,1,160,57,103,20.78,81,27,54,24.0,665248,170784,835232,211280,4,0,51,5,30,250424-230633_Run_1014_Idx_89116,2540,0,5e-05,20000000,13304960.0,3415680.0,16704640.0,4225600.0,0.64375,0.6666666666666666
14,1,80,25,55,25.79,18,6,12,27.0,2358912,729112,1069776,356592,14,0,51,5,30,250424-232649_Run_624_Idx_47249,1560,0,5e-05,20000000,47178240.0,14582240.0,21395520.0,7131840.0,0.6875,0.6666666666666666
15,1,80,25,55,26.12,18,6,12,27.0,2476440,768288,1069776,356592,14,0,51,5,30,250424-223904_Run_56_Idx_47249,140,0,5e-05,20000000,49528800.0,15365760.0,21395520.0,7131840.0,0.6875,0.6666666666666666
16,1,80,25,55,19.73,18,6,12,21.0,1321208,454632,609232,241456,14,0,51,5,30,250424-235607_Run_1168_Idx_73672,2920,0,5e-05,20000000,26424160.0,9092640.0,12184640.0,4829120.0,0.6875,0.6666666666666666
17,1,80,25,55,24.78,18,6,12,24.0,2378016,669864,954640,241456,14,0,51,5,30,250424-231938_Run_636_Idx_47249,1590,0,5e-05,20000000,47560320.0,13397280.0,19092800.0,4829120.0,0.6875,0.6666666666666666
18,1,80,25,55,24.44,18,6,12,27.0,1769336,591512,1069776,356592,14,0,51,5,30,250425-000957_Run_1384_Idx_47249,3460,0,5e-05,20000000,35386720.0,11830240.0,21395520.0,7131840.0,0.6875,0.6666666666666666
19,1,160,48,112,26.3,144,48,96,24.0,226560,70016,497424,145536,2,0,51,5,30,250425-004312_Run_1685_Idx_25592,4220,0,5e-05,20000000,4531200.0,1400320.0,9948480.0,2910720.0,0.7,0.6666666666666666
20,1,160,48,112,25.81,81,27,54,27.0,830272,260064,935928,311976,4,0,51,5,30,250424-224754_Run_926_Idx_28528,2320,0,5e-05,20000000,16605440.0,5201280.0,18718560.0,6239520.0,0.7,0.6666666666666666
21,1,160,48,112,26.3,144,48,96,27.0,226560,70016,645120,215040,2,0,51,5,30,250425-000647_Run_1449_Idx_39758,3630,0,5e-05,20000000,4531200.0,1400320.0,12902400.0,4300800.0,0.7,0.6666666666666666
22,1,160,60,100,14.15,81,28,53,18.47,357728,94600,500624,127616,4,0,51,5,30,250425-002142_Run_1482_Idx_9005,3710,0,5e-05,20000000,7154560.0,1892000.0,10012480.0,2552320.0,0.625,0.654320987654321
23,1,160,48,112,26.0,81,27,54,27.0,865984,268992,935928,311976,4,0,51,5,30,250424-232531_Run_150_Idx_78813,380,0,5e-05,20000000,17319680.0,5379840.0,18718560.0,6239520.0,0.7,0.6666666666666666
24,1,80,25,55,26.04,18,6,12,27.0,2476440,768288,1069776,356592,14,0,51,5,30,250424-232944_Run_500_Idx_66277,1250,0,5e-05,20000000,49528800.0,15365760.0,21395520.0,7131840.0,0.6875,0.6666666666666666
25,1,80,24,56,26.0,18,6,12,27.0,2399416,708056,1069776,356592,14,0,51,5,30,250424-231447_Run_168_Idx_61908,420,0,5e-05,20000000,47988320.0,14161120.0,21395520.0,7131840.0,0.7,0.6666666666666666
26,1,160,62,98,18.27,81,34,47,21.0,494424,156328,654784,187424,4,0,51,5,30,250424-225449_Run_558_Idx_19613,1400,0,5e-05,20000000,9888480.0,3126560.0,13095680.0,3748480.0,0.6125,0.5802469135802469
27,1,145,49,96,22.83,45,15,30,22.6,1360992,516864,853440,275424,7,0,51,5,30,250425-000436_Run_1095_Idx_57098,2740,0,5e-05,20000000,27219840.0,10337280.0,17068800.0,5508480.0,0.6620689655172414,0.6666666666666666
28,1,80,25,55,26.21,18,6,12,27.0,2476440,768288,1069776,356592,14,0,51,5,30,250424-230720_Run_300_Idx_26496,750,0,5e-05,20000000,49528800.0,15365760.0,21395520.0,7131840.0,0.6875,0.6666666666666666
29,1,80,25,55,25.02,18,6,12,27.0,2318768,669864,1069776,356592,14,0,51,5,30,250425-001503_Run_1256_Idx_89663,3140,0,5e-05,20000000,46375360.0,13397280.0,21395520.0,7131840.0,0.6875,0.6666666666666666
30,1,160,48,112,26.12,81,27,54,27.0,892224,275552,935928,311976,4,0,51,5,30,250425-001338_Run_1378_Idx_85773,3450,0,5e-05,20000000,17844480.0,5511040.0,18718560.0,6239520.0,0.7,0.6666666666666666
31,1,160,48,112,25.81,81,27,54,27.0,830272,260064,935928,311976,4,0,51,5,30,250424-232331_Run_866_Idx_28528,2170,0,5e-05,20000000,16605440.0,5201280.0,18718560.0,6239520.0,0.7,0.6666666666666666
32,1,145,45,100,17.09,45,15,30,18.4,1103712,415072,626696,248288,7,0,51,5,30,250425-004715_Run_1843_Idx_10792,4610,0,5e-05,20000000,22074240.0,8301440.0,12533920.0,4965760.0,0.6896551724137931,0.6666666666666666
33,1,160,48,112,25.95,81,27,54,24.0,865984,268992,655376,202184,4,0,51,5,30,250424-233723_Run_962_Idx_75070,2410,0,5e-05,20000000,17319680.0,5379840.0,13107520.0,4043680.0,0.7,0.6666666666666666
34,1,160,56,104,18.27,81,27,54,21.27,437648,154792,475040,154064,4,0,51,5,30,250424-235600_Run_1406_Idx_35340,3520,0,5e-05,20000000,8752960.0,3095840.0,9500800.0,3081280.0,0.65,0.6666666666666666
35,1,160,56,104,22.15,144,48,96,24.0,142720,43136,575616,145536,2,0,51,5,30,250425-003457_Run_1577_Idx_66490,3950,0,5e-05,20000000,2854400.0,862720.0,11512320.0,2910720.0,0.65,0.6666666666666666
36,1,145,45,100,24.35,45,15,30,21.0,1778432,588032,154024,130120,7,0,51,5,30,250425-003445_Run_1639_Idx_71006,4100,0,5e-05,20000000,35568640.0,11760640.0,3080480.0,2602400.0,0.6896551724137931,0.6666666666666666
37,1,160,48,112,26.04,81,27,54,24.0,892224,275552,655376,202184,4,0,51,5,30,250424-235829_Run_1402_Idx_85773,3510,0,5e-05,20000000,17844480.0,5511040.0,13107520.0,4043680.0,0.7,0.6666666666666666
38,1,80,24,56,26.0,18,6,12,27.0,2399416,708056,1069776,356592,14,0,51,5,30,250424-234549_Run_116_Idx_61908,290,0,5e-05,20000000,47988320.0,14161120.0,21395520.0,7131840.0,0.7,0.6666666666666666
39,1,160,48,112,25.95,81,30,51,21.22,865984,268992,554680,172552,4,0,51,5,30,250424-233942_Run_958_Idx_88094,2400,0,5e-05,20000000,17319680.0,5379840.0,11093600.0,3451040.0,0.7,0.6296296296296297
40,1,160,48,112,25.47,81,27,54,24.0,892224,275552,632024,193088,4,0,51,5,30,250424-235559_Run_1466_Idx_34316,3670,0,5e-05,20000000,17844480.0,5511040.0,12640480.0,3861760.0,0.7,0.6666666666666666
41,1,160,62,98,23.6,144,48,96,27.0,191184,67696,645120,215040,2,0,51,5,30,250424-225910_Run_313_Idx_91607,790,0,5e-05,20000000,3823680.0,1353920.0,12902400.0,4300800.0,0.6125,0.6666666666666666
42,1,160,48,112,26.3,144,48,96,24.0,226560,70016,575616,145536,2,0,51,5,30,250425-001920_Run_1249_Idx_82062,3130,0,5e-05,20000000,4531200.0,1400320.0,11512320.0,2910720.0,0.7,0.6666666666666666
43,1,160,48,112,25.6,144,53,91,21.1,226560,70016,401856,128840,2,0,51,5,30,250425-001741_Run_1489_Idx_1787,3730,0,5e-05,20000000,4531200.0,1400320.0,8037120.0,2576800.0,0.7,0.6319444444444444
44,1,160,57,103,22.11,81,27,54,24.0,681112,213720,632024,193088,4,0,51,5,30,250425-001708_Run_1074_Idx_59929,2690,0,5e-05,20000000,13622240.0,4274400.0,12640480.0,3861760.0,0.64375,0.6666666666666666
45,1,160,48,112,26.04,81,27,54,24.0,892224,275552,835232,211280,4,0,51,5,30,250425-010331_Run_1954_Idx_93338,4890,0,5e-05,20000000,17844480.0,5511040.0,16704640.0,4225600.0,0.7,0.6666666666666666
46,1,160,48,112,25.95,81,29,52,18.27,892224,275552,501808,176168,4,0,51,5,30,250425-005057_Run_1806_Idx_48395,4520,0,5e-05,20000000,17844480.0,5511040.0,10036160.0,3523360.0,0.7,0.6419753086419753
47,1,160,59,101,23.6,144,48,96,27.0,176712,62680,645120,215040,2,0,51,5,30,250424-231401_Run_289_Idx_85523,730,0,5e-05,20000000,3534240.0,1253600.0,12902400.0,4300800.0,0.63125,0.6666666666666666
48,1,80,25,55,18.42,18,6,12,18.11,1192288,368656,609232,241456,14,0,51,5,30,250425-005533_Run_1900_Idx_57146,4750,0,5e-05,20000000,23845760.0,7373120.0,12184640.0,4829120.0,0.6875,0.6666666666666666
49,1,145,45,100,26.17,45,15,30,27.0,2120832,673632,1099368,366456,7,0,51,5,30,250424-230317_Run_187_Idx_61030,470,0,5e-05,20000000,42416640.0,13472640.0,21987360.0,7329120.0,0.6896551724137931,0.6666666666666666
50,1,145,44,101,25.46,45,15,30,24.0,2113792,653944,774672,275424,7,0,51,5,30,250424-235522_Run_1467_Idx_47046,3670,0,5e-05,20000000,42275840.0,13078880.0,15493440.0,5508480.0,0.696551724137931,0.6666666666666666
51,1,160,58,102,21.69,144,48,96,22.88,165232,59344,497424,145536,2,0,51,5,30,250424-234719_Run_945_Idx_75763,2370,0,5e-05,20000000,3304640.0,1186880.0,9948480.0,2910720.0,0.6375,0.6666666666666666
52,1,160,60,100,23.5,144,48,96,24.11,187744,62688,372736,146944,2,0,51,5,30,250425-000301_Run_1157_Idx_98715,2900,0,5e-05,20000000,3754880.0,1253760.0,7454720.0,2938880.0,0.625,0.6666666666666666
53,1,160,50,110,20.21,81,29,52,14.32,691200,175456,150008,44840,4,0,51,5,30,250425-004933_Run_1886_Idx_494,4720,0,5e-05,20000000,13824000.0,3509120.0,3000160.0,896800.0,0.6875,0.6419753086419753
54,1,160,48,112,26.04,81,27,54,27.0,892224,275552,935928,311976,4,0,51,5,30,250425-004413_Run_1714_Idx_85773,4290,0,5e-05,20000000,17844480.0,5511040.0,18718560.0,6239520.0,0.7,0.6666666666666666
55,1,145,46,99,26.28,45,15,30,27.0,2182272,706920,1099368,366456,7,0,51,5,30,250424-232222_Run_275_Idx_57481,690,0,5e-05,20000000,43645440.0,14138400.0,21987360.0,7329120.0,0.6827586206896552,0.6666666666666666
56,1,145,45,100,22.74,45,15,30,15.36,1720032,569152,142704,117432,7,0,51,5,30,250425-003324_Run_1763_Idx_48749,4410,0,5e-05,20000000,34400640.0,11383040.0,2854080.0,2348640.0,0.6896551724137931,0.6666666666666666
57,1,145,47,98,25.24,45,15,30,24.0,1983872,623888,981200,248288,7,0,51,5,30,250424-234402_Run_119_Idx_47804,300,0,5e-05,20000000,39677440.0,12477760.0,19624000.0,4965760.0,0.6758620689655173,0.6666666666666666
58,1,145,45,100,25.9,45,15,30,27.0,2079552,654752,1099368,366456,7,0,51,5,30,250425-001300_Run_1379_Idx_24331,3450,0,5e-05,20000000,41591040.0,13095040.0,21987360.0,7329120.0,0.6896551724137931,0.6666666666666666
59,1,145,46,99,16.7,45,15,30,24.0,1155072,296040,981200,248288,7,0,51,5,30,250425-000024_Run_1459_Idx_57481,3650,0,5e-05,20000000,23101440.0,5920800.0,19624000.0,4965760.0,0.6827586206896552,0.6666666666666666
60,1,160,58,102,10.02,144,66,78,3.25,72192,19200,19584,8976,2,0,51,5,30,250425-004116_Run_1597_Idx_70234,4000,0,5e-05,20000000,1443840.0,384000.0,391680.0,179520.0,0.6375,0.5416666666666666
61,1,80,24,56,20.64,18,6,12,27.0,1299584,354504,1069776,356592,14,0,51,5,30,250425-003530_Run_1576_Idx_54226,3940,0,5e-05,20000000,25991680.0,7090080.0,21395520.0,7131840.0,0.7,0.6666666666666666
62,1,80,25,55,19.69,18,6,12,12.78,1792288,454632,494096,126320,14,0,51,5,30,250424-225053_Run_1040_Idx_73672,2600,0,5e-05,20000000,35845760.0,9092640.0,9881920.0,2526400.0,0.6875,0.6666666666666666
63,1,160,48,112,26.08,81,27,54,27.0,892224,275552,935928,311976,4,0,51,5,30,250424-232422_Run_746_Idx_960,1870,0,5e-05,20000000,17844480.0,5511040.0,18718560.0,6239520.0,0.7,0.6666666666666666
64,1,160,48,112,25.75,81,27,54,24.0,865984,268992,835232,211280,4,0,51,5,30,250425-004711_Run_1858_Idx_47915,4650,0,5e-05,20000000,17319680.0,5379840.0,16704640.0,4225600.0,0.7,0.6666666666666666
65,1,160,48,112,26.0,144,48,96,22.74,212224,66432,454600,115744,2,0,51,5,30,250425-002827_Run_1557_Idx_1990,3900,0,5e-05,20000000,4244480.0,1328640.0,9092000.0,2314880.0,0.7,0.6666666666666666
66,1,160,48,112,26.08,81,27,54,24.0,892224,275552,835232,211280,4,0,51,5,30,250424-234816_Run_706_Idx_960,1770,0,5e-05,20000000,17844480.0,5511040.0,16704640.0,4225600.0,0.7,0.6666666666666666
67,1,160,48,112,26.08,81,27,54,27.0,892224,275552,935928,311976,4,0,51,5,30,250424-230257_Run_782_Idx_960,1960,0,5e-05,20000000,17844480.0,5511040.0,18718560.0,6239520.0,0.7,0.6666666666666666
68,1,160,48,112,26.3,144,48,96,27.0,226560,70016,645120,215040,2,0,51,5,30,250424-224959_Run_685_Idx_13251,1720,0,5e-05,20000000,4531200.0,1400320.0,12902400.0,4300800.0,0.7,0.6666666666666666
69,1,160,60,100,23.42,81,27,54,27.0,717192,253784,935928,311976,4,0,51,5,30,250424-235214_Run_582_Idx_18492,1460,0,5e-05,20000000,14343840.0,5075680.0,18718560.0,6239520.0,0.625,0.6666666666666666
70,1,145,46,99,20.54,45,15,30,24.0,1206432,313160,981200,248288,7,0,51,5,30,250425-001514_Run_1435_Idx_57481,3590,0,5e-05,20000000,24128640.0,6263200.0,19624000.0,4965760.0,0.6827586206896552,0.6666666666666666
71,1,145,45,100,26.17,45,15,30,27.0,2120832,673632,1099368,366456,7,0,51,5,30,250424-234625_Run_115_Idx_61030,290,0,5e-05,20000000,42416640.0,13472640.0,21987360.0,7329120.0,0.6896551724137931,0.6666666666666666
72,1,160,48,112,26.2,144,48,96,27.0,219904,68352,645120,215040,2,0,51,5,30,250424-233432_Run_373_Idx_5687,940,0,5e-05,20000000,4398080.0,1367040.0,12902400.0,4300800.0,0.7,0.6666666666666666
73,1,160,58,102,22.66,144,48,96,27.0,178320,61008,645120,215040,2,0,51,5,30,250425-001203_Run_1261_Idx_1553,3160,0,5e-05,20000000,3566400.0,1220160.0,12902400.0,4300800.0,0.6375,0.6666666666666666
74,1,145,46,99,26.28,45,15,30,27.0,2182272,706920,1099368,366456,7,0,51,5,30,250424-230254_Run_307_Idx_57481,770,0,5e-05,20000000,43645440.0,14138400.0,21987360.0,7329120.0,0.6827586206896552,0.6666666666666666
75,1,145,46,99,18.79,45,15,30,12.96,1428992,364520,35856,11952,7,0,51,5,30,250425-004857_Run_1887_Idx_57481,4720,0,5e-05,20000000,28579840.0,7290400.0,717120.0,239040.0,0.6827586206896552,0.6666666666666666
76,1,160,48,112,26.3,144,48,96,23.13,226560,70016,519144,145536,2,0,51,5,30,250424-225305_Run_561_Idx_25592,1410,0,5e-05,20000000,4531200.0,1400320.0,10382880.0,2910720.0,0.7,0.6666666666666666
77,1,145,45,100,26.28,45,15,30,27.0,2182272,688992,1099368,366456,7,0,51,5,30,250425-000136_Run_1515_Idx_10792,3790,0,5e-05,20000000,43645440.0,13779840.0,21987360.0,7329120.0,0.6896551724137931,0.6666666666666666
78,1,160,53,107,21.1,144,65,79,15.35,141112,50984,314976,121784,2,0,51,5,30,250425-005605_Run_1913_Idx_36701,4790,0,5e-05,20000000,2822240.0,1019680.0,6299520.0,2435680.0,0.66875,0.5486111111111112
79,1,160,48,112,25.99,81,27,54,27.0,892224,275552,935928,311976,4,0,51,5,30,250424-230101_Run_310_Idx_34316,780,0,5e-05,20000000,17844480.0,5511040.0,18718560.0,6239520.0,0.7,0.6666666666666666
80,1,160,48,112,26.3,144,48,96,27.0,226560,70016,645120,215040,2,0,51,5,30,250424-232418_Run_509_Idx_25592,1280,0,5e-05,20000000,4531200.0,1400320.0,12902400.0,4300800.0,0.7,0.6666666666666666
81,1,160,48,112,26.12,81,27,54,27.0,892224,275552,935928,311976,4,0,51,5,30,250424-235247_Run_462_Idx_93338,1160,0,5e-05,20000000,17844480.0,5511040.0,18718560.0,6239520.0,0.7,0.6666666666666666
82,1,160,48,112,26.2,144,48,96,24.0,219904,68352,497424,145536,2,0,51,5,30,250424-231639_Run_997_Idx_81871,2500,0,5e-05,20000000,4398080.0,1367040.0,9948480.0,2910720.0,0.7,0.6666666666666666
83,1,145,46,99,25.78,45,15,30,27.0,1977312,651400,1099368,366456,7,0,51,5,30,250424-232517_Run_863_Idx_72713,2160,0,5e-05,20000000,39546240.0,13028000.0,21987360.0,7329120.0,0.6827586206896552,0.6666666666666666
84,1,160,48,112,26.12,81,27,54,23.33,892224,275552,728896,184696,4,0,51,5,30,250424-231855_Run_518_Idx_93338,1300,0,5e-05,20000000,17844480.0,5511040.0,14577920.0,3693920.0,0.7,0.6666666666666666
85,1,160,48,112,25.95,81,28,53,21.0,865984,268992,532736,176032,4,0,51,5,30,250425-004132_Run_1566_Idx_24263,3920,0,5e-05,20000000,17319680.0,5379840.0,10654720.0,3520640.0,0.7,0.654320987654321
86,1,160,57,103,23.5,144,48,96,27.0,182920,57672,645120,215040,2,0,51,5,30,250425-001648_Run_1313_Idx_75451,3290,0,5e-05,20000000,3658400.0,1153440.0,12902400.0,4300800.0,0.64375,0.6666666666666666
87,1,80,25,55,22.01,18,6,12,24.0,2025792,513008,954640,241456,14,0,51,5,30,250425-005838_Run_1936_Idx_65229,4840,0,5e-05,20000000,40515840.0,10260160.0,19092800.0,4829120.0,0.6875,0.6666666666666666
88,1,80,24,56,26.0,18,6,12,27.0,2399416,708056,1069776,356592,14,0,51,5,30,250424-223710_Run_20_Idx_61908,50,0,5e-05,20000000,47988320.0,14161120.0,21395520.0,7131840.0,0.7,0.6666666666666666
89,1,160,48,112,25.38,81,30,51,22.0,892224,275552,518296,163456,4,0,51,5,30,250424-225901_Run_670_Idx_62843,1680,0,5e-05,20000000,17844480.0,5511040.0,10365920.0,3269120.0,0.7,0.6296296296296297
90,1,160,48,112,25.81,81,27,54,27.0,830272,260064,935928,311976,4,0,51,5,30,250424-223404_Run_90_Idx_28528,230,0,5e-05,20000000,16605440.0,5201280.0,18718560.0,6239520.0,0.7,0.6666666666666666
91,1,80,27,53,24.31,18,6,12,27.0,2125088,654208,1069776,356592,14,0,51,5,30,250424-233948_Run_364_Idx_74742,910,0,5e-05,20000000,42501760.0,13084160.0,21395520.0,7131840.0,0.6625,0.6666666666666666
92,1,160,48,112,26.0,81,27,54,27.0,865984,268992,935928,311976,4,0,51,5,30,250424-234928_Run_110_Idx_78813,280,0,5e-05,20000000,17319680.0,5379840.0,18718560.0,6239520.0,0.7,0.6666666666666666
93,1,160,48,112,25.9,81,27,54,24.0,865984,268992,786704,202184,4,0,51,5,30,250424-225632_Run_198_Idx_78813,500,0,5e-05,20000000,17319680.0,5379840.0,15734080.0,4043680.0,0.7,0.6666666666666666
94,1,80,25,55,24.31,18,6,12,27.0,1585016,545432,1069776,356592,14,0,51,5,30,250424-234549_Run_828_Idx_57146,2070,0,5e-05,20000000,31700320.0,10908640.0,21395520.0,7131840.0,0.6875,0.6666666666666666
95,1,160,48,112,26.3,144,48,96,27.0,226560,70016,645120,215040,2,0,51,5,30,250424-233846_Run_485_Idx_25592,1220,0,5e-05,20000000,4531200.0,1400320.0,12902400.0,4300800.0,0.7,0.6666666666666666
96,1,160,60,100,18.5,144,52,92,21.1,116992,40176,406200,124360,2,0,51,5,30,250425-002953_Run_1677_Idx_37445,4200,0,5e-05,20000000,2339840.0,803520.0,8124000.0,2487200.0,0.625,0.6388888888888888
97,1,160,52,108,20.02,81,27,54,18.95,691488,176160,394880,101192,4,0,51,5,30,250425-004601_Run_1742_Idx_494,4360,0,5e-05,20000000,13829760.0,3523200.0,7897600.0,2023840.0,0.675,0.6666666666666666
98,1,80,25,55,26.0,18,6,12,27.0,2399416,749032,1069776,356592,14,0,51,5,30,250424-230134_Run_428_Idx_65229,1070,0,5e-05,20000000,47988320.0,14980640.0,21395520.0,7131840.0,0.6875,0.6666666666666666
99,1,80,25,55,26.12,18,6,12,27.0,2476440,768288,1069776,356592,14,0,51,5,30,250424-231228_Run_648_Idx_47249,1620,0,5e-05,20000000,49528800.0,15365760.0,21395520.0,7131840.0,0.6875,0.6666666666666666
100,1,160,52,108,23.42,81,27,54,20.36,716616,201288,492416,162456,4,0,51,5,30,250425-004456_Run_1682_Idx_81137,4210,0,5e-05,20000000,14332320.0,4025760.0,9848320.0,3249120.0,0.675,0.6666666666666666
101,1,160,48,112,26.0,144,48,96,27.0,212224,66432,645120,215040,2,0,51,5,30,250425-003809_Run_1541_Idx_1990,3860,0,5e-05,20000000,4244480.0,1328640.0,12902400.0,4300800.0,0.7,0.6666666666666666
102,1,145,46,99,23.62,45,15,30,21.22,1942592,587080,626696,248288,7,0,51,5,30,250425-003817_Run_1755_Idx_57481,4390,0,5e-05,20000000,38851840.0,11741600.0,12533920.0,4965760.0,0.6827586206896552,0.6666666666666666
103,1,160,55,105,19.92,81,29,52,20.69,574640,204656,465720,167072,4,0,51,5,30,250425-000518_Run_1214_Idx_63538,3040,0,5e-05,20000000,11492800.0,4093120.0,9314400.0,3341440.0,0.65625,0.6419753086419753
104,1,145,49,96,23.97,45,15,30,27.0,1549312,551104,1099368,366456,7,0,51,5,30,250424-233226_Run_851_Idx_57098,2130,0,5e-05,20000000,30986240.0,11022080.0,21987360.0,7329120.0,0.6620689655172414,0.6666666666666666
105,1,80,25,55,26.21,18,6,12,27.0,2476440,768288,1069776,356592,14,0,51,5,30,250425-004415_Run_1592_Idx_89663,3980,0,5e-05,20000000,49528800.0,15365760.0,21395520.0,7131840.0,0.6875,0.6666666666666666
106,1,160,48,112,26.3,144,48,96,27.0,226560,70016,645120,215040,2,0,51,5,30,250424-233624_Run_489_Idx_25592,1230,0,5e-05,20000000,4531200.0,1400320.0,12902400.0,4300800.0,0.7,0.6666666666666666
107,1,160,48,112,26.0,144,48,96,24.0,212224,66432,575616,145536,2,0,51,5,30,250425-002714_Run_1057_Idx_1990,2650,0,5e-05,20000000,4244480.0,1328640.0,11512320.0,2910720.0,0.7,0.6666666666666666
108,1,160,48,112,26.3,144,48,96,27.0,226560,70016,645120,215040,2,0,51,5,30,250424-223606_Run_61_Idx_13251,160,0,5e-05,20000000,4531200.0,1400320.0,12902400.0,4300800.0,0.7,0.6666666666666666
109,1,160,56,104,22.3,144,48,96,22.78,147904,54080,484392,145536,2,0,51,5,30,250425-000819_Run_1089_Idx_40384,2730,0,5e-05,20000000,2958080.0,1081600.0,9687840.0,2910720.0,0.65,0.6666666666666666
110,1,160,55,105,21.95,81,27,54,27.0,578144,206264,935928,311976,4,0,51,5,30,250425-002204_Run_1186_Idx_56677,2970,0,5e-05,20000000,11562880.0,4125280.0,18718560.0,6239520.0,0.65625,0.6666666666666666
111,1,160,48,112,25.95,81,27,54,27.0,865984,268992,935928,311976,4,0,51,5,30,250424-230250_Run_426_Idx_47915,1070,0,5e-05,20000000,17319680.0,5379840.0,18718560.0,6239520.0,0.7,0.6666666666666666
112,1,160,48,112,26.3,144,53,91,19.47,226560,70016,388824,107120,2,0,51,5,30,250425-001406_Run_1437_Idx_14385,3600,0,5e-05,20000000,4531200.0,1400320.0,7776480.0,2142400.0,0.7,0.6319444444444444
113,1,145,53,92,24.12,45,15,30,27.0,1829792,628736,1099368,366456,7,0,51,5,30,250424-232606_Run_387_Idx_12355,970,0,5e-05,20000000,36595840.0,12574720.0,21987360.0,7329120.0,0.6344827586206897,0.6666666666666666
114,1,160,48,112,26.12,81,27,54,24.0,892224,275552,747272,202184,4,0,51,5,30,250424-231604_Run_642_Idx_85773,1610,0,5e-05,20000000,17844480.0,5511040.0,14945440.0,4043680.0,0.7,0.6666666666666666
115,1,80,25,55,22.25,18,6,12,18.0,1827616,532264,33552,11184,14,0,51,5,30,250425-005047_Run_1884_Idx_26496,4710,0,5e-05,20000000,36552320.0,10645280.0,671040.0,223680.0,0.6875,0.6666666666666666
116,1,145,46,99,25.9,45,15,30,27.0,2113792,672680,1099368,366456,7,0,51,5,30,250424-231156_Run_767_Idx_17402,1920,0,5e-05,20000000,42275840.0,13453600.0,21987360.0,7329120.0,0.6827586206896552,0.6666666666666666
117,1,160,48,112,26.3,144,48,96,24.0,226560,70016,575616,145536,2,0,51,5,30,250424-234855_Run_705_Idx_82062,1770,0,5e-05,20000000,4531200.0,1400320.0,11512320.0,2910720.0,0.7,0.6666666666666666
118,1,80,24,56,24.18,18,6,12,27.0,1535608,492104,1069776,356592,14,0,51,5,30,250425-001327_Run_1140_Idx_54226,2850,0,5e-05,20000000,30712160.0,9842080.0,21395520.0,7131840.0,0.7,0.6666666666666666
119,1,160,60,100,20.65,144,48,96,24.0,160768,41472,575616,145536,2,0,51,5,30,250424-235007_Run_821_Idx_84810,2060,0,5e-05,20000000,3215360.0,829440.0,11512320.0,2910720.0,0.625,0.6666666666666666
120,1,160,48,112,26.0,144,48,96,27.0,212224,66432,645120,215040,2,0,51,5,30,250424-223936_Run_81_Idx_1990,210,0,5e-05,20000000,4244480.0,1328640.0,12902400.0,4300800.0,0.7,0.6666666666666666
121,1,80,25,55,26.0,18,6,12,27.0,2399416,749032,1069776,356592,14,0,51,5,30,250424-235154_Run_344_Idx_65229,860,0,5e-05,20000000,47988320.0,14980640.0,21395520.0,7131840.0,0.6875,0.6666666666666666
122,1,160,48,112,25.95,81,27,54,27.0,892224,275552,935928,311976,4,0,51,5,30,250425-002042_Run_1426_Idx_34316,3570,0,5e-05,20000000,17844480.0,5511040.0,18718560.0,6239520.0,0.7,0.6666666666666666
123,1,160,55,105,23.05,81,27,54,27.0,707376,212784,935928,311976,4,0,51,5,30,250424-224504_Run_1050_Idx_19838,2630,0,5e-05,20000000,14147520.0,4255680.0,18718560.0,6239520.0,0.65625,0.6666666666666666
124,1,80,25,55,26.0,18,6,12,27.0,2292120,722208,1069776,356592,14,0,51,5,30,250424-232219_Run_868_Idx_57146,2170,0,5e-05,20000000,45842400.0,14444160.0,21395520.0,7131840.0,0.6875,0.6666666666666666
125,1,80,25,55,25.79,18,6,12,27.0,2358912,729112,1069776,356592,14,0,51,5,30,250425-000222_Run_1396_Idx_47249,3490,0,5e-05,20000000,47178240.0,14582240.0,21395520.0,7131840.0,0.6875,0.6666666666666666
126,1,145,45,100,25.46,45,15,30,24.11,1850496,606048,636232,250672,7,0,51,5,30,250424-225453_Run_439_Idx_71006,1100,0,5e-05,20000000,37009920.0,12120960.0,12724640.0,5013440.0,0.6896551724137931,0.6666666666666666
127,1,160,57,103,21.9,144,48,96,21.22,182920,57672,372736,146944,2,0,51,5,30,250424-235432_Run_1349_Idx_75451,3380,0,5e-05,20000000,3658400.0,1153440.0,7454720.0,2938880.0,0.64375,0.6666666666666666
128,1,160,57,103,21.85,81,29,52,19.23,606488,216128,472224,171416,4,0,51,5,30,250425-000747_Run_1210_Idx_8018,3030,0,5e-05,20000000,12129760.0,4322560.0,9444480.0,3428320.0,0.64375,0.6419753086419753
129,1,80,24,56,25.52,18,6,12,24.0,2379344,687984,954640,241456,14,0,51,5,30,250424-230746_Run_1012_Idx_54226,2530,0,5e-05,20000000,47586880.0,13759680.0,19092800.0,4829120.0,0.7,0.6666666666666666
130,1,145,45,100,23.03,45,15,30,15.22,1805632,534912,508528,130120,7,0,51,5,30,250425-002027_Run_1247_Idx_95480,3120,0,5e-05,20000000,36112640.0,10698240.0,10170560.0,2602400.0,0.6896551724137931,0.6666666666666666
131,1,80,25,55,20.71,18,6,12,24.0,1408240,447008,954640,241456,14,0,51,5,30,250425-002900_Run_1556_Idx_57146,3890,0,5e-05,20000000,28164800.0,8940160.0,19092800.0,4829120.0,0.6875,0.6666666666666666
132,1,80,25,55,26.04,18,6,12,27.0,2476440,768288,1069776,356592,14,0,51,5,30,250425-005854_Run_1976_Idx_47249,4940,0,5e-05,20000000,49528800.0,15365760.0,21395520.0,7131840.0,0.6875,0.6666666666666666
133,1,80,24,56,24.31,18,6,12,27.0,1692312,531280,1069776,356592,14,0,51,5,30,250425-010151_Run_1944_Idx_61908,4860,0,5e-05,20000000,33846240.0,10625600.0,21395520.0,7131840.0,0.7,0.6666666666666666
134,1,80,26,54,24.92,18,6,12,22.5,2280560,730912,551664,183888,14,0,51,5,30,250424-230322_Run_544_Idx_41760,1360,0,5e-05,20000000,45611200.0,14618240.0,11033280.0,3677760.0,0.675,0.6666666666666666
135,1,80,25,55,19.76,18,6,12,15.0,1826648,473016,494096,126320,14,0,51,5,30,250425-004038_Run_1720_Idx_47249,4300,0,5e-05,20000000,36532960.0,9460320.0,9881920.0,2526400.0,0.6875,0.6666666666666666
136,1,145,46,99,26.18,45,15,30,27.0,2182272,706920,1099368,366456,7,0,51,5,30,250425-000528_Run_1451_Idx_57481,3630,0,5e-05,20000000,43645440.0,14138400.0,21987360.0,7329120.0,0.6827586206896552,0.6666666666666666
137,1,145,44,101,20.92,45,15,30,18.0,1668672,431384,615376,156832,7,0,51,5,30,250425-004113_Run_1719_Idx_51592,4300,0,5e-05,20000000,33373440.0,8627680.0,12307520.0,3136640.0,0.696551724137931,0.6666666666666666
138,1,160,60,100,21.58,81,27,54,22.69,655240,238296,618992,193088,4,0,51,5,30,250425-002149_Run_1066_Idx_68712,2670,0,5e-05,20000000,13104800.0,4765920.0,12379840.0,3861760.0,0.625,0.6666666666666666
139,1,145,47,98,25.06,45,15,30,27.0,1966752,606768,1099368,366456,7,0,51,5,30,250424-232713_Run_979_Idx_8263,2450,0,5e-05,20000000,39335040.0,12135360.0,21987360.0,7329120.0,0.6758620689655173,0.6666666666666666
140,1,145,47,98,25.99,45,15,30,27.0,2103712,692368,1099368,366456,7,0,51,5,30,250424-223901_Run_95_Idx_8263,240,0,5e-05,20000000,42074240.0,13847360.0,21987360.0,7329120.0,0.6758620689655173,0.6666666666666666
141,1,160,59,101,22.7,144,56,88,20.27,186136,61016,406200,133592,2,0,51,5,30,250424-235557_Run_1229_Idx_38996,3080,0,5e-05,20000000,3722720.0,1220320.0,8124000.0,2671840.0,0.63125,0.6111111111111112
142,1,160,48,112,26.2,144,48,96,27.0,219904,68352,645120,215040,2,0,51,5,30,250424-233655_Run_369_Idx_5687,930,0,5e-05,20000000,4398080.0,1367040.0,12902400.0,4300800.0,0.7,0.6666666666666666
143,1,160,48,112,26.3,144,48,96,27.0,226560,70016,645120,215040,2,0,51,5,30,250424-223315_Run_65_Idx_13251,170,0,5e-05,20000000,4531200.0,1400320.0,12902400.0,4300800.0,0.7,0.6666666666666666
144,1,80,25,55,26.21,18,6,12,27.0,2476440,768288,1069776,356592,14,0,51,5,30,250424-232452_Run_508_Idx_66277,1270,0,5e-05,20000000,49528800.0,15365760.0,21395520.0,7131840.0,0.6875,0.6666666666666666
145,1,145,46,99,26.28,45,15,30,27.0,2182272,706920,1099368,366456,7,0,51,5,30,250424-231022_Run_295_Idx_57481,740,0,5e-05,20000000,43645440.0,14138400.0,21987360.0,7329120.0,0.6827586206896552,0.6666666666666666
146,1,80,25,55,26.3,18,6,12,27.0,2476440,768288,1069776,356592,14,0,51,5,30,250424-230945_Run_296_Idx_26496,740,0,5e-05,20000000,49528800.0,15365760.0,21395520.0,7131840.0,0.6875,0.6666666666666666
147,1,145,51,94,24.41,45,15,30,27.0,1856992,625360,1099368,366456,7,0,51,5,30,250424-225755_Run_315_Idx_14058,790,0,5e-05,20000000,37139840.0,12507200.0,21987360.0,7329120.0,0.6482758620689655,0.6666666666666666
148,1,160,48,112,26.2,144,48,96,27.0,219904,68352,645120,215040,2,0,51,5,30,250425-000705_Run_1329_Idx_5687,3330,0,5e-05,20000000,4398080.0,1367040.0,12902400.0,4300800.0,0.7,0.6666666666666666
149,1,160,58,102,20.68,144,49,95,21.85,160768,41344,506112,128296,2,0,51,5,30,250424-225311_Run_917_Idx_9037,2300,0,5e-05,20000000,3215360.0,826880.0,10122240.0,2565920.0,0.6375,0.6597222222222222
150,1,160,48,112,25.85,81,27,54,24.0,865984,268992,655376,202184,4,0,51,5,30,250424-231601_Run_998_Idx_75070,2500,0,5e-05,20000000,17319680.0,5379840.0,13107520.0,4043680.0,0.7,0.6666666666666666
151,1,80,25,55,25.66,18,6,12,27.0,2360240,709856,1069776,356592,14,0,51,5,30,250424-225028_Run_208_Idx_5633,520,0,5e-05,20000000,47204800.0,14197120.0,21395520.0,7131840.0,0.6875,0.6666666666666666
152,1,145,46,99,22.82,45,15,30,27.0,1555872,520360,1099368,366456,7,0,51,5,30,250425-002129_Run_1187_Idx_86910,2970,0,5e-05,20000000,31117440.0,10407200.0,21987360.0,7329120.0,0.6827586206896552,0.6666666666666666
153,1,145,45,100,13.51,45,15,30,8.2,795552,209632,35856,11952,7,0,51,5,30,250425-002108_Run_1483_Idx_10792,3710,0,5e-05,20000000,15911040.0,4192640.0,717120.0,239040.0,0.6896551724137931,0.6666666666666666
154,1,145,45,100,26.17,45,15,30,27.0,2120832,673632,1099368,366456,7,0,51,5,30,250424-231154_Run_411_Idx_71006,1030,0,5e-05,20000000,42416640.0,13472640.0,21987360.0,7329120.0,0.6896551724137931,0.6666666666666666
155,1,80,27,53,24.61,18,6,12,27.0,2202112,673464,1069776,356592,14,0,51,5,30,250424-224250_Run_340_Idx_6452,850,0,5e-05,20000000,44042240.0,13469280.0,21395520.0,7131840.0,0.6625,0.6666666666666666
156,1,80,25,55,25.96,18,6,12,27.0,2358912,729112,1069776,356592,14,0,51,5,30,250424-224514_Run_336_Idx_26496,840,0,5e-05,20000000,47178240.0,14582240.0,21395520.0,7131840.0,0.6875,0.6666666666666666
157,1,80,25,55,26.0,18,6,12,27.0,2399416,749032,1069776,356592,14,0,51,5,30,250424-231120_Run_412_Idx_65229,1030,0,5e-05,20000000,47988320.0,14980640.0,21395520.0,7131840.0,0.6875,0.6666666666666666
158,1,80,24,56,25.32,18,6,12,24.0,2379344,687984,954640,241456,14,0,51,5,30,250424-224806_Run_212_Idx_61908,530,0,5e-05,20000000,47586880.0,13759680.0,19092800.0,4829120.0,0.7,0.6666666666666666
159,1,145,46,99,26.28,45,15,30,27.0,2182272,706920,1099368,366456,7,0,51,5,30,250424-225040_Run_327_Idx_57481,820,0,5e-05,20000000,43645440.0,14138400.0,21987360.0,7329120.0,0.6827586206896552,0.6666666666666666
160,1,160,48,112,24.2,81,32,49,15.44,892224,275552,370864,124296,4,0,51,5,30,250424-225059_Run_802_Idx_88860,2010,0,5e-05,20000000,17844480.0,5511040.0,7417280.0,2485920.0,0.7,0.6049382716049383
161,1,160,48,112,26.3,144,48,96,27.0,226560,70016,645120,215040,2,0,51,5,30,250425-004607_Run_1589_Idx_82062,3980,0,5e-05,20000000,4531200.0,1400320.0,12902400.0,4300800.0,0.7,0.6666666666666666
162,1,160,48,112,25.95,81,27,54,27.0,865984,268992,935928,311976,4,0,51,5,30,250424-233019_Run_974_Idx_75070,2440,0,5e-05,20000000,17319680.0,5379840.0,18718560.0,6239520.0,0.7,0.6666666666666666
163,1,160,48,112,26.0,81,27,54,27.0,865984,268992,935928,311976,4,0,51,5,30,250424-224432_Run_218_Idx_78813,550,0,5e-05,20000000,17319680.0,5379840.0,18718560.0,6239520.0,0.7,0.6666666666666666
164,1,145,45,100,26.28,45,15,30,27.0,2182272,688992,1099368,366456,7,0,51,5,30,250424-232834_Run_739_Idx_95480,1850,0,5e-05,20000000,43645440.0,13779840.0,21987360.0,7329120.0,0.6896551724137931,0.6666666666666666
165,1,145,46,99,25.78,45,15,30,27.0,1977312,651400,1099368,366456,7,0,51,5,30,250424-225643_Run_911_Idx_72713,2280,0,5e-05,20000000,39546240.0,13028000.0,21987360.0,7329120.0,0.6827586206896552,0.6666666666666666
166,1,160,57,103,21.59,81,27,54,24.0,605624,216128,671456,193088,4,0,51,5,30,250424-234643_Run_946_Idx_89116,2370,0,5e-05,20000000,12112480.0,4322560.0,13429120.0,3861760.0,0.64375,0.6666666666666666
167,1,80,25,55,23.09,18,6,12,27.0,1611664,493088,1069776,356592,14,0,51,5,30,250425-000729_Run_1388_Idx_47249,3470,0,5e-05,20000000,32233280.0,9861760.0,21395520.0,7131840.0,0.6875,0.6666666666666666
168,1,160,48,112,25.99,81,27,54,27.0,892224,275552,935928,311976,4,0,51,5,30,250424-233503_Run_254_Idx_34316,640,0,5e-05,20000000,17844480.0,5511040.0,18718560.0,6239520.0,0.7,0.6666666666666666
169,1,160,60,100,22.82,144,48,96,27.0,174880,62688,645120,215040,2,0,51,5,30,250425-002242_Run_1185_Idx_47159,2970,0,5e-05,20000000,3497600.0,1253760.0,12902400.0,4300800.0,0.625,0.6666666666666666
170,1,160,57,103,20.62,81,27,54,27.0,453944,156424,935928,311976,4,0,51,5,30,250425-003645_Run_1574_Idx_89116,3940,0,5e-05,20000000,9078880.0,3128480.0,18718560.0,6239520.0,0.64375,0.6666666666666666
171,1,145,45,100,26.17,45,15,30,27.0,2120832,673632,1099368,366456,7,0,51,5,30,250424-232121_Run_395_Idx_71006,990,0,5e-05,20000000,42416640.0,13472640.0,21987360.0,7329120.0,0.6896551724137931,0.6666666666666666
172,1,160,60,100,22.9,144,48,96,24.0,194400,64352,497424,145536,2,0,51,5,30,250424-224653_Run_809_Idx_25773,2030,0,5e-05,20000000,3888000.0,1287040.0,9948480.0,2910720.0,0.625,0.6666666666666666
173,1,145,46,99,25.99,45,15,30,27.0,2069472,674440,1099368,366456,7,0,51,5,30,250424-232940_Run_975_Idx_32731,2440,0,5e-05,20000000,41389440.0,13488800.0,21987360.0,7329120.0,0.6827586206896552,0.6666666666666666
174,1,145,45,100,25.34,45,15,30,24.0,2113792,620512,981200,248288,7,0,51,5,30,250425-000555_Run_1271_Idx_95480,3180,0,5e-05,20000000,42275840.0,12410240.0,19624000.0,4965760.0,0.6896551724137931,0.6666666666666666
175,1,145,45,100,26.28,45,15,30,27.0,2182272,688992,1099368,366456,7,0,51,5,30,250424-223750_Run_71_Idx_95480,180,0,5e-05,20000000,43645440.0,13779840.0,21987360.0,7329120.0,0.6896551724137931,0.6666666666666666
176,1,145,46,99,25.62,45,15,30,24.0,2079552,655560,956704,261856,7,0,51,5,30,250424-233922_Run_603_Idx_79281,1510,0,5e-05,20000000,41591040.0,13111200.0,19134080.0,5237120.0,0.6827586206896552,0.6666666666666666
177,1,145,46,99,25.99,45,15,30,27.0,2069472,674440,1099368,366456,7,0,51,5,30,250425-003123_Run_1583_Idx_32731,3960,0,5e-05,20000000,41389440.0,13488800.0,21987360.0,7329120.0,0.6827586206896552,0.6666666666666666
178,1,160,56,104,20.45,144,67,77,14.72,162240,57664,310632,126400,2,0,51,5,30,250425-005249_Run_1865_Idx_79886,4670,0,5e-05,20000000,3244800.0,1153280.0,6212640.0,2528000.0,0.65,0.5347222222222222
179,1,160,48,112,26.04,81,27,54,27.0,892224,275552,935928,311976,4,0,51,5,30,250425-004640_Run_1710_Idx_85773,4280,0,5e-05,20000000,17844480.0,5511040.0,18718560.0,6239520.0,0.7,0.6666666666666666
180,1,160,48,112,26.0,81,27,54,27.0,865984,268992,935928,311976,4,0,51,5,30,250424-225409_Run_202_Idx_78813,510,0,5e-05,20000000,17319680.0,5379840.0,18718560.0,6239520.0,0.7,0.6666666666666666
181,1,160,48,112,26.04,81,27,54,21.84,892224,275552,531144,193088,4,0,51,5,30,250425-005624_Run_1926_Idx_960,4820,0,5e-05,20000000,17844480.0,5511040.0,10622880.0,3861760.0,0.7,0.6666666666666666
182,1,80,25,55,23.36,18,6,12,19.22,2202208,689936,609232,241456,14,0,51,5,30,250425-002958_Run_1616_Idx_89663,4040,0,5e-05,20000000,44044160.0,13798720.0,12184640.0,4829120.0,0.6875,0.6666666666666666
183,1,80,25,55,23.05,18,6,12,18.22,1965216,630688,609232,241456,14,0,51,5,30,250425-004944_Run_1808_Idx_89663,4520,0,5e-05,20000000,39304320.0,12613760.0,12184640.0,4829120.0,0.6875,0.6666666666666666
184,1,160,48,112,26.3,144,61,83,16.58,226560,70016,358416,108208,2,0,51,5,30,250425-002141_Run_1245_Idx_63195,3120,0,5e-05,20000000,4531200.0,1400320.0,7168320.0,2164160.0,0.7,0.5763888888888888
185,1,160,54,106,17.88,81,27,54,20.78,362560,94632,440768,112664,4,0,51,5,30,250425-004446_Run_1622_Idx_36891,4060,0,5e-05,20000000,7251200.0,1892640.0,8815360.0,2253280.0,0.6625,0.6666666666666666
186,1,145,45,100,26.28,45,15,30,27.0,2182272,688992,1099368,366456,7,0,51,5,30,250425-001757_Run_1371_Idx_24331,3430,0,5e-05,20000000,43645440.0,13779840.0,21987360.0,7329120.0,0.6896551724137931,0.6666666666666666
187,1,80,25,55,23.9,18,6,12,24.0,2183464,611432,954640,241456,14,0,51,5,30,250425-002700_Run_1296_Idx_65229,3240,0,5e-05,20000000,43669280.0,12228640.0,19092800.0,4829120.0,0.6875,0.6666666666666666
188,1,160,48,112,25.6,144,48,96,24.0,226560,70016,536520,145536,2,0,51,5,30,250424-224210_Run_817_Idx_82062,2050,0,5e-05,20000000,4531200.0,1400320.0,10730400.0,2910720.0,0.7,0.6666666666666666
189,1,160,48,112,25.95,81,27,54,24.0,892224,275552,835232,211280,4,0,51,5,30,250425-002803_Run_1414_Idx_34316,3540,0,5e-05,20000000,17844480.0,5511040.0,16704640.0,4225600.0,0.7,0.6666666666666666
190,1,145,46,99,18.83,45,15,30,18.78,1257792,381640,508528,130120,7,0,51,5,30,250425-004300_Run_1747_Idx_57481,4370,0,5e-05,20000000,25155840.0,7632800.0,10170560.0,2602400.0,0.6827586206896552,0.6666666666666666
191,1,145,45,100,26.06,45,15,30,27.0,2120832,673632,1099368,366456,7,0,51,5,30,250424-234729_Run_351_Idx_71006,880,0,5e-05,20000000,42416640.0,13472640.0,21987360.0,7329120.0,0.6896551724137931,0.6666666666666666
192,1,80,25,55,25.2,18,6,12,27.0,2318768,669864,1069776,356592,14,0,51,5,30,250424-235241_Run_1292_Idx_89663,3230,0,5e-05,20000000,46375360.0,13397280.0,21395520.0,7131840.0,0.6875,0.6666666666666666
193,1,160,51,109,18.83,81,27,54,20.36,498680,178408,457920,162456,4,0,51,5,30,250425-004011_Run_1630_Idx_61898,4080,0,5e-05,20000000,9973600.0,3568160.0,9158400.0,3249120.0,0.68125,0.6666666666666666
194,1,160,48,112,23.8,81,27,54,15.05,865984,268992,432448,110584,4,0,51,5,30,250425-010014_Run_1906_Idx_75070,4770,0,5e-05,20000000,17319680.0,5379840.0,8648960.0,2211680.0,0.7,0.6666666666666666
195,1,160,48,112,25.81,81,27,54,24.0,830272,260064,707840,202184,4,0,51,5,30,250424-234000_Run_838_Idx_28528,2100,0,5e-05,20000000,16605440.0,5201280.0,14156800.0,4043680.0,0.7,0.6666666666666666
196,1,80,25,55,25.88,18,6,12,27.0,2292120,722208,1069776,356592,14,0,51,5,30,250424-230058_Run_904_Idx_57146,2260,0,5e-05,20000000,45842400.0,14444160.0,21395520.0,7131840.0,0.6875,0.6666666666666666
197,1,160,48,112,26.2,144,48,96,27.0,219904,68352,645120,215040,2,0,51,5,30,250424-225221_Run_205_Idx_7420,520,0,5e-05,20000000,4398080.0,1367040.0,12902400.0,4300800.0,0.7,0.6666666666666666
198,1,145,46,99,26.28,45,15,30,27.0,2182272,706920,1099368,366456,7,0,51,5,30,250424-223940_Run_3_Idx_57481,10,0,5e-05,20000000,43645440.0,14138400.0,21987360.0,7329120.0,0.6827586206896552,0.6666666666666666
199,1,145,46,99,24.43,45,15,30,22.8,1908352,569960,824056,209344,7,0,51,5,30,250424-231819_Run_519_Idx_15193,1300,0,5e-05,20000000,38167040.0,11399200.0,16481120.0,4186880.0,0.6827586206896552,0.6666666666666666
200,1,160,57,103,21.18,144,48,96,21.47,145936,43200,453984,115128,2,0,51,5,30,250425-004305_Run_1625_Idx_75451,4070,0,5e-05,20000000,2918720.0,864000.0,9079680.0,2302560.0,0.64375,0.6666666666666666
201,1,160,48,112,26.12,81,27,54,27.0,892224,275552,935928,311976,4,0,51,5,30,250424-223718_Run_46_Idx_93338,120,0,5e-05,20000000,17844480.0,5511040.0,18718560.0,6239520.0,0.7,0.6666666666666666
202,1,160,59,101,23.5,144,48,96,27.0,170056,61016,645120,215040,2,0,51,5,30,250424-231858_Run_993_Idx_33085,2490,0,5e-05,20000000,3401120.0,1220320.0,12902400.0,4300800.0,0.63125,0.6666666666666666
203,1,160,54,106,18.4,81,29,52,16.15,665536,170016,329048,92664,4,0,51,5,30,250425-005749_Run_1910_Idx_86591,4780,0,5e-05,20000000,13310720.0,3400320.0,6580960.0,1853280.0,0.6625,0.6419753086419753
204,1,160,48,112,26.3,144,48,96,27.0,226560,70016,645120,215040,2,0,51,5,30,250424-232724_Run_741_Idx_82062,1860,0,5e-05,20000000,4531200.0,1400320.0,12902400.0,4300800.0,0.7,0.6666666666666666
205,1,80,25,55,26.21,18,6,12,27.0,2476440,768288,1069776,356592,14,0,51,5,30,250424-232007_Run_516_Idx_66277,1290,0,5e-05,20000000,49528800.0,15365760.0,21395520.0,7131840.0,0.6875,0.6666666666666666
206,1,160,56,104,20.76,144,48,96,27.0,154200,54448,645120,215040,2,0,51,5,30,250425-010148_Run_1985_Idx_20464,4970,0,5e-05,20000000,3084000.0,1088960.0,12902400.0,4300800.0,0.65,0.6666666666666666
207,1,145,46,99,26.09,45,15,30,27.0,2165152,689800,1099368,366456,7,0,51,5,30,250424-231337_Run_527_Idx_15193,1320,0,5e-05,20000000,43303040.0,13796000.0,21987360.0,7329120.0,0.6827586206896552,0.6666666666666666
208,1,160,48,112,25.95,81,27,54,24.0,865984,268992,835232,211280,4,0,51,5,30,250425-005340_Run_1786_Idx_75070,4470,0,5e-05,20000000,17319680.0,5379840.0,16704640.0,4225600.0,0.7,0.6666666666666666
209,1,160,48,112,26.0,81,27,54,27.0,865984,268992,935928,311976,4,0,51,5,30,250424-230851_Run_178_Idx_78813,450,0,5e-05,20000000,17319680.0,5379840.0,18718560.0,6239520.0,0.7,0.6666666666666666
210,1,160,61,99,20.29,144,48,96,24.0,157416,41904,575616,145536,2,0,51,5,30,250424-235414_Run_1409_Idx_23040,3530,0,5e-05,20000000,3148320.0,838080.0,11512320.0,2910720.0,0.61875,0.6666666666666666
211,1,160,48,112,26.04,81,27,54,24.0,892224,275552,835232,211280,4,0,51,5,30,250425-000450_Run_1510_Idx_93338,3780,0,5e-05,20000000,17844480.0,5511040.0,16704640.0,4225600.0,0.7,0.6666666666666666
212,1,145,46,99,26.28,45,15,30,27.0,2182272,706920,1099368,366456,7,0,51,5,30,250424-233915_Run_247_Idx_57481,620,0,5e-05,20000000,43645440.0,14138400.0,21987360.0,7329120.0,0.6827586206896552,0.6666666666666666
213,1,80,25,55,24.78,18,6,12,24.0,2378016,669864,954640,241456,14,0,51,5,30,250424-230511_Run_660_Idx_47249,1650,0,5e-05,20000000,47560320.0,13397280.0,19092800.0,4829120.0,0.6875,0.6666666666666666
214,1,145,45,100,24.07,45,15,30,27.0,1839872,517792,1099368,366456,7,0,51,5,30,250425-000825_Run_1267_Idx_95480,3170,0,5e-05,20000000,36797440.0,10355840.0,21987360.0,7329120.0,0.6896551724137931,0.6666666666666666
215,1,80,25,55,26.21,18,6,12,27.0,2476440,768288,1069776,356592,14,0,51,5,30,250425-000450_Run_1452_Idx_26496,3630,0,5e-05,20000000,49528800.0,15365760.0,21395520.0,7131840.0,0.6875,0.6666666666666666
216,1,145,46,99,25.03,45,15,30,24.0,1754752,582920,877936,261856,7,0,51,5,30,250424-233925_Run_839_Idx_72713,2100,0,5e-05,20000000,35095040.0,11658400.0,17558720.0,5237120.0,0.6827586206896552,0.6666666666666666
217,1,160,48,112,26.3,144,48,96,27.0,226560,70016,645120,215040,2,0,51,5,30,250424-234551_Run_473_Idx_25592,1190,0,5e-05,20000000,4531200.0,1400320.0,12902400.0,4300800.0,0.7,0.6666666666666666
218,1,160,48,112,26.0,144,48,96,27.0,212224,66432,645120,215040,2,0,51,5,30,250424-231228_Run_885_Idx_1990,2220,0,5e-05,20000000,4244480.0,1328640.0,12902400.0,4300800.0,0.7,0.6666666666666666
219,1,80,25,55,21.6,18,6,12,12.33,1907936,552368,35776,13408,14,0,51,5,30,250424-225035_Run_684_Idx_47249,1710,0,5e-05,20000000,38158720.0,11047360.0,715520.0,268160.0,0.6875,0.6666666666666666
220,1,145,47,98,23.79,45,15,30,24.0,1891232,553648,852072,275424,7,0,51,5,30,250424-224539_Run_811_Idx_35805,2030,0,5e-05,20000000,37824640.0,11072960.0,17041440.0,5508480.0,0.6758620689655173,0.6666666666666666
221,1,145,45,100,20.7,45,15,30,19.2,1377632,483552,747960,275424,7,0,51,5,30,250425-000908_Run_1503_Idx_10792,3760,0,5e-05,20000000,27552640.0,9671040.0,14959200.0,5508480.0,0.6896551724137931,0.6666666666666666
222,1,160,54,106,12.71,81,31,50,4.02,425680,143320,61384,27624,4,0,51,5,30,250425-003823_Run_1602_Idx_52699,4010,0,5e-05,20000000,8513600.0,2866400.0,1227680.0,552480.0,0.6625,0.6172839506172839
223,1,145,45,100,16.97,45,15,30,18.13,1120832,415072,614920,235600,7,0,51,5,30,250425-003628_Run_1727_Idx_24331,4320,0,5e-05,20000000,22416640.0,8301440.0,12298400.0,4712000.0,0.6896551724137931,0.6666666666666666
224,1,160,48,112,25.95,81,27,54,27.0,865984,268992,935928,311976,4,0,51,5,30,250424-223641_Run_34_Idx_47915,90,0,5e-05,20000000,17319680.0,5379840.0,18718560.0,6239520.0,0.7,0.6666666666666666
225,1,160,48,112,26.3,144,48,96,27.0,226560,70016,645120,215040,2,0,51,5,30,250424-231138_Run_293_Idx_39758,740,0,5e-05,20000000,4531200.0,1400320.0,12902400.0,4300800.0,0.7,0.6666666666666666
226,1,145,46,99,25.97,45,15,30,27.0,2028672,668520,1099368,366456,7,0,51,5,30,250424-223822_Run_83_Idx_72713,210,0,5e-05,20000000,40573440.0,13370400.0,21987360.0,7329120.0,0.6827586206896552,0.6666666666666666
227,1,160,58,102,21.91,81,27,54,27.0,519096,179016,935928,311976,4,0,51,5,30,250425-000845_Run_1386_Idx_24543,3470,0,5e-05,20000000,10381920.0,3580320.0,18718560.0,6239520.0,0.6375,0.6666666666666666
228,1,160,53,107,20.2,144,48,96,21.0,175104,44608,367104,93408,2,0,51,5,30,250425-003216_Run_1765_Idx_14385,4420,0,5e-05,20000000,3502080.0,892160.0,7342080.0,1868160.0,0.66875,0.6666666666666666
229,1,145,45,100,26.17,45,15,30,27.0,2120832,673632,1099368,366456,7,0,51,5,30,250424-233658_Run_131_Idx_61030,330,0,5e-05,20000000,42416640.0,13472640.0,21987360.0,7329120.0,0.6896551724137931,0.6666666666666666
230,1,145,47,98,25.9,45,15,30,27.0,2148032,690608,1099368,366456,7,0,51,5,30,250424-223445_Run_63_Idx_33549,160,0,5e-05,20000000,42960640.0,13812160.0,21987360.0,7329120.0,0.6758620689655173,0.6666666666666666
231,1,80,24,56,24.18,18,6,12,27.0,1535608,492104,1069776,356592,14,0,51,5,30,250424-233128_Run_972_Idx_54226,2430,0,5e-05,20000000,30712160.0,9842080.0,21395520.0,7131840.0,0.7,0.6666666666666666
232,1,145,45,100,26.17,45,15,30,27.0,2120832,673632,1099368,366456,7,0,51,5,30,250424-224618_Run_215_Idx_61030,540,0,5e-05,20000000,42416640.0,13472640.0,21987360.0,7329120.0,0.6896551724137931,0.6666666666666666
233,1,145,45,100,26.28,45,15,30,27.0,2182272,688992,1099368,366456,7,0,51,5,30,250425-005441_Run_1831_Idx_10792,4580,0,5e-05,20000000,43645440.0,13779840.0,21987360.0,7329120.0,0.6896551724137931,0.6666666666666666
234,1,145,46,99,24.28,45,15,30,27.0,1864032,537480,1099368,366456,7,0,51,5,30,250425-002248_Run_1303_Idx_25884,3260,0,5e-05,20000000,37280640.0,10749600.0,21987360.0,7329120.0,0.6827586206896552,0.6666666666666666
235,1,80,25,55,26.3,18,6,12,27.0,2476440,768288,1069776,356592,14,0,51,5,30,250424-232145_Run_276_Idx_26496,690,0,5e-05,20000000,49528800.0,15365760.0,21395520.0,7131840.0,0.6875,0.6666666666666666
236,1,145,45,100,22.23,45,15,30,27.0,1367552,485312,1099368,366456,7,0,51,5,30,250425-005652_Run_1939_Idx_71006,4850,0,5e-05,20000000,27351040.0,9706240.0,21987360.0,7329120.0,0.6896551724137931,0.6666666666666666
237,1,80,25,55,26.3,18,6,12,27.0,2476440,768288,1069776,356592,14,0,51,5,30,250424-234101_Run_244_Idx_26496,610,0,5e-05,20000000,49528800.0,15365760.0,21395520.0,7131840.0,0.6875,0.6666666666666666
238,1,160,59,101,22.79,81,27,54,27.0,704896,239072,935928,311976,4,0,51,5,30,250424-233736_Run_606_Idx_55921,1520,0,5e-05,20000000,14097920.0,4781440.0,18718560.0,6239520.0,0.63125,0.6666666666666666
239,1,145,44,101,12.63,45,15,30,3.91,1018112,345784,39504,12864,7,0,51,5,30,250425-003748_Run_1603_Idx_52665,4010,0,5e-05,20000000,20362240.0,6915680.0,790080.0,257280.0,0.696551724137931,0.6666666666666666
240,1,160,48,112,26.2,144,48,96,27.0,219904,68352,645120,215040,2,0,51,5,30,250424-225833_Run_433_Idx_5687,1090,0,5e-05,20000000,4398080.0,1367040.0,12902400.0,4300800.0,0.7,0.6666666666666666
241,1,160,48,112,25.95,81,27,54,24.0,865984,268992,835232,211280,4,0,51,5,30,250425-002650_Run_1178_Idx_78813,2950,0,5e-05,20000000,17319680.0,5379840.0,16704640.0,4225600.0,0.7,0.6666666666666666
242,1,160,48,112,26.3,144,48,96,24.0,226560,70016,575616,145536,2,0,51,5,30,250424-232015_Run_753_Idx_82062,1890,0,5e-05,20000000,4531200.0,1400320.0,11512320.0,2910720.0,0.7,0.6666666666666666
243,1,80,25,55,22.82,18,6,12,24.0,2220344,571440,954640,241456,14,0,51,5,30,250425-005325_Run_1864_Idx_47249,4660,0,5e-05,20000000,44406880.0,11428800.0,19092800.0,4829120.0,0.6875,0.6666666666666666
244,1,145,46,99,25.99,45,15,30,27.0,2103712,674440,1099368,366456,7,0,51,5,30,250424-224011_Run_15_Idx_86910,40,0,5e-05,20000000,42074240.0,13488800.0,21987360.0,7329120.0,0.6827586206896552,0.6666666666666666
245,1,160,48,112,26.2,144,48,96,24.0,219904,68352,575616,145536,2,0,51,5,30,250425-002849_Run_1293_Idx_5687,3240,0,5e-05,20000000,4398080.0,1367040.0,11512320.0,2910720.0,0.7,0.6666666666666666
246,1,160,48,112,26.2,144,48,96,27.0,219904,68352,645120,215040,2,0,51,5,30,250425-005022_Run_1853_Idx_5687,4640,0,5e-05,20000000,4398080.0,1367040.0,12902400.0,4300800.0,0.7,0.6666666666666666
247,1,160,48,112,25.0,144,48,96,24.0,212224,66432,497424,145536,2,0,51,5,30,250424-224126_Run_937_Idx_1990,2350,0,5e-05,20000000,4244480.0,1328640.0,9948480.0,2910720.0,0.7,0.6666666666666666
248,1,145,44,101,24.34,45,15,30,18.27,1874112,585464,615376,235600,7,0,51,5,30,250425-005021_Run_1807_Idx_52665,4520,0,5e-05,20000000,37482240.0,11709280.0,12307520.0,4712000.0,0.696551724137931,0.6666666666666666
249,1,160,48,112,25.91,81,27,54,27.0,892224,275552,935928,311976,4,0,51,5,30,250424-230834_Run_298_Idx_34316,750,0,5e-05,20000000,17844480.0,5511040.0,18718560.0,6239520.0,0.7,0.6666666666666666
250,1,160,50,110,21.06,81,27,54,24.0,469792,162376,835232,211280,4,0,51,5,30,250425-004839_Run_1794_Idx_74976,4490,0,5e-05,20000000,9395840.0,3247520.0,16704640.0,4225600.0,0.6875,0.6666666666666666
251,1,160,48,112,26.2,144,48,96,24.0,219904,68352,575616,145536,2,0,51,5,30,250424-225114_Run_445_Idx_5687,1120,0,5e-05,20000000,4398080.0,1367040.0,11512320.0,2910720.0,0.7,0.6666666666666666
252,1,160,48,112,24.75,81,27,54,23.0,830272,260064,628680,162456,4,0,51,5,30,250425-001446_Run_1078_Idx_28528,2700,0,5e-05,20000000,16605440.0,5201280.0,12573600.0,3249120.0,0.7,0.6666666666666666
253,1,80,25,55,25.26,18,6,12,24.0,2319736,729112,609232,241456,14,0,51,5,30,250425-001321_Run_1496_Idx_66277,3740,0,5e-05,20000000,46394720.0,14582240.0,12184640.0,4829120.0,0.6875,0.6666666666666666
254,1,160,54,106,23.42,81,27,54,27.0,725776,211152,935928,311976,4,0,51,5,30,250425-001605_Run_1374_Idx_89561,3440,0,5e-05,20000000,14515520.0,4223040.0,18718560.0,6239520.0,0.6625,0.6666666666666666
255,1,145,45,100,19.97,45,15,30,15.69,1548832,397952,508528,130120,7,0,51,5,30,250425-010044_Run_1959_Idx_10792,4900,0,5e-05,20000000,30976640.0,7959040.0,10170560.0,2602400.0,0.6896551724137931,0.6666666666666666
256,1,160,57,103,23.5,144,48,96,27.0,182920,57672,645120,215040,2,0,51,5,30,250425-004200_Run_1657_Idx_42541,4150,0,5e-05,20000000,3658400.0,1153440.0,12902400.0,4300800.0,0.64375,0.6666666666666666
257,1,145,46,99,25.46,45,15,30,24.0,2165152,689800,773304,275424,7,0,51,5,30,250424-230851_Run_535_Idx_15193,1340,0,5e-05,20000000,43303040.0,13796000.0,15466080.0,5508480.0,0.6827586206896552,0.6666666666666666
258,1,160,48,112,24.2,81,29,52,17.84,892224,275552,328320,124496,4,0,51,5,30,250425-003116_Run_1614_Idx_48395,4040,0,5e-05,20000000,17844480.0,5511040.0,6566400.0,2489920.0,0.7,0.6419753086419753
259,1,145,51,94,24.14,45,20,25,21.0,1823232,604080,863032,252272,7,0,51,5,30,250424-224045_Run_79_Idx_91190,200,0,5e-05,20000000,36464640.0,12081600.0,17260640.0,5045440.0,0.6482758620689655,0.5555555555555556
260,1,145,49,96,20.16,45,16,29,18.82,1446592,379904,719488,183976,7,0,51,5,30,250424-225157_Run_919_Idx_56859,2300,0,5e-05,20000000,28931840.0,7598080.0,14389760.0,3679520.0,0.6620689655172414,0.6444444444444445
261,1,160,48,112,25.85,81,27,54,27.0,865984,268992,935928,311976,4,0,51,5,30,250424-234808_Run_350_Idx_47915,880,0,5e-05,20000000,17319680.0,5379840.0,18718560.0,6239520.0,0.7,0.6666666666666666
262,1,145,45,100,24.31,45,15,30,27.0,1487392,502432,1099368,366456,7,0,51,5,30,250425-001402_Run_1139_Idx_50286,2850,0,5e-05,20000000,29747840.0,10048640.0,21987360.0,7329120.0,0.6896551724137931,0.6666666666666666
263,1,160,48,112,26.3,144,61,83,21.04,226560,70016,471360,138616,2,0,51,5,30,250424-234327_Run_477_Idx_78435,1200,0,5e-05,20000000,4531200.0,1400320.0,9427200.0,2772320.0,0.7,0.5763888888888888
264,1,145,46,99,25.13,45,15,30,24.0,1898272,605960,719032,261856,7,0,51,5,30,250424-231523_Run_999_Idx_32731,2500,0,5e-05,20000000,37965440.0,12119200.0,14380640.0,5237120.0,0.6827586206896552,0.6666666666666666
265,1,145,54,91,10.18,45,30,15,1.2,744192,199784,39504,26184,7,0,51,5,30,250424-225240_Run_799_Idx_79462,2000,0,5e-05,20000000,14883840.0,3995680.0,790080.0,523680.0,0.6275862068965518,0.3333333333333333
266,1,145,45,100,26.17,45,15,30,27.0,2120832,673632,1099368,366456,7,0,51,5,30,250424-225944_Run_431_Idx_71006,1080,0,5e-05,20000000,42416640.0,13472640.0,21987360.0,7329120.0,0.6896551724137931,0.6666666666666666
267,1,160,57,103,23.5,144,52,92,19.12,182920,57672,380136,133048,2,0,51,5,30,250425-000931_Run_1325_Idx_1953,3320,0,5e-05,20000000,3658400.0,1153440.0,7602720.0,2660960.0,0.64375,0.6388888888888888
268,1,145,46,99,25.99,45,15,30,27.0,2103712,674440,1099368,366456,7,0,51,5,30,250424-234506_Run_355_Idx_25884,890,0,5e-05,20000000,42074240.0,13488800.0,21987360.0,7329120.0,0.6827586206896552,0.6666666666666666
269,1,160,56,104,22.44,81,27,54,27.0,629224,221016,935928,311976,4,0,51,5,30,250425-001125_Run_1262_Idx_42754,3160,0,5e-05,20000000,12584480.0,4420320.0,18718560.0,6239520.0,0.65,0.6666666666666666
270,1,160,54,106,23.25,81,27,54,27.0,726064,211152,935928,311976,4,0,51,5,30,250425-002307_Run_1422_Idx_84873,3560,0,5e-05,20000000,14521280.0,4223040.0,18718560.0,6239520.0,0.6625,0.6666666666666666
271,1,160,48,112,26.2,144,48,96,27.0,219904,68352,645120,215040,2,0,51,5,30,250424-235330_Run_1233_Idx_7420,3090,0,5e-05,20000000,4398080.0,1367040.0,12902400.0,4300800.0,0.7,0.6666666666666666
272,1,145,45,100,25.72,45,15,30,24.0,2028192,637632,877936,261856,7,0,51,5,30,250424-231415_Run_763_Idx_95480,1910,0,5e-05,20000000,40563840.0,12752640.0,17558720.0,5237120.0,0.6896551724137931,0.6666666666666666
273,1,80,25,55,22.68,18,6,12,27.0,1651808,552336,1069776,356592,14,0,51,5,30,250424-232048_Run_752_Idx_89663,1880,0,5e-05,20000000,33036160.0,11046720.0,21395520.0,7131840.0,0.6875,0.6666666666666666
274,1,160,58,102,23.6,144,48,96,27.0,191184,61008,645120,215040,2,0,51,5,30,250424-235439_Run_1289_Idx_1553,3230,0,5e-05,20000000,3823680.0,1220160.0,12902400.0,4300800.0,0.6375,0.6666666666666666
275,1,160,48,112,26.2,144,48,96,27.0,219904,68352,645120,215040,2,0,51,5,30,250424-225728_Run_1029_Idx_81871,2580,0,5e-05,20000000,4398080.0,1367040.0,12902400.0,4300800.0,0.7,0.6666666666666666
276,1,80,24,56,24.18,18,6,12,27.0,1535608,492104,1069776,356592,14,0,51,5,30,250424-231709_Run_996_Idx_54226,2490,0,5e-05,20000000,30712160.0,9842080.0,21395520.0,7131840.0,0.7,0.6666666666666666
277,1,160,48,112,25.95,81,27,54,21.11,865984,268992,440768,112664,4,0,51,5,30,250425-001343_Run_1318_Idx_47915,3300,0,5e-05,20000000,17319680.0,5379840.0,8815360.0,2253280.0,0.7,0.6666666666666666
278,1,80,25,55,26.3,18,6,12,27.0,2476440,768288,1069776,356592,14,0,51,5,30,250424-223403_Run_12_Idx_26496,30,0,5e-05,20000000,49528800.0,15365760.0,21395520.0,7131840.0,0.6875,0.6666666666666666
279,1,80,25,55,25.18,18,6,12,24.0,2319736,729112,781936,241456,14,0,51,5,30,250424-225524_Run_676_Idx_47249,1690,0,5e-05,20000000,46394720.0,14582240.0,15638720.0,4829120.0,0.6875,0.6666666666666666
280,1,80,25,55,11.6,18,6,12,3.22,1002984,316312,33552,11184,14,0,51,5,30,250425-003714_Run_1604_Idx_89663,4010,0,5e-05,20000000,20059680.0,6326240.0,671040.0,223680.0,0.6875,0.6666666666666666
281,1,145,46,99,26.28,45,15,30,27.0,2182272,706920,1099368,366456,7,0,51,5,30,250424-235123_Run_227_Idx_57481,570,0,5e-05,20000000,43645440.0,14138400.0,21987360.0,7329120.0,0.6827586206896552,0.6666666666666666
282,1,160,48,112,26.0,81,27,54,27.0,865984,268992,935928,311976,4,0,51,5,30,250424-233248_Run_138_Idx_78813,350,0,5e-05,20000000,17319680.0,5379840.0,18718560.0,6239520.0,0.7,0.6666666666666666
283,1,145,46,99,25.9,45,15,30,27.0,2113792,672680,1099368,366456,7,0,51,5,30,250424-234631_Run_591_Idx_79281,1480,0,5e-05,20000000,42275840.0,13453600.0,21987360.0,7329120.0,0.6827586206896552,0.6666666666666666
284,1,160,55,105,21.01,144,48,96,24.0,175104,44736,575616,145536,2,0,51,5,30,250425-003826_Run_1693_Idx_29874,4240,0,5e-05,20000000,3502080.0,894720.0,11512320.0,2910720.0,0.65625,0.6666666666666666
285,1,160,48,112,26.2,144,48,96,27.0,219904,68352,645120,215040,2,0,51,5,30,250425-000807_Run_1149_Idx_81871,2880,0,5e-05,20000000,4398080.0,1367040.0,12902400.0,4300800.0,0.7,0.6666666666666666
286,1,80,25,55,24.86,18,6,12,21.22,2319736,729112,609232,241456,14,0,51,5,30,250425-004711_Run_1740_Idx_26496,4350,0,5e-05,20000000,46394720.0,14582240.0,12184640.0,4829120.0,0.6875,0.6666666666666666
287,1,160,48,112,25.91,81,27,54,24.0,892224,275552,835232,211280,4,0,51,5,30,250424-235829_Run_1462_Idx_34316,3660,0,5e-05,20000000,17844480.0,5511040.0,16704640.0,4225600.0,0.7,0.6666666666666666
288,1,80,25,55,22.8,18,6,12,24.11,1784296,506864,618128,243680,14,0,51,5,30,250425-004742_Run_1780_Idx_57146,4450,0,5e-05,20000000,35685920.0,10137280.0,12362560.0,4873600.0,0.6875,0.6666666666666666
289,1,145,46,99,22.76,45,15,30,15.04,1720032,587080,154024,130120,7,0,51,5,30,250425-003546_Run_1759_Idx_57481,4400,0,5e-05,20000000,34400640.0,11741600.0,3080480.0,2602400.0,0.6827586206896552,0.6666666666666666
290,1,80,25,55,24.92,18,6,12,24.0,2202208,689936,609232,241456,14,0,51,5,30,250424-225749_Run_672_Idx_47249,1680,0,5e-05,20000000,44044160.0,13798720.0,12184640.0,4829120.0,0.6875,0.6666666666666666
291,1,145,46,99,26.17,45,15,30,27.0,2120832,691560,1099368,366456,7,0,51,5,30,250424-232228_Run_987_Idx_32731,2470,0,5e-05,20000000,42416640.0,13831200.0,21987360.0,7329120.0,0.6827586206896552,0.6666666666666666
292,1,145,46,99,20.86,45,15,30,27.0,1446112,518600,1099368,366456,7,0,51,5,30,250425-000255_Run_1455_Idx_57481,3640,0,5e-05,20000000,28922240.0,10372000.0,21987360.0,7329120.0,0.6827586206896552,0.6666666666666666
293,1,160,48,112,26.0,144,48,96,24.0,212224,66432,523488,145536,2,0,51,5,30,250424-234036_Run_837_Idx_1990,2100,0,5e-05,20000000,4244480.0,1328640.0,10469760.0,2910720.0,0.7,0.6666666666666666
294,1,145,45,100,26.28,45,15,30,27.0,2182272,688992,1099368,366456,7,0,51,5,30,250424-224923_Run_567_Idx_10792,1420,0,5e-05,20000000,43645440.0,13779840.0,21987360.0,7329120.0,0.6896551724137931,0.6666666666666666
295,1,160,48,112,26.12,81,34,47,21.07,892224,275552,659720,191472,4,0,51,5,30,250424-234250_Run_478_Idx_76005,1200,0,5e-05,20000000,17844480.0,5511040.0,13194400.0,3829440.0,0.7,0.5802469135802469
296,1,160,61,99,23.13,144,48,96,27.0,191184,66024,645120,215040,2,0,51,5,30,250424-230931_Run_653_Idx_23040,1640,0,5e-05,20000000,3823680.0,1320480.0,12902400.0,4300800.0,0.61875,0.6666666666666666
297,1,160,56,104,23.38,81,27,54,27.0,742032,227536,935928,311976,4,0,51,5,30,250425-000902_Run_1266_Idx_42754,3170,0,5e-05,20000000,14840640.0,4550720.0,18718560.0,6239520.0,0.65,0.6666666666666666
298,1,80,25,55,26.21,18,6,12,27.0,2476440,768288,1069776,356592,14,0,51,5,30,250424-223714_Run_72_Idx_89663,180,0,5e-05,20000000,49528800.0,15365760.0,21395520.0,7131840.0,0.6875,0.6666666666666666
299,1,80,25,55,26.21,18,6,12,27.0,2476440,768288,1069776,356592,14,0,51,5,30,250425-002659_Run_1236_Idx_89663,3090,0,5e-05,20000000,49528800.0,15365760.0,21395520.0,7131840.0,0.6875,0.6666666666666666
300,1,160,48,112,25.95,81,27,54,24.0,865984,268992,835232,211280,4,0,51,5,30,250424-223408_Run_38_Idx_47915,100,0,5e-05,20000000,17319680.0,5379840.0,16704640.0,4225600.0,0.7,0.6666666666666666
301,1,145,46,99,21.78,45,15,30,27.0,1292512,480200,1099368,366456,7,0,51,5,30,250425-003203_Run_1551_Idx_72713,3880,0,5e-05,20000000,25850240.0,9604000.0,21987360.0,7329120.0,0.6827586206896552,0.6666666666666666
302,1,160,48,112,25.6,144,48,96,22.89,226560,70016,523488,136848,2,0,51,5,30,250424-225229_Run_681_Idx_13251,1710,0,5e-05,20000000,4531200.0,1400320.0,10469760.0,2736960.0,0.7,0.6666666666666666
303,1,80,25,55,25.02,18,6,12,24.11,2011768,652120,618128,243680,14,0,51,5,30,250424-234209_Run_360_Idx_65229,900,0,5e-05,20000000,40235360.0,13042400.0,12362560.0,4873600.0,0.6875,0.6666666666666666
304,1,145,47,98,25.06,45,15,30,27.0,1966752,606768,1099368,366456,7,0,51,5,30,250425-000917_Run_1147_Idx_8263,2870,0,5e-05,20000000,39335040.0,12135360.0,21987360.0,7329120.0,0.6758620689655173,0.6666666666666666
305,1,160,48,112,26.2,144,48,96,27.0,219904,68352,645120,215040,2,0,51,5,30,250424-234739_Run_113_Idx_7420,290,0,5e-05,20000000,4398080.0,1367040.0,12902400.0,4300800.0,0.7,0.6666666666666666
306,1,145,44,101,17.25,45,15,30,9.53,1052352,380024,142704,117432,7,0,51,5,30,250425-002458_Run_1359_Idx_51592,3400,0,5e-05,20000000,21047040.0,7600480.0,2854080.0,2348640.0,0.696551724137931,0.6666666666666666
307,1,145,45,100,26.17,45,15,30,27.0,2120832,673632,1099368,366456,7,0,51,5,30,250424-224511_Run_455_Idx_71006,1140,0,5e-05,20000000,42416640.0,13472640.0,21987360.0,7329120.0,0.6896551724137931,0.6666666666666666
308,1,160,48,112,25.95,81,27,54,27.0,865984,268992,935928,311976,4,0,51,5,30,250424-230748_Run_418_Idx_47915,1050,0,5e-05,20000000,17319680.0,5379840.0,18718560.0,6239520.0,0.7,0.6666666666666666
309,1,80,25,55,21.04,18,6,12,24.0,1553384,493088,954640,241456,14,0,51,5,30,250425-003409_Run_1700_Idx_66277,4250,0,5e-05,20000000,31067680.0,9861760.0,19092800.0,4829120.0,0.6875,0.6666666666666666
310,1,160,48,112,26.3,144,48,96,27.0,226560,70016,645120,215040,2,0,51,5,30,250424-224814_Run_569_Idx_25592,1430,0,5e-05,20000000,4531200.0,1400320.0,12902400.0,4300800.0,0.7,0.6666666666666666
311,1,80,25,55,19.74,18,6,12,21.67,1258112,453912,609232,241456,14,0,51,5,30,250424-235448_Run_1408_Idx_47249,3520,0,5e-05,20000000,25162240.0,9078240.0,12184640.0,4829120.0,0.6875,0.6666666666666666
312,1,160,48,112,26.2,144,48,96,27.0,219904,68352,645120,215040,2,0,51,5,30,250424-224402_Run_457_Idx_5687,1150,0,5e-05,20000000,4398080.0,1367040.0,12902400.0,4300800.0,0.7,0.6666666666666666
313,1,80,25,55,26.0,18,6,12,27.0,2399416,749032,1069776,356592,14,0,51,5,30,250424-232308_Run_392_Idx_65229,980,0,5e-05,20000000,47988320.0,14980640.0,21395520.0,7131840.0,0.6875,0.6666666666666666
314,1,160,48,112,25.95,81,27,54,24.0,865984,268992,835232,211280,4,0,51,5,30,250425-001931_Run_1130_Idx_75070,2830,0,5e-05,20000000,17319680.0,5379840.0,16704640.0,4225600.0,0.7,0.6666666666666666
315,1,160,48,112,26.3,144,48,96,27.0,226560,70016,645120,215040,2,0,51,5,30,250424-230139_Run_309_Idx_39758,780,0,5e-05,20000000,4531200.0,1400320.0,12902400.0,4300800.0,0.7,0.6666666666666666
316,1,80,24,56,19.6,18,6,12,21.0,1418080,452928,609232,241456,14,0,51,5,30,250425-000401_Run_1216_Idx_61908,3040,0,5e-05,20000000,28361600.0,9058560.0,12184640.0,4829120.0,0.7,0.6666666666666666
317,1,145,46,99,22.86,45,15,30,27.0,1497472,535720,1099368,366456,7,0,51,5,30,250425-005803_Run_1991_Idx_57481,4980,0,5e-05,20000000,29949440.0,10714400.0,21987360.0,7329120.0,0.6827586206896552,0.6666666666666666
318,1,160,48,112,26.2,144,48,96,27.0,219904,68352,645120,215040,2,0,51,5,30,250424-230220_Run_1021_Idx_81871,2560,0,5e-05,20000000,4398080.0,1367040.0,12902400.0,4300800.0,0.7,0.6666666666666666
319,1,160,48,112,25.85,81,27,54,27.0,865984,268992,935928,311976,4,0,51,5,30,250424-230021_Run_430_Idx_47915,1080,0,5e-05,20000000,17319680.0,5379840.0,18718560.0,6239520.0,0.7,0.6666666666666666
320,1,145,45,100,26.17,45,15,30,27.0,2120832,673632,1099368,366456,7,0,51,5,30,250424-233056_Run_379_Idx_71006,950,0,5e-05,20000000,42416640.0,13472640.0,21987360.0,7329120.0,0.6896551724137931,0.6666666666666666
321,1,160,48,112,25.81,81,27,54,24.0,830272,260064,666632,202184,4,0,51,5,30,250424-233740_Run_842_Idx_28528,2110,0,5e-05,20000000,16605440.0,5201280.0,13332640.0,4043680.0,0.7,0.6666666666666666
322,1,145,45,100,25.34,45,15,30,24.0,2113792,620512,981200,248288,7,0,51,5,30,250425-005705_Run_1979_Idx_24331,4950,0,5e-05,20000000,42275840.0,12410240.0,19624000.0,4965760.0,0.6896551724137931,0.6666666666666666
323,1,145,47,98,24.48,45,16,29,21.13,1778432,606768,641632,210232,7,0,51,5,30,250424-233908_Run_959_Idx_87327,2400,0,5e-05,20000000,35568640.0,12135360.0,12832640.0,4204640.0,0.6758620689655173,0.6444444444444445
324,1,80,25,55,24.69,18,6,12,24.0,2378016,669864,954640,241456,14,0,51,5,30,250425-001730_Run_1252_Idx_89663,3130,0,5e-05,20000000,47560320.0,13397280.0,19092800.0,4829120.0,0.6875,0.6666666666666666
325,1,160,49,111,20.02,81,27,54,23.67,419144,154704,540128,193088,4,0,51,5,30,250425-005905_Run_1894_Idx_79768,4740,0,5e-05,20000000,8382880.0,3094080.0,10802560.0,3861760.0,0.69375,0.6666666666666666
326,1,80,25,55,18.88,18,6,12,15.0,1014544,348584,33552,11184,14,0,51,5,30,250425-005234_Run_1772_Idx_57146,4430,0,5e-05,20000000,20290880.0,6971680.0,671040.0,223680.0,0.6875,0.6666666666666666
327,1,145,45,100,25.46,45,15,30,24.11,1850496,606048,636232,250672,7,0,51,5,30,250424-234243_Run_359_Idx_71006,900,0,5e-05,20000000,37009920.0,12120960.0,12724640.0,5013440.0,0.6896551724137931,0.6666666666666666
328,1,145,46,99,22.99,45,15,30,24.0,1829792,469000,981200,248288,7,0,51,5,30,250424-230555_Run_1015_Idx_32731,2540,0,5e-05,20000000,36595840.0,9380000.0,19624000.0,4965760.0,0.6827586206896552,0.6666666666666666
329,1,160,50,110,19.33,81,27,54,18.02,452688,145320,221552,57416,4,0,51,5,30,250425-005347_Run_1770_Idx_56365,4430,0,5e-05,20000000,9053760.0,2906400.0,4431040.0,1148320.0,0.6875,0.6666666666666666
330,1,160,48,112,26.2,144,48,96,27.0,219904,68352,645120,215040,2,0,51,5,30,250424-230100_Run_429_Idx_5687,1080,0,5e-05,20000000,4398080.0,1367040.0,12902400.0,4300800.0,0.7,0.6666666666666666
331,1,160,59,101,23.5,144,48,96,27.0,170056,61016,645120,215040,2,0,51,5,30,250425-001517_Run_1137_Idx_33085,2850,0,5e-05,20000000,3401120.0,1220320.0,12902400.0,4300800.0,0.63125,0.6666666666666666
332,1,145,45,100,24.04,45,15,30,27.0,1839872,517792,1099368,366456,7,0,51,5,30,250425-001527_Run_1375_Idx_24331,3440,0,5e-05,20000000,36797440.0,10355840.0,21987360.0,7329120.0,0.6896551724137931,0.6666666666666666
333,1,145,46,99,25.62,45,15,30,24.0,2028192,655560,956704,261856,7,0,51,5,30,250424-234146_Run_599_Idx_79281,1500,0,5e-05,20000000,40563840.0,13111200.0,19134080.0,5237120.0,0.6827586206896552,0.6666666666666666
334,1,160,48,112,25.47,81,34,47,21.33,892224,275552,623336,182376,4,0,51,5,30,250424-232523_Run_270_Idx_35733,680,0,5e-05,20000000,17844480.0,5511040.0,12466720.0,3647520.0,0.7,0.5802469135802469
335,1,80,24,56,24.42,18,7,11,21.33,1965216,589712,724368,243320,14,0,51,5,30,250424-234326_Run_240_Idx_26496,600,0,5e-05,20000000,39304320.0,11794240.0,14487360.0,4866400.0,0.7,0.6111111111111112
336,1,80,27,53,23.14,18,6,12,27.0,1929432,654264,1069776,356592,14,0,51,5,30,250424-233626_Run_608_Idx_81791,1520,0,5e-05,20000000,38588640.0,13085280.0,21395520.0,7131840.0,0.6625,0.6666666666666666
337,1,145,45,100,26.17,45,15,30,27.0,2120832,673632,1099368,366456,7,0,51,5,30,250424-231745_Run_163_Idx_61030,410,0,5e-05,20000000,42416640.0,13472640.0,21987360.0,7329120.0,0.6896551724137931,0.6666666666666666
338,1,145,45,100,26.17,45,15,30,27.0,2120832,673632,1099368,366456,7,0,51,5,30,250424-235236_Run_343_Idx_71006,860,0,5e-05,20000000,42416640.0,13472640.0,21987360.0,7329120.0,0.6896551724137931,0.6666666666666666
339,1,160,57,103,16.06,81,27,54,24.0,427168,111120,835232,211280,4,0,51,5,30,250425-000104_Run_1458_Idx_6329,3650,0,5e-05,20000000,8543360.0,2222400.0,16704640.0,4225600.0,0.64375,0.6666666666666666
340,1,145,45,100,26.17,45,15,30,27.0,2120832,673632,1099368,366456,7,0,51,5,30,250424-230211_Run_427_Idx_71006,1070,0,5e-05,20000000,42416640.0,13472640.0,21987360.0,7329120.0,0.6896551724137931,0.6666666666666666
341,1,80,25,55,25.11,18,6,12,24.0,2082744,669864,609232,241456,14,0,51,5,30,250424-231450_Run_644_Idx_47249,1610,0,5e-05,20000000,41654880.0,13397280.0,12184640.0,4829120.0,0.6875,0.6666666666666666
342,1,80,25,55,24.18,18,6,12,27.0,1575848,513104,1069776,356592,14,0,51,5,30,250424-230252_Run_1020_Idx_73672,2550,0,5e-05,20000000,31516960.0,10262080.0,21395520.0,7131840.0,0.6875,0.6666666666666666
343,1,145,45,100,22.59,45,15,30,24.0,1874112,483552,981200,248288,7,0,51,5,30,250425-005402_Run_1863_Idx_24331,4660,0,5e-05,20000000,37482240.0,9671040.0,19624000.0,4965760.0,0.6896551724137931,0.6666666666666666
344,1,160,48,112,24.77,81,28,53,16.25,892224,275552,142688,75040,4,0,51,5,30,250425-003401_Run_1762_Idx_66276,4410,0,5e-05,20000000,17844480.0,5511040.0,2853760.0,1500800.0,0.7,0.654320987654321
345,1,160,48,112,26.2,144,48,96,27.0,219904,68352,645120,215040,2,0,51,5,30,250424-223403_Run_25_Idx_7420,70,0,5e-05,20000000,4398080.0,1367040.0,12902400.0,4300800.0,0.7,0.6666666666666666
346,1,160,57,103,20.2,144,53,91,17.86,175104,44864,323664,85400,2,0,51,5,30,250425-004638_Run_1741_Idx_91607,4360,0,5e-05,20000000,3502080.0,897280.0,6473280.0,1708000.0,0.64375,0.6319444444444444
347,1,145,46,99,24.7,45,15,30,27.0,1898272,571720,1099368,366456,7,0,51,5,30,250425-002851_Run_1587_Idx_32731,3970,0,5e-05,20000000,37965440.0,11434400.0,21987360.0,7329120.0,0.6827586206896552,0.6666666666666666
348,1,160,48,112,25.81,81,27,54,27.0,830272,260064,935928,311976,4,0,51,5,30,250425-003955_Run_1538_Idx_28528,3850,0,5e-05,20000000,16605440.0,5201280.0,18718560.0,6239520.0,0.7,0.6666666666666666
349,1,145,45,100,24.5,45,15,30,27.0,1864032,536672,1099368,366456,7,0,51,5,30,250425-004751_Run_1827_Idx_61030,4570,0,5e-05,20000000,37280640.0,10733440.0,21987360.0,7329120.0,0.6896551724137931,0.6666666666666666
350,1,145,45,100,18.48,45,15,30,24.0,1155072,295232,981200,248288,7,0,51,5,30,250425-000641_Run_1507_Idx_10792,3770,0,5e-05,20000000,23101440.0,5904640.0,19624000.0,4965760.0,0.6896551724137931,0.6666666666666666
351,1,80,24,56,25.42,18,6,12,27.0,2201600,648808,1069776,356592,14,0,51,5,30,250424-224127_Run_1056_Idx_54226,2640,0,5e-05,20000000,44032000.0,12976160.0,21395520.0,7131840.0,0.7,0.6666666666666666
352,1,160,56,104,20.9,144,48,96,24.0,136512,44800,484392,145536,2,0,51,5,30,250424-235518_Run_1525_Idx_71787,3820,0,5e-05,20000000,2730240.0,896000.0,9687840.0,2910720.0,0.65,0.6666666666666666
353,1,145,45,100,23.19,45,15,30,24.0,1350432,416832,981200,248288,7,0,51,5,30,250425-005248_Run_1819_Idx_61030,4550,0,5e-05,20000000,27008640.0,8336640.0,19624000.0,4965760.0,0.6896551724137931,0.6666666666666666
354,1,80,25,55,17.0,18,6,12,18.44,1181088,434656,609232,241456,14,0,51,5,30,250425-005544_Run_1844_Idx_65229,4610,0,5e-05,20000000,23621760.0,8693120.0,12184640.0,4829120.0,0.6875,0.6666666666666666
355,1,80,25,55,24.61,18,6,12,27.0,1769336,591512,1069776,356592,14,0,51,5,30,250425-001704_Run_1432_Idx_26496,3580,0,5e-05,20000000,35386720.0,11830240.0,21395520.0,7131840.0,0.6875,0.6666666666666666
356,1,145,45,100,26.28,45,15,30,27.0,2182272,688992,1099368,366456,7,0,51,5,30,250424-232346_Run_747_Idx_95480,1870,0,5e-05,20000000,43645440.0,13779840.0,21987360.0,7329120.0,0.6896551724137931,0.6666666666666666
357,1,145,47,98,24.1,45,15,30,27.0,1497952,515248,1099368,366456,7,0,51,5,30,250424-231814_Run_875_Idx_40177,2190,0,5e-05,20000000,29959040.0,10304960.0,21987360.0,7329120.0,0.6758620689655173,0.6666666666666666
358,1,160,48,112,26.2,144,48,96,27.0,219904,68352,645120,215040,2,0,51,5,30,250425-005855_Run_1949_Idx_7420,4880,0,5e-05,20000000,4398080.0,1367040.0,12902400.0,4300800.0,0.7,0.6666666666666666
359,1,80,24,56,23.44,18,6,12,24.0,1672240,511208,954640,241456,14,0,51,5,30,250425-003028_Run_1676_Idx_61908,4190,0,5e-05,20000000,33444800.0,10224160.0,19092800.0,4829120.0,0.7,0.6666666666666666
360,1,80,25,55,21.86,18,6,12,18.67,1730520,513008,609232,241456,14,0,51,5,30,250425-000739_Run_1328_Idx_65229,3320,0,5e-05,20000000,34610400.0,10260160.0,12184640.0,4829120.0,0.6875,0.6666666666666666
361,1,160,48,112,26.0,144,48,96,27.0,212224,66432,645120,215040,2,0,51,5,30,250424-223714_Run_85_Idx_1990,220,0,5e-05,20000000,4244480.0,1328640.0,12902400.0,4300800.0,0.7,0.6666666666666666
362,1,160,57,103,20.89,144,54,90,17.89,168448,43200,388824,107256,2,0,51,5,30,250425-003118_Run_1645_Idx_63678,4120,0,5e-05,20000000,3368960.0,864000.0,7776480.0,2145120.0,0.64375,0.625
363,1,145,46,99,24.8,45,15,30,27.0,1959712,587080,1099368,366456,7,0,51,5,30,250425-002230_Run_1423_Idx_57481,3560,0,5e-05,20000000,39194240.0,11741600.0,21987360.0,7329120.0,0.6827586206896552,0.6666666666666666
364,1,160,48,112,26.3,144,48,96,27.0,226560,70016,645120,215040,2,0,51,5,30,250424-232615_Run_625_Idx_13251,1570,0,5e-05,20000000,4531200.0,1400320.0,12902400.0,4300800.0,0.7,0.6666666666666666
365,1,160,55,105,23.34,81,27,54,22.69,733904,219344,655376,202184,4,0,51,5,30,250425-002327_Run_1242_Idx_86340,3110,0,5e-05,20000000,14678080.0,4386880.0,13107520.0,4043680.0,0.65625,0.6666666666666666
366,1,80,25,55,25.88,18,6,12,27.0,2358912,729112,1069776,356592,14,0,51,5,30,250424-230142_Run_784_Idx_89663,1960,0,5e-05,20000000,47178240.0,14582240.0,21395520.0,7131840.0,0.6875,0.6666666666666666
367,1,145,45,100,26.28,45,15,30,27.0,2182272,688992,1099368,366456,7,0,51,5,30,250424-225502_Run_795_Idx_95480,1990,0,5e-05,20000000,43645440.0,13779840.0,21987360.0,7329120.0,0.6896551724137931,0.6666666666666666
368,1,145,44,101,25.72,45,15,30,24.0,1976832,619704,799168,261856,7,0,51,5,30,250424-233808_Run_723_Idx_52665,1810,0,5e-05,20000000,39536640.0,12394080.0,15983360.0,5237120.0,0.696551724137931,0.6666666666666666
369,1,160,49,111,20.7,81,27,54,24.0,664672,168544,835232,211280,4,0,51,5,30,250425-005953_Run_1934_Idx_96951,4840,0,5e-05,20000000,13293440.0,3370880.0,16704640.0,4225600.0,0.69375,0.6666666666666666
370,1,160,48,112,25.99,81,27,54,24.11,892224,275552,541464,213360,4,0,51,5,30,250424-232035_Run_278_Idx_34316,700,0,5e-05,20000000,17844480.0,5511040.0,10829280.0,4267200.0,0.7,0.6666666666666666
371,1,160,61,99,23.5,144,48,96,23.06,189352,64360,510456,145536,2,0,51,5,30,250425-002448_Run_1121_Idx_48177,2810,0,5e-05,20000000,3787040.0,1287200.0,10209120.0,2910720.0,0.61875,0.6666666666666666
372,1,160,48,112,25.38,81,27,54,24.0,892224,275552,671456,193088,4,0,51,5,30,250424-230127_Run_666_Idx_85773,1670,0,5e-05,20000000,17844480.0,5511040.0,13429120.0,3861760.0,0.7,0.6666666666666666
373,1,160,48,112,25.91,81,27,54,27.0,892224,275552,935928,311976,4,0,51,5,30,250425-000608_Run_1450_Idx_34316,3630,0,5e-05,20000000,17844480.0,5511040.0,18718560.0,6239520.0,0.7,0.6666666666666666
374,1,80,25,55,22.31,18,6,12,18.0,1907296,552184,494096,126320,14,0,51,5,30,250425-010107_Run_1932_Idx_65229,4830,0,5e-05,20000000,38145920.0,11043680.0,9881920.0,2526400.0,0.6875,0.6666666666666666
375,1,160,51,109,22.79,81,27,54,24.0,485472,162728,835232,211280,4,0,51,5,30,250425-005327_Run_1818_Idx_16983,4550,0,5e-05,20000000,9709440.0,3254560.0,16704640.0,4225600.0,0.68125,0.6666666666666666
376,1,160,48,112,25.75,81,27,54,27.0,865984,268992,935928,311976,4,0,51,5,30,250425-004941_Run_1854_Idx_47915,4640,0,5e-05,20000000,17319680.0,5379840.0,18718560.0,6239520.0,0.7,0.6666666666666666
377,1,145,46,99,25.99,45,15,30,27.0,2069472,674440,1099368,366456,7,0,51,5,30,250424-230101_Run_1023_Idx_32731,2560,0,5e-05,20000000,41389440.0,13488800.0,21987360.0,7329120.0,0.6827586206896552,0.6666666666666666
378,1,80,25,55,24.24,18,6,12,21.22,1965216,630688,609232,241456,14,0,51,5,30,250424-235736_Run_1284_Idx_89663,3210,0,5e-05,20000000,39304320.0,12613760.0,12184640.0,4829120.0,0.6875,0.6666666666666666
379,1,145,45,100,23.32,45,15,30,18.18,1727072,570912,615376,209344,7,0,51,5,30,250424-231043_Run_1007_Idx_50286,2520,0,5e-05,20000000,34541440.0,11418240.0,12307520.0,4186880.0,0.6896551724137931,0.6666666666666666
380,1,145,46,99,26.09,45,15,30,27.0,2130912,689800,1099368,366456,7,0,51,5,30,250424-233427_Run_255_Idx_57481,640,0,5e-05,20000000,42618240.0,13796000.0,21987360.0,7329120.0,0.6827586206896552,0.6666666666666666
381,1,160,48,112,26.3,144,48,96,27.0,226560,70016,645120,215040,2,0,51,5,30,250425-004451_Run_1713_Idx_13251,4290,0,5e-05,20000000,4531200.0,1400320.0,12902400.0,4300800.0,0.7,0.6666666666666666
382,1,80,25,55,25.66,18,6,12,27.0,2281888,709856,1069776,356592,14,0,51,5,30,250424-232751_Run_384_Idx_65229,960,0,5e-05,20000000,45637760.0,14197120.0,21395520.0,7131840.0,0.6875,0.6666666666666666
383,1,80,26,54,25.88,18,6,12,27.0,2437264,770088,1069776,356592,14,0,51,5,30,250424-234400_Run_476_Idx_41760,1190,0,5e-05,20000000,48745280.0,15401760.0,21395520.0,7131840.0,0.675,0.6666666666666666
384,1,160,53,107,20.44,144,48,96,21.94,133432,49064,432264,145536,2,0,51,5,30,250425-005944_Run_1893_Idx_6716,4740,0,5e-05,20000000,2668640.0,981280.0,8645280.0,2910720.0,0.66875,0.6666666666666666
385,1,80,25,55,24.45,18,6,12,24.0,2017888,643856,609232,241456,14,0,51,5,30,250425-001820_Run_1072_Idx_57146,2680,0,5e-05,20000000,40357760.0,12877120.0,12184640.0,4829120.0,0.6875,0.6666666666666666
386,1,80,25,55,26.3,18,6,12,27.0,2476440,768288,1069776,356592,14,0,51,5,30,250424-223904_Run_4_Idx_26496,10,0,5e-05,20000000,49528800.0,15365760.0,21395520.0,7131840.0,0.6875,0.6666666666666666
387,1,160,55,105,22.09,144,48,96,27.0,155584,54328,645120,215040,2,0,51,5,30,250425-005137_Run_1821_Idx_21784,4560,0,5e-05,20000000,3111680.0,1086560.0,12902400.0,4300800.0,0.65625,0.6666666666666666
388,1,160,48,112,26.3,144,48,96,27.0,226560,70016,645120,215040,2,0,51,5,30,250424-231309_Run_765_Idx_82062,1920,0,5e-05,20000000,4531200.0,1400320.0,12902400.0,4300800.0,0.7,0.6666666666666666
389,1,80,25,55,26.04,18,6,12,27.0,2476440,768288,1069776,356592,14,0,51,5,30,250424-232912_Run_620_Idx_47249,1550,0,5e-05,20000000,49528800.0,15365760.0,21395520.0,7131840.0,0.6875,0.6666666666666666
390,1,80,25,55,24.65,18,6,12,27.0,2056096,584608,1069776,356592,14,0,51,5,30,250424-224422_Run_932_Idx_57146,2330,0,5e-05,20000000,41121920.0,11692160.0,21395520.0,7131840.0,0.6875,0.6666666666666666
391,1,145,46,99,23.41,45,15,30,24.11,1738528,531784,636232,250672,7,0,51,5,30,250425-004819_Run_1779_Idx_72713,4450,0,5e-05,20000000,34770560.0,10635680.0,12724640.0,5013440.0,0.6827586206896552,0.6666666666666666
392,1,160,48,112,25.95,81,27,54,24.0,892224,275552,835232,211280,4,0,51,5,30,250424-231938_Run_754_Idx_960,1890,0,5e-05,20000000,17844480.0,5511040.0,16704640.0,4225600.0,0.7,0.6666666666666666
393,1,160,48,112,26.0,81,27,54,27.0,865984,268992,935928,311976,4,0,51,5,30,250424-233955_Run_126_Idx_78813,320,0,5e-05,20000000,17319680.0,5379840.0,18718560.0,6239520.0,0.7,0.6666666666666666
394,1,160,48,112,25.4,144,52,92,22.12,219904,68352,375792,120016,2,0,51,5,30,250424-235701_Run_1345_Idx_55385,3370,0,5e-05,20000000,4398080.0,1367040.0,7515840.0,2400320.0,0.7,0.6388888888888888
395,1,145,44,101,23.92,45,16,29,18.29,2113792,653944,615768,223800,7,0,51,5,30,250424-224801_Run_807_Idx_95480,2020,0,5e-05,20000000,42275840.0,13078880.0,12315360.0,4476000.0,0.696551724137931,0.6444444444444445
396,1,145,46,99,26.28,45,15,30,27.0,2182272,706920,1099368,366456,7,0,51,5,30,250424-232937_Run_263_Idx_57481,660,0,5e-05,20000000,43645440.0,14138400.0,21987360.0,7329120.0,0.6827586206896552,0.6666666666666666
397,1,160,48,112,26.3,144,48,96,27.0,226560,70016,645120,215040,2,0,51,5,30,250425-001913_Run_1369_Idx_13251,3430,0,5e-05,20000000,4531200.0,1400320.0,12902400.0,4300800.0,0.7,0.6666666666666666
398,1,80,26,54,24.52,18,6,12,27.0,2096144,625584,1069776,356592,14,0,51,5,30,250424-225831_Run_908_Idx_74048,2270,0,5e-05,20000000,41922880.0,12511680.0,21395520.0,7131840.0,0.675,0.6666666666666666
399,1,145,44,101,21.29,45,15,30,14.67,1531712,414264,249552,144144,7,0,51,5,30,250425-003405_Run_1731_Idx_51592,4330,0,5e-05,20000000,30634240.0,8285280.0,4991040.0,2882880.0,0.696551724137931,0.6666666666666666
400,1,160,61,99,23.3,144,48,96,27.0,172024,62440,645120,215040,2,0,51,5,30,250424-234736_Run_825_Idx_86104,2070,0,5e-05,20000000,3440480.0,1248800.0,12902400.0,4300800.0,0.61875,0.6666666666666666
401,1,160,48,112,26.2,144,48,96,27.0,219904,68352,645120,215040,2,0,51,5,30,250425-003939_Run_1661_Idx_7420,4160,0,5e-05,20000000,4398080.0,1367040.0,12902400.0,4300800.0,0.7,0.6666666666666666
402,1,80,25,55,21.42,18,6,12,27.0,1534640,473832,1069776,356592,14,0,51,5,30,250425-010342_Run_1996_Idx_65229,4990,0,5e-05,20000000,30692800.0,9476640.0,21395520.0,7131840.0,0.6875,0.6666666666666666
403,1,80,25,55,26.0,18,6,12,27.0,2399416,749032,1069776,356592,14,0,51,5,30,250424-234431_Run_356_Idx_65229,890,0,5e-05,20000000,47988320.0,14980640.0,21395520.0,7131840.0,0.6875,0.6666666666666666
404,1,160,62,98,21.99,144,48,96,23.13,176848,64112,510456,145536,2,0,51,5,30,250425-002227_Run_1065_Idx_9418,2670,0,5e-05,20000000,3536960.0,1282240.0,10209120.0,2910720.0,0.6125,0.6666666666666666
405,1,160,56,104,19.45,144,54,90,17.24,149376,44800,314976,85536,2,0,51,5,30,250425-004415_Run_1745_Idx_91607,4370,0,5e-05,20000000,2987520.0,896000.0,6299520.0,1710720.0,0.65,0.625
406,1,160,48,112,26.2,144,48,96,27.0,219904,68352,645120,215040,2,0,51,5,30,250424-233056_Run_973_Idx_81871,2440,0,5e-05,20000000,4398080.0,1367040.0,12902400.0,4300800.0,0.7,0.6666666666666666
407,1,80,25,55,25.66,18,6,12,27.0,2360240,709856,1069776,356592,14,0,51,5,30,250424-231002_Run_176_Idx_5633,440,0,5e-05,20000000,47204800.0,14197120.0,21395520.0,7131840.0,0.6875,0.6666666666666666
408,1,80,24,56,26.0,18,6,12,27.0,2399416,708056,1069776,356592,14,0,51,5,30,250424-225744_Run_196_Idx_61908,490,0,5e-05,20000000,47988320.0,14161120.0,21395520.0,7131840.0,0.7,0.6666666666666666
409,1,160,57,103,17.59,144,58,86,17.28,104488,38064,323664,103456,2,0,51,5,30,250425-005721_Run_1897_Idx_36719,4750,0,5e-05,20000000,2089760.0,761280.0,6473280.0,2069120.0,0.64375,0.5972222222222222
410,1,80,25,55,22.46,18,6,12,24.0,1375640,493088,609232,241456,14,0,51,5,30,250425-002436_Run_1240_Idx_89663,3100,0,5e-05,20000000,27512800.0,9861760.0,12184640.0,4829120.0,0.6875,0.6666666666666666
411,1,160,48,112,26.08,81,27,54,27.0,892224,275552,935928,311976,4,0,51,5,30,250425-004528_Run_1590_Idx_960,3980,0,5e-05,20000000,17844480.0,5511040.0,18718560.0,6239520.0,0.7,0.6666666666666666
412,1,145,47,98,25.43,45,15,30,24.0,2052352,641008,981200,248288,7,0,51,5,30,250424-223318_Run_39_Idx_477,100,0,5e-05,20000000,41047040.0,12820160.0,19624000.0,4965760.0,0.6758620689655173,0.6666666666666666
413,1,145,47,98,21.34,45,15,30,15.82,1572992,486928,246360,143688,7,0,51,5,30,250425-000933_Run_1207_Idx_47804,3020,0,5e-05,20000000,31459840.0,9738560.0,4927200.0,2873760.0,0.6758620689655173,0.6666666666666666
414,1,160,48,112,26.2,144,48,96,24.0,219904,68352,575616,145536,2,0,51,5,30,250424-224954_Run_209_Idx_7420,530,0,5e-05,20000000,4398080.0,1367040.0,11512320.0,2910720.0,0.7,0.6666666666666666
415,1,145,44,101,23.33,45,15,30,17.62,1874560,568792,251664,67488,7,0,51,5,30,250425-002020_Run_1367_Idx_51592,3420,0,5e-05,20000000,37491200.0,11375840.0,5033280.0,1349760.0,0.696551724137931,0.6666666666666666
416,1,160,48,112,25.42,81,31,50,21.67,892224,275552,544584,163888,4,0,51,5,30,250424-230436_Run_542_Idx_81137,1360,0,5e-05,20000000,17844480.0,5511040.0,10891680.0,3277760.0,0.7,0.6172839506172839
417,1,160,48,112,25.0,144,67,77,19.5,212224,66432,393168,135088,2,0,51,5,30,250425-002007_Run_1069_Idx_36719,2680,0,5e-05,20000000,4244480.0,1328640.0,7863360.0,2701760.0,0.7,0.5347222222222222
418,1,160,48,112,26.12,81,27,54,27.0,892224,275552,935928,311976,4,0,51,5,30,250424-224700_Run_690_Idx_85773,1730,0,5e-05,20000000,17844480.0,5511040.0,18718560.0,6239520.0,0.7,0.6666666666666666
419,1,160,48,112,26.08,81,27,54,24.0,892224,275552,706952,202184,4,0,51,5,30,250424-231715_Run_758_Idx_960,1900,0,5e-05,20000000,17844480.0,5511040.0,14139040.0,4043680.0,0.7,0.6666666666666666
420,1,160,48,112,26.2,144,48,96,27.0,219904,68352,645120,215040,2,0,51,5,30,250424-233325_Run_137_Idx_7420,350,0,5e-05,20000000,4398080.0,1367040.0,12902400.0,4300800.0,0.7,0.6666666666666666
421,1,160,48,112,26.3,144,48,96,27.0,226560,70016,645120,215040,2,0,51,5,30,250424-230437_Run_661_Idx_13251,1660,0,5e-05,20000000,4531200.0,1400320.0,12902400.0,4300800.0,0.7,0.6666666666666666
422,1,80,25,55,24.95,18,6,12,24.0,2378016,669864,954640,241456,14,0,51,5,30,250425-002647_Run_1416_Idx_26496,3540,0,5e-05,20000000,47560320.0,13397280.0,19092800.0,4829120.0,0.6875,0.6666666666666666
423,1,80,25,55,18.09,18,6,12,12.44,1552416,394664,33552,11184,14,0,51,5,30,250425-004821_Run_1888_Idx_26496,4720,0,5e-05,20000000,31048320.0,7893280.0,671040.0,223680.0,0.6875,0.6666666666666666
424,1,80,24,56,22.16,18,6,12,18.11,1535608,492104,609232,241456,14,0,51,5,30,250425-000631_Run_1212_Idx_61908,3030,0,5e-05,20000000,30712160.0,9842080.0,12184640.0,4829120.0,0.7,0.6666666666666666
425,1,160,48,112,26.3,144,48,96,27.0,226560,70016,645120,215040,2,0,51,5,30,250424-235251_Run_225_Idx_39758,570,0,5e-05,20000000,4531200.0,1400320.0,12902400.0,4300800.0,0.7,0.6666666666666666
426,1,80,24,56,22.76,18,6,12,24.0,2143320,550384,954640,241456,14,0,51,5,30,250425-005438_Run_1816_Idx_61908,4540,0,5e-05,20000000,42866400.0,11007680.0,19092800.0,4829120.0,0.7,0.6666666666666666
427,1,160,59,101,23.5,144,48,96,23.13,186136,61016,510456,145536,2,0,51,5,30,250424-231414_Run_1001_Idx_33085,2510,0,5e-05,20000000,3722720.0,1220320.0,10209120.0,2910720.0,0.63125,0.6666666666666666
428,1,80,25,55,24.86,18,6,12,24.0,2378016,669864,954640,241456,14,0,51,5,30,250425-000516_Run_1272_Idx_89663,3180,0,5e-05,20000000,47560320.0,13397280.0,19092800.0,4829120.0,0.6875,0.6666666666666666
429,1,160,56,104,23.6,144,48,96,22.96,187968,57664,497424,145536,2,0,51,5,30,250425-002404_Run_1241_Idx_35504,3110,0,5e-05,20000000,3759360.0,1153280.0,9948480.0,2910720.0,0.65,0.6666666666666666
430,1,145,45,100,24.79,45,15,30,24.0,2045312,586272,981200,248288,7,0,51,5,30,250424-233245_Run_495_Idx_10792,1240,0,5e-05,20000000,40906240.0,11725440.0,19624000.0,4965760.0,0.6896551724137931,0.6666666666666666
431,1,160,48,112,24.2,144,60,84,15.81,226560,70016,310632,103728,2,0,51,5,30,250425-003641_Run_1605_Idx_25773,4020,0,5e-05,20000000,4531200.0,1400320.0,6212640.0,2074560.0,0.7,0.5833333333333334
432,1,160,48,112,25.25,81,27,54,21.7,892224,275552,622648,158200,4,0,51,5,30,250424-225150_Run_682_Idx_85773,1710,0,5e-05,20000000,17844480.0,5511040.0,12452960.0,3164000.0,0.7,0.6666666666666666
433,1,145,46,99,20.12,45,15,30,24.0,1172672,360360,981200,248288,7,0,51,5,30,250425-002935_Run_1555_Idx_72713,3890,0,5e-05,20000000,23453440.0,7207200.0,19624000.0,4965760.0,0.6827586206896552,0.6666666666666666
434,1,160,48,112,26.2,144,48,96,27.0,219904,68352,645120,215040,2,0,51,5,30,250424-235246_Run_105_Idx_7420,270,0,5e-05,20000000,4398080.0,1367040.0,12902400.0,4300800.0,0.7,0.6666666666666666
435,1,160,57,103,20.5,81,28,53,20.48,629248,161856,624336,158544,4,0,51,5,30,250424-225234_Run_918_Idx_63012,2300,0,5e-05,20000000,12584960.0,3237120.0,12486720.0,3170880.0,0.64375,0.654320987654321
436,1,160,48,112,23.39,81,27,54,22.7,694464,176672,655376,202184,4,0,51,5,30,250425-000837_Run_1446_Idx_34316,3620,0,5e-05,20000000,13889280.0,3533440.0,13107520.0,4043680.0,0.7,0.6666666666666666
437,1,145,46,99,26.06,45,15,30,27.0,2120832,691560,1099368,366456,7,0,51,5,30,250424-223634_Run_99_Idx_32731,250,0,5e-05,20000000,42416640.0,13831200.0,21987360.0,7329120.0,0.6827586206896552,0.6666666666666666
438,1,145,45,100,26.28,45,15,30,27.0,2182272,688992,1099368,366456,7,0,51,5,30,250424-233954_Run_483_Idx_10792,1210,0,5e-05,20000000,43645440.0,13779840.0,21987360.0,7329120.0,0.6896551724137931,0.6666666666666666
439,1,145,45,100,25.34,45,15,30,24.0,2113792,620512,981200,248288,7,0,51,5,30,250424-233325_Run_731_Idx_95480,1830,0,5e-05,20000000,42275840.0,12410240.0,19624000.0,4965760.0,0.6896551724137931,0.6666666666666666
440,1,160,48,112,26.0,81,27,54,27.0,865984,268992,935928,311976,4,0,51,5,30,250424-231600_Run_166_Idx_78813,420,0,5e-05,20000000,17319680.0,5379840.0,18718560.0,6239520.0,0.7,0.6666666666666666
441,1,80,25,55,25.2,18,6,12,24.0,2082744,669864,609232,241456,14,0,51,5,30,250424-233733_Run_724_Idx_89663,1810,0,5e-05,20000000,41654880.0,13397280.0,12184640.0,4829120.0,0.6875,0.6666666666666666
442,1,145,46,99,19.58,45,16,29,21.13,1025152,400520,692776,262744,7,0,51,5,30,250425-002555_Run_1119_Idx_8263,2800,0,5e-05,20000000,20503040.0,8010400.0,13855520.0,5254880.0,0.6827586206896552,0.6444444444444445
443,1,145,46,99,24.79,45,15,30,24.0,2062432,587080,981200,248288,7,0,51,5,30,250424-234624_Run_235_Idx_57481,590,0,5e-05,20000000,41248640.0,11741600.0,19624000.0,4965760.0,0.6827586206896552,0.6666666666666666
444,1,160,48,112,25.95,81,27,54,24.0,865984,268992,835232,211280,4,0,51,5,30,250424-225035_Run_446_Idx_47915,1120,0,5e-05,20000000,17319680.0,5379840.0,16704640.0,4225600.0,0.7,0.6666666666666666
445,1,145,46,99,25.9,45,15,30,27.0,2113792,672680,1099368,366456,7,0,51,5,30,250424-232725_Run_623_Idx_79281,1560,0,5e-05,20000000,42275840.0,13453600.0,21987360.0,7329120.0,0.6827586206896552,0.6666666666666666
446,1,80,25,55,26.21,18,6,12,27.0,2476440,768288,1069776,356592,14,0,51,5,30,250424-235122_Run_464_Idx_66277,1160,0,5e-05,20000000,49528800.0,15365760.0,21395520.0,7131840.0,0.6875,0.6666666666666666
447,1,160,48,112,26.3,144,48,96,27.0,226560,70016,645120,215040,2,0,51,5,30,250424-224928_Run_329_Idx_39758,830,0,5e-05,20000000,4531200.0,1400320.0,12902400.0,4300800.0,0.7,0.6666666666666666
448,1,145,47,98,25.78,45,15,30,27.0,2011552,669328,1099368,366456,7,0,51,5,30,250424-224718_Run_927_Idx_40177,2320,0,5e-05,20000000,40231040.0,13386560.0,21987360.0,7329120.0,0.6758620689655173,0.6666666666666666
449,1,80,25,55,20.86,18,6,12,21.0,1310784,467080,609232,241456,14,0,51,5,30,250425-005009_Run_1776_Idx_57146,4440,0,5e-05,20000000,26215680.0,9341600.0,12184640.0,4829120.0,0.6875,0.6666666666666666
450,1,160,48,112,25.6,144,48,96,24.0,226560,70016,484392,145536,2,0,51,5,30,250424-235638_Run_1465_Idx_39758,3670,0,5e-05,20000000,4531200.0,1400320.0,9687840.0,2910720.0,0.7,0.6666666666666666
451,1,80,25,55,21.2,18,6,12,18.22,1612632,552336,609232,241456,14,0,51,5,30,250425-004006_Run_1752_Idx_26496,4380,0,5e-05,20000000,32252640.0,11046720.0,12184640.0,4829120.0,0.6875,0.6666666666666666
452,1,145,45,100,25.43,45,15,30,24.0,1846912,605152,626696,248288,7,0,51,5,30,250425-001041_Run_1323_Idx_71006,3310,0,5e-05,20000000,36938240.0,12103040.0,12533920.0,4965760.0,0.6896551724137931,0.6666666666666666
453,1,160,56,104,19.19,144,48,96,20.17,128608,36392,349728,89064,2,0,51,5,30,250425-005424_Run_1769_Idx_40384,4430,0,5e-05,20000000,2572160.0,727840.0,6994560.0,1781280.0,0.65,0.6666666666666666
454,1,160,48,112,26.04,81,27,54,27.0,892224,275552,935928,311976,4,0,51,5,30,250424-225939_Run_550_Idx_93338,1380,0,5e-05,20000000,17844480.0,5511040.0,18718560.0,6239520.0,0.7,0.6666666666666666
455,1,80,24,56,22.41,18,6,12,27.0,1574784,492104,1069776,356592,14,0,51,5,30,250425-004943_Run_1824_Idx_61908,4560,0,5e-05,20000000,31495680.0,9842080.0,21395520.0,7131840.0,0.7,0.6666666666666666
456,1,160,48,112,26.3,144,48,96,27.0,226560,70016,645120,215040,2,0,51,5,30,250424-230412_Run_305_Idx_39758,770,0,5e-05,20000000,4531200.0,1400320.0,12902400.0,4300800.0,0.7,0.6666666666666666
457,1,160,56,104,20.9,144,48,96,24.0,147768,44800,497424,145536,2,0,51,5,30,250424-235704_Run_1285_Idx_35504,3220,0,5e-05,20000000,2955360.0,896000.0,9948480.0,2910720.0,0.65,0.6666666666666666
458,1,145,45,100,25.27,45,15,30,24.0,2103712,656512,930840,275424,7,0,51,5,30,250424-231415_Run_407_Idx_71006,1020,0,5e-05,20000000,42074240.0,13130240.0,18616800.0,5508480.0,0.6896551724137931,0.6666666666666666
459,1,160,48,112,26.12,81,27,54,27.0,892224,275552,935928,311976,4,0,51,5,30,250425-005518_Run_1830_Idx_93338,4580,0,5e-05,20000000,17844480.0,5511040.0,18718560.0,6239520.0,0.7,0.6666666666666666
460,1,160,48,112,25.95,81,27,54,27.0,865984,268992,935928,311976,4,0,51,5,30,250424-224548_Run_454_Idx_47915,1140,0,5e-05,20000000,17319680.0,5379840.0,18718560.0,6239520.0,0.7,0.6666666666666666
461,1,160,48,112,25.81,81,27,54,27.0,830272,260064,935928,311976,4,0,51,5,30,250424-225720_Run_910_Idx_28528,2280,0,5e-05,20000000,16605440.0,5201280.0,18718560.0,6239520.0,0.7,0.6666666666666666
462,1,160,48,112,26.0,144,57,87,21.06,212224,66432,449640,133728,2,0,51,5,30,250424-231707_Run_877_Idx_16180,2200,0,5e-05,20000000,4244480.0,1328640.0,8992800.0,2674560.0,0.7,0.6041666666666666
463,1,145,45,100,26.17,45,15,30,27.0,2120832,673632,1099368,366456,7,0,51,5,30,250424-230711_Run_419_Idx_71006,1050,0,5e-05,20000000,42416640.0,13472640.0,21987360.0,7329120.0,0.6896551724137931,0.6666666666666666
464,1,145,45,100,23.92,45,15,30,18.09,2113792,671872,721248,275424,7,0,51,5,30,250425-002722_Run_1355_Idx_24331,3390,0,5e-05,20000000,42275840.0,13437440.0,14424960.0,5508480.0,0.6896551724137931,0.6666666666666666
465,1,80,25,55,24.11,18,6,12,24.0,2260488,630688,954640,241456,14,0,51,5,30,250425-000457_Run_1392_Idx_47249,3480,0,5e-05,20000000,45209760.0,12613760.0,19092800.0,4829120.0,0.6875,0.6666666666666666
466,1,160,56,104,20.52,81,27,54,27.0,601168,211568,935928,311976,4,0,51,5,30,250425-000333_Run_1454_Idx_3852,3640,0,5e-05,20000000,12023360.0,4231360.0,18718560.0,6239520.0,0.65,0.6666666666666666
467,1,160,48,112,26.0,144,48,96,27.0,212224,66432,645120,215040,2,0,51,5,30,250424-230254_Run_901_Idx_1990,2260,0,5e-05,20000000,4244480.0,1328640.0,12902400.0,4300800.0,0.7,0.6666666666666666
468,1,160,53,107,23.3,81,27,54,27.0,691984,196400,935928,311976,4,0,51,5,30,250425-004830_Run_1826_Idx_39377,4570,0,5e-05,20000000,13839680.0,3928000.0,18718560.0,6239520.0,0.66875,0.6666666666666666
469,1,160,48,112,25.99,81,27,54,24.0,892224,275552,835232,211280,4,0,51,5,30,250424-234701_Run_234_Idx_34316,590,0,5e-05,20000000,17844480.0,5511040.0,16704640.0,4225600.0,0.7,0.6666666666666666
470,1,80,25,55,24.65,18,6,12,27.0,2056096,584608,1069776,356592,14,0,51,5,30,250424-235358_Run_1112_Idx_57146,2780,0,5e-05,20000000,41121920.0,11692160.0,21395520.0,7131840.0,0.6875,0.6666666666666666
471,1,80,25,55,26.0,18,6,12,27.0,2399416,749032,1069776,356592,14,0,51,5,30,250424-233243_Run_376_Idx_65229,940,0,5e-05,20000000,47988320.0,14980640.0,21395520.0,7131840.0,0.6875,0.6666666666666666
472,1,145,45,100,24.63,45,15,30,24.0,2011072,586272,981200,248288,7,0,51,5,30,250425-000535_Run_1391_Idx_24331,3480,0,5e-05,20000000,40221440.0,11725440.0,19624000.0,4965760.0,0.6896551724137931,0.6666666666666666
473,1,160,57,103,20.89,144,48,96,24.0,168448,43200,575616,145536,2,0,51,5,30,250424-233537_Run_965_Idx_63770,2420,0,5e-05,20000000,3368960.0,864000.0,11512320.0,2910720.0,0.64375,0.6666666666666666
474,1,160,48,112,26.12,81,27,54,27.0,892224,275552,935928,311976,4,0,51,5,30,250424-231341_Run_646_Idx_85773,1620,0,5e-05,20000000,17844480.0,5511040.0,18718560.0,6239520.0,0.7,0.6666666666666666
475,1,80,25,55,21.12,18,6,12,27.0,1651808,552336,1069776,356592,14,0,51,5,30,250425-005954_Run_1988_Idx_26496,4970,0,5e-05,20000000,33036160.0,11046720.0,21395520.0,7131840.0,0.6875,0.6666666666666666
476,1,160,63,97,16.61,144,53,91,19.25,110784,38816,410544,137528,2,0,51,5,30,250425-005925_Run_1921_Idx_64247,4810,0,5e-05,20000000,2215680.0,776320.0,8210880.0,2750560.0,0.60625,0.6319444444444444
477,1,160,51,109,21.52,81,27,54,27.0,504944,180016,935928,311976,4,0,51,5,30,250425-005728_Run_1938_Idx_61898,4850,0,5e-05,20000000,10098880.0,3600320.0,18718560.0,6239520.0,0.68125,0.6666666666666666
478,1,80,25,55,26.04,18,6,12,27.0,2476440,768288,1069776,356592,14,0,51,5,30,250424-235203_Run_700_Idx_89663,1750,0,5e-05,20000000,49528800.0,15365760.0,21395520.0,7131840.0,0.6875,0.6666666666666666
479,1,160,60,100,20.85,144,77,67,12.35,168448,43392,297600,79976,2,0,51,5,30,250424-225241_Run_1037_Idx_24291,2600,0,5e-05,20000000,3368960.0,867840.0,5952000.0,1599520.0,0.625,0.4652777777777778
480,1,145,45,100,19.4,45,15,30,21.6,1059392,399712,626696,248288,7,0,51,5,30,250425-005357_Run_1847_Idx_71006,4620,0,5e-05,20000000,21187840.0,7994240.0,12533920.0,4965760.0,0.6896551724137931,0.6666666666666666
481,1,160,62,98,23.6,144,74,70,15.31,197616,67696,358416,140384,2,0,51,5,30,250425-000207_Run_1277_Idx_43027,3200,0,5e-05,20000000,3952320.0,1353920.0,7168320.0,2807680.0,0.6125,0.4861111111111111
482,1,160,48,112,25.95,81,27,54,27.0,892224,275552,935928,311976,4,0,51,5,30,250424-233951_Run_246_Idx_34316,620,0,5e-05,20000000,17844480.0,5511040.0,18718560.0,6239520.0,0.7,0.6666666666666666
483,1,145,45,100,26.28,45,15,30,27.0,2182272,688992,1099368,366456,7,0,51,5,30,250424-223525_Run_75_Idx_95480,190,0,5e-05,20000000,43645440.0,13779840.0,21987360.0,7329120.0,0.6896551724137931,0.6666666666666666
484,1,145,45,100,26.28,45,15,30,27.0,2182272,688992,1099368,366456,7,0,51,5,30,250424-232459_Run_627_Idx_24331,1570,0,5e-05,20000000,43645440.0,13779840.0,21987360.0,7329120.0,0.6896551724137931,0.6666666666666666
485,1,160,48,112,26.2,144,48,96,27.0,219904,68352,645120,215040,2,0,51,5,30,250424-232946_Run_381_Idx_5687,960,0,5e-05,20000000,4398080.0,1367040.0,12902400.0,4300800.0,0.7,0.6666666666666666
486,1,160,58,102,16.75,144,52,92,19.5,99304,30400,401856,111328,2,0,51,5,30,250425-004638_Run_1649_Idx_19284,4130,0,5e-05,20000000,1986080.0,608000.0,8037120.0,2226560.0,0.6375,0.6388888888888888
487,1,160,56,104,23.25,81,27,54,23.67,715216,220976,667520,202184,4,0,51,5,30,250425-002410_Run_1122_Idx_86591,2810,0,5e-05,20000000,14304320.0,4419520.0,13350400.0,4043680.0,0.65,0.6666666666666666
488,1,80,25,55,22.25,18,6,12,15.44,1808512,591512,148688,126320,14,0,51,5,30,250425-003249_Run_1764_Idx_26496,4410,0,5e-05,20000000,36170240.0,11830240.0,2973760.0,2526400.0,0.6875,0.6666666666666666
489,1,160,48,112,25.42,81,29,52,23.0,892224,275552,510384,180512,4,0,51,5,30,250425-002620_Run_1474_Idx_29088,3690,0,5e-05,20000000,17844480.0,5511040.0,10207680.0,3610240.0,0.7,0.6419753086419753
490,1,80,25,55,25.88,18,6,12,27.0,2398088,729112,1069776,356592,14,0,51,5,30,250425-000058_Run_1516_Idx_66277,3790,0,5e-05,20000000,47961760.0,14582240.0,21395520.0,7131840.0,0.6875,0.6666666666666666
491,1,145,46,99,25.9,45,15,30,27.0,2113792,672680,1099368,366456,7,0,51,5,30,250424-233103_Run_735_Idx_17402,1840,0,5e-05,20000000,42275840.0,13453600.0,21987360.0,7329120.0,0.6827586206896552,0.6666666666666666
492,1,80,25,55,21.22,18,6,12,21.0,1428312,506256,609232,241456,14,0,51,5,30,250425-002039_Run_1068_Idx_57146,2670,0,5e-05,20000000,28566240.0,10125120.0,12184640.0,4829120.0,0.6875,0.6666666666666666
493,1,145,45,100,25.25,45,15,30,24.0,2113792,620512,981200,248288,7,0,51,5,30,250424-231901_Run_755_Idx_95480,1890,0,5e-05,20000000,42275840.0,12410240.0,19624000.0,4965760.0,0.6896551724137931,0.6666666666666666
494,1,160,59,101,20.66,144,48,96,24.0,160768,41408,575616,145536,2,0,51,5,30,250424-233558_Run_845_Idx_9037,2120,0,5e-05,20000000,3215360.0,828160.0,11512320.0,2910720.0,0.63125,0.6666666666666666
495,1,160,48,112,26.2,144,48,96,27.0,219904,68352,645120,215040,2,0,51,5,30,250424-230930_Run_177_Idx_7420,450,0,5e-05,20000000,4398080.0,1367040.0,12902400.0,4300800.0,0.7,0.6666666666666666
496,1,160,52,108,18.24,81,27,54,21.2,466776,176160,533144,211280,4,0,51,5,30,250425-005633_Run_1966_Idx_81137,4920,0,5e-05,20000000,9335520.0,3523200.0,10662880.0,4225600.0,0.675,0.6666666666666666
497,1,160,66,94,12.11,81,30,51,12.63,349144,138840,179568,71264,4,0,51,5,30,250425-002316_Run_1362_Idx_69951,3410,0,5e-05,20000000,6982880.0,2776800.0,3591360.0,1425280.0,0.5875,0.6296296296296297
498,1,145,45,100,26.28,45,15,30,27.0,2182272,688992,1099368,366456,7,0,51,5,30,250425-004226_Run_1595_Idx_95480,3990,0,5e-05,20000000,43645440.0,13779840.0,21987360.0,7329120.0,0.6896551724137931,0.6666666666666666
499,1,160,48,112,26.3,144,48,96,27.0,226560,70016,645120,215040,2,0,51,5,30,250425-002613_Run_1417_Idx_39758,3550,0,5e-05,20000000,4531200.0,1400320.0,12902400.0,4300800.0,0.7,0.6666666666666666
500,1,160,48,112,25.25,81,28,53,22.67,892224,275552,441184,161888,4,0,51,5,30,250425-002847_Run_1618_Idx_47348,4050,0,5e-05,20000000,17844480.0,5511040.0,8823680.0,3237760.0,0.7,0.654320987654321
501,1,160,59,101,21.38,144,48,96,27.0,163848,57856,645120,215040,2,0,51,5,30,250425-000414_Run_1453_Idx_85523,3640,0,5e-05,20000000,3276960.0,1157120.0,12902400.0,4300800.0,0.63125,0.6666666666666666
502,1,160,48,112,26.2,144,48,96,24.0,219904,68352,575616,145536,2,0,51,5,30,250424-225505_Run_1033_Idx_81871,2590,0,5e-05,20000000,4398080.0,1367040.0,11512320.0,2910720.0,0.7,0.6666666666666666
503,1,160,48,112,26.2,144,48,96,27.0,219904,68352,645120,215040,2,0,51,5,30,250424-232235_Run_393_Idx_5687,990,0,5e-05,20000000,4398080.0,1367040.0,12902400.0,4300800.0,0.7,0.6666666666666666
504,1,80,24,56,24.18,18,6,12,21.0,2006688,531280,609232,241456,14,0,51,5,30,250425-002300_Run_1124_Idx_54226,2810,0,5e-05,20000000,40133760.0,10625600.0,12184640.0,4829120.0,0.7,0.6666666666666666
505,1,80,25,55,25.9,18,6,12,27.0,2399416,749032,1069776,356592,14,0,51,5,30,250424-224659_Run_452_Idx_65229,1130,0,5e-05,20000000,47988320.0,14980640.0,21395520.0,7131840.0,0.6875,0.6666666666666666
506,1,160,48,112,25.85,81,27,54,27.0,865984,268992,935928,311976,4,0,51,5,30,250424-233618_Run_370_Idx_47915,930,0,5e-05,20000000,17319680.0,5379840.0,18718560.0,6239520.0,0.7,0.6666666666666666
507,1,145,46,99,24.31,45,15,30,27.0,1538752,520360,1099368,366456,7,0,51,5,30,250424-231744_Run_995_Idx_32731,2490,0,5e-05,20000000,30775040.0,10407200.0,21987360.0,7329120.0,0.6827586206896552,0.6666666666666666
508,1,160,48,112,25.81,81,27,54,27.0,830272,260064,935928,311976,4,0,51,5,30,250424-231150_Run_886_Idx_28528,2220,0,5e-05,20000000,16605440.0,5201280.0,18718560.0,6239520.0,0.7,0.6666666666666666
509,1,80,25,55,26.0,18,6,12,27.0,2399416,749032,1069776,356592,14,0,51,5,30,250424-225149_Run_444_Idx_65229,1110,0,5e-05,20000000,47988320.0,14980640.0,21395520.0,7131840.0,0.6875,0.6666666666666666
510,1,80,24,56,26.1,18,6,12,27.0,2399416,708056,1069776,356592,14,0,51,5,30,250424-223559_Run_100_Idx_54226,250,0,5e-05,20000000,47988320.0,14161120.0,21395520.0,7131840.0,0.7,0.6666666666666666
511,1,160,48,112,25.95,81,30,51,18.15,865984,268992,511496,172552,4,0,51,5,30,250425-003910_Run_1570_Idx_88094,3930,0,5e-05,20000000,17319680.0,5379840.0,10229920.0,3451040.0,0.7,0.6296296296296297
512,1,80,28,52,22.91,18,8,10,18.33,2341720,754336,609232,187616,14,0,51,5,30,250424-231824_Run_400_Idx_66297,1000,0,5e-05,20000000,46834400.0,15086720.0,12184640.0,3752320.0,0.65,0.5555555555555556
513,1,80,25,55,22.35,18,6,12,18.22,1866792,532264,494096,126320,14,0,51,5,30,250425-001213_Run_1440_Idx_26496,3600,0,5e-05,20000000,37335840.0,10645280.0,9881920.0,2526400.0,0.6875,0.6666666666666666
514,1,145,46,99,26.17,45,15,30,27.0,2120832,691560,1099368,366456,7,0,51,5,30,250424-225614_Run_1031_Idx_32731,2580,0,5e-05,20000000,42416640.0,13831200.0,21987360.0,7329120.0,0.6827586206896552,0.6666666666666666
515,1,160,48,112,26.12,81,27,54,27.0,892224,275552,935928,311976,4,0,51,5,30,250424-224439_Run_694_Idx_85773,1740,0,5e-05,20000000,17844480.0,5511040.0,18718560.0,6239520.0,0.7,0.6666666666666666
516,1,80,25,55,26.21,18,6,12,27.0,2476440,768288,1069776,356592,14,0,51,5,30,250424-224139_Run_580_Idx_66277,1450,0,5e-05,20000000,49528800.0,15365760.0,21395520.0,7131840.0,0.6875,0.6666666666666666
517,1,80,25,55,10.32,18,6,12,4.0,845312,217888,33552,11184,14,0,51,5,30,250424-225208_Run_800_Idx_89663,2000,0,5e-05,20000000,16906240.0,4357760.0,671040.0,223680.0,0.6875,0.6666666666666666
518,1,145,45,100,22.05,45,15,30,20.44,1583072,466432,626696,248288,7,0,51,5,30,250425-004419_Run_1683_Idx_10792,4210,0,5e-05,20000000,31661440.0,9328640.0,12533920.0,4965760.0,0.6896551724137931,0.6666666666666666
519,1,145,46,99,25.64,45,15,30,27.0,1977312,651400,1099368,366456,7,0,51,5,30,250424-235935_Run_1103_Idx_72713,2760,0,5e-05,20000000,39546240.0,13028000.0,21987360.0,7329120.0,0.6827586206896552,0.6666666666666666
520,1,145,45,100,25.1,45,15,30,21.78,2062432,654752,626696,248288,7,0,51,5,30,250425-001623_Run_1491_Idx_10792,3730,0,5e-05,20000000,41248640.0,13095040.0,12533920.0,4965760.0,0.6896551724137931,0.6666666666666666
521,1,160,48,112,25.4,144,48,96,22.69,219904,68352,414888,115128,2,0,51,5,30,250425-003600_Run_1637_Idx_5687,4100,0,5e-05,20000000,4398080.0,1367040.0,8297760.0,2302560.0,0.7,0.6666666666666666
522,1,160,48,112,26.2,144,48,96,27.0,219904,68352,645120,215040,2,0,51,5,30,250424-223526_Run_101_Idx_81871,260,0,5e-05,20000000,4398080.0,1367040.0,12902400.0,4300800.0,0.7,0.6666666666666666
523,1,160,48,112,25.99,81,27,54,27.0,892224,275552,935928,311976,4,0,51,5,30,250424-230606_Run_302_Idx_34316,760,0,5e-05,20000000,17844480.0,5511040.0,18718560.0,6239520.0,0.7,0.6666666666666666
524,1,145,48,97,23.12,45,15,30,22.8,1641472,504856,799168,261856,7,0,51,5,30,250424-231301_Run_1003_Idx_87327,2510,0,5e-05,20000000,32829440.0,10097120.0,15983360.0,5237120.0,0.6689655172413793,0.6666666666666666
525,1,145,45,100,26.18,45,15,30,27.0,2182272,688992,1099368,366456,7,0,51,5,30,250424-225902_Run_551_Idx_10792,1380,0,5e-05,20000000,43645440.0,13779840.0,21987360.0,7329120.0,0.6896551724137931,0.6666666666666666
526,1,160,48,112,26.0,144,48,96,27.0,212224,66432,645120,215040,2,0,51,5,30,250424-232630_Run_861_Idx_1990,2160,0,5e-05,20000000,4244480.0,1328640.0,12902400.0,4300800.0,0.7,0.6666666666666666
527,1,145,45,100,20.11,45,15,30,21.67,1120832,415072,626696,248288,7,0,51,5,30,250425-010034_Run_1919_Idx_95480,4800,0,5e-05,20000000,22416640.0,8301440.0,12533920.0,4965760.0,0.6896551724137931,0.6666666666666666
528,1,145,46,99,25.24,45,15,30,24.0,1881152,605960,877936,261856,7,0,51,5,30,250424-224648_Run_1047_Idx_32731,2620,0,5e-05,20000000,37623040.0,12119200.0,17558720.0,5237120.0,0.6827586206896552,0.6666666666666666
529,1,160,58,102,23.11,81,27,54,27.0,689240,221912,935928,311976,4,0,51,5,30,250424-235514_Run_1110_Idx_63012,2780,0,5e-05,20000000,13784800.0,4438240.0,18718560.0,6239520.0,0.6375,0.6666666666666666
530,1,145,46,99,24.47,45,15,30,21.18,1788512,604200,626696,248288,7,0,51,5,30,250425-001024_Run_1443_Idx_57481,3610,0,5e-05,20000000,35770240.0,12084000.0,12533920.0,4965760.0,0.6827586206896552,0.6666666666666666
531,1,160,48,112,26.12,81,34,47,21.15,892224,275552,672864,204616,4,0,51,5,30,250424-231826_Run_638_Idx_18810,1600,0,5e-05,20000000,17844480.0,5511040.0,13457280.0,4092320.0,0.7,0.5802469135802469
532,1,145,47,98,22.46,45,15,30,19.2,1617792,481008,248184,65376,7,0,51,5,30,250425-001145_Run_1083_Idx_40177,2710,0,5e-05,20000000,32355840.0,9620160.0,4963680.0,1307520.0,0.6758620689655173,0.6666666666666666
533,1,145,46,99,24.99,45,16,29,21.04,1891232,604200,694144,210232,7,0,51,5,30,250424-234027_Run_719_Idx_35805,1800,0,5e-05,20000000,37824640.0,12084000.0,13882880.0,4204640.0,0.6827586206896552,0.6444444444444445
534,1,160,53,107,15.75,81,27,54,18.4,426424,144576,518816,197840,4,0,51,5,30,250425-004752_Run_1842_Idx_18885,4610,0,5e-05,20000000,8528480.0,2891520.0,10376320.0,3956800.0,0.66875,0.6666666666666666
535,1,145,46,99,25.99,45,15,30,27.0,2103712,674440,1099368,366456,7,0,51,5,30,250424-232945_Run_143_Idx_86910,360,0,5e-05,20000000,42074240.0,13488800.0,21987360.0,7329120.0,0.6827586206896552,0.6666666666666666
536,1,160,56,104,20.9,144,48,96,24.0,168448,43136,575616,145536,2,0,51,5,30,250425-003443_Run_1669_Idx_73366,4180,0,5e-05,20000000,3368960.0,862720.0,11512320.0,2910720.0,0.65,0.6666666666666666
537,1,160,53,107,20.66,81,27,54,24.0,664960,169664,835232,211280,4,0,51,5,30,250425-003407_Run_1670_Idx_39377,4180,0,5e-05,20000000,13299200.0,3393280.0,16704640.0,4225600.0,0.66875,0.6666666666666666
538,1,160,48,112,26.2,144,48,96,27.0,219904,68352,645120,215040,2,0,51,5,30,250424-225935_Run_193_Idx_7420,490,0,5e-05,20000000,4398080.0,1367040.0,12902400.0,4300800.0,0.7,0.6666666666666666
539,1,80,26,54,25.18,18,7,11,21.0,2437264,770088,666800,185752,14,0,51,5,30,250424-232409_Run_272_Idx_6452,680,0,5e-05,20000000,48745280.0,15401760.0,13336000.0,3715040.0,0.675,0.6111111111111112
540,1,160,48,112,25.75,81,27,54,27.0,865984,268992,935928,311976,4,0,51,5,30,250425-003902_Run_1662_Idx_78813,4160,0,5e-05,20000000,17319680.0,5379840.0,18718560.0,6239520.0,0.7,0.6666666666666666
541,1,145,45,100,24.91,45,15,30,23.4,2052352,656512,626696,248288,7,0,51,5,30,250425-004633_Run_1619_Idx_71006,4050,0,5e-05,20000000,41047040.0,13130240.0,12533920.0,4965760.0,0.6896551724137931,0.6666666666666666
542,1,145,47,98,23.97,45,15,30,27.0,1446592,515248,1099368,366456,7,0,51,5,30,250424-230404_Run_899_Idx_40177,2250,0,5e-05,20000000,28931840.0,10304960.0,21987360.0,7329120.0,0.6758620689655173,0.6666666666666666
543,1,160,48,112,26.3,144,48,96,27.0,226560,70016,645120,215040,2,0,51,5,30,250424-225038_Run_565_Idx_25592,1420,0,5e-05,20000000,4531200.0,1400320.0,12902400.0,4300800.0,0.7,0.6666666666666666
544,1,160,58,102,21.26,144,56,88,19.52,175104,61008,414888,137936,2,0,51,5,30,250425-001022_Run_1501_Idx_21956,3760,0,5e-05,20000000,3502080.0,1220160.0,8297760.0,2758720.0,0.6375,0.6111111111111112
545,1,145,48,97,24.85,45,15,30,27.0,1891712,601656,1099368,366456,7,0,51,5,30,250425-002334_Run_1063_Idx_1019,2660,0,5e-05,20000000,37834240.0,12033120.0,21987360.0,7329120.0,0.6689655172413793,0.6666666666666666
546,1,160,58,102,21.36,144,52,92,21.0,162376,57424,375792,133048,2,0,51,5,30,250425-005200_Run_1773_Idx_9418,4440,0,5e-05,20000000,3247520.0,1148480.0,7515840.0,2660960.0,0.6375,0.6388888888888888
547,1,80,25,55,25.2,18,6,12,24.0,2417192,709040,954640,241456,14,0,51,5,30,250425-005133_Run_1836_Idx_66277,4590,0,5e-05,20000000,48343840.0,14180800.0,19092800.0,4829120.0,0.6875,0.6666666666666666
548,1,80,25,55,23.7,18,6,12,18.0,2319736,729112,609232,241456,14,0,51,5,30,250425-002646_Run_1356_Idx_47249,3390,0,5e-05,20000000,46394720.0,14582240.0,12184640.0,4829120.0,0.6875,0.6666666666666666
549,1,160,48,112,25.6,144,56,88,21.94,226560,70016,423576,133592,2,0,51,5,30,250424-224433_Run_813_Idx_35504,2040,0,5e-05,20000000,4531200.0,1400320.0,8471520.0,2671840.0,0.7,0.6111111111111112
550,1,145,45,100,25.03,45,15,30,24.0,1737632,564992,799168,261856,7,0,51,5,30,250424-233704_Run_843_Idx_20430,2110,0,5e-05,20000000,34752640.0,11299840.0,15983360.0,5237120.0,0.6896551724137931,0.6666666666666666
551,1,160,48,112,26.12,81,27,54,27.0,892224,275552,935928,311976,4,0,51,5,30,250424-224922_Run_686_Idx_85773,1720,0,5e-05,20000000,17844480.0,5511040.0,18718560.0,6239520.0,0.7,0.6666666666666666
552,1,160,56,104,23.25,81,27,54,27.0,615568,220976,935928,311976,4,0,51,5,30,250425-001217_Run_1142_Idx_86591,2860,0,5e-05,20000000,12311360.0,4419520.0,18718560.0,6239520.0,0.65,0.6666666666666666
553,1,160,48,112,25.95,81,27,54,24.0,865984,268992,835232,211280,4,0,51,5,30,250424-230516_Run_422_Idx_47915,1060,0,5e-05,20000000,17319680.0,5379840.0,16704640.0,4225600.0,0.7,0.6666666666666666
554,1,145,46,99,26.18,45,15,30,27.0,2182272,706920,1099368,366456,7,0,51,5,30,250424-233650_Run_251_Idx_57481,630,0,5e-05,20000000,43645440.0,14138400.0,21987360.0,7329120.0,0.6827586206896552,0.6666666666666666
555,1,80,25,55,25.66,18,6,12,27.0,2174592,683032,1069776,356592,14,0,51,5,30,250425-003843_Run_1540_Idx_57146,3850,0,5e-05,20000000,43491840.0,13660640.0,21395520.0,7131840.0,0.6875,0.6666666666666666
556,1,80,24,56,25.52,18,6,12,24.0,2379344,687984,954640,241456,14,0,51,5,30,250425-005222_Run_1788_Idx_54226,4470,0,5e-05,20000000,47586880.0,13759680.0,19092800.0,4829120.0,0.7,0.6666666666666666
557,1,145,45,100,24.15,45,15,30,21.6,1966752,570912,668280,170400,7,0,51,5,30,250424-235939_Run_1223_Idx_61030,3060,0,5e-05,20000000,39335040.0,11418240.0,13365600.0,3408000.0,0.6896551724137931,0.6666666666666666
558,1,80,24,56,25.86,18,6,12,24.0,2242712,668880,609232,241456,14,0,51,5,30,250424-224613_Run_1048_Idx_54226,2620,0,5e-05,20000000,44854240.0,13377600.0,12184640.0,4829120.0,0.7,0.6666666666666666
559,1,160,48,112,26.3,144,48,96,27.0,226560,70016,645120,215040,2,0,51,5,30,250424-232909_Run_501_Idx_25592,1260,0,5e-05,20000000,4531200.0,1400320.0,12902400.0,4300800.0,0.7,0.6666666666666666
560,1,80,25,55,24.69,18,6,12,27.0,2241744,650608,1069776,356592,14,0,51,5,30,250425-002211_Run_1304_Idx_65229,3260,0,5e-05,20000000,44834880.0,13012160.0,21395520.0,7131840.0,0.6875,0.6666666666666666
561,1,160,48,112,25.4,144,48,96,22.88,219904,68352,471360,119472,2,0,51,5,30,250425-000101_Run_1221_Idx_7420,3060,0,5e-05,20000000,4398080.0,1367040.0,9427200.0,2389440.0,0.7,0.6666666666666666
562,1,160,55,105,22.7,144,62,82,19.6,179704,54328,354072,134408,2,0,51,5,30,250425-003828_Run_1633_Idx_88321,4090,0,5e-05,20000000,3594080.0,1086560.0,7081440.0,2688160.0,0.65625,0.5694444444444444
563,1,160,48,112,25.56,81,27,54,24.0,830272,260064,835232,211280,4,0,51,5,30,250425-002636_Run_1058_Idx_28528,2650,0,5e-05,20000000,16605440.0,5201280.0,16704640.0,4225600.0,0.7,0.6666666666666666
564,1,160,48,112,25.99,81,27,54,27.0,892224,275552,935928,311976,4,0,51,5,30,250424-225118_Run_326_Idx_34316,820,0,5e-05,20000000,17844480.0,5511040.0,18718560.0,6239520.0,0.7,0.6666666666666666
565,1,145,46,99,25.97,45,15,30,27.0,2028672,668520,1099368,366456,7,0,51,5,30,250425-003423_Run_1547_Idx_72713,3870,0,5e-05,20000000,40573440.0,13370400.0,21987360.0,7329120.0,0.6827586206896552,0.6666666666666666
566,1,160,53,107,23.25,81,27,54,27.0,691408,196400,935928,311976,4,0,51,5,30,250425-001705_Run_1134_Idx_38164,2840,0,5e-05,20000000,13828160.0,3928000.0,18718560.0,6239520.0,0.66875,0.6666666666666666
567,1,160,48,112,25.81,81,27,54,27.0,830272,260064,935928,311976,4,0,51,5,30,250424-225457_Run_914_Idx_28528,2290,0,5e-05,20000000,16605440.0,5201280.0,18718560.0,6239520.0,0.7,0.6666666666666666
568,1,80,25,55,25.7,18,6,12,27.0,2358912,729112,1069776,356592,14,0,51,5,30,250425-004526_Run_1712_Idx_47249,4280,0,5e-05,20000000,47178240.0,14582240.0,21395520.0,7131840.0,0.6875,0.6666666666666666
569,1,80,25,55,17.05,18,6,12,24.0,1395712,355488,954640,241456,14,0,51,5,30,250424-235945_Run_1460_Idx_26496,3650,0,5e-05,20000000,27914240.0,7109760.0,19092800.0,4829120.0,0.6875,0.6666666666666666
570,1,160,48,112,25.6,144,52,92,22.12,226560,70016,375792,120016,2,0,51,5,30,250425-002658_Run_1473_Idx_2620,3690,0,5e-05,20000000,4531200.0,1400320.0,7515840.0,2400320.0,0.7,0.6388888888888888
571,1,160,48,112,26.12,81,27,54,27.0,892224,275552,935928,311976,4,0,51,5,30,250424-232538_Run_626_Idx_85773,1570,0,5e-05,20000000,17844480.0,5511040.0,18718560.0,6239520.0,0.7,0.6666666666666666
572,1,160,48,112,26.0,81,27,54,27.0,865984,268992,935928,311976,4,0,51,5,30,250424-223600_Run_22_Idx_78813,60,0,5e-05,20000000,17319680.0,5379840.0,18718560.0,6239520.0,0.7,0.6666666666666666
573,1,160,48,112,25.95,81,27,54,27.0,865984,268992,935928,311976,4,0,51,5,30,250425-000625_Run_1330_Idx_47915,3330,0,5e-05,20000000,17319680.0,5379840.0,18718560.0,6239520.0,0.7,0.6666666666666666
574,1,160,52,108,20.66,81,27,54,24.0,665248,169600,835232,211280,4,0,51,5,30,250425-005106_Run_1790_Idx_74221,4480,0,5e-05,20000000,13304960.0,3392000.0,16704640.0,4225600.0,0.675,0.6666666666666666
575,1,80,25,55,24.99,18,6,12,24.0,1937600,623784,609232,241456,14,0,51,5,30,250424-233629_Run_844_Idx_57146,2110,0,5e-05,20000000,38752000.0,12475680.0,12184640.0,4829120.0,0.6875,0.6666666666666666
576,1,80,24,56,20.08,18,6,12,21.0,1788800,451960,494096,126320,14,0,51,5,30,250424-234752_Run_944_Idx_54226,2360,0,5e-05,20000000,35776000.0,9039200.0,9881920.0,2526400.0,0.7,0.6666666666666666
577,1,160,56,104,23.6,144,48,96,27.0,162240,57664,645120,215040,2,0,51,5,30,250425-003337_Run_1701_Idx_71787,4260,0,5e-05,20000000,3244800.0,1153280.0,12902400.0,4300800.0,0.65,0.6666666666666666
578,1,160,48,112,26.3,144,48,96,27.0,226560,70016,645120,215040,2,0,51,5,30,250424-232500_Run_745_Idx_82062,1870,0,5e-05,20000000,4531200.0,1400320.0,12902400.0,4300800.0,0.7,0.6666666666666666
579,1,145,46,99,22.34,45,15,30,24.0,1778432,451880,981200,248288,7,0,51,5,30,250425-005029_Run_1791_Idx_32731,4480,0,5e-05,20000000,35568640.0,9037600.0,19624000.0,4965760.0,0.6827586206896552,0.6666666666666666
580,1,160,48,112,25.95,81,27,54,24.0,865984,268992,575624,202184,4,0,51,5,30,250425-001118_Run_1322_Idx_47915,3310,0,5e-05,20000000,17319680.0,5379840.0,11512480.0,4043680.0,0.7,0.6666666666666666
581,1,160,59,101,23.5,144,48,96,27.0,186136,61016,645120,215040,2,0,51,5,30,250425-001801_Run_1193_Idx_81893,2990,0,5e-05,20000000,3722720.0,1220320.0,12902400.0,4300800.0,0.63125,0.6666666666666666
582,1,160,48,112,26.2,144,48,96,27.0,219904,68352,645120,215040,2,0,51,5,30,250424-224244_Run_221_Idx_7420,560,0,5e-05,20000000,4398080.0,1367040.0,12902400.0,4300800.0,0.7,0.6666666666666666
583,1,80,25,55,26.3,18,6,12,27.0,2476440,768288,1069776,356592,14,0,51,5,30,250424-232858_Run_264_Idx_26496,660,0,5e-05,20000000,49528800.0,15365760.0,21395520.0,7131840.0,0.6875,0.6666666666666666
584,1,160,48,112,26.0,144,48,96,27.0,212224,66432,645120,215040,2,0,51,5,30,250424-223444_Run_89_Idx_1990,230,0,5e-05,20000000,4244480.0,1328640.0,12902400.0,4300800.0,0.7,0.6666666666666666
585,1,80,24,56,21.31,18,6,12,24.0,1945504,491136,954640,241456,14,0,51,5,30,250425-004951_Run_1792_Idx_54226,4480,0,5e-05,20000000,38910080.0,9822720.0,19092800.0,4829120.0,0.7,0.6666666666666666
586,1,80,25,55,19.8,18,6,12,15.44,1642328,426936,494096,126320,14,0,51,5,30,250424-225123_Run_920_Idx_57146,2300,0,5e-05,20000000,32846560.0,8538720.0,9881920.0,2526400.0,0.6875,0.6666666666666666
587,1,145,46,99,24.71,45,15,30,27.0,1857472,565800,1099368,366456,7,0,51,5,30,250425-000207_Run_1099_Idx_72713,2750,0,5e-05,20000000,37149440.0,11316000.0,21987360.0,7329120.0,0.6827586206896552,0.6666666666666666
588,1,160,55,105,23.5,144,48,96,27.0,150760,54328,645120,215040,2,0,51,5,30,250425-010327_Run_1941_Idx_21784,4860,0,5e-05,20000000,3015200.0,1086560.0,12902400.0,4300800.0,0.65625,0.6666666666666666
589,1,160,48,112,26.3,144,48,96,27.0,226560,70016,645120,215040,2,0,51,5,30,250424-234027_Run_245_Idx_39758,620,0,5e-05,20000000,4531200.0,1400320.0,12902400.0,4300800.0,0.7,0.6666666666666666
590,1,145,48,97,24.79,45,15,30,27.0,1993952,605816,1099368,366456,7,0,51,5,30,250424-225951_Run_787_Idx_5377,1970,0,5e-05,20000000,39879040.0,12116320.0,21987360.0,7329120.0,0.6689655172413793,0.6666666666666666
591,1,160,48,112,26.3,144,56,88,18.12,226560,70016,367104,120560,2,0,51,5,30,250425-005136_Run_1805_Idx_35504,4520,0,5e-05,20000000,4531200.0,1400320.0,7342080.0,2411200.0,0.7,0.6111111111111112
592,1,160,58,102,23.3,144,48,96,23.44,176848,57424,536520,145536,2,0,51,5,30,250424-231446_Run_881_Idx_82626,2210,0,5e-05,20000000,3536960.0,1148480.0,10730400.0,2910720.0,0.6375,0.6666666666666666
593,1,160,48,112,26.04,81,27,54,27.0,892224,275552,935928,311976,4,0,51,5,30,250424-232830_Run_502_Idx_93338,1260,0,5e-05,20000000,17844480.0,5511040.0,18718560.0,6239520.0,0.7,0.6666666666666666
594,1,160,53,107,20.94,144,48,96,24.0,168448,42944,575616,145536,2,0,51,5,30,250425-010033_Run_1933_Idx_94482,4840,0,5e-05,20000000,3368960.0,858880.0,11512320.0,2910720.0,0.66875,0.6666666666666666
595,1,160,48,112,25.6,144,58,86,21.38,226560,70016,436608,129520,2,0,51,5,30,250424-230514_Run_541_Idx_82052,1360,0,5e-05,20000000,4531200.0,1400320.0,8732160.0,2590400.0,0.7,0.5972222222222222
596,1,160,48,112,26.08,81,36,45,21.0,892224,275552,734536,214576,4,0,51,5,30,250424-223323_Run_78_Idx_29810,200,0,5e-05,20000000,17844480.0,5511040.0,14690720.0,4291520.0,0.7,0.5555555555555556
597,1,160,48,112,25.99,81,27,54,27.0,892224,275552,935928,311976,4,0,51,5,30,250424-235205_Run_226_Idx_34316,570,0,5e-05,20000000,17844480.0,5511040.0,18718560.0,6239520.0,0.7,0.6666666666666666
598,1,80,25,55,26.12,18,6,12,27.0,2476440,768288,1069776,356592,14,0,51,5,30,250424-234820_Run_588_Idx_47249,1470,0,5e-05,20000000,49528800.0,15365760.0,21395520.0,7131840.0,0.6875,0.6666666666666666
599,1,160,61,99,20.84,144,48,96,24.0,155584,43456,471360,145536,2,0,51,5,30,250424-225019_Run_1041_Idx_48177,2610,0,5e-05,20000000,3111680.0,869120.0,9427200.0,2910720.0,0.61875,0.6666666666666666
600,1,160,48,112,25.85,81,27,54,27.0,865984,268992,935928,311976,4,0,51,5,30,250425-000727_Run_1150_Idx_75070,2880,0,5e-05,20000000,17319680.0,5379840.0,18718560.0,6239520.0,0.7,0.6666666666666666
601,1,160,48,112,26.12,81,27,54,22.77,892224,275552,662472,193088,4,0,51,5,30,250424-225227_Run_562_Idx_93338,1410,0,5e-05,20000000,17844480.0,5511040.0,13249440.0,3861760.0,0.7,0.6666666666666666
602,1,80,24,56,22.91,18,6,12,21.0,2006688,531280,609232,241456,14,0,51,5,30,250424-234052_Run_956_Idx_54226,2390,0,5e-05,20000000,40133760.0,10625600.0,12184640.0,4829120.0,0.7,0.6666666666666666
603,1,160,48,112,25.42,81,27,54,24.0,892224,275552,710888,193088,4,0,51,5,30,250424-230706_Run_538_Idx_93338,1350,0,5e-05,20000000,17844480.0,5511040.0,14217760.0,3861760.0,0.7,0.6666666666666666
604,1,160,48,112,25.4,144,48,96,24.0,219904,68352,562584,145536,2,0,51,5,30,250424-233548_Run_133_Idx_7420,340,0,5e-05,20000000,4398080.0,1367040.0,11251680.0,2910720.0,0.7,0.6666666666666666
605,1,80,25,55,19.73,18,6,12,15.0,1865824,473016,494096,126320,14,0,51,5,30,250425-010006_Run_1960_Idx_66277,4900,0,5e-05,20000000,37316480.0,9460320.0,9881920.0,2526400.0,0.6875,0.6666666666666666
606,1,160,48,112,25.0,144,48,96,23.25,212224,66432,506112,128160,2,0,51,5,30,250425-001524_Run_1077_Idx_1990,2700,0,5e-05,20000000,4244480.0,1328640.0,10122240.0,2563200.0,0.7,0.6666666666666666
607,1,145,46,99,20.95,45,15,30,27.0,1446112,518600,1099368,366456,7,0,51,5,30,250425-010032_Run_1987_Idx_57481,4970,0,5e-05,20000000,28922240.0,10372000.0,21987360.0,7329120.0,0.6827586206896552,0.6666666666666666
608,1,160,56,104,22.25,144,48,96,27.0,158800,56000,645120,215040,2,0,51,5,30,250425-005806_Run_1937_Idx_79507,4850,0,5e-05,20000000,3176000.0,1120000.0,12902400.0,4300800.0,0.65,0.6666666666666666
609,1,80,25,55,24.05,18,6,12,24.0,2085040,611432,609232,241456,14,0,51,5,30,250425-000008_Run_1340_Idx_65229,3350,0,5e-05,20000000,41700800.0,12228640.0,12184640.0,4829120.0,0.6875,0.6666666666666666
610,1,80,25,55,21.31,18,6,12,15.22,1866792,532264,494096,126320,14,0,51,5,30,250425-001952_Run_1248_Idx_89663,3120,0,5e-05,20000000,37335840.0,10645280.0,9881920.0,2526400.0,0.6875,0.6666666666666666
611,1,80,26,54,25.2,18,6,12,27.0,2358816,710840,1069776,356592,14,0,51,5,30,250424-225915_Run_788_Idx_1625,1970,0,5e-05,20000000,47176320.0,14216800.0,21395520.0,7131840.0,0.675,0.6666666666666666
612,1,160,48,112,26.3,144,48,96,27.0,226560,70016,645120,215040,2,0,51,5,30,250424-223904_Run_69_Idx_82062,180,0,5e-05,20000000,4531200.0,1400320.0,12902400.0,4300800.0,0.7,0.6666666666666666
613,1,160,48,112,26.0,81,27,54,27.0,865984,268992,935928,311976,4,0,51,5,30,250424-224654_Run_214_Idx_78813,540,0,5e-05,20000000,17319680.0,5379840.0,18718560.0,6239520.0,0.7,0.6666666666666666
614,1,80,24,56,25.76,18,6,12,24.0,2242712,668880,609232,241456,14,0,51,5,30,250424-231446_Run_1000_Idx_54226,2500,0,5e-05,20000000,44854240.0,13377600.0,12184640.0,4829120.0,0.7,0.6666666666666666
615,1,145,45,100,26.17,45,15,30,27.0,2120832,673632,1099368,366456,7,0,51,5,30,250424-235120_Run_107_Idx_61030,270,0,5e-05,20000000,42416640.0,13472640.0,21987360.0,7329120.0,0.6896551724137931,0.6666666666666666
616,1,160,54,106,16.96,81,33,48,9.64,451024,169768,178184,72264,4,0,51,5,30,250425-002535_Run_1358_Idx_18492,3400,0,5e-05,20000000,9020480.0,3395360.0,3563680.0,1445280.0,0.6625,0.5925925925925926
617,1,160,48,112,26.3,144,48,96,27.0,226560,70016,645120,215040,2,0,51,5,30,250424-225423_Run_321_Idx_39758,810,0,5e-05,20000000,4531200.0,1400320.0,12902400.0,4300800.0,0.7,0.6666666666666666
618,1,160,49,111,16.39,81,29,52,18.23,228808,60712,433792,166776,4,0,51,5,30,250425-005644_Run_1898_Idx_1908,4750,0,5e-05,20000000,4576160.0,1214240.0,8675840.0,3335520.0,0.69375,0.6419753086419753
619,1,160,48,112,26.08,81,27,54,24.0,892224,275552,747272,202184,4,0,51,5,30,250424-233844_Run_722_Idx_960,1810,0,5e-05,20000000,17844480.0,5511040.0,14945440.0,4043680.0,0.7,0.6666666666666666
620,1,160,48,112,26.3,144,48,96,24.0,226560,70016,575616,145536,2,0,51,5,30,250424-233439_Run_729_Idx_82062,1830,0,5e-05,20000000,4531200.0,1400320.0,11512320.0,2910720.0,0.7,0.6666666666666666
621,1,160,52,108,20.48,81,27,54,24.0,429848,163080,576512,202184,4,0,51,5,30,250425-004614_Run_1798_Idx_74221,4500,0,5e-05,20000000,8596960.0,3261600.0,11530240.0,4043680.0,0.675,0.6666666666666666
622,1,145,46,99,18.94,45,18,27,12.67,1436032,366280,508528,132784,7,0,51,5,30,250424-225128_Run_1039_Idx_14347,2600,0,5e-05,20000000,28720640.0,7325600.0,10170560.0,2655680.0,0.6827586206896552,0.6
623,1,80,24,56,25.66,18,6,12,27.0,2281888,668880,1069776,356592,14,0,51,5,30,250424-234814_Run_112_Idx_61908,280,0,5e-05,20000000,45637760.0,13377600.0,21395520.0,7131840.0,0.7,0.6666666666666666
624,1,160,48,112,26.12,81,27,54,27.0,892224,275552,935928,311976,4,0,51,5,30,250424-224252_Run_578_Idx_93338,1450,0,5e-05,20000000,17844480.0,5511040.0,18718560.0,6239520.0,0.7,0.6666666666666666
625,1,160,48,112,26.3,144,48,96,27.0,226560,70016,645120,215040,2,0,51,5,30,250424-223640_Run_73_Idx_82062,190,0,5e-05,20000000,4531200.0,1400320.0,12902400.0,4300800.0,0.7,0.6666666666666666
626,1,80,25,55,20.02,18,6,12,21.0,1231560,427032,609232,241456,14,0,51,5,30,250424-224900_Run_924_Idx_57146,2310,0,5e-05,20000000,24631200.0,8540640.0,12184640.0,4829120.0,0.6875,0.6666666666666666
627,1,80,25,55,24.55,18,6,12,27.0,2201240,630688,1069776,356592,14,0,51,5,30,250425-000748_Run_1268_Idx_89663,3170,0,5e-05,20000000,44024800.0,12613760.0,21395520.0,7131840.0,0.6875,0.6666666666666666
628,1,160,57,103,18.74,81,27,54,24.0,396096,103280,835232,211280,4,0,51,5,30,250425-001551_Run_1434_Idx_6329,3590,0,5e-05,20000000,7921920.0,2065600.0,16704640.0,4225600.0,0.64375,0.6666666666666666
629,1,145,45,100,25.9,45,15,30,27.0,2079552,654752,1099368,366456,7,0,51,5,30,250424-230219_Run_783_Idx_95480,1960,0,5e-05,20000000,41591040.0,13095040.0,21987360.0,7329120.0,0.6896551724137931,0.6666666666666666
630,1,80,25,55,26.21,18,6,12,27.0,2476440,768288,1069776,356592,14,0,51,5,30,250424-233433_Run_492_Idx_66277,1230,0,5e-05,20000000,49528800.0,15365760.0,21395520.0,7131840.0,0.6875,0.6666666666666666
631,1,160,48,112,26.12,81,27,54,27.0,892224,275552,935928,311976,4,0,51,5,30,250424-223527_Run_62_Idx_85773,160,0,5e-05,20000000,17844480.0,5511040.0,18718560.0,6239520.0,0.7,0.6666666666666666
632,1,145,48,97,24.31,45,15,30,27.0,1590112,556216,1099368,366456,7,0,51,5,30,250424-230329_Run_1019_Idx_87327,2550,0,5e-05,20000000,31802240.0,11124320.0,21987360.0,7329120.0,0.6689655172413793,0.6666666666666666
633,1,80,24,56,26.0,18,6,12,27.0,2399416,708056,1069776,356592,14,0,51,5,30,250424-223443_Run_24_Idx_61908,60,0,5e-05,20000000,47988320.0,14161120.0,21395520.0,7131840.0,0.7,0.6666666666666666
634,1,160,48,112,25.6,144,48,96,22.44,226560,70016,471360,145536,2,0,51,5,30,250425-003031_Run_1737_Idx_13251,4350,0,5e-05,20000000,4531200.0,1400320.0,9427200.0,2910720.0,0.7,0.6666666666666666
635,1,80,25,55,24.65,18,6,12,27.0,2056096,584608,1069776,356592,14,0,51,5,30,250425-002300_Run_1064_Idx_57146,2660,0,5e-05,20000000,41121920.0,11692160.0,21395520.0,7131840.0,0.6875,0.6666666666666666
636,1,160,48,112,24.0,144,53,91,18.9,212224,66432,288912,107120,2,0,51,5,30,250425-005501_Run_1901_Idx_6716,4760,0,5e-05,20000000,4244480.0,1328640.0,5778240.0,2142400.0,0.7,0.6319444444444444
637,1,160,62,98,22.39,144,48,96,22.78,184528,66032,484392,145536,2,0,51,5,30,250425-000430_Run_1333_Idx_75394,3340,0,5e-05,20000000,3690560.0,1320640.0,9687840.0,2910720.0,0.6125,0.6666666666666666
638,1,145,46,99,25.29,45,15,30,21.78,2113792,689800,626696,248288,7,0,51,5,30,250425-004747_Run_1739_Idx_57481,4350,0,5e-05,20000000,42275840.0,13796000.0,12533920.0,4965760.0,0.6827586206896552,0.6666666666666666
639,1,80,25,55,22.3,18,6,12,24.11,1931120,572952,618128,243680,14,0,51,5,30,250424-235946_Run_1400_Idx_47249,3500,0,5e-05,20000000,38622400.0,11459040.0,12362560.0,4873600.0,0.6875,0.6666666666666666
640,1,80,25,55,22.31,18,6,12,27.0,1574784,533080,1069776,356592,14,0,51,5,30,250425-001722_Run_1312_Idx_65229,3280,0,5e-05,20000000,31495680.0,10661600.0,21395520.0,7131840.0,0.6875,0.6666666666666666
641,1,160,48,112,26.3,144,48,96,27.0,226560,70016,645120,215040,2,0,51,5,30,250424-224552_Run_573_Idx_25592,1440,0,5e-05,20000000,4531200.0,1400320.0,12902400.0,4300800.0,0.7,0.6666666666666666
642,1,160,48,112,26.3,144,48,96,24.0,226560,70016,575616,145536,2,0,51,5,30,250425-005330_Run_1833_Idx_25592,4590,0,5e-05,20000000,4531200.0,1400320.0,11512320.0,2910720.0,0.7,0.6666666666666666
643,1,160,57,103,23.25,81,27,54,27.0,716824,222648,935928,311976,4,0,51,5,30,250424-232750_Run_978_Idx_89116,2450,0,5e-05,20000000,14336480.0,4452960.0,18718560.0,6239520.0,0.64375,0.6666666666666666
644,1,160,51,109,20.77,81,27,54,27.0,286344,87344,935928,311976,4,0,51,5,30,250425-010042_Run_1946_Idx_16983,4870,0,5e-05,20000000,5726880.0,1746880.0,18718560.0,6239520.0,0.68125,0.6666666666666666
645,1,160,62,98,23.3,144,48,96,27.0,183280,64112,645120,215040,2,0,51,5,30,250424-230024_Run_905_Idx_9418,2270,0,5e-05,20000000,3665600.0,1282240.0,12902400.0,4300800.0,0.6125,0.6666666666666666
646,1,80,25,55,22.61,18,6,12,15.78,1925072,532264,609232,241456,14,0,51,5,30,250424-235822_Run_1520_Idx_66277,3800,0,5e-05,20000000,38501440.0,10645280.0,12184640.0,4829120.0,0.6875,0.6666666666666666
647,1,145,46,99,22.88,45,15,30,24.0,1829792,469000,981200,248288,7,0,51,5,30,250424-233424_Run_967_Idx_32731,2420,0,5e-05,20000000,36595840.0,9380000.0,19624000.0,4965760.0,0.6827586206896552,0.6666666666666666
648,1,160,48,112,26.0,144,48,96,27.0,212224,66432,645120,215040,2,0,51,5,30,250424-225534_Run_913_Idx_1990,2290,0,5e-05,20000000,4244480.0,1328640.0,12902400.0,4300800.0,0.7,0.6666666666666666
649,1,160,58,102,18.04,81,28,53,21.02,392512,131360,554680,171984,4,0,51,5,30,250424-235719_Run_1166_Idx_11844,2920,0,5e-05,20000000,7850240.0,2627200.0,11093600.0,3439680.0,0.6375,0.654320987654321
650,1,160,48,112,26.2,144,48,96,24.0,219904,68352,575616,145536,2,0,51,5,30,250425-004751_Run_1857_Idx_5687,4650,0,5e-05,20000000,4398080.0,1367040.0,11512320.0,2910720.0,0.7,0.6666666666666666
651,1,80,24,56,26.0,18,6,12,27.0,2399416,708056,1069776,356592,14,0,51,5,30,250424-230507_Run_184_Idx_61908,460,0,5e-05,20000000,47988320.0,14161120.0,21395520.0,7131840.0,0.7,0.6666666666666666
652,1,160,57,103,20.49,81,27,54,24.0,629248,161856,835232,211280,4,0,51,5,30,250424-233521_Run_846_Idx_59929,2120,0,5e-05,20000000,12584960.0,3237120.0,16704640.0,4225600.0,0.64375,0.6666666666666666
653,1,80,25,55,26.21,18,6,12,27.0,2476440,768288,1069776,356592,14,0,51,5,30,250424-230859_Run_772_Idx_89663,1930,0,5e-05,20000000,49528800.0,15365760.0,21395520.0,7131840.0,0.6875,0.6666666666666666
654,1,145,45,100,25.16,45,15,30,24.0,2096672,603392,981200,248288,7,0,51,5,30,250424-234700_Run_471_Idx_10792,1180,0,5e-05,20000000,41933440.0,12067840.0,19624000.0,4965760.0,0.6896551724137931,0.6666666666666666
655,1,160,56,104,23.15,81,27,54,22.78,715504,220976,541464,213360,4,0,51,5,30,250425-000222_Run_1158_Idx_86591,2900,0,5e-05,20000000,14310080.0,4419520.0,10829280.0,4267200.0,0.65,0.6666666666666666
656,1,145,50,95,24.5,45,19,26,21.0,1942592,641672,824968,238696,7,0,51,5,30,250424-225532_Run_319_Idx_37132,800,0,5e-05,20000000,38851840.0,12833440.0,16499360.0,4773920.0,0.6551724137931034,0.5777777777777777
657,1,160,48,112,26.3,144,48,96,27.0,226560,70016,645120,215040,2,0,51,5,30,250424-233804_Run_249_Idx_39758,630,0,5e-05,20000000,4531200.0,1400320.0,12902400.0,4300800.0,0.7,0.6666666666666666
658,1,80,25,55,26.21,18,6,12,27.0,2476440,768288,1069776,356592,14,0,51,5,30,250424-223937_Run_68_Idx_89663,170,0,5e-05,20000000,49528800.0,15365760.0,21395520.0,7131840.0,0.6875,0.6666666666666666
659,1,145,45,100,21.1,45,15,30,24.0,1360512,415072,981200,248288,7,0,51,5,30,250425-003444_Run_1699_Idx_10792,4250,0,5e-05,20000000,27210240.0,8301440.0,19624000.0,4965760.0,0.6896551724137931,0.6666666666666666
660,1,160,57,103,22.3,144,48,96,23.42,152728,55752,523488,145536,2,0,51,5,30,250425-000555_Run_1093_Idx_16180,2740,0,5e-05,20000000,3054560.0,1115040.0,10469760.0,2910720.0,0.64375,0.6666666666666666
661,1,160,48,112,26.2,144,48,96,27.0,219904,68352,645120,215040,2,0,51,5,30,250424-233916_Run_365_Idx_5687,920,0,5e-05,20000000,4398080.0,1367040.0,12902400.0,4300800.0,0.7,0.6666666666666666
662,1,145,45,100,26.28,45,15,30,27.0,2182272,688992,1099368,366456,7,0,51,5,30,250424-223407_Run_51_Idx_10792,130,0,5e-05,20000000,43645440.0,13779840.0,21987360.0,7329120.0,0.6896551724137931,0.6666666666666666
663,1,80,25,55,19.7,18,6,12,12.67,1865824,473016,494096,126320,14,0,51,5,30,250425-004905_Run_1840_Idx_66277,4600,0,5e-05,20000000,37316480.0,9460320.0,9881920.0,2526400.0,0.6875,0.6666666666666666
664,1,145,45,100,26.28,45,15,30,27.0,2182272,688992,1099368,366456,7,0,51,5,30,250424-232528_Run_507_Idx_10792,1270,0,5e-05,20000000,43645440.0,13779840.0,21987360.0,7329120.0,0.6896551724137931,0.6666666666666666
665,1,80,25,55,25.79,18,6,12,27.0,2358912,729112,1069776,356592,14,0,51,5,30,250424-234554_Run_592_Idx_47249,1480,0,5e-05,20000000,47178240.0,14582240.0,21395520.0,7131840.0,0.6875,0.6666666666666666
666,1,80,26,54,24.31,18,6,12,27.0,1705160,586408,1069776,356592,14,0,51,5,30,250424-231739_Run_876_Idx_74048,2190,0,5e-05,20000000,34103200.0,11728160.0,21395520.0,7131840.0,0.675,0.6666666666666666
667,1,80,25,55,18.54,18,6,12,18.22,1396680,414736,494096,126320,14,0,51,5,30,250425-004226_Run_1748_Idx_26496,4370,0,5e-05,20000000,27933600.0,8294720.0,9881920.0,2526400.0,0.6875,0.6666666666666666
668,1,145,45,100,19.26,45,15,30,20.51,991808,262976,518064,132504,7,0,51,5,30,250425-004410_Run_1623_Idx_71006,4060,0,5e-05,20000000,19836160.0,5259520.0,10361280.0,2650080.0,0.6896551724137931,0.6666666666666666
669,1,160,48,112,24.2,144,58,86,18.11,226560,70016,345384,116488,2,0,51,5,30,250425-002837_Run_1353_Idx_54272,3390,0,5e-05,20000000,4531200.0,1400320.0,6907680.0,2329760.0,0.7,0.5972222222222222
670,1,160,48,112,26.12,81,27,54,27.0,892224,275552,935928,311976,4,0,51,5,30,250424-223450_Run_50_Idx_93338,130,0,5e-05,20000000,17844480.0,5511040.0,18718560.0,6239520.0,0.7,0.6666666666666666
671,1,160,48,112,26.3,144,48,96,27.0,226560,70016,645120,215040,2,0,51,5,30,250425-001417_Run_1377_Idx_13251,3450,0,5e-05,20000000,4531200.0,1400320.0,12902400.0,4300800.0,0.7,0.6666666666666666
672,1,80,26,54,25.66,18,6,12,27.0,2360240,750832,1069776,356592,14,0,51,5,30,250424-223752_Run_32_Idx_76244,80,0,5e-05,20000000,47204800.0,15016640.0,21395520.0,7131840.0,0.675,0.6666666666666666
673,1,80,24,56,26.0,18,6,12,27.0,2399416,708056,1069776,356592,14,0,51,5,30,250424-224542_Run_216_Idx_61908,540,0,5e-05,20000000,47988320.0,14161120.0,21395520.0,7131840.0,0.7,0.6666666666666666
674,1,160,48,112,26.12,81,27,54,27.0,892224,275552,935928,311976,4,0,51,5,30,250424-234937_Run_586_Idx_85773,1470,0,5e-05,20000000,17844480.0,5511040.0,18718560.0,6239520.0,0.7,0.6666666666666666
675,1,145,45,100,26.28,45,15,30,27.0,2182272,688992,1099368,366456,7,0,51,5,30,250424-224701_Run_571_Idx_10792,1430,0,5e-05,20000000,43645440.0,13779840.0,21987360.0,7329120.0,0.6896551724137931,0.6666666666666666
676,1,160,48,112,26.0,144,48,96,27.0,212224,66432,645120,215040,2,0,51,5,30,250425-004706_Run_1781_Idx_1990,4460,0,5e-05,20000000,4244480.0,1328640.0,12902400.0,4300800.0,0.7,0.6666666666666666
677,1,160,53,107,21.66,81,27,54,20.0,502640,163144,466608,118680,4,0,51,5,30,250425-004228_Run_1626_Idx_85987,4070,0,5e-05,20000000,10052800.0,3262880.0,9332160.0,2373600.0,0.66875,0.6666666666666666
678,1,160,57,103,23.11,81,27,54,27.0,680824,213720,935928,311976,4,0,51,5,30,250425-002412_Run_1062_Idx_59929,2660,0,5e-05,20000000,13616480.0,4274400.0,18718560.0,6239520.0,0.64375,0.6666666666666666
679,1,160,48,112,25.85,81,27,54,27.0,865984,268992,935928,311976,4,0,51,5,30,250424-224811_Run_450_Idx_47915,1130,0,5e-05,20000000,17319680.0,5379840.0,18718560.0,6239520.0,0.7,0.6666666666666666
680,1,80,24,56,22.15,18,6,12,24.0,1378904,452928,609232,241456,14,0,51,5,30,250424-235833_Run_1164_Idx_54226,2910,0,5e-05,20000000,27578080.0,9058560.0,12184640.0,4829120.0,0.7,0.6666666666666666
681,1,160,48,112,24.9,144,58,86,17.81,226560,70016,314976,99112,2,0,51,5,30,250425-003706_Run_1757_Idx_45604,4400,0,5e-05,20000000,4531200.0,1400320.0,6299520.0,1982240.0,0.7,0.5972222222222222
682,1,160,48,112,26.3,144,48,96,27.0,226560,70016,645120,215040,2,0,51,5,30,250424-225156_Run_325_Idx_39758,820,0,5e-05,20000000,4531200.0,1400320.0,12902400.0,4300800.0,0.7,0.6666666666666666
683,1,160,48,112,26.0,81,27,54,27.0,865984,268992,935928,311976,4,0,51,5,30,250424-225857_Run_194_Idx_78813,490,0,5e-05,20000000,17319680.0,5379840.0,18718560.0,6239520.0,0.7,0.6666666666666666
684,1,160,52,108,23.34,81,27,54,27.0,566424,201288,935928,311976,4,0,51,5,30,250425-003259_Run_1702_Idx_81137,4260,0,5e-05,20000000,11328480.0,4025760.0,18718560.0,6239520.0,0.675,0.6666666666666666
685,1,160,48,112,26.3,144,48,96,27.0,226560,70016,645120,215040,2,0,51,5,30,250424-233330_Run_613_Idx_13251,1540,0,5e-05,20000000,4531200.0,1400320.0,12902400.0,4300800.0,0.7,0.6666666666666666
686,1,160,48,112,26.0,144,48,96,27.0,212224,66432,645120,215040,2,0,51,5,30,250424-225758_Run_909_Idx_1990,2280,0,5e-05,20000000,4244480.0,1328640.0,12902400.0,4300800.0,0.7,0.6666666666666666
687,1,80,25,55,26.3,18,6,12,27.0,2476440,768288,1069776,356592,14,0,51,5,30,250424-235045_Run_228_Idx_26496,570,0,5e-05,20000000,49528800.0,15365760.0,21395520.0,7131840.0,0.6875,0.6666666666666666
688,1,145,47,98,22.99,45,15,30,15.64,2045312,656368,458232,170400,7,0,51,5,30,250424-225020_Run_803_Idx_35805,2010,0,5e-05,20000000,40906240.0,13127360.0,9164640.0,3408000.0,0.6758620689655173,0.6666666666666666
689,1,80,25,55,17.39,18,6,12,15.22,956264,368656,148688,126320,14,0,51,5,30,250425-010016_Run_1892_Idx_57146,4730,0,5e-05,20000000,19125280.0,7373120.0,2973760.0,2526400.0,0.6875,0.6666666666666666
690,1,145,46,99,25.97,45,15,30,27.0,2028672,668520,1099368,366456,7,0,51,5,30,250424-223600_Run_87_Idx_72713,220,0,5e-05,20000000,40573440.0,13370400.0,21987360.0,7329120.0,0.6827586206896552,0.6666666666666666
691,1,160,48,112,26.0,144,48,96,24.0,212224,66432,523488,145536,2,0,51,5,30,250424-233817_Run_841_Idx_1990,2110,0,5e-05,20000000,4244480.0,1328640.0,10469760.0,2910720.0,0.7,0.6666666666666666
692,1,160,48,112,26.08,81,29,52,15.6,892224,275552,439952,114904,4,0,51,5,30,250425-002104_Run_1246_Idx_48395,3120,0,5e-05,20000000,17844480.0,5511040.0,8799040.0,2298080.0,0.7,0.6419753086419753
693,1,160,48,112,26.2,144,48,96,27.0,219904,68352,645120,215040,2,0,51,5,30,250424-232832_Run_145_Idx_7420,370,0,5e-05,20000000,4398080.0,1367040.0,12902400.0,4300800.0,0.7,0.6666666666666666
694,1,145,45,100,24.76,45,15,30,27.0,1915392,553792,1099368,366456,7,0,51,5,30,250425-004046_Run_1659_Idx_61030,4150,0,5e-05,20000000,38307840.0,11075840.0,21987360.0,7329120.0,0.6896551724137931,0.6666666666666666
695,1,80,25,55,26.0,18,6,12,27.0,2292120,722208,1069776,356592,14,0,51,5,30,250424-223746_Run_84_Idx_57146,210,0,5e-05,20000000,45842400.0,14444160.0,21395520.0,7131840.0,0.6875,0.6666666666666666
696,1,160,48,112,25.34,81,28,53,21.77,892224,275552,469176,166936,4,0,51,5,30,250425-001702_Run_1490_Idx_64251,3730,0,5e-05,20000000,17844480.0,5511040.0,9383520.0,3338720.0,0.7,0.654320987654321
697,1,160,48,112,25.35,81,27,54,24.0,865984,268992,618992,193088,4,0,51,5,30,250424-235137_Run_938_Idx_75070,2350,0,5e-05,20000000,17319680.0,5379840.0,12379840.0,3861760.0,0.7,0.6666666666666666
698,1,145,53,92,24.12,45,15,30,27.0,1829792,628736,1099368,366456,7,0,51,5,30,250424-234023_Run_363_Idx_12355,910,0,5e-05,20000000,36595840.0,12574720.0,21987360.0,7329120.0,0.6344827586206897,0.6666666666666666
699,1,80,25,55,26.21,18,6,12,27.0,2476440,768288,1069776,356592,14,0,51,5,30,250424-234214_Run_716_Idx_89663,1790,0,5e-05,20000000,49528800.0,15365760.0,21395520.0,7131840.0,0.6875,0.6666666666666666
700,1,160,48,112,26.12,81,27,54,27.0,892224,275552,935928,311976,4,0,51,5,30,250424-232801_Run_622_Idx_85773,1560,0,5e-05,20000000,17844480.0,5511040.0,18718560.0,6239520.0,0.7,0.6666666666666666
701,1,160,48,112,24.4,81,36,45,20.41,865984,268992,681368,200840,4,0,51,5,30,250424-231935_Run_398_Idx_90426,1000,0,5e-05,20000000,17319680.0,5379840.0,13627360.0,4016800.0,0.7,0.5555555555555556
702,1,160,48,112,26.08,81,27,54,24.0,892224,275552,835232,211280,4,0,51,5,30,250425-000358_Run_1274_Idx_960,3190,0,5e-05,20000000,17844480.0,5511040.0,16704640.0,4225600.0,0.7,0.6666666666666666
703,1,160,48,112,25.51,81,27,54,20.67,892224,275552,379280,96848,4,0,51,5,30,250425-005200_Run_1882_Idx_34316,4710,0,5e-05,20000000,17844480.0,5511040.0,7585600.0,1936960.0,0.7,0.6666666666666666
704,1,160,60,100,18.91,144,48,96,24.0,134904,35408,575616,145536,2,0,51,5,30,250425-000800_Run_1505_Idx_37594,3770,0,5e-05,20000000,2698080.0,708160.0,11512320.0,2910720.0,0.625,0.6666666666666666
705,1,160,48,112,26.3,144,48,96,27.0,226560,70016,645120,215040,2,0,51,5,30,250425-000256_Run_1513_Idx_25592,3790,0,5e-05,20000000,4531200.0,1400320.0,12902400.0,4300800.0,0.7,0.6666666666666666
706,1,145,48,97,24.71,45,15,30,27.0,1891712,601656,1099368,366456,7,0,51,5,30,250424-225909_Run_907_Idx_1019,2270,0,5e-05,20000000,37834240.0,12033120.0,21987360.0,7329120.0,0.6689655172413793,0.6666666666666666
707,1,160,48,112,26.0,81,27,54,27.0,865984,268992,935928,311976,4,0,51,5,30,250424-231339_Run_170_Idx_78813,430,0,5e-05,20000000,17319680.0,5379840.0,18718560.0,6239520.0,0.7,0.6666666666666666
708,1,145,45,100,26.18,45,15,30,27.0,2182272,688992,1099368,366456,7,0,51,5,30,250424-233022_Run_499_Idx_10792,1250,0,5e-05,20000000,43645440.0,13779840.0,21987360.0,7329120.0,0.6896551724137931,0.6666666666666666
709,1,160,48,112,25.99,81,35,46,21.07,892224,275552,699152,205048,4,0,51,5,30,250424-234438_Run_238_Idx_3852,600,0,5e-05,20000000,17844480.0,5511040.0,13983040.0,4100960.0,0.7,0.5679012345679012
710,1,160,62,98,16.7,144,76,68,9.69,117216,41968,154248,66808,2,0,51,5,30,250425-002612_Run_1357_Idx_53589,3400,0,5e-05,20000000,2344320.0,839360.0,3084960.0,1336160.0,0.6125,0.4722222222222222
711,1,145,46,99,25.99,45,15,30,27.0,2103712,674440,1099368,366456,7,0,51,5,30,250424-231039_Run_175_Idx_86910,440,0,5e-05,20000000,42074240.0,13488800.0,21987360.0,7329120.0,0.6827586206896552,0.6666666666666666
712,1,160,58,102,23.5,144,48,96,27.0,165232,59344,645120,215040,2,0,51,5,30,250424-230443_Run_1017_Idx_75763,2550,0,5e-05,20000000,3304640.0,1186880.0,12902400.0,4300800.0,0.6375,0.6666666666666666
713,1,160,48,112,26.2,144,48,96,24.0,219904,68352,575616,145536,2,0,51,5,30,250424-223449_Run_37_Idx_5687,100,0,5e-05,20000000,4398080.0,1367040.0,11512320.0,2910720.0,0.7,0.6666666666666666
714,1,80,25,55,12.35,18,6,12,6.44,943736,316312,148688,126320,14,0,51,5,30,250425-002206_Run_1364_Idx_47249,3410,0,5e-05,20000000,18874720.0,6326240.0,2973760.0,2526400.0,0.6875,0.6666666666666666
715,1,145,46,99,25.99,45,15,30,27.0,2103712,674440,1099368,366456,7,0,51,5,30,250424-224130_Run_223_Idx_86910,560,0,5e-05,20000000,42074240.0,13488800.0,21987360.0,7329120.0,0.6827586206896552,0.6666666666666666
716,1,160,48,112,25.99,81,27,54,27.0,892224,275552,935928,311976,4,0,51,5,30,250424-223527_Run_10_Idx_34316,30,0,5e-05,20000000,17844480.0,5511040.0,18718560.0,6239520.0,0.7,0.6666666666666666
717,1,160,48,112,25.75,81,27,54,27.0,865984,268992,935928,311976,4,0,51,5,30,250425-002100_Run_1306_Idx_47915,3270,0,5e-05,20000000,17319680.0,5379840.0,18718560.0,6239520.0,0.7,0.6666666666666666
718,1,160,48,112,26.12,81,27,54,27.0,892224,275552,935928,311976,4,0,51,5,30,250424-233545_Run_490_Idx_93338,1230,0,5e-05,20000000,17844480.0,5511040.0,18718560.0,6239520.0,0.7,0.6666666666666666
719,1,80,25,55,24.79,18,6,12,24.0,2135416,683032,609232,241456,14,0,51,5,30,250424-235041_Run_820_Idx_57146,2050,0,5e-05,20000000,42708320.0,13660640.0,12184640.0,4829120.0,0.6875,0.6666666666666666
720,1,80,24,56,23.71,18,6,12,24.0,2006688,531280,609232,241456,14,0,51,5,30,250425-000135_Run_1220_Idx_61908,3050,0,5e-05,20000000,40133760.0,10625600.0,12184640.0,4829120.0,0.7,0.6666666666666666
721,1,80,25,55,22.09,18,6,12,18.0,1721648,525360,33552,11184,14,0,51,5,30,250425-001111_Run_1084_Idx_57146,2710,0,5e-05,20000000,34432960.0,10507200.0,671040.0,223680.0,0.6875,0.6666666666666666
722,1,80,26,54,25.79,18,6,12,27.0,2437264,770088,1069776,356592,14,0,51,5,30,250424-223404_Run_64_Idx_29372,160,0,5e-05,20000000,48745280.0,15401760.0,21395520.0,7131840.0,0.675,0.6666666666666666
723,1,145,44,101,25.27,45,15,30,24.0,2052352,638584,773304,275424,7,0,51,5,30,250424-235056_Run_939_Idx_57375,2350,0,5e-05,20000000,41047040.0,12771680.0,15466080.0,5508480.0,0.696551724137931,0.6666666666666666
724,1,80,25,55,26.0,18,6,12,27.0,2399416,749032,1069776,356592,14,0,51,5,30,250424-224210_Run_460_Idx_65229,1150,0,5e-05,20000000,47988320.0,14980640.0,21395520.0,7131840.0,0.6875,0.6666666666666666
725,1,160,58,102,23.11,81,27,54,27.0,593432,215392,935928,311976,4,0,51,5,30,250424-234700_Run_826_Idx_63012,2070,0,5e-05,20000000,11868640.0,4307840.0,18718560.0,6239520.0,0.6375,0.6666666666666666
726,1,145,44,101,19.54,45,15,30,21.4,1120832,397144,615376,235600,7,0,51,5,30,250424-235524_Run_1407_Idx_51592,3520,0,5e-05,20000000,22416640.0,7942880.0,12307520.0,4712000.0,0.696551724137931,0.6666666666666666
727,1,160,48,112,26.3,144,48,96,24.0,226560,70016,575616,145536,2,0,51,5,30,250425-000712_Run_1269_Idx_82062,3180,0,5e-05,20000000,4531200.0,1400320.0,11512320.0,2910720.0,0.7,0.6666666666666666
728,1,80,24,56,26.0,18,6,12,27.0,2399416,708056,1069776,356592,14,0,51,5,30,250424-224319_Run_220_Idx_61908,550,0,5e-05,20000000,47988320.0,14161120.0,21395520.0,7131840.0,0.7,0.6666666666666666
729,1,80,25,55,26.21,18,6,12,27.0,2476440,768288,1069776,356592,14,0,51,5,30,250424-233658_Run_488_Idx_66277,1220,0,5e-05,20000000,49528800.0,15365760.0,21395520.0,7131840.0,0.6875,0.6666666666666666
730,1,160,48,112,25.95,81,27,54,27.0,865984,268992,935928,311976,4,0,51,5,30,250424-235035_Run_346_Idx_47915,870,0,5e-05,20000000,17319680.0,5379840.0,18718560.0,6239520.0,0.7,0.6666666666666666
731,1,160,54,106,23.05,81,27,54,27.0,699536,204592,935928,311976,4,0,51,5,30,250425-002324_Run_1302_Idx_36891,3260,0,5e-05,20000000,13990720.0,4091840.0,18718560.0,6239520.0,0.6625,0.6666666666666666
732,1,145,46,99,24.31,45,15,30,27.0,1538752,520360,1099368,366456,7,0,51,5,30,250424-233203_Run_971_Idx_32731,2430,0,5e-05,20000000,30775040.0,10407200.0,21987360.0,7329120.0,0.6827586206896552,0.6666666666666666
733,1,160,48,112,25.6,144,48,96,24.0,226560,70016,536520,145536,2,0,51,5,30,250424-231005_Run_533_Idx_25592,1340,0,5e-05,20000000,4531200.0,1400320.0,10730400.0,2910720.0,0.7,0.6666666666666666
734,1,160,48,112,26.3,144,48,96,27.0,226560,70016,645120,215040,2,0,51,5,30,250424-234628_Run_709_Idx_82062,1780,0,5e-05,20000000,4531200.0,1400320.0,12902400.0,4300800.0,0.7,0.6666666666666666
735,1,80,25,55,24.32,18,6,12,21.22,1965216,630688,609232,241456,14,0,51,5,30,250425-000948_Run_1444_Idx_26496,3610,0,5e-05,20000000,39304320.0,12613760.0,12184640.0,4829120.0,0.6875,0.6666666666666666
736,1,160,48,112,26.2,144,48,96,27.0,219904,68352,645120,215040,2,0,51,5,30,250424-234846_Run_349_Idx_5687,880,0,5e-05,20000000,4398080.0,1367040.0,12902400.0,4300800.0,0.7,0.6666666666666666
737,1,145,45,100,26.28,45,15,30,27.0,2182272,688992,1099368,366456,7,0,51,5,30,250424-234407_Run_595_Idx_24331,1490,0,5e-05,20000000,43645440.0,13779840.0,21987360.0,7329120.0,0.6896551724137931,0.6666666666666666
738,1,145,46,99,23.59,45,15,30,21.11,1660160,487688,510912,132504,7,0,51,5,30,250425-004537_Run_1559_Idx_32731,3900,0,5e-05,20000000,33203200.0,9753760.0,10218240.0,2650080.0,0.6827586206896552,0.6666666666666666
739,1,80,25,55,25.26,18,6,12,24.0,2319736,729112,781936,241456,14,0,51,5,30,250424-230051_Run_548_Idx_66277,1370,0,5e-05,20000000,46394720.0,14582240.0,15638720.0,4829120.0,0.6875,0.6666666666666666
740,1,160,48,112,26.08,81,27,54,27.0,892224,275552,935928,311976,4,0,51,5,30,250424-231011_Run_770_Idx_960,1930,0,5e-05,20000000,17844480.0,5511040.0,18718560.0,6239520.0,0.7,0.6666666666666666
741,1,145,45,100,26.17,45,15,30,27.0,2120832,673632,1099368,366456,7,0,51,5,30,250424-233318_Run_375_Idx_71006,940,0,5e-05,20000000,42416640.0,13472640.0,21987360.0,7329120.0,0.6896551724137931,0.6666666666666666
742,1,160,53,107,21.09,81,27,54,24.0,548472,169704,835232,211280,4,0,51,5,30,250425-003520_Run_1698_Idx_18885,4250,0,5e-05,20000000,10969440.0,3394080.0,16704640.0,4225600.0,0.66875,0.6666666666666666
743,1,160,48,112,24.81,81,33,48,20.67,830272,260064,500808,177600,4,0,51,5,30,250425-001931_Run_1070_Idx_63508,2680,0,5e-05,20000000,16605440.0,5201280.0,10016160.0,3552000.0,0.7,0.5925925925925926
744,1,80,25,55,22.79,18,6,12,21.0,1428312,506256,609232,241456,14,0,51,5,30,250425-000626_Run_1092_Idx_57146,2730,0,5e-05,20000000,28566240.0,10125120.0,12184640.0,4829120.0,0.6875,0.6666666666666666
745,1,80,25,55,25.54,18,6,12,24.0,2239448,709040,609232,241456,14,0,51,5,30,250424-231522_Run_524_Idx_66277,1310,0,5e-05,20000000,44788960.0,14180800.0,12184640.0,4829120.0,0.6875,0.6666666666666666
746,1,160,48,112,25.91,81,27,54,27.0,892224,275552,935928,311976,4,0,51,5,30,250424-233726_Run_250_Idx_34316,630,0,5e-05,20000000,17844480.0,5511040.0,18718560.0,6239520.0,0.7,0.6666666666666666
747,1,145,45,100,21.83,45,15,30,24.0,1223552,449312,626696,248288,7,0,51,5,30,250425-005511_Run_1799_Idx_95480,4500,0,5e-05,20000000,24471040.0,8986240.0,12533920.0,4965760.0,0.6896551724137931,0.6666666666666666
748,1,160,48,112,26.3,144,48,96,27.0,226560,70016,645120,215040,2,0,51,5,30,250424-225618_Run_793_Idx_82062,1990,0,5e-05,20000000,4531200.0,1400320.0,12902400.0,4300800.0,0.7,0.6666666666666666
749,1,145,45,100,21.03,45,15,30,12.11,1634432,483552,35856,11952,7,0,51,5,30,250425-001851_Run_1487_Idx_10792,3720,0,5e-05,20000000,32688640.0,9671040.0,717120.0,239040.0,0.6896551724137931,0.6666666666666666
750,1,80,25,55,23.55,18,6,12,21.22,2162064,630688,609232,241456,14,0,51,5,30,250425-003741_Run_1756_Idx_26496,4390,0,5e-05,20000000,43241280.0,12613760.0,12184640.0,4829120.0,0.6875,0.6666666666666666
751,1,145,46,99,24.69,45,15,30,24.0,2062432,587080,981200,248288,7,0,51,5,30,250424-235750_Run_1463_Idx_57481,3660,0,5e-05,20000000,41248640.0,11741600.0,19624000.0,4965760.0,0.6827586206896552,0.6666666666666666
752,1,160,48,112,24.6,144,60,84,21.08,219904,68352,462672,138480,2,0,51,5,30,250424-231751_Run_401_Idx_36776,1010,0,5e-05,20000000,4398080.0,1367040.0,9253440.0,2769600.0,0.7,0.5833333333333334
753,1,80,24,56,24.85,18,6,12,27.0,2163392,570456,1069776,356592,14,0,51,5,30,250425-000841_Run_1148_Idx_54226,2870,0,5e-05,20000000,43267840.0,11409120.0,21395520.0,7131840.0,0.7,0.6666666666666666
754,1,80,24,56,26.2,18,6,12,27.0,2399416,708056,1069776,356592,14,0,51,5,30,250424-232152_Run_988_Idx_54226,2470,0,5e-05,20000000,47988320.0,14161120.0,21395520.0,7131840.0,0.7,0.6666666666666666
755,1,145,45,100,26.17,45,15,30,27.0,2120832,673632,1099368,366456,7,0,51,5,30,250424-233540_Run_371_Idx_71006,930,0,5e-05,20000000,42416640.0,13472640.0,21987360.0,7329120.0,0.6896551724137931,0.6666666666666666
756,1,80,25,55,26.21,18,6,12,27.0,2476440,768288,1069776,356592,14,0,51,5,30,250425-005404_Run_1832_Idx_66277,4580,0,5e-05,20000000,49528800.0,15365760.0,21395520.0,7131840.0,0.6875,0.6666666666666666
757,1,80,25,55,26.0,18,6,12,27.0,2399416,749032,1069776,356592,14,0,51,5,30,250424-224435_Run_456_Idx_65229,1140,0,5e-05,20000000,47988320.0,14980640.0,21395520.0,7131840.0,0.6875,0.6666666666666666
758,1,145,45,100,26.17,45,15,30,27.0,2120832,673632,1099368,366456,7,0,51,5,30,250424-232454_Run_151_Idx_61030,380,0,5e-05,20000000,42416640.0,13472640.0,21987360.0,7329120.0,0.6896551724137931,0.6666666666666666
759,1,160,58,102,20.5,144,55,89,19.68,160408,57736,367104,129112,2,0,51,5,30,250425-004048_Run_1629_Idx_76897,4080,0,5e-05,20000000,3208160.0,1154720.0,7342080.0,2582240.0,0.6375,0.6180555555555556
760,1,80,25,55,24.56,18,6,12,21.67,2319736,729112,609232,241456,14,0,51,5,30,250425-001056_Run_1500_Idx_66277,3750,0,5e-05,20000000,46394720.0,14582240.0,12184640.0,4829120.0,0.6875,0.6666666666666666
761,1,160,48,112,26.3,144,48,96,27.0,226560,70016,645120,215040,2,0,51,5,30,250424-233540_Run_253_Idx_39758,640,0,5e-05,20000000,4531200.0,1400320.0,12902400.0,4300800.0,0.7,0.6666666666666666
762,1,145,45,100,25.06,45,15,30,24.0,2035232,588032,981200,248288,7,0,51,5,30,250424-224841_Run_211_Idx_61030,530,0,5e-05,20000000,40704640.0,11760640.0,19624000.0,4965760.0,0.6896551724137931,0.6666666666666666
763,1,145,50,95,22.49,45,15,30,27.0,1600192,538952,1099368,366456,7,0,51,5,30,250424-232123_Run_751_Idx_39692,1880,0,5e-05,20000000,32003840.0,10779040.0,21987360.0,7329120.0,0.6551724137931034,0.6666666666666666
764,1,80,25,55,23.04,18,6,12,21.0,2026760,572256,494096,126320,14,0,51,5,30,250424-235734_Run_1344_Idx_65229,3360,0,5e-05,20000000,40535200.0,11445120.0,9881920.0,2526400.0,0.6875,0.6666666666666666
765,1,160,61,99,20.8,144,48,96,24.0,168448,43456,575616,145536,2,0,51,5,30,250424-232119_Run_989_Idx_48177,2480,0,5e-05,20000000,3368960.0,869120.0,11512320.0,2910720.0,0.61875,0.6666666666666666
766,1,160,48,112,26.2,144,48,96,27.0,219904,68352,645120,215040,2,0,51,5,30,250424-232609_Run_149_Idx_7420,380,0,5e-05,20000000,4398080.0,1367040.0,12902400.0,4300800.0,0.7,0.6666666666666666
767,1,80,24,56,26.0,18,6,12,27.0,2399416,708056,1069776,356592,14,0,51,5,30,250424-232154_Run_156_Idx_61908,390,0,5e-05,20000000,47988320.0,14161120.0,21395520.0,7131840.0,0.7,0.6666666666666666
768,1,160,48,112,26.3,144,48,96,24.0,226560,70016,549552,145536,2,0,51,5,30,250424-231530_Run_761_Idx_82062,1910,0,5e-05,20000000,4531200.0,1400320.0,10991040.0,2910720.0,0.7,0.6666666666666666
769,1,145,46,99,21.44,45,15,30,19.51,1771392,450120,508528,130120,7,0,51,5,30,250425-004523_Run_1743_Idx_57481,4360,0,5e-05,20000000,35427840.0,9002400.0,10170560.0,2602400.0,0.6827586206896552,0.6666666666666666
770,1,160,48,112,25.81,81,27,54,27.0,830272,260064,935928,311976,4,0,51,5,30,250424-234440_Run_830_Idx_28528,2080,0,5e-05,20000000,16605440.0,5201280.0,18718560.0,6239520.0,0.7,0.6666666666666666
771,1,160,55,105,22.11,81,27,54,23.2,542432,197336,631136,193088,4,0,51,5,30,250425-000514_Run_1094_Idx_25157,2740,0,5e-05,20000000,10848640.0,3946720.0,12622720.0,3861760.0,0.65625,0.6666666666666666
772,1,145,46,99,26.28,45,15,30,27.0,2182272,706920,1099368,366456,7,0,51,5,30,250424-231733_Run_283_Idx_57481,710,0,5e-05,20000000,43645440.0,14138400.0,21987360.0,7329120.0,0.6827586206896552,0.6666666666666666
773,1,160,48,112,26.08,81,27,54,27.0,892224,275552,935928,311976,4,0,51,5,30,250424-234551_Run_710_Idx_960,1780,0,5e-05,20000000,17844480.0,5511040.0,18718560.0,6239520.0,0.7,0.6666666666666666
774,1,80,25,55,24.65,18,6,12,24.0,2300992,650608,954640,241456,14,0,51,5,30,250424-230405_Run_424_Idx_65229,1060,0,5e-05,20000000,46019840.0,13012160.0,19092800.0,4829120.0,0.6875,0.6666666666666666
775,1,80,25,55,23.44,18,6,12,24.0,1899392,545432,609232,241456,14,0,51,5,30,250425-001556_Run_1076_Idx_57146,2690,0,5e-05,20000000,37987840.0,10908640.0,12184640.0,4829120.0,0.6875,0.6666666666666666
776,1,145,45,100,22.4,45,15,30,27.0,1384672,485312,1099368,366456,7,0,51,5,30,250425-005020_Run_1823_Idx_61030,4560,0,5e-05,20000000,27693440.0,9706240.0,21987360.0,7329120.0,0.6896551724137931,0.6666666666666666
777,1,160,48,112,25.34,81,32,49,14.65,892224,275552,264552,85272,4,0,51,5,30,250425-001926_Run_1486_Idx_18885,3720,0,5e-05,20000000,17844480.0,5511040.0,5291040.0,1705440.0,0.7,0.6049382716049383
778,1,80,25,55,20.29,18,6,12,21.67,1258112,453912,609232,241456,14,0,51,5,30,250425-005958_Run_1920_Idx_89663,4800,0,5e-05,20000000,25162240.0,9078240.0,12184640.0,4829120.0,0.6875,0.6666666666666666
779,1,80,25,55,20.29,18,6,12,12.44,1650840,493088,148688,126320,14,0,51,5,30,250425-003330_Run_1732_Idx_47249,4330,0,5e-05,20000000,33016800.0,9861760.0,2973760.0,2526400.0,0.6875,0.6666666666666666
780,1,80,25,55,22.94,18,6,12,27.0,1651808,552336,1069776,356592,14,0,51,5,30,250425-001013_Run_1264_Idx_89663,3160,0,5e-05,20000000,33036160.0,11046720.0,21395520.0,7131840.0,0.6875,0.6666666666666666
781,1,145,45,100,18.48,45,15,30,18.78,1155072,380832,508528,130120,7,0,51,5,30,250425-003851_Run_1723_Idx_24331,4310,0,5e-05,20000000,23101440.0,7616640.0,10170560.0,2602400.0,0.6896551724137931,0.6666666666666666
782,1,160,48,112,25.95,81,28,53,15.6,892224,275552,441728,114768,4,0,51,5,30,250425-004831_Run_1810_Idx_47348,4530,0,5e-05,20000000,17844480.0,5511040.0,8834560.0,2295360.0,0.7,0.654320987654321
783,1,160,48,112,26.3,144,48,96,27.0,226560,70016,645120,215040,2,0,51,5,30,250425-001429_Run_1257_Idx_82062,3150,0,5e-05,20000000,4531200.0,1400320.0,12902400.0,4300800.0,0.7,0.6666666666666666
784,1,160,48,112,25.05,81,27,54,24.0,865984,268992,710888,193088,4,0,51,5,30,250424-231452_Run_406_Idx_47915,1020,0,5e-05,20000000,17319680.0,5379840.0,14217760.0,3861760.0,0.7,0.6666666666666666
785,1,80,24,56,24.26,18,6,12,21.0,2242712,668880,609232,241456,14,0,51,5,30,250424-234313_Run_952_Idx_54226,2380,0,5e-05,20000000,44854240.0,13377600.0,12184640.0,4829120.0,0.7,0.6666666666666666
786,1,145,45,100,23.03,45,15,30,21.22,1607232,468192,626696,248288,7,0,51,5,30,250425-005129_Run_1851_Idx_71006,4630,0,5e-05,20000000,32144640.0,9363840.0,12533920.0,4965760.0,0.6896551724137931,0.6666666666666666
787,1,145,45,100,25.27,45,15,30,24.0,2103712,656512,1009608,275424,7,0,51,5,30,250424-233433_Run_135_Idx_61030,340,0,5e-05,20000000,42074240.0,13130240.0,20192160.0,5508480.0,0.6896551724137931,0.6666666666666666
788,1,145,45,100,26.28,45,15,30,27.0,2182272,688992,1099368,366456,7,0,51,5,30,250424-233216_Run_615_Idx_24331,1540,0,5e-05,20000000,43645440.0,13779840.0,21987360.0,7329120.0,0.6896551724137931,0.6666666666666666
789,1,160,63,97,23.5,144,48,96,27.0,189352,67704,645120,215040,2,0,51,5,30,250424-232718_Run_385_Idx_63678,970,0,5e-05,20000000,3787040.0,1354080.0,12902400.0,4300800.0,0.60625,0.6666666666666666
790,1,160,48,112,26.0,81,27,54,24.0,865984,268992,835232,211280,4,0,51,5,30,250424-234438_Run_118_Idx_78813,300,0,5e-05,20000000,17319680.0,5379840.0,16704640.0,4225600.0,0.7,0.6666666666666666
791,1,145,46,99,25.99,45,15,30,27.0,2103712,674440,1099368,366456,7,0,51,5,30,250424-230047_Run_191_Idx_86910,480,0,5e-05,20000000,42074240.0,13488800.0,21987360.0,7329120.0,0.6827586206896552,0.6666666666666666
792,1,80,25,55,24.72,18,6,12,24.0,2125184,670680,609232,241456,14,0,51,5,30,250424-235508_Run_1348_Idx_65229,3370,0,5e-05,20000000,42503680.0,13413600.0,12184640.0,4829120.0,0.6875,0.6666666666666666
793,1,160,48,112,25.25,81,27,54,21.84,892224,275552,471816,174896,4,0,51,5,30,250425-002949_Run_1738_Idx_85773,4350,0,5e-05,20000000,17844480.0,5511040.0,9436320.0,3497920.0,0.7,0.6666666666666666
794,1,160,52,108,20.72,81,27,54,19.69,691488,176160,607256,154064,4,0,51,5,30,250425-004151_Run_1718_Idx_52477,4300,0,5e-05,20000000,13829760.0,3523200.0,12145120.0,3081280.0,0.675,0.6666666666666666
795,1,160,48,112,26.2,144,52,92,21.1,219904,68352,406200,124360,2,0,51,5,30,250425-004208_Run_1565_Idx_37115,3920,0,5e-05,20000000,4398080.0,1367040.0,8124000.0,2487200.0,0.7,0.6388888888888888
796,1,145,45,100,26.17,45,15,30,27.0,2120832,673632,1099368,366456,7,0,51,5,30,250424-234959_Run_347_Idx_71006,870,0,5e-05,20000000,42416640.0,13472640.0,21987360.0,7329120.0,0.6896551724137931,0.6666666666666666
797,1,160,48,112,26.2,144,48,96,27.0,219904,68352,645120,215040,2,0,51,5,30,250424-225447_Run_201_Idx_7420,510,0,5e-05,20000000,4398080.0,1367040.0,12902400.0,4300800.0,0.7,0.6666666666666666
798,1,160,48,112,26.2,144,48,96,24.0,219904,68352,575616,145536,2,0,51,5,30,250425-002007_Run_1129_Idx_81871,2830,0,5e-05,20000000,4398080.0,1367040.0,11512320.0,2910720.0,0.7,0.6666666666666666
799,1,80,25,55,19.52,18,6,12,15.0,1669944,433840,33552,11184,14,0,51,5,30,250425-003025_Run_1768_Idx_26496,4420,0,5e-05,20000000,33398880.0,8676800.0,671040.0,223680.0,0.6875,0.6666666666666666
800,1,160,61,99,23.6,144,48,96,27.0,186360,66024,645120,215040,2,0,51,5,30,250424-230826_Run_773_Idx_63195,1940,0,5e-05,20000000,3727200.0,1320480.0,12902400.0,4300800.0,0.61875,0.6666666666666666
801,1,160,55,105,23.25,81,27,54,27.0,578144,206264,935928,311976,4,0,51,5,30,250425-001439_Run_1138_Idx_19838,2850,0,5e-05,20000000,11562880.0,4125280.0,18718560.0,6239520.0,0.65625,0.6666666666666666
802,1,160,61,99,22.08,144,48,96,27.0,138120,51552,645120,215040,2,0,51,5,30,250425-000923_Run_1385_Idx_23040,3470,0,5e-05,20000000,2762400.0,1031040.0,12902400.0,4300800.0,0.61875,0.6666666666666666
803,1,160,48,112,26.0,81,27,54,27.0,865984,268992,935928,311976,4,0,51,5,30,250424-231822_Run_162_Idx_78813,410,0,5e-05,20000000,17319680.0,5379840.0,18718560.0,6239520.0,0.7,0.6666666666666666
804,1,80,25,55,20.24,18,6,12,15.22,1612632,552336,609232,241456,14,0,51,5,30,250425-005054_Run_1868_Idx_47249,4670,0,5e-05,20000000,32252640.0,11046720.0,12184640.0,4829120.0,0.6875,0.6666666666666666
805,1,160,48,112,26.0,144,48,96,27.0,212224,66432,645120,215040,2,0,51,5,30,250424-233119_Run_853_Idx_1990,2140,0,5e-05,20000000,4244480.0,1328640.0,12902400.0,4300800.0,0.7,0.6666666666666666
806,1,160,48,112,25.6,144,48,96,24.0,226560,70016,536520,145536,2,0,51,5,30,250424-225716_Run_673_Idx_13251,1690,0,5e-05,20000000,4531200.0,1400320.0,10730400.0,2910720.0,0.7,0.6666666666666666
807,1,160,54,106,15.6,81,29,52,18.2,434432,161928,501216,176168,4,0,51,5,30,250425-003706_Run_1726_Idx_35340,4320,0,5e-05,20000000,8688640.0,3238560.0,10024320.0,3523360.0,0.6625,0.6419753086419753
808,1,80,25,55,24.18,18,7,11,21.33,1925168,590640,724368,243320,14,0,51,5,30,250424-231713_Run_640_Idx_29372,1600,0,5e-05,20000000,38503360.0,11812800.0,14487360.0,4866400.0,0.6875,0.6111111111111112
809,1,80,25,55,21.26,18,6,12,24.0,1513240,394664,954640,241456,14,0,51,5,30,250425-001439_Run_1436_Idx_26496,3590,0,5e-05,20000000,30264800.0,7893280.0,19092800.0,4829120.0,0.6875,0.6666666666666666
810,1,160,48,112,26.3,144,48,96,22.26,226560,70016,462672,145536,2,0,51,5,30,250425-005703_Run_1925_Idx_82062,4820,0,5e-05,20000000,4531200.0,1400320.0,9253440.0,2910720.0,0.7,0.6666666666666666
811,1,160,48,112,25.75,81,27,54,24.0,865984,268992,835232,211280,4,0,51,5,30,250425-002549_Run_1298_Idx_47915,3250,0,5e-05,20000000,17319680.0,5379840.0,16704640.0,4225600.0,0.7,0.6666666666666666
812,1,80,24,56,25.86,18,6,12,24.0,2242712,668880,609232,241456,14,0,51,5,30,250424-233611_Run_964_Idx_54226,2410,0,5e-05,20000000,44854240.0,13377600.0,12184640.0,4829120.0,0.7,0.6666666666666666
813,1,160,52,108,20.47,81,28,53,23.0,491888,179280,495464,193224,4,0,51,5,30,250425-005121_Run_1774_Idx_60897,4440,0,5e-05,20000000,9837760.0,3585600.0,9909280.0,3864480.0,0.675,0.654320987654321
814,1,160,53,107,23.6,144,48,96,22.26,183144,52648,445296,145536,2,0,51,5,30,250425-005405_Run_1801_Idx_48874,4510,0,5e-05,20000000,3662880.0,1052960.0,8905920.0,2910720.0,0.66875,0.6666666666666666
815,1,160,56,104,23.5,144,48,96,22.61,181312,56000,471360,145536,2,0,51,5,30,250425-004429_Run_1561_Idx_66490,3910,0,5e-05,20000000,3626240.0,1120000.0,9427200.0,2910720.0,0.65,0.6666666666666666
816,1,145,46,99,25.06,45,15,30,27.0,1949632,588840,1099368,366456,7,0,51,5,30,250424-235416_Run_1171_Idx_32731,2930,0,5e-05,20000000,38992640.0,11776800.0,21987360.0,7329120.0,0.6827586206896552,0.6666666666666666
817,1,80,24,56,25.9,18,6,12,27.0,2399416,708056,1069776,356592,14,0,51,5,30,250424-234106_Run_124_Idx_61908,310,0,5e-05,20000000,47988320.0,14161120.0,21395520.0,7131840.0,0.7,0.6666666666666666
818,1,160,59,101,23.3,144,48,96,27.0,162376,59096,645120,215040,2,0,51,5,30,250424-231927_Run_873_Idx_9037,2190,0,5e-05,20000000,3247520.0,1181920.0,12902400.0,4300800.0,0.63125,0.6666666666666666
819,1,160,54,106,22.07,81,28,53,19.79,726352,211152,408392,140352,4,0,51,5,30,250425-003855_Run_1754_Idx_35733,4390,0,5e-05,20000000,14527040.0,4223040.0,8167840.0,2807040.0,0.6625,0.654320987654321
820,1,160,48,112,26.3,144,48,96,24.0,226560,70016,575616,145536,2,0,51,5,30,250424-232128_Run_633_Idx_13251,1590,0,5e-05,20000000,4531200.0,1400320.0,11512320.0,2910720.0,0.7,0.6666666666666666
821,1,145,46,99,25.72,45,15,30,24.0,2028192,655560,877936,261856,7,0,51,5,30,250424-231526_Run_643_Idx_79281,1610,0,5e-05,20000000,40563840.0,13111200.0,17558720.0,5237120.0,0.6827586206896552,0.6666666666666666
822,1,145,46,99,22.14,45,15,30,24.0,1686272,428840,981200,248288,7,0,51,5,30,250424-230631_Run_895_Idx_72713,2240,0,5e-05,20000000,33725440.0,8576800.0,19624000.0,4965760.0,0.6827586206896552,0.6666666666666666
823,1,80,25,55,21.74,18,6,12,24.0,1879320,486184,954640,241456,14,0,51,5,30,250424-230554_Run_896_Idx_57146,2240,0,5e-05,20000000,37586400.0,9723680.0,19092800.0,4829120.0,0.6875,0.6666666666666666
824,1,160,48,112,26.2,144,48,96,24.0,219904,68352,575616,145536,2,0,51,5,30,250425-000534_Run_1153_Idx_81871,2890,0,5e-05,20000000,4398080.0,1367040.0,11512320.0,2910720.0,0.7,0.6666666666666666
825,1,160,55,105,23.25,81,27,54,27.0,605248,212824,935928,311976,4,0,51,5,30,250425-001818_Run_1430_Idx_35733,3580,0,5e-05,20000000,12104960.0,4256480.0,18718560.0,6239520.0,0.65625,0.6666666666666666
826,1,145,45,100,25.06,45,15,30,24.0,2096672,603392,981200,248288,7,0,51,5,30,250425-000409_Run_1511_Idx_10792,3780,0,5e-05,20000000,41933440.0,12067840.0,19624000.0,4965760.0,0.6896551724137931,0.6666666666666666
827,1,160,48,112,26.3,144,48,96,24.0,226560,70016,575616,145536,2,0,51,5,30,250425-000530_Run_1509_Idx_25592,3780,0,5e-05,20000000,4531200.0,1400320.0,11512320.0,2910720.0,0.7,0.6666666666666666
828,1,160,58,102,23.38,81,27,54,27.0,657112,230880,935928,311976,4,0,51,5,30,250424-230750_Run_774_Idx_52699,1940,0,5e-05,20000000,13142240.0,4617600.0,18718560.0,6239520.0,0.6375,0.6666666666666666
829,1,80,25,55,24.35,18,6,12,24.0,2338840,669864,954640,241456,14,0,51,5,30,250425-000330_Run_1512_Idx_66277,3780,0,5e-05,20000000,46776800.0,13397280.0,19092800.0,4829120.0,0.6875,0.6666666666666666
830,1,160,48,112,25.81,81,27,54,27.0,830272,260064,935928,311976,4,0,51,5,30,250424-223859_Run_82_Idx_28528,210,0,5e-05,20000000,16605440.0,5201280.0,18718560.0,6239520.0,0.7,0.6666666666666666
831,1,145,46,99,24.34,45,15,30,24.0,1908832,548680,981200,248288,7,0,51,5,30,250425-002559_Run_1059_Idx_72713,2650,0,5e-05,20000000,38176640.0,10973600.0,19624000.0,4965760.0,0.6827586206896552,0.6666666666666666
832,1,160,62,98,17.08,144,48,96,24.0,123648,32320,575616,145536,2,0,51,5,30,250425-000143_Run_1457_Idx_91607,3650,0,5e-05,20000000,2472960.0,646400.0,11512320.0,2910720.0,0.6125,0.6666666666666666
833,1,160,56,104,23.5,144,48,96,27.0,181312,56000,645120,215040,2,0,51,5,30,250425-002401_Run_1301_Idx_79507,3260,0,5e-05,20000000,3626240.0,1120000.0,12902400.0,4300800.0,0.65,0.6666666666666666
834,1,160,48,112,26.08,81,27,54,27.0,892224,275552,935928,311976,4,0,51,5,30,250424-234327_Run_714_Idx_960,1790,0,5e-05,20000000,17844480.0,5511040.0,18718560.0,6239520.0,0.7,0.6666666666666666
835,1,80,25,55,24.92,18,6,12,24.0,2241384,689936,609232,241456,14,0,51,5,30,250424-230816_Run_536_Idx_66277,1340,0,5e-05,20000000,44827680.0,13798720.0,12184640.0,4829120.0,0.6875,0.6666666666666666
836,1,145,45,100,26.17,45,15,30,27.0,2120832,673632,1099368,366456,7,0,51,5,30,250424-224356_Run_219_Idx_61030,550,0,5e-05,20000000,42416640.0,13472640.0,21987360.0,7329120.0,0.6896551724137931,0.6666666666666666
837,1,145,47,98,26.09,45,15,30,27.0,2165152,707728,1099368,366456,7,0,51,5,30,250424-224550_Run_335_Idx_5328,840,0,5e-05,20000000,43303040.0,14154560.0,21987360.0,7329120.0,0.6758620689655173,0.6666666666666666
838,1,80,24,56,24.39,18,6,12,21.0,2222640,648808,494096,126320,14,0,51,5,30,250424-235631_Run_1228_Idx_61908,3070,0,5e-05,20000000,44452800.0,12976160.0,9881920.0,2526400.0,0.7,0.6666666666666666
839,1,145,45,100,23.55,45,15,30,19.56,2011072,637632,626696,248288,7,0,51,5,30,250425-003038_Run_1615_Idx_95480,4040,0,5e-05,20000000,40221440.0,12752640.0,12533920.0,4965760.0,0.6896551724137931,0.6666666666666666
840,1,145,51,94,24.41,45,15,30,27.0,1959712,625360,1099368,366456,7,0,51,5,30,250424-231247_Run_291_Idx_14058,730,0,5e-05,20000000,39194240.0,12507200.0,21987360.0,7329120.0,0.6482758620689655,0.6666666666666666
841,1,160,58,102,21.81,144,48,96,27.0,120208,43264,645120,215040,2,0,51,5,30,250425-010119_Run_1945_Idx_92694,4870,0,5e-05,20000000,2404160.0,865280.0,12902400.0,4300800.0,0.6375,0.6666666666666666
842,1,145,45,100,23.45,45,15,30,18.18,1727072,570912,615376,235600,7,0,51,5,30,250425-003834_Run_1571_Idx_50286,3930,0,5e-05,20000000,34541440.0,11418240.0,12307520.0,4712000.0,0.6896551724137931,0.6666666666666666
843,1,160,48,112,24.2,81,29,52,18.02,892224,275552,442480,157976,4,0,51,5,30,250425-002759_Run_1354_Idx_3531,3390,0,5e-05,20000000,17844480.0,5511040.0,8849600.0,3159520.0,0.7,0.6419753086419753
844,1,160,48,112,25.99,81,27,54,27.0,892224,275552,935928,311976,4,0,51,5,30,250424-233015_Run_262_Idx_34316,660,0,5e-05,20000000,17844480.0,5511040.0,18718560.0,6239520.0,0.7,0.6666666666666666
845,1,145,48,97,21.66,45,15,30,17.8,1549312,498936,141336,117432,7,0,51,5,30,250425-000925_Run_1087_Idx_1019,2720,0,5e-05,20000000,30986240.0,9978720.0,2826720.0,2348640.0,0.6689655172413793,0.6666666666666666
846,1,160,48,112,26.04,81,27,54,27.0,892224,275552,935928,311976,4,0,51,5,30,250424-224213_Run_698_Idx_85773,1750,0,5e-05,20000000,17844480.0,5511040.0,18718560.0,6239520.0,0.7,0.6666666666666666
847,1,160,48,112,24.6,144,60,84,19.12,219904,68352,349728,108072,2,0,51,5,30,250424-234500_Run_949_Idx_98715,2380,0,5e-05,20000000,4398080.0,1367040.0,6994560.0,2161440.0,0.7,0.5833333333333334
848,1,145,45,100,19.24,45,15,30,21.6,1264832,451072,626696,248288,7,0,51,5,30,250425-003935_Run_1631_Idx_71006,4080,0,5e-05,20000000,25296640.0,9021440.0,12533920.0,4965760.0,0.6896551724137931,0.6666666666666666
849,1,160,48,112,26.0,144,48,96,27.0,212224,66432,645120,215040,2,0,51,5,30,250425-004032_Run_1537_Idx_1990,3850,0,5e-05,20000000,4244480.0,1328640.0,12902400.0,4300800.0,0.7,0.6666666666666666
850,1,160,48,112,26.3,144,48,96,27.0,226560,70016,645120,215040,2,0,51,5,30,250424-234520_Run_593_Idx_13251,1490,0,5e-05,20000000,4531200.0,1400320.0,12902400.0,4300800.0,0.7,0.6666666666666666
851,1,160,48,112,24.6,144,55,89,15.35,219904,68352,162936,50920,2,0,51,5,30,250425-010349_Run_1997_Idx_21784,5000,0,5e-05,20000000,4398080.0,1367040.0,3258720.0,1018400.0,0.7,0.6180555555555556
852,1,160,58,102,23.6,144,48,96,27.0,191184,61008,645120,215040,2,0,51,5,30,250425-001643_Run_1373_Idx_54272,3440,0,5e-05,20000000,3823680.0,1220160.0,12902400.0,4300800.0,0.6375,0.6666666666666666
853,1,160,55,105,23.5,144,48,96,27.0,179704,54328,645120,215040,2,0,51,5,30,250425-004908_Run_1825_Idx_21784,4570,0,5e-05,20000000,3594080.0,1086560.0,12902400.0,4300800.0,0.65625,0.6666666666666666
854,1,160,48,112,26.3,144,48,96,24.0,226560,70016,575616,145536,2,0,51,5,30,250424-235909_Run_1461_Idx_39758,3660,0,5e-05,20000000,4531200.0,1400320.0,11512320.0,2910720.0,0.7,0.6666666666666666
855,1,160,48,112,26.3,144,48,96,24.0,226560,70016,575616,145536,2,0,51,5,30,250424-230709_Run_657_Idx_13251,1650,0,5e-05,20000000,4531200.0,1400320.0,11512320.0,2910720.0,0.7,0.6666666666666666
856,1,160,48,112,25.95,81,27,54,27.0,892224,275552,935928,311976,4,0,51,5,30,250425-002534_Run_1418_Idx_34316,3550,0,5e-05,20000000,17844480.0,5511040.0,18718560.0,6239520.0,0.7,0.6666666666666666
857,1,80,26,54,24.52,18,6,12,27.0,1889480,632488,1069776,356592,14,0,51,5,30,250424-230637_Run_776_Idx_1625,1940,0,5e-05,20000000,37789600.0,12649760.0,21395520.0,7131840.0,0.675,0.6666666666666666
858,1,160,48,112,25.6,144,48,96,24.0,226560,70016,536520,145536,2,0,51,5,30,250424-230743_Run_537_Idx_25592,1350,0,5e-05,20000000,4531200.0,1400320.0,10730400.0,2910720.0,0.7,0.6666666666666666
859,1,80,25,55,26.3,18,6,12,27.0,2476440,768288,1069776,356592,14,0,51,5,30,250424-233838_Run_248_Idx_26496,620,0,5e-05,20000000,49528800.0,15365760.0,21395520.0,7131840.0,0.6875,0.6666666666666666
860,1,160,48,112,26.3,144,48,96,27.0,226560,70016,645120,215040,2,0,51,5,30,250424-224057_Run_53_Idx_13251,140,0,5e-05,20000000,4531200.0,1400320.0,12902400.0,4300800.0,0.7,0.6666666666666666
861,1,160,52,108,15.78,81,27,54,18.41,307304,92648,480272,158408,4,0,51,5,30,250425-010232_Run_1970_Idx_52477,4930,0,5e-05,20000000,6146080.0,1852960.0,9605440.0,3168160.0,0.675,0.6666666666666666
862,1,160,48,112,25.99,81,27,54,27.0,892224,275552,935928,311976,4,0,51,5,30,250424-225345_Run_322_Idx_34316,810,0,5e-05,20000000,17844480.0,5511040.0,18718560.0,6239520.0,0.7,0.6666666666666666
863,1,145,47,98,22.28,45,15,30,24.0,1778432,452688,981200,248288,7,0,51,5,30,250424-232005_Run_991_Idx_8263,2480,0,5e-05,20000000,35568640.0,9053760.0,19624000.0,4965760.0,0.6758620689655173,0.6666666666666666
864,1,145,46,99,25.34,45,15,30,24.0,1959712,621320,877936,261856,7,0,51,5,30,250424-231558_Run_523_Idx_15193,1310,0,5e-05,20000000,39194240.0,12426400.0,17558720.0,5237120.0,0.6827586206896552,0.6666666666666666
865,1,145,47,98,25.16,45,15,30,22.89,2062432,622128,797800,261856,7,0,51,5,30,250424-225151_Run_563_Idx_51427,1410,0,5e-05,20000000,41248640.0,12442560.0,15956000.0,5237120.0,0.6758620689655173,0.6666666666666666
866,1,160,48,112,25.0,144,48,96,21.94,212224,66432,384480,97752,2,0,51,5,30,250425-001300_Run_1081_Idx_1990,2710,0,5e-05,20000000,4244480.0,1328640.0,7689600.0,1955040.0,0.7,0.6666666666666666
867,1,145,45,100,19.31,45,15,30,21.22,1120832,415072,626696,248288,7,0,51,5,30,250425-010349_Run_1967_Idx_24331,4920,0,5e-05,20000000,22416640.0,8301440.0,12533920.0,4965760.0,0.6896551724137931,0.6666666666666666
868,1,160,58,102,20.69,144,54,90,19.05,163848,57792,345384,111600,2,0,51,5,30,250425-005022_Run_1869_Idx_13903,4680,0,5e-05,20000000,3276960.0,1155840.0,6907680.0,2232000.0,0.6375,0.625
869,1,145,46,99,23.52,45,15,30,21.6,1737152,501480,720400,261856,7,0,51,5,30,250425-002249_Run_1243_Idx_17402,3110,0,5e-05,20000000,34743040.0,10029600.0,14408000.0,5237120.0,0.6827586206896552,0.6666666666666666
870,1,160,60,100,23.3,144,48,96,27.0,167200,60768,645120,215040,2,0,51,5,30,250424-233338_Run_849_Idx_84810,2130,0,5e-05,20000000,3344000.0,1215360.0,12902400.0,4300800.0,0.625,0.6666666666666666
871,1,160,57,103,23.25,81,27,54,27.0,605624,216128,935928,311976,4,0,51,5,30,250424-233238_Run_970_Idx_89116,2430,0,5e-05,20000000,12112480.0,4322560.0,18718560.0,6239520.0,0.64375,0.6666666666666666
872,1,80,25,55,21.08,18,6,12,15.22,1866792,532264,494096,126320,14,0,51,5,30,250425-004716_Run_1812_Idx_89663,4530,0,5e-05,20000000,37335840.0,10645280.0,9881920.0,2526400.0,0.6875,0.6666666666666666
873,1,145,45,100,26.28,45,15,30,27.0,2182272,688992,1099368,366456,7,0,51,5,30,250424-224214_Run_579_Idx_10792,1450,0,5e-05,20000000,43645440.0,13779840.0,21987360.0,7329120.0,0.6896551724137931,0.6666666666666666
874,1,145,45,100,25.0,45,15,30,21.04,1874112,603392,626696,248288,7,0,51,5,30,250424-235814_Run_1283_Idx_95480,3210,0,5e-05,20000000,37482240.0,12067840.0,12533920.0,4965760.0,0.6896551724137931,0.6666666666666666
875,1,160,58,102,22.3,144,61,83,19.02,176848,57424,371448,125584,2,0,51,5,30,250425-001038_Run_1085_Idx_46465,2720,0,5e-05,20000000,3536960.0,1148480.0,7428960.0,2511680.0,0.6375,0.5763888888888888
876,1,80,25,55,23.99,18,6,12,21.0,1926040,630688,148688,126320,14,0,51,5,30,250425-005317_Run_1880_Idx_26496,4700,0,5e-05,20000000,38520800.0,12613760.0,2973760.0,2526400.0,0.6875,0.6666666666666666
877,1,160,48,112,25.99,81,27,54,27.0,892224,275552,935928,311976,4,0,51,5,30,250424-231810_Run_282_Idx_34316,710,0,5e-05,20000000,17844480.0,5511040.0,18718560.0,6239520.0,0.7,0.6666666666666666
878,1,160,63,97,23.29,81,27,54,27.0,755152,265320,935928,311976,4,0,51,5,30,250424-225831_Run_314_Idx_17446,790,0,5e-05,20000000,15103040.0,5306400.0,18718560.0,6239520.0,0.60625,0.6666666666666666
879,1,160,48,112,25.85,81,33,48,18.1,865984,268992,524640,160408,4,0,51,5,30,250424-231119_Run_1006_Idx_68851,2520,0,5e-05,20000000,17319680.0,5379840.0,10492800.0,3208160.0,0.7,0.5925925925925926
880,1,160,48,112,25.81,81,27,54,27.0,830272,260064,935928,311976,4,0,51,5,30,250425-004629_Run_1782_Idx_28528,4460,0,5e-05,20000000,16605440.0,5201280.0,18718560.0,6239520.0,0.7,0.6666666666666666
881,1,80,24,56,25.52,18,6,12,27.0,2201600,648808,1069776,356592,14,0,51,5,30,250424-230025_Run_1024_Idx_54226,2560,0,5e-05,20000000,44032000.0,12976160.0,21395520.0,7131840.0,0.7,0.6666666666666666
882,1,160,48,112,26.3,144,48,96,27.0,226560,70016,645120,215040,2,0,51,5,30,250425-004719_Run_1709_Idx_13251,4280,0,5e-05,20000000,4531200.0,1400320.0,12902400.0,4300800.0,0.7,0.6666666666666666
883,1,145,45,100,26.06,45,15,30,27.0,2120832,673632,1099368,366456,7,0,51,5,30,250424-224735_Run_451_Idx_71006,1130,0,5e-05,20000000,42416640.0,13472640.0,21987360.0,7329120.0,0.6896551724137931,0.6666666666666666
884,1,160,54,106,23.25,81,27,54,27.0,699536,204592,935928,311976,4,0,51,5,30,250425-001609_Run_1314_Idx_36891,3290,0,5e-05,20000000,13990720.0,4091840.0,18718560.0,6239520.0,0.6625,0.6666666666666666
885,1,160,48,112,25.95,81,27,54,24.0,865984,268992,707840,202184,4,0,51,5,30,250424-224724_Run_1046_Idx_75070,2620,0,5e-05,20000000,17319680.0,5379840.0,14156800.0,4043680.0,0.7,0.6666666666666666
886,1,80,25,55,26.21,18,6,12,27.0,2476440,768288,1069776,356592,14,0,51,5,30,250424-223833_Run_44_Idx_66277,110,0,5e-05,20000000,49528800.0,15365760.0,21395520.0,7131840.0,0.6875,0.6666666666666666
887,1,145,45,100,26.28,45,15,30,27.0,2182272,688992,1099368,366456,7,0,51,5,30,250424-234857_Run_587_Idx_24331,1470,0,5e-05,20000000,43645440.0,13779840.0,21987360.0,7329120.0,0.6896551724137931,0.6666666666666666
888,1,80,25,55,16.82,18,6,12,18.22,1258112,453912,609232,241456,14,0,51,5,30,250425-003550_Run_1728_Idx_47249,4320,0,5e-05,20000000,25162240.0,9078240.0,12184640.0,4829120.0,0.6875,0.6666666666666666
889,1,160,48,112,26.08,81,27,54,27.0,892224,275552,935928,311976,4,0,51,5,30,250425-010010_Run_1974_Idx_85773,4940,0,5e-05,20000000,17844480.0,5511040.0,18718560.0,6239520.0,0.7,0.6666666666666666
890,1,145,47,98,24.44,45,16,29,21.27,2103712,692368,694536,223800,7,0,51,5,30,250424-231638_Run_403_Idx_83992,1010,0,5e-05,20000000,42074240.0,13847360.0,13890720.0,4476000.0,0.6758620689655173,0.6444444444444445
891,1,80,24,56,25.36,18,6,12,27.0,2281888,668880,1069776,356592,14,0,51,5,30,250425-003749_Run_1664_Idx_61908,4160,0,5e-05,20000000,45637760.0,13377600.0,21395520.0,7131840.0,0.7,0.6666666666666666
892,1,160,48,112,26.3,144,48,96,27.0,226560,70016,645120,215040,2,0,51,5,30,250424-234252_Run_241_Idx_39758,610,0,5e-05,20000000,4531200.0,1400320.0,12902400.0,4300800.0,0.7,0.6666666666666666
893,1,145,46,99,25.83,45,15,30,27.0,2028672,668520,1099368,366456,7,0,51,5,30,250424-233006_Run_855_Idx_72713,2140,0,5e-05,20000000,40573440.0,13370400.0,21987360.0,7329120.0,0.6827586206896552,0.6666666666666666
894,1,160,59,101,22.3,144,48,96,24.0,178456,59096,497424,145536,2,0,51,5,30,250425-001746_Run_1073_Idx_9037,2690,0,5e-05,20000000,3569120.0,1181920.0,9948480.0,2910720.0,0.63125,0.6666666666666666
895,1,145,46,99,21.16,45,15,30,23.4,1275392,480200,626696,248288,7,0,51,5,30,250425-005827_Run_1895_Idx_72713,4740,0,5e-05,20000000,25507840.0,9604000.0,12533920.0,4965760.0,0.6827586206896552,0.6666666666666666
896,1,80,25,55,25.9,18,6,12,27.0,2399416,749032,1069776,356592,14,0,51,5,30,250424-225640_Run_436_Idx_65229,1090,0,5e-05,20000000,47988320.0,14980640.0,21395520.0,7131840.0,0.6875,0.6666666666666666
897,1,80,25,55,23.56,18,6,12,21.22,2164496,631296,618128,243680,14,0,51,5,30,250425-002912_Run_1352_Idx_47249,3380,0,5e-05,20000000,43289920.0,12625920.0,12362560.0,4873600.0,0.6875,0.6666666666666666
898,1,160,56,104,20.95,144,55,89,18.11,162240,57664,345384,116080,2,0,51,5,30,250425-004155_Run_1749_Idx_59107,4380,0,5e-05,20000000,3244800.0,1153280.0,6907680.0,2321600.0,0.65,0.6180555555555556
899,1,145,46,99,23.54,45,15,30,22.13,1670912,519944,626696,248288,7,0,51,5,30,250425-000800_Run_1447_Idx_57481,3620,0,5e-05,20000000,33418240.0,10398880.0,12533920.0,4965760.0,0.6827586206896552,0.6666666666666666
900,1,145,45,100,26.17,45,15,30,27.0,2120832,673632,1099368,366456,7,0,51,5,30,250424-233802_Run_367_Idx_71006,920,0,5e-05,20000000,42416640.0,13472640.0,21987360.0,7329120.0,0.6896551724137931,0.6666666666666666
901,1,145,46,99,26.28,45,15,30,27.0,2182272,706920,1099368,366456,7,0,51,5,30,250424-234851_Run_231_Idx_57481,580,0,5e-05,20000000,43645440.0,14138400.0,21987360.0,7329120.0,0.6827586206896552,0.6666666666666666
902,1,160,48,112,26.2,144,48,96,27.0,219904,68352,645120,215040,2,0,51,5,30,250424-231153_Run_173_Idx_7420,440,0,5e-05,20000000,4398080.0,1367040.0,12902400.0,4300800.0,0.7,0.6666666666666666
903,1,80,24,56,26.0,18,6,12,27.0,2399416,708056,1069776,356592,14,0,51,5,30,250424-231711_Run_164_Idx_61908,410,0,5e-05,20000000,47988320.0,14161120.0,21395520.0,7131840.0,0.7,0.6666666666666666
904,1,160,48,112,25.56,81,27,54,27.0,830272,260064,935928,311976,4,0,51,5,30,250425-000016_Run_1102_Idx_28528,2760,0,5e-05,20000000,16605440.0,5201280.0,18718560.0,6239520.0,0.7,0.6666666666666666
905,1,145,46,99,26.09,45,15,30,27.0,2165152,689800,1099368,366456,7,0,51,5,30,250424-223640_Run_47_Idx_15193,120,0,5e-05,20000000,43303040.0,13796000.0,21987360.0,7329120.0,0.6827586206896552,0.6666666666666666
906,1,145,46,99,25.46,45,15,30,24.0,2165152,689800,930840,275424,7,0,51,5,30,250424-232710_Run_267_Idx_57481,670,0,5e-05,20000000,43303040.0,13796000.0,18616800.0,5508480.0,0.6827586206896552,0.6666666666666666
907,1,145,47,98,25.06,45,15,30,27.0,1966752,606768,1099368,366456,7,0,51,5,30,250424-225837_Run_1027_Idx_8263,2570,0,5e-05,20000000,39335040.0,12135360.0,21987360.0,7329120.0,0.6758620689655173,0.6666666666666666
908,1,80,25,55,21.06,18,6,12,15.67,1807544,532264,609232,241456,14,0,51,5,30,250425-000011_Run_1280_Idx_89663,3200,0,5e-05,20000000,36150880.0,10645280.0,12184640.0,4829120.0,0.6875,0.6666666666666666
909,1,80,24,56,25.66,18,6,12,27.0,2281888,668880,1069776,356592,14,0,51,5,30,250424-233843_Run_128_Idx_61908,320,0,5e-05,20000000,45637760.0,13377600.0,21395520.0,7131840.0,0.7,0.6666666666666666
910,1,160,56,104,23.5,144,48,96,27.0,181312,56000,645120,215040,2,0,51,5,30,250425-003008_Run_1585_Idx_66490,3970,0,5e-05,20000000,3626240.0,1120000.0,12902400.0,4300800.0,0.65,0.6666666666666666
911,1,80,24,56,25.56,18,6,12,27.0,2281888,668880,1069776,356592,14,0,51,5,30,250425-003516_Run_1668_Idx_61908,4170,0,5e-05,20000000,45637760.0,13377600.0,21395520.0,7131840.0,0.7,0.6666666666666666
912,1,160,53,107,19.14,81,27,54,21.72,493432,163144,533144,211280,4,0,51,5,30,250425-005433_Run_1846_Idx_85987,4620,0,5e-05,20000000,9868640.0,3262880.0,10662880.0,4225600.0,0.66875,0.6666666666666666
913,1,160,48,112,26.2,144,48,96,27.0,219904,68352,645120,215040,2,0,51,5,30,250424-225341_Run_441_Idx_5687,1110,0,5e-05,20000000,4398080.0,1367040.0,12902400.0,4300800.0,0.7,0.6666666666666666
914,1,80,25,55,25.2,18,6,12,24.0,2417192,709040,954640,241456,14,0,51,5,30,250424-233210_Run_496_Idx_66277,1240,0,5e-05,20000000,48343840.0,14180800.0,19092800.0,4829120.0,0.6875,0.6666666666666666
915,1,145,46,99,17.45,45,15,30,15.78,881632,377480,154024,130120,7,0,51,5,30,250425-010050_Run_1891_Idx_72713,4730,0,5e-05,20000000,17632640.0,7549600.0,3080480.0,2602400.0,0.6827586206896552,0.6666666666666666
916,1,80,25,55,25.9,18,6,12,27.0,2399416,749032,1069776,356592,14,0,51,5,30,250424-233505_Run_372_Idx_65229,930,0,5e-05,20000000,47988320.0,14980640.0,21395520.0,7131840.0,0.6875,0.6666666666666666
917,1,160,48,112,25.95,81,27,54,27.0,865984,268992,935928,311976,4,0,51,5,30,250424-233838_Run_366_Idx_47915,920,0,5e-05,20000000,17319680.0,5379840.0,18718560.0,6239520.0,0.7,0.6666666666666666
918,1,160,48,112,25.15,81,28,53,20.67,865984,268992,408800,105672,4,0,51,5,30,250424-235850_Run_1342_Idx_96951,3360,0,5e-05,20000000,17319680.0,5379840.0,8176000.0,2113440.0,0.7,0.654320987654321
919,1,145,47,98,19.37,45,15,30,21.0,1059392,401328,615376,235600,7,0,51,5,30,250424-235644_Run_1167_Idx_8263,2920,0,5e-05,20000000,21187840.0,8026560.0,12307520.0,4712000.0,0.6758620689655173,0.6666666666666666
920,1,145,46,99,25.83,45,15,30,27.0,2028672,668520,1099368,366456,7,0,51,5,30,250424-230135_Run_903_Idx_72713,2260,0,5e-05,20000000,40573440.0,13370400.0,21987360.0,7329120.0,0.6827586206896552,0.6666666666666666
921,1,145,45,100,22.01,45,15,30,13.2,1737152,517792,35856,11952,7,0,51,5,30,250425-010404_Run_1999_Idx_24331,5000,0,5e-05,20000000,34743040.0,10355840.0,717120.0,239040.0,0.6896551724137931,0.6666666666666666
922,1,80,26,54,24.61,18,6,12,27.0,2007008,632488,1069776,356592,14,0,51,5,30,250424-225720_Run_316_Idx_13799,790,0,5e-05,20000000,40140160.0,12649760.0,21395520.0,7131840.0,0.675,0.6666666666666666
923,1,160,48,112,26.3,144,48,96,27.0,226560,70016,645120,215040,2,0,51,5,30,250424-223831_Run_57_Idx_13251,150,0,5e-05,20000000,4531200.0,1400320.0,12902400.0,4300800.0,0.7,0.6666666666666666
924,1,145,44,101,25.46,45,15,30,24.0,2113792,653944,930840,275424,7,0,51,5,30,250424-225600_Run_675_Idx_51592,1690,0,5e-05,20000000,42275840.0,13078880.0,18616800.0,5508480.0,0.696551724137931,0.6666666666666666
925,1,80,24,56,23.98,18,6,12,27.0,2045864,531280,1069776,356592,14,0,51,5,30,250425-002315_Run_1184_Idx_61908,2960,0,5e-05,20000000,40917280.0,10625600.0,21395520.0,7131840.0,0.7,0.6666666666666666
926,1,80,24,56,25.9,18,6,12,27.0,2399416,708056,1069776,356592,14,0,51,5,30,250425-002802_Run_1176_Idx_61908,2940,0,5e-05,20000000,47988320.0,14161120.0,21395520.0,7131840.0,0.7,0.6666666666666666
927,1,160,48,112,26.2,144,48,96,27.0,219904,68352,645120,215040,2,0,51,5,30,250424-235302_Run_1173_Idx_81871,2940,0,5e-05,20000000,4398080.0,1367040.0,12902400.0,4300800.0,0.7,0.6666666666666666
928,1,160,48,112,26.2,144,48,96,27.0,219904,68352,645120,215040,2,0,51,5,30,250424-235115_Run_345_Idx_5687,870,0,5e-05,20000000,4398080.0,1367040.0,12902400.0,4300800.0,0.7,0.6666666666666666
929,1,145,44,101,24.17,45,15,30,21.6,1709952,552984,354576,170400,7,0,51,5,30,250425-003225_Run_1643_Idx_38371,4110,0,5e-05,20000000,34199040.0,11059680.0,7091520.0,3408000.0,0.696551724137931,0.6666666666666666
930,1,160,48,112,25.3,81,27,54,22.67,865984,268992,588248,149312,4,0,51,5,30,250425-000019_Run_1222_Idx_78813,3060,0,5e-05,20000000,17319680.0,5379840.0,11764960.0,2986240.0,0.7,0.6666666666666666
931,1,145,44,101,20.77,45,15,30,16.29,1086592,397144,247728,143688,7,0,51,5,30,250425-002323_Run_1479_Idx_89913,3700,0,5e-05,20000000,21731840.0,7942880.0,4954560.0,2873760.0,0.696551724137931,0.6666666666666666
932,1,145,45,100,26.17,45,15,30,27.0,2120832,673632,1099368,366456,7,0,51,5,30,250425-002838_Run_1175_Idx_61030,2940,0,5e-05,20000000,42416640.0,13472640.0,21987360.0,7329120.0,0.6896551724137931,0.6666666666666666
933,1,80,25,55,24.95,18,6,12,24.0,2378016,669864,954640,241456,14,0,51,5,30,250425-010403_Run_1980_Idx_26496,4950,0,5e-05,20000000,47560320.0,13397280.0,19092800.0,4829120.0,0.6875,0.6666666666666666
934,1,145,49,96,24.23,45,15,30,27.0,1685792,572384,1099368,366456,7,0,51,5,30,250424-230714_Run_775_Idx_65772,1940,0,5e-05,20000000,33715840.0,11447680.0,21987360.0,7329120.0,0.6620689655172414,0.6666666666666666
935,1,160,61,99,20.79,144,59,85,19.44,165232,59536,362760,125312,2,0,51,5,30,250425-000558_Run_1213_Idx_54857,3040,0,5e-05,20000000,3304640.0,1190720.0,7255200.0,2506240.0,0.61875,0.5902777777777778
936,1,80,25,55,25.88,18,6,12,27.0,2292120,722208,1069776,356592,14,0,51,5,30,250424-232928_Run_856_Idx_57146,2140,0,5e-05,20000000,45842400.0,14444160.0,21395520.0,7131840.0,0.6875,0.6666666666666666
937,1,160,55,105,23.6,144,54,90,19.22,186360,55992,406200,133320,2,0,51,5,30,250425-004534_Run_1681_Idx_78435,4210,0,5e-05,20000000,3727200.0,1119840.0,8124000.0,2666400.0,0.65625,0.625
938,1,160,48,112,26.2,144,48,96,27.0,219904,68352,645120,215040,2,0,51,5,30,250424-231859_Run_161_Idx_7420,410,0,5e-05,20000000,4398080.0,1367040.0,12902400.0,4300800.0,0.7,0.6666666666666666
939,1,160,54,106,22.24,81,27,54,24.0,521776,163496,835232,211280,4,0,51,5,30,250425-003420_Run_1578_Idx_68851,3950,0,5e-05,20000000,10435520.0,3269920.0,16704640.0,4225600.0,0.6625,0.6666666666666666
940,1,145,46,99,25.97,45,15,30,27.0,2028672,668520,1099368,366456,7,0,51,5,30,250424-223318_Run_91_Idx_72713,230,0,5e-05,20000000,40573440.0,13370400.0,21987360.0,7329120.0,0.6827586206896552,0.6666666666666666
941,1,160,54,106,23.25,81,27,54,27.0,700112,204592,935928,311976,4,0,51,5,30,250425-002929_Run_1586_Idx_68851,3970,0,5e-05,20000000,14002240.0,4091840.0,18718560.0,6239520.0,0.6625,0.6666666666666666
942,1,160,60,100,23.5,144,48,96,27.0,174880,62688,645120,215040,2,0,51,5,30,250424-233314_Run_969_Idx_98715,2430,0,5e-05,20000000,3497600.0,1253760.0,12902400.0,4300800.0,0.625,0.6666666666666666
943,1,160,48,112,26.2,144,48,96,24.0,219904,68352,575616,145536,2,0,51,5,30,250425-002627_Run_1297_Idx_5687,3250,0,5e-05,20000000,4398080.0,1367040.0,11512320.0,2910720.0,0.7,0.6666666666666666
944,1,145,45,100,26.17,45,15,30,27.0,2120832,673632,1099368,366456,7,0,51,5,30,250424-224247_Run_459_Idx_71006,1150,0,5e-05,20000000,42416640.0,13472640.0,21987360.0,7329120.0,0.6896551724137931,0.6666666666666666
945,1,160,48,112,26.12,81,27,54,27.0,892224,275552,935928,311976,4,0,51,5,30,250424-234030_Run_482_Idx_93338,1210,0,5e-05,20000000,17844480.0,5511040.0,18718560.0,6239520.0,0.7,0.6666666666666666
946,1,80,25,55,25.7,18,6,12,27.0,2358912,729112,1069776,356592,14,0,51,5,30,250425-004300_Run_1716_Idx_47249,4290,0,5e-05,20000000,47178240.0,14582240.0,21395520.0,7131840.0,0.6875,0.6666666666666666
947,1,145,46,99,26.28,45,15,30,27.0,2182272,706920,1099368,366456,7,0,51,5,30,250424-230022_Run_311_Idx_57481,780,0,5e-05,20000000,43645440.0,14138400.0,21987360.0,7329120.0,0.6827586206896552,0.6666666666666666
948,1,80,25,55,26.21,18,6,12,27.0,2476440,768288,1069776,356592,14,0,51,5,30,250424-232310_Run_748_Idx_89663,1870,0,5e-05,20000000,49528800.0,15365760.0,21395520.0,7131840.0,0.6875,0.6666666666666666
949,1,80,25,55,23.51,18,6,12,21.0,1780896,584608,148688,126320,14,0,51,5,30,250425-001332_Run_1080_Idx_57146,2700,0,5e-05,20000000,35617920.0,11692160.0,2973760.0,2526400.0,0.6875,0.6666666666666666
950,1,145,46,99,25.97,45,15,30,27.0,2028672,668520,1099368,366456,7,0,51,5,30,250424-232255_Run_867_Idx_72713,2170,0,5e-05,20000000,40573440.0,13370400.0,21987360.0,7329120.0,0.6827586206896552,0.6666666666666666
951,1,145,48,97,24.23,45,15,30,27.0,1685792,554456,1099368,366456,7,0,51,5,30,250424-233546_Run_727_Idx_5377,1820,0,5e-05,20000000,33715840.0,11089120.0,21987360.0,7329120.0,0.6689655172413793,0.6666666666666666
952,1,145,47,98,24.85,45,15,30,27.0,1874592,583728,1099368,366456,7,0,51,5,30,250424-235434_Run_1111_Idx_40177,2780,0,5e-05,20000000,37491840.0,11674560.0,21987360.0,7329120.0,0.6758620689655173,0.6666666666666666
953,1,145,45,100,25.99,45,15,30,27.0,2069472,656512,1099368,366456,7,0,51,5,30,250424-233919_Run_127_Idx_61030,320,0,5e-05,20000000,41389440.0,13130240.0,21987360.0,7329120.0,0.6896551724137931,0.6666666666666666
954,1,160,48,112,26.2,144,48,96,24.0,219904,68352,510456,145536,2,0,51,5,30,250424-233800_Run_961_Idx_81871,2410,0,5e-05,20000000,4398080.0,1367040.0,10209120.0,2910720.0,0.7,0.6666666666666666
955,1,160,48,112,26.3,144,48,96,27.0,226560,70016,645120,215040,2,0,51,5,30,250424-235047_Run_465_Idx_25592,1170,0,5e-05,20000000,4531200.0,1400320.0,12902400.0,4300800.0,0.7,0.6666666666666666
956,1,80,24,56,26.0,18,6,12,27.0,2399416,708056,1069776,356592,14,0,51,5,30,250424-230739_Run_180_Idx_61908,450,0,5e-05,20000000,47988320.0,14161120.0,21395520.0,7131840.0,0.7,0.6666666666666666
957,1,80,26,54,25.06,18,6,12,24.0,2360240,750832,781936,241456,14,0,51,5,30,250424-231341_Run_408_Idx_76244,1020,0,5e-05,20000000,47204800.0,15016640.0,15638720.0,4829120.0,0.675,0.6666666666666666
958,1,160,48,112,26.3,144,48,96,27.0,226560,70016,645120,215040,2,0,51,5,30,250424-223605_Run_9_Idx_39758,30,0,5e-05,20000000,4531200.0,1400320.0,12902400.0,4300800.0,0.7,0.6666666666666666
959,1,160,48,112,25.95,81,27,54,27.0,865984,268992,935928,311976,4,0,51,5,30,250425-003200_Run_1582_Idx_75070,3960,0,5e-05,20000000,17319680.0,5379840.0,18718560.0,6239520.0,0.7,0.6666666666666666
960,1,160,48,112,26.3,144,48,96,27.0,226560,70016,645120,215040,2,0,51,5,30,250424-230336_Run_781_Idx_82062,1960,0,5e-05,20000000,4531200.0,1400320.0,12902400.0,4300800.0,0.7,0.6666666666666666
961,1,160,62,98,23.34,144,48,96,27.0,191184,67696,645120,215040,2,0,51,5,30,250424-235123_Run_701_Idx_88807,1760,0,5e-05,20000000,3823680.0,1353920.0,12902400.0,4300800.0,0.6125,0.6666666666666666
962,1,80,25,55,25.2,18,6,12,24.0,2417192,709040,954640,241456,14,0,51,5,30,250424-234625_Run_472_Idx_66277,1180,0,5e-05,20000000,48343840.0,14180800.0,19092800.0,4829120.0,0.6875,0.6666666666666666
963,1,80,25,55,22.26,18,6,12,24.0,2102816,532264,954640,241456,14,0,51,5,30,250425-003634_Run_1696_Idx_66277,4240,0,5e-05,20000000,42056320.0,10645280.0,19092800.0,4829120.0,0.6875,0.6666666666666666
964,1,80,25,55,25.96,18,6,12,27.0,2358912,729112,1069776,356592,14,0,51,5,30,250424-235329_Run_224_Idx_26496,560,0,5e-05,20000000,47178240.0,14582240.0,21395520.0,7131840.0,0.6875,0.6666666666666666
965,1,80,25,55,26.3,18,6,12,27.0,2476440,768288,1069776,356592,14,0,51,5,30,250424-225002_Run_328_Idx_26496,820,0,5e-05,20000000,49528800.0,15365760.0,21395520.0,7131840.0,0.6875,0.6666666666666666
966,1,160,48,112,26.04,81,27,54,27.0,892224,275552,935928,311976,4,0,51,5,30,250424-233059_Run_498_Idx_93338,1250,0,5e-05,20000000,17844480.0,5511040.0,18718560.0,6239520.0,0.7,0.6666666666666666
967,1,160,55,105,19.06,144,51,93,21.33,114000,41520,371448,124224,2,0,51,5,30,250425-010147_Run_1917_Idx_1553,4800,0,5e-05,20000000,2280000.0,830400.0,7428960.0,2484480.0,0.65625,0.6458333333333334
968,1,160,68,92,15.7,144,54,90,18.25,105960,39136,345384,111600,2,0,51,5,30,250425-003745_Run_1725_Idx_60867,4320,0,5e-05,20000000,2119200.0,782720.0,6907680.0,2232000.0,0.575,0.625
969,1,145,46,99,25.88,45,15,30,27.0,2069472,674440,1099368,366456,7,0,51,5,30,250425-000647_Run_1151_Idx_32731,2880,0,5e-05,20000000,41389440.0,13488800.0,21987360.0,7329120.0,0.6827586206896552,0.6666666666666666
970,1,160,59,101,21.09,144,48,96,24.0,139728,44992,497424,145536,2,0,51,5,30,250425-002624_Run_1237_Idx_55923,3100,0,5e-05,20000000,2794560.0,899840.0,9948480.0,2910720.0,0.63125,0.6666666666666666
971,1,160,48,112,25.95,81,27,54,27.0,865984,268992,935928,311976,4,0,51,5,30,250424-232905_Run_382_Idx_47915,960,0,5e-05,20000000,17319680.0,5379840.0,18718560.0,6239520.0,0.7,0.6666666666666666
972,1,80,25,55,20.4,18,6,12,12.22,1768368,532264,148688,126320,14,0,51,5,30,250425-003227_Run_1612_Idx_89663,4030,0,5e-05,20000000,35367360.0,10645280.0,2973760.0,2526400.0,0.6875,0.6666666666666666
973,1,145,46,99,26.17,45,15,30,27.0,2120832,691560,1099368,366456,7,0,51,5,30,250424-223406_Run_103_Idx_32731,260,0,5e-05,20000000,42416640.0,13831200.0,21987360.0,7329120.0,0.6827586206896552,0.6666666666666666
974,1,160,48,112,26.0,144,48,96,24.0,212224,66432,575616,145536,2,0,51,5,30,250424-235821_Run_1105_Idx_1990,2770,0,5e-05,20000000,4244480.0,1328640.0,11512320.0,2910720.0,0.7,0.6666666666666666
975,1,160,69,91,9.61,144,96,48,2.0,72192,19904,19584,13056,2,0,51,5,30,250424-225354_Run_797_Idx_28122,2000,0,5e-05,20000000,1443840.0,398080.0,391680.0,261120.0,0.56875,0.3333333333333333
976,1,160,48,112,26.3,144,48,96,24.0,226560,70016,536520,145536,2,0,51,5,30,250424-231752_Run_757_Idx_82062,1900,0,5e-05,20000000,4531200.0,1400320.0,10730400.0,2910720.0,0.7,0.6666666666666666
977,1,80,25,55,24.89,18,6,12,22.5,2379568,729016,724368,183888,14,0,51,5,30,250424-231743_Run_520_Idx_66277,1300,0,5e-05,20000000,47591360.0,14580320.0,14487360.0,3677760.0,0.6875,0.6666666666666666
978,1,160,48,112,26.2,144,48,96,27.0,219904,68352,645120,215040,2,0,51,5,30,250424-224625_Run_453_Idx_5687,1140,0,5e-05,20000000,4398080.0,1367040.0,12902400.0,4300800.0,0.7,0.6666666666666666
979,1,160,48,112,26.2,144,62,82,21.0,219904,68352,480048,138752,2,0,51,5,30,250424-232120_Run_157_Idx_19284,400,0,5e-05,20000000,4398080.0,1367040.0,9600960.0,2775040.0,0.7,0.5694444444444444
980,1,80,25,55,24.35,18,6,12,24.0,2338840,669864,954640,241456,14,0,51,5,30,250425-010232_Run_1956_Idx_66277,4890,0,5e-05,20000000,46776800.0,13397280.0,19092800.0,4829120.0,0.6875,0.6666666666666666
981,1,80,28,52,24.35,18,7,11,21.0,2181264,693592,666800,185752,14,0,51,5,30,250424-225456_Run_320_Idx_72855,800,0,5e-05,20000000,43625280.0,13871840.0,13336000.0,3715040.0,0.65,0.6111111111111112
982,1,160,55,105,22.6,81,27,54,24.0,707376,212784,632024,193088,4,0,51,5,30,250425-000250_Run_1218_Idx_56677,3050,0,5e-05,20000000,14147520.0,4255680.0,12640480.0,3861760.0,0.65625,0.6666666666666666
983,1,160,48,112,25.4,144,48,96,22.69,219904,68352,414888,115128,2,0,51,5,30,250425-003338_Run_1641_Idx_5687,4110,0,5e-05,20000000,4398080.0,1367040.0,8297760.0,2302560.0,0.7,0.6666666666666666
984,1,160,48,112,26.3,144,48,96,27.0,226560,70016,645120,215040,2,0,51,5,30,250424-231449_Run_525_Idx_25592,1320,0,5e-05,20000000,4531200.0,1400320.0,12902400.0,4300800.0,0.7,0.6666666666666666
985,1,160,48,112,23.8,144,53,91,15.6,219904,68352,280224,85400,2,0,51,5,30,250425-010054_Run_1905_Idx_35778,4770,0,5e-05,20000000,4398080.0,1367040.0,5604480.0,1708000.0,0.7,0.6319444444444444
986,1,145,45,100,26.17,45,15,30,27.0,2120832,673632,1099368,366456,7,0,51,5,30,250424-230815_Run_179_Idx_61030,450,0,5e-05,20000000,42416640.0,13472640.0,21987360.0,7329120.0,0.6896551724137931,0.6666666666666666
987,1,160,58,102,23.3,144,48,96,27.0,176848,57424,645120,215040,2,0,51,5,30,250425-002449_Run_1061_Idx_82626,2660,0,5e-05,20000000,3536960.0,1148480.0,12902400.0,4300800.0,0.6375,0.6666666666666666
988,1,160,48,112,26.12,81,27,54,24.0,892224,275552,835232,211280,4,0,51,5,30,250425-000615_Run_1390_Idx_85773,3480,0,5e-05,20000000,17844480.0,5511040.0,16704640.0,4225600.0,0.7,0.6666666666666666
989,1,160,56,104,23.6,144,58,86,16.39,187968,57664,323664,103456,2,0,51,5,30,250425-000020_Run_1517_Idx_21956,3800,0,5e-05,20000000,3759360.0,1153280.0,6473280.0,2069120.0,0.65,0.5972222222222222
990,1,145,45,100,25.16,45,15,30,24.0,2096672,603392,981200,248288,7,0,51,5,30,250425-005210_Run_1835_Idx_10792,4590,0,5e-05,20000000,41933440.0,12067840.0,19624000.0,4965760.0,0.6896551724137931,0.6666666666666666
991,1,80,25,55,25.79,18,6,12,27.0,2358912,729112,1069776,356592,14,0,51,5,30,250424-224810_Run_688_Idx_47249,1720,0,5e-05,20000000,47178240.0,14582240.0,21395520.0,7131840.0,0.6875,0.6666666666666666
992,1,145,46,99,24.41,45,15,30,27.0,1497472,535720,1099368,366456,7,0,51,5,30,250425-001740_Run_1431_Idx_57481,3580,0,5e-05,20000000,29949440.0,10714400.0,21987360.0,7329120.0,0.6827586206896552,0.6666666666666666
993,1,80,24,56,23.64,18,6,12,24.0,1672240,511208,954640,241456,14,0,51,5,30,250425-005212_Run_1820_Idx_61908,4550,0,5e-05,20000000,33444800.0,10224160.0,19092800.0,4829120.0,0.7,0.6666666666666666
994,1,160,52,108,23.3,81,27,54,27.0,539320,194728,935928,311976,4,0,51,5,30,250425-010259_Run_1942_Idx_27112,4860,0,5e-05,20000000,10786400.0,3894560.0,18718560.0,6239520.0,0.675,0.6666666666666666
995,1,160,56,104,23.3,81,27,54,27.0,715504,220976,935928,311976,4,0,51,5,30,250425-002427_Run_1182_Idx_40966,2960,0,5e-05,20000000,14310080.0,4419520.0,18718560.0,6239520.0,0.65,0.6666666666666666
996,1,80,25,55,21.25,18,6,12,21.0,1419144,473928,609232,241456,14,0,51,5,30,250424-234532_Run_948_Idx_73672,2370,0,5e-05,20000000,28382880.0,9478560.0,12184640.0,4829120.0,0.6875,0.6666666666666666
997,1,160,48,112,26.2,144,48,96,27.0,219904,68352,645120,215040,2,0,51,5,30,250424-231637_Run_165_Idx_7420,420,0,5e-05,20000000,4398080.0,1367040.0,12902400.0,4300800.0,0.7,0.6666666666666666
998,1,80,25,55,21.08,18,6,12,21.0,1428312,506256,609232,241456,14,0,51,5,30,250425-005753_Run_1896_Idx_57146,4740,0,5e-05,20000000,28566240.0,10125120.0,12184640.0,4829120.0,0.6875,0.6666666666666666
999,1,160,61,99,20.64,144,48,96,24.0,160768,41536,575616,145536,2,0,51,5,30,250424-232147_Run_869_Idx_86104,2180,0,5e-05,20000000,3215360.0,830720.0,11512320.0,2910720.0,0.61875,0.6666666666666666
1000,1,145,45,100,22.3,45,15,30,18.93,1418912,485312,668280,249168,7,0,51,5,30,250425-000707_Run_1211_Idx_61030,3030,0,5e-05,20000000,28378240.0,9706240.0,13365600.0,4983360.0,0.6896551724137931,0.6666666666666666
1001,1,160,59,101,18.88,144,48,96,21.11,123424,32072,303232,77440,2,0,51,5,30,250425-004524_Run_1621_Idx_61170,4060,0,5e-05,20000000,2468480.0,641440.0,6064640.0,1548800.0,0.63125,0.6666666666666666
1002,1,80,24,56,23.22,18,6,12,24.0,2143320,550384,954640,241456,14,0,51,5,30,250424-233349_Run_968_Idx_54226,2420,0,5e-05,20000000,42866400.0,11007680.0,19092800.0,4829120.0,0.7,0.6666666666666666
1003,1,160,48,112,26.08,81,32,49,21.05,892224,275552,620288,177464,4,0,51,5,30,250424-234103_Run_718_Idx_88860,1800,0,5e-05,20000000,17844480.0,5511040.0,12405760.0,3549280.0,0.7,0.6049382716049383
1004,1,160,48,112,26.3,144,48,96,27.0,226560,70016,645120,215040,2,0,51,5,30,250424-233107_Run_617_Idx_13251,1550,0,5e-05,20000000,4531200.0,1400320.0,12902400.0,4300800.0,0.7,0.6666666666666666
1005,1,80,25,55,22.76,18,6,12,27.0,1690984,552336,1069776,356592,14,0,51,5,30,250424-230741_Run_656_Idx_47249,1640,0,5e-05,20000000,33819680.0,11046720.0,21395520.0,7131840.0,0.6875,0.6666666666666666
1006,1,145,45,100,25.77,45,15,30,27.0,2086592,656512,1099368,366456,7,0,51,5,30,250425-002023_Run_1307_Idx_71006,3270,0,5e-05,20000000,41731840.0,13130240.0,21987360.0,7329120.0,0.6896551724137931,0.6666666666666666
1007,1,80,25,55,25.66,18,6,12,27.0,2174592,683032,1069776,356592,14,0,51,5,30,250424-234330_Run_832_Idx_57146,2080,0,5e-05,20000000,43491840.0,13660640.0,21395520.0,7131840.0,0.6875,0.6666666666666666
1008,1,80,25,55,25.66,18,6,12,27.0,2360240,709856,1069776,356592,14,0,51,5,30,250424-232907_Run_144_Idx_5633,360,0,5e-05,20000000,47204800.0,14197120.0,21395520.0,7131840.0,0.6875,0.6666666666666666
1009,1,160,48,112,25.95,81,27,54,24.0,865984,268992,835232,211280,4,0,51,5,30,250424-230858_Run_1010_Idx_75070,2530,0,5e-05,20000000,17319680.0,5379840.0,16704640.0,4225600.0,0.7,0.6666666666666666
1010,1,145,45,100,22.23,45,17,28,15.07,1744192,536672,302064,93408,7,0,51,5,30,250425-001417_Run_1199_Idx_47804,3000,0,5e-05,20000000,34883840.0,10733440.0,6041280.0,1868160.0,0.6896551724137931,0.6222222222222222
1011,1,80,25,55,24.44,18,6,12,27.0,2201240,630688,1069776,356592,14,0,51,5,30,250425-001451_Run_1376_Idx_47249,3440,0,5e-05,20000000,44024800.0,12613760.0,21395520.0,7131840.0,0.6875,0.6666666666666666
1012,1,160,48,112,26.04,81,27,54,27.0,892224,275552,935928,311976,4,0,51,5,30,250425-002812_Run_1234_Idx_960,3090,0,5e-05,20000000,17844480.0,5511040.0,18718560.0,6239520.0,0.7,0.6666666666666666
1013,1,160,48,112,25.95,81,27,54,24.0,892224,275552,835232,211280,4,0,51,5,30,250425-001844_Run_1250_Idx_960,3130,0,5e-05,20000000,17844480.0,5511040.0,16704640.0,4225600.0,0.7,0.6666666666666666
1014,1,160,60,100,21.82,81,27,54,22.36,690952,247224,579560,193088,4,0,51,5,30,250425-000350_Run_1334_Idx_71410,3340,0,5e-05,20000000,13819040.0,4944480.0,11591200.0,3861760.0,0.625,0.6666666666666666
1015,1,160,48,112,26.2,144,48,96,27.0,219904,68352,645120,215040,2,0,51,5,30,250425-002138_Run_1305_Idx_5687,3270,0,5e-05,20000000,4398080.0,1367040.0,12902400.0,4300800.0,0.7,0.6666666666666666
1016,1,145,45,100,24.15,45,15,30,21.0,1966752,570912,508528,130120,7,0,51,5,30,250424-235707_Run_1227_Idx_61030,3070,0,5e-05,20000000,39335040.0,11418240.0,10170560.0,2602400.0,0.6896551724137931,0.6666666666666666
1017,1,80,25,55,24.86,18,6,12,24.0,2378016,669864,954640,241456,14,0,51,5,30,250424-233250_Run_732_Idx_89663,1830,0,5e-05,20000000,47560320.0,13397280.0,19092800.0,4829120.0,0.6875,0.6666666666666666
1018,1,80,25,55,26.0,18,6,12,27.0,2399416,749032,1069776,356592,14,0,51,5,30,250424-233019_Run_380_Idx_65229,950,0,5e-05,20000000,47988320.0,14980640.0,21395520.0,7131840.0,0.6875,0.6666666666666666
1019,1,160,48,112,26.2,144,48,96,22.61,219904,68352,480048,145536,2,0,51,5,30,250425-002227_Run_1125_Idx_81871,2820,0,5e-05,20000000,4398080.0,1367040.0,9600960.0,2910720.0,0.7,0.6666666666666666
1020,1,160,58,102,23.11,81,27,54,27.0,688952,221912,935928,311976,4,0,51,5,30,250424-234220_Run_834_Idx_63012,2090,0,5e-05,20000000,13779040.0,4438240.0,18718560.0,6239520.0,0.6375,0.6666666666666666
1021,1,145,46,99,20.92,45,15,30,23.4,1224032,463080,626696,248288,7,0,51,5,30,250425-005045_Run_1775_Idx_72713,4440,0,5e-05,20000000,24480640.0,9261600.0,12533920.0,4965760.0,0.6827586206896552,0.6666666666666666
1022,1,160,56,104,23.11,81,27,54,27.0,579856,212048,935928,311976,4,0,51,5,30,250424-235240_Run_1114_Idx_55670,2790,0,5e-05,20000000,11597120.0,4240960.0,18718560.0,6239520.0,0.65,0.6666666666666666
1023,1,160,59,101,22.72,144,48,96,27.0,170056,61016,645120,215040,2,0,51,5,30,250425-002021_Run_1189_Idx_81893,2980,0,5e-05,20000000,3401120.0,1220320.0,12902400.0,4300800.0,0.63125,0.6666666666666666
1024,1,160,48,112,24.81,81,27,54,20.67,830272,260064,342304,88048,4,0,51,5,30,250425-001223_Run_1082_Idx_28528,2710,0,5e-05,20000000,16605440.0,5201280.0,6846080.0,1760960.0,0.7,0.6666666666666666
1025,1,160,48,112,26.12,81,28,53,21.02,892224,275552,527800,171984,4,0,51,5,30,250424-235709_Run_1522_Idx_64251,3810,0,5e-05,20000000,17844480.0,5511040.0,10556000.0,3439680.0,0.7,0.654320987654321
1026,1,160,48,112,26.3,144,59,85,21.03,226560,70016,467016,134000,2,0,51,5,30,250424-234141_Run_717_Idx_55923,1800,0,5e-05,20000000,4531200.0,1400320.0,9340320.0,2680000.0,0.7,0.5902777777777778
1027,1,160,48,112,26.2,144,48,96,27.0,219904,68352,645120,215040,2,0,51,5,30,250424-224732_Run_213_Idx_7420,540,0,5e-05,20000000,4398080.0,1367040.0,12902400.0,4300800.0,0.7,0.6666666666666666
1028,1,160,48,112,26.3,144,54,90,21.08,226560,70016,427920,128976,2,0,51,5,30,250424-235747_Run_1521_Idx_54163,3810,0,5e-05,20000000,4531200.0,1400320.0,8558400.0,2579520.0,0.7,0.625
1029,1,160,48,112,26.3,144,48,96,24.0,226560,70016,575616,145536,2,0,51,5,30,250425-000440_Run_1273_Idx_82062,3190,0,5e-05,20000000,4531200.0,1400320.0,11512320.0,2910720.0,0.7,0.6666666666666666
1030,1,160,48,112,26.0,81,27,54,27.0,865984,268992,935928,311976,4,0,51,5,30,250424-233734_Run_130_Idx_78813,330,0,5e-05,20000000,17319680.0,5379840.0,18718560.0,6239520.0,0.7,0.6666666666666666
1031,1,160,48,112,25.15,81,27,54,22.0,865984,268992,374824,131824,4,0,51,5,30,250425-003301_Run_1642_Idx_47915,4110,0,5e-05,20000000,17319680.0,5379840.0,7496480.0,2636480.0,0.7,0.6666666666666666
1032,1,145,46,99,24.37,45,15,30,21.04,1727072,588840,626696,248288,7,0,51,5,30,250425-004056_Run_1567_Idx_32731,3920,0,5e-05,20000000,34541440.0,11776800.0,12533920.0,4965760.0,0.6827586206896552,0.6666666666666666
1033,1,80,25,55,26.0,18,6,12,27.0,2292120,722208,1069776,356592,14,0,51,5,30,250425-003348_Run_1548_Idx_57146,3870,0,5e-05,20000000,45842400.0,14444160.0,21395520.0,7131840.0,0.6875,0.6666666666666666
1034,1,160,48,112,26.12,81,27,54,24.0,892224,275552,835232,211280,4,0,51,5,30,250424-230630_Run_658_Idx_85773,1650,0,5e-05,20000000,17844480.0,5511040.0,16704640.0,4225600.0,0.7,0.6666666666666666
1035,1,160,58,102,21.9,144,54,90,19.29,184528,59344,375792,111600,2,0,51,5,30,250425-001047_Run_1205_Idx_37445,3020,0,5e-05,20000000,3690560.0,1186880.0,7515840.0,2232000.0,0.6375,0.625
1036,1,145,45,100,20.42,45,15,30,15.18,1538752,399712,508528,130120,7,0,51,5,30,250425-002958_Run_1647_Idx_71006,4120,0,5e-05,20000000,30775040.0,7994240.0,10170560.0,2602400.0,0.6896551724137931,0.6666666666666666
1037,1,145,46,99,24.5,45,15,30,27.0,1881152,554600,1099368,366456,7,0,51,5,30,250425-002350_Run_1183_Idx_86910,2960,0,5e-05,20000000,37623040.0,11092000.0,21987360.0,7329120.0,0.6827586206896552,0.6666666666666666
1038,1,145,46,99,24.68,45,15,30,24.0,2000992,571720,981200,248288,7,0,51,5,30,250425-005300_Run_1787_Idx_32731,4470,0,5e-05,20000000,40019840.0,11434400.0,19624000.0,4965760.0,0.6827586206896552,0.6666666666666666
1039,1,160,53,107,19.35,144,48,96,21.94,141336,44608,440952,145536,2,0,51,5,30,250425-005933_Run_1961_Idx_1787,4910,0,5e-05,20000000,2826720.0,892160.0,8819040.0,2910720.0,0.66875,0.6666666666666666
1040,1,160,53,107,23.2,81,27,54,27.0,531104,189880,935928,311976,4,0,51,5,30,250425-004342_Run_1654_Idx_39377,4140,0,5e-05,20000000,10622080.0,3797600.0,18718560.0,6239520.0,0.66875,0.6666666666666666
1041,1,160,57,103,22.7,144,48,96,24.0,182920,57672,484392,145536,2,0,51,5,30,250425-000329_Run_1217_Idx_42541,3050,0,5e-05,20000000,3658400.0,1153440.0,9687840.0,2910720.0,0.64375,0.6666666666666666
1042,1,145,45,100,26.28,45,15,30,27.0,2182272,688992,1099368,366456,7,0,51,5,30,250424-232609_Run_743_Idx_95480,1860,0,5e-05,20000000,43645440.0,13779840.0,21987360.0,7329120.0,0.6896551724137931,0.6666666666666666
1043,1,160,48,112,25.85,81,27,54,27.0,865984,268992,935928,311976,4,0,51,5,30,250424-225755_Run_434_Idx_47915,1090,0,5e-05,20000000,17319680.0,5379840.0,18718560.0,6239520.0,0.7,0.6666666666666666
1044,1,145,45,100,24.88,45,15,30,24.0,1960192,633472,853440,275424,7,0,51,5,30,250424-224234_Run_935_Idx_20430,2340,0,5e-05,20000000,39203840.0,12669440.0,17068800.0,5508480.0,0.6896551724137931,0.6666666666666666
1045,1,80,24,56,26.2,18,6,12,27.0,2399416,708056,1069776,356592,14,0,51,5,30,250424-224051_Run_92_Idx_54226,230,0,5e-05,20000000,47988320.0,14161120.0,21395520.0,7131840.0,0.7,0.6666666666666666
1046,1,160,48,112,26.2,144,48,96,27.0,219904,68352,645120,215040,2,0,51,5,30,250424-232457_Run_389_Idx_5687,980,0,5e-05,20000000,4398080.0,1367040.0,12902400.0,4300800.0,0.7,0.6666666666666666
1047,1,145,47,98,24.85,45,15,30,27.0,1874592,583728,1099368,366456,7,0,51,5,30,250424-234145_Run_835_Idx_40177,2090,0,5e-05,20000000,37491840.0,11674560.0,21987360.0,7329120.0,0.6758620689655173,0.6666666666666666
1048,1,145,46,99,24.68,45,15,30,24.0,2000992,571720,981200,248288,7,0,51,5,30,250424-225351_Run_1035_Idx_32731,2590,0,5e-05,20000000,40019840.0,11434400.0,19624000.0,4965760.0,0.6827586206896552,0.6666666666666666
1049,1,145,45,100,24.31,45,15,30,27.0,1436032,502432,1099368,366456,7,0,51,5,30,250425-010227_Run_1943_Idx_61030,4860,0,5e-05,20000000,28720640.0,10048640.0,21987360.0,7329120.0,0.6896551724137931,0.6666666666666666
1050,1,160,57,103,23.6,144,48,96,27.0,189576,59336,645120,215040,2,0,51,5,30,250425-003113_Run_1705_Idx_96190,4270,0,5e-05,20000000,3791520.0,1186720.0,12902400.0,4300800.0,0.64375,0.6666666666666666
1051,1,160,56,104,23.5,144,48,96,27.0,155584,56000,645120,215040,2,0,51,5,30,250425-004419_Run_1653_Idx_73366,4140,0,5e-05,20000000,3111680.0,1120000.0,12902400.0,4300800.0,0.65,0.6666666666666666
1052,1,80,25,55,24.24,18,6,12,21.22,1965216,630688,609232,241456,14,0,51,5,30,250424-233953_Run_720_Idx_89663,1800,0,5e-05,20000000,39304320.0,12613760.0,12184640.0,4829120.0,0.6875,0.6666666666666666
1053,1,80,25,55,20.62,18,6,12,21.0,1171248,387760,494096,126320,14,0,51,5,30,250425-004327_Run_1532_Idx_57146,3830,0,5e-05,20000000,23424960.0,7755200.0,9881920.0,2526400.0,0.6875,0.6666666666666666
1054,1,80,25,55,19.58,18,6,12,21.0,1418080,493904,609232,241456,14,0,51,5,30,250425-003900_Run_1632_Idx_65229,4080,0,5e-05,20000000,28361600.0,9878080.0,12184640.0,4829120.0,0.6875,0.6666666666666666
1055,1,160,58,102,20.68,144,48,96,24.0,146296,41344,575616,145536,2,0,51,5,30,250425-003053_Run_1553_Idx_82626,3890,0,5e-05,20000000,2925920.0,826880.0,11512320.0,2910720.0,0.6375,0.6666666666666666
1056,1,80,25,55,25.66,18,6,12,27.0,2360240,709856,1069776,356592,14,0,51,5,30,250424-230010_Run_192_Idx_5633,480,0,5e-05,20000000,47204800.0,14197120.0,21395520.0,7131840.0,0.6875,0.6666666666666666
1057,1,80,26,54,25.66,18,6,12,27.0,2360240,750832,1069776,356592,14,0,51,5,30,250424-230857_Run_416_Idx_76244,1040,0,5e-05,20000000,47204800.0,15016640.0,21395520.0,7131840.0,0.675,0.6666666666666666
1058,1,145,45,100,22.71,45,15,30,24.0,1829792,468192,981200,248288,7,0,51,5,30,250425-005513_Run_1815_Idx_61030,4540,0,5e-05,20000000,36595840.0,9363840.0,19624000.0,4965760.0,0.6896551724137931,0.6666666666666666
1059,1,160,48,112,25.56,81,27,54,21.75,830272,260064,503640,129312,4,0,51,5,30,250425-002751_Run_1558_Idx_28528,3900,0,5e-05,20000000,16605440.0,5201280.0,10072800.0,2586240.0,0.7,0.6666666666666666
1060,1,80,27,53,22.8,18,6,12,27.0,1849432,594240,1069776,356592,14,0,51,5,30,250424-234929_Run_704_Idx_87801,1760,0,5e-05,20000000,36988640.0,11884800.0,21395520.0,7131840.0,0.6625,0.6666666666666666
1061,1,80,25,55,21.49,18,6,12,21.0,1535608,533080,609232,241456,14,0,51,5,30,250425-000236_Run_1336_Idx_65229,3340,0,5e-05,20000000,30712160.0,10661600.0,12184640.0,4829120.0,0.6875,0.6666666666666666
1062,1,160,48,112,25.95,81,27,54,27.0,865984,268992,935928,311976,4,0,51,5,30,250424-232527_Run_982_Idx_75070,2460,0,5e-05,20000000,17319680.0,5379840.0,18718560.0,6239520.0,0.7,0.6666666666666666
1063,1,160,48,112,26.3,144,48,96,24.0,226560,70016,575616,145536,2,0,51,5,30,250424-233552_Run_609_Idx_13251,1530,0,5e-05,20000000,4531200.0,1400320.0,11512320.0,2910720.0,0.7,0.6666666666666666
1064,1,160,48,112,25.38,81,27,54,24.0,892224,275552,671456,193088,4,0,51,5,30,250424-224133_Run_818_Idx_960,2050,0,5e-05,20000000,17844480.0,5511040.0,13429120.0,3861760.0,0.7,0.6666666666666666
1065,1,145,45,100,25.25,45,15,30,24.0,2113792,620512,981200,248288,7,0,51,5,30,250425-001807_Run_1251_Idx_95480,3130,0,5e-05,20000000,42275840.0,12410240.0,19624000.0,4965760.0,0.6896551724137931,0.6666666666666666
1066,1,160,54,106,19.49,81,27,54,27.0,367216,121080,935928,311976,4,0,51,5,30,250425-010310_Run_1994_Idx_68851,4990,0,5e-05,20000000,7344320.0,2421600.0,18718560.0,6239520.0,0.6625,0.6666666666666666
1067,1,80,24,56,22.96,18,6,12,27.0,1692312,531280,1069776,356592,14,0,51,5,30,250425-002053_Run_1188_Idx_61908,2970,0,5e-05,20000000,33846240.0,10625600.0,21395520.0,7131840.0,0.7,0.6666666666666666
1068,1,145,47,98,24.97,45,18,27,21.13,1925472,605008,797800,264520,7,0,51,5,30,250424-231748_Run_639_Idx_46588,1600,0,5e-05,20000000,38509440.0,12100160.0,15956000.0,5290400.0,0.6758620689655173,0.6
1069,1,145,46,99,24.1,45,15,30,24.0,1857472,531560,981200,248288,7,0,51,5,30,250425-004142_Run_1535_Idx_72713,3840,0,5e-05,20000000,37149440.0,10631200.0,19624000.0,4965760.0,0.6827586206896552,0.6666666666666666
1070,1,160,48,112,25.81,81,31,50,21.0,830272,260064,595000,186128,4,0,51,5,30,250424-231630_Run_878_Idx_45178,2200,0,5e-05,20000000,16605440.0,5201280.0,11900000.0,3722560.0,0.7,0.6172839506172839
1071,1,160,48,112,26.0,81,27,54,27.0,865984,268992,935928,311976,4,0,51,5,30,250424-234702_Run_114_Idx_78813,290,0,5e-05,20000000,17319680.0,5379840.0,18718560.0,6239520.0,0.7,0.6666666666666666
1072,1,160,52,108,20.32,81,28,53,15.27,568152,201288,532552,211416,4,0,51,5,30,250425-005209_Run_1866_Idx_11742,4670,0,5e-05,20000000,11363040.0,4025760.0,10651040.0,4228320.0,0.675,0.654320987654321
1073,1,80,25,55,18.99,18,6,12,21.0,1297288,453912,609232,241456,14,0,51,5,30,250425-005743_Run_1964_Idx_66277,4910,0,5e-05,20000000,25945760.0,9078240.0,12184640.0,4829120.0,0.6875,0.6666666666666666
1074,1,145,46,99,22.93,45,15,30,27.0,1538752,520360,1099368,366456,7,0,51,5,30,250425-001909_Run_1191_Idx_86910,2980,0,5e-05,20000000,30775040.0,10407200.0,21987360.0,7329120.0,0.6827586206896552,0.6666666666666666
1075,1,160,48,112,25.99,81,27,54,27.0,892224,275552,935928,311976,4,0,51,5,30,250424-231546_Run_286_Idx_34316,720,0,5e-05,20000000,17844480.0,5511040.0,18718560.0,6239520.0,0.7,0.6666666666666666
1076,1,145,44,101,16.79,45,15,30,18.6,846912,243064,615376,235600,7,0,51,5,30,250425-010156_Run_1971_Idx_51592,4930,0,5e-05,20000000,16938240.0,4861280.0,12307520.0,4712000.0,0.696551724137931,0.6666666666666666
1077,1,160,58,102,22.7,144,48,96,24.0,184528,59344,497424,145536,2,0,51,5,30,250425-000202_Run_1337_Idx_17424,3350,0,5e-05,20000000,3690560.0,1186880.0,9948480.0,2910720.0,0.6375,0.6666666666666666
1078,1,160,48,112,26.2,144,48,96,27.0,219904,68352,645120,215040,2,0,51,5,30,250424-234621_Run_353_Idx_5687,890,0,5e-05,20000000,4398080.0,1367040.0,12902400.0,4300800.0,0.7,0.6666666666666666
1079,1,160,48,112,24.81,81,27,54,21.48,892224,275552,446528,170552,4,0,51,5,30,250425-001209_Run_1498_Idx_93338,3750,0,5e-05,20000000,17844480.0,5511040.0,8930560.0,3411040.0,0.7,0.6666666666666666
1080,1,80,25,55,23.2,18,6,12,18.0,2003424,571440,609232,241456,14,0,51,5,30,250425-004345_Run_1684_Idx_66277,4210,0,5e-05,20000000,40068480.0,11428800.0,12184640.0,4829120.0,0.6875,0.6666666666666666
1081,1,160,48,112,26.2,144,48,96,24.0,219904,68352,575616,145536,2,0,51,5,30,250425-002728_Run_1177_Idx_7420,2950,0,5e-05,20000000,4398080.0,1367040.0,11512320.0,2910720.0,0.7,0.6666666666666666
1082,1,145,46,99,24.57,45,15,30,24.0,2000992,571720,981200,248288,7,0,51,5,30,250425-000414_Run_1155_Idx_32731,2890,0,5e-05,20000000,40019840.0,11434400.0,19624000.0,4965760.0,0.6827586206896552,0.6666666666666666
1083,1,145,45,100,25.34,45,15,30,24.0,2113792,620512,981200,248288,7,0,51,5,30,250424-230551_Run_659_Idx_24331,1650,0,5e-05,20000000,42275840.0,12410240.0,19624000.0,4965760.0,0.6896551724137931,0.6666666666666666
1084,1,80,25,55,12.59,18,6,12,6.44,845312,217888,33552,11184,14,0,51,5,30,250425-002033_Run_1484_Idx_66277,3710,0,5e-05,20000000,16906240.0,4357760.0,671040.0,223680.0,0.6875,0.6666666666666666
1085,1,160,48,112,26.3,144,54,90,21.11,226560,70016,436608,137664,2,0,51,5,30,250424-235934_Run_1281_Idx_82127,3210,0,5e-05,20000000,4531200.0,1400320.0,8732160.0,2753280.0,0.7,0.625
1086,1,145,45,100,26.17,45,15,30,27.0,2120832,673632,1099368,366456,7,0,51,5,30,250424-232719_Run_147_Idx_61030,370,0,5e-05,20000000,42416640.0,13472640.0,21987360.0,7329120.0,0.6896551724137931,0.6666666666666666
1087,1,160,48,112,26.3,144,48,96,27.0,226560,70016,645120,215040,2,0,51,5,30,250425-010050_Run_1973_Idx_13251,4940,0,5e-05,20000000,4531200.0,1400320.0,12902400.0,4300800.0,0.7,0.6666666666666666
1088,1,160,61,99,23.6,144,48,96,27.0,186360,66024,645120,215040,2,0,51,5,30,250424-232350_Run_629_Idx_23040,1580,0,5e-05,20000000,3727200.0,1320480.0,12902400.0,4300800.0,0.61875,0.6666666666666666
1089,1,160,48,112,25.6,144,48,96,24.0,226560,70016,562584,145536,2,0,51,5,30,250424-230247_Run_545_Idx_25592,1370,0,5e-05,20000000,4531200.0,1400320.0,11251680.0,2910720.0,0.7,0.6666666666666666
1090,1,160,57,103,23.6,144,48,96,19.44,189576,59336,372736,146944,2,0,51,5,30,250425-000146_Run_1397_Idx_38001,3500,0,5e-05,20000000,3791520.0,1186720.0,7454720.0,2938880.0,0.64375,0.6666666666666666
1091,1,160,58,102,23.5,144,48,96,27.0,184528,59344,645120,215040,2,0,51,5,30,250424-235535_Run_1169_Idx_75763,2930,0,5e-05,20000000,3690560.0,1186880.0,12902400.0,4300800.0,0.6375,0.6666666666666666
1092,1,80,25,55,26.3,18,6,12,27.0,2476440,768288,1069776,356592,14,0,51,5,30,250424-224738_Run_332_Idx_26496,830,0,5e-05,20000000,49528800.0,15365760.0,21395520.0,7131840.0,0.6875,0.6666666666666666
1093,1,160,48,112,25.99,81,27,54,27.0,892224,275552,935928,311976,4,0,51,5,30,250424-224139_Run_342_Idx_34316,860,0,5e-05,20000000,17844480.0,5511040.0,18718560.0,6239520.0,0.7,0.6666666666666666
1094,1,160,48,112,25.6,144,52,92,21.0,226560,70016,397512,133048,2,0,51,5,30,250425-002925_Run_1617_Idx_90759,4050,0,5e-05,20000000,4531200.0,1400320.0,7950240.0,2660960.0,0.7,0.6388888888888888
1095,1,160,48,112,26.2,144,48,96,24.0,219904,68352,575616,145536,2,0,51,5,30,250424-230935_Run_1009_Idx_81871,2530,0,5e-05,20000000,4398080.0,1367040.0,11512320.0,2910720.0,0.7,0.6666666666666666
1096,1,160,48,112,26.2,144,48,96,27.0,219904,68352,645120,215040,2,0,51,5,30,250424-233101_Run_141_Idx_7420,360,0,5e-05,20000000,4398080.0,1367040.0,12902400.0,4300800.0,0.7,0.6666666666666666
1097,1,145,45,100,22.46,45,15,30,24.0,1839872,466432,981200,248288,7,0,51,5,30,250425-003711_Run_1695_Idx_10792,4240,0,5e-05,20000000,36797440.0,9328640.0,19624000.0,4965760.0,0.6896551724137931,0.6666666666666666
1098,1,160,56,104,21.0,144,48,96,24.0,152592,44800,575616,145536,2,0,51,5,30,250425-003557_Run_1697_Idx_71787,4250,0,5e-05,20000000,3051840.0,896000.0,11512320.0,2910720.0,0.65,0.6666666666666666
1099,1,160,48,112,26.0,81,27,54,27.0,865984,268992,935928,311976,4,0,51,5,30,250424-224051_Run_14_Idx_78813,40,0,5e-05,20000000,17319680.0,5379840.0,18718560.0,6239520.0,0.7,0.6666666666666666
1100,1,80,25,55,26.0,18,6,12,27.0,2292120,722208,1069776,356592,14,0,51,5,30,250424-223522_Run_88_Idx_57146,220,0,5e-05,20000000,45842400.0,14444160.0,21395520.0,7131840.0,0.6875,0.6666666666666666
1101,1,160,48,112,26.3,144,48,96,23.62,226560,70016,540864,136848,2,0,51,5,30,250424-231933_Run_517_Idx_25592,1300,0,5e-05,20000000,4531200.0,1400320.0,10817280.0,2736960.0,0.7,0.6666666666666666
1102,1,145,47,98,24.88,45,15,30,24.0,2011552,669328,626696,248288,7,0,51,5,30,250425-001854_Run_1071_Idx_40177,2680,0,5e-05,20000000,40231040.0,13386560.0,12533920.0,4965760.0,0.6758620689655173,0.6666666666666666
1103,1,160,48,112,25.42,81,27,54,21.33,892224,275552,231128,105536,4,0,51,5,30,250425-005430_Run_1878_Idx_34316,4700,0,5e-05,20000000,17844480.0,5511040.0,4622560.0,2110720.0,0.7,0.6666666666666666
1104,1,80,25,55,20.09,18,6,12,21.11,1281944,336840,502992,128544,14,0,51,5,30,250425-004336_Run_1624_Idx_65229,4060,0,5e-05,20000000,25638880.0,6736800.0,10059840.0,2570880.0,0.6875,0.6666666666666666
1105,1,80,25,55,21.42,18,6,12,12.22,1926040,630688,148688,126320,14,0,51,5,30,250425-003447_Run_1608_Idx_89663,4020,0,5e-05,20000000,38520800.0,12613760.0,2973760.0,2526400.0,0.6875,0.6666666666666666
1106,1,160,48,112,26.2,144,48,96,27.0,219904,68352,645120,215040,2,0,51,5,30,250424-231307_Run_409_Idx_5687,1030,0,5e-05,20000000,4398080.0,1367040.0,12902400.0,4300800.0,0.7,0.6666666666666666
1107,1,160,48,112,26.0,144,48,96,24.0,212224,66432,575616,145536,2,0,51,5,30,250425-004255_Run_1533_Idx_1990,3840,0,5e-05,20000000,4244480.0,1328640.0,11512320.0,2910720.0,0.7,0.6666666666666666
1108,1,145,45,100,25.72,45,15,30,24.0,2028192,637632,797800,261856,7,0,51,5,30,250424-231639_Run_759_Idx_95480,1900,0,5e-05,20000000,40563840.0,12752640.0,15956000.0,5237120.0,0.6896551724137931,0.6666666666666666
1109,1,160,48,112,25.95,81,27,54,24.11,865984,268992,541464,213360,4,0,51,5,30,250424-225528_Run_438_Idx_47915,1100,0,5e-05,20000000,17319680.0,5379840.0,10829280.0,4267200.0,0.7,0.6666666666666666
1110,1,80,25,55,22.16,18,6,12,24.0,1375640,493088,609232,241456,14,0,51,5,30,250424-235513_Run_1288_Idx_89663,3220,0,5e-05,20000000,27512800.0,9861760.0,12184640.0,4829120.0,0.6875,0.6666666666666666
1111,1,145,51,94,21.97,45,15,30,22.2,1515072,552720,853440,275424,7,0,51,5,30,250425-002114_Run_1067_Idx_303,2670,0,5e-05,20000000,30301440.0,11054400.0,17068800.0,5508480.0,0.6482758620689655,0.6666666666666666
1112,1,160,48,112,25.95,81,27,54,27.0,865984,268992,935928,311976,4,0,51,5,30,250424-231009_Run_414_Idx_47915,1040,0,5e-05,20000000,17319680.0,5379840.0,18718560.0,6239520.0,0.7,0.6666666666666666
1113,1,80,25,55,23.91,18,6,12,24.0,2083712,591512,609232,241456,14,0,51,5,30,250425-002731_Run_1472_Idx_66277,3680,0,5e-05,20000000,41674240.0,11830240.0,12184640.0,4829120.0,0.6875,0.6666666666666666
1114,1,80,25,55,25.26,18,6,12,24.0,2319736,729112,609232,241456,14,0,51,5,30,250424-235442_Run_1468_Idx_26496,3670,0,5e-05,20000000,46394720.0,14582240.0,12184640.0,4829120.0,0.6875,0.6666666666666666
1115,1,160,48,112,26.2,144,48,96,27.0,219904,68352,645120,215040,2,0,51,5,30,250424-230705_Run_181_Idx_7420,460,0,5e-05,20000000,4398080.0,1367040.0,12902400.0,4300800.0,0.7,0.6666666666666666
1116,1,80,26,54,20.35,18,6,12,19.83,1220000,435736,609232,183888,14,0,51,5,30,250424-225301_Run_680_Idx_29372,1700,0,5e-05,20000000,24400000.0,8714720.0,12184640.0,3677760.0,0.675,0.6666666666666666
1117,1,145,48,97,24.5,45,19,26,21.0,1856992,605816,851680,265408,7,0,51,5,30,250424-234402_Run_239_Idx_17060,600,0,5e-05,20000000,37139840.0,12116320.0,17033600.0,5308160.0,0.6689655172413793,0.5777777777777777
1118,1,160,53,107,22.45,81,29,52,20.15,691984,196400,444776,149880,4,0,51,5,30,250425-003751_Run_1634_Idx_66949,4090,0,5e-05,20000000,13839680.0,3928000.0,8895520.0,2997600.0,0.66875,0.6419753086419753
1119,1,145,45,100,26.17,45,15,30,27.0,2120832,673632,1099368,366456,7,0,51,5,30,250424-233211_Run_139_Idx_61030,350,0,5e-05,20000000,42416640.0,13472640.0,21987360.0,7329120.0,0.6896551724137931,0.6666666666666666
1120,1,80,26,54,25.96,18,6,12,27.0,2437264,770088,1069776,356592,14,0,51,5,30,250424-231434_Run_288_Idx_13799,720,0,5e-05,20000000,48745280.0,15401760.0,21395520.0,7131840.0,0.675,0.6666666666666666
1121,1,80,25,55,24.95,18,6,12,24.0,2378016,669864,954640,241456,14,0,51,5,30,250424-234548_Run_236_Idx_26496,590,0,5e-05,20000000,47560320.0,13397280.0,19092800.0,4829120.0,0.6875,0.6666666666666666
1122,1,145,45,100,26.17,45,15,30,27.0,2120832,673632,1099368,366456,7,0,51,5,30,250424-223829_Run_31_Idx_71006,80,0,5e-05,20000000,42416640.0,13472640.0,21987360.0,7329120.0,0.6896551724137931,0.6666666666666666
1123,1,160,48,112,26.0,81,27,54,27.0,865984,268992,935928,311976,4,0,51,5,30,250424-224207_Run_222_Idx_78813,560,0,5e-05,20000000,17319680.0,5379840.0,18718560.0,6239520.0,0.7,0.6666666666666666
1124,1,160,60,100,20.65,144,48,96,24.0,160768,41472,575616,145536,2,0,51,5,30,250424-230745_Run_893_Idx_84810,2240,0,5e-05,20000000,3215360.0,829440.0,11512320.0,2910720.0,0.625,0.6666666666666666
1125,1,145,44,101,23.64,45,15,30,23.4,1822752,499864,669648,249168,7,0,51,5,30,250425-002806_Run_1471_Idx_89913,3680,0,5e-05,20000000,36455040.0,9997280.0,13392960.0,4983360.0,0.696551724137931,0.6666666666666666
1126,1,145,46,99,24.31,45,15,30,27.0,1538752,520360,1099368,366456,7,0,51,5,30,250425-001139_Run_1143_Idx_32731,2860,0,5e-05,20000000,30775040.0,10407200.0,21987360.0,7329120.0,0.6827586206896552,0.6666666666666666
1127,1,80,24,56,25.52,18,6,12,27.0,2201600,648808,1069776,356592,14,0,51,5,30,250424-232901_Run_976_Idx_54226,2440,0,5e-05,20000000,44032000.0,12976160.0,21395520.0,7131840.0,0.7,0.6666666666666666
1128,1,145,44,101,25.34,45,15,30,24.0,1839872,585464,720400,261856,7,0,51,5,30,250425-004156_Run_1687_Idx_89913,4220,0,5e-05,20000000,36797440.0,11709280.0,14408000.0,5237120.0,0.696551724137931,0.6666666666666666
1129,1,145,45,100,26.17,45,15,30,27.0,2120832,673632,1099368,366456,7,0,51,5,30,250424-232343_Run_391_Idx_71006,980,0,5e-05,20000000,42416640.0,13472640.0,21987360.0,7329120.0,0.6896551724137931,0.6666666666666666
1130,1,160,48,112,25.95,81,27,54,27.0,865984,268992,935928,311976,4,0,51,5,30,250424-234217_Run_122_Idx_78813,310,0,5e-05,20000000,17319680.0,5379840.0,18718560.0,6239520.0,0.7,0.6666666666666666
1131,1,160,50,110,21.1,81,30,51,15.17,480104,171824,404344,154064,4,0,51,5,30,250425-005527_Run_1914_Idx_38164,4790,0,5e-05,20000000,9602080.0,3436480.0,8086880.0,3081280.0,0.6875,0.6296296296296297
1132,1,160,48,112,26.2,144,48,96,24.0,219904,68352,536520,145536,2,0,51,5,30,250424-224801_Run_1045_Idx_81871,2620,0,5e-05,20000000,4398080.0,1367040.0,10730400.0,2910720.0,0.7,0.6666666666666666
1133,1,80,24,56,24.85,18,6,12,27.0,2163392,570456,1069776,356592,14,0,51,5,30,250424-225801_Run_1028_Idx_54226,2570,0,5e-05,20000000,43267840.0,11409120.0,21395520.0,7131840.0,0.7,0.6666666666666666
1134,1,80,25,55,21.69,18,6,12,12.0,1966280,610712,148688,126320,14,0,51,5,30,250424-224945_Run_804_Idx_89663,2010,0,5e-05,20000000,39325600.0,12214240.0,2973760.0,2526400.0,0.6875,0.6666666666666666
1135,1,80,28,52,24.05,18,7,11,21.0,2104240,674336,666800,185752,14,0,51,5,30,250424-231932_Run_160_Idx_34704,400,0,5e-05,20000000,42084800.0,13486720.0,13336000.0,3715040.0,0.65,0.6111111111111112
1136,1,145,46,99,25.97,45,15,30,27.0,2028672,668520,1099368,366456,7,0,51,5,30,250424-225421_Run_915_Idx_72713,2290,0,5e-05,20000000,40573440.0,13370400.0,21987360.0,7329120.0,0.6827586206896552,0.6666666666666666
1137,1,160,48,112,26.2,144,48,96,27.0,219904,68352,645120,215040,2,0,51,5,30,250424-230202_Run_189_Idx_7420,480,0,5e-05,20000000,4398080.0,1367040.0,12902400.0,4300800.0,0.7,0.6666666666666666
1138,1,145,44,101,10.59,45,16,29,3.33,744192,191704,39504,13752,7,0,51,5,30,250425-004005_Run_1599_Idx_95480,4000,0,5e-05,20000000,14883840.0,3834080.0,790080.0,275040.0,0.696551724137931,0.6444444444444445
1139,1,160,48,112,26.3,144,48,96,27.0,226560,70016,645120,215040,2,0,51,5,30,250424-230645_Run_301_Idx_39758,760,0,5e-05,20000000,4531200.0,1400320.0,12902400.0,4300800.0,0.7,0.6666666666666666
1140,1,160,55,105,22.9,144,54,90,20.69,186360,55992,345384,124632,2,0,51,5,30,250425-004758_Run_1873_Idx_23040,4690,0,5e-05,20000000,3727200.0,1119840.0,6907680.0,2492640.0,0.65625,0.625
1141,1,160,48,112,26.3,144,48,96,27.0,226560,70016,645120,215040,2,0,51,5,30,250424-230911_Run_297_Idx_39758,750,0,5e-05,20000000,4531200.0,1400320.0,12902400.0,4300800.0,0.7,0.6666666666666666
1142,1,160,58,102,22.56,144,48,96,27.0,170056,59344,645120,215040,2,0,51,5,30,250425-001913_Run_1309_Idx_17424,3280,0,5e-05,20000000,3401120.0,1186880.0,12902400.0,4300800.0,0.6375,0.6666666666666666
1143,1,160,48,112,25.95,81,27,54,24.11,865984,268992,541464,213360,4,0,51,5,30,250424-234320_Run_358_Idx_47915,900,0,5e-05,20000000,17319680.0,5379840.0,10829280.0,4267200.0,0.7,0.6666666666666666
1144,1,160,58,102,23.6,144,48,96,27.0,171888,61008,645120,215040,2,0,51,5,30,250425-001856_Run_1429_Idx_45604,3580,0,5e-05,20000000,3437760.0,1220160.0,12902400.0,4300800.0,0.6375,0.6666666666666666
1145,1,160,48,112,26.2,144,48,96,24.0,219904,68352,549552,145536,2,0,51,5,30,250424-225710_Run_197_Idx_7420,500,0,5e-05,20000000,4398080.0,1367040.0,10991040.0,2910720.0,0.7,0.6666666666666666
1146,1,80,25,55,25.66,18,6,12,27.0,2360240,709856,1069776,356592,14,0,51,5,30,250424-223936_Run_16_Idx_5633,40,0,5e-05,20000000,47204800.0,14197120.0,21395520.0,7131840.0,0.6875,0.6666666666666666
1147,1,80,25,55,26.21,18,6,12,27.0,2476440,768288,1069776,356592,14,0,51,5,30,250424-223319_Run_52_Idx_66277,130,0,5e-05,20000000,49528800.0,15365760.0,21395520.0,7131840.0,0.6875,0.6666666666666666
1148,1,160,48,112,25.99,81,27,54,27.0,892224,275552,935928,311976,4,0,51,5,30,250424-224851_Run_330_Idx_34316,830,0,5e-05,20000000,17844480.0,5511040.0,18718560.0,6239520.0,0.7,0.6666666666666666
1149,1,80,24,56,26.0,18,6,12,27.0,2399416,708056,1069776,356592,14,0,51,5,30,250424-232643_Run_148_Idx_61908,370,0,5e-05,20000000,47988320.0,14161120.0,21395520.0,7131840.0,0.7,0.6666666666666666
1150,1,160,48,112,25.42,81,27,54,24.0,892224,275552,671456,193088,4,0,51,5,30,250424-230927_Run_534_Idx_93338,1340,0,5e-05,20000000,17844480.0,5511040.0,13429120.0,3861760.0,0.7,0.6666666666666666
1151,1,80,25,55,26.3,18,6,12,27.0,2476440,768288,1069776,356592,14,0,51,5,30,250424-225944_Run_312_Idx_26496,780,0,5e-05,20000000,49528800.0,15365760.0,21395520.0,7131840.0,0.6875,0.6666666666666666
1152,1,145,45,100,26.18,45,15,30,27.0,2182272,688992,1099368,366456,7,0,51,5,30,250425-001313_Run_1259_Idx_95480,3150,0,5e-05,20000000,43645440.0,13779840.0,21987360.0,7329120.0,0.6896551724137931,0.6666666666666666
1153,1,80,25,55,21.82,18,6,12,24.0,1375640,493088,609232,241456,14,0,51,5,30,250424-235324_Run_1528_Idx_66277,3820,0,5e-05,20000000,27512800.0,9861760.0,12184640.0,4829120.0,0.6875,0.6666666666666666
1154,1,80,24,56,26.0,18,6,12,27.0,2399416,708056,1069776,356592,14,0,51,5,30,250424-233622_Run_132_Idx_61908,330,0,5e-05,20000000,47988320.0,14161120.0,21395520.0,7131840.0,0.7,0.6666666666666666
1155,1,145,45,100,26.18,45,15,30,27.0,2182272,688992,1099368,366456,7,0,51,5,30,250424-232754_Run_503_Idx_10792,1260,0,5e-05,20000000,43645440.0,13779840.0,21987360.0,7329120.0,0.6896551724137931,0.6666666666666666
1156,1,160,48,112,25.6,144,48,96,24.0,226560,70016,471360,145536,2,0,51,5,30,250425-001513_Run_1493_Idx_25592,3740,0,5e-05,20000000,4531200.0,1400320.0,9427200.0,2910720.0,0.7,0.6666666666666666
1157,1,160,61,99,23.5,144,48,96,27.0,179704,64360,645120,215040,2,0,51,5,30,250424-234136_Run_361_Idx_1953,910,0,5e-05,20000000,3594080.0,1287200.0,12902400.0,4300800.0,0.61875,0.6666666666666666
1158,1,80,25,55,24.31,18,6,12,24.0,2115344,623784,954640,241456,14,0,51,5,30,250425-004107_Run_1536_Idx_57146,3840,0,5e-05,20000000,42306880.0,12475680.0,19092800.0,4829120.0,0.6875,0.6666666666666666
1159,1,160,48,112,26.3,144,48,96,27.0,226560,70016,645120,215040,2,0,51,5,30,250424-223531_Run_49_Idx_25592,130,0,5e-05,20000000,4531200.0,1400320.0,12902400.0,4300800.0,0.7,0.6666666666666666
1160,1,160,48,112,26.08,81,27,54,27.0,892224,275552,935928,311976,4,0,51,5,30,250424-224052_Run_66_Idx_960,170,0,5e-05,20000000,17844480.0,5511040.0,18718560.0,6239520.0,0.7,0.6666666666666666
1161,1,145,46,99,26.28,45,15,30,27.0,2182272,706920,1099368,366456,7,0,51,5,30,250424-223445_Run_11_Idx_57481,30,0,5e-05,20000000,43645440.0,14138400.0,21987360.0,7329120.0,0.6827586206896552,0.6666666666666666
1162,1,160,48,112,26.12,81,27,54,27.0,892224,275552,935928,311976,4,0,51,5,30,250424-232118_Run_514_Idx_93338,1290,0,5e-05,20000000,17844480.0,5511040.0,18718560.0,6239520.0,0.7,0.6666666666666666
1163,1,80,24,56,20.31,18,6,12,15.22,1986616,511208,494096,126320,14,0,51,5,30,250425-005638_Run_1912_Idx_54226,4780,0,5e-05,20000000,39732320.0,10224160.0,9881920.0,2526400.0,0.7,0.6666666666666666
1164,1,80,25,55,26.0,18,6,12,27.0,2292120,722208,1069776,356592,14,0,51,5,30,250424-225345_Run_916_Idx_57146,2290,0,5e-05,20000000,45842400.0,14444160.0,21395520.0,7131840.0,0.6875,0.6666666666666666
1165,1,145,45,100,26.17,45,15,30,27.0,2120832,673632,1099368,366456,7,0,51,5,30,250424-234140_Run_123_Idx_61030,310,0,5e-05,20000000,42416640.0,13472640.0,21987360.0,7329120.0,0.6896551724137931,0.6666666666666666
1166,1,145,45,100,26.17,45,15,30,27.0,2120832,673632,1099368,366456,7,0,51,5,30,250424-232826_Run_383_Idx_71006,960,0,5e-05,20000000,42416640.0,13472640.0,21987360.0,7329120.0,0.6896551724137931,0.6666666666666666
1167,1,145,45,100,25.06,45,15,30,24.0,2035232,588032,981200,248288,7,0,51,5,30,250425-002614_Run_1179_Idx_61030,2950,0,5e-05,20000000,40704640.0,11760640.0,19624000.0,4965760.0,0.6896551724137931,0.6666666666666666
1168,1,160,48,112,25.95,81,27,54,27.0,865984,268992,935928,311976,4,0,51,5,30,250424-225651_Run_1030_Idx_75070,2580,0,5e-05,20000000,17319680.0,5379840.0,18718560.0,6239520.0,0.7,0.6666666666666666
1169,1,160,48,112,26.3,144,60,84,21.12,226560,70016,467016,142824,2,0,51,5,30,250424-231904_Run_637_Idx_91935,1600,0,5e-05,20000000,4531200.0,1400320.0,9340320.0,2856480.0,0.7,0.5833333333333334
1170,1,145,45,100,26.17,45,15,30,27.0,2120832,673632,1099368,366456,7,0,51,5,30,250424-231523_Run_167_Idx_61030,420,0,5e-05,20000000,42416640.0,13472640.0,21987360.0,7329120.0,0.6896551724137931,0.6666666666666666
1171,1,160,48,112,26.12,81,27,54,27.0,892224,275552,935928,311976,4,0,51,5,30,250424-232341_Run_510_Idx_93338,1280,0,5e-05,20000000,17844480.0,5511040.0,18718560.0,6239520.0,0.7,0.6666666666666666
1172,1,160,48,112,26.0,144,48,96,27.0,212224,66432,645120,215040,2,0,51,5,30,250425-003539_Run_1545_Idx_1990,3870,0,5e-05,20000000,4244480.0,1328640.0,12902400.0,4300800.0,0.7,0.6666666666666666
1173,1,145,45,100,26.09,45,15,30,27.0,2130912,671872,1099368,366456,7,0,51,5,30,250424-232306_Run_511_Idx_10792,1280,0,5e-05,20000000,42618240.0,13437440.0,21987360.0,7329120.0,0.6896551724137931,0.6666666666666666
1174,1,145,45,100,26.28,45,15,30,27.0,2182272,688992,1099368,366456,7,0,51,5,30,250425-002735_Run_1235_Idx_95480,3090,0,5e-05,20000000,43645440.0,13779840.0,21987360.0,7329120.0,0.6896551724137931,0.6666666666666666
1175,1,160,57,103,20.55,81,27,54,24.0,495784,164264,655376,202184,4,0,51,5,30,250424-235949_Run_1162_Idx_89116,2910,0,5e-05,20000000,9915680.0,3285280.0,13107520.0,4043680.0,0.64375,0.6666666666666666
1176,1,145,45,100,25.77,45,15,30,27.0,2069472,656512,1099368,366456,7,0,51,5,30,250425-003825_Run_1663_Idx_61030,4160,0,5e-05,20000000,41389440.0,13130240.0,21987360.0,7329120.0,0.6896551724137931,0.6666666666666666
1177,1,160,48,112,26.3,144,48,96,27.0,226560,70016,645120,215040,2,0,51,5,30,250424-231229_Run_529_Idx_25592,1330,0,5e-05,20000000,4531200.0,1400320.0,12902400.0,4300800.0,0.7,0.6666666666666666
1178,1,160,48,112,25.95,81,27,54,22.77,865984,268992,615944,202184,4,0,51,5,30,250425-002151_Run_1126_Idx_75070,2820,0,5e-05,20000000,17319680.0,5379840.0,12318880.0,4043680.0,0.7,0.6666666666666666
1179,1,80,25,55,20.58,18,6,12,18.0,1455928,513160,609232,241456,14,0,51,5,30,250425-000833_Run_1504_Idx_66277,3760,0,5e-05,20000000,29118560.0,10263200.0,12184640.0,4829120.0,0.6875,0.6666666666666666
1180,1,160,54,106,22.49,144,48,96,24.0,136288,43008,575616,145536,2,0,51,5,30,250425-005404_Run_1817_Idx_94663,4550,0,5e-05,20000000,2725760.0,860160.0,11512320.0,2910720.0,0.6625,0.6666666666666666
1181,1,145,45,100,24.46,45,15,30,24.0,2011072,586272,981200,248288,7,0,51,5,30,250425-005628_Run_1859_Idx_24331,4650,0,5e-05,20000000,40221440.0,11725440.0,19624000.0,4965760.0,0.6896551724137931,0.6666666666666666
1182,1,160,48,112,26.12,81,27,54,27.0,892224,275552,935928,311976,4,0,51,5,30,250424-231413_Run_526_Idx_93338,1320,0,5e-05,20000000,17844480.0,5511040.0,18718560.0,6239520.0,0.7,0.6666666666666666
1183,1,160,50,110,20.88,81,30,51,12.57,691488,175456,433336,110992,4,0,51,5,30,250425-005020_Run_1838_Idx_18885,4600,0,5e-05,20000000,13829760.0,3509120.0,8666720.0,2219840.0,0.6875,0.6296296296296297
1184,1,145,44,101,21.51,45,15,30,22.2,1367552,467384,774672,275424,7,0,51,5,30,250425-000313_Run_1335_Idx_38371,3340,0,5e-05,20000000,27351040.0,9347680.0,15493440.0,5508480.0,0.696551724137931,0.6666666666666666
1185,1,145,46,99,26.09,45,15,30,27.0,2130912,689800,1099368,366456,7,0,51,5,30,250425-002004_Run_1427_Idx_57481,3570,0,5e-05,20000000,42618240.0,13796000.0,21987360.0,7329120.0,0.6827586206896552,0.6666666666666666
1186,1,160,56,104,22.5,81,29,52,21.86,715504,220976,496352,167368,4,0,51,5,30,250424-235519_Run_1230_Idx_18333,3080,0,5e-05,20000000,14310080.0,4419520.0,9927040.0,3347360.0,0.65,0.6419753086419753
1187,1,145,45,100,25.02,45,15,30,24.0,2052352,605152,981200,248288,7,0,51,5,30,250425-002512_Run_1299_Idx_71006,3250,0,5e-05,20000000,41047040.0,12103040.0,19624000.0,4965760.0,0.6896551724137931,0.6666666666666666
1188,1,160,48,112,26.2,144,48,96,24.0,219904,68352,575616,145536,2,0,51,5,30,250424-234515_Run_117_Idx_7420,300,0,5e-05,20000000,4398080.0,1367040.0,11512320.0,2910720.0,0.7,0.6666666666666666
1189,1,160,48,112,26.2,144,48,96,27.0,219904,68352,645120,215040,2,0,51,5,30,250424-223719_Run_33_Idx_5687,90,0,5e-05,20000000,4398080.0,1367040.0,12902400.0,4300800.0,0.7,0.6666666666666666
1190,1,145,45,100,25.99,45,15,30,27.0,2086592,656512,1099368,366456,7,0,51,5,30,250424-230933_Run_415_Idx_71006,1040,0,5e-05,20000000,41731840.0,13130240.0,21987360.0,7329120.0,0.6896551724137931,0.6666666666666666
1191,1,80,25,55,23.92,18,6,12,27.0,1612632,552336,1069776,356592,14,0,51,5,30,250425-003147_Run_1704_Idx_66277,4260,0,5e-05,20000000,32252640.0,11046720.0,21395520.0,7131840.0,0.6875,0.6666666666666666
1192,1,145,46,99,25.97,45,15,30,27.0,2028672,668520,1099368,366456,7,0,51,5,30,250424-230853_Run_891_Idx_72713,2230,0,5e-05,20000000,40573440.0,13370400.0,21987360.0,7329120.0,0.6827586206896552,0.6666666666666666
1193,1,160,55,105,22.9,144,57,87,17.31,186360,55992,306288,103320,2,0,51,5,30,250425-003517_Run_1729_Idx_13903,4330,0,5e-05,20000000,3727200.0,1119840.0,6125760.0,2066400.0,0.65625,0.6041666666666666
1194,1,145,45,100,24.88,45,15,30,27.0,1976832,569152,1099368,366456,7,0,51,5,30,250425-002954_Run_1707_Idx_10792,4270,0,5e-05,20000000,39536640.0,11383040.0,21987360.0,7329120.0,0.6896551724137931,0.6666666666666666
1195,1,160,58,102,20.49,81,27,54,24.0,629248,162208,835232,211280,4,0,51,5,30,250424-234928_Run_822_Idx_63012,2060,0,5e-05,20000000,12584960.0,3244160.0,16704640.0,4225600.0,0.6375,0.6666666666666666
1196,1,160,48,112,26.08,81,27,54,27.0,892224,275552,935928,311976,4,0,51,5,30,250424-233140_Run_734_Idx_960,1840,0,5e-05,20000000,17844480.0,5511040.0,18718560.0,6239520.0,0.7,0.6666666666666666
1197,1,160,52,108,23.05,81,27,54,22.46,690664,194728,577400,202184,4,0,51,5,30,250425-005209_Run_1850_Idx_83687,4630,0,5e-05,20000000,13813280.0,3894560.0,11548000.0,4043680.0,0.675,0.6666666666666666
1198,1,160,48,112,25.15,81,28,53,22.33,865984,268992,452576,149448,4,0,51,5,30,250424-235623_Run_1346_Idx_96951,3370,0,5e-05,20000000,17319680.0,5379840.0,9051520.0,2988960.0,0.7,0.654320987654321
1199,1,145,46,99,20.59,45,15,30,24.0,1264832,383400,981200,248288,7,0,51,5,30,250425-004801_Run_1795_Idx_32731,4490,0,5e-05,20000000,25296640.0,7668000.0,19624000.0,4965760.0,0.6827586206896552,0.6666666666666666
1200,1,160,48,112,26.2,144,48,96,27.0,219904,68352,645120,215040,2,0,51,5,30,250424-224015_Run_93_Idx_81871,240,0,5e-05,20000000,4398080.0,1367040.0,12902400.0,4300800.0,0.7,0.6666666666666666
1201,1,160,48,112,26.04,81,27,54,27.0,892224,275552,935928,311976,4,0,51,5,30,250424-231117_Run_650_Idx_85773,1630,0,5e-05,20000000,17844480.0,5511040.0,18718560.0,6239520.0,0.7,0.6666666666666666
1202,1,145,45,100,26.17,45,15,30,27.0,2120832,673632,1099368,366456,7,0,51,5,30,250424-225820_Run_195_Idx_61030,490,0,5e-05,20000000,42416640.0,13472640.0,21987360.0,7329120.0,0.6896551724137931,0.6666666666666666
1203,1,80,25,55,18.68,18,6,12,24.0,1395712,355488,954640,241456,14,0,51,5,30,250425-002914_Run_1412_Idx_26496,3530,0,5e-05,20000000,27914240.0,7109760.0,19092800.0,4829120.0,0.6875,0.6666666666666666
1204,1,160,58,102,23.11,81,27,54,27.0,688952,221912,935928,311976,4,0,51,5,30,250424-232815_Run_858_Idx_63012,2150,0,5e-05,20000000,13779040.0,4438240.0,18718560.0,6239520.0,0.6375,0.6666666666666666
1205,1,160,48,112,25.99,81,27,54,27.0,892224,275552,935928,311976,4,0,51,5,30,250424-223750_Run_6_Idx_34316,20,0,5e-05,20000000,17844480.0,5511040.0,18718560.0,6239520.0,0.7,0.6666666666666666
1206,1,160,48,112,26.3,144,48,96,27.0,226560,70016,645120,215040,2,0,51,5,30,250425-004341_Run_1593_Idx_82062,3990,0,5e-05,20000000,4531200.0,1400320.0,12902400.0,4300800.0,0.7,0.6666666666666666
1207,1,145,51,94,19.54,45,19,26,21.0,1120832,402800,824968,238696,7,0,51,5,30,250424-225413_Run_559_Idx_85547,1400,0,5e-05,20000000,22416640.0,8056000.0,16499360.0,4773920.0,0.6482758620689655,0.5777777777777777
1208,1,160,58,102,9.76,81,33,48,3.26,292608,76896,31440,10704,4,0,51,5,30,250425-004039_Run_1598_Idx_89793,4000,0,5e-05,20000000,5852160.0,1537920.0,628800.0,214080.0,0.6375,0.5925925925925926
1209,1,160,58,102,23.25,81,27,54,27.0,630008,224320,935928,311976,4,0,51,5,30,250424-231821_Run_994_Idx_81044,2490,0,5e-05,20000000,12600160.0,4486400.0,18718560.0,6239520.0,0.6375,0.6666666666666666
1210,1,160,48,112,25.25,81,27,54,22.33,865984,268992,570872,144968,4,0,51,5,30,250424-235744_Run_1226_Idx_78813,3070,0,5e-05,20000000,17319680.0,5379840.0,11417440.0,2899360.0,0.7,0.6666666666666666
1211,1,160,48,112,26.04,81,27,54,24.0,892224,275552,786704,202184,4,0,51,5,30,250424-234222_Run_598_Idx_85773,1500,0,5e-05,20000000,17844480.0,5511040.0,15734080.0,4043680.0,0.7,0.6666666666666666
1212,1,80,25,55,26.0,18,6,12,27.0,2399416,749032,1069776,356592,14,0,51,5,30,250424-224017_Run_28_Idx_65229,70,0,5e-05,20000000,47988320.0,14980640.0,21395520.0,7131840.0,0.6875,0.6666666666666666
1213,1,160,48,112,26.0,81,27,54,27.0,865984,268992,935928,311976,4,0,51,5,30,250424-223824_Run_18_Idx_78813,50,0,5e-05,20000000,17319680.0,5379840.0,18718560.0,6239520.0,0.7,0.6666666666666666
1214,1,80,26,54,25.56,18,6,12,27.0,2360240,750832,1069776,356592,14,0,51,5,30,250424-225906_Run_432_Idx_76244,1080,0,5e-05,20000000,47204800.0,15016640.0,21395520.0,7131840.0,0.675,0.6666666666666666
1215,1,80,25,55,20.29,18,6,12,15.0,1218936,453912,148688,126320,14,0,51,5,30,250425-002250_Run_1480_Idx_66277,3700,0,5e-05,20000000,24378720.0,9078240.0,2973760.0,2526400.0,0.6875,0.6666666666666666
1216,1,80,24,56,24.85,18,6,12,27.0,2163392,570456,1069776,356592,14,0,51,5,30,250424-235340_Run_1172_Idx_54226,2930,0,5e-05,20000000,43267840.0,11409120.0,21395520.0,7131840.0,0.7,0.6666666666666666
1217,1,80,25,55,25.22,18,6,12,21.0,2239448,709040,609232,241456,14,0,51,5,30,250424-235553_Run_1524_Idx_66277,3810,0,5e-05,20000000,44788960.0,14180800.0,12184640.0,4829120.0,0.6875,0.6666666666666666
1218,1,160,48,112,26.3,144,48,96,27.0,226560,70016,645120,215040,2,0,51,5,30,250424-230017_Run_549_Idx_25592,1380,0,5e-05,20000000,4531200.0,1400320.0,12902400.0,4300800.0,0.7,0.6666666666666666
1219,1,145,47,98,26.09,45,15,30,27.0,2165152,707728,1099368,366456,7,0,51,5,30,250424-230525_Run_303_Idx_5328,760,0,5e-05,20000000,43303040.0,14154560.0,21987360.0,7329120.0,0.6758620689655173,0.6666666666666666
1220,1,145,50,95,22.62,45,19,26,21.0,1915392,609192,863488,251840,7,0,51,5,30,250424-231859_Run_399_Idx_28910,1000,0,5e-05,20000000,38307840.0,12183840.0,17269760.0,5036800.0,0.6551724137931034,0.5777777777777777
1221,1,160,48,112,25.25,81,27,54,23.33,892224,275552,539240,193088,4,0,51,5,30,250425-003221_Run_1734_Idx_85773,4340,0,5e-05,20000000,17844480.0,5511040.0,10784800.0,3861760.0,0.7,0.6666666666666666
1222,1,160,54,106,22.05,81,27,54,22.69,518048,189144,618992,193088,4,0,51,5,30,250425-000740_Run_1090_Idx_63508,2730,0,5e-05,20000000,10360960.0,3782880.0,12379840.0,3861760.0,0.6625,0.6666666666666666
1223,1,160,48,112,26.0,144,48,96,27.0,212224,66432,645120,215040,2,0,51,5,30,250424-231006_Run_889_Idx_1990,2230,0,5e-05,20000000,4244480.0,1328640.0,12902400.0,4300800.0,0.7,0.6666666666666666
1224,1,145,45,100,24.79,45,15,30,27.0,1942592,552032,1099368,366456,7,0,51,5,30,250424-235323_Run_1291_Idx_95480,3230,0,5e-05,20000000,38851840.0,11040640.0,21987360.0,7329120.0,0.6896551724137931,0.6666666666666666
1225,1,80,25,55,21.55,18,6,12,15.22,1612632,552336,609232,241456,14,0,51,5,30,250425-010219_Run_1916_Idx_89663,4790,0,5e-05,20000000,32252640.0,11046720.0,12184640.0,4829120.0,0.6875,0.6666666666666666
1226,1,145,46,99,18.25,45,15,30,24.0,1155072,296040,981200,248288,7,0,51,5,30,250425-002949_Run_1411_Idx_57481,3530,0,5e-05,20000000,23101440.0,5920800.0,19624000.0,4965760.0,0.6827586206896552,0.6666666666666666
1227,1,160,48,112,25.95,81,27,54,27.0,865984,268992,935928,311976,4,0,51,5,30,250425-003634_Run_1666_Idx_78813,4170,0,5e-05,20000000,17319680.0,5379840.0,18718560.0,6239520.0,0.7,0.6666666666666666
1228,1,80,25,55,20.01,18,7,11,21.0,1375640,493088,666800,185752,14,0,51,5,30,250424-225337_Run_560_Idx_41760,1400,0,5e-05,20000000,27512800.0,9861760.0,13336000.0,3715040.0,0.6875,0.6111111111111112
1229,1,80,24,56,25.19,18,6,12,21.0,2044896,609632,609232,241456,14,0,51,5,30,250425-004020_Run_1568_Idx_54226,3920,0,5e-05,20000000,40897920.0,12192640.0,12184640.0,4829120.0,0.7,0.6666666666666666
1230,1,80,25,55,25.32,18,6,12,24.11,2088792,671376,618128,243680,14,0,51,5,30,250424-231924_Run_280_Idx_26496,700,0,5e-05,20000000,41775840.0,13427520.0,12362560.0,4873600.0,0.6875,0.6666666666666666
1231,1,80,26,54,24.99,18,6,12,24.0,2160872,671608,954640,241456,14,0,51,5,30,250424-234327_Run_120_Idx_86683,300,0,5e-05,20000000,43217440.0,13432160.0,19092800.0,4829120.0,0.675,0.6666666666666666
1232,1,80,25,55,24.79,18,6,12,24.0,2135416,683032,609232,241456,14,0,51,5,30,250424-224159_Run_936_Idx_57146,2340,0,5e-05,20000000,42708320.0,13660640.0,12184640.0,4829120.0,0.6875,0.6666666666666666
1233,1,80,25,55,26.3,18,6,12,27.0,2476440,768288,1069776,356592,14,0,51,5,30,250424-223637_Run_8_Idx_26496,20,0,5e-05,20000000,49528800.0,15365760.0,21395520.0,7131840.0,0.6875,0.6666666666666666
1234,1,160,48,112,24.2,144,67,77,18.23,226560,70016,375792,126400,2,0,51,5,30,250424-224913_Run_805_Idx_11112,2020,0,5e-05,20000000,4531200.0,1400320.0,7515840.0,2528000.0,0.7,0.5347222222222222
1235,1,160,48,112,26.3,144,48,96,24.0,226560,70016,549552,145536,2,0,51,5,30,250424-234037_Run_601_Idx_13251,1510,0,5e-05,20000000,4531200.0,1400320.0,10991040.0,2910720.0,0.7,0.6666666666666666
1236,1,80,24,56,25.52,18,6,12,24.0,2379344,687984,954640,241456,14,0,51,5,30,250425-001819_Run_1132_Idx_54226,2830,0,5e-05,20000000,47586880.0,13759680.0,19092800.0,4829120.0,0.7,0.6666666666666666
1237,1,160,48,112,26.12,81,27,54,27.0,892224,275552,935928,311976,4,0,51,5,30,250424-230358_Run_662_Idx_85773,1660,0,5e-05,20000000,17844480.0,5511040.0,18718560.0,6239520.0,0.7,0.6666666666666666
1238,1,160,48,112,26.08,81,28,53,21.12,892224,275552,544104,189176,4,0,51,5,30,250424-235852_Run_1282_Idx_47348,3210,0,5e-05,20000000,17844480.0,5511040.0,10882080.0,3783520.0,0.7,0.654320987654321
1239,1,160,56,104,23.5,144,48,96,22.44,181312,56000,458328,145536,2,0,51,5,30,250425-005249_Run_1849_Idx_79507,4630,0,5e-05,20000000,3626240.0,1120000.0,9166560.0,2910720.0,0.65,0.6666666666666666
1240,1,145,44,101,19.06,45,15,30,22.84,1257792,431384,669648,249168,7,0,51,5,30,250425-004905_Run_1871_Idx_51592,4680,0,5e-05,20000000,25155840.0,8627680.0,13392960.0,4983360.0,0.696551724137931,0.6666666666666666
1241,1,145,47,98,21.89,45,15,30,24.0,1196352,452688,626696,248288,7,0,51,5,30,250424-235909_Run_1163_Idx_8263,2910,0,5e-05,20000000,23927040.0,9053760.0,12533920.0,4965760.0,0.6758620689655173,0.6666666666666666
1242,1,145,46,99,19.94,45,15,30,21.64,1367552,486120,626696,248288,7,0,51,5,30,250425-000438_Run_1215_Idx_86910,3040,0,5e-05,20000000,27351040.0,9722400.0,12533920.0,4965760.0,0.6827586206896552,0.6666666666666666
1243,1,145,45,100,17.31,45,15,30,18.0,956672,314112,508528,130120,7,0,51,5,30,250425-004525_Run_1651_Idx_61030,4130,0,5e-05,20000000,19133440.0,6282240.0,10170560.0,2602400.0,0.6896551724137931,0.6666666666666666
1244,1,80,24,56,26.0,18,6,12,27.0,2399416,708056,1069776,356592,14,0,51,5,30,250424-232418_Run_152_Idx_61908,380,0,5e-05,20000000,47988320.0,14161120.0,21395520.0,7131840.0,0.7,0.6666666666666666
1245,1,80,25,55,25.66,18,6,12,27.0,2281888,709856,1069776,356592,14,0,51,5,30,250424-233728_Run_368_Idx_65229,920,0,5e-05,20000000,45637760.0,14197120.0,21395520.0,7131840.0,0.6875,0.6666666666666666
1246,1,145,44,101,25.46,45,15,30,24.0,2113792,653944,932208,275424,7,0,51,5,30,250424-230049_Run_667_Idx_51592,1670,0,5e-05,20000000,42275840.0,13078880.0,18644160.0,5508480.0,0.696551724137931,0.6666666666666666
1247,1,160,48,112,25.95,81,27,54,27.0,865984,268992,935928,311976,4,0,51,5,30,250424-233355_Run_374_Idx_47915,940,0,5e-05,20000000,17319680.0,5379840.0,18718560.0,6239520.0,0.7,0.6666666666666666
1248,1,145,45,100,24.69,45,15,30,24.0,2045312,586272,981200,248288,7,0,51,5,30,250425-010304_Run_1955_Idx_10792,4890,0,5e-05,20000000,40906240.0,11725440.0,19624000.0,4965760.0,0.6896551724137931,0.6666666666666666
1249,1,80,25,55,23.25,18,6,12,21.0,1925072,571440,609232,241456,14,0,51,5,30,250425-002214_Run_1244_Idx_89663,3110,0,5e-05,20000000,38501440.0,11428800.0,12184640.0,4829120.0,0.6875,0.6666666666666666
1250,1,160,56,104,20.9,144,49,95,18.62,175104,44800,401856,102232,2,0,51,5,30,250425-010159_Run_1957_Idx_96190,4900,0,5e-05,20000000,3502080.0,896000.0,8037120.0,2044640.0,0.65,0.6597222222222222
1251,1,145,45,100,26.28,45,15,30,27.0,2182272,688992,1099368,366456,7,0,51,5,30,250424-234436_Run_475_Idx_10792,1190,0,5e-05,20000000,43645440.0,13779840.0,21987360.0,7329120.0,0.6896551724137931,0.6666666666666666
1252,1,160,48,112,25.56,81,27,54,27.0,830272,260064,935928,311976,4,0,51,5,30,250424-230214_Run_902_Idx_28528,2260,0,5e-05,20000000,16605440.0,5201280.0,18718560.0,6239520.0,0.7,0.6666666666666666
1253,1,160,56,104,19.64,144,48,96,21.49,149376,43192,453984,119472,2,0,51,5,30,250425-004006_Run_1721_Idx_59888,4310,0,5e-05,20000000,2987520.0,863840.0,9079680.0,2389440.0,0.65,0.6666666666666666
1254,1,80,25,55,19.54,18,6,12,21.22,1258112,453912,609232,241456,14,0,51,5,30,250425-010329_Run_1968_Idx_47249,4920,0,5e-05,20000000,25162240.0,9078240.0,12184640.0,4829120.0,0.6875,0.6666666666666666
1255,1,80,25,55,24.34,18,6,12,27.0,2124216,611432,1069776,356592,14,0,51,5,30,250425-001455_Run_1316_Idx_65229,3290,0,5e-05,20000000,42484320.0,12228640.0,21395520.0,7131840.0,0.6875,0.6666666666666666
1256,1,145,46,99,22.82,45,15,30,24.0,1316192,400520,981200,248288,7,0,51,5,30,250425-003343_Run_1579_Idx_32731,3950,0,5e-05,20000000,26323840.0,8010400.0,19624000.0,4965760.0,0.6827586206896552,0.6666666666666666
1257,1,160,53,107,23.2,81,27,54,27.0,691984,196400,935928,311976,4,0,51,5,30,250425-004123_Run_1658_Idx_39377,4150,0,5e-05,20000000,13839680.0,3928000.0,18718560.0,6239520.0,0.66875,0.6666666666666666
1258,1,160,61,99,23.29,81,27,54,27.0,707248,248936,935928,311976,4,0,51,5,30,250424-224405_Run_338_Idx_86024,850,0,5e-05,20000000,14144960.0,4978720.0,18718560.0,6239520.0,0.61875,0.6666666666666666
1259,1,80,24,56,24.56,18,6,12,18.22,2044896,609632,609232,241456,14,0,51,5,30,250425-003757_Run_1572_Idx_54226,3930,0,5e-05,20000000,40897920.0,12192640.0,12184640.0,4829120.0,0.7,0.6666666666666666
1260,1,160,54,106,22.45,81,27,54,24.0,699536,204592,579560,193088,4,0,51,5,30,250425-000125_Run_1338_Idx_36891,3350,0,5e-05,20000000,13990720.0,4091840.0,11591200.0,3861760.0,0.6625,0.6666666666666666
1261,1,145,45,100,19.98,45,15,30,14.47,1360512,483552,616224,249168,7,0,51,5,30,250425-005131_Run_1867_Idx_24331,4670,0,5e-05,20000000,27210240.0,9671040.0,12324480.0,4983360.0,0.6896551724137931,0.6666666666666666
1262,1,80,25,55,16.89,18,6,12,18.0,1100440,355488,609232,241456,14,0,51,5,30,250425-010122_Run_1972_Idx_47249,4930,0,5e-05,20000000,22008800.0,7109760.0,12184640.0,4829120.0,0.6875,0.6666666666666666
1263,1,160,48,112,26.12,81,27,54,27.0,892224,275552,935928,311976,4,0,51,5,30,250424-224516_Run_574_Idx_93338,1440,0,5e-05,20000000,17844480.0,5511040.0,18718560.0,6239520.0,0.7,0.6666666666666666
1264,1,160,48,112,26.3,144,54,90,16.13,226560,70016,341040,98568,2,0,51,5,30,250425-004909_Run_1809_Idx_82127,4530,0,5e-05,20000000,4531200.0,1400320.0,6820800.0,1971360.0,0.7,0.625
1265,1,80,25,55,26.12,18,6,12,27.0,2476440,768288,1069776,356592,14,0,51,5,30,250424-232423_Run_628_Idx_47249,1570,0,5e-05,20000000,49528800.0,15365760.0,21395520.0,7131840.0,0.6875,0.6666666666666666
1266,1,80,25,55,20.58,18,6,12,9.67,1945144,571440,33552,11184,14,0,51,5,30,250425-001815_Run_1488_Idx_66277,3720,0,5e-05,20000000,38902880.0,11428800.0,671040.0,223680.0,0.6875,0.6666666666666666
1267,1,80,25,55,22.72,18,6,12,21.22,1848048,552184,609232,241456,14,0,51,5,30,250425-005054_Run_1852_Idx_65229,4630,0,5e-05,20000000,36960960.0,11043680.0,12184640.0,4829120.0,0.6875,0.6666666666666666
1268,1,160,48,112,25.0,144,48,96,24.0,212224,66432,536520,145536,2,0,51,5,30,250424-224351_Run_933_Idx_1990,2340,0,5e-05,20000000,4244480.0,1328640.0,10730400.0,2910720.0,0.7,0.6666666666666666
1269,1,160,48,112,26.2,144,48,96,20.62,219904,68352,419232,110784,2,0,51,5,30,250425-010254_Run_1929_Idx_5687,4830,0,5e-05,20000000,4398080.0,1367040.0,8384640.0,2215680.0,0.7,0.6666666666666666
1270,1,145,45,100,25.34,45,15,30,24.0,2113792,620512,981200,248288,7,0,51,5,30,250424-233439_Run_611_Idx_24331,1530,0,5e-05,20000000,42275840.0,12410240.0,19624000.0,4965760.0,0.6896551724137931,0.6666666666666666
1271,1,145,45,100,22.14,45,15,30,16.51,1634432,466432,626696,248288,7,0,51,5,30,250425-000050_Run_1279_Idx_95480,3200,0,5e-05,20000000,32688640.0,9328640.0,12533920.0,4965760.0,0.6896551724137931,0.6666666666666666
1272,1,160,48,112,26.12,81,27,54,27.0,892224,275552,935928,311976,4,0,51,5,30,250424-232605_Run_506_Idx_93338,1270,0,5e-05,20000000,17844480.0,5511040.0,18718560.0,6239520.0,0.7,0.6666666666666666
1273,1,145,46,99,21.12,45,15,30,27.0,1264832,417640,1099368,366456,7,0,51,5,30,250425-003605_Run_1575_Idx_32731,3940,0,5e-05,20000000,25296640.0,8352800.0,21987360.0,7329120.0,0.6827586206896552,0.6666666666666666
1274,1,160,49,111,16.65,81,27,54,16.48,384736,138448,95456,61760,4,0,51,5,30,250425-010126_Run_1890_Idx_79768,4730,0,5e-05,20000000,7694720.0,2768960.0,1909120.0,1235200.0,0.69375,0.6666666666666666
1275,1,160,48,112,26.2,144,59,85,18.1,219904,68352,358416,112280,2,0,51,5,30,250425-003947_Run_1569_Idx_33085,3930,0,5e-05,20000000,4398080.0,1367040.0,7168320.0,2245600.0,0.7,0.5902777777777778
1276,1,145,45,100,26.28,45,15,30,27.0,2182272,688992,1099368,366456,7,0,51,5,30,250424-230321_Run_663_Idx_24331,1660,0,5e-05,20000000,43645440.0,13779840.0,21987360.0,7329120.0,0.6896551724137931,0.6666666666666666
1277,1,80,25,55,23.36,18,6,12,27.0,1769336,591512,1069776,356592,14,0,51,5,30,250425-005727_Run_1992_Idx_26496,4980,0,5e-05,20000000,35386720.0,11830240.0,21395520.0,7131840.0,0.6875,0.6666666666666666
1278,1,145,45,100,21.92,45,15,30,15.91,1583072,466432,626696,248288,7,0,51,5,30,250424-235857_Run_1519_Idx_10792,3800,0,5e-05,20000000,31661440.0,9328640.0,12533920.0,4965760.0,0.6896551724137931,0.6666666666666666
1279,1,145,47,98,24.14,45,15,30,22.2,1737632,600848,694536,196656,7,0,51,5,30,250425-001409_Run_1079_Idx_40177,2700,0,5e-05,20000000,34752640.0,12016960.0,13890720.0,3933120.0,0.6758620689655173,0.6666666666666666
1280,1,145,45,100,26.17,45,15,30,27.0,2120832,673632,1099368,366456,7,0,51,5,30,250424-225332_Run_203_Idx_61030,510,0,5e-05,20000000,42416640.0,13472640.0,21987360.0,7329120.0,0.6896551724137931,0.6666666666666666
1281,1,160,60,100,23.3,144,48,96,27.0,180064,60768,645120,215040,2,0,51,5,30,250425-000327_Run_1097_Idx_84810,2750,0,5e-05,20000000,3601280.0,1215360.0,12902400.0,4300800.0,0.625,0.6666666666666666
1282,1,160,48,112,26.3,144,48,96,27.0,226560,70016,645120,215040,2,0,51,5,30,250425-002120_Run_1425_Idx_39758,3570,0,5e-05,20000000,4531200.0,1400320.0,12902400.0,4300800.0,0.7,0.6666666666666666
1283,1,160,48,112,26.2,144,48,96,27.0,219904,68352,645120,215040,2,0,51,5,30,250424-224320_Run_1053_Idx_81871,2640,0,5e-05,20000000,4398080.0,1367040.0,12902400.0,4300800.0,0.7,0.6666666666666666
1284,1,160,48,112,25.51,81,27,54,24.0,892224,275552,710888,193088,4,0,51,5,30,250424-232747_Run_266_Idx_34316,670,0,5e-05,20000000,17844480.0,5511040.0,14217760.0,3861760.0,0.7,0.6666666666666666
1285,1,160,48,112,26.3,144,48,96,27.0,226560,70016,645120,215040,2,0,51,5,30,250424-224059_Run_1_Idx_39758,10,0,5e-05,20000000,4531200.0,1400320.0,12902400.0,4300800.0,0.7,0.6666666666666666
1286,1,160,52,108,20.85,81,27,54,24.0,691488,176160,835232,211280,4,0,51,5,30,250425-003748_Run_1694_Idx_81137,4240,0,5e-05,20000000,13829760.0,3523200.0,16704640.0,4225600.0,0.675,0.6666666666666666
1287,1,80,24,56,24.91,18,6,12,21.11,2222936,649104,496320,128544,14,0,51,5,30,250425-004502_Run_1560_Idx_54226,3900,0,5e-05,20000000,44458720.0,12982080.0,9926400.0,2570880.0,0.7,0.6666666666666666
1288,1,160,48,112,26.3,144,48,96,24.0,226560,70016,536520,145536,2,0,51,5,30,250424-231711_Run_521_Idx_25592,1310,0,5e-05,20000000,4531200.0,1400320.0,10730400.0,2910720.0,0.7,0.6666666666666666
1289,1,80,25,55,26.21,18,6,12,27.0,2476440,768288,1069776,356592,14,0,51,5,30,250424-224848_Run_568_Idx_66277,1420,0,5e-05,20000000,49528800.0,15365760.0,21395520.0,7131840.0,0.6875,0.6666666666666666
1290,1,145,46,99,24.79,45,15,30,24.0,2062432,587080,981200,248288,7,0,51,5,30,250425-002725_Run_1415_Idx_57481,3540,0,5e-05,20000000,41248640.0,11741600.0,19624000.0,4965760.0,0.6827586206896552,0.6666666666666666
1291,1,160,48,112,26.08,81,27,54,24.0,892224,275552,835232,211280,4,0,51,5,30,250424-230523_Run_778_Idx_960,1950,0,5e-05,20000000,17844480.0,5511040.0,16704640.0,4225600.0,0.7,0.6666666666666666
1292,1,145,45,100,26.17,45,15,30,27.0,2120832,673632,1099368,366456,7,0,51,5,30,250424-223522_Run_23_Idx_61030,60,0,5e-05,20000000,42416640.0,13472640.0,21987360.0,7329120.0,0.6896551724137931,0.6666666666666666
1293,1,80,25,55,23.6,18,6,12,24.0,2044536,591512,609232,241456,14,0,51,5,30,250425-005541_Run_1876_Idx_26496,4690,0,5e-05,20000000,40890720.0,11830240.0,12184640.0,4829120.0,0.6875,0.6666666666666666
1294,1,160,48,112,26.12,81,27,54,24.0,892224,275552,835232,211280,4,0,51,5,30,250424-232052_Run_634_Idx_85773,1590,0,5e-05,20000000,17844480.0,5511040.0,16704640.0,4225600.0,0.7,0.6666666666666666
1295,1,160,59,101,21.9,144,57,87,19.72,170056,61016,414888,142416,2,0,51,5,30,250425-000825_Run_1209_Idx_17738,3030,0,5e-05,20000000,3401120.0,1220320.0,8297760.0,2848320.0,0.63125,0.6041666666666666
1296,1,160,56,104,22.51,81,27,54,27.0,614704,220976,935928,311976,4,0,51,5,30,250425-001944_Run_1190_Idx_40966,2980,0,5e-05,20000000,12294080.0,4419520.0,18718560.0,6239520.0,0.65,0.6666666666666666
1297,1,160,48,112,25.95,81,27,54,27.0,865984,268992,935928,311976,4,0,51,5,30,250424-232304_Run_986_Idx_75070,2470,0,5e-05,20000000,17319680.0,5379840.0,18718560.0,6239520.0,0.7,0.6666666666666666
1298,1,160,48,112,26.12,81,27,54,27.0,892224,275552,935928,311976,4,0,51,5,30,250424-234443_Run_594_Idx_85773,1490,0,5e-05,20000000,17844480.0,5511040.0,18718560.0,6239520.0,0.7,0.6666666666666666
1299,1,160,61,99,23.25,81,27,54,27.0,681872,242376,935928,311976,4,0,51,5,30,250424-232641_Run_386_Idx_76642,970,0,5e-05,20000000,13637440.0,4847520.0,18718560.0,6239520.0,0.61875,0.6666666666666666
1300,1,160,48,112,26.2,144,48,96,24.0,219904,68352,575616,145536,2,0,51,5,30,250425-005417_Run_1785_Idx_81871,4470,0,5e-05,20000000,4398080.0,1367040.0,11512320.0,2910720.0,0.7,0.6666666666666666
1301,1,160,52,108,19.21,81,29,52,18.53,542160,176160,403568,105808,4,0,51,5,30,250425-004336_Run_1746_Idx_84873,4370,0,5e-05,20000000,10843200.0,3523200.0,8071360.0,2116160.0,0.675,0.6419753086419753
1302,1,145,47,98,25.78,45,15,30,27.0,2011552,669328,1099368,366456,7,0,51,5,30,250424-234405_Run_831_Idx_40177,2080,0,5e-05,20000000,40231040.0,13386560.0,21987360.0,7329120.0,0.6758620689655173,0.6666666666666666
1303,1,145,45,100,25.46,45,15,30,24.0,2113792,671872,626696,248288,7,0,51,5,30,250425-001358_Run_1495_Idx_10792,3740,0,5e-05,20000000,42275840.0,13437440.0,12533920.0,4965760.0,0.6896551724137931,0.6666666666666666
1304,1,160,48,112,25.81,81,27,54,27.0,830272,260064,935928,311976,4,0,51,5,30,250424-232553_Run_862_Idx_28528,2160,0,5e-05,20000000,16605440.0,5201280.0,18718560.0,6239520.0,0.7,0.6666666666666666
1305,1,145,45,100,24.32,45,15,30,27.0,1497472,517792,1099368,366456,7,0,51,5,30,250425-003222_Run_1703_Idx_10792,4260,0,5e-05,20000000,29949440.0,10355840.0,21987360.0,7329120.0,0.6896551724137931,0.6666666666666666
1306,1,80,25,55,10.32,18,6,12,4.0,845312,217888,33552,11184,14,0,51,5,30,250425-003932_Run_1600_Idx_89663,4000,0,5e-05,20000000,16906240.0,4357760.0,671040.0,223680.0,0.6875,0.6666666666666666
1307,1,145,45,100,25.81,45,15,30,27.0,2079552,654752,1099368,366456,7,0,51,5,30,250425-004336_Run_1715_Idx_24331,4290,0,5e-05,20000000,41591040.0,13095040.0,21987360.0,7329120.0,0.6896551724137931,0.6666666666666666
1308,1,160,54,106,16.9,144,53,91,17.03,110920,39480,202032,72368,2,0,51,5,30,250425-010202_Run_1889_Idx_9037,4730,0,5e-05,20000000,2218400.0,789600.0,4040640.0,1447360.0,0.6625,0.6319444444444444
1309,1,145,51,94,24.41,45,15,30,27.0,1908352,625360,1099368,366456,7,0,51,5,30,250424-224327_Run_339_Idx_14058,850,0,5e-05,20000000,38167040.0,12507200.0,21987360.0,7329120.0,0.6482758620689655,0.6666666666666666
1310,1,160,57,103,23.5,144,48,96,27.0,182920,57672,645120,215040,2,0,51,5,30,250424-224541_Run_1049_Idx_63770,2630,0,5e-05,20000000,3658400.0,1153440.0,12902400.0,4300800.0,0.64375,0.6666666666666666
1311,1,145,45,100,25.24,45,15,30,24.0,2052352,605152,981200,248288,7,0,51,5,30,250424-224957_Run_447_Idx_71006,1120,0,5e-05,20000000,41047040.0,12103040.0,19624000.0,4965760.0,0.6896551724137931,0.6666666666666666
1312,1,160,58,102,20.61,81,37,44,12.56,665248,171136,432448,114016,4,0,51,5,30,250424-225204_Run_1038_Idx_23289,2600,0,5e-05,20000000,13304960.0,3422720.0,8648960.0,2280320.0,0.6375,0.5432098765432098
1313,1,160,59,101,20.04,81,28,53,22.33,505072,165008,728896,184832,4,0,51,5,30,250424-225413_Run_678_Idx_18492,1700,0,5e-05,20000000,10101440.0,3300160.0,14577920.0,3696640.0,0.63125,0.654320987654321
1314,1,160,48,112,26.3,144,48,96,27.0,226560,70016,645120,215040,2,0,51,5,30,250424-223830_Run_5_Idx_39758,20,0,5e-05,20000000,4531200.0,1400320.0,12902400.0,4300800.0,0.7,0.6666666666666666
1315,1,145,44,101,25.2,45,15,30,22.33,1976832,619704,720400,261856,7,0,51,5,30,250425-005547_Run_1927_Idx_52665,4820,0,5e-05,20000000,39536640.0,12394080.0,14408000.0,5237120.0,0.696551724137931,0.6666666666666666
1316,1,145,48,97,22.83,45,15,30,22.24,1412352,498936,773304,275424,7,0,51,5,30,250425-000702_Run_1091_Idx_1019,2730,0,5e-05,20000000,28247040.0,9978720.0,15466080.0,5508480.0,0.6689655172413793,0.6666666666666666
1317,1,145,49,96,24.23,45,15,30,27.0,1737152,572384,1099368,366456,7,0,51,5,30,250424-235127_Run_583_Idx_8401,1460,0,5e-05,20000000,34743040.0,11447680.0,21987360.0,7329120.0,0.6620689655172414,0.6666666666666666
1318,1,145,46,99,20.2,45,15,30,15.18,1761312,451880,508528,130120,7,0,51,5,30,250425-005713_Run_1911_Idx_32731,4780,0,5e-05,20000000,35226240.0,9037600.0,10170560.0,2602400.0,0.6827586206896552,0.6666666666666666
1319,1,160,62,98,15.89,144,50,94,18.56,117216,30712,401856,102368,2,0,51,5,30,250425-002219_Run_1481_Idx_55018,3710,0,5e-05,20000000,2344320.0,614240.0,8037120.0,2047360.0,0.6125,0.6527777777777778
1320,1,160,53,107,23.42,81,27,54,27.0,558208,196440,935928,311976,4,0,51,5,30,250425-001109_Run_1382_Idx_11742,3460,0,5e-05,20000000,11164160.0,3928800.0,18718560.0,6239520.0,0.66875,0.6666666666666666
1321,1,80,24,56,26.0,18,6,12,27.0,2399416,708056,1069776,356592,14,0,51,5,30,250424-225255_Run_204_Idx_61908,510,0,5e-05,20000000,47988320.0,14161120.0,21395520.0,7131840.0,0.7,0.6666666666666666
1322,1,160,48,112,25.81,81,27,54,27.0,830272,260064,935928,311976,4,0,51,5,30,250424-223636_Run_86_Idx_28528,220,0,5e-05,20000000,16605440.0,5201280.0,18718560.0,6239520.0,0.7,0.6666666666666666
1323,1,160,48,112,26.3,144,48,96,24.0,226560,70016,549552,145536,2,0,51,5,30,250424-234258_Run_597_Idx_13251,1500,0,5e-05,20000000,4531200.0,1400320.0,10991040.0,2910720.0,0.7,0.6666666666666666
1324,1,145,47,98,26.09,45,15,30,27.0,2165152,707728,1099368,366456,7,0,51,5,30,250424-231509_Run_287_Idx_5328,720,0,5e-05,20000000,43303040.0,14154560.0,21987360.0,7329120.0,0.6758620689655173,0.6666666666666666
1325,1,80,25,55,25.96,18,6,12,27.0,2358912,729112,1069776,356592,14,0,51,5,30,250425-001929_Run_1428_Idx_26496,3570,0,5e-05,20000000,47178240.0,14582240.0,21395520.0,7131840.0,0.6875,0.6666666666666666
1326,1,80,24,56,22.28,18,6,12,24.0,1378904,452928,609232,241456,14,0,51,5,30,250424-224832_Run_1044_Idx_54226,2610,0,5e-05,20000000,27578080.0,9058560.0,12184640.0,4829120.0,0.7,0.6666666666666666
1327,1,80,25,55,23.7,18,6,12,24.0,2183464,611432,954640,241456,14,0,51,5,30,250425-002435_Run_1300_Idx_65229,3250,0,5e-05,20000000,43669280.0,12228640.0,19092800.0,4829120.0,0.6875,0.6666666666666666
1328,1,80,25,55,26.3,18,6,12,27.0,2476440,768288,1069776,356592,14,0,51,5,30,250424-231657_Run_284_Idx_26496,710,0,5e-05,20000000,49528800.0,15365760.0,21395520.0,7131840.0,0.6875,0.6666666666666666
1329,1,160,48,112,26.3,144,48,96,24.0,226560,70016,575616,145536,2,0,51,5,30,250424-233359_Run_493_Idx_25592,1240,0,5e-05,20000000,4531200.0,1400320.0,11512320.0,2910720.0,0.7,0.6666666666666666
1330,1,145,46,99,25.99,45,15,30,27.0,2103712,674440,1099368,366456,7,0,51,5,30,250424-225106_Run_207_Idx_86910,520,0,5e-05,20000000,42074240.0,13488800.0,21987360.0,7329120.0,0.6827586206896552,0.6666666666666666
1331,1,160,48,112,26.0,144,48,96,27.0,212224,66432,645120,215040,2,0,51,5,30,250424-234516_Run_829_Idx_1990,2080,0,5e-05,20000000,4244480.0,1328640.0,12902400.0,4300800.0,0.7,0.6666666666666666
1332,1,80,24,56,25.52,18,6,12,27.0,2201600,648808,1069776,356592,14,0,51,5,30,250425-003045_Run_1584_Idx_54226,3960,0,5e-05,20000000,44032000.0,12976160.0,21395520.0,7131840.0,0.7,0.6666666666666666
1333,1,160,59,101,18.49,144,55,89,21.07,115384,36896,436608,129112,2,0,51,5,30,250425-002708_Run_1117_Idx_8901,2800,0,5e-05,20000000,2307680.0,737920.0,8732160.0,2582240.0,0.63125,0.6180555555555556
1334,1,145,46,99,21.04,45,15,30,20.62,1428992,518600,626696,248288,7,0,51,5,30,250425-004041_Run_1751_Idx_57481,4380,0,5e-05,20000000,28579840.0,10372000.0,12533920.0,4965760.0,0.6827586206896552,0.6666666666666666
1335,1,80,26,54,25.02,18,6,12,24.0,2200272,710840,781936,241456,14,0,51,5,30,250424-234110_Run_600_Idx_29372,1500,0,5e-05,20000000,44005440.0,14216800.0,15638720.0,4829120.0,0.675,0.6666666666666666
1336,1,80,25,55,25.26,18,6,12,24.0,2319736,729112,609232,241456,14,0,51,5,30,250424-230012_Run_668_Idx_47249,1670,0,5e-05,20000000,46394720.0,14582240.0,12184640.0,4829120.0,0.6875,0.6666666666666666
1337,1,80,28,52,24.05,18,8,10,21.0,1996944,647512,839504,245184,14,0,51,5,30,250424-224009_Run_80_Idx_83320,200,0,5e-05,20000000,39938880.0,12950240.0,16790080.0,4903680.0,0.65,0.5555555555555556
1338,1,145,46,99,18.43,45,15,30,18.96,1104192,377480,626696,248288,7,0,51,5,30,250425-005608_Run_1899_Idx_72713,4750,0,5e-05,20000000,22083840.0,7549600.0,12533920.0,4965760.0,0.6827586206896552,0.6666666666666666
1339,1,160,48,112,26.12,81,27,54,24.0,892224,275552,707840,202184,4,0,51,5,30,250424-231634_Run_522_Idx_93338,1310,0,5e-05,20000000,17844480.0,5511040.0,14156800.0,4043680.0,0.7,0.6666666666666666
1340,1,160,57,103,22.11,81,32,49,19.41,680824,213720,369776,120544,4,0,51,5,30,250425-001000_Run_1086_Idx_27708,2720,0,5e-05,20000000,13616480.0,4274400.0,7395520.0,2410880.0,0.64375,0.6049382716049383
1341,1,160,48,112,26.2,144,57,87,21.12,219904,68352,427920,129384,2,0,51,5,30,250424-234019_Run_957_Idx_63770,2400,0,5e-05,20000000,4398080.0,1367040.0,8558400.0,2587680.0,0.7,0.6041666666666666
1342,1,145,45,100,19.4,45,15,30,23.4,1155072,432192,626696,248288,7,0,51,5,30,250425-005817_Run_1963_Idx_10792,4910,0,5e-05,20000000,23101440.0,8643840.0,12533920.0,4965760.0,0.6896551724137931,0.6666666666666666
1343,1,80,24,56,26.2,18,6,12,27.0,2399416,708056,1069776,356592,14,0,51,5,30,250424-225539_Run_1032_Idx_54226,2580,0,5e-05,20000000,47988320.0,14161120.0,21395520.0,7131840.0,0.7,0.6666666666666666
1344,1,80,26,54,24.44,18,6,12,27.0,1886864,632488,1069776,356592,14,0,51,5,30,250424-235050_Run_584_Idx_29372,1460,0,5e-05,20000000,37737280.0,12649760.0,21395520.0,7131840.0,0.675,0.6666666666666666
1345,1,80,25,55,23.74,18,6,12,21.0,1849016,611432,148688,126320,14,0,51,5,30,250425-003151_Run_1644_Idx_65229,4110,0,5e-05,20000000,36980320.0,12228640.0,2973760.0,2526400.0,0.6875,0.6666666666666666
1346,1,145,44,101,21.57,45,15,30,15.18,1360512,465624,669648,249168,7,0,51,5,30,250425-010251_Run_1915_Idx_52665,4790,0,5e-05,20000000,27210240.0,9312480.0,13392960.0,4983360.0,0.696551724137931,0.6666666666666666
1347,1,145,46,99,24.68,45,15,30,24.0,2000992,571720,981200,248288,7,0,51,5,30,250424-230821_Run_1011_Idx_32731,2530,0,5e-05,20000000,40019840.0,11434400.0,19624000.0,4965760.0,0.6827586206896552,0.6666666666666666
1348,1,160,48,112,24.2,81,29,52,12.63,892224,275552,152280,92368,4,0,51,5,30,250425-003559_Run_1606_Idx_48395,4020,0,5e-05,20000000,17844480.0,5511040.0,3045600.0,1847360.0,0.7,0.6419753086419753
1349,1,160,48,112,26.3,144,48,96,27.0,226560,70016,645120,215040,2,0,51,5,30,250425-000419_Run_1393_Idx_13251,3490,0,5e-05,20000000,4531200.0,1400320.0,12902400.0,4300800.0,0.7,0.6666666666666666
1350,1,160,54,106,20.8,81,29,52,18.33,580000,204632,404048,153928,4,0,51,5,30,250425-000945_Run_1502_Idx_18654,3760,0,5e-05,20000000,11600000.0,4092640.0,8080960.0,3078560.0,0.6625,0.6419753086419753
1351,1,145,45,100,21.96,45,15,30,27.0,1326272,466432,1099368,366456,7,0,51,5,30,250425-001048_Run_1263_Idx_95480,3160,0,5e-05,20000000,26525440.0,9328640.0,21987360.0,7329120.0,0.6896551724137931,0.6666666666666666
1352,1,80,25,55,26.21,18,6,12,27.0,2476440,768288,1069776,356592,14,0,51,5,30,250424-223444_Run_76_Idx_89663,190,0,5e-05,20000000,49528800.0,15365760.0,21395520.0,7131840.0,0.6875,0.6666666666666666
1353,1,145,49,96,22.1,45,15,30,24.0,1686272,431264,981200,248288,7,0,51,5,30,250424-233445_Run_847_Idx_57098,2120,0,5e-05,20000000,33725440.0,8625280.0,19624000.0,4965760.0,0.6620689655172414,0.6666666666666666
1354,1,160,48,112,26.12,81,27,54,27.0,892224,275552,935928,311976,4,0,51,5,30,250424-234706_Run_590_Idx_85773,1480,0,5e-05,20000000,17844480.0,5511040.0,18718560.0,6239520.0,0.7,0.6666666666666666
1355,1,145,45,100,22.63,45,15,30,27.0,1230592,382592,1099368,366456,7,0,51,5,30,250425-010004_Run_1947_Idx_61030,4870,0,5e-05,20000000,24611840.0,7651840.0,21987360.0,7329120.0,0.6896551724137931,0.6666666666666666
1356,1,145,45,100,26.17,45,15,30,27.0,2120832,673632,1099368,366456,7,0,51,5,30,250424-223746_Run_19_Idx_61030,50,0,5e-05,20000000,42416640.0,13472640.0,21987360.0,7329120.0,0.6896551724137931,0.6666666666666666
1357,1,160,48,112,26.08,81,27,54,27.0,892224,275552,935928,311976,4,0,51,5,30,250424-233252_Run_614_Idx_85773,1540,0,5e-05,20000000,17844480.0,5511040.0,18718560.0,6239520.0,0.7,0.6666666666666666
1358,1,160,57,103,20.18,144,48,96,22.5,128608,36456,436608,110784,2,0,51,5,30,250425-004515_Run_1529_Idx_16180,3830,0,5e-05,20000000,2572160.0,729120.0,8732160.0,2215680.0,0.64375,0.6666666666666666
1359,1,80,25,55,25.02,18,6,12,24.11,2011768,652120,618128,243680,14,0,51,5,30,250424-225418_Run_440_Idx_65229,1100,0,5e-05,20000000,40235360.0,13042400.0,12362560.0,4873600.0,0.6875,0.6666666666666666
1360,1,160,51,109,19.65,81,27,54,27.0,529864,186576,935928,311976,4,0,51,5,30,250425-010109_Run_1986_Idx_35638,4970,0,5e-05,20000000,10597280.0,3731520.0,18718560.0,6239520.0,0.68125,0.6666666666666666
1361,1,160,48,112,26.0,81,27,54,27.0,865984,268992,935928,311976,4,0,51,5,30,250424-223321_Run_26_Idx_78813,70,0,5e-05,20000000,17319680.0,5379840.0,18718560.0,6239520.0,0.7,0.6666666666666666
1362,1,80,25,55,25.66,18,6,12,27.0,2281888,709856,1069776,356592,14,0,51,5,30,250425-000508_Run_1332_Idx_65229,3330,0,5e-05,20000000,45637760.0,14197120.0,21395520.0,7131840.0,0.6875,0.6666666666666666
1363,1,145,46,99,26.18,45,15,30,27.0,2182272,706920,1099368,366456,7,0,51,5,30,250424-230757_Run_299_Idx_57481,750,0,5e-05,20000000,43645440.0,14138400.0,21987360.0,7329120.0,0.6827586206896552,0.6666666666666666
1364,1,80,25,55,21.71,18,6,12,18.0,1437184,434656,494096,126320,14,0,51,5,30,250425-004119_Run_1628_Idx_65229,4070,0,5e-05,20000000,28743680.0,8693120.0,9881920.0,2526400.0,0.6875,0.6666666666666666
1365,1,80,25,55,26.21,18,6,12,27.0,2476440,768288,1069776,356592,14,0,51,5,30,250424-224625_Run_572_Idx_66277,1430,0,5e-05,20000000,49528800.0,15365760.0,21395520.0,7131840.0,0.6875,0.6666666666666666
1366,1,160,66,94,18.45,144,62,82,21.0,136512,42224,480048,138752,2,0,51,5,30,250424-225527_Run_557_Idx_83254,1400,0,5e-05,20000000,2730240.0,844480.0,9600960.0,2775040.0,0.5875,0.5694444444444444
1367,1,80,26,54,25.06,18,6,12,24.0,2360240,750832,954640,241456,14,0,51,5,30,250424-233358_Run_136_Idx_86683,340,0,5e-05,20000000,47204800.0,15016640.0,19092800.0,4829120.0,0.675,0.6666666666666666
1368,1,160,48,112,26.3,144,48,96,27.0,226560,70016,645120,215040,2,0,51,5,30,250424-232336_Run_273_Idx_39758,690,0,5e-05,20000000,4531200.0,1400320.0,12902400.0,4300800.0,0.7,0.6666666666666666
1369,1,145,46,99,22.68,45,15,30,18.0,1651552,484360,35856,11952,7,0,51,5,30,250425-005122_Run_1883_Idx_57481,4710,0,5e-05,20000000,33031040.0,9687200.0,717120.0,239040.0,0.6827586206896552,0.6666666666666666
1370,1,80,24,56,26.0,18,6,12,27.0,2399416,708056,1069776,356592,14,0,51,5,30,250424-230239_Run_188_Idx_61908,470,0,5e-05,20000000,47988320.0,14161120.0,21395520.0,7131840.0,0.7,0.6666666666666666
1371,1,160,48,112,25.81,81,27,54,27.0,830272,260064,935928,311976,4,0,51,5,30,250424-230929_Run_890_Idx_28528,2230,0,5e-05,20000000,16605440.0,5201280.0,18718560.0,6239520.0,0.7,0.6666666666666666
1372,1,145,47,98,21.43,45,16,29,18.73,1709952,435568,563256,145032,7,0,51,5,30,250424-234829_Run_943_Idx_87327,2360,0,5e-05,20000000,34199040.0,8711360.0,11265120.0,2900640.0,0.6758620689655173,0.6444444444444445
1373,1,160,48,112,26.3,144,48,96,27.0,226560,70016,645120,215040,2,0,51,5,30,250424-233053_Run_261_Idx_39758,660,0,5e-05,20000000,4531200.0,1400320.0,12902400.0,4300800.0,0.7,0.6666666666666666
1374,1,160,48,112,26.08,81,27,54,24.0,892224,275552,835232,211280,4,0,51,5,30,250424-233402_Run_730_Idx_960,1830,0,5e-05,20000000,17844480.0,5511040.0,16704640.0,4225600.0,0.7,0.6666666666666666
1375,1,80,25,55,25.7,18,6,12,27.0,2399416,749032,1069776,356592,14,0,51,5,30,250425-001947_Run_1308_Idx_65229,3270,0,5e-05,20000000,47988320.0,14980640.0,21395520.0,7131840.0,0.6875,0.6666666666666666
1376,1,160,60,100,23.38,81,36,45,15.58,766872,253784,493416,174552,4,0,51,5,30,250425-000129_Run_1278_Idx_3167,3200,0,5e-05,20000000,15337440.0,5075680.0,9868320.0,3491040.0,0.625,0.5555555555555556
1377,1,160,51,109,18.91,81,27,54,23.67,487448,169288,537080,202184,4,0,51,5,30,250425-005854_Run_1962_Idx_45004,4910,0,5e-05,20000000,9748960.0,3385760.0,10741600.0,4043680.0,0.68125,0.6666666666666666
1378,1,145,45,100,26.28,45,15,30,27.0,2182272,688992,1099368,366456,7,0,51,5,30,250424-223910_Run_43_Idx_10792,110,0,5e-05,20000000,43645440.0,13779840.0,21987360.0,7329120.0,0.6896551724137931,0.6666666666666666
1379,1,145,45,100,22.89,45,15,30,24.0,1829792,468192,981200,248288,7,0,51,5,30,250425-003330_Run_1671_Idx_61030,4180,0,5e-05,20000000,36595840.0,9363840.0,19624000.0,4965760.0,0.6896551724137931,0.6666666666666666
1380,1,160,48,112,26.2,144,48,96,21.11,219904,68352,303232,77440,2,0,51,5,30,250425-001421_Run_1317_Idx_5687,3300,0,5e-05,20000000,4398080.0,1367040.0,6064640.0,1548800.0,0.7,0.6666666666666666
1381,1,160,48,112,26.12,81,27,54,27.0,892224,275552,935928,311976,4,0,51,5,30,250425-001835_Run_1370_Idx_85773,3430,0,5e-05,20000000,17844480.0,5511040.0,18718560.0,6239520.0,0.7,0.6666666666666666
1382,1,80,25,55,19.15,18,6,12,21.0,1298616,473832,609232,241456,14,0,51,5,30,250425-005324_Run_1848_Idx_65229,4620,0,5e-05,20000000,25972320.0,9476640.0,12184640.0,4829120.0,0.6875,0.6666666666666666
1383,1,80,25,55,25.26,18,6,12,24.0,2319736,729112,781936,241456,14,0,51,5,30,250424-230551_Run_540_Idx_66277,1350,0,5e-05,20000000,46394720.0,14582240.0,15638720.0,4829120.0,0.6875,0.6666666666666666
1384,1,145,44,101,25.28,45,15,30,24.0,2113792,653944,774672,275424,7,0,51,5,30,250425-003145_Run_1735_Idx_51592,4340,0,5e-05,20000000,42275840.0,13078880.0,15493440.0,5508480.0,0.696551724137931,0.6666666666666666
1385,1,160,48,112,26.2,144,48,96,27.0,219904,68352,645120,215040,2,0,51,5,30,250424-232341_Run_985_Idx_81871,2470,0,5e-05,20000000,4398080.0,1367040.0,12902400.0,4300800.0,0.7,0.6666666666666666
1386,1,160,53,107,22.72,81,28,53,21.89,718224,202960,457808,153792,4,0,51,5,30,250425-002843_Run_1470_Idx_35476,3680,0,5e-05,20000000,14364480.0,4059200.0,9156160.0,3075840.0,0.66875,0.654320987654321
1387,1,160,48,112,26.3,144,48,96,27.0,226560,70016,645120,215040,2,0,51,5,30,250424-232643_Run_505_Idx_25592,1270,0,5e-05,20000000,4531200.0,1400320.0,12902400.0,4300800.0,0.7,0.6666666666666666
1388,1,160,48,112,25.99,81,29,52,21.1,892224,275552,567232,185560,4,0,51,5,30,250425-001102_Run_1442_Idx_15059,3610,0,5e-05,20000000,17844480.0,5511040.0,11344640.0,3711200.0,0.7,0.6419753086419753
1389,1,145,45,100,26.28,45,15,30,27.0,2182272,688992,1099368,366456,7,0,51,5,30,250424-232042_Run_515_Idx_10792,1290,0,5e-05,20000000,43645440.0,13779840.0,21987360.0,7329120.0,0.6896551724137931,0.6666666666666666
1390,1,80,25,55,23.4,18,6,12,24.0,1967512,572256,609232,241456,14,0,51,5,30,250425-003637_Run_1636_Idx_65229,4090,0,5e-05,20000000,39350240.0,11445120.0,12184640.0,4829120.0,0.6875,0.6666666666666666
1391,1,160,48,112,24.9,144,53,91,18.15,226560,70016,306288,94088,2,0,51,5,30,250425-003437_Run_1761_Idx_14385,4410,0,5e-05,20000000,4531200.0,1400320.0,6125760.0,1881760.0,0.7,0.6319444444444444
1392,1,160,48,112,26.2,144,48,96,27.0,219904,68352,645120,215040,2,0,51,5,30,250425-003715_Run_1665_Idx_7420,4170,0,5e-05,20000000,4398080.0,1367040.0,12902400.0,4300800.0,0.7,0.6666666666666666
1393,1,160,48,112,25.4,144,48,96,24.0,219904,68352,536520,145536,2,0,51,5,30,250424-231529_Run_405_Idx_5687,1020,0,5e-05,20000000,4398080.0,1367040.0,10730400.0,2910720.0,0.7,0.6666666666666666
1394,1,160,60,100,23.29,81,27,54,27.0,717192,253784,935928,311976,4,0,51,5,30,250424-231323_Run_290_Idx_31210,730,0,5e-05,20000000,14343840.0,5075680.0,18718560.0,6239520.0,0.625,0.6666666666666666
1395,1,160,48,112,24.2,144,64,80,16.22,226560,70016,341040,112960,2,0,51,5,30,250424-225136_Run_801_Idx_69963,2010,0,5e-05,20000000,4531200.0,1400320.0,6820800.0,2259200.0,0.7,0.5555555555555556
1396,1,160,48,112,26.2,144,48,96,27.0,219904,68352,645120,215040,2,0,51,5,30,250424-230825_Run_417_Idx_5687,1050,0,5e-05,20000000,4398080.0,1367040.0,12902400.0,4300800.0,0.7,0.6666666666666666
1397,1,80,24,56,24.11,18,6,12,27.0,1692312,531280,1069776,356592,14,0,51,5,30,250425-004232_Run_1656_Idx_61908,4140,0,5e-05,20000000,33846240.0,10625600.0,21395520.0,7131840.0,0.7,0.6666666666666666
1398,1,80,25,55,20.21,18,6,12,15.67,1427344,407832,148688,126320,14,0,51,5,30,250425-000850_Run_1088_Idx_57146,2720,0,5e-05,20000000,28546880.0,8156640.0,2973760.0,2526400.0,0.6875,0.6666666666666666
1399,1,145,46,99,18.7,45,15,30,15.64,813152,274760,35856,11952,7,0,51,5,30,250425-005310_Run_1771_Idx_72713,4430,0,5e-05,20000000,16263040.0,5495200.0,717120.0,239040.0,0.6827586206896552,0.6666666666666666
1400,1,160,48,112,25.99,81,27,54,27.0,892224,275552,935928,311976,4,0,51,5,30,250424-234214_Run_242_Idx_34316,610,0,5e-05,20000000,17844480.0,5511040.0,18718560.0,6239520.0,0.7,0.6666666666666666
1401,1,145,45,100,24.44,45,16,29,19.2,2052352,656512,590424,171288,7,0,51,5,30,250424-234349_Run_951_Idx_32731,2380,0,5e-05,20000000,41047040.0,13130240.0,11808480.0,3425760.0,0.6896551724137931,0.6444444444444445
1402,1,160,59,101,23.6,144,48,96,27.0,176712,62680,645120,215040,2,0,51,5,30,250424-233702_Run_725_Idx_55923,1820,0,5e-05,20000000,3534240.0,1253600.0,12902400.0,4300800.0,0.63125,0.6666666666666666
1403,1,80,25,55,23.7,18,6,12,18.11,2319736,729112,609232,241456,14,0,51,5,30,250424-224726_Run_808_Idx_89663,2020,0,5e-05,20000000,46394720.0,14582240.0,12184640.0,4829120.0,0.6875,0.6666666666666666
1404,1,160,48,112,26.2,144,48,96,27.0,219904,68352,645120,215040,2,0,51,5,30,250425-003236_Run_1581_Idx_81871,3960,0,5e-05,20000000,4398080.0,1367040.0,12902400.0,4300800.0,0.7,0.6666666666666666
1405,1,80,25,55,24.86,18,6,12,24.0,2232872,662960,954640,241456,14,0,51,5,30,250425-002524_Run_1060_Idx_57146,2650,0,5e-05,20000000,44657440.0,13259200.0,19092800.0,4829120.0,0.6875,0.6666666666666666
1406,1,80,24,56,26.2,18,6,12,27.0,2399416,708056,1069776,356592,14,0,51,5,30,250424-223320_Run_104_Idx_54226,260,0,5e-05,20000000,47988320.0,14161120.0,21395520.0,7131840.0,0.7,0.6666666666666666
1407,1,160,48,112,25.6,144,48,96,24.0,226560,70016,536520,145536,2,0,51,5,30,250424-230206_Run_665_Idx_13251,1670,0,5e-05,20000000,4531200.0,1400320.0,10730400.0,2910720.0,0.7,0.6666666666666666
1408,1,160,48,112,26.3,144,48,96,27.0,226560,70016,645120,215040,2,0,51,5,30,250424-224704_Run_333_Idx_39758,840,0,5e-05,20000000,4531200.0,1400320.0,12902400.0,4300800.0,0.7,0.6666666666666666
1409,1,145,46,99,23.19,45,15,30,24.0,1607232,469000,799168,261856,7,0,51,5,30,250425-002335_Run_1123_Idx_32731,2810,0,5e-05,20000000,32144640.0,9380000.0,15983360.0,5237120.0,0.6827586206896552,0.6666666666666666
1410,1,160,56,104,23.6,144,48,96,27.0,187968,57664,645120,215040,2,0,51,5,30,250425-002345_Run_1421_Idx_20464,3560,0,5e-05,20000000,3759360.0,1153280.0,12902400.0,4300800.0,0.65,0.6666666666666666
1411,1,145,44,101,24.47,45,15,30,21.0,1788512,568344,615376,235600,7,0,51,5,30,250424-235631_Run_1523_Idx_89913,3810,0,5e-05,20000000,35770240.0,11366880.0,12307520.0,4712000.0,0.696551724137931,0.6666666666666666
1412,1,160,48,112,26.3,144,48,96,24.0,226560,70016,575616,145536,2,0,51,5,30,250425-002840_Run_1413_Idx_39758,3540,0,5e-05,20000000,4531200.0,1400320.0,11512320.0,2910720.0,0.7,0.6666666666666666
1413,1,160,60,100,20.25,144,48,96,20.79,149376,45056,436608,119472,2,0,51,5,30,250425-002436_Run_1477_Idx_37594,3700,0,5e-05,20000000,2987520.0,901120.0,8732160.0,2389440.0,0.625,0.6666666666666666
1414,1,160,48,112,25.6,144,56,88,21.75,226560,70016,419232,129248,2,0,51,5,30,250424-225938_Run_669_Idx_59888,1680,0,5e-05,20000000,4531200.0,1400320.0,8384640.0,2584960.0,0.7,0.6111111111111112
1415,1,160,55,105,21.85,81,28,53,18.43,707664,212784,359384,109720,4,0,51,5,30,250425-001009_Run_1206_Idx_40966,3020,0,5e-05,20000000,14153280.0,4255680.0,7187680.0,2194400.0,0.65625,0.654320987654321
1416,1,145,45,100,26.28,45,15,30,27.0,2182272,688992,1099368,366456,7,0,51,5,30,250425-005932_Run_1975_Idx_24331,4940,0,5e-05,20000000,43645440.0,13779840.0,21987360.0,7329120.0,0.6896551724137931,0.6666666666666666
1417,1,160,48,112,26.2,144,48,96,27.0,219904,68352,645120,215040,2,0,51,5,30,250424-232345_Run_153_Idx_7420,390,0,5e-05,20000000,4398080.0,1367040.0,12902400.0,4300800.0,0.7,0.6666666666666666
1418,1,80,24,56,26.0,18,6,12,27.0,2399416,708056,1069776,356592,14,0,51,5,30,250424-231226_Run_172_Idx_61908,430,0,5e-05,20000000,47988320.0,14161120.0,21395520.0,7131840.0,0.7,0.6666666666666666
1419,1,160,57,103,23.15,81,27,54,23.02,716536,222648,667520,202184,4,0,51,5,30,250424-231337_Run_1002_Idx_89116,2510,0,5e-05,20000000,14330720.0,4452960.0,13350400.0,4043680.0,0.64375,0.6666666666666666
1420,1,145,45,100,21.17,45,15,30,12.82,1668672,483552,154024,130120,7,0,51,5,30,250425-003302_Run_1611_Idx_95480,4030,0,5e-05,20000000,33373440.0,9671040.0,3080480.0,2602400.0,0.6896551724137931,0.6666666666666666
1421,1,160,48,112,25.6,144,48,96,22.5,226560,70016,436608,110784,2,0,51,5,30,250425-005242_Run_1881_Idx_39758,4710,0,5e-05,20000000,4531200.0,1400320.0,8732160.0,2215680.0,0.7,0.6666666666666666
1422,1,145,45,100,26.28,45,15,30,27.0,2182272,688992,1099368,366456,7,0,51,5,30,250424-223940_Run_55_Idx_24331,140,0,5e-05,20000000,43645440.0,13779840.0,21987360.0,7329120.0,0.6896551724137931,0.6666666666666666
1423,1,160,48,112,26.04,81,27,54,27.0,892224,275552,935928,311976,4,0,51,5,30,250424-232646_Run_742_Idx_960,1860,0,5e-05,20000000,17844480.0,5511040.0,18718560.0,6239520.0,0.7,0.6666666666666666
1424,1,80,25,55,16.91,18,6,12,18.0,1100440,355488,609232,241456,14,0,51,5,30,250425-005735_Run_1924_Idx_89663,4810,0,5e-05,20000000,22008800.0,7109760.0,12184640.0,4829120.0,0.6875,0.6666666666666666
1425,1,160,52,108,22.58,81,27,54,24.0,514192,169600,835232,211280,4,0,51,5,30,250425-003143_Run_1674_Idx_27112,4190,0,5e-05,20000000,10283840.0,3392000.0,16704640.0,4225600.0,0.675,0.6666666666666666
1426,1,160,54,106,23.25,81,27,54,27.0,725776,211152,935928,311976,4,0,51,5,30,250425-001616_Run_1254_Idx_85493,3140,0,5e-05,20000000,14515520.0,4223040.0,18718560.0,6239520.0,0.6625,0.6666666666666666
1427,1,160,53,107,20.72,81,27,54,24.0,486584,169704,616832,202184,4,0,51,5,30,250424-235437_Run_1526_Idx_18885,3820,0,5e-05,20000000,9731680.0,3394080.0,12336640.0,4043680.0,0.66875,0.6666666666666666
1428,1,145,45,100,26.28,45,15,30,27.0,2182272,688992,1099368,366456,7,0,51,5,30,250424-231115_Run_531_Idx_10792,1330,0,5e-05,20000000,43645440.0,13779840.0,21987360.0,7329120.0,0.6896551724137931,0.6666666666666666
1429,1,80,24,56,24.1,18,6,12,21.0,2006688,531280,609232,241456,14,0,51,5,30,250425-004241_Run_1564_Idx_54226,3910,0,5e-05,20000000,40133760.0,10625600.0,12184640.0,4829120.0,0.7,0.6666666666666666
1430,1,160,51,109,20.68,81,27,54,24.0,691488,175808,835232,211280,4,0,51,5,30,250425-010324_Run_1982_Idx_35638,4960,0,5e-05,20000000,13829760.0,3516160.0,16704640.0,4225600.0,0.68125,0.6666666666666666
1431,1,145,47,98,23.81,45,15,30,21.67,2011520,605456,775200,197184,7,0,51,5,30,250424-225113_Run_683_Idx_33549,1710,0,5e-05,20000000,40230400.0,12109120.0,15504000.0,3943680.0,0.6758620689655173,0.6666666666666666
1432,1,160,54,106,20.68,81,27,54,24.0,504040,170056,668408,202184,4,0,51,5,30,250424-235624_Run_1286_Idx_85493,3220,0,5e-05,20000000,10080800.0,3401120.0,13368160.0,4043680.0,0.6625,0.6666666666666666
1433,1,160,56,104,20.64,81,27,54,24.0,664384,170720,835232,211280,4,0,51,5,30,250424-233500_Run_966_Idx_86591,2420,0,5e-05,20000000,13287680.0,3414400.0,16704640.0,4225600.0,0.65,0.6666666666666666
1434,1,145,46,99,24.68,45,15,30,24.0,2000992,571720,981200,248288,7,0,51,5,30,250425-001854_Run_1131_Idx_32731,2830,0,5e-05,20000000,40019840.0,11434400.0,19624000.0,4965760.0,0.6827586206896552,0.6666666666666666
1435,1,160,59,101,23.38,81,27,54,27.0,679768,239072,935928,311976,4,0,51,5,30,250424-233624_Run_726_Idx_16297,1820,0,5e-05,20000000,13595360.0,4781440.0,18718560.0,6239520.0,0.63125,0.6666666666666666
1436,1,160,59,101,20.38,144,48,96,27.0,120568,44624,645120,215040,2,0,51,5,30,250425-010240_Run_1993_Idx_9037,4990,0,5e-05,20000000,2411360.0,892480.0,12902400.0,4300800.0,0.63125,0.6666666666666666
1437,1,160,59,101,23.3,144,48,96,27.0,178456,59096,645120,215040,2,0,51,5,30,250424-224609_Run_929_Idx_9037,2330,0,5e-05,20000000,3569120.0,1181920.0,12902400.0,4300800.0,0.63125,0.6666666666666666
1438,1,145,47,98,24.37,45,15,30,21.78,1812672,606768,626696,248288,7,0,51,5,30,250425-002115_Run_1127_Idx_8263,2820,0,5e-05,20000000,36253440.0,12135360.0,12533920.0,4965760.0,0.6758620689655173,0.6666666666666666
1439,1,160,48,112,24.2,81,35,46,18.3,892224,275552,430312,151176,4,0,51,5,30,250424-224836_Run_806_Idx_42754,2020,0,5e-05,20000000,17844480.0,5511040.0,8606240.0,3023520.0,0.7,0.5679012345679012
1440,1,80,25,55,24.58,18,6,12,21.22,2161096,669864,609232,241456,14,0,51,5,30,250425-003858_Run_1692_Idx_66277,4230,0,5e-05,20000000,43221920.0,13397280.0,12184640.0,4829120.0,0.6875,0.6666666666666666
1441,1,160,48,112,26.08,81,27,54,27.0,892224,275552,935928,311976,4,0,51,5,30,250424-225713_Run_554_Idx_93338,1390,0,5e-05,20000000,17844480.0,5511040.0,18718560.0,6239520.0,0.7,0.6666666666666666
1442,1,80,25,55,26.3,18,6,12,27.0,2476440,768288,1069776,356592,14,0,51,5,30,250424-225230_Run_324_Idx_26496,810,0,5e-05,20000000,49528800.0,15365760.0,21395520.0,7131840.0,0.6875,0.6666666666666666
1443,1,80,25,55,24.86,18,6,12,24.0,2378016,669864,954640,241456,14,0,51,5,30,250424-230409_Run_780_Idx_89663,1950,0,5e-05,20000000,47560320.0,13397280.0,19092800.0,4829120.0,0.6875,0.6666666666666666
1444,1,160,48,112,26.3,144,48,96,24.0,226560,70016,575616,145536,2,0,51,5,30,250425-005819_Run_1977_Idx_13251,4950,0,5e-05,20000000,4531200.0,1400320.0,11512320.0,2910720.0,0.7,0.6666666666666666
1445,1,145,45,100,26.28,45,15,30,27.0,2182272,688992,1099368,366456,7,0,51,5,30,250424-232952_Run_619_Idx_24331,1550,0,5e-05,20000000,43645440.0,13779840.0,21987360.0,7329120.0,0.6896551724137931,0.6666666666666666
1446,1,80,25,55,26.21,18,6,12,27.0,2476440,768288,1069776,356592,14,0,51,5,30,250424-234440_Run_712_Idx_89663,1780,0,5e-05,20000000,49528800.0,15365760.0,21395520.0,7131840.0,0.6875,0.6666666666666666
1447,1,145,48,97,24.68,45,15,30,27.0,1932512,607576,1099368,366456,7,0,51,5,30,250425-001626_Run_1135_Idx_87327,2840,0,5e-05,20000000,38650240.0,12151520.0,21987360.0,7329120.0,0.6689655172413793,0.6666666666666666
1448,1,160,59,101,18.3,81,30,51,21.1,440992,155520,594112,185696,4,0,51,5,30,250425-002631_Run_1118_Idx_58168,2800,0,5e-05,20000000,8819840.0,3110400.0,11882240.0,3713920.0,0.63125,0.6296296296296297
1449,1,145,44,101,22.37,45,15,30,24.0,1274912,431384,720400,261856,7,0,51,5,30,250425-002511_Run_1239_Idx_52665,3100,0,5e-05,20000000,25498240.0,8627680.0,14408000.0,5237120.0,0.696551724137931,0.6666666666666666
1450,1,80,24,56,26.0,18,6,12,27.0,2399416,708056,1069776,356592,14,0,51,5,30,250424-235042_Run_108_Idx_61908,270,0,5e-05,20000000,47988320.0,14161120.0,21395520.0,7131840.0,0.7,0.6666666666666666
1451,1,80,25,55,26.0,18,6,12,27.0,2399416,749032,1069776,356592,14,0,51,5,30,250424-234922_Run_348_Idx_65229,870,0,5e-05,20000000,47988320.0,14980640.0,21395520.0,7131840.0,0.6875,0.6666666666666666
1452,1,160,48,112,25.99,81,27,54,27.0,892224,275552,935928,311976,4,0,51,5,30,250424-224627_Run_334_Idx_34316,840,0,5e-05,20000000,17844480.0,5511040.0,18718560.0,6239520.0,0.7,0.6666666666666666
1453,1,160,48,112,26.2,144,48,96,27.0,219904,68352,645120,215040,2,0,51,5,30,250424-230433_Run_185_Idx_7420,470,0,5e-05,20000000,4398080.0,1367040.0,12902400.0,4300800.0,0.7,0.6666666666666666
1454,1,80,24,56,20.59,18,6,12,13.33,1711416,511208,33552,11184,14,0,51,5,30,250425-001341_Run_1200_Idx_61908,3000,0,5e-05,20000000,34228320.0,10224160.0,671040.0,223680.0,0.7,0.6666666666666666
1455,1,80,25,55,24.19,18,6,12,27.0,1585016,545432,1069776,356592,14,0,51,5,30,250424-233151_Run_852_Idx_57146,2130,0,5e-05,20000000,31700320.0,10908640.0,21395520.0,7131840.0,0.6875,0.6666666666666666
1456,1,160,48,112,25.4,144,48,96,23.06,219904,68352,488736,123816,2,0,51,5,30,250424-235825_Run_1225_Idx_7420,3070,0,5e-05,20000000,4398080.0,1367040.0,9774720.0,2476320.0,0.7,0.6666666666666666
1457,1,145,47,98,25.77,45,15,30,27.0,2103712,692368,1099368,366456,7,0,51,5,30,250424-224203_Run_1055_Idx_8263,2640,0,5e-05,20000000,42074240.0,13847360.0,21987360.0,7329120.0,0.6758620689655173,0.6666666666666666
1458,1,160,48,112,25.95,81,27,54,27.0,865984,268992,935928,311976,4,0,51,5,30,250424-223447_Run_102_Idx_75070,260,0,5e-05,20000000,17319680.0,5379840.0,18718560.0,6239520.0,0.7,0.6666666666666666
1459,1,80,24,56,24.96,18,6,12,24.0,2242712,668880,609232,241456,14,0,51,5,30,250424-235018_Run_940_Idx_54226,2350,0,5e-05,20000000,44854240.0,13377600.0,12184640.0,4829120.0,0.7,0.6666666666666666
1460,1,160,59,101,22.59,81,27,54,27.0,679768,239072,935928,311976,4,0,51,5,30,250424-235043_Run_702_Idx_16297,1760,0,5e-05,20000000,13595360.0,4781440.0,18718560.0,6239520.0,0.63125,0.6666666666666666
1461,1,160,53,107,21.33,81,27,54,27.0,491512,174432,935928,311976,4,0,51,5,30,250425-003237_Run_1550_Idx_60897,3880,0,5e-05,20000000,9830240.0,3488640.0,18718560.0,6239520.0,0.66875,0.6666666666666666
1462,1,160,54,106,23.34,81,27,54,22.91,725776,211152,541464,213360,4,0,51,5,30,250425-000108_Run_1398_Idx_89561,3500,0,5e-05,20000000,14515520.0,4223040.0,10829280.0,4267200.0,0.6625,0.6666666666666666
1463,1,145,49,96,20.03,45,15,30,21.6,1224032,414144,745288,261856,7,0,51,5,30,250424-224935_Run_923_Idx_57098,2310,0,5e-05,20000000,24480640.0,8282880.0,14905760.0,5237120.0,0.6620689655172414,0.6666666666666666
1464,1,80,25,55,26.12,18,6,12,27.0,2476440,768288,1069776,356592,14,0,51,5,30,250425-001719_Run_1372_Idx_47249,3430,0,5e-05,20000000,49528800.0,15365760.0,21395520.0,7131840.0,0.6875,0.6666666666666666
1465,1,145,45,100,26.17,45,15,30,27.0,2120832,673632,1099368,366456,7,0,51,5,30,250424-232230_Run_155_Idx_61030,390,0,5e-05,20000000,42416640.0,13472640.0,21987360.0,7329120.0,0.6896551724137931,0.6666666666666666
1466,1,145,45,100,26.28,45,15,30,27.0,2182272,688992,1099368,366456,7,0,51,5,30,250424-223715_Run_59_Idx_24331,150,0,5e-05,20000000,43645440.0,13779840.0,21987360.0,7329120.0,0.6896551724137931,0.6666666666666666
1467,1,145,45,100,22.12,45,15,30,27.0,1384672,485312,1099368,366456,7,0,51,5,30,250425-001759_Run_1311_Idx_71006,3280,0,5e-05,20000000,27693440.0,9706240.0,21987360.0,7329120.0,0.6896551724137931,0.6666666666666666
1468,1,160,48,112,26.0,81,27,54,27.0,865984,268992,935928,311976,4,0,51,5,30,250424-231116_Run_174_Idx_78813,440,0,5e-05,20000000,17319680.0,5379840.0,18718560.0,6239520.0,0.7,0.6666666666666666
1469,1,160,48,112,25.15,81,27,54,22.33,865984,268992,520184,144968,4,0,51,5,30,250425-003523_Run_1638_Idx_47915,4100,0,5e-05,20000000,17319680.0,5379840.0,10403680.0,2899360.0,0.7,0.6666666666666666
1470,1,145,45,100,25.1,45,15,30,24.0,2052352,656512,626696,248288,7,0,51,5,30,250424-235545_Run_1347_Idx_71006,3370,0,5e-05,20000000,41047040.0,13130240.0,12533920.0,4965760.0,0.6896551724137931,0.6666666666666666
1471,1,160,61,99,21.22,144,48,96,27.0,144328,53104,645120,215040,2,0,51,5,30,250425-003724_Run_1573_Idx_48177,3940,0,5e-05,20000000,2886560.0,1062080.0,12902400.0,4300800.0,0.61875,0.6666666666666666
1472,1,80,25,55,24.99,18,6,12,24.0,2005720,650608,609232,241456,14,0,51,5,30,250425-001005_Run_1324_Idx_65229,3310,0,5e-05,20000000,40114400.0,13012160.0,12184640.0,4829120.0,0.6875,0.6666666666666666
1473,1,160,58,102,20.61,81,27,54,24.0,538488,164616,575624,202184,4,0,51,5,30,250424-224942_Run_1042_Idx_81044,2610,0,5e-05,20000000,10769760.0,3292320.0,11512480.0,4043680.0,0.6375,0.6666666666666666
1474,1,80,25,55,24.19,18,6,12,27.0,1585016,545432,1069776,356592,14,0,51,5,30,250424-230327_Run_900_Idx_57146,2250,0,5e-05,20000000,31700320.0,10908640.0,21395520.0,7131840.0,0.6875,0.6666666666666666
1475,1,80,25,55,24.65,18,6,12,27.0,2056096,584608,1069776,356592,14,0,51,5,30,250424-232703_Run_860_Idx_57146,2150,0,5e-05,20000000,41121920.0,11692160.0,21395520.0,7131840.0,0.6875,0.6666666666666666
1476,1,160,52,108,18.8,81,28,53,21.37,457408,162832,507336,176032,4,0,51,5,30,250425-010110_Run_1918_Idx_88860,4800,0,5e-05,20000000,9148160.0,3256640.0,10146720.0,3520640.0,0.675,0.654320987654321
1477,1,160,48,112,23.7,144,48,96,23.12,175872,44672,497424,145536,2,0,51,5,30,250425-000915_Run_1445_Idx_39758,3620,0,5e-05,20000000,3517440.0,893440.0,9948480.0,2910720.0,0.7,0.6666666666666666
1478,1,160,57,103,18.44,144,50,94,21.14,109176,38432,384480,128432,2,0,51,5,30,250425-005710_Run_1965_Idx_11550,4920,0,5e-05,20000000,2183520.0,768640.0,7689600.0,2568640.0,0.64375,0.6527777777777778
1479,1,145,46,99,24.79,45,15,30,24.0,2062432,587080,981200,248288,7,0,51,5,30,250424-233203_Run_259_Idx_57481,650,0,5e-05,20000000,41248640.0,11741600.0,19624000.0,4965760.0,0.6827586206896552,0.6666666666666666
1480,1,160,48,112,26.12,81,27,54,27.0,892224,275552,935928,311976,4,0,51,5,30,250424-234512_Run_474_Idx_93338,1190,0,5e-05,20000000,17844480.0,5511040.0,18718560.0,6239520.0,0.7,0.6666666666666666
1481,1,80,24,56,24.18,18,6,12,27.0,1535608,492104,1069776,356592,14,0,51,5,30,250425-002741_Run_1116_Idx_54226,2790,0,5e-05,20000000,30712160.0,9842080.0,21395520.0,7131840.0,0.7,0.6666666666666666
1482,1,160,48,112,26.08,81,27,54,27.0,892224,275552,935928,311976,4,0,51,5,30,250424-231232_Run_766_Idx_960,1920,0,5e-05,20000000,17844480.0,5511040.0,18718560.0,6239520.0,0.7,0.6666666666666666
1483,1,145,48,97,24.83,45,15,30,27.0,1983872,624696,1099368,366456,7,0,51,5,30,250424-224429_Run_1051_Idx_87327,2630,0,5e-05,20000000,39677440.0,12493920.0,21987360.0,7329120.0,0.6689655172413793,0.6666666666666666
1484,1,160,60,100,23.6,144,48,96,27.0,194400,64352,645120,215040,2,0,51,5,30,250424-230107_Run_785_Idx_25773,1970,0,5e-05,20000000,3888000.0,1287040.0,12902400.0,4300800.0,0.625,0.6666666666666666
1485,1,80,25,55,26.12,18,6,12,27.0,2476440,768288,1069776,356592,14,0,51,5,30,250424-224548_Run_692_Idx_47249,1730,0,5e-05,20000000,49528800.0,15365760.0,21395520.0,7131840.0,0.6875,0.6666666666666666
1486,1,160,54,106,17.12,81,27,54,19.0,386568,130240,445184,114336,4,0,51,5,30,250425-004602_Run_1650_Idx_95154,4130,0,5e-05,20000000,7731360.0,2604800.0,8903680.0,2286720.0,0.6625,0.6666666666666666
1487,1,145,45,100,26.28,45,15,30,27.0,2182272,688992,1099368,366456,7,0,51,5,30,250425-004451_Run_1591_Idx_95480,3980,0,5e-05,20000000,43645440.0,13779840.0,21987360.0,7329120.0,0.6896551724137931,0.6666666666666666
1488,1,160,48,112,26.12,81,27,54,27.0,892224,275552,935928,311976,4,0,51,5,30,250424-223947_Run_42_Idx_93338,110,0,5e-05,20000000,17844480.0,5511040.0,18718560.0,6239520.0,0.7,0.6666666666666666
1489,1,160,48,112,26.12,81,27,54,27.0,892224,275552,935928,311976,4,0,51,5,30,250424-235009_Run_466_Idx_93338,1170,0,5e-05,20000000,17844480.0,5511040.0,18718560.0,6239520.0,0.7,0.6666666666666666
1490,1,145,45,100,24.66,45,15,30,21.78,1839872,603392,626696,248288,7,0,51,5,30,250425-003933_Run_1691_Idx_10792,4230,0,5e-05,20000000,36797440.0,12067840.0,12533920.0,4965760.0,0.6896551724137931,0.6666666666666666
1491,1,160,57,103,23.25,81,27,54,27.0,716824,222648,935928,311976,4,0,51,5,30,250425-000954_Run_1146_Idx_89116,2870,0,5e-05,20000000,14336480.0,4452960.0,18718560.0,6239520.0,0.64375,0.6666666666666666
1492,1,160,53,107,20.34,144,54,90,15.29,175104,44608,189000,55128,2,0,51,5,30,250425-005014_Run_1885_Idx_85523,4720,0,5e-05,20000000,3502080.0,892160.0,3780000.0,1102560.0,0.66875,0.625
1493,1,145,45,100,22.9,45,15,30,15.44,1805632,534912,508528,130120,7,0,51,5,30,250425-004752_Run_1811_Idx_95480,4530,0,5e-05,20000000,36112640.0,10698240.0,10170560.0,2602400.0,0.6896551724137931,0.6666666666666666
1494,1,160,48,112,26.3,144,48,96,24.0,226560,70016,575616,145536,2,0,51,5,30,250424-233316_Run_257_Idx_39758,650,0,5e-05,20000000,4531200.0,1400320.0,11512320.0,2910720.0,0.7,0.6666666666666666
1495,1,160,48,112,26.08,81,27,54,27.0,892224,275552,935928,311976,4,0,51,5,30,250424-225540_Run_794_Idx_960,1990,0,5e-05,20000000,17844480.0,5511040.0,18718560.0,6239520.0,0.7,0.6666666666666666
1496,1,145,48,97,23.58,45,15,30,24.0,1823232,567416,773304,275424,7,0,51,5,30,250425-001632_Run_1075_Idx_1019,2690,0,5e-05,20000000,36464640.0,11348320.0,15466080.0,5508480.0,0.6689655172413793,0.6666666666666666
1497,1,160,48,112,26.12,81,27,54,27.0,892224,275552,935928,311976,4,0,51,5,30,250425-000214_Run_1514_Idx_93338,3790,0,5e-05,20000000,17844480.0,5511040.0,18718560.0,6239520.0,0.7,0.6666666666666666
1498,1,160,48,112,26.2,144,48,96,24.0,219904,68352,575616,145536,2,0,51,5,30,250425-005627_Run_1953_Idx_7420,4890,0,5e-05,20000000,4398080.0,1367040.0,11512320.0,2910720.0,0.7,0.6666666666666666
1499,1,145,45,100,26.18,45,15,30,27.0,2182272,688992,1099368,366456,7,0,51,5,30,250424-224137_Run_699_Idx_24331,1750,0,5e-05,20000000,43645440.0,13779840.0,21987360.0,7329120.0,0.6896551724137931,0.6666666666666666
1500,1,160,48,112,24.45,81,34,47,19.33,865984,268992,451280,155496,4,0,51,5,30,250424-234424_Run_950_Idx_19838,2380,0,5e-05,20000000,17319680.0,5379840.0,9025600.0,3109920.0,0.7,0.5802469135802469
1501,1,160,48,112,25.6,144,48,96,22.5,226560,70016,480048,145536,2,0,51,5,30,250425-003258_Run_1733_Idx_13251,4340,0,5e-05,20000000,4531200.0,1400320.0,9600960.0,2910720.0,0.7,0.6666666666666666
1502,1,80,25,55,24.29,18,6,12,21.0,2125184,670680,609232,241456,14,0,51,5,30,250425-004558_Run_1620_Idx_65229,4050,0,5e-05,20000000,42503680.0,13413600.0,12184640.0,4829120.0,0.6875,0.6666666666666666
1503,1,160,48,112,26.3,144,63,81,21.04,226560,70016,497424,147576,2,0,51,5,30,250424-234515_Run_237_Idx_59107,600,0,5e-05,20000000,4531200.0,1400320.0,9948480.0,2951520.0,0.7,0.5625
1504,1,145,46,99,22.45,45,15,30,24.0,1839872,467240,981200,248288,7,0,51,5,30,250425-010256_Run_1983_Idx_57481,4960,0,5e-05,20000000,36797440.0,9344800.0,19624000.0,4965760.0,0.6827586206896552,0.6666666666666666
1505,1,160,48,112,26.3,144,48,96,24.0,226560,70016,575616,145536,2,0,51,5,30,250424-234737_Run_233_Idx_39758,590,0,5e-05,20000000,4531200.0,1400320.0,11512320.0,2910720.0,0.7,0.6666666666666666
1506,1,80,25,55,23.74,18,6,12,21.0,1849016,611432,148688,126320,14,0,51,5,30,250425-003410_Run_1640_Idx_65229,4100,0,5e-05,20000000,36980320.0,12228640.0,2973760.0,2526400.0,0.6875,0.6666666666666666
1507,1,80,26,54,25.02,18,6,12,24.0,2200272,710840,781936,241456,14,0,51,5,30,250424-233846_Run_604_Idx_29372,1510,0,5e-05,20000000,44005440.0,14216800.0,15638720.0,4829120.0,0.675,0.6666666666666666
1508,1,80,25,55,22.84,18,6,12,21.67,1428312,506256,609232,241456,14,0,51,5,30,250425-000358_Run_1096_Idx_57146,2740,0,5e-05,20000000,28566240.0,10125120.0,12184640.0,4829120.0,0.6875,0.6666666666666666
1509,1,80,25,55,22.7,18,6,12,24.0,1996848,525360,954640,241456,14,0,51,5,30,250424-232000_Run_872_Idx_57146,2180,0,5e-05,20000000,39936960.0,10507200.0,19092800.0,4829120.0,0.6875,0.6666666666666666
1510,1,160,48,112,25.95,81,27,54,27.0,865984,268992,935928,311976,4,0,51,5,30,250424-224324_Run_458_Idx_47915,1150,0,5e-05,20000000,17319680.0,5379840.0,18718560.0,6239520.0,0.7,0.6666666666666666
1511,1,145,46,99,25.97,45,15,30,27.0,2028672,668520,1099368,366456,7,0,51,5,30,250425-004551_Run_1783_Idx_72713,4460,0,5e-05,20000000,40573440.0,13370400.0,21987360.0,7329120.0,0.6827586206896552,0.6666666666666666
1512,1,80,24,56,25.55,18,6,12,21.22,2242712,668880,609232,241456,14,0,51,5,30,250425-002040_Run_1128_Idx_54226,2820,0,5e-05,20000000,44854240.0,13377600.0,12184640.0,4829120.0,0.7,0.6666666666666666
1513,1,160,56,104,22.86,81,27,54,27.0,679792,212048,935928,311976,4,0,51,5,30,250425-000248_Run_1098_Idx_55670,2750,0,5e-05,20000000,13595840.0,4240960.0,18718560.0,6239520.0,0.65,0.6666666666666666
1514,1,160,48,112,26.3,144,48,96,27.0,226560,70016,645120,215040,2,0,51,5,30,250424-223315_Run_13_Idx_39758,40,0,5e-05,20000000,4531200.0,1400320.0,12902400.0,4300800.0,0.7,0.6666666666666666
1515,1,160,48,112,25.81,81,27,54,27.0,830272,260064,935928,311976,4,0,51,5,30,250425-003732_Run_1542_Idx_28528,3860,0,5e-05,20000000,16605440.0,5201280.0,18718560.0,6239520.0,0.7,0.6666666666666666
1516,1,80,24,56,24.85,18,6,12,27.0,2163392,570456,1069776,356592,14,0,51,5,30,250424-232637_Run_980_Idx_54226,2450,0,5e-05,20000000,43267840.0,11409120.0,21395520.0,7131840.0,0.7,0.6666666666666666
1517,1,160,55,105,20.91,144,48,96,24.0,168448,43072,575616,145536,2,0,51,5,30,250425-005147_Run_1789_Idx_5863,4480,0,5e-05,20000000,3368960.0,861440.0,11512320.0,2910720.0,0.65625,0.6666666666666666
1518,1,160,55,105,23.25,81,27,54,27.0,578144,206264,935928,311976,4,0,51,5,30,250424-230406_Run_1018_Idx_19838,2550,0,5e-05,20000000,11562880.0,4125280.0,18718560.0,6239520.0,0.65625,0.6666666666666666
1519,1,145,45,100,26.28,45,15,30,27.0,2182272,688992,1099368,366456,7,0,51,5,30,250424-234932_Run_467_Idx_10792,1170,0,5e-05,20000000,43645440.0,13779840.0,21987360.0,7329120.0,0.6896551724137931,0.6666666666666666
1520,1,160,56,104,23.6,144,48,96,27.0,162240,57664,645120,215040,2,0,51,5,30,250425-001148_Run_1381_Idx_59888,3460,0,5e-05,20000000,3244800.0,1153280.0,12902400.0,4300800.0,0.65,0.6666666666666666
1521,1,160,61,99,21.9,144,57,87,21.06,189352,64360,458328,133728,2,0,51,5,30,250424-234240_Run_953_Idx_36701,2390,0,5e-05,20000000,3787040.0,1287200.0,9166560.0,2674560.0,0.61875,0.6041666666666666
1522,1,160,58,102,23.38,81,27,54,27.0,751192,237400,935928,311976,4,0,51,5,30,250424-230028_Run_786_Idx_52699,1970,0,5e-05,20000000,15023840.0,4748000.0,18718560.0,6239520.0,0.6375,0.6666666666666666
1523,1,160,48,112,26.3,144,54,90,21.1,226560,70016,423576,133320,2,0,51,5,30,250425-001140_Run_1441_Idx_70555,3610,0,5e-05,20000000,4531200.0,1400320.0,8471520.0,2666400.0,0.7,0.625
1524,1,145,46,99,19.88,45,15,30,17.4,1480352,381640,35856,11952,7,0,51,5,30,250425-003102_Run_1767_Idx_57481,4420,0,5e-05,20000000,29607040.0,7632800.0,717120.0,239040.0,0.6827586206896552,0.6666666666666666
1525,1,80,25,55,25.19,18,6,12,21.67,2185016,670584,609232,241456,14,0,51,5,30,250424-233833_Run_960_Idx_73672,2400,0,5e-05,20000000,43700320.0,13411680.0,12184640.0,4829120.0,0.6875,0.6666666666666666
1526,1,145,47,98,24.1,45,15,30,27.0,1446592,515248,1099368,366456,7,0,51,5,30,250424-234624_Run_827_Idx_40177,2070,0,5e-05,20000000,28931840.0,10304960.0,21987360.0,7329120.0,0.6758620689655173,0.6666666666666666
1527,1,80,25,55,25.88,18,6,12,27.0,2358912,729112,1069776,356592,14,0,51,5,30,250424-231121_Run_768_Idx_89663,1920,0,5e-05,20000000,47178240.0,14582240.0,21395520.0,7131840.0,0.6875,0.6666666666666666
1528,1,160,57,103,22.2,144,58,86,18.86,189576,59336,336696,116488,2,0,51,5,30,250425-003933_Run_1753_Idx_71376,4390,0,5e-05,20000000,3791520.0,1186720.0,6733920.0,2329760.0,0.64375,0.5972222222222222
1529,1,160,48,112,26.3,144,48,96,27.0,226560,70016,645120,215040,2,0,51,5,30,250424-223757_Run_45_Idx_25592,120,0,5e-05,20000000,4531200.0,1400320.0,12902400.0,4300800.0,0.7,0.6666666666666666
1530,1,145,44,101,21.99,45,15,30,24.0,1223552,431384,720400,261856,7,0,51,5,30,250424-235548_Run_1287_Idx_52665,3220,0,5e-05,20000000,24471040.0,8627680.0,14408000.0,5237120.0,0.696551724137931,0.6666666666666666
1531,1,80,25,55,25.2,18,6,12,24.0,2122984,649888,609232,241456,14,0,51,5,30,250424-231604_Run_760_Idx_89663,1900,0,5e-05,20000000,42459680.0,12997760.0,12184640.0,4829120.0,0.6875,0.6666666666666666
1532,1,160,48,112,26.08,81,27,54,24.0,892224,275552,747272,202184,4,0,51,5,30,250424-231453_Run_762_Idx_960,1910,0,5e-05,20000000,17844480.0,5511040.0,14945440.0,4043680.0,0.7,0.6666666666666666
1533,1,80,25,55,24.69,18,6,12,27.0,2240416,630688,1069776,356592,14,0,51,5,30,250425-002917_Run_1708_Idx_66277,4270,0,5e-05,20000000,44808320.0,12613760.0,21395520.0,7131840.0,0.6875,0.6666666666666666
1534,1,145,46,99,25.38,45,15,30,24.11,1844352,622440,636232,250672,7,0,51,5,30,250424-231959_Run_279_Idx_57481,700,0,5e-05,20000000,36887040.0,12448800.0,12724640.0,5013440.0,0.6827586206896552,0.6666666666666666
1535,1,160,48,112,26.12,81,27,54,27.0,892224,275552,935928,311976,4,0,51,5,30,250424-224016_Run_54_Idx_85773,140,0,5e-05,20000000,17844480.0,5511040.0,18718560.0,6239520.0,0.7,0.6666666666666666
1536,1,80,25,55,25.28,18,7,11,21.33,2239448,709040,724368,243320,14,0,51,5,30,250424-234140_Run_480_Idx_41760,1200,0,5e-05,20000000,44788960.0,14180800.0,14487360.0,4866400.0,0.6875,0.6111111111111112
1537,1,80,25,55,22.28,18,6,12,15.0,1808512,591512,148688,126320,14,0,51,5,30,250425-003510_Run_1760_Idx_26496,4400,0,5e-05,20000000,36170240.0,11830240.0,2973760.0,2526400.0,0.6875,0.6666666666666666
1538,1,160,48,112,26.08,81,27,54,27.0,892224,275552,935928,311976,4,0,51,5,30,250424-233029_Run_618_Idx_85773,1550,0,5e-05,20000000,17844480.0,5511040.0,18718560.0,6239520.0,0.7,0.6666666666666666
1539,1,160,48,112,25.85,81,27,54,27.0,865984,268992,935928,311976,4,0,51,5,30,250424-223713_Run_98_Idx_75070,250,0,5e-05,20000000,17319680.0,5379840.0,18718560.0,6239520.0,0.7,0.6666666666666666
1540,1,80,25,55,26.12,18,6,12,27.0,2476440,768288,1069776,356592,14,0,51,5,30,250424-223639_Run_60_Idx_47249,150,0,5e-05,20000000,49528800.0,15365760.0,21395520.0,7131840.0,0.6875,0.6666666666666666
1541,1,80,24,56,26.2,18,6,12,27.0,2399416,708056,1069776,356592,14,0,51,5,30,250424-232414_Run_984_Idx_54226,2460,0,5e-05,20000000,47988320.0,14161120.0,21395520.0,7131840.0,0.7,0.6666666666666666
1542,1,145,45,100,25.09,45,16,29,22.8,2045312,637632,720792,250056,7,0,51,5,30,250424-224320_Run_815_Idx_17402,2040,0,5e-05,20000000,40906240.0,12752640.0,14415840.0,5001120.0,0.6896551724137931,0.6444444444444445
1543,1,160,48,112,25.95,81,27,54,27.0,865984,268992,935928,311976,4,0,51,5,30,250424-233132_Run_378_Idx_47915,950,0,5e-05,20000000,17319680.0,5379840.0,18718560.0,6239520.0,0.7,0.6666666666666666
1544,1,160,61,99,19.55,144,48,96,24.0,123648,32256,575616,145536,2,0,51,5,30,250425-001630_Run_1433_Idx_73398,3590,0,5e-05,20000000,2472960.0,645120.0,11512320.0,2910720.0,0.61875,0.6666666666666666
1545,1,160,48,112,26.3,144,48,96,24.0,226560,70016,536520,145536,2,0,51,5,30,250424-233920_Run_721_Idx_82062,1810,0,5e-05,20000000,4531200.0,1400320.0,10730400.0,2910720.0,0.7,0.6666666666666666
1546,1,160,48,112,25.6,144,58,86,15.18,226560,70016,271536,86080,2,0,51,5,30,250425-002003_Run_1485_Idx_82052,3720,0,5e-05,20000000,4531200.0,1400320.0,5430720.0,1721600.0,0.7,0.5972222222222222
1547,1,160,59,101,20.0,81,30,51,20.07,665248,171488,487664,132824,4,0,51,5,30,250424-234906_Run_942_Idx_58168,2360,0,5e-05,20000000,13304960.0,3429760.0,9753280.0,2656480.0,0.63125,0.6296296296296297
1548,1,145,46,99,24.2,45,15,30,24.0,1908832,548680,981200,248288,7,0,51,5,30,250424-235703_Run_1107_Idx_72713,2770,0,5e-05,20000000,38176640.0,10973600.0,19624000.0,4965760.0,0.6827586206896552,0.6666666666666666
1549,1,80,25,55,26.12,18,6,12,27.0,2476440,768288,1069776,356592,14,0,51,5,30,250424-230241_Run_664_Idx_47249,1660,0,5e-05,20000000,49528800.0,15365760.0,21395520.0,7131840.0,0.6875,0.6666666666666666
1550,1,160,56,104,21.0,144,48,96,24.0,175104,44800,575616,145536,2,0,51,5,30,250425-010347_Run_1981_Idx_20464,4960,0,5e-05,20000000,3502080.0,896000.0,11512320.0,2910720.0,0.65,0.6666666666666666
1551,1,145,45,100,24.68,45,15,30,27.0,1881152,536672,1099368,366456,7,0,51,5,30,250425-001531_Run_1315_Idx_71006,3290,0,5e-05,20000000,37623040.0,10733440.0,21987360.0,7329120.0,0.6896551724137931,0.6666666666666666
1552,1,145,45,100,26.17,45,15,30,27.0,2120832,673632,1099368,366456,7,0,51,5,30,250424-225225_Run_443_Idx_71006,1110,0,5e-05,20000000,42416640.0,13472640.0,21987360.0,7329120.0,0.6896551724137931,0.6666666666666666
1553,1,160,54,106,20.9,144,48,96,20.16,175104,44672,453984,115128,2,0,51,5,30,250425-004227_Run_1717_Idx_37010,4300,0,5e-05,20000000,3502080.0,893440.0,9079680.0,2302560.0,0.6625,0.6666666666666666
1554,1,160,48,112,26.3,144,48,96,27.0,226560,70016,645120,215040,2,0,51,5,30,250424-235016_Run_585_Idx_13251,1470,0,5e-05,20000000,4531200.0,1400320.0,12902400.0,4300800.0,0.7,0.6666666666666666
1555,1,80,25,55,26.21,18,6,12,27.0,2476440,768288,1069776,356592,14,0,51,5,30,250424-232230_Run_512_Idx_66277,1280,0,5e-05,20000000,49528800.0,15365760.0,21395520.0,7131840.0,0.6875,0.6666666666666666
1556,1,80,25,55,26.12,18,6,12,27.0,2476440,768288,1069776,356592,14,0,51,5,30,250424-234332_Run_596_Idx_47249,1490,0,5e-05,20000000,49528800.0,15365760.0,21395520.0,7131840.0,0.6875,0.6666666666666666
1557,1,145,46,99,26.09,45,15,30,27.0,2165152,689800,1099368,366456,7,0,51,5,30,250424-224440_Run_575_Idx_15193,1440,0,5e-05,20000000,43303040.0,13796000.0,21987360.0,7329120.0,0.6827586206896552,0.6666666666666666
1558,1,80,24,56,24.18,18,6,12,27.0,1535608,492104,1069776,356592,14,0,51,5,30,250425-001105_Run_1144_Idx_54226,2860,0,5e-05,20000000,30712160.0,9842080.0,21395520.0,7131840.0,0.7,0.6666666666666666
1559,1,160,83,77,9.01,81,57,24,1.78,290880,83968,29664,19296,4,0,51,5,30,250424-225316_Run_798_Idx_471,2000,0,5e-05,20000000,5817600.0,1679360.0,593280.0,385920.0,0.48125,0.2962962962962963
1560,1,160,48,112,25.6,144,61,83,21.19,226560,70016,471360,138616,2,0,51,5,30,250424-232601_Run_269_Idx_73398,680,0,5e-05,20000000,4531200.0,1400320.0,9427200.0,2772320.0,0.7,0.5763888888888888
1561,1,160,48,112,25.4,144,52,92,20.25,219904,68352,349728,93952,2,0,51,5,30,250424-235931_Run_1341_Idx_55385,3360,0,5e-05,20000000,4398080.0,1367040.0,6994560.0,1879040.0,0.7,0.6388888888888888
1562,1,160,48,112,26.3,144,48,96,22.78,226560,70016,488736,145536,2,0,51,5,30,250425-004047_Run_1689_Idx_25592,4230,0,5e-05,20000000,4531200.0,1400320.0,9774720.0,2910720.0,0.7,0.6666666666666666
1563,1,80,25,55,26.21,18,6,12,27.0,2476440,768288,1069776,356592,14,0,51,5,30,250424-233918_Run_484_Idx_66277,1210,0,5e-05,20000000,49528800.0,15365760.0,21395520.0,7131840.0,0.6875,0.6666666666666666
1564,1,160,59,101,23.6,144,48,96,27.0,176712,62680,645120,215040,2,0,51,5,30,250424-235256_Run_581_Idx_14612,1460,0,5e-05,20000000,3534240.0,1253600.0,12902400.0,4300800.0,0.63125,0.6666666666666666
1565,1,160,52,108,23.08,81,27,54,21.38,716616,201288,533144,211280,4,0,51,5,30,250425-005327_Run_1802_Idx_25214,4510,0,5e-05,20000000,14332320.0,4025760.0,10662880.0,4225600.0,0.675,0.6666666666666666
1566,1,145,45,100,24.88,45,15,30,24.0,1960192,633472,852072,275424,7,0,51,5,30,250424-235118_Run_819_Idx_20430,2050,0,5e-05,20000000,39203840.0,12669440.0,17041440.0,5508480.0,0.6896551724137931,0.6666666666666666
1567,1,160,56,104,23.5,144,48,96,27.0,181312,56000,645120,215040,2,0,51,5,30,250425-001743_Run_1133_Idx_66490,2840,0,5e-05,20000000,3626240.0,1120000.0,12902400.0,4300800.0,0.65,0.6666666666666666
1568,1,145,45,100,16.59,45,15,30,20.4,881152,278112,626696,248288,7,0,51,5,30,250425-005809_Run_1923_Idx_95480,4810,0,5e-05,20000000,17623040.0,5562240.0,12533920.0,4965760.0,0.6896551724137931,0.6666666666666666
1569,1,160,54,106,19.66,81,27,54,22.0,411968,127832,554680,140920,4,0,51,5,30,250425-004437_Run_1530_Idx_63508,3830,0,5e-05,20000000,8239360.0,2556640.0,11093600.0,2818400.0,0.6625,0.6666666666666666
1570,1,160,59,101,22.86,81,27,54,27.0,618680,223584,935928,311976,4,0,51,5,30,250424-233301_Run_850_Idx_29620,2130,0,5e-05,20000000,12373600.0,4471680.0,18718560.0,6239520.0,0.63125,0.6666666666666666
1571,1,80,25,55,20.01,18,6,12,21.22,1375640,493088,609232,241456,14,0,51,5,30,250425-004607_Run_1680_Idx_66277,4200,0,5e-05,20000000,27512800.0,9861760.0,12184640.0,4829120.0,0.6875,0.6666666666666666
1572,1,80,25,55,26.21,18,6,12,27.0,2476440,768288,1069776,356592,14,0,51,5,30,250425-004150_Run_1596_Idx_89663,3990,0,5e-05,20000000,49528800.0,15365760.0,21395520.0,7131840.0,0.6875,0.6666666666666666
1573,1,160,48,112,26.3,144,48,96,24.0,226560,70016,497424,145536,2,0,51,5,30,250424-235908_Run_1401_Idx_13251,3510,0,5e-05,20000000,4531200.0,1400320.0,9948480.0,2910720.0,0.7,0.6666666666666666
1574,1,160,48,112,25.99,81,27,54,27.0,892224,275552,935928,311976,4,0,51,5,30,250424-234931_Run_230_Idx_34316,580,0,5e-05,20000000,17844480.0,5511040.0,18718560.0,6239520.0,0.7,0.6666666666666666
1575,1,160,57,103,23.3,144,48,96,27.0,152728,55752,645120,215040,2,0,51,5,30,250424-235325_Run_1113_Idx_16180,2790,0,5e-05,20000000,3054560.0,1115040.0,12902400.0,4300800.0,0.64375,0.6666666666666666
1576,1,160,48,112,26.12,81,27,54,24.0,892224,275552,835232,211280,4,0,51,5,30,250424-233515_Run_610_Idx_85773,1530,0,5e-05,20000000,17844480.0,5511040.0,16704640.0,4225600.0,0.7,0.6666666666666666
1577,1,160,48,112,26.0,81,27,54,27.0,865984,268992,935928,311976,4,0,51,5,30,250424-230124_Run_190_Idx_78813,480,0,5e-05,20000000,17319680.0,5379840.0,18718560.0,6239520.0,0.7,0.6666666666666666
1578,1,160,48,112,26.2,144,48,96,27.0,219904,68352,645120,215040,2,0,51,5,30,250424-231047_Run_413_Idx_5687,1040,0,5e-05,20000000,4398080.0,1367040.0,12902400.0,4300800.0,0.7,0.6666666666666666
1579,1,160,48,112,26.2,144,48,96,27.0,219904,68352,645120,215040,2,0,51,5,30,250424-223944_Run_29_Idx_5687,80,0,5e-05,20000000,4398080.0,1367040.0,12902400.0,4300800.0,0.7,0.6666666666666666
1580,1,160,48,112,26.0,144,48,96,27.0,212224,66432,645120,215040,2,0,51,5,30,250424-224830_Run_925_Idx_1990,2320,0,5e-05,20000000,4244480.0,1328640.0,12902400.0,4300800.0,0.7,0.6666666666666666
1581,1,160,48,112,25.75,81,27,54,27.0,865984,268992,935928,311976,4,0,51,5,30,250424-224240_Run_1054_Idx_75070,2640,0,5e-05,20000000,17319680.0,5379840.0,18718560.0,6239520.0,0.7,0.6666666666666666
1582,1,145,45,100,26.17,45,15,30,27.0,2120832,673632,1099368,366456,7,0,51,5,30,250424-224055_Run_27_Idx_71006,70,0,5e-05,20000000,42416640.0,13472640.0,21987360.0,7329120.0,0.6896551724137931,0.6666666666666666
1583,1,160,51,109,22.55,81,29,52,16.25,708488,193096,249408,92368,4,0,51,5,30,250425-003440_Run_1730_Idx_11742,4330,0,5e-05,20000000,14169760.0,3861920.0,4988160.0,1847360.0,0.68125,0.6419753086419753
1584,1,80,25,55,26.21,18,6,12,27.0,2476440,768288,1069776,356592,14,0,51,5,30,250424-224405_Run_576_Idx_66277,1440,0,5e-05,20000000,49528800.0,15365760.0,21395520.0,7131840.0,0.6875,0.6666666666666666
1585,1,160,60,100,23.5,144,48,96,27.0,187744,62688,645120,215040,2,0,51,5,30,250424-232828_Run_977_Idx_98715,2450,0,5e-05,20000000,3754880.0,1253760.0,12902400.0,4300800.0,0.625,0.6666666666666666
1586,1,160,59,101,20.8,144,48,96,24.0,139504,43328,497424,145536,2,0,51,5,30,250425-000031_Run_1161_Idx_33085,2910,0,5e-05,20000000,2790080.0,866560.0,9948480.0,2910720.0,0.63125,0.6666666666666666
1587,1,80,27,53,24.61,18,6,12,27.0,2282016,693440,1069776,356592,14,0,51,5,30,250424-231212_Run_292_Idx_6452,730,0,5e-05,20000000,45640320.0,13868800.0,21395520.0,7131840.0,0.6625,0.6666666666666666
1588,1,160,48,112,26.12,81,27,54,22.15,892224,275552,611192,193088,4,0,51,5,30,250425-004009_Run_1690_Idx_93338,4230,0,5e-05,20000000,17844480.0,5511040.0,12223840.0,3861760.0,0.7,0.6666666666666666
1589,1,80,25,55,24.64,18,6,12,27.0,2201240,630688,1069776,356592,14,0,51,5,30,250425-002154_Run_1424_Idx_26496,3560,0,5e-05,20000000,44024800.0,12613760.0,21395520.0,7131840.0,0.6875,0.6666666666666666
1590,1,160,61,99,20.04,144,57,87,19.58,168448,43456,388824,107664,2,0,51,5,30,250424-234943_Run_941_Idx_36701,2360,0,5e-05,20000000,3368960.0,869120.0,7776480.0,2153280.0,0.61875,0.6041666666666666
1591,1,160,48,112,26.08,81,27,54,27.0,892224,275552,935928,311976,4,0,51,5,30,250424-223603_Run_74_Idx_960,190,0,5e-05,20000000,17844480.0,5511040.0,18718560.0,6239520.0,0.7,0.6666666666666666
1592,1,160,56,104,20.02,81,27,54,18.41,516168,177280,386376,131528,4,0,51,5,30,250425-002359_Run_1478_Idx_18654,3700,0,5e-05,20000000,10323360.0,3545600.0,7727520.0,2630560.0,0.65,0.6666666666666666
1593,1,80,26,54,24.86,18,6,12,21.22,2298600,690768,609232,241456,14,0,51,5,30,250424-225113_Run_564_Idx_41760,1410,0,5e-05,20000000,45972000.0,13815360.0,12184640.0,4829120.0,0.675,0.6666666666666666
1594,1,80,25,55,26.0,18,6,12,27.0,2399416,749032,1069776,356592,14,0,51,5,30,250424-230634_Run_420_Idx_65229,1050,0,5e-05,20000000,47988320.0,14980640.0,21395520.0,7131840.0,0.6875,0.6666666666666666
1595,1,145,45,100,25.88,45,15,30,27.0,2069472,656512,1099368,366456,7,0,51,5,30,250425-005738_Run_1951_Idx_61030,4880,0,5e-05,20000000,41389440.0,13130240.0,21987360.0,7329120.0,0.6896551724137931,0.6666666666666666
1596,1,80,25,55,17.02,18,6,12,9.67,1101408,414736,148688,126320,14,0,51,5,30,250425-002424_Run_1360_Idx_47249,3400,0,5e-05,20000000,22028160.0,8294720.0,2973760.0,2526400.0,0.6875,0.6666666666666666
1597,1,160,48,112,26.08,81,27,54,24.0,892224,275552,835232,211280,4,0,51,5,30,250425-005742_Run_1978_Idx_85773,4950,0,5e-05,20000000,17844480.0,5511040.0,16704640.0,4225600.0,0.7,0.6666666666666666
1598,1,80,25,55,17.71,18,6,12,18.22,1277216,394664,494096,126320,14,0,51,5,30,250425-003816_Run_1724_Idx_47249,4310,0,5e-05,20000000,25544320.0,7893280.0,9881920.0,2526400.0,0.6875,0.6666666666666666
1599,1,160,52,108,20.68,81,28,53,16.6,664960,169600,482840,127912,4,0,51,5,30,250425-003038_Run_1646_Idx_85987,4120,0,5e-05,20000000,13299200.0,3392000.0,9656800.0,2558240.0,0.675,0.654320987654321
1600,1,80,25,55,24.86,18,6,12,24.0,2378016,669864,954640,241456,14,0,51,5,30,250425-000244_Run_1276_Idx_89663,3190,0,5e-05,20000000,47560320.0,13397280.0,19092800.0,4829120.0,0.6875,0.6666666666666666
1601,1,80,25,55,24.16,18,6,12,24.0,2162064,630688,609232,241456,14,0,51,5,30,250424-224505_Run_812_Idx_89663,2030,0,5e-05,20000000,43241280.0,12613760.0,12184640.0,4829120.0,0.6875,0.6666666666666666
1602,1,160,48,112,24.6,144,55,89,19.62,219904,68352,397512,111736,2,0,51,5,30,250425-001309_Run_1201_Idx_21784,3010,0,5e-05,20000000,4398080.0,1367040.0,7950240.0,2234720.0,0.7,0.6180555555555556
1603,1,160,48,112,25.95,81,27,54,27.0,892224,275552,935928,311976,4,0,51,5,30,250425-001350_Run_1258_Idx_960,3150,0,5e-05,20000000,17844480.0,5511040.0,18718560.0,6239520.0,0.7,0.6666666666666666
1604,1,160,59,101,22.86,81,27,54,27.0,617816,223584,935928,311976,4,0,51,5,30,250424-230440_Run_898_Idx_29620,2250,0,5e-05,20000000,12356320.0,4471680.0,18718560.0,6239520.0,0.63125,0.6666666666666666
1605,1,145,46,99,26.09,45,15,30,27.0,2165152,689800,1099368,366456,7,0,51,5,30,250424-235203_Run_463_Idx_15193,1160,0,5e-05,20000000,43303040.0,13796000.0,21987360.0,7329120.0,0.6827586206896552,0.6666666666666666
1606,1,145,45,100,26.17,45,15,30,27.0,2120832,673632,1099368,366456,7,0,51,5,30,250424-225717_Run_435_Idx_71006,1090,0,5e-05,20000000,42416640.0,13472640.0,21987360.0,7329120.0,0.6896551724137931,0.6666666666666666
1607,1,80,24,56,25.42,18,6,12,24.0,2379344,687984,954640,241456,14,0,51,5,30,250425-000335_Run_1156_Idx_54226,2890,0,5e-05,20000000,47586880.0,13759680.0,19092800.0,4829120.0,0.7,0.6666666666666666
1608,1,160,58,102,23.11,81,27,54,27.0,594296,215392,935928,311976,4,0,51,5,30,250424-231850_Run_874_Idx_63012,2190,0,5e-05,20000000,11885920.0,4307840.0,18718560.0,6239520.0,0.6375,0.6666666666666666
1609,1,160,48,112,26.2,144,48,96,27.0,219904,68352,645120,215040,2,0,51,5,30,250424-224850_Run_449_Idx_5687,1130,0,5e-05,20000000,4398080.0,1367040.0,12902400.0,4300800.0,0.7,0.6666666666666666
1610,1,160,59,101,23.3,144,48,96,27.0,162376,59096,645120,215040,2,0,51,5,30,250424-230518_Run_897_Idx_9037,2250,0,5e-05,20000000,3247520.0,1181920.0,12902400.0,4300800.0,0.63125,0.6666666666666666
1611,1,145,45,100,25.99,45,15,30,27.0,2069472,656512,1099368,366456,7,0,51,5,30,250425-003553_Run_1667_Idx_61030,4170,0,5e-05,20000000,41389440.0,13130240.0,21987360.0,7329120.0,0.6896551724137931,0.6666666666666666
1612,1,160,48,112,26.08,81,27,54,27.0,892224,275552,935928,311976,4,0,51,5,30,250424-223826_Run_70_Idx_960,180,0,5e-05,20000000,17844480.0,5511040.0,18718560.0,6239520.0,0.7,0.6666666666666666
1613,1,145,45,100,22.37,45,15,30,27.0,1189312,363712,1099368,366456,7,0,51,5,30,250425-000807_Run_1387_Idx_24331,3470,0,5e-05,20000000,23786240.0,7274240.0,21987360.0,7329120.0,0.6896551724137931,0.6666666666666666
1614,1,160,57,103,19.39,81,27,54,22.36,499848,155336,685712,202184,4,0,51,5,30,250424-225010_Run_922_Idx_59929,2310,0,5e-05,20000000,9996960.0,3106720.0,13714240.0,4043680.0,0.64375,0.6666666666666666
1615,1,160,48,112,24.77,81,29,52,15.15,892224,275552,190920,57984,4,0,51,5,30,250425-010352_Run_1998_Idx_29088,5000,0,5e-05,20000000,17844480.0,5511040.0,3818400.0,1159680.0,0.7,0.6419753086419753
1616,1,80,25,55,21.82,18,6,12,24.0,1375640,493088,609232,241456,14,0,51,5,30,250425-005437_Run_1800_Idx_89663,4500,0,5e-05,20000000,27512800.0,9861760.0,12184640.0,4829120.0,0.6875,0.6666666666666666
1617,1,160,48,112,26.3,144,48,96,27.0,226560,70016,645120,215040,2,0,51,5,30,250424-233137_Run_497_Idx_25592,1250,0,5e-05,20000000,4531200.0,1400320.0,12902400.0,4300800.0,0.7,0.6666666666666666
1618,1,160,59,101,23.3,144,48,96,27.0,178456,59096,645120,215040,2,0,51,5,30,250424-234257_Run_833_Idx_9037,2090,0,5e-05,20000000,3569120.0,1181920.0,12902400.0,4300800.0,0.63125,0.6666666666666666
1619,1,145,45,100,25.81,45,15,30,27.0,2079552,654752,1099368,366456,7,0,51,5,30,250425-004604_Run_1711_Idx_24331,4280,0,5e-05,20000000,41591040.0,13095040.0,21987360.0,7329120.0,0.6896551724137931,0.6666666666666666
1620,1,145,49,96,22.95,45,16,29,21.0,1915392,591264,747048,276312,7,0,51,5,30,250424-234128_Run_955_Idx_47332,2390,0,5e-05,20000000,38307840.0,11825280.0,14940960.0,5526240.0,0.6620689655172414,0.6444444444444445
1621,1,80,25,55,25.26,18,6,12,24.0,2319736,729112,609232,241456,14,0,51,5,30,250425-002509_Run_1476_Idx_66277,3690,0,5e-05,20000000,46394720.0,14582240.0,12184640.0,4829120.0,0.6875,0.6666666666666666
1622,1,145,48,97,24.23,45,15,30,27.0,1685792,554456,1099368,366456,7,0,51,5,30,250424-232237_Run_631_Idx_98615,1580,0,5e-05,20000000,33715840.0,11089120.0,21987360.0,7329120.0,0.6689655172413793,0.6666666666666666
1623,1,160,53,107,23.34,81,27,54,27.0,717936,202960,935928,311976,4,0,51,5,30,250425-003035_Run_1706_Idx_18885,4270,0,5e-05,20000000,14358720.0,4059200.0,18718560.0,6239520.0,0.66875,0.6666666666666666
1624,1,160,60,100,23.42,81,27,54,27.0,716328,253784,935928,311976,4,0,51,5,30,250424-232313_Run_630_Idx_18492,1580,0,5e-05,20000000,14326560.0,5075680.0,18718560.0,6239520.0,0.625,0.6666666666666666
1625,1,160,48,112,25.6,144,48,96,24.0,226560,70016,549552,145536,2,0,51,5,30,250424-232824_Run_265_Idx_39758,670,0,5e-05,20000000,4531200.0,1400320.0,10991040.0,2910720.0,0.7,0.6666666666666666
1626,1,160,59,101,23.5,144,48,96,27.0,170056,61016,645120,215040,2,0,51,5,30,250425-001254_Run_1141_Idx_33085,2860,0,5e-05,20000000,3401120.0,1220320.0,12902400.0,4300800.0,0.63125,0.6666666666666666
1627,1,160,48,112,26.3,144,48,96,27.0,226560,70016,645120,215040,2,0,51,5,30,250424-224216_Run_341_Idx_39758,860,0,5e-05,20000000,4531200.0,1400320.0,12902400.0,4300800.0,0.7,0.6666666666666666
1628,1,145,47,98,23.17,45,15,30,24.0,1600672,463888,877936,261856,7,0,51,5,30,250424-231334_Run_883_Idx_40177,2210,0,5e-05,20000000,32013440.0,9277760.0,17558720.0,5237120.0,0.6758620689655173,0.6666666666666666
1629,1,80,25,55,23.92,18,6,12,21.22,2005720,650608,609232,241456,14,0,51,5,30,250425-010320_Run_1928_Idx_65229,4820,0,5e-05,20000000,40114400.0,13012160.0,12184640.0,4829120.0,0.6875,0.6666666666666666
1630,1,80,25,55,21.19,18,6,12,24.0,1946376,492936,954640,241456,14,0,51,5,30,250424-231930_Run_992_Idx_73672,2480,0,5e-05,20000000,38927520.0,9858720.0,19092800.0,4829120.0,0.6875,0.6666666666666666
1631,1,160,48,112,25.99,81,35,46,21.0,892224,275552,695104,201000,4,0,51,5,30,250424-225609_Run_318_Idx_3852,800,0,5e-05,20000000,17844480.0,5511040.0,13902080.0,4020000.0,0.7,0.5679012345679012
1632,1,80,25,55,22.41,18,6,12,27.0,1574784,533080,1069776,356592,14,0,51,5,30,250425-005617_Run_1940_Idx_65229,4850,0,5e-05,20000000,31495680.0,10661600.0,21395520.0,7131840.0,0.6875,0.6666666666666666
1633,1,160,57,103,20.49,81,27,54,24.0,629248,161856,835232,211280,4,0,51,5,30,250424-232111_Run_870_Idx_59929,2180,0,5e-05,20000000,12584960.0,3237120.0,16704640.0,4225600.0,0.64375,0.6666666666666666
1634,1,160,48,112,26.3,144,48,96,27.0,226560,70016,645120,215040,2,0,51,5,30,250424-224516_Run_693_Idx_13251,1740,0,5e-05,20000000,4531200.0,1400320.0,12902400.0,4300800.0,0.7,0.6666666666666666
1635,1,145,45,100,26.17,45,15,30,27.0,2120832,673632,1099368,366456,7,0,51,5,30,250424-230547_Run_183_Idx_61030,460,0,5e-05,20000000,42416640.0,13472640.0,21987360.0,7329120.0,0.6896551724137931,0.6666666666666666
1636,1,145,45,100,25.24,45,15,30,24.0,2052352,605152,981200,248288,7,0,51,5,30,250425-002736_Run_1295_Idx_71006,3240,0,5e-05,20000000,41047040.0,12103040.0,19624000.0,4965760.0,0.6896551724137931,0.6666666666666666
1637,1,145,47,98,21.73,45,15,30,24.0,1487392,521168,773304,275424,7,0,51,5,30,250424-234607_Run_947_Idx_8263,2370,0,5e-05,20000000,29747840.0,10423360.0,15466080.0,5508480.0,0.6758620689655173,0.6666666666666666
1638,1,80,24,56,24.1,18,6,12,21.0,2006688,531280,609232,241456,14,0,51,5,30,250424-231227_Run_1004_Idx_54226,2510,0,5e-05,20000000,40133760.0,10625600.0,12184640.0,4829120.0,0.7,0.6666666666666666
1639,1,145,45,100,22.42,45,15,30,16.8,1709952,519552,249552,65376,7,0,51,5,30,250425-001154_Run_1203_Idx_61030,3010,0,5e-05,20000000,34199040.0,10391040.0,4991040.0,1307520.0,0.6896551724137931,0.6666666666666666
1640,1,160,50,110,22.05,81,27,54,24.11,638408,169416,541464,213360,4,0,51,5,30,250425-004858_Run_1778_Idx_56365,4450,0,5e-05,20000000,12768160.0,3388320.0,10829280.0,4267200.0,0.6875,0.6666666666666666
1641,1,160,48,112,25.95,81,27,54,27.0,865984,268992,935928,311976,4,0,51,5,30,250424-223937_Run_94_Idx_75070,240,0,5e-05,20000000,17319680.0,5379840.0,18718560.0,6239520.0,0.7,0.6666666666666666
1642,1,160,48,112,25.25,81,27,54,19.44,892224,275552,351032,92728,4,0,51,5,30,250425-002057_Run_1366_Idx_85773,3420,0,5e-05,20000000,17844480.0,5511040.0,7020640.0,1854560.0,0.7,0.6666666666666666
1643,1,160,48,112,26.3,144,62,82,21.0,226560,70016,480048,138752,2,0,51,5,30,250424-225647_Run_317_Idx_91607,800,0,5e-05,20000000,4531200.0,1400320.0,9600960.0,2775040.0,0.7,0.5694444444444444
1644,1,160,48,112,26.04,81,27,54,24.0,892224,275552,786704,202184,4,0,51,5,30,250424-233959_Run_602_Idx_85773,1510,0,5e-05,20000000,17844480.0,5511040.0,15734080.0,4043680.0,0.7,0.6666666666666666
1645,1,80,25,55,26.21,18,6,12,27.0,2476440,768288,1069776,356592,14,0,51,5,30,250424-225600_Run_556_Idx_66277,1390,0,5e-05,20000000,49528800.0,15365760.0,21395520.0,7131840.0,0.6875,0.6666666666666666
1646,1,160,48,112,26.0,81,27,54,27.0,865984,268992,935928,311976,4,0,51,5,30,250424-232307_Run_154_Idx_78813,390,0,5e-05,20000000,17319680.0,5379840.0,18718560.0,6239520.0,0.7,0.6666666666666666
1647,1,80,24,56,22.62,18,6,12,27.0,1456288,393680,1069776,356592,14,0,51,5,30,250425-005928_Run_1948_Idx_61908,4870,0,5e-05,20000000,29125760.0,7873600.0,21395520.0,7131840.0,0.7,0.6666666666666666
1648,1,160,61,99,23.13,144,48,96,27.0,189576,66024,645120,215040,2,0,51,5,30,250424-232237_Run_749_Idx_63195,1880,0,5e-05,20000000,3791520.0,1320480.0,12902400.0,4300800.0,0.61875,0.6666666666666666
1649,1,160,48,112,26.2,144,48,96,27.0,219904,68352,645120,215040,2,0,51,5,30,250424-232603_Run_981_Idx_81871,2460,0,5e-05,20000000,4398080.0,1367040.0,12902400.0,4300800.0,0.7,0.6666666666666666
1650,1,80,25,55,20.08,18,6,12,21.0,1495104,513160,609232,241456,14,0,51,5,30,250425-004832_Run_1872_Idx_47249,4680,0,5e-05,20000000,29902080.0,10263200.0,12184640.0,4829120.0,0.6875,0.6666666666666666
1651,1,80,24,56,23.25,18,6,12,21.0,2044896,609632,609232,241456,14,0,51,5,30,250425-010127_Run_1904_Idx_54226,4760,0,5e-05,20000000,40897920.0,12192640.0,12184640.0,4829120.0,0.7,0.6666666666666666
1652,1,160,48,112,26.0,81,27,54,27.0,865984,268992,935928,311976,4,0,51,5,30,250424-235202_Run_106_Idx_78813,270,0,5e-05,20000000,17319680.0,5379840.0,18718560.0,6239520.0,0.7,0.6666666666666666
1653,1,80,24,56,23.39,18,6,12,24.0,2143320,550384,954640,241456,14,0,51,5,30,250424-230517_Run_1016_Idx_54226,2540,0,5e-05,20000000,42866400.0,11007680.0,19092800.0,4829120.0,0.7,0.6666666666666666
1654,1,145,45,100,20.5,45,15,30,27.0,1189312,363712,1099368,366456,7,0,51,5,30,250425-010319_Run_1995_Idx_95480,4990,0,5e-05,20000000,23786240.0,7274240.0,21987360.0,7329120.0,0.6896551724137931,0.6666666666666666
1655,1,80,26,54,25.96,18,6,12,27.0,2437264,770088,1069776,356592,14,0,51,5,30,250424-230446_Run_304_Idx_13799,760,0,5e-05,20000000,48745280.0,15401760.0,21395520.0,7131840.0,0.675,0.6666666666666666
1656,1,160,59,101,22.46,81,27,54,27.0,696192,239072,935928,311976,4,0,51,5,30,250424-232159_Run_750_Idx_16297,1880,0,5e-05,20000000,13923840.0,4781440.0,18718560.0,6239520.0,0.63125,0.6666666666666666
1657,1,160,48,112,26.2,144,48,96,27.0,219904,68352,645120,215040,2,0,51,5,30,250424-223750_Run_97_Idx_81871,250,0,5e-05,20000000,4398080.0,1367040.0,12902400.0,4300800.0,0.7,0.6666666666666666
1658,1,160,48,112,25.6,144,48,96,22.12,226560,70016,323664,102096,2,0,51,5,30,250425-005508_Run_1877_Idx_39758,4700,0,5e-05,20000000,4531200.0,1400320.0,6473280.0,2041920.0,0.7,0.6666666666666666
1659,1,80,25,55,26.21,18,6,12,27.0,2476440,768288,1069776,356592,14,0,51,5,30,250424-234853_Run_468_Idx_66277,1170,0,5e-05,20000000,49528800.0,15365760.0,21395520.0,7131840.0,0.6875,0.6666666666666666
1660,1,145,46,99,25.24,45,15,30,24.0,1898272,605960,720400,261856,7,0,51,5,30,250424-233646_Run_963_Idx_32731,2410,0,5e-05,20000000,37965440.0,12119200.0,14408000.0,5237120.0,0.6827586206896552,0.6666666666666666
1661,1,80,25,55,24.75,18,6,12,27.0,2203440,611432,1069776,356592,14,0,51,5,30,250424-224354_Run_1052_Idx_73672,2630,0,5e-05,20000000,44068800.0,12228640.0,21395520.0,7131840.0,0.6875,0.6666666666666666
1662,1,160,49,111,20.07,81,27,54,20.0,691200,175104,290616,74904,4,0,51,5,30,250425-003139_Run_1766_Idx_66276,4420,0,5e-05,20000000,13824000.0,3502080.0,5812320.0,1498080.0,0.69375,0.6666666666666666
1663,1,80,24,56,25.42,18,6,12,27.0,2201600,648808,1069776,356592,14,0,51,5,30,250425-000611_Run_1152_Idx_54226,2880,0,5e-05,20000000,44032000.0,12976160.0,21395520.0,7131840.0,0.7,0.6666666666666666
1664,1,80,25,55,26.12,18,6,12,27.0,2476440,768288,1069776,356592,14,0,51,5,30,250424-224327_Run_696_Idx_47249,1740,0,5e-05,20000000,49528800.0,15365760.0,21395520.0,7131840.0,0.6875,0.6666666666666666
1665,1,160,48,112,26.2,144,48,96,27.0,219904,68352,645120,215040,2,0,51,5,30,250424-233810_Run_129_Idx_7420,330,0,5e-05,20000000,4398080.0,1367040.0,12902400.0,4300800.0,0.7,0.6666666666666666
1666,1,145,45,100,25.9,45,15,30,27.0,2079552,654752,1099368,366456,7,0,51,5,30,250425-000301_Run_1395_Idx_24331,3490,0,5e-05,20000000,41591040.0,13095040.0,21987360.0,7329120.0,0.6896551724137931,0.6666666666666666
1667,1,160,48,112,26.2,144,48,96,27.0,219904,68352,645120,215040,2,0,51,5,30,250424-234254_Run_121_Idx_7420,310,0,5e-05,20000000,4398080.0,1367040.0,12902400.0,4300800.0,0.7,0.6666666666666666
1668,1,145,46,99,26.28,45,15,30,27.0,2182272,706920,1099368,366456,7,0,51,5,30,250424-234137_Run_243_Idx_57481,610,0,5e-05,20000000,43645440.0,14138400.0,21987360.0,7329120.0,0.6827586206896552,0.6666666666666666
1669,1,160,67,93,12.71,144,74,70,4.88,107568,37464,89088,44816,2,0,51,5,30,250425-003901_Run_1601_Idx_94722,4010,0,5e-05,20000000,2151360.0,749280.0,1781760.0,896320.0,0.58125,0.4861111111111111
1670,1,145,48,97,24.5,45,18,27,21.0,1856992,605816,772912,238264,7,0,51,5,30,250424-234215_Run_479_Idx_70762,1200,0,5e-05,20000000,37139840.0,12116320.0,15458240.0,4765280.0,0.6689655172413793,0.6
1671,1,80,25,55,22.35,18,6,12,24.0,2102816,532264,954640,241456,14,0,51,5,30,250425-010222_Run_1984_Idx_26496,4960,0,5e-05,20000000,42056320.0,10645280.0,19092800.0,4829120.0,0.6875,0.6666666666666666
1672,1,145,45,100,26.28,45,15,30,27.0,2182272,688992,1099368,366456,7,0,51,5,30,250424-224013_Run_67_Idx_95480,170,0,5e-05,20000000,43645440.0,13779840.0,21987360.0,7329120.0,0.6896551724137931,0.6666666666666666
1673,1,80,24,56,22.68,18,6,12,21.67,1889160,492104,609232,241456,14,0,51,5,30,250424-235403_Run_1232_Idx_61908,3080,0,5e-05,20000000,37783200.0,9842080.0,12184640.0,4829120.0,0.7,0.6666666666666666
1674,1,80,25,55,25.02,18,6,12,24.0,2082744,669864,609232,241456,14,0,51,5,30,250424-235713_Run_1404_Idx_47249,3510,0,5e-05,20000000,41654880.0,13397280.0,12184640.0,4829120.0,0.6875,0.6666666666666666
1675,1,160,48,112,26.3,144,48,96,27.0,226560,70016,645120,215040,2,0,51,5,30,250424-224026_Run_41_Idx_25592,110,0,5e-05,20000000,4531200.0,1400320.0,12902400.0,4300800.0,0.7,0.6666666666666666
1676,1,160,48,112,26.2,144,48,96,24.0,219904,68352,471360,145536,2,0,51,5,30,250425-001157_Run_1321_Idx_5687,3310,0,5e-05,20000000,4398080.0,1367040.0,9427200.0,2910720.0,0.7,0.6666666666666666
1677,1,145,46,99,22.81,45,15,30,18.53,1624352,486120,626696,248288,7,0,51,5,30,250425-000816_Run_1327_Idx_25884,3320,0,5e-05,20000000,32487040.0,9722400.0,12533920.0,4965760.0,0.6827586206896552,0.6666666666666666
1678,1,145,45,100,26.28,45,15,30,27.0,2182272,688992,1099368,366456,7,0,51,5,30,250424-230934_Run_771_Idx_95480,1930,0,5e-05,20000000,43645440.0,13779840.0,21987360.0,7329120.0,0.6896551724137931,0.6666666666666666
1679,1,160,48,112,26.12,81,27,54,27.0,892224,275552,935928,311976,4,0,51,5,30,250424-231151_Run_530_Idx_93338,1330,0,5e-05,20000000,17844480.0,5511040.0,18718560.0,6239520.0,0.7,0.6666666666666666
1680,1,80,25,55,26.0,18,6,12,27.0,2292120,722208,1069776,356592,14,0,51,5,30,250424-231039_Run_888_Idx_57146,2220,0,5e-05,20000000,45842400.0,14444160.0,21395520.0,7131840.0,0.6875,0.6666666666666666
1681,1,80,24,56,25.22,18,6,12,24.0,2379344,687984,954640,241456,14,0,51,5,30,250425-002539_Run_1180_Idx_61908,2950,0,5e-05,20000000,47586880.0,13759680.0,19092800.0,4829120.0,0.7,0.6666666666666666
1682,1,160,48,112,26.12,81,27,54,27.0,892224,275552,935928,311976,4,0,51,5,30,250425-000339_Run_1394_Idx_85773,3490,0,5e-05,20000000,17844480.0,5511040.0,18718560.0,6239520.0,0.7,0.6666666666666666
1683,1,145,52,93,22.61,45,15,30,27.0,1634432,557688,1099368,366456,7,0,51,5,30,250424-235006_Run_703_Idx_64445,1760,0,5e-05,20000000,32688640.0,11153760.0,21987360.0,7329120.0,0.6413793103448275,0.6666666666666666
1684,1,160,48,112,26.2,144,48,96,24.11,219904,68352,372736,146944,2,0,51,5,30,250424-234358_Run_357_Idx_5687,900,0,5e-05,20000000,4398080.0,1367040.0,7454720.0,2938880.0,0.7,0.6666666666666666
1685,1,80,25,55,26.21,18,6,12,27.0,2476440,768288,1069776,356592,14,0,51,5,30,250424-232758_Run_740_Idx_89663,1850,0,5e-05,20000000,49528800.0,15365760.0,21395520.0,7131840.0,0.6875,0.6666666666666666
1686,1,160,48,112,24.77,81,31,50,16.36,892224,275552,261872,102624,4,0,51,5,30,250425-003626_Run_1758_Idx_494,4400,0,5e-05,20000000,17844480.0,5511040.0,5237440.0,2052480.0,0.7,0.6172839506172839
1687,1,160,54,106,21.75,81,27,54,21.2,699536,204592,541464,213360,4,0,51,5,30,250424-235355_Run_1350_Idx_36891,3380,0,5e-05,20000000,13990720.0,4091840.0,10829280.0,4267200.0,0.6625,0.6666666666666666
1688,1,145,45,100,26.28,45,15,30,27.0,2182272,688992,1099368,366456,7,0,51,5,30,250424-234515_Run_711_Idx_95480,1780,0,5e-05,20000000,43645440.0,13779840.0,21987360.0,7329120.0,0.6896551724137931,0.6666666666666666
1689,1,160,62,98,23.25,81,27,54,27.0,704528,250568,935928,311976,4,0,51,5,30,250424-234059_Run_362_Idx_56919,910,0,5e-05,20000000,14090560.0,5011360.0,18718560.0,6239520.0,0.6125,0.6666666666666666
1690,1,160,58,102,23.5,144,48,96,27.0,184528,59344,645120,215040,2,0,51,5,30,250425-002504_Run_1181_Idx_92694,2960,0,5e-05,20000000,3690560.0,1186880.0,12902400.0,4300800.0,0.6375,0.6666666666666666
1691,1,160,48,112,24.75,81,27,54,24.0,830272,260064,670568,193088,4,0,51,5,30,250424-224312_Run_934_Idx_28528,2340,0,5e-05,20000000,16605440.0,5201280.0,13411360.0,3861760.0,0.7,0.6666666666666666
1692,1,145,46,99,24.26,45,15,30,20.4,2000992,657320,669192,249168,7,0,51,5,30,250425-010202_Run_1903_Idx_32731,4760,0,5e-05,20000000,40019840.0,13146400.0,13383840.0,4983360.0,0.6827586206896552,0.6666666666666666
1693,1,145,46,99,24.69,45,15,30,27.0,1959712,569960,1099368,366456,7,0,51,5,30,250425-001539_Run_1255_Idx_17402,3140,0,5e-05,20000000,39194240.0,11399200.0,21987360.0,7329120.0,0.6827586206896552,0.6666666666666666
1694,1,160,57,103,23.6,144,48,96,27.0,189576,59336,645120,215040,2,0,51,5,30,250425-001655_Run_1253_Idx_94514,3140,0,5e-05,20000000,3791520.0,1186720.0,12902400.0,4300800.0,0.64375,0.6666666666666666
1695,1,160,48,112,26.0,81,27,54,24.0,865984,268992,835232,211280,4,0,51,5,30,250424-224918_Run_210_Idx_78813,530,0,5e-05,20000000,17319680.0,5379840.0,16704640.0,4225600.0,0.7,0.6666666666666666
1696,1,145,51,94,22.49,45,15,30,27.0,1634432,556880,1099368,366456,7,0,51,5,30,250424-230817_Run_655_Idx_86624,1640,0,5e-05,20000000,32688640.0,11137600.0,21987360.0,7329120.0,0.6482758620689655,0.6666666666666666
1697,1,160,59,101,20.9,144,48,96,24.0,175104,44992,575616,145536,2,0,51,5,30,250425-004643_Run_1813_Idx_55923,4540,0,5e-05,20000000,3502080.0,899840.0,11512320.0,2910720.0,0.63125,0.6666666666666666
1698,1,160,48,112,26.3,144,48,96,27.0,226560,70016,645120,215040,2,0,51,5,30,250424-224331_Run_577_Idx_25592,1450,0,5e-05,20000000,4531200.0,1400320.0,12902400.0,4300800.0,0.7,0.6666666666666666
1699,1,160,48,112,26.12,81,27,54,27.0,892224,275552,935928,311976,4,0,51,5,30,250424-224959_Run_566_Idx_93338,1420,0,5e-05,20000000,17844480.0,5511040.0,18718560.0,6239520.0,0.7,0.6666666666666666
1700,1,145,49,96,24.85,45,15,30,27.0,1908832,619584,1099368,366456,7,0,51,5,30,250424-224457_Run_931_Idx_57098,2330,0,5e-05,20000000,38176640.0,12391680.0,21987360.0,7329120.0,0.6620689655172414,0.6666666666666666
1701,1,160,48,112,26.3,144,48,96,27.0,226560,70016,645120,215040,2,0,51,5,30,250424-232839_Run_621_Idx_13251,1560,0,5e-05,20000000,4531200.0,1400320.0,12902400.0,4300800.0,0.7,0.6666666666666666
1702,1,160,48,112,26.3,144,48,96,27.0,226560,70016,645120,215040,2,0,51,5,30,250424-234406_Run_713_Idx_82062,1790,0,5e-05,20000000,4531200.0,1400320.0,12902400.0,4300800.0,0.7,0.6666666666666666
1703,1,80,24,56,20.12,18,6,12,24.0,1317720,412784,954640,241456,14,0,51,5,30,250425-004724_Run_1796_Idx_54226,4490,0,5e-05,20000000,26354400.0,8255680.0,19092800.0,4829120.0,0.7,0.6666666666666666
1704,1,160,61,99,20.01,144,48,96,22.96,146296,41536,510456,145536,2,0,51,5,30,250424-225050_Run_921_Idx_86104,2310,0,5e-05,20000000,2925920.0,830720.0,10209120.0,2910720.0,0.61875,0.6666666666666666
1705,1,145,46,99,20.13,45,15,30,21.0,881632,291880,508528,130120,7,0,51,5,30,250425-004400_Run_1531_Idx_72713,3830,0,5e-05,20000000,17632640.0,5837600.0,10170560.0,2602400.0,0.6827586206896552,0.6666666666666666
1706,1,160,56,104,15.71,81,27,54,20.36,360488,128344,519704,197840,4,0,51,5,30,250425-005846_Run_1922_Idx_42754,4810,0,5e-05,20000000,7209760.0,2566880.0,10394080.0,3956800.0,0.65,0.6666666666666666
1707,1,160,48,112,26.2,144,48,96,27.0,219904,68352,645120,215040,2,0,51,5,30,250424-233209_Run_377_Idx_5687,950,0,5e-05,20000000,4398080.0,1367040.0,12902400.0,4300800.0,0.7,0.6666666666666666
1708,1,160,48,112,26.3,144,48,96,27.0,226560,70016,645120,215040,2,0,51,5,30,250425-005557_Run_1829_Idx_25592,4580,0,5e-05,20000000,4531200.0,1400320.0,12902400.0,4300800.0,0.7,0.6666666666666666
1709,1,160,57,103,21.98,144,48,96,24.0,145936,43200,575616,145536,2,0,51,5,30,250425-003221_Run_1673_Idx_42541,4190,0,5e-05,20000000,2918720.0,864000.0,11512320.0,2910720.0,0.64375,0.6666666666666666
1710,1,160,60,100,23.3,144,48,96,27.0,180064,60768,645120,215040,2,0,51,5,30,250424-232853_Run_857_Idx_84810,2150,0,5e-05,20000000,3601280.0,1215360.0,12902400.0,4300800.0,0.625,0.6666666666666666
1711,1,145,45,100,24.52,45,15,30,21.11,1782016,537568,518064,132504,7,0,51,5,30,250425-001305_Run_1319_Idx_71006,3300,0,5e-05,20000000,35640320.0,10751360.0,10361280.0,2650080.0,0.6896551724137931,0.6666666666666666
1712,1,160,55,105,20.5,81,27,54,24.0,665248,170368,835232,211280,4,0,51,5,30,250425-005550_Run_1814_Idx_56677,4540,0,5e-05,20000000,13304960.0,3407360.0,16704640.0,4225600.0,0.65625,0.6666666666666666
1713,1,80,25,55,26.04,18,6,12,27.0,2476440,768288,1069776,356592,14,0,51,5,30,250425-001237_Run_1260_Idx_89663,3150,0,5e-05,20000000,49528800.0,15365760.0,21395520.0,7131840.0,0.6875,0.6666666666666666
1714,1,160,55,105,22.3,144,48,96,24.11,172024,52408,372736,146944,2,0,51,5,30,250425-004936_Run_1777_Idx_40551,4450,0,5e-05,20000000,3440480.0,1048160.0,7454720.0,2938880.0,0.65625,0.6666666666666666
1715,1,160,48,112,26.3,144,48,96,27.0,226560,70016,645120,215040,2,0,51,5,30,250424-234107_Run_481_Idx_25592,1210,0,5e-05,20000000,4531200.0,1400320.0,12902400.0,4300800.0,0.7,0.6666666666666666
1716,1,145,46,99,21.69,45,15,30,15.0,1881152,537480,508528,130120,7,0,51,5,30,250425-005937_Run_1907_Idx_32731,4770,0,5e-05,20000000,37623040.0,10749600.0,10170560.0,2602400.0,0.6827586206896552,0.6666666666666666
1717,1,160,56,104,23.25,81,27,54,27.0,715216,220976,935928,311976,4,0,51,5,30,250424-225914_Run_1026_Idx_86591,2570,0,5e-05,20000000,14304320.0,4419520.0,18718560.0,6239520.0,0.65,0.6666666666666666
1718,1,160,53,107,18.46,81,29,52,21.12,442768,163144,546768,189608,4,0,51,5,30,250425-002915_Run_1678_Idx_56677,4200,0,5e-05,20000000,8855360.0,3262880.0,10935360.0,3792160.0,0.66875,0.6419753086419753
1719,1,80,25,55,24.0,18,6,12,24.0,2183464,611432,954640,241456,14,0,51,5,30,250424-224922_Run_448_Idx_65229,1120,0,5e-05,20000000,43669280.0,12228640.0,19092800.0,4829120.0,0.6875,0.6666666666666666
1720,1,145,45,100,22.68,45,15,30,12.31,1908352,620512,154024,130120,7,0,51,5,30,250425-003522_Run_1607_Idx_95480,4020,0,5e-05,20000000,38167040.0,12410240.0,3080480.0,2602400.0,0.6896551724137931,0.6666666666666666
1721,1,145,46,99,25.78,45,15,30,27.0,1977312,651400,1099368,366456,7,0,51,5,30,250425-003919_Run_1539_Idx_72713,3850,0,5e-05,20000000,39546240.0,13028000.0,21987360.0,7329120.0,0.6827586206896552,0.6666666666666666
1722,1,145,47,98,22.66,45,15,30,24.0,1737632,446768,981200,248288,7,0,51,5,30,250424-232035_Run_871_Idx_40177,2180,0,5e-05,20000000,34752640.0,8935360.0,19624000.0,4965760.0,0.6758620689655173,0.6666666666666666
1723,1,160,48,112,26.2,144,48,96,27.0,219904,68352,645120,215040,2,0,51,5,30,250424-224137_Run_461_Idx_5687,1160,0,5e-05,20000000,4398080.0,1367040.0,12902400.0,4300800.0,0.7,0.6666666666666666
1724,1,80,25,55,24.52,18,6,12,27.0,2056096,584608,1069776,356592,14,0,51,5,30,250425-000132_Run_1100_Idx_57146,2750,0,5e-05,20000000,41121920.0,11692160.0,21395520.0,7131840.0,0.6875,0.6666666666666666
1725,1,160,48,112,25.95,81,27,54,27.0,865984,268992,935928,311976,4,0,51,5,30,250424-230139_Run_1022_Idx_75070,2560,0,5e-05,20000000,17319680.0,5379840.0,18718560.0,6239520.0,0.7,0.6666666666666666
1726,1,80,24,56,21.62,18,6,12,15.0,1828944,550384,33552,11184,14,0,51,5,30,250425-001119_Run_1204_Idx_61908,3010,0,5e-05,20000000,36578880.0,11007680.0,671040.0,223680.0,0.7,0.6666666666666666
1727,1,145,45,100,25.24,45,15,30,24.0,2052352,605152,981200,248288,7,0,51,5,30,250424-230440_Run_423_Idx_71006,1060,0,5e-05,20000000,41047040.0,12103040.0,19624000.0,4965760.0,0.6896551724137931,0.6666666666666666
1728,1,145,45,100,26.28,45,15,30,27.0,2182272,688992,1099368,366456,7,0,51,5,30,250424-233733_Run_487_Idx_10792,1220,0,5e-05,20000000,43645440.0,13779840.0,21987360.0,7329120.0,0.6896551724137931,0.6666666666666666
1729,1,160,48,112,25.95,81,27,54,27.0,865984,268992,935928,311976,4,0,51,5,30,250424-232158_Run_394_Idx_47915,990,0,5e-05,20000000,17319680.0,5379840.0,18718560.0,6239520.0,0.7,0.6666666666666666
1730,1,80,25,55,26.21,18,6,12,27.0,2476440,768288,1069776,356592,14,0,51,5,30,250424-231302_Run_528_Idx_66277,1320,0,5e-05,20000000,49528800.0,15365760.0,21395520.0,7131840.0,0.6875,0.6666666666666666
1731,1,160,48,112,25.85,81,27,54,24.0,865984,268992,835232,211280,4,0,51,5,30,250425-002812_Run_1294_Idx_47915,3240,0,5e-05,20000000,17319680.0,5379840.0,16704640.0,4225600.0,0.7,0.6666666666666666
1732,1,160,48,112,26.0,81,27,54,27.0,865984,268992,935928,311976,4,0,51,5,30,250424-232755_Run_146_Idx_78813,370,0,5e-05,20000000,17319680.0,5379840.0,18718560.0,6239520.0,0.7,0.6666666666666666
1733,1,160,48,112,25.42,81,27,54,24.0,892224,275552,710888,193088,4,0,51,5,30,250424-225638_Run_674_Idx_85773,1690,0,5e-05,20000000,17844480.0,5511040.0,14217760.0,3861760.0,0.7,0.6666666666666666
1734,1,160,48,112,26.3,144,48,96,27.0,226560,70016,645120,215040,2,0,51,5,30,250424-235011_Run_229_Idx_39758,580,0,5e-05,20000000,4531200.0,1400320.0,12902400.0,4300800.0,0.7,0.6666666666666666
1735,1,160,48,112,26.08,81,27,54,27.0,892224,275552,935928,311976,4,0,51,5,30,250425-004303_Run_1594_Idx_960,3990,0,5e-05,20000000,17844480.0,5511040.0,18718560.0,6239520.0,0.7,0.6666666666666666
1736,1,145,47,98,25.46,45,15,30,24.0,2165152,707728,930840,275424,7,0,51,5,30,250424-230629_Run_539_Idx_51427,1350,0,5e-05,20000000,43303040.0,14154560.0,18616800.0,5508480.0,0.6758620689655173,0.6666666666666666
1737,1,145,45,100,24.2,45,15,30,27.0,1436032,502432,1099368,366456,7,0,51,5,30,250425-004306_Run_1655_Idx_61030,4140,0,5e-05,20000000,28720640.0,10048640.0,21987360.0,7329120.0,0.6896551724137931,0.6666666666666666
1738,1,145,45,100,26.28,45,15,30,27.0,2182272,688992,1099368,366456,7,0,51,5,30,250424-224623_Run_691_Idx_24331,1730,0,5e-05,20000000,43645440.0,13779840.0,21987360.0,7329120.0,0.6896551724137931,0.6666666666666666
1739,1,80,26,54,21.71,18,6,12,24.0,1880192,487984,954640,241456,14,0,51,5,30,250424-233411_Run_848_Idx_74048,2120,0,5e-05,20000000,37603840.0,9759680.0,19092800.0,4829120.0,0.675,0.6666666666666666
1740,1,145,46,99,22.63,45,15,30,18.18,1668672,484360,508528,130120,7,0,51,5,30,250425-001249_Run_1439_Idx_57481,3600,0,5e-05,20000000,33373440.0,9687200.0,10170560.0,2602400.0,0.6827586206896552,0.6666666666666666
1741,1,160,48,112,26.3,144,48,96,27.0,226560,70016,645120,215040,2,0,51,5,30,250424-231418_Run_645_Idx_13251,1620,0,5e-05,20000000,4531200.0,1400320.0,12902400.0,4300800.0,0.7,0.6666666666666666
1742,1,80,24,56,20.96,18,6,12,15.22,1612992,432856,148688,126320,14,0,51,5,30,250425-000859_Run_1208_Idx_61908,3020,0,5e-05,20000000,32259840.0,8657120.0,2973760.0,2526400.0,0.7,0.6666666666666666
1743,1,80,25,55,24.84,18,6,12,24.0,2202208,689936,609232,241456,14,0,51,5,30,250424-224244_Run_816_Idx_89663,2040,0,5e-05,20000000,44044160.0,13798720.0,12184640.0,4829120.0,0.6875,0.6666666666666666
1744,1,80,25,55,26.21,18,6,12,27.0,2476440,768288,1069776,356592,14,0,51,5,30,250424-223605_Run_48_Idx_66277,120,0,5e-05,20000000,49528800.0,15365760.0,21395520.0,7131840.0,0.6875,0.6666666666666666
1745,1,160,48,112,25.99,81,27,54,24.0,892224,275552,835232,211280,4,0,51,5,30,250424-233239_Run_258_Idx_34316,650,0,5e-05,20000000,17844480.0,5511040.0,16704640.0,4225600.0,0.7,0.6666666666666666
1746,1,80,24,56,23.5,18,6,12,24.0,1515536,472032,954640,241456,14,0,51,5,30,250425-003308_Run_1580_Idx_54226,3950,0,5e-05,20000000,30310720.0,9440640.0,19092800.0,4829120.0,0.7,0.6666666666666666
1747,1,145,45,100,26.17,45,15,30,27.0,2120832,673632,1099368,366456,7,0,51,5,30,250424-231302_Run_171_Idx_61030,430,0,5e-05,20000000,42416640.0,13472640.0,21987360.0,7329120.0,0.6896551724137931,0.6666666666666666
1748,1,145,46,99,26.28,45,15,30,27.0,2182272,706920,1099368,366456,7,0,51,5,30,250424-225308_Run_323_Idx_57481,810,0,5e-05,20000000,43645440.0,14138400.0,21987360.0,7329120.0,0.6827586206896552,0.6666666666666666
1749,1,145,45,100,26.18,45,15,30,27.0,2182272,688992,1099368,366456,7,0,51,5,30,250424-231040_Run_651_Idx_24331,1630,0,5e-05,20000000,43645440.0,13779840.0,21987360.0,7329120.0,0.6896551724137931,0.6666666666666666
1750,1,145,44,101,22.7,45,15,30,21.64,1675712,450264,643392,222912,7,0,51,5,30,250424-235439_Run_1231_Idx_87914,3080,0,5e-05,20000000,33514240.0,9005280.0,12867840.0,4458240.0,0.696551724137931,0.6666666666666666
1751,1,145,45,100,25.62,45,15,30,24.0,1976832,637632,626696,248288,7,0,51,5,30,250424-235750_Run_1403_Idx_24331,3510,0,5e-05,20000000,39536640.0,12752640.0,12533920.0,4965760.0,0.6896551724137931,0.6666666666666666
1752,1,145,45,100,19.72,45,15,30,21.18,1103712,415072,626696,248288,7,0,51,5,30,250425-004639_Run_1679_Idx_10792,4200,0,5e-05,20000000,22074240.0,8301440.0,12533920.0,4965760.0,0.6896551724137931,0.6666666666666666
1753,1,160,48,112,25.95,81,27,54,27.0,865984,268992,935928,311976,4,0,51,5,30,250424-232419_Run_390_Idx_47915,980,0,5e-05,20000000,17319680.0,5379840.0,18718560.0,6239520.0,0.7,0.6666666666666666
1754,1,80,25,55,19.16,18,6,12,15.22,1632096,414584,494096,126320,14,0,51,5,30,250425-002922_Run_1648_Idx_65229,4120,0,5e-05,20000000,32641920.0,8291680.0,9881920.0,2526400.0,0.6875,0.6666666666666666
1755,1,160,55,105,22.06,81,27,54,27.0,596872,206264,935928,311976,4,0,51,5,30,250425-001835_Run_1310_Idx_66949,3280,0,5e-05,20000000,11937440.0,4125280.0,18718560.0,6239520.0,0.65625,0.6666666666666666
1756,1,80,25,55,22.96,18,6,12,21.0,1701576,486184,609232,241456,14,0,51,5,30,250424-231259_Run_884_Idx_57146,2210,0,5e-05,20000000,34031520.0,9723680.0,12184640.0,4829120.0,0.6875,0.6666666666666666
1757,1,160,59,101,21.7,81,31,50,21.0,732792,239032,521232,158840,4,0,51,5,30,250424-234203_Run_954_Idx_33284,2390,0,5e-05,20000000,14655840.0,4780640.0,10424640.0,3176800.0,0.63125,0.6172839506172839
1758,1,160,48,112,26.08,81,27,54,24.0,892224,275552,835232,211280,4,0,51,5,30,250424-233322_Run_494_Idx_93338,1240,0,5e-05,20000000,17844480.0,5511040.0,16704640.0,4225600.0,0.7,0.6666666666666666
1759,1,160,48,112,26.3,144,48,96,27.0,226560,70016,645120,215040,2,0,51,5,30,250424-232953_Run_737_Idx_82062,1850,0,5e-05,20000000,4531200.0,1400320.0,12902400.0,4300800.0,0.7,0.6666666666666666
1760,1,80,25,55,23.52,18,6,12,21.67,1927488,572952,609232,241456,14,0,51,5,30,250425-000721_Run_1448_Idx_26496,3620,0,5e-05,20000000,38549760.0,11459040.0,12184640.0,4829120.0,0.6875,0.6666666666666666
1761,1,160,51,109,20.64,81,27,54,16.72,691488,175808,449528,114632,4,0,51,5,30,250425-010120_Run_1958_Idx_45004,4900,0,5e-05,20000000,13829760.0,3516160.0,8990560.0,2292640.0,0.68125,0.6666666666666666
1762,1,160,67,93,18.46,144,54,90,21.17,118824,42288,393168,120288,2,0,51,5,30,250424-235640_Run_1405_Idx_6758,3520,0,5e-05,20000000,2376480.0,845760.0,7863360.0,2405760.0,0.58125,0.625
1763,1,160,48,112,26.2,144,48,96,24.11,219904,68352,372736,146944,2,0,51,5,30,250424-225606_Run_437_Idx_5687,1100,0,5e-05,20000000,4398080.0,1367040.0,7454720.0,2938880.0,0.7,0.6666666666666666
1764,1,160,48,112,25.99,81,27,54,27.0,892224,275552,935928,311976,4,0,51,5,30,250424-232259_Run_274_Idx_34316,690,0,5e-05,20000000,17844480.0,5511040.0,18718560.0,6239520.0,0.7,0.6666666666666666
1765,1,80,25,55,20.96,18,6,12,12.33,1829128,533776,35776,13408,14,0,51,5,30,250425-001945_Run_1368_Idx_47249,3420,0,5e-05,20000000,36582560.0,10675520.0,715520.0,268160.0,0.6875,0.6666666666666666
1766,1,160,60,100,20.95,144,48,96,24.0,168448,43392,575616,145536,2,0,51,5,30,250424-230712_Run_1013_Idx_98715,2540,0,5e-05,20000000,3368960.0,867840.0,11512320.0,2910720.0,0.625,0.6666666666666666
1767,1,145,45,100,25.34,45,15,30,24.0,2113792,620512,981200,248288,7,0,51,5,30,250424-230445_Run_779_Idx_95480,1950,0,5e-05,20000000,42275840.0,12410240.0,19624000.0,4965760.0,0.6896551724137931,0.6666666666666666
1768,1,145,51,94,24.35,45,19,26,21.0,1915392,627120,824968,238696,7,0,51,5,30,250424-232007_Run_159_Idx_87338,400,0,5e-05,20000000,38307840.0,12542400.0,16499360.0,4773920.0,0.6482758620689655,0.5777777777777777
1769,1,145,47,98,25.46,45,17,28,22.2,2165152,707728,773304,250944,7,0,51,5,30,250424-230400_Run_543_Idx_22340,1360,0,5e-05,20000000,43303040.0,14154560.0,15466080.0,5018880.0,0.6758620689655173,0.6222222222222222
1770,1,160,58,102,19.62,144,48,96,22.09,137896,43264,445296,145536,2,0,51,5,30,250425-005511_Run_1845_Idx_17424,4620,0,5e-05,20000000,2757920.0,865280.0,8905920.0,2910720.0,0.6375,0.6666666666666666
1771,1,80,25,55,26.3,18,6,12,27.0,2476440,768288,1069776,356592,14,0,51,5,30,250424-234814_Run_232_Idx_26496,580,0,5e-05,20000000,49528800.0,15365760.0,21395520.0,7131840.0,0.6875,0.6666666666666666
1772,1,80,25,55,23.68,18,6,12,21.11,1913344,553696,502992,128544,14,0,51,5,30,250425-001230_Run_1320_Idx_65229,3300,0,5e-05,20000000,38266880.0,11073920.0,10059840.0,2570880.0,0.6875,0.6666666666666666
1773,1,160,52,108,20.51,81,28,53,20.15,567288,201288,420648,153496,4,0,51,5,30,250425-004117_Run_1750_Idx_84222,4380,0,5e-05,20000000,11345760.0,4025760.0,8412960.0,3069920.0,0.675,0.654320987654321
1774,1,80,24,56,17.36,18,6,12,18.0,1161016,373608,494096,126320,14,0,51,5,30,250425-004451_Run_1652_Idx_61908,4130,0,5e-05,20000000,23220320.0,7472160.0,9881920.0,2526400.0,0.7,0.6666666666666666
1775,1,80,25,55,24.65,18,6,12,27.0,2056096,584608,1069776,356592,14,0,51,5,30,250424-234110_Run_836_Idx_57146,2090,0,5e-05,20000000,41121920.0,11692160.0,21395520.0,7131840.0,0.6875,0.6666666666666666
1776,1,80,25,55,25.79,18,6,12,27.0,2358912,729112,1069776,356592,14,0,51,5,30,250425-001223_Run_1380_Idx_47249,3450,0,5e-05,20000000,47178240.0,14582240.0,21395520.0,7131840.0,0.6875,0.6666666666666666
1777,1,80,26,54,22.68,18,6,12,24.0,1997720,527160,954640,241456,14,0,51,5,30,250424-234812_Run_824_Idx_74048,2060,0,5e-05,20000000,39954400.0,10543200.0,19092800.0,4829120.0,0.675,0.6666666666666666
1778,1,145,49,96,22.63,45,15,30,24.0,1737632,448384,981200,248288,7,0,51,5,30,250424-234849_Run_823_Idx_57098,2060,0,5e-05,20000000,34752640.0,8967680.0,19624000.0,4965760.0,0.6620689655172414,0.6666666666666666
1779,1,160,48,112,26.2,144,48,96,27.0,219904,68352,645120,215040,2,0,51,5,30,250424-235007_Run_109_Idx_7420,280,0,5e-05,20000000,4398080.0,1367040.0,12902400.0,4300800.0,0.7,0.6666666666666666
1780,1,80,25,55,23.84,18,6,12,24.0,2260488,630688,954640,241456,14,0,51,5,30,250425-005552_Run_1860_Idx_47249,4650,0,5e-05,20000000,45209760.0,12613760.0,19092800.0,4829120.0,0.6875,0.6666666666666666
1781,1,160,50,110,23.42,81,30,51,15.72,700936,184904,506856,185400,4,0,51,5,30,250424-235938_Run_1518_Idx_18885,3800,0,5e-05,20000000,14018720.0,3698080.0,10137120.0,3708000.0,0.6875,0.6296296296296297
1782,1,160,55,105,20.9,81,27,54,24.0,510968,170408,655376,202184,4,0,51,5,30,250425-002547_Run_1238_Idx_86340,3100,0,5e-05,20000000,10219360.0,3408160.0,13107520.0,4043680.0,0.65625,0.6666666666666666
1783,1,160,54,106,20.9,144,48,96,24.0,175104,44672,575616,145536,2,0,51,5,30,250425-005517_Run_1861_Idx_37010,4660,0,5e-05,20000000,3502080.0,893440.0,11512320.0,2910720.0,0.6625,0.6666666666666666
1784,1,80,25,55,25.66,18,6,12,27.0,2174592,683032,1069776,356592,14,0,51,5,30,250424-232441_Run_864_Idx_57146,2160,0,5e-05,20000000,43491840.0,13660640.0,21395520.0,7131840.0,0.6875,0.6666666666666666
1785,1,160,64,96,23.6,144,48,96,27.0,200832,71040,645120,215040,2,0,51,5,30,250424-224441_Run_337_Idx_61378,850,0,5e-05,20000000,4016640.0,1420800.0,12902400.0,4300800.0,0.6,0.6666666666666666
1786,1,160,48,112,26.12,81,27,54,27.0,892224,275552,935928,311976,4,0,51,5,30,250424-224737_Run_570_Idx_93338,1430,0,5e-05,20000000,17844480.0,5511040.0,18718560.0,6239520.0,0.7,0.6666666666666666
1787,1,160,48,112,26.0,81,35,46,21.0,865984,268992,695104,201000,4,0,51,5,30,250424-232044_Run_158_Idx_40966,400,0,5e-05,20000000,17319680.0,5379840.0,13902080.0,4020000.0,0.7,0.5679012345679012
1788,1,80,24,56,21.35,18,6,12,15.0,2024824,589560,494096,126320,14,0,51,5,30,250425-005901_Run_1908_Idx_54226,4770,0,5e-05,20000000,40496480.0,11791200.0,9881920.0,2526400.0,0.7,0.6666666666666666
1789,1,160,48,112,26.12,81,27,54,27.0,892224,275552,935928,311976,4,0,51,5,30,250424-223751_Run_58_Idx_85773,150,0,5e-05,20000000,17844480.0,5511040.0,18718560.0,6239520.0,0.7,0.6666666666666666
1790,1,145,46,99,25.97,45,15,30,27.0,2028672,668520,1099368,366456,7,0,51,5,30,250424-231114_Run_887_Idx_72713,2220,0,5e-05,20000000,40573440.0,13370400.0,21987360.0,7329120.0,0.6827586206896552,0.6666666666666666
1791,1,145,45,100,22.36,45,15,30,24.0,1778432,451072,981200,248288,7,0,51,5,30,250425-005915_Run_1935_Idx_71006,4840,0,5e-05,20000000,35568640.0,9021440.0,19624000.0,4965760.0,0.6896551724137931,0.6666666666666666
1792,1,80,24,56,26.2,18,6,12,27.0,2399416,708056,1069776,356592,14,0,51,5,30,250425-005451_Run_1784_Idx_54226,4460,0,5e-05,20000000,47988320.0,14161120.0,21395520.0,7131840.0,0.7,0.6666666666666666
1793,1,80,25,55,25.56,18,6,12,27.0,2281888,709856,1069776,356592,14,0,51,5,30,250424-234654_Run_352_Idx_65229,880,0,5e-05,20000000,45637760.0,14197120.0,21395520.0,7131840.0,0.6875,0.6666666666666666
1794,1,145,45,100,26.28,45,15,30,27.0,2182272,688992,1099368,366456,7,0,51,5,30,250424-225635_Run_555_Idx_10792,1390,0,5e-05,20000000,43645440.0,13779840.0,21987360.0,7329120.0,0.6896551724137931,0.6666666666666666
1795,1,80,25,55,24.99,18,6,12,24.0,1937600,623784,609232,241456,14,0,51,5,30,250424-233850_Run_840_Idx_57146,2100,0,5e-05,20000000,38752000.0,12475680.0,12184640.0,4829120.0,0.6875,0.6666666666666666
1796,1,80,25,55,24.74,18,6,12,24.0,2232872,662960,954640,241456,14,0,51,5,30,250424-235626_Run_1108_Idx_57146,2770,0,5e-05,20000000,44657440.0,13259200.0,19092800.0,4829120.0,0.6875,0.6666666666666666
1797,1,160,48,112,25.44,81,27,54,24.0,830272,260064,835232,211280,4,0,51,5,30,250424-235740_Run_1106_Idx_28528,2770,0,5e-05,20000000,16605440.0,5201280.0,16704640.0,4225600.0,0.7,0.6666666666666666
1798,1,160,48,112,26.3,144,48,96,27.0,226560,70016,645120,215040,2,0,51,5,30,250424-233216_Run_733_Idx_82062,1840,0,5e-05,20000000,4531200.0,1400320.0,12902400.0,4300800.0,0.7,0.6666666666666666
1799,1,80,26,54,25.54,18,6,12,24.0,2437168,750016,954640,241456,14,0,51,5,30,250424-224103_Run_40_Idx_41760,100,0,5e-05,20000000,48743360.0,15000320.0,19092800.0,4829120.0,0.675,0.6666666666666666
1800,1,145,45,100,22.29,45,15,30,18.64,1230592,399712,508528,130120,7,0,51,5,30,250425-004153_Run_1627_Idx_71006,4070,0,5e-05,20000000,24611840.0,7994240.0,10170560.0,2602400.0,0.6896551724137931,0.6666666666666666
1801,1,80,25,55,26.21,18,6,12,27.0,2476440,768288,1069776,356592,14,0,51,5,30,250424-225652_Run_792_Idx_89663,1980,0,5e-05,20000000,49528800.0,15365760.0,21395520.0,7131840.0,0.6875,0.6666666666666666
1802,1,145,45,100,22.96,45,15,30,21.2,1813568,519776,636232,250672,7,0,51,5,30,250424-235315_Run_1351_Idx_71006,3380,0,5e-05,20000000,36271360.0,10395520.0,12724640.0,5013440.0,0.6896551724137931,0.6666666666666666
1803,1,160,57,103,23.25,81,27,54,27.0,716824,222648,935928,311976,4,0,51,5,30,250424-235455_Run_1170_Idx_89116,2930,0,5e-05,20000000,14336480.0,4452960.0,18718560.0,6239520.0,0.64375,0.6666666666666666
1804,1,80,25,55,24.78,18,6,12,24.0,2378016,669864,954640,241456,14,0,51,5,30,250424-233404_Run_612_Idx_47249,1530,0,5e-05,20000000,47560320.0,13397280.0,19092800.0,4829120.0,0.6875,0.6666666666666666
1805,1,145,45,100,23.57,45,15,30,21.64,1737152,500672,626696,248288,7,0,51,5,30,250425-005248_Run_1803_Idx_95480,4510,0,5e-05,20000000,34743040.0,10013440.0,12533920.0,4965760.0,0.6896551724137931,0.6666666666666666
1806,1,80,26,54,24.44,18,6,12,27.0,1889480,632488,1069776,356592,14,0,51,5,30,250424-232201_Run_632_Idx_29372,1580,0,5e-05,20000000,37789600.0,12649760.0,21395520.0,7131840.0,0.675,0.6666666666666666
1807,1,160,53,107,20.33,81,27,54,24.0,463912,147696,835232,211280,4,0,51,5,30,250425-003012_Run_1554_Idx_60897,3890,0,5e-05,20000000,9278240.0,2953920.0,16704640.0,4225600.0,0.66875,0.6666666666666666
1808,1,80,24,56,26.0,18,6,12,27.0,2399416,708056,1069776,356592,14,0,51,5,30,250424-233135_Run_140_Idx_61908,350,0,5e-05,20000000,47988320.0,14161120.0,21395520.0,7131840.0,0.7,0.6666666666666666
1809,1,145,45,100,26.28,45,15,30,27.0,2182272,688992,1099368,366456,7,0,51,5,30,250424-224404_Run_695_Idx_24331,1740,0,5e-05,20000000,43645440.0,13779840.0,21987360.0,7329120.0,0.6896551724137931,0.6666666666666666
1810,1,80,24,56,24.65,18,6,12,27.0,2163392,570456,1069776,356592,14,0,51,5,30,250425-001608_Run_1196_Idx_61908,2990,0,5e-05,20000000,43267840.0,11409120.0,21395520.0,7131840.0,0.7,0.6666666666666666
1811,1,160,57,103,18.32,81,27,54,24.0,455224,120568,835232,211280,4,0,51,5,30,250425-000719_Run_1506_Idx_76800,3770,0,5e-05,20000000,9104480.0,2411360.0,16704640.0,4225600.0,0.64375,0.6666666666666666
1812,1,160,58,102,20.55,81,27,54,24.0,665248,171136,835232,211280,4,0,51,5,30,250424-232041_Run_990_Idx_81044,2480,0,5e-05,20000000,13304960.0,3422720.0,16704640.0,4225600.0,0.6375,0.6666666666666666
1813,1,160,48,112,25.95,81,27,54,24.0,865984,268992,835232,211280,4,0,51,5,30,250424-225429_Run_1034_Idx_75070,2590,0,5e-05,20000000,17319680.0,5379840.0,16704640.0,4225600.0,0.7,0.6666666666666666
1814,1,145,45,100,23.59,45,15,30,24.0,1778432,502432,626696,248288,7,0,51,5,30,250425-000046_Run_1339_Idx_71006,3350,0,5e-05,20000000,35568640.0,10048640.0,12533920.0,4965760.0,0.6896551724137931,0.6666666666666666
1815,1,145,47,98,21.99,45,15,30,24.0,1299072,435568,626696,248288,7,0,51,5,30,250424-224907_Run_1043_Idx_8263,2610,0,5e-05,20000000,25981440.0,8711360.0,12533920.0,4965760.0,0.6758620689655173,0.6666666666666666
1816,1,160,48,112,25.81,81,27,54,27.0,830272,260064,935928,311976,4,0,51,5,30,250425-003501_Run_1546_Idx_28528,3870,0,5e-05,20000000,16605440.0,5201280.0,18718560.0,6239520.0,0.7,0.6666666666666666
1817,1,160,56,104,23.3,81,27,54,27.0,715216,220976,935928,311976,4,0,51,5,30,250425-001723_Run_1194_Idx_40966,2990,0,5e-05,20000000,14304320.0,4419520.0,18718560.0,6239520.0,0.65,0.6666666666666666
1818,1,160,58,102,23.5,144,48,96,27.0,184528,59344,645120,215040,2,0,51,5,30,250424-225951_Run_1025_Idx_75763,2570,0,5e-05,20000000,3690560.0,1186880.0,12902400.0,4300800.0,0.6375,0.6666666666666666
1819,1,80,25,55,25.26,18,6,12,24.0,2437264,729112,781936,241456,14,0,51,5,30,250424-232634_Run_268_Idx_26496,670,0,5e-05,20000000,48745280.0,14582240.0,15638720.0,4829120.0,0.6875,0.6666666666666666
1820,1,160,48,112,25.95,81,27,54,27.0,865984,268992,935928,311976,4,0,51,5,30,250424-231230_Run_410_Idx_47915,1030,0,5e-05,20000000,17319680.0,5379840.0,18718560.0,6239520.0,0.7,0.6666666666666666
1821,1,160,48,112,25.95,81,27,54,27.0,865984,268992,935928,311976,4,0,51,5,30,250424-235220_Run_1174_Idx_75070,2940,0,5e-05,20000000,17319680.0,5379840.0,18718560.0,6239520.0,0.7,0.6666666666666666
1822,1,160,56,104,18.92,81,27,54,24.0,470616,128344,835232,211280,4,0,51,5,30,250424-235336_Run_1410_Idx_35340,3530,0,5e-05,20000000,9412320.0,2566880.0,16704640.0,4225600.0,0.65,0.6666666666666666
1823,1,145,46,99,26.28,45,15,30,27.0,2182272,706920,1099368,366456,7,0,51,5,30,250425-002457_Run_1419_Idx_57481,3550,0,5e-05,20000000,43645440.0,14138400.0,21987360.0,7329120.0,0.6827586206896552,0.6666666666666666
1824,1,80,25,55,24.84,18,6,12,21.0,2319736,729112,609232,241456,14,0,51,5,30,250425-003107_Run_1736_Idx_47249,4340,0,5e-05,20000000,46394720.0,14582240.0,12184640.0,4829120.0,0.6875,0.6666666666666666
1825,1,145,45,100,26.28,45,15,30,27.0,2182272,688992,1099368,366456,7,0,51,5,30,250424-233509_Run_491_Idx_10792,1230,0,5e-05,20000000,43645440.0,13779840.0,21987360.0,7329120.0,0.6896551724137931,0.6666666666666666
1826,1,160,48,112,26.12,81,27,54,24.0,892224,275552,835232,211280,4,0,51,5,30,250424-234736_Run_470_Idx_93338,1180,0,5e-05,20000000,17844480.0,5511040.0,16704640.0,4225600.0,0.7,0.6666666666666666
1827,1,160,56,104,20.27,81,27,54,21.07,602608,211568,443888,149312,4,0,51,5,30,250425-004943_Run_1870_Idx_35340,4680,0,5e-05,20000000,12052160.0,4231360.0,8877760.0,2986240.0,0.65,0.6666666666666666
1828,1,160,48,112,25.95,81,27,54,27.0,892224,275552,935928,311976,4,0,51,5,30,250424-230333_Run_306_Idx_34316,770,0,5e-05,20000000,17844480.0,5511040.0,18718560.0,6239520.0,0.7,0.6666666666666666
1829,1,160,57,103,21.5,144,57,87,14.95,189576,59336,284568,85944,2,0,51,5,30,250425-003414_Run_1609_Idx_53802,4030,0,5e-05,20000000,3791520.0,1186720.0,5691360.0,1718880.0,0.64375,0.6041666666666666
1830,1,80,25,55,25.66,18,6,12,27.0,2174592,683032,1069776,356592,14,0,51,5,30,250424-224641_Run_928_Idx_57146,2320,0,5e-05,20000000,43491840.0,13660640.0,21395520.0,7131840.0,0.6875,0.6666666666666666
1831,1,145,45,100,25.34,45,15,30,24.0,2113792,620512,981200,248288,7,0,51,5,30,250425-000322_Run_1275_Idx_95480,3190,0,5e-05,20000000,42275840.0,12410240.0,19624000.0,4965760.0,0.6896551724137931,0.6666666666666666
1832,1,80,25,55,24.52,18,6,12,27.0,1769336,591512,1069776,356592,14,0,51,5,30,250424-233511_Run_728_Idx_89663,1820,0,5e-05,20000000,35386720.0,11830240.0,21395520.0,7131840.0,0.6875,0.6666666666666666
1833,1,80,26,54,24.26,18,6,12,21.33,2360240,750832,551664,183888,14,0,51,5,30,250424-231603_Run_404_Idx_76244,1010,0,5e-05,20000000,47204800.0,15016640.0,11033280.0,3677760.0,0.675,0.6666666666666666
1834,1,160,48,112,26.3,144,64,80,21.0,226560,70016,506112,147712,2,0,51,5,30,250424-223404_Run_77_Idx_69963,200,0,5e-05,20000000,4531200.0,1400320.0,10122240.0,2954240.0,0.7,0.5555555555555556
1835,1,145,46,99,25.9,45,15,30,27.0,2113792,672680,1099368,366456,7,0,51,5,30,250424-224846_Run_687_Idx_79281,1720,0,5e-05,20000000,42275840.0,13453600.0,21987360.0,7329120.0,0.6827586206896552,0.6666666666666666
1836,1,145,46,99,26.28,45,15,30,27.0,2182272,706920,1099368,366456,7,0,51,5,30,250424-224814_Run_331_Idx_57481,830,0,5e-05,20000000,43645440.0,14138400.0,21987360.0,7329120.0,0.6827586206896552,0.6666666666666666
1837,1,160,48,112,26.3,144,48,96,27.0,226560,70016,645120,215040,2,0,51,5,30,250424-231154_Run_649_Idx_13251,1630,0,5e-05,20000000,4531200.0,1400320.0,12902400.0,4300800.0,0.7,0.6666666666666666
1838,1,160,53,107,23.34,81,27,54,27.0,717360,202960,935928,311976,4,0,51,5,30,250424-235401_Run_1290_Idx_88860,3230,0,5e-05,20000000,14347200.0,4059200.0,18718560.0,6239520.0,0.66875,0.6666666666666666
1839,1,160,48,112,26.12,81,27,54,27.0,892224,275552,935928,311976,4,0,51,5,30,250424-233809_Run_486_Idx_93338,1220,0,5e-05,20000000,17844480.0,5511040.0,18718560.0,6239520.0,0.7,0.6666666666666666
1840,1,160,48,112,25.95,81,27,54,27.0,865984,268992,935928,311976,4,0,51,5,30,250424-234543_Run_354_Idx_47915,890,0,5e-05,20000000,17319680.0,5379840.0,18718560.0,6239520.0,0.7,0.6666666666666666
1841,1,160,48,112,26.0,81,27,54,27.0,865984,268992,935928,311976,4,0,51,5,30,250424-230355_Run_186_Idx_78813,470,0,5e-05,20000000,17319680.0,5379840.0,18718560.0,6239520.0,0.7,0.6666666666666666
1842,1,145,45,100,21.99,45,15,30,24.0,1155072,432192,626696,248288,7,0,51,5,30,250424-235359_Run_1527_Idx_10792,3820,0,5e-05,20000000,23101440.0,8643840.0,12533920.0,4965760.0,0.6896551724137931,0.6666666666666666
1843,1,160,48,112,26.2,144,48,96,27.0,219904,68352,645120,215040,2,0,51,5,30,250424-230330_Run_425_Idx_5687,1070,0,5e-05,20000000,4398080.0,1367040.0,12902400.0,4300800.0,0.7,0.6666666666666666
1844,1,80,24,56,23.98,18,6,12,27.0,2045864,531280,1069776,356592,14,0,51,5,30,250425-004712_Run_1828_Idx_61908,4570,0,5e-05,20000000,40917280.0,10625600.0,21395520.0,7131840.0,0.7,0.6666666666666666
1845,1,145,46,99,25.97,45,15,30,27.0,2028672,668520,1099368,366456,7,0,51,5,30,250425-003654_Run_1543_Idx_72713,3860,0,5e-05,20000000,40573440.0,13370400.0,21987360.0,7329120.0,0.6827586206896552,0.6666666666666666
1846,1,145,46,99,25.46,45,15,30,24.0,2165152,689800,1010976,275424,7,0,51,5,30,250424-230128_Run_547_Idx_15193,1370,0,5e-05,20000000,43303040.0,13796000.0,20219520.0,5508480.0,0.6827586206896552,0.6666666666666666
1847,1,160,48,112,25.95,81,27,54,27.0,865984,268992,935928,311976,4,0,51,5,30,250424-225302_Run_442_Idx_47915,1110,0,5e-05,20000000,17319680.0,5379840.0,18718560.0,6239520.0,0.7,0.6666666666666666
1848,1,160,54,106,23.25,81,27,54,18.65,699536,204592,481160,158408,4,0,51,5,30,250425-000854_Run_1326_Idx_36891,3320,0,5e-05,20000000,13990720.0,4091840.0,9623200.0,3168160.0,0.6625,0.6666666666666666
1849,1,80,24,56,19.98,18,6,12,21.22,1181088,393680,609232,241456,14,0,51,5,30,250425-002521_Run_1120_Idx_54226,2800,0,5e-05,20000000,23621760.0,7873600.0,12184640.0,4829120.0,0.7,0.6666666666666666
1850,1,160,48,112,26.3,144,48,96,27.0,226560,70016,645120,215040,2,0,51,5,30,250424-224737_Run_689_Idx_13251,1730,0,5e-05,20000000,4531200.0,1400320.0,12902400.0,4300800.0,0.7,0.6666666666666666
1851,1,80,24,56,24.41,18,6,12,18.22,2044896,609632,609232,241456,14,0,51,5,30,250424-231008_Run_1008_Idx_54226,2520,0,5e-05,20000000,40897920.0,12192640.0,12184640.0,4829120.0,0.7,0.6666666666666666
1852,1,160,55,105,22.19,144,48,96,27.0,157416,55992,645120,215040,2,0,51,5,30,250425-005921_Run_1989_Idx_44266,4980,0,5e-05,20000000,3148320.0,1119840.0,12902400.0,4300800.0,0.65625,0.6666666666666666
1853,1,80,25,55,24.86,18,6,12,21.22,2319736,729112,609232,241456,14,0,51,5,30,250425-001548_Run_1492_Idx_66277,3730,0,5e-05,20000000,46394720.0,14582240.0,12184640.0,4829120.0,0.6875,0.6666666666666666
1854,1,80,24,56,23.5,18,6,12,27.0,1965576,511208,1069776,356592,14,0,51,5,30,250425-001551_Run_1136_Idx_54226,2840,0,5e-05,20000000,39311520.0,10224160.0,21395520.0,7131840.0,0.7,0.6666666666666666
1855,1,160,48,112,26.0,144,48,96,27.0,212224,66432,645120,215040,2,0,51,5,30,250424-232408_Run_865_Idx_1990,2170,0,5e-05,20000000,4244480.0,1328640.0,12902400.0,4300800.0,0.7,0.6666666666666666
1856,1,145,47,98,24.1,45,15,30,27.0,1446592,515248,1099368,366456,7,0,51,5,30,250424-235159_Run_1115_Idx_40177,2790,0,5e-05,20000000,28931840.0,10304960.0,21987360.0,7329120.0,0.6758620689655173,0.6666666666666666
1857,1,80,25,55,25.7,18,6,12,27.0,2398088,729112,1069776,356592,14,0,51,5,30,250424-232717_Run_504_Idx_66277,1260,0,5e-05,20000000,47961760.0,14582240.0,21395520.0,7131840.0,0.6875,0.6666666666666666
1858,1,160,72,88,12.41,144,64,80,11.26,88272,36176,193344,65176,2,0,51,5,30,250425-002352_Run_1361_Idx_87032,3410,0,5e-05,20000000,1765440.0,723520.0,3866880.0,1303520.0,0.55,0.5555555555555556
1859,1,160,48,112,25.6,144,48,96,20.68,226560,70016,419408,110960,2,0,51,5,30,250425-002134_Run_1365_Idx_13251,3420,0,5e-05,20000000,4531200.0,1400320.0,8388160.0,2219200.0,0.7,0.6666666666666666
1860,1,80,25,55,18.2,18,6,12,24.0,1317360,355488,954640,241456,14,0,51,5,30,250425-000605_Run_1508_Idx_66277,3770,0,5e-05,20000000,26347200.0,7109760.0,19092800.0,4829120.0,0.6875,0.6666666666666666
1861,1,160,48,112,25.99,81,27,54,27.0,892224,275552,935928,311976,4,0,51,5,30,250424-224018_Run_2_Idx_34316,10,0,5e-05,20000000,17844480.0,5511040.0,18718560.0,6239520.0,0.7,0.6666666666666666
1862,1,145,45,100,23.97,45,15,30,24.0,1846912,536672,626696,248288,7,0,51,5,30,250425-000210_Run_1219_Idx_61030,3050,0,5e-05,20000000,36938240.0,10733440.0,12533920.0,4965760.0,0.6896551724137931,0.6666666666666666
1863,1,160,48,112,26.3,144,48,96,24.0,226560,70016,575616,145536,2,0,51,5,30,250424-234818_Run_469_Idx_25592,1180,0,5e-05,20000000,4531200.0,1400320.0,11512320.0,2910720.0,0.7,0.6666666666666666
1864,1,80,25,55,25.96,18,6,12,27.0,2358912,729112,1069776,356592,14,0,51,5,30,250424-233350_Run_256_Idx_26496,640,0,5e-05,20000000,47178240.0,14582240.0,21395520.0,7131840.0,0.6875,0.6666666666666666
1865,1,145,51,94,20.84,45,15,30,21.13,1377632,454160,826272,222912,7,0,51,5,30,250424-225336_Run_679_Idx_86624,1700,0,5e-05,20000000,27552640.0,9083200.0,16525440.0,4458240.0,0.6482758620689655,0.6666666666666666
1866,1,145,45,100,23.19,45,15,30,24.0,1350432,416832,981200,248288,7,0,51,5,30,250425-003105_Run_1675_Idx_61030,4190,0,5e-05,20000000,27008640.0,8336640.0,19624000.0,4965760.0,0.6896551724137931,0.6666666666666666
1867,1,80,24,56,24.39,18,6,12,21.0,2222640,648808,494096,126320,14,0,51,5,30,250424-235858_Run_1224_Idx_61908,3060,0,5e-05,20000000,44452800.0,12976160.0,9881920.0,2526400.0,0.7,0.6666666666666666
1868,1,80,25,55,26.04,18,6,12,27.0,2476440,768288,1069776,356592,14,0,51,5,30,250424-225824_Run_552_Idx_66277,1380,0,5e-05,20000000,49528800.0,15365760.0,21395520.0,7131840.0,0.6875,0.6666666666666666
1869,1,160,48,112,24.45,81,32,49,21.1,865984,268992,518568,159272,4,0,51,5,30,250424-231713_Run_402_Idx_85987,1010,0,5e-05,20000000,17319680.0,5379840.0,10371360.0,3185440.0,0.7,0.6049382716049383
1870,1,80,25,55,24.69,18,6,12,24.0,2378016,669864,954640,241456,14,0,51,5,30,250424-231826_Run_756_Idx_89663,1890,0,5e-05,20000000,47560320.0,13397280.0,19092800.0,4829120.0,0.6875,0.6666666666666666
1871,1,80,25,55,24.95,18,6,12,24.0,2378016,669864,954640,241456,14,0,51,5,30,250424-233127_Run_260_Idx_26496,650,0,5e-05,20000000,47560320.0,13397280.0,19092800.0,4829120.0,0.6875,0.6666666666666666
1872,1,145,47,98,25.13,45,15,30,24.0,2035232,623888,956704,261856,7,0,51,5,30,250424-225555_Run_199_Idx_47804,500,0,5e-05,20000000,40704640.0,12477760.0,19134080.0,5237120.0,0.6758620689655173,0.6666666666666666
1873,1,160,60,100,16.5,144,51,93,19.19,101136,35408,384480,119880,2,0,51,5,30,250425-010306_Run_1969_Idx_60794,4930,0,5e-05,20000000,2022720.0,708160.0,7689600.0,2397600.0,0.625,0.6458333333333334
1874,1,160,53,107,18.46,81,27,54,20.15,477136,152416,510496,131824,4,0,51,5,30,250425-003927_Run_1722_Idx_11742,4310,0,5e-05,20000000,9542720.0,3048320.0,10209920.0,2636480.0,0.66875,0.6666666666666666
1875,1,80,25,55,26.0,18,6,12,27.0,2292120,722208,1069776,356592,14,0,51,5,30,250425-003615_Run_1544_Idx_57146,3860,0,5e-05,20000000,45842400.0,14444160.0,21395520.0,7131840.0,0.6875,0.6666666666666666
1876,1,160,56,104,22.9,144,53,91,21.73,187968,57664,393168,128840,2,0,51,5,30,250424-235407_Run_1469_Idx_73398,3680,0,5e-05,20000000,3759360.0,1153280.0,7863360.0,2576800.0,0.65,0.6319444444444444
1877,1,160,54,106,21.02,144,62,82,12.47,175104,44672,297600,77936,2,0,51,5,30,250425-005058_Run_1837_Idx_1076,4600,0,5e-05,20000000,3502080.0,893440.0,5952000.0,1558720.0,0.6625,0.5694444444444444
1878,1,145,48,97,24.13,45,16,29,21.04,1703392,567416,692776,262744,7,0,51,5,30,250424-231554_Run_879_Idx_57098,2200,0,5e-05,20000000,34067840.0,11348320.0,13855520.0,5254880.0,0.6689655172413793,0.6444444444444445
1879,1,80,24,56,25.46,18,6,12,27.0,2281888,668880,1069776,356592,14,0,51,5,30,250425-005701_Run_1952_Idx_61908,4880,0,5e-05,20000000,45637760.0,13377600.0,21395520.0,7131840.0,0.7,0.6666666666666666
1880,1,145,45,100,26.28,45,15,30,27.0,2182272,688992,1099368,366456,7,0,51,5,30,250424-234250_Run_715_Idx_95480,1790,0,5e-05,20000000,43645440.0,13779840.0,21987360.0,7329120.0,0.6896551724137931,0.6666666666666666
1881,1,160,57,103,22.68,81,27,54,24.0,742488,229208,618104,193088,4,0,51,5,30,250424-224616_Run_810_Idx_29810,2030,0,5e-05,20000000,14849760.0,4584160.0,12362080.0,3861760.0,0.64375,0.6666666666666666
1882,1,160,48,112,26.08,81,27,54,24.0,892224,275552,835232,211280,4,0,51,5,30,250425-000632_Run_1270_Idx_960,3180,0,5e-05,20000000,17844480.0,5511040.0,16704640.0,4225600.0,0.7,0.6666666666666666
1883,1,80,25,55,26.21,18,6,12,27.0,2476440,768288,1069776,356592,14,0,51,5,30,250424-232534_Run_744_Idx_89663,1860,0,5e-05,20000000,49528800.0,15365760.0,21395520.0,7131840.0,0.6875,0.6666666666666666
1884,1,160,48,112,26.3,144,48,96,24.0,226560,70016,536520,145536,2,0,51,5,30,250424-231640_Run_641_Idx_13251,1610,0,5e-05,20000000,4531200.0,1400320.0,10730400.0,2910720.0,0.7,0.6666666666666666
1885,1,80,25,55,26.0,18,6,12,27.0,2292120,722208,1069776,356592,14,0,51,5,30,250424-230818_Run_892_Idx_57146,2230,0,5e-05,20000000,45842400.0,14444160.0,21395520.0,7131840.0,0.6875,0.6666666666666666
1886,1,160,48,112,26.0,81,27,54,27.0,865984,268992,935928,311976,4,0,51,5,30,250424-225144_Run_206_Idx_78813,520,0,5e-05,20000000,17319680.0,5379840.0,18718560.0,6239520.0,0.7,0.6666666666666666
1887,1,145,45,100,25.95,45,15,30,27.0,2120832,673632,1099368,366456,7,0,51,5,30,250425-004904_Run_1855_Idx_71006,4640,0,5e-05,20000000,42416640.0,13472640.0,21987360.0,7329120.0,0.6896551724137931,0.6666666666666666
1888,1,80,26,54,24.31,18,6,12,27.0,1967608,593256,1069776,356592,14,0,51,5,30,250424-232531_Run_388_Idx_76244,970,0,5e-05,20000000,39352160.0,11865120.0,21395520.0,7131840.0,0.675,0.6666666666666666
1889,1,160,48,112,26.2,144,68,76,18.04,219904,68352,414888,139568,2,0,51,5,30,250424-231155_Run_1005_Idx_52751,2520,0,5e-05,20000000,4398080.0,1367040.0,8297760.0,2791360.0,0.7,0.5277777777777778
1890,1,160,53,107,20.8,144,48,96,24.0,134680,42944,575616,145536,2,0,51,5,30,250425-004916_Run_1793_Idx_35778,4490,0,5e-05,20000000,2693600.0,858880.0,11512320.0,2910720.0,0.66875,0.6666666666666666
1891,1,160,48,112,26.0,144,48,96,27.0,212224,66432,645120,215040,2,0,51,5,30,250425-000058_Run_1101_Idx_1990,2760,0,5e-05,20000000,4244480.0,1328640.0,12902400.0,4300800.0,0.7,0.6666666666666666
1892,1,145,47,98,23.69,45,15,30,22.91,1628832,522288,636232,250672,7,0,51,5,30,250425-000145_Run_1159_Idx_8263,2900,0,5e-05,20000000,32576640.0,10445760.0,12724640.0,5013440.0,0.6758620689655173,0.6666666666666666
1893,1,160,48,112,26.2,144,48,96,27.0,219904,68352,645120,215040,2,0,51,5,30,250424-223902_Run_17_Idx_7420,50,0,5e-05,20000000,4398080.0,1367040.0,12902400.0,4300800.0,0.7,0.6666666666666666
1894,1,160,57,103,18.4,144,62,82,15.19,168448,43200,271536,77936,2,0,51,5,30,250425-005826_Run_1909_Idx_45395,4780,0,5e-05,20000000,3368960.0,864000.0,5430720.0,1558720.0,0.64375,0.5694444444444444
1895,1,80,25,55,25.54,18,6,12,27.0,2174592,683032,1069776,356592,14,0,51,5,30,250424-235855_Run_1104_Idx_57146,2760,0,5e-05,20000000,43491840.0,13660640.0,21395520.0,7131840.0,0.6875,0.6666666666666666
1896,1,145,45,100,23.28,45,15,30,23.09,1739840,501344,636232,250672,7,0,51,5,30,250425-000026_Run_1399_Idx_24331,3500,0,5e-05,20000000,34796800.0,10026880.0,12724640.0,5013440.0,0.6896551724137931,0.6666666666666666
1897,1,160,48,112,24.2,144,53,91,16.97,226560,70016,248640,90536,2,0,51,5,30,250425-003155_Run_1613_Idx_48874,4040,0,5e-05,20000000,4531200.0,1400320.0,4972800.0,1810720.0,0.7,0.6319444444444444
1898,1,160,48,112,25.99,81,28,53,18.79,892224,275552,485504,127912,4,0,51,5,30,250425-001327_Run_1438_Idx_66276,3600,0,5e-05,20000000,17844480.0,5511040.0,9710080.0,2558240.0,0.7,0.654320987654321
1899,1,160,48,112,26.3,144,48,96,27.0,226560,70016,645120,215040,2,0,51,5,30,250424-232156_Run_513_Idx_25592,1290,0,5e-05,20000000,4531200.0,1400320.0,12902400.0,4300800.0,0.7,0.6666666666666666
1900,1,160,48,112,25.95,81,27,54,21.0,865984,268992,449528,114632,4,0,51,5,30,250425-010219_Run_1930_Idx_47915,4830,0,5e-05,20000000,17319680.0,5379840.0,8990560.0,2292640.0,0.7,0.6666666666666666
1901,1,160,48,112,25.99,81,27,54,27.0,892224,275552,935928,311976,4,0,51,5,30,250424-231059_Run_294_Idx_34316,740,0,5e-05,20000000,17844480.0,5511040.0,18718560.0,6239520.0,0.7,0.6666666666666666
1902,1,160,48,112,26.12,81,27,54,24.0,892224,275552,835232,211280,4,0,51,5,30,250425-005249_Run_1834_Idx_93338,4590,0,5e-05,20000000,17844480.0,5511040.0,16704640.0,4225600.0,0.7,0.6666666666666666
1903,1,160,48,112,25.9,81,27,54,27.0,865984,268992,935928,311976,4,0,51,5,30,250425-005816_Run_1950_Idx_78813,4880,0,5e-05,20000000,17319680.0,5379840.0,18718560.0,6239520.0,0.7,0.6666666666666666
1904,1,160,48,112,24.45,81,34,47,18.37,865984,268992,444480,133960,4,0,51,5,30,250425-001455_Run_1198_Idx_56677,3000,0,5e-05,20000000,17319680.0,5379840.0,8889600.0,2679200.0,0.7,0.5802469135802469
1905,1,160,48,112,26.0,81,27,54,27.0,865984,268992,935928,311976,4,0,51,5,30,250424-230625_Run_182_Idx_78813,460,0,5e-05,20000000,17319680.0,5379840.0,18718560.0,6239520.0,0.7,0.6666666666666666
1906,1,145,46,99,26.17,45,15,30,27.0,2120832,691560,1099368,366456,7,0,51,5,30,250424-232450_Run_983_Idx_32731,2460,0,5e-05,20000000,42416640.0,13831200.0,21987360.0,7329120.0,0.6827586206896552,0.6666666666666666
1907,1,80,25,55,25.2,18,6,12,24.0,2082744,669864,609232,241456,14,0,51,5,30,250424-231341_Run_764_Idx_89663,1910,0,5e-05,20000000,41654880.0,13397280.0,12184640.0,4829120.0,0.6875,0.6666666666666666
1908,1,80,25,55,24.0,18,6,12,21.0,1740848,544560,609232,241456,14,0,51,5,30,250424-231518_Run_880_Idx_57146,2200,0,5e-05,20000000,34816960.0,10891200.0,12184640.0,4829120.0,0.6875,0.6666666666666666
1909,1,80,24,56,23.55,18,6,12,27.0,1965576,511208,1069776,356592,14,0,51,5,30,250425-002815_Run_1588_Idx_54226,3970,0,5e-05,20000000,39311520.0,10224160.0,21395520.0,7131840.0,0.7,0.6666666666666666
1910,1,80,25,55,26.04,18,6,12,27.0,2476440,768288,1069776,356592,14,0,51,5,30,250424-231004_Run_652_Idx_47249,1630,0,5e-05,20000000,49528800.0,15365760.0,21395520.0,7131840.0,0.6875,0.6666666666666666
1911,1,160,48,112,26.0,81,27,54,27.0,865984,268992,935928,311976,4,0,51,5,30,250424-233023_Run_142_Idx_78813,360,0,5e-05,20000000,17319680.0,5379840.0,18718560.0,6239520.0,0.7,0.6666666666666666
1912,1,160,48,112,26.12,81,27,54,24.0,892224,275552,615056,202184,4,0,51,5,30,250425-004234_Run_1686_Idx_93338,4220,0,5e-05,20000000,17844480.0,5511040.0,12301120.0,4043680.0,0.7,0.6666666666666666
1913,1,80,25,55,25.36,18,6,12,27.0,2281888,709856,1069776,356592,14,0,51,5,30,250425-004828_Run_1856_Idx_65229,4640,0,5e-05,20000000,45637760.0,14197120.0,21395520.0,7131840.0,0.6875,0.6666666666666666
1914,1,80,25,55,26.04,18,6,12,27.0,2476440,768288,1069776,356592,14,0,51,5,30,250424-233140_Run_616_Idx_47249,1540,0,5e-05,20000000,49528800.0,15365760.0,21395520.0,7131840.0,0.6875,0.6666666666666666
1915,1,160,58,102,22.36,144,48,96,27.0,159160,57424,645120,215040,2,0,51,5,30,250425-003315_Run_1549_Idx_82626,3880,0,5e-05,20000000,3183200.0,1148480.0,12902400.0,4300800.0,0.6375,0.6666666666666666
1916,1,160,48,112,26.04,81,27,54,27.0,892224,275552,935928,311976,4,0,51,5,30,250424-232912_Run_738_Idx_960,1850,0,5e-05,20000000,17844480.0,5511040.0,18718560.0,6239520.0,0.7,0.6666666666666666
1917,1,145,45,100,24.74,45,15,30,21.67,2113792,671872,626696,248288,7,0,51,5,30,250425-001132_Run_1499_Idx_10792,3750,0,5e-05,20000000,42275840.0,13437440.0,12533920.0,4965760.0,0.6896551724137931,0.6666666666666666
1918,1,160,52,108,21.5,81,28,53,14.43,716040,201288,262256,92232,4,0,51,5,30,250425-003337_Run_1610_Idx_88860,4030,0,5e-05,20000000,14320800.0,4025760.0,5245120.0,1844640.0,0.675,0.654320987654321
1919,1,145,46,99,24.87,45,15,30,27.0,1932512,571720,1099368,366456,7,0,51,5,30,250425-001645_Run_1195_Idx_86910,2990,0,5e-05,20000000,38650240.0,11434400.0,21987360.0,7329120.0,0.6827586206896552,0.6666666666666666
1920,1,80,24,56,22.96,18,6,12,27.0,1692312,531280,1069776,356592,14,0,51,5,30,250425-001834_Run_1192_Idx_61908,2980,0,5e-05,20000000,33846240.0,10625600.0,21395520.0,7131840.0,0.7,0.6666666666666666
1921,1,160,48,112,25.56,81,27,54,27.0,830272,260064,935928,311976,4,0,51,5,30,250424-233043_Run_854_Idx_28528,2140,0,5e-05,20000000,16605440.0,5201280.0,18718560.0,6239520.0,0.7,0.6666666666666666
1922,1,80,25,55,26.3,18,6,12,27.0,2476440,768288,1069776,356592,14,0,51,5,30,250425-002420_Run_1420_Idx_26496,3550,0,5e-05,20000000,49528800.0,15365760.0,21395520.0,7131840.0,0.6875,0.6666666666666666
1923,1,145,46,99,25.99,45,15,30,27.0,2103712,674440,1099368,366456,7,0,51,5,30,250424-234850_Run_111_Idx_86910,280,0,5e-05,20000000,42074240.0,13488800.0,21987360.0,7329120.0,0.6827586206896552,0.6666666666666666
1924,1,80,25,55,24.86,18,6,12,24.0,2378016,669864,954640,241456,14,0,51,5,30,250424-235713_Run_1464_Idx_26496,3660,0,5e-05,20000000,47560320.0,13397280.0,19092800.0,4829120.0,0.6875,0.6666666666666666
1925,1,160,48,112,26.3,144,48,96,27.0,226560,70016,645120,215040,2,0,51,5,30,250424-224253_Run_697_Idx_13251,1750,0,5e-05,20000000,4531200.0,1400320.0,12902400.0,4300800.0,0.7,0.6666666666666666
1926,1,145,45,100,18.94,45,15,30,12.62,1497472,380832,508528,130120,7,0,51,5,30,250425-004942_Run_1839_Idx_10792,4600,0,5e-05,20000000,29949440.0,7616640.0,10170560.0,2602400.0,0.6896551724137931,0.6666666666666666
1927,1,80,24,56,24.45,18,6,12,27.0,2163392,570456,1069776,356592,14,0,51,5,30,250425-004011_Run_1660_Idx_61908,4150,0,5e-05,20000000,43267840.0,11409120.0,21395520.0,7131840.0,0.7,0.6666666666666666
1928,1,160,48,112,25.42,81,27,54,24.0,892224,275552,750320,193088,4,0,51,5,30,250424-230207_Run_546_Idx_93338,1370,0,5e-05,20000000,17844480.0,5511040.0,15006400.0,3861760.0,0.7,0.6666666666666666
1929,1,80,25,55,26.0,18,6,12,27.0,2399416,749032,1069776,356592,14,0,51,5,30,250424-232045_Run_396_Idx_65229,990,0,5e-05,20000000,47988320.0,14980640.0,21395520.0,7131840.0,0.6875,0.6666666666666666
1930,1,80,25,55,25.54,18,6,12,24.0,2239448,709040,609232,241456,14,0,51,5,30,250425-004121_Run_1688_Idx_66277,4220,0,5e-05,20000000,44788960.0,14180800.0,12184640.0,4829120.0,0.6875,0.6666666666666666
1931,1,160,48,112,26.3,144,48,96,24.0,226560,70016,575616,145536,2,0,51,5,30,250425-000654_Run_1389_Idx_13251,3480,0,5e-05,20000000,4531200.0,1400320.0,11512320.0,2910720.0,0.7,0.6666666666666666
1932,1,160,59,101,20.48,81,27,54,24.0,629248,162560,835232,211280,4,0,51,5,30,250424-230708_Run_894_Idx_29620,2240,0,5e-05,20000000,12584960.0,3251200.0,16704640.0,4225600.0,0.63125,0.6666666666666666
1933,1,160,48,112,25.81,81,27,54,24.0,830272,260064,835232,211280,4,0,51,5,30,250425-004218_Run_1534_Idx_28528,3840,0,5e-05,20000000,16605440.0,5201280.0,16704640.0,4225600.0,0.7,0.6666666666666666
1934,1,160,48,112,24.9,144,52,92,21.33,226560,70016,384480,128704,2,0,51,5,30,250425-001247_Run_1497_Idx_2620,3750,0,5e-05,20000000,4531200.0,1400320.0,7689600.0,2574080.0,0.7,0.6388888888888888
1935,1,145,45,100,26.28,45,15,30,27.0,2182272,688992,1099368,366456,7,0,51,5,30,250424-231305_Run_647_Idx_24331,1620,0,5e-05,20000000,43645440.0,13779840.0,21987360.0,7329120.0,0.6896551724137931,0.6666666666666666
1936,1,160,57,103,23.11,81,27,54,23.67,681112,213720,706952,202184,4,0,51,5,30,250424-231410_Run_882_Idx_59929,2210,0,5e-05,20000000,13622240.0,4274400.0,14139040.0,4043680.0,0.64375,0.6666666666666666
1937,1,160,61,99,18.29,144,52,92,21.08,112168,37024,401856,120016,2,0,51,5,30,250424-235758_Run_1165_Idx_36949,2920,0,5e-05,20000000,2243360.0,740480.0,8037120.0,2400320.0,0.61875,0.6388888888888888
1938,1,80,24,56,22.94,18,6,12,24.0,2143320,550384,954640,241456,14,0,51,5,30,250425-003254_Run_1672_Idx_61908,4180,0,5e-05,20000000,42866400.0,11007680.0,19092800.0,4829120.0,0.7,0.6666666666666666
1939,1,145,45,100,24.23,45,15,30,27.0,1428992,500672,1099368,366456,7,0,51,5,30,250425-001033_Run_1383_Idx_24331,3460,0,5e-05,20000000,28579840.0,10013440.0,21987360.0,7329120.0,0.6896551724137931,0.6666666666666666
1940,1,80,25,55,24.86,18,6,12,24.0,2378016,669864,954640,241456,14,0,51,5,30,250424-234701_Run_708_Idx_89663,1770,0,5e-05,20000000,47560320.0,13397280.0,19092800.0,4829120.0,0.6875,0.6666666666666666
1941,1,80,25,55,20.55,18,6,12,13.33,1710088,493088,33552,11184,14,0,51,5,30,250425-010415_Run_2000_Idx_26496,5000,0,5e-05,20000000,34201760.0,9861760.0,671040.0,223680.0,0.6875,0.6666666666666666
1942,1,160,48,112,24.6,144,60,84,17.75,219904,68352,314976,95040,2,0,51,5,30,250425-001533_Run_1197_Idx_47159,3000,0,5e-05,20000000,4398080.0,1367040.0,6299520.0,1900800.0,0.7,0.5833333333333334
1943,1,145,45,100,25.46,45,18,27,21.6,2165152,671872,825816,251832,7,0,51,5,30,250424-232445_Run_271_Idx_40592,680,0,5e-05,20000000,43303040.0,13437440.0,16516320.0,5036640.0,0.6896551724137931,0.6
1944,1,145,46,99,24.39,45,15,30,21.0,1771392,604200,154024,130120,7,0,51,5,30,250425-005353_Run_1879_Idx_57481,4700,0,5e-05,20000000,35427840.0,12084000.0,3080480.0,2602400.0,0.6827586206896552,0.6666666666666666
1945,1,160,50,110,22.72,81,28,53,23.02,700648,184904,483320,188880,4,0,51,5,30,250425-005654_Run_1874_Idx_35638,4690,0,5e-05,20000000,14012960.0,3698080.0,9666400.0,3777600.0,0.6875,0.654320987654321
1946,1,160,62,98,20.27,144,50,94,22.88,149376,45184,540864,137120,2,0,51,5,30,250424-225451_Run_677_Idx_13903,1700,0,5e-05,20000000,2987520.0,903680.0,10817280.0,2742400.0,0.6125,0.6527777777777778
1947,1,160,48,112,25.38,81,31,50,22.0,892224,275552,558616,177032,4,0,51,5,30,250424-224357_Run_814_Idx_25214,2040,0,5e-05,20000000,17844480.0,5511040.0,11172320.0,3540640.0,0.7,0.6172839506172839
1948,1,145,52,93,22.98,45,15,30,27.0,1720032,574808,1099368,366456,7,0,51,5,30,250424-233701_Run_607_Idx_60391,1520,0,5e-05,20000000,34400640.0,11496160.0,21987360.0,7329120.0,0.6413793103448275,0.6666666666666666
1949,1,160,48,112,26.3,144,48,96,27.0,226560,70016,645120,215040,2,0,51,5,30,250424-234744_Run_589_Idx_13251,1480,0,5e-05,20000000,4531200.0,1400320.0,12902400.0,4300800.0,0.7,0.6666666666666666
1950,1,80,25,55,25.66,18,6,12,27.0,2174592,683032,1069776,356592,14,0,51,5,30,250424-225607_Run_912_Idx_57146,2280,0,5e-05,20000000,43491840.0,13660640.0,21395520.0,7131840.0,0.6875,0.6666666666666666
1951,1,80,25,55,21.02,18,6,12,27.0,1651808,552336,1069776,356592,14,0,51,5,30,250425-000217_Run_1456_Idx_26496,3640,0,5e-05,20000000,33036160.0,11046720.0,21395520.0,7131840.0,0.6875,0.6666666666666666
1952,1,160,48,112,26.3,144,48,96,24.0,226560,70016,575616,145536,2,0,51,5,30,250424-230603_Run_777_Idx_82062,1950,0,5e-05,20000000,4531200.0,1400320.0,11512320.0,2910720.0,0.7,0.6666666666666666
1953,1,80,25,55,26.0,18,6,12,27.0,2399416,749032,1069776,356592,14,0,51,5,30,250424-223527_Run_36_Idx_65229,90,0,5e-05,20000000,47988320.0,14980640.0,21395520.0,7131840.0,0.6875,0.6666666666666666
1954,1,160,56,104,23.11,81,27,54,27.0,679504,212048,935928,311976,4,0,51,5,30,250424-224533_Run_930_Idx_55670,2330,0,5e-05,20000000,13590080.0,4240960.0,18718560.0,6239520.0,0.65,0.6666666666666666
1955,1,160,48,112,24.6,144,64,80,20.33,219904,68352,471360,139024,2,0,51,5,30,250424-232012_Run_397_Idx_9419,1000,0,5e-05,20000000,4398080.0,1367040.0,9427200.0,2780480.0,0.7,0.5555555555555556
1956,1,145,46,99,24.85,45,15,30,27.0,1857472,565800,1099368,366456,7,0,51,5,30,250424-232739_Run_859_Idx_72713,2150,0,5e-05,20000000,37149440.0,11316000.0,21987360.0,7329120.0,0.6827586206896552,0.6666666666666666
1957,1,160,48,112,26.3,144,48,96,24.11,226560,70016,372736,146944,2,0,51,5,30,250424-232112_Run_277_Idx_39758,700,0,5e-05,20000000,4531200.0,1400320.0,7454720.0,2938880.0,0.7,0.6666666666666666
1958,1,160,48,112,25.42,81,27,54,24.0,892224,275552,499808,193088,4,0,51,5,30,250425-001436_Run_1494_Idx_93338,3740,0,5e-05,20000000,17844480.0,5511040.0,9996160.0,3861760.0,0.7,0.6666666666666666
1959,1,145,46,99,26.28,45,15,30,27.0,2182272,706920,1099368,366456,7,0,51,5,30,250424-223714_Run_7_Idx_57481,20,0,5e-05,20000000,43645440.0,14138400.0,21987360.0,7329120.0,0.6827586206896552,0.6666666666666666
1960,1,80,25,55,26.3,18,6,12,27.0,2476440,768288,1069776,356592,14,0,51,5,30,250424-230215_Run_308_Idx_26496,770,0,5e-05,20000000,49528800.0,15365760.0,21395520.0,7131840.0,0.6875,0.6666666666666666
1961,1,160,60,100,22.86,81,27,54,27.0,704920,238296,935928,311976,4,0,51,5,30,250424-225946_Run_906_Idx_68712,2270,0,5e-05,20000000,14098400.0,4765920.0,18718560.0,6239520.0,0.625,0.6666666666666666
1962,1,145,45,100,23.41,45,15,30,24.0,1778432,502432,626696,248288,7,0,51,5,30,250425-003713_Run_1635_Idx_71006,4090,0,5e-05,20000000,35568640.0,10048640.0,12533920.0,4965760.0,0.6896551724137931,0.6666666666666666
1963,1,160,60,100,23.18,81,27,54,27.0,705472,247264,935928,311976,4,0,51,5,30,250424-230853_Run_654_Idx_18492,1640,0,5e-05,20000000,14109440.0,4945280.0,18718560.0,6239520.0,0.625,0.6666666666666666
1964,1,160,48,112,25.3,81,27,54,24.0,865984,268992,750320,193088,4,0,51,5,30,250424-233511_Run_134_Idx_78813,340,0,5e-05,20000000,17319680.0,5379840.0,15006400.0,3861760.0,0.7,0.6666666666666666
1965,1,145,45,100,26.17,45,15,30,27.0,2120832,673632,1099368,366456,7,0,51,5,30,250424-223604_Run_35_Idx_71006,90,0,5e-05,20000000,42416640.0,13472640.0,21987360.0,7329120.0,0.6896551724137931,0.6666666666666666
1966,1,80,25,55,20.92,18,6,12,19.22,1946112,493088,494096,126320,14,0,51,5,30,250425-004448_Run_1744_Idx_26496,4360,0,5e-05,20000000,38922240.0,9861760.0,9881920.0,2526400.0,0.6875,0.6666666666666666
1967,1,145,45,100,26.17,45,15,30,27.0,2120832,673632,1099368,366456,7,0,51,5,30,250425-000547_Run_1331_Idx_71006,3330,0,5e-05,20000000,42416640.0,13472640.0,21987360.0,7329120.0,0.6896551724137931,0.6666666666666666
1968,1,80,25,55,26.21,18,6,12,27.0,2476440,768288,1069776,356592,14,0,51,5,30,250424-225426_Run_796_Idx_89663,1990,0,5e-05,20000000,49528800.0,15365760.0,21395520.0,7131840.0,0.6875,0.6666666666666666
1969,1,145,45,100,23.23,45,15,30,20.4,1744192,519552,508528,130120,7,0,51,5,30,250425-010142_Run_1931_Idx_71006,4830,0,5e-05,20000000,34883840.0,10391040.0,10170560.0,2602400.0,0.6896551724137931,0.6666666666666666
1970,1,145,45,100,25.34,45,15,30,24.0,2113792,620512,981200,248288,7,0,51,5,30,250424-234736_Run_707_Idx_95480,1770,0,5e-05,20000000,42275840.0,12410240.0,19624000.0,4965760.0,0.6896551724137931,0.6666666666666666
1971,1,160,48,112,26.3,144,48,96,27.0,226560,70016,645120,215040,2,0,51,5,30,250424-231048_Run_769_Idx_82062,1930,0,5e-05,20000000,4531200.0,1400320.0,12902400.0,4300800.0,0.7,0.6666666666666666
1972,1,80,25,55,25.88,18,6,12,27.0,2358912,729112,1069776,356592,14,0,51,5,30,250424-233027_Run_736_Idx_89663,1840,0,5e-05,20000000,47178240.0,14582240.0,21395520.0,7131840.0,0.6875,0.6666666666666666
1973,1,145,45,100,25.09,45,16,29,22.8,2045312,637632,720792,250056,7,0,51,5,30,250424-225824_Run_671_Idx_79281,1680,0,5e-05,20000000,40906240.0,12752640.0,14415840.0,5001120.0,0.6896551724137931,0.6444444444444445
1974,1,80,25,55,22.04,18,6,12,27.0,1467488,506256,1069776,356592,14,0,51,5,30,250425-003126_Run_1552_Idx_57146,3880,0,5e-05,20000000,29349760.0,10125120.0,21395520.0,7131840.0,0.6875,0.6666666666666666
1975,1,160,48,112,25.95,81,27,54,27.0,865984,268992,935928,311976,4,0,51,5,30,250424-223907_Run_30_Idx_47915,80,0,5e-05,20000000,17319680.0,5379840.0,18718560.0,6239520.0,0.7,0.6666666666666666
1976,1,160,53,107,20.94,144,48,96,24.0,136288,42944,458328,145536,2,0,51,5,30,250425-004651_Run_1797_Idx_35778,4500,0,5e-05,20000000,2725760.0,858880.0,9166560.0,2910720.0,0.66875,0.6666666666666666
1977,1,145,45,100,26.28,45,15,30,27.0,2182272,688992,1099368,366456,7,0,51,5,30,250424-225729_Run_791_Idx_95480,1980,0,5e-05,20000000,43645440.0,13779840.0,21987360.0,7329120.0,0.6896551724137931,0.6666666666666666
1978,1,145,45,100,25.28,45,15,30,24.0,2062432,654752,626696,248288,7,0,51,5,30,250425-002544_Run_1475_Idx_10792,3690,0,5e-05,20000000,41248640.0,13095040.0,12533920.0,4965760.0,0.6896551724137931,0.6666666666666666
1979,1,145,46,99,23.99,45,15,30,24.0,1891232,569960,626696,248288,7,0,51,5,30,250425-005618_Run_1875_Idx_57481,4690,0,5e-05,20000000,37824640.0,11399200.0,12533920.0,4965760.0,0.6827586206896552,0.6666666666666666
1980,1,160,48,112,26.3,144,48,96,27.0,226560,70016,645120,215040,2,0,51,5,30,250424-231848_Run_281_Idx_39758,710,0,5e-05,20000000,4531200.0,1400320.0,12902400.0,4300800.0,0.7,0.6666666666666666
1981,1,80,24,56,23.78,18,6,12,24.11,2009120,531888,618128,243680,14,0,51,5,30,250425-000110_Run_1160_Idx_54226,2900,0,5e-05,20000000,40182400.0,10637760.0,12362560.0,4873600.0,0.7,0.6666666666666666
1982,1,160,51,109,21.69,81,27,54,27.0,529864,186576,935928,311976,4,0,51,5,30,250425-005840_Run_1990_Idx_35638,4980,0,5e-05,20000000,10597280.0,3731520.0,18718560.0,6239520.0,0.68125,0.6666666666666666
1983,1,160,48,112,26.2,144,48,96,27.0,219904,68352,645120,215040,2,0,51,5,30,250424-224509_Run_217_Idx_7420,550,0,5e-05,20000000,4398080.0,1367040.0,12902400.0,4300800.0,0.7,0.6666666666666666
1984,1,80,25,55,26.21,18,6,12,27.0,2476440,768288,1069776,356592,14,0,51,5,30,250424-231040_Run_532_Idx_66277,1330,0,5e-05,20000000,49528800.0,15365760.0,21395520.0,7131840.0,0.6875,0.6666666666666666
1985,1,160,57,103,23.5,144,48,96,27.0,182920,57672,645120,215040,2,0,51,5,30,250425-001032_Run_1145_Idx_63770,2870,0,5e-05,20000000,3658400.0,1153440.0,12902400.0,4300800.0,0.64375,0.6666666666666666
1986,1,80,25,55,26.21,18,6,12,27.0,2476440,768288,1069776,356592,14,0,51,5,30,250424-233614_Run_252_Idx_26496,630,0,5e-05,20000000,49528800.0,15365760.0,21395520.0,7131840.0,0.6875,0.6666666666666666
1987,1,145,46,99,23.15,45,15,30,21.64,1607232,503240,626696,248288,7,0,51,5,30,250425-004316_Run_1563_Idx_32731,3910,0,5e-05,20000000,32144640.0,10064800.0,12533920.0,4965760.0,0.6827586206896552,0.6666666666666666
1988,1,160,62,98,15.86,144,53,91,18.31,102744,37144,367104,124496,2,0,51,5,30,250425-004832_Run_1841_Idx_17767,4610,0,5e-05,20000000,2054880.0,742880.0,7342080.0,2489920.0,0.6125,0.6319444444444444
1989,1,160,53,107,23.15,81,27,54,22.38,691696,196400,615056,202184,4,0,51,5,30,250425-004352_Run_1562_Idx_38164,3910,0,5e-05,20000000,13833920.0,3928000.0,12301120.0,4043680.0,0.66875,0.6666666666666666
1990,1,160,50,110,21.41,81,27,54,27.0,466656,165304,935928,311976,4,0,51,5,30,250425-005057_Run_1822_Idx_65049,4560,0,5e-05,20000000,9333120.0,3306080.0,18718560.0,6239520.0,0.6875,0.6666666666666666
1991,1,160,48,112,26.2,144,48,96,27.0,219904,68352,645120,215040,2,0,51,5,30,250424-223637_Run_21_Idx_7420,60,0,5e-05,20000000,4398080.0,1367040.0,12902400.0,4300800.0,0.7,0.6666666666666666
1992,1,160,48,112,26.2,144,48,96,27.0,219904,68352,645120,215040,2,0,51,5,30,250424-231415_Run_169_Idx_7420,430,0,5e-05,20000000,4398080.0,1367040.0,12902400.0,4300800.0,0.7,0.6666666666666666
1993,1,145,45,100,24.17,45,15,30,21.0,1983872,588032,508528,130120,7,0,51,5,30,250424-235813_Run_1343_Idx_71006,3360,0,5e-05,20000000,39677440.0,11760640.0,10170560.0,2602400.0,0.6896551724137931,0.6666666666666666
1994,1,160,49,111,20.51,81,27,54,24.0,691200,175104,835232,211280,4,0,51,5,30,250425-005439_Run_1862_Idx_71389,4660,0,5e-05,20000000,13824000.0,3502080.0,16704640.0,4225600.0,0.69375,0.6666666666666666
1995,1,160,48,112,26.2,144,48,96,24.0,219904,68352,575616,145536,2,0,51,5,30,250424-230558_Run_421_Idx_5687,1060,0,5e-05,20000000,4398080.0,1367040.0,11512320.0,2910720.0,0.7,0.6666666666666666
1996,1,160,48,112,24.4,81,30,51,19.41,865984,268992,484592,136576,4,0,51,5,30,250425-001231_Run_1202_Idx_16983,3010,0,5e-05,20000000,17319680.0,5379840.0,9691840.0,2731520.0,0.7,0.6296296296296297
1997,1,80,26,54,25.52,18,6,12,27.0,2420072,750736,1069776,356592,14,0,51,5,30,250424-223825_Run_96_Idx_78572,240,0,5e-05,20000000,48401440.0,15014720.0,21395520.0,7131840.0,0.675,0.6666666666666666
1998,1,80,25,55,22.99,18,6,12,21.0,1925072,571440,609232,241456,14,0,51,5,30,250425-005211_Run_1804_Idx_89663,4510,0,5e-05,20000000,38501440.0,11428800.0,12184640.0,4829120.0,0.6875,0.6666666666666666
1999,1,160,48,112,26.3,144,48,96,27.0,226560,70016,645120,215040,2,0,51,5,30,250424-231623_Run_285_Idx_39758,720,0,5e-05,20000000,4531200.0,1400320.0,12902400.0,4300800.0,0.7,0.6666666666666666
