,Unnamed: 0,RNTI,numDLTotal,numDLnew,numReTx_DL,avgMCS_DL,numULTotal,numULnew,numReTx_UL,avgMCS_UL,DL_throughput_bits,DL_goodput_bits,UL_throughput_bits,UL_goodput_bits,TTI,PulseBWoffset,numRBs,NumFrames,pulseAttenuation,prf,FreqOffset,PulseWidth,BW,DL_throughput_bps,DL_goodput_bps,UL_throughput_bps,UL_goodput_bps,DLReTxPrcnt,ULReTxPrcnt
0,9.5,10.5,135.85,102.9,32.95,1.1745000000000003,51.15,41.7,9.45,0.23850000000000002,8073.2,5486.4,1750.4,1398.8,4.0,0.0,51.0,5.0,20.0,2000.0,0.0,5e-05,20000000.0,161464.0,109728.0,35008.0,27976.0,0.24231848939675946,0.18264477764094952
1,29.5,10.5,19.1,8.0,11.1,2.6975000000000002,10.55,2.85,7.7,0.264,12658.4,5905.2,1678.0,445.6,14.0,0.0,51.0,5.0,0.0,2000.0,0.0,5e-05,20000000.0,253168.0,118104.0,33560.0,8912.0,0.5722011584364695,0.7286954711954711
2,49.5,10.5,20.15,7.95,12.2,2.564,11.0,3.2,7.8,0.26199999999999996,12619.6,5894.4,1677.2,479.6,14.0,0.0,51.0,5.0,30.0,2000.0,0.0,5e-05,20000000.0,252392.0,117888.0,33544.0,9592.0,0.5919394150161918,0.7108041958041957
3,69.5,10.5,49.05,25.85,23.2,6.857499999999999,11.3,3.2,8.1,6.892999999999999,47950.0,24781.6,12607.2,3576.0,14.0,0.0,51.0,5.0,-30.0,2000.0,0.0,5e-05,20000000.0,959000.0,495632.0,252144.0,71520.0,0.47128221119508173,0.7173143523143523
4,89.5,10.5,34.2,12.9,21.3,17.050500000000007,10.75,3.05,7.7,12.259999999999998,42469.2,22344.0,8628.8,3114.0,14.0,0.0,51.0,5.0,0.0,2010.0,0.0,5e-05,20000000.0,849384.0,446880.0,172576.0,62280.0,0.6217397209443799,0.7126569264069262
5,109.5,10.5,33.4,12.05,21.35,17.424,10.9,3.05,7.85,12.1945,41333.6,21144.4,7732.0,2919.2,14.0,0.0,51.0,5.0,30.0,2010.0,0.0,5e-05,20000000.0,826672.0,422888.0,154640.0,58384.0,0.6389804733252313,0.7198584748584749
6,129.5,10.5,144.45,111.85,32.6,1.9255,50.95,41.5,9.45,1.2474999999999998,9802.8,7017.6,2445.2,1926.8,4.0,0.0,51.0,5.0,-20.0,2000.0,0.0,5e-05,20000000.0,196056.0,140352.0,48904.0,38536.0,0.22562117856097247,0.18375588059710402
7,149.5,10.5,34.55,20.05,14.5,15.266499999999999,9.2,3.1,6.1,14.464500000000001,79344.4,29859.2,11762.4,4179.2,14.0,0.0,51.0,5.0,-30.0,2010.0,0.0,5e-05,20000000.0,1586888.0,597184.0,235248.0,83584.0,0.4176567081210732,0.6538578088578088
