,RNTI,numDLTotal,numDLnew,numReTx_DL,avgMCS_DL,numULTotal,numULnew,numReTx_UL,avgMCS_UL,DL_throughput_bits,DL_goodput_bits,UL_throughput_bits,UL_goodput_bits,TTI,PulseBWoffset,numRBs,NumFrames,pulseAttenuation,FolderName,prf,FreqOffset,PulseWidth,BW,DL_throughput_bps,DL_goodput_bps,UL_throughput_bps,UL_goodput_bps,DLReTxPrcnt,ULReTxPrcnt
0,1,160,48,112,26.2,144,48,96,27.0,219904,68352,645120,215040,2,0,51,5,0,250421-085644_Run_689_Idx_7420,1730,0,5e-05,20000000,4398080.0,1367040.0,12902400.0,4300800.0,0.7,0.6666666666666666
1,1,80,25,55,25.2,18,6,12,24.0,2417192,709040,954640,241456,14,0,51,5,0,250421-085734_Run_448_Idx_66277,1120,0,5e-05,20000000,48343840.0,14180800.0,19092800.0,4829120.0,0.6875,0.6666666666666666
2,1,160,62,98,23.6,144,72,72,15.32,197616,67696,354072,135768,2,0,51,5,0,250421-093223_Run_1277_Idx_96904,3200,0,5e-05,20000000,3952320.0,1353920.0,7081440.0,2715360.0,0.6125,0.5
3,1,145,46,99,21.39,45,15,30,19.96,1491872,384520,518064,132504,7,0,51,5,0,250421-095007_Run_1719_Idx_32731,4300,0,5e-05,20000000,29837440.0,7690400.0,10361280.0,2650080.0,0.6827586206896552,0.6666666666666666
4,1,145,45,100,24.63,45,15,30,24.0,2011072,586272,981200,248288,7,0,51,5,0,250421-093317_Run_1391_Idx_24331,3480,0,5e-05,20000000,40221440.0,11725440.0,19624000.0,4965760.0,0.6896551724137931,0.6666666666666666
5,1,80,26,54,25.66,18,6,12,27.0,2360240,750832,1069776,356592,14,0,51,5,0,250421-085157_Run_96_Idx_76244,240,0,5e-05,20000000,47204800.0,15016640.0,21395520.0,7131840.0,0.675,0.6666666666666666
6,1,80,25,55,24.12,18,6,12,21.0,1925168,590640,609232,241456,14,0,51,5,0,250421-091012_Run_880_Idx_47249,2200,0,5e-05,20000000,38503360.0,11812800.0,12184640.0,4829120.0,0.6875,0.6666666666666666
7,1,160,48,112,26.3,144,57,87,21.06,226560,70016,458328,133728,2,0,51,5,0,250421-091104_Run_877_Idx_38001,2200,0,5e-05,20000000,4531200.0,1400320.0,9166560.0,2674560.0,0.7,0.6041666666666666
8,1,145,45,100,25.77,45,15,30,27.0,2069472,656512,1099368,366456,7,0,51,5,0,250421-095358_Run_1855_Idx_61030,4640,0,5e-05,20000000,41389440.0,13130240.0,21987360.0,7329120.0,0.6896551724137931,0.6666666666666666
9,1,160,62,98,22.39,144,48,96,22.78,184528,66032,484392,145536,2,0,51,5,0,250421-093229_Run_1333_Idx_75394,3340,0,5e-05,20000000,3690560.0,1320640.0,9687840.0,2910720.0,0.6125,0.6666666666666666
10,1,160,48,112,26.3,144,48,96,27.0,226560,70016,645120,215040,2,0,51,5,0,250421-090747_Run_413_Idx_25592,1040,0,5e-05,20000000,4531200.0,1400320.0,12902400.0,4300800.0,0.7,0.6666666666666666
11,1,160,54,106,21.75,81,27,54,21.2,699536,204592,541464,213360,4,0,51,5,0,250421-092734_Run_1350_Idx_36891,3380,0,5e-05,20000000,13990720.0,4091840.0,10829280.0,4267200.0,0.6625,0.6666666666666666
12,1,160,58,102,23.15,81,27,54,27.0,630008,224320,935928,311976,4,0,51,5,0,250421-091116_Run_994_Idx_34185,2490,0,5e-05,20000000,12600160.0,4486400.0,18718560.0,6239520.0,0.6375,0.6666666666666666
13,1,160,58,102,23.6,144,48,96,27.0,191184,61008,645120,215040,2,0,51,5,0,250421-093829_Run_1373_Idx_54272,3440,0,5e-05,20000000,3823680.0,1220160.0,12902400.0,4300800.0,0.6375,0.6666666666666666
14,1,160,48,112,26.12,81,27,54,27.0,892224,275552,935928,311976,4,0,51,5,0,250421-092654_Run_346_Idx_93338,870,0,5e-05,20000000,17844480.0,5511040.0,18718560.0,6239520.0,0.7,0.6666666666666666
15,1,80,25,55,19.86,18,6,12,15.0,1787472,473016,33552,11184,14,0,51,5,0,250421-094452_Run_1768_Idx_66277,4420,0,5e-05,20000000,35749440.0,9460320.0,671040.0,223680.0,0.6875,0.6666666666666666
16,1,160,48,112,24.4,81,29,52,16.19,865984,268992,283520,84272,4,0,51,5,0,250421-100024_Run_1998_Idx_65049,5000,0,5e-05,20000000,17319680.0,5379840.0,5670400.0,1685440.0,0.7,0.6419753086419753
17,1,80,24,56,26.2,18,6,12,27.0,2399416,708056,1069776,356592,14,0,51,5,0,250421-093133_Run_1516_Idx_54226,3790,0,5e-05,20000000,47988320.0,14161120.0,21395520.0,7131840.0,0.7,0.6666666666666666
18,1,160,59,101,20.6,144,48,96,24.0,160768,41408,575616,145536,2,0,51,5,0,250421-095233_Run_1813_Idx_9037,4540,0,5e-05,20000000,3215360.0,828160.0,11512320.0,2910720.0,0.63125,0.6666666666666666
19,1,145,46,99,24.5,45,15,30,27.0,1864032,537480,1099368,366456,7,0,51,5,0,250421-091530_Run_979_Idx_25884,2450,0,5e-05,20000000,37280640.0,10749600.0,21987360.0,7329120.0,0.6827586206896552,0.6666666666666666
20,1,160,48,112,26.2,144,48,96,27.0,219904,68352,645120,215040,2,0,51,5,0,250421-091714_Run_973_Idx_5687,2440,0,5e-05,20000000,4398080.0,1367040.0,12902400.0,4300800.0,0.7,0.6666666666666666
21,1,80,24,56,26.2,18,6,12,27.0,2399416,708056,1069776,356592,14,0,51,5,0,250421-092010_Run_488_Idx_54226,1220,0,5e-05,20000000,47988320.0,14161120.0,21395520.0,7131840.0,0.7,0.6666666666666666
22,1,160,58,102,20.95,144,48,96,27.0,149152,52912,645120,215040,2,0,51,5,0,250421-095917_Run_1985_Idx_75763,4970,0,5e-05,20000000,2983040.0,1058240.0,12902400.0,4300800.0,0.6375,0.6666666666666666
23,1,80,25,55,26.3,18,6,12,27.0,2476440,768288,1069776,356592,14,0,51,5,0,250421-090936_Run_168_Idx_26496,420,0,5e-05,20000000,49528800.0,15365760.0,21395520.0,7131840.0,0.6875,0.6666666666666666
24,1,160,48,112,26.08,81,27,54,27.0,892224,275552,935928,311976,4,0,51,5,0,250421-091516_Run_862_Idx_85773,2160,0,5e-05,20000000,17844480.0,5511040.0,18718560.0,6239520.0,0.7,0.6666666666666666
25,1,160,55,105,23.6,144,48,96,27.0,157416,55992,645120,215040,2,0,51,5,0,250421-100015_Run_1941_Idx_44266,4860,0,5e-05,20000000,3148320.0,1119840.0,12902400.0,4300800.0,0.65625,0.6666666666666666
26,1,145,45,100,26.17,45,15,30,27.0,2120832,673632,1099368,366456,7,0,51,5,0,250421-092545_Run_587_Idx_61030,1470,0,5e-05,20000000,42416640.0,13472640.0,21987360.0,7329120.0,0.6896551724137931,0.6666666666666666
27,1,160,48,112,25.95,81,27,54,27.0,865984,268992,935928,311976,4,0,51,5,0,250421-091502_Run_506_Idx_75070,1270,0,5e-05,20000000,17319680.0,5379840.0,18718560.0,6239520.0,0.7,0.6666666666666666
28,1,145,45,100,26.28,45,15,30,27.0,2182272,688992,1099368,366456,7,0,51,5,0,250421-090817_Run_887_Idx_24331,2220,0,5e-05,20000000,43645440.0,13779840.0,21987360.0,7329120.0,0.6896551724137931,0.6666666666666666
29,1,160,67,93,15.79,144,54,90,18.28,99528,35856,362760,120288,2,0,51,5,0,250421-095332_Run_1841_Idx_12673,4610,0,5e-05,20000000,1990560.0,717120.0,7255200.0,2405760.0,0.58125,0.625
30,1,160,61,99,23.11,81,27,54,27.0,645296,233448,935928,311976,4,0,51,5,0,250421-085450_Run_338_Idx_56370,850,0,5e-05,20000000,12905920.0,4668960.0,18718560.0,6239520.0,0.61875,0.6666666666666666
31,1,160,48,112,24.5,81,34,47,19.0,865984,268992,438136,142352,4,0,51,5,0,250421-092334_Run_950_Idx_66949,2380,0,5e-05,20000000,17319680.0,5379840.0,8762720.0,2847040.0,0.7,0.5802469135802469
32,1,145,47,98,26.09,45,15,30,27.0,2165152,707728,1099368,366456,7,0,51,5,0,250421-085331_Run_223_Idx_5328,560,0,5e-05,20000000,43303040.0,14154560.0,21987360.0,7329120.0,0.6758620689655173,0.6666666666666666
33,1,80,25,55,24.61,18,6,12,27.0,1769336,591512,1069776,356592,14,0,51,5,0,250421-093633_Run_1144_Idx_26496,2860,0,5e-05,20000000,35386720.0,11830240.0,21395520.0,7131840.0,0.6875,0.6666666666666666
34,1,160,48,112,26.12,81,27,54,27.0,892224,275552,935928,311976,4,0,51,5,0,250421-091412_Run_390_Idx_93338,980,0,5e-05,20000000,17844480.0,5511040.0,18718560.0,6239520.0,0.7,0.6666666666666666
35,1,160,58,102,23.34,81,27,54,27.0,751192,237400,935928,311976,4,0,51,5,0,250421-092832_Run_1110_Idx_52699,2780,0,5e-05,20000000,15023840.0,4748000.0,18718560.0,6239520.0,0.6375,0.6666666666666666
36,1,145,47,98,25.78,45,15,30,27.0,2011552,669328,1099368,366456,7,0,51,5,0,250421-090928_Run_287_Idx_40177,720,0,5e-05,20000000,40231040.0,13386560.0,21987360.0,7329120.0,0.6758620689655173,0.6666666666666666
37,1,160,48,112,25.38,81,27,54,22.67,892224,275552,536672,149312,4,0,51,5,0,250421-094712_Run_1638_Idx_85773,4100,0,5e-05,20000000,17844480.0,5511040.0,10733440.0,2986240.0,0.7,0.6666666666666666
38,1,160,48,112,26.3,144,48,96,27.0,226560,70016,645120,215040,2,0,51,5,0,250421-091649_Run_381_Idx_25592,960,0,5e-05,20000000,4531200.0,1400320.0,12902400.0,4300800.0,0.7,0.6666666666666666
39,1,160,57,103,23.6,144,48,96,27.0,189576,59336,645120,215040,2,0,51,5,0,250421-094531_Run_1705_Idx_24839,4270,0,5e-05,20000000,3791520.0,1186720.0,12902400.0,4300800.0,0.64375,0.6666666666666666
40,1,160,48,112,25.42,81,33,48,20.67,892224,275552,500808,177600,4,0,51,5,0,250421-093948_Run_1070_Idx_85493,2680,0,5e-05,20000000,17844480.0,5511040.0,10016160.0,3552000.0,0.7,0.5925925925925926
41,1,145,46,99,24.28,45,15,30,27.0,1864032,537480,1099368,366456,7,0,51,5,0,250421-094105_Run_1303_Idx_25884,3260,0,5e-05,20000000,37280640.0,10749600.0,21987360.0,7329120.0,0.6827586206896552,0.6666666666666666
42,1,160,48,112,26.0,81,27,54,27.0,865984,268992,935928,311976,4,0,51,5,0,250421-091433_Run_626_Idx_78813,1570,0,5e-05,20000000,17319680.0,5379840.0,18718560.0,6239520.0,0.7,0.6666666666666666
43,1,80,25,55,26.0,18,6,12,27.0,2292120,722208,1069776,356592,14,0,51,5,0,250421-092611_Run_228_Idx_57146,570,0,5e-05,20000000,45842400.0,14444160.0,21395520.0,7131840.0,0.6875,0.6666666666666666
44,1,80,25,55,26.21,18,6,12,27.0,2476440,768288,1069776,356592,14,0,51,5,0,250421-091419_Run_744_Idx_89663,1860,0,5e-05,20000000,49528800.0,15365760.0,21395520.0,7131840.0,0.6875,0.6666666666666666
45,1,160,48,112,26.2,144,48,96,27.0,219904,68352,645120,215040,2,0,51,5,0,250421-095150_Run_1713_Idx_81871,4290,0,5e-05,20000000,4398080.0,1367040.0,12902400.0,4300800.0,0.7,0.6666666666666666
46,1,80,25,55,23.7,18,6,12,18.0,2319736,729112,609232,241456,14,0,51,5,0,250421-094302_Run_1356_Idx_47249,3390,0,5e-05,20000000,46394720.0,14582240.0,12184640.0,4829120.0,0.6875,0.6666666666666666
47,1,160,48,112,25.85,81,27,54,27.0,865984,268992,935928,311976,4,0,51,5,0,250421-095133_Run_1714_Idx_75070,4290,0,5e-05,20000000,17319680.0,5379840.0,18718560.0,6239520.0,0.7,0.6666666666666666
48,1,80,24,56,24.26,18,6,12,21.67,2242712,668880,609232,241456,14,0,51,5,0,250421-093610_Run_1500_Idx_54226,3750,0,5e-05,20000000,44854240.0,13377600.0,12184640.0,4829120.0,0.7,0.6666666666666666
49,1,160,48,112,26.3,144,48,96,27.0,226560,70016,645120,215040,2,0,51,5,0,250421-093719_Run_1377_Idx_13251,3450,0,5e-05,20000000,4531200.0,1400320.0,12902400.0,4300800.0,0.7,0.6666666666666666
50,1,160,48,112,26.2,144,48,96,27.0,219904,68352,645120,215040,2,0,51,5,0,250421-092359_Run_593_Idx_7420,1490,0,5e-05,20000000,4398080.0,1367040.0,12902400.0,4300800.0,0.7,0.6666666666666666
51,1,160,48,112,26.0,144,48,96,24.0,212224,66432,575616,145536,2,0,51,5,0,250421-091756_Run_257_Idx_1990,650,0,5e-05,20000000,4244480.0,1328640.0,11512320.0,2910720.0,0.7,0.6666666666666666
52,1,80,25,55,23.6,18,6,12,24.0,2044536,591512,609232,241456,14,0,51,5,0,250421-094745_Run_1636_Idx_47249,4090,0,5e-05,20000000,40890720.0,11830240.0,12184640.0,4829120.0,0.6875,0.6666666666666666
53,1,160,48,112,26.04,81,27,54,27.0,892224,275552,935928,311976,4,0,51,5,0,250421-094927_Run_1538_Idx_960,3850,0,5e-05,20000000,17844480.0,5511040.0,18718560.0,6239520.0,0.7,0.6666666666666666
54,1,160,65,95,11.35,144,75,69,4.89,90016,32144,89088,44952,2,0,51,5,0,250421-094900_Run_1601_Idx_88303,4010,0,5e-05,20000000,1800320.0,642880.0,1781760.0,899040.0,0.59375,0.4791666666666667
55,1,145,45,100,25.43,45,15,30,24.0,1898272,605152,877936,261856,7,0,51,5,0,250421-085617_Run_1047_Idx_71006,2620,0,5e-05,20000000,37965440.0,12103040.0,17558720.0,5237120.0,0.6896551724137931,0.6666666666666666
56,1,145,45,100,21.34,45,15,30,13.2,1634432,483552,35856,11952,7,0,51,5,0,250421-100025_Run_1999_Idx_10792,5000,0,5e-05,20000000,32688640.0,9671040.0,717120.0,239040.0,0.6896551724137931,0.6666666666666666
57,1,160,48,112,26.3,144,48,96,24.0,226560,70016,523488,145536,2,0,51,5,0,250421-093019_Run_1401_Idx_13251,3510,0,5e-05,20000000,4531200.0,1400320.0,10469760.0,2910720.0,0.7,0.6666666666666666
58,1,160,48,112,26.08,81,27,54,24.0,892224,275552,835232,211280,4,0,51,5,0,250421-095734_Run_1978_Idx_93338,4950,0,5e-05,20000000,17844480.0,5511040.0,16704640.0,4225600.0,0.7,0.6666666666666666
59,1,145,44,101,24.44,45,16,29,19.2,2052352,638584,590424,171288,7,0,51,5,0,250421-092316_Run_951_Idx_71006,2380,0,5e-05,20000000,41047040.0,12771680.0,11808480.0,3425760.0,0.696551724137931,0.6444444444444445
60,1,160,49,111,20.87,81,27,54,23.67,481096,170192,540128,193088,4,0,51,5,0,250421-095803_Run_1894_Idx_47348,4740,0,5e-05,20000000,9621920.0,3403840.0,10802560.0,3861760.0,0.69375,0.6666666666666666
61,1,145,45,100,26.17,45,15,30,27.0,2120832,673632,1099368,366456,7,0,51,5,0,250421-090049_Run_1031_Idx_71006,2580,0,5e-05,20000000,42416640.0,13472640.0,21987360.0,7329120.0,0.6896551724137931,0.6666666666666666
62,1,80,24,56,24.29,18,6,12,24.0,2044896,609632,609232,241456,14,0,51,5,0,250421-094246_Run_1476_Idx_54226,3690,0,5e-05,20000000,40897920.0,12192640.0,12184640.0,4829120.0,0.7,0.6666666666666666
63,1,80,24,56,25.9,18,6,12,27.0,2399416,708056,1069776,356592,14,0,51,5,0,250421-091726_Run_616_Idx_61908,1540,0,5e-05,20000000,47988320.0,14161120.0,21395520.0,7131840.0,0.7,0.6666666666666666
64,1,80,26,54,25.66,18,6,12,27.0,2252944,724008,1069776,356592,14,0,51,5,0,250421-090442_Run_304_Idx_74048,760,0,5e-05,20000000,45058880.0,14480160.0,21395520.0,7131840.0,0.675,0.6666666666666666
65,1,160,57,103,22.9,144,48,96,23.42,167064,59336,523488,145536,2,0,51,5,0,250421-093328_Run_1093_Idx_94514,2740,0,5e-05,20000000,3341280.0,1186720.0,10469760.0,2910720.0,0.64375,0.6666666666666666
66,1,80,24,56,17.86,18,6,12,21.0,1181088,393680,609232,241456,14,0,51,5,0,250421-095330_Run_1872_Idx_54226,4680,0,5e-05,20000000,23621760.0,7873600.0,12184640.0,4829120.0,0.7,0.6666666666666666
67,1,160,48,112,26.12,81,27,54,27.0,892224,275552,935928,311976,4,0,51,5,0,250421-090728_Run_890_Idx_85773,2230,0,5e-05,20000000,17844480.0,5511040.0,18718560.0,6239520.0,0.7,0.6666666666666666
68,1,160,48,112,26.3,144,48,96,24.0,226560,70016,575616,145536,2,0,51,5,0,250421-094031_Run_1249_Idx_25592,3130,0,5e-05,20000000,4531200.0,1400320.0,11512320.0,2910720.0,0.7,0.6666666666666666
69,1,160,48,112,26.2,144,48,96,27.0,219904,68352,645120,215040,2,0,51,5,0,250421-091818_Run_613_Idx_7420,1540,0,5e-05,20000000,4398080.0,1367040.0,12902400.0,4300800.0,0.7,0.6666666666666666
70,1,145,46,99,25.97,45,15,30,27.0,2028672,668520,1099368,366456,7,0,51,5,0,250421-085912_Run_323_Idx_72713,810,0,5e-05,20000000,40573440.0,13370400.0,21987360.0,7329120.0,0.6827586206896552,0.6666666666666666
71,1,80,25,55,22.14,18,6,12,18.0,1827616,532264,33552,11184,14,0,51,5,0,250421-093552_Run_1084_Idx_89663,2710,0,5e-05,20000000,36552320.0,10645280.0,671040.0,223680.0,0.6875,0.6666666666666666
72,1,80,25,55,25.11,18,6,12,24.0,2082744,669864,609232,241456,14,0,51,5,0,250421-092124_Run_840_Idx_47249,2100,0,5e-05,20000000,41654880.0,13397280.0,12184640.0,4829120.0,0.6875,0.6666666666666666
73,1,160,48,112,26.2,144,48,96,27.0,219904,68352,645120,215040,2,0,51,5,0,250421-094828_Run_1665_Idx_7420,4170,0,5e-05,20000000,4398080.0,1367040.0,12902400.0,4300800.0,0.7,0.6666666666666666
74,1,160,54,106,23.25,81,27,54,27.0,699824,204592,935928,311976,4,0,51,5,0,250421-094115_Run_1422_Idx_95154,3560,0,5e-05,20000000,13996480.0,4091840.0,18718560.0,6239520.0,0.6625,0.6666666666666666
75,1,160,48,112,26.2,144,48,96,27.0,219904,68352,645120,215040,2,0,51,5,0,250421-090342_Run_1021_Idx_5687,2560,0,5e-05,20000000,4398080.0,1367040.0,12902400.0,4300800.0,0.7,0.6666666666666666
76,1,160,48,112,25.95,81,27,54,24.0,865984,268992,835232,211280,4,0,51,5,0,250421-091827_Run_494_Idx_75070,1240,0,5e-05,20000000,17319680.0,5379840.0,16704640.0,4225600.0,0.7,0.6666666666666666
77,1,160,57,103,23.38,81,27,54,22.69,743064,229208,655376,202184,4,0,51,5,0,250421-094226_Run_1242_Idx_76800,3110,0,5e-05,20000000,14861280.0,4584160.0,13107520.0,4043680.0,0.64375,0.6666666666666666
78,1,160,48,112,26.0,144,48,96,27.0,212224,66432,645120,215040,2,0,51,5,0,250421-092742_Run_1233_Idx_1990,3090,0,5e-05,20000000,4244480.0,1328640.0,12902400.0,4300800.0,0.7,0.6666666666666666
79,1,80,25,55,17.15,18,6,12,18.0,1139616,355488,609232,241456,14,0,51,5,0,250421-095911_Run_1972_Idx_66277,4930,0,5e-05,20000000,22792320.0,7109760.0,12184640.0,4829120.0,0.6875,0.6666666666666666
80,1,160,48,112,25.6,144,48,96,24.0,226560,70016,536520,145536,2,0,51,5,0,250421-085456_Run_933_Idx_13251,2340,0,5e-05,20000000,4531200.0,1400320.0,10730400.0,2910720.0,0.7,0.6666666666666666
81,1,160,61,99,23.03,144,48,96,27.0,184528,64360,645120,215040,2,0,51,5,0,250421-090707_Run_653_Idx_72046,1640,0,5e-05,20000000,3690560.0,1287200.0,12902400.0,4300800.0,0.61875,0.6666666666666666
82,1,160,48,112,26.0,81,27,54,27.0,865984,268992,935928,311976,4,0,51,5,0,250421-092340_Run_594_Idx_78813,1490,0,5e-05,20000000,17319680.0,5379840.0,18718560.0,6239520.0,0.7,0.6666666666666666
83,1,80,25,55,23.45,18,6,12,21.0,2017888,643856,609232,241456,14,0,51,5,0,250421-095912_Run_1904_Idx_57146,4760,0,5e-05,20000000,40357760.0,12877120.0,12184640.0,4829120.0,0.6875,0.6666666666666666
84,1,160,48,112,25.85,81,27,54,24.0,865984,268992,835232,211280,4,0,51,5,0,250421-094337_Run_1294_Idx_47915,3240,0,5e-05,20000000,17319680.0,5379840.0,16704640.0,4225600.0,0.7,0.6666666666666666
85,1,160,48,112,26.08,81,27,54,27.0,892224,275552,935928,311976,4,0,51,5,0,250421-090818_Run_766_Idx_960,1920,0,5e-05,20000000,17844480.0,5511040.0,18718560.0,6239520.0,0.7,0.6666666666666666
86,1,160,48,112,26.08,81,27,54,27.0,892224,275552,935928,311976,4,0,51,5,0,250421-090138_Run_434_Idx_93338,1090,0,5e-05,20000000,17844480.0,5511040.0,18718560.0,6239520.0,0.7,0.6666666666666666
87,1,145,45,100,26.18,45,15,30,27.0,2182272,688992,1099368,366456,7,0,51,5,0,250421-085639_Run_451_Idx_10792,1130,0,5e-05,20000000,43645440.0,13779840.0,21987360.0,7329120.0,0.6896551724137931,0.6666666666666666
88,1,80,25,55,22.91,18,6,12,18.22,1888192,611432,609232,241456,14,0,51,5,0,250421-090730_Run_1008_Idx_65229,2520,0,5e-05,20000000,37763840.0,12228640.0,12184640.0,4829120.0,0.6875,0.6666666666666666
89,1,80,26,54,24.31,18,6,12,27.0,1822688,586408,1069776,356592,14,0,51,5,0,250421-090110_Run_316_Idx_74048,790,0,5e-05,20000000,36453760.0,11728160.0,21395520.0,7131840.0,0.675,0.6666666666666666
90,1,160,58,102,15.7,81,27,54,20.36,343696,131360,506560,184696,4,0,51,5,0,250421-095803_Run_1922_Idx_34185,4810,0,5e-05,20000000,6873920.0,2627200.0,10131200.0,3693920.0,0.6375,0.6666666666666666
91,1,160,48,112,26.2,144,48,96,24.0,219904,68352,510456,145536,2,0,51,5,0,250421-091028_Run_997_Idx_5687,2500,0,5e-05,20000000,4398080.0,1367040.0,10209120.0,2910720.0,0.7,0.6666666666666666
92,1,80,26,54,24.79,18,6,12,24.0,2123248,691584,781936,241456,14,0,51,5,0,250421-092155_Run_600_Idx_86683,1500,0,5e-05,20000000,42464960.0,13831680.0,15638720.0,4829120.0,0.675,0.6666666666666666
93,1,160,48,112,26.08,81,32,49,21.05,892224,275552,655672,186560,4,0,51,5,0,250421-092134_Run_718_Idx_88860,1800,0,5e-05,20000000,17844480.0,5511040.0,13113440.0,3731200.0,0.7,0.6049382716049383
94,1,80,25,55,22.31,18,6,12,27.0,1574784,533080,1069776,356592,14,0,51,5,0,250421-093830_Run_1312_Idx_65229,3280,0,5e-05,20000000,31495680.0,10661600.0,21395520.0,7131840.0,0.6875,0.6666666666666666
95,1,145,45,100,22.37,45,15,30,27.0,1189312,363712,1099368,366456,7,0,51,5,0,250421-093424_Run_1387_Idx_24331,3470,0,5e-05,20000000,23786240.0,7274240.0,21987360.0,7329120.0,0.6896551724137931,0.6666666666666666
96,1,80,24,56,19.98,18,7,11,21.0,1241112,413656,666800,185752,14,0,51,5,0,250421-085939_Run_560_Idx_73672,1400,0,5e-05,20000000,24822240.0,8273120.0,13336000.0,3715040.0,0.7,0.6111111111111112
97,1,160,48,112,26.3,144,48,96,27.0,226560,70016,645120,215040,2,0,51,5,0,250421-090451_Run_185_Idx_39758,470,0,5e-05,20000000,4531200.0,1400320.0,12902400.0,4300800.0,0.7,0.6666666666666666
98,1,160,48,112,26.0,81,27,54,24.0,865984,268992,835232,211280,4,0,51,5,0,250421-091910_Run_610_Idx_78813,1530,0,5e-05,20000000,17319680.0,5379840.0,16704640.0,4225600.0,0.7,0.6666666666666666
99,1,80,24,56,26.2,18,6,12,27.0,2399416,708056,1069776,356592,14,0,51,5,0,250421-091210_Run_516_Idx_54226,1290,0,5e-05,20000000,47988320.0,14161120.0,21395520.0,7131840.0,0.7,0.6666666666666666
100,1,80,24,56,24.88,18,6,12,22.5,2222640,648808,724368,183888,14,0,51,5,0,250421-091104_Run_520_Idx_54226,1300,0,5e-05,20000000,44452800.0,12976160.0,14487360.0,3677760.0,0.7,0.6666666666666666
101,1,160,48,112,25.99,81,27,54,27.0,892224,275552,935928,311976,4,0,51,5,0,250421-090432_Run_186_Idx_34316,470,0,5e-05,20000000,17844480.0,5511040.0,18718560.0,6239520.0,0.7,0.6666666666666666
102,1,160,56,104,21.18,81,28,53,18.12,679792,212048,359384,109720,4,0,51,5,0,250421-093518_Run_1206_Idx_59929,3020,0,5e-05,20000000,13595840.0,4240960.0,7187680.0,2194400.0,0.65,0.654320987654321
103,1,80,26,54,22.15,18,6,12,24.0,2103688,534064,954640,241456,14,0,51,5,0,250421-091913_Run_848_Idx_29372,2120,0,5e-05,20000000,42073760.0,10681280.0,19092800.0,4829120.0,0.675,0.6666666666666666
104,1,145,44,101,23.33,45,15,30,17.62,1874560,568792,251664,67488,7,0,51,5,0,250421-094011_Run_1367_Idx_51592,3420,0,5e-05,20000000,37491200.0,11375840.0,5033280.0,1349760.0,0.696551724137931,0.6666666666666666
105,1,145,46,99,24.79,45,15,30,24.0,2062432,587080,981200,248288,7,0,51,5,0,250421-094015_Run_1131_Idx_57481,2830,0,5e-05,20000000,41248640.0,11741600.0,19624000.0,4965760.0,0.6827586206896552,0.6666666666666666
106,1,160,48,112,26.12,81,27,54,27.0,892224,275552,935928,311976,4,0,51,5,0,250421-091304_Run_394_Idx_93338,990,0,5e-05,20000000,17844480.0,5511040.0,18718560.0,6239520.0,0.7,0.6666666666666666
107,1,160,58,102,20.98,144,48,96,24.0,160632,44928,575616,145536,2,0,51,5,0,250421-094508_Run_1553_Idx_1553,3890,0,5e-05,20000000,3212640.0,898560.0,11512320.0,2910720.0,0.6375,0.6666666666666666
108,1,80,24,56,25.52,18,6,12,24.0,2379344,687984,954640,241456,14,0,51,5,0,250421-100022_Run_1980_Idx_54226,4950,0,5e-05,20000000,47586880.0,13759680.0,19092800.0,4829120.0,0.7,0.6666666666666666
109,1,160,63,97,23.11,81,27,54,27.0,693200,249832,935928,311976,4,0,51,5,0,250421-090144_Run_314_Idx_14716,790,0,5e-05,20000000,13864000.0,4996640.0,18718560.0,6239520.0,0.60625,0.6666666666666666
110,1,145,46,99,26.06,45,15,30,27.0,2120832,691560,1099368,366456,7,0,51,5,0,250421-090213_Run_551_Idx_32731,1380,0,5e-05,20000000,42416640.0,13831200.0,21987360.0,7329120.0,0.6827586206896552,0.6666666666666666
111,1,145,45,100,25.06,45,15,30,24.0,2035232,588032,981200,248288,7,0,51,5,0,250421-094315_Run_1415_Idx_61030,3540,0,5e-05,20000000,40704640.0,11760640.0,19624000.0,4965760.0,0.6896551724137931,0.6666666666666666
112,1,145,45,100,25.06,45,15,30,24.0,2035232,588032,981200,248288,7,0,51,5,0,250421-090526_Run_659_Idx_61030,1650,0,5e-05,20000000,40704640.0,11760640.0,19624000.0,4965760.0,0.6896551724137931,0.6666666666666666
113,1,160,48,112,26.2,144,52,92,21.1,219904,68352,397512,124360,2,0,51,5,0,250421-095041_Run_1565_Idx_55385,3920,0,5e-05,20000000,4398080.0,1367040.0,7950240.0,2487200.0,0.7,0.6388888888888888
114,1,160,48,112,26.0,144,48,96,24.0,212224,66432,575616,145536,2,0,51,5,0,250421-094326_Run_1177_Idx_1990,2950,0,5e-05,20000000,4244480.0,1328640.0,11512320.0,2910720.0,0.7,0.6666666666666666
115,1,145,48,97,24.41,45,15,30,27.0,1651552,571576,1099368,366456,7,0,51,5,0,250421-093757_Run_1139_Idx_40592,2850,0,5e-05,20000000,33031040.0,11431520.0,21987360.0,7329120.0,0.6689655172413793,0.6666666666666666
116,1,160,59,101,23.42,81,27,54,27.0,679768,239072,935928,311976,4,0,51,5,0,250421-092526_Run_826_Idx_55921,2070,0,5e-05,20000000,13595360.0,4781440.0,18718560.0,6239520.0,0.63125,0.6666666666666666
117,1,80,25,55,21.96,18,6,12,18.0,1807544,532264,609232,241456,14,0,51,5,0,250421-095124_Run_1684_Idx_26496,4210,0,5e-05,20000000,36150880.0,10645280.0,12184640.0,4829120.0,0.6875,0.6666666666666666
118,1,80,25,55,22.42,18,6,12,21.67,1781864,506256,609232,241456,14,0,51,5,0,250421-092758_Run_1232_Idx_57146,3080,0,5e-05,20000000,35637280.0,10125120.0,12184640.0,4829120.0,0.6875,0.6666666666666666
119,1,80,24,56,25.32,18,6,12,24.0,2379344,687984,954640,241456,14,0,51,5,0,250421-091146_Run_636_Idx_61908,1590,0,5e-05,20000000,47586880.0,13759680.0,19092800.0,4829120.0,0.7,0.6666666666666666
120,1,80,26,54,25.52,18,6,12,27.0,2420072,750736,1069776,356592,14,0,51,5,0,250421-084930_Run_64_Idx_78572,160,0,5e-05,20000000,48401440.0,15014720.0,21395520.0,7131840.0,0.675,0.6666666666666666
121,1,160,57,103,23.25,81,27,54,27.0,605624,216128,935928,311976,4,0,51,5,0,250421-091800_Run_970_Idx_90426,2430,0,5e-05,20000000,12112480.0,4322560.0,18718560.0,6239520.0,0.64375,0.6666666666666666
122,1,80,24,56,25.66,18,6,12,27.0,2281888,668880,1069776,356592,14,0,51,5,0,250421-091508_Run_624_Idx_61908,1560,0,5e-05,20000000,45637760.0,13377600.0,21395520.0,7131840.0,0.7,0.6666666666666666
123,1,145,47,98,23.23,45,15,30,21.64,1497472,502288,773304,275424,7,0,51,5,0,250421-093359_Run_1091_Idx_35805,2730,0,5e-05,20000000,29949440.0,10045760.0,15466080.0,5508480.0,0.6758620689655173,0.6666666666666666
124,1,160,56,104,18.92,81,27,54,24.0,470616,128344,835232,211280,4,0,51,5,0,250421-092744_Run_1410_Idx_35340,3530,0,5e-05,20000000,9412320.0,2566880.0,16704640.0,4225600.0,0.65,0.6666666666666666
125,1,80,25,55,19.79,18,6,12,21.0,1258112,453912,609232,241456,14,0,51,5,0,250421-092939_Run_1168_Idx_26496,2920,0,5e-05,20000000,25162240.0,9078240.0,12184640.0,4829120.0,0.6875,0.6666666666666666
126,1,80,24,56,26.2,18,6,12,27.0,2399416,708056,1069776,356592,14,0,51,5,0,250421-092117_Run_484_Idx_54226,1210,0,5e-05,20000000,47988320.0,14161120.0,21395520.0,7131840.0,0.7,0.6666666666666666
127,1,160,48,112,25.99,81,27,54,27.0,892224,275552,935928,311976,4,0,51,5,0,250421-092606_Run_110_Idx_34316,280,0,5e-05,20000000,17844480.0,5511040.0,18718560.0,6239520.0,0.7,0.6666666666666666
128,1,80,25,55,26.0,18,6,12,27.0,2399416,749032,1069776,356592,14,0,51,5,0,250421-085311_Run_92_Idx_65229,230,0,5e-05,20000000,47988320.0,14980640.0,21395520.0,7131840.0,0.6875,0.6666666666666666
129,1,160,58,102,20.98,144,56,88,17.86,175104,44928,388824,107528,2,0,51,5,0,250421-094517_Run_1645_Idx_22656,4120,0,5e-05,20000000,3502080.0,898560.0,7776480.0,2150560.0,0.6375,0.6111111111111112
130,1,80,24,56,25.06,18,6,12,24.0,2262688,688856,781936,241456,14,0,51,5,0,250421-090302_Run_548_Idx_54226,1370,0,5e-05,20000000,45253760.0,13777120.0,15638720.0,4829120.0,0.7,0.6666666666666666
131,1,160,48,112,26.3,144,48,96,27.0,226560,70016,645120,215040,2,0,51,5,0,250421-092039_Run_129_Idx_39758,330,0,5e-05,20000000,4531200.0,1400320.0,12902400.0,4300800.0,0.7,0.6666666666666666
132,1,160,48,112,25.35,81,29,52,23.0,865984,268992,510384,180512,4,0,51,5,0,250421-094322_Run_1474_Idx_74976,3690,0,5e-05,20000000,17319680.0,5379840.0,10207680.0,3610240.0,0.7,0.6419753086419753
133,1,80,25,55,25.7,18,6,12,27.0,2358912,729112,1069776,356592,14,0,51,5,0,250421-093016_Run_1104_Idx_89663,2760,0,5e-05,20000000,47178240.0,14582240.0,21395520.0,7131840.0,0.6875,0.6666666666666666
134,1,80,24,56,26.0,18,6,12,27.0,2399416,708056,1069776,356592,14,0,51,5,0,250421-092304_Run_596_Idx_61908,1490,0,5e-05,20000000,47988320.0,14161120.0,21395520.0,7131840.0,0.7,0.6666666666666666
135,1,145,46,99,26.28,45,15,30,27.0,2182272,706920,1099368,366456,7,0,51,5,0,250421-090953_Run_167_Idx_57481,420,0,5e-05,20000000,43645440.0,14138400.0,21987360.0,7329120.0,0.6827586206896552,0.6666666666666666
136,1,145,45,100,26.17,45,15,30,27.0,2120832,673632,1099368,366456,7,0,51,5,0,250421-093304_Run_1331_Idx_71006,3330,0,5e-05,20000000,42416640.0,13472640.0,21987360.0,7329120.0,0.6896551724137931,0.6666666666666666
137,1,145,45,100,26.28,45,15,30,27.0,2182272,688992,1099368,366456,7,0,51,5,0,250421-091939_Run_371_Idx_10792,930,0,5e-05,20000000,43645440.0,13779840.0,21987360.0,7329120.0,0.6896551724137931,0.6666666666666666
138,1,80,25,55,26.04,18,6,12,27.0,2476440,768288,1069776,356592,14,0,51,5,0,250421-092646_Run_700_Idx_89663,1750,0,5e-05,20000000,49528800.0,15365760.0,21395520.0,7131840.0,0.6875,0.6666666666666666
139,1,160,56,104,22.9,144,48,96,24.11,187968,57664,372736,146944,2,0,51,5,0,250421-095354_Run_1777_Idx_35504,4450,0,5e-05,20000000,3759360.0,1153280.0,7454720.0,2938880.0,0.65,0.6666666666666666
140,1,160,48,112,25.99,81,27,54,27.0,892224,275552,935928,311976,4,0,51,5,0,250421-085508_Run_218_Idx_34316,550,0,5e-05,20000000,17844480.0,5511040.0,18718560.0,6239520.0,0.7,0.6666666666666666
141,1,80,25,55,24.44,18,6,12,27.0,1769336,591512,1069776,356592,14,0,51,5,0,250421-093515_Run_1384_Idx_47249,3460,0,5e-05,20000000,35386720.0,11830240.0,21395520.0,7131840.0,0.6875,0.6666666666666666
142,1,80,25,55,20.49,18,6,12,15.22,1544872,447008,148688,126320,14,0,51,5,0,250421-093444_Run_1208_Idx_57146,3020,0,5e-05,20000000,30897440.0,8940160.0,2973760.0,2526400.0,0.6875,0.6666666666666666
143,1,80,25,55,24.89,18,6,12,24.0,2005720,650608,609232,241456,14,0,51,5,0,250421-085559_Run_1048_Idx_65229,2620,0,5e-05,20000000,40114400.0,13012160.0,12184640.0,4829120.0,0.6875,0.6666666666666666
144,1,160,48,112,25.3,81,27,54,22.15,865984,268992,471520,174896,4,0,51,5,0,250421-094447_Run_1738_Idx_75070,4350,0,5e-05,20000000,17319680.0,5379840.0,9430400.0,3497920.0,0.7,0.6666666666666666
145,1,160,48,112,26.2,144,48,96,27.0,219904,68352,645120,215040,2,0,51,5,0,250421-085102_Run_73_Idx_7420,190,0,5e-05,20000000,4398080.0,1367040.0,12902400.0,4300800.0,0.7,0.6666666666666666
146,1,160,48,112,26.04,81,27,54,27.0,892224,275552,935928,311976,4,0,51,5,0,250421-091733_Run_854_Idx_85773,2140,0,5e-05,20000000,17844480.0,5511040.0,18718560.0,6239520.0,0.7,0.6666666666666666
147,1,160,52,108,19.26,81,27,54,23.67,493720,163080,537080,202184,4,0,51,5,0,250421-095815_Run_1962_Idx_27112,4910,0,5e-05,20000000,9874400.0,3261600.0,10741600.0,4043680.0,0.675,0.6666666666666666
148,1,145,46,99,22.78,45,15,30,27.0,1326272,433000,1099368,366456,7,0,51,5,0,250421-095849_Run_1947_Idx_57481,4870,0,5e-05,20000000,26525440.0,8660000.0,21987360.0,7329120.0,0.6827586206896552,0.6666666666666666
149,1,145,51,94,24.46,45,19,26,21.0,1976832,642480,824968,238696,7,0,51,5,0,250421-091205_Run_159_Idx_5222,400,0,5e-05,20000000,39536640.0,12849600.0,16499360.0,4773920.0,0.6482758620689655,0.5777777777777777
150,1,160,57,103,19.54,144,54,90,17.24,152592,44864,314976,85536,2,0,51,5,0,250421-095119_Run_1745_Idx_742,4370,0,5e-05,20000000,3051840.0,897280.0,6299520.0,1710720.0,0.64375,0.625
151,1,80,25,55,25.02,18,6,12,27.0,2318768,669864,1069776,356592,14,0,51,5,0,250421-085512_Run_932_Idx_47249,2330,0,5e-05,20000000,46375360.0,13397280.0,21395520.0,7131840.0,0.6875,0.6666666666666666
152,1,160,48,112,24.75,81,27,54,22.33,830272,260064,570872,144968,4,0,51,5,0,250421-092942_Run_1226_Idx_28528,3070,0,5e-05,20000000,16605440.0,5201280.0,11417440.0,2899360.0,0.7,0.6666666666666666
153,1,160,60,100,19.14,144,48,96,24.0,133072,35352,575616,145536,2,0,51,5,0,250421-093448_Run_1505_Idx_98715,3770,0,5e-05,20000000,2661440.0,707040.0,11512320.0,2910720.0,0.625,0.6666666666666666
154,1,145,45,100,20.17,45,15,30,15.87,1565952,397952,508528,130120,7,0,51,5,0,250421-094441_Run_1647_Idx_24331,4120,0,5e-05,20000000,31319040.0,7959040.0,10170560.0,2602400.0,0.6896551724137931,0.6666666666666666
155,1,145,45,100,24.91,45,15,30,21.04,1846912,605152,626696,248288,7,0,51,5,0,250421-095006_Run_1567_Idx_71006,3920,0,5e-05,20000000,36938240.0,12103040.0,12533920.0,4965760.0,0.6896551724137931,0.6666666666666666
156,1,80,24,56,23.44,18,6,12,24.0,1672240,511208,954640,241456,14,0,51,5,0,250421-094513_Run_1676_Idx_61908,4190,0,5e-05,20000000,33444800.0,10224160.0,19092800.0,4829120.0,0.7,0.6666666666666666
157,1,160,60,100,23.3,144,48,96,27.0,180064,60768,645120,215040,2,0,51,5,0,250421-093858_Run_1193_Idx_84810,2990,0,5e-05,20000000,3601280.0,1215360.0,12902400.0,4300800.0,0.625,0.6666666666666666
158,1,145,45,100,26.28,45,15,30,27.0,2182272,688992,1099368,366456,7,0,51,5,0,250421-091354_Run_391_Idx_10792,980,0,5e-05,20000000,43645440.0,13779840.0,21987360.0,7329120.0,0.6896551724137931,0.6666666666666666
159,1,160,48,112,26.3,144,48,96,27.0,226560,70016,645120,215040,2,0,51,5,0,250421-085121_Run_33_Idx_13251,90,0,5e-05,20000000,4531200.0,1400320.0,12902400.0,4300800.0,0.7,0.6666666666666666
160,1,160,48,112,25.81,81,27,54,27.0,830272,260064,935928,311976,4,0,51,5,0,250421-095157_Run_1590_Idx_28528,3980,0,5e-05,20000000,16605440.0,5201280.0,18718560.0,6239520.0,0.7,0.6666666666666666
161,1,160,48,112,26.3,144,48,96,27.0,226560,70016,645120,215040,2,0,51,5,0,250421-091756_Run_377_Idx_25592,950,0,5e-05,20000000,4531200.0,1400320.0,12902400.0,4300800.0,0.7,0.6666666666666666
162,1,145,45,100,25.32,45,15,30,24.0,1898272,605152,719032,261856,7,0,51,5,0,250421-090953_Run_999_Idx_71006,2500,0,5e-05,20000000,37965440.0,12103040.0,14380640.0,5237120.0,0.6896551724137931,0.6666666666666666
163,1,80,25,55,26.21,18,6,12,27.0,2476440,768288,1069776,356592,14,0,51,5,0,250421-094740_Run_1544_Idx_89663,3860,0,5e-05,20000000,49528800.0,15365760.0,21395520.0,7131840.0,0.6875,0.6666666666666666
164,1,80,25,55,26.21,18,6,12,27.0,2476440,768288,1069776,356592,14,0,51,5,0,250421-092206_Run_716_Idx_89663,1790,0,5e-05,20000000,49528800.0,15365760.0,21395520.0,7131840.0,0.6875,0.6666666666666666
165,1,145,46,99,25.97,45,15,30,27.0,2028672,668520,1099368,366456,7,0,51,5,0,250421-090234_Run_311_Idx_72713,780,0,5e-05,20000000,40573440.0,13370400.0,21987360.0,7329120.0,0.6827586206896552,0.6666666666666666
166,1,160,48,112,26.12,81,27,54,27.0,892224,275552,935928,311976,4,0,51,5,0,250421-092105_Run_366_Idx_93338,920,0,5e-05,20000000,17844480.0,5511040.0,18718560.0,6239520.0,0.7,0.6666666666666666
167,1,160,48,112,26.0,144,56,88,18.11,212224,66432,362760,116216,2,0,51,5,0,250421-095442_Run_1805_Idx_40384,4520,0,5e-05,20000000,4244480.0,1328640.0,7255200.0,2324320.0,0.7,0.6111111111111112
168,1,80,25,55,24.61,18,6,12,27.0,2201240,630688,1069776,356592,14,0,51,5,0,250421-093849_Run_1136_Idx_26496,2840,0,5e-05,20000000,44024800.0,12613760.0,21395520.0,7131840.0,0.6875,0.6666666666666666
169,1,145,47,98,24.47,45,15,30,21.78,1874112,622128,626696,248288,7,0,51,5,0,250421-094123_Run_1127_Idx_5328,2820,0,5e-05,20000000,37482240.0,12442560.0,12533920.0,4965760.0,0.6758620689655173,0.6666666666666666
170,1,160,48,112,25.99,81,27,54,27.0,892224,275552,935928,311976,4,0,51,5,0,250421-092127_Run_126_Idx_34316,320,0,5e-05,20000000,17844480.0,5511040.0,18718560.0,6239520.0,0.7,0.6666666666666666
171,1,80,25,55,24.19,18,6,12,24.0,2260488,630688,954640,241456,14,0,51,5,0,250421-095001_Run_1536_Idx_89663,3840,0,5e-05,20000000,45209760.0,12613760.0,19092800.0,4829120.0,0.6875,0.6666666666666666
172,1,145,45,100,25.62,45,15,30,24.0,1976832,637632,626696,248288,7,0,51,5,0,250421-092942_Run_1403_Idx_24331,3510,0,5e-05,20000000,39536640.0,12752640.0,12533920.0,4965760.0,0.6896551724137931,0.6666666666666666
173,1,80,25,55,26.3,18,6,12,27.0,2476440,768288,1069776,356592,14,0,51,5,0,250421-084949_Run_24_Idx_26496,60,0,5e-05,20000000,49528800.0,15365760.0,21395520.0,7131840.0,0.6875,0.6666666666666666
174,1,160,52,108,23.05,81,27,54,22.46,690664,194728,616832,202184,4,0,51,5,0,250421-095523_Run_1850_Idx_27112,4630,0,5e-05,20000000,13813280.0,3894560.0,12336640.0,4043680.0,0.675,0.6666666666666666
175,1,160,48,112,25.6,144,48,96,22.88,226560,70016,445296,119472,2,0,51,5,0,250421-094731_Run_1637_Idx_13251,4100,0,5e-05,20000000,4531200.0,1400320.0,8905920.0,2389440.0,0.7,0.6666666666666666
176,1,145,46,99,17.09,45,15,30,18.4,1103712,433000,626696,248288,7,0,51,5,0,250421-095259_Run_1843_Idx_57481,4610,0,5e-05,20000000,22074240.0,8660000.0,12533920.0,4965760.0,0.6827586206896552,0.6666666666666666
177,1,145,46,99,23.66,45,15,30,20.44,1908832,634280,668280,249168,7,0,51,5,0,250421-095930_Run_1903_Idx_72713,4760,0,5e-05,20000000,38176640.0,12685600.0,13365600.0,4983360.0,0.6827586206896552,0.6666666666666666
178,1,160,48,112,25.95,81,27,54,27.0,865984,268992,935928,311976,4,0,51,5,0,250421-092410_Run_474_Idx_75070,1190,0,5e-05,20000000,17319680.0,5379840.0,18718560.0,6239520.0,0.7,0.6666666666666666
179,1,160,48,112,26.12,81,27,54,27.0,892224,275552,935928,311976,4,0,51,5,0,250421-090836_Run_410_Idx_93338,1030,0,5e-05,20000000,17844480.0,5511040.0,18718560.0,6239520.0,0.7,0.6666666666666666
180,1,160,48,112,26.2,144,48,96,27.0,219904,68352,645120,215040,2,0,51,5,0,250421-085816_Run_565_Idx_81871,1420,0,5e-05,20000000,4398080.0,1367040.0,12902400.0,4300800.0,0.7,0.6666666666666666
181,1,80,25,55,25.66,18,6,12,27.0,2281888,709856,1069776,356592,14,0,51,5,0,250421-093246_Run_1332_Idx_65229,3330,0,5e-05,20000000,45637760.0,14197120.0,21395520.0,7131840.0,0.6875,0.6666666666666666
182,1,160,62,98,23.42,81,27,54,27.0,730768,257128,935928,311976,4,0,51,5,0,250421-092211_Run_362_Idx_17646,910,0,5e-05,20000000,14615360.0,5142560.0,18718560.0,6239520.0,0.6125,0.6666666666666666
183,1,160,52,108,22.58,81,27,54,24.0,514192,169600,835232,211280,4,0,51,5,0,250421-094547_Run_1674_Idx_27112,4190,0,5e-05,20000000,10283840.0,3392000.0,16704640.0,4225600.0,0.675,0.6666666666666666
184,1,160,56,104,22.16,81,27,54,27.0,578992,212048,935928,311976,4,0,51,5,0,250421-093947_Run_1190_Idx_55670,2980,0,5e-05,20000000,11579840.0,4240960.0,18718560.0,6239520.0,0.65,0.6666666666666666
185,1,145,45,100,25.9,45,15,30,27.0,2079552,654752,1099368,366456,7,0,51,5,0,250421-093206_Run_1395_Idx_24331,3490,0,5e-05,20000000,41591040.0,13095040.0,21987360.0,7329120.0,0.6896551724137931,0.6666666666666666
186,1,80,25,55,21.32,18,6,12,15.22,1760824,525360,494096,126320,14,0,51,5,0,250421-095247_Run_1812_Idx_57146,4530,0,5e-05,20000000,35216480.0,10507200.0,9881920.0,2526400.0,0.6875,0.6666666666666666
187,1,80,25,55,23.0,18,6,12,24.0,2143320,552184,954640,241456,14,0,51,5,0,250421-091834_Run_968_Idx_65229,2420,0,5e-05,20000000,42866400.0,11043680.0,19092800.0,4829120.0,0.6875,0.6666666666666666
188,1,80,25,55,23.98,18,6,12,27.0,1938568,545432,1069776,356592,14,0,51,5,0,250421-094126_Run_1184_Idx_57146,2960,0,5e-05,20000000,38771360.0,10908640.0,21395520.0,7131840.0,0.6875,0.6666666666666666
189,1,160,48,112,25.4,144,60,84,21.38,219904,68352,462672,138480,2,0,51,5,0,250421-090515_Run_541_Idx_98715,1360,0,5e-05,20000000,4398080.0,1367040.0,9253440.0,2769600.0,0.7,0.5833333333333334
190,1,160,48,112,26.3,144,48,96,27.0,226560,70016,645120,215040,2,0,51,5,0,250421-090225_Run_193_Idx_39758,490,0,5e-05,20000000,4531200.0,1400320.0,12902400.0,4300800.0,0.7,0.6666666666666666
191,1,80,25,55,26.3,18,6,12,27.0,2476440,768288,1069776,356592,14,0,51,5,0,250421-091254_Run_156_Idx_26496,390,0,5e-05,20000000,49528800.0,15365760.0,21395520.0,7131840.0,0.6875,0.6666666666666666
192,1,160,57,103,20.89,144,48,96,24.0,168448,43200,575616,145536,2,0,51,5,0,250421-100013_Run_1981_Idx_63770,4960,0,5e-05,20000000,3368960.0,864000.0,11512320.0,2910720.0,0.64375,0.6666666666666666
193,1,160,54,106,23.25,81,27,54,27.0,700112,204592,935928,311976,4,0,51,5,0,250421-094446_Run_1586_Idx_36891,3970,0,5e-05,20000000,14002240.0,4091840.0,18718560.0,6239520.0,0.6625,0.6666666666666666
194,1,80,24,56,25.12,18,6,12,24.0,2379344,687984,954640,241456,14,0,51,5,0,250421-092918_Run_1464_Idx_61908,3660,0,5e-05,20000000,47586880.0,13759680.0,19092800.0,4829120.0,0.7,0.6666666666666666
195,1,160,58,102,22.56,144,48,96,27.0,170056,59344,645120,215040,2,0,51,5,0,250421-093923_Run_1309_Idx_17424,3280,0,5e-05,20000000,3401120.0,1186880.0,12902400.0,4300800.0,0.6375,0.6666666666666666
196,1,160,57,103,20.8,81,27,54,24.0,691200,177344,835232,211280,4,0,51,5,0,250421-091948_Run_846_Idx_2026,2120,0,5e-05,20000000,13824000.0,3546880.0,16704640.0,4225600.0,0.64375,0.6666666666666666
197,1,160,61,99,23.6,144,48,96,27.0,196008,66024,645120,215040,2,0,51,5,0,250421-092850_Run_1109_Idx_63195,2780,0,5e-05,20000000,3920160.0,1320480.0,12902400.0,4300800.0,0.61875,0.6666666666666666
198,1,145,48,97,24.79,45,15,30,27.0,1993952,605816,1099368,366456,7,0,51,5,0,250421-090219_Run_787_Idx_5377,1970,0,5e-05,20000000,39879040.0,12116320.0,21987360.0,7329120.0,0.6689655172413793,0.6666666666666666
199,1,160,48,112,25.6,144,48,96,23.25,226560,70016,506112,128160,2,0,51,5,0,250421-093750_Run_1077_Idx_82062,2700,0,5e-05,20000000,4531200.0,1400320.0,10122240.0,2563200.0,0.7,0.6666666666666666
200,1,160,60,100,23.5,144,48,96,27.0,174880,62688,645120,215040,2,0,51,5,0,250421-092731_Run_581_Idx_47159,1460,0,5e-05,20000000,3497600.0,1253760.0,12902400.0,4300800.0,0.625,0.6666666666666666
201,1,160,59,101,23.5,144,48,96,23.13,186136,61016,510456,145536,2,0,51,5,0,250421-090923_Run_1001_Idx_61170,2510,0,5e-05,20000000,3722720.0,1220320.0,10209120.0,2910720.0,0.63125,0.6666666666666666
202,1,145,45,100,26.17,45,15,30,27.0,2120832,673632,1099368,366456,7,0,51,5,0,250421-091420_Run_983_Idx_71006,2460,0,5e-05,20000000,42416640.0,13472640.0,21987360.0,7329120.0,0.6896551724137931,0.6666666666666666
203,1,160,56,104,20.11,81,27,54,21.07,560688,197168,443888,149312,4,0,51,5,0,250421-095404_Run_1870_Idx_86591,4680,0,5e-05,20000000,11213760.0,3943360.0,8877760.0,2986240.0,0.65,0.6666666666666666
204,1,145,46,99,26.17,45,15,30,27.0,2120832,691560,1099368,366456,7,0,51,5,0,250421-092134_Run_483_Idx_32731,1210,0,5e-05,20000000,42416640.0,13831200.0,21987360.0,7329120.0,0.6827586206896552,0.6666666666666666
205,1,160,48,112,25.99,81,27,54,27.0,892224,275552,935928,311976,4,0,51,5,0,250421-090543_Run_182_Idx_34316,460,0,5e-05,20000000,17844480.0,5511040.0,18718560.0,6239520.0,0.7,0.6666666666666666
206,1,80,25,55,25.88,18,6,12,27.0,2358912,729112,1069776,356592,14,0,51,5,0,250421-090308_Run_784_Idx_89663,1960,0,5e-05,20000000,47178240.0,14582240.0,21395520.0,7131840.0,0.6875,0.6666666666666666
207,1,145,45,100,23.43,45,15,30,21.22,1908352,552032,626696,248288,7,0,51,5,0,250421-094833_Run_1755_Idx_10792,4390,0,5e-05,20000000,38167040.0,11040640.0,12533920.0,4965760.0,0.6896551724137931,0.6666666666666666
208,1,160,59,101,21.86,144,48,96,23.25,170056,61016,523488,145536,2,0,51,5,0,250421-092500_Run_945_Idx_61170,2370,0,5e-05,20000000,3401120.0,1220320.0,10469760.0,2910720.0,0.63125,0.6666666666666666
209,1,145,45,100,24.88,45,15,30,24.0,2018112,588032,981200,248288,7,0,51,5,0,250421-090640_Run_1011_Idx_71006,2530,0,5e-05,20000000,40362240.0,11760640.0,19624000.0,4965760.0,0.6896551724137931,0.6666666666666666
210,1,160,48,112,25.3,81,31,50,15.58,865984,268992,281336,89184,4,0,51,5,0,250421-094009_Run_1486_Idx_74221,3720,0,5e-05,20000000,17319680.0,5379840.0,5626720.0,1783680.0,0.7,0.6172839506172839
211,1,80,25,55,23.09,18,6,12,27.0,1611664,493088,1069776,356592,14,0,51,5,0,250421-093408_Run_1388_Idx_47249,3470,0,5e-05,20000000,32233280.0,9861760.0,21395520.0,7131840.0,0.6875,0.6666666666666666
212,1,160,48,112,25.99,81,27,54,27.0,892224,275552,935928,311976,4,0,51,5,0,250421-091656_Run_142_Idx_34316,360,0,5e-05,20000000,17844480.0,5511040.0,18718560.0,6239520.0,0.7,0.6666666666666666
213,1,145,45,100,23.92,45,18,27,18.27,2113792,671872,694536,251832,7,0,51,5,0,250421-085647_Run_807_Idx_5377,2020,0,5e-05,20000000,42275840.0,13437440.0,13890720.0,5036640.0,0.6896551724137931,0.6
214,1,160,57,103,22.72,81,27,54,24.0,743064,229208,632024,193088,4,0,51,5,0,250421-093840_Run_1074_Idx_29810,2690,0,5e-05,20000000,14861280.0,4584160.0,12640480.0,3861760.0,0.64375,0.6666666666666666
215,1,160,48,112,26.12,81,27,54,24.0,892224,275552,707840,202184,4,0,51,5,0,250421-092157_Run_838_Idx_85773,2100,0,5e-05,20000000,17844480.0,5511040.0,14156800.0,4043680.0,0.7,0.6666666666666666
216,1,160,56,104,23.5,144,48,96,22.61,181312,56000,471360,145536,2,0,51,5,0,250421-095146_Run_1561_Idx_79507,3910,0,5e-05,20000000,3626240.0,1120000.0,9427200.0,2910720.0,0.65,0.6666666666666666
217,1,160,48,112,25.81,81,27,54,27.0,830272,260064,935928,311976,4,0,51,5,0,250421-092101_Run_246_Idx_28528,620,0,5e-05,20000000,16605440.0,5201280.0,18718560.0,6239520.0,0.7,0.6666666666666666
218,1,160,57,103,22.51,144,48,96,27.0,168672,59336,645120,215040,2,0,51,5,0,250421-095738_Run_1937_Idx_38001,4850,0,5e-05,20000000,3373440.0,1186720.0,12902400.0,4300800.0,0.64375,0.6666666666666666
219,1,160,53,107,23.42,81,27,54,27.0,718224,202960,935928,311976,4,0,51,5,0,250421-095315_Run_1826_Idx_11742,4570,0,5e-05,20000000,14364480.0,4059200.0,18718560.0,6239520.0,0.66875,0.6666666666666666
220,1,80,25,55,26.21,18,6,12,27.0,2476440,768288,1069776,356592,14,0,51,5,0,250421-091337_Run_392_Idx_66277,980,0,5e-05,20000000,49528800.0,15365760.0,21395520.0,7131840.0,0.6875,0.6666666666666666
221,1,160,48,112,25.85,81,27,54,27.0,865984,268992,935928,311976,4,0,51,5,0,250421-090229_Run_550_Idx_75070,1380,0,5e-05,20000000,17319680.0,5379840.0,18718560.0,6239520.0,0.7,0.6666666666666666
222,1,145,46,99,26.17,45,15,30,27.0,2120832,691560,1099368,366456,7,0,51,5,0,250421-092351_Run_475_Idx_32731,1190,0,5e-05,20000000,42416640.0,13831200.0,21987360.0,7329120.0,0.6827586206896552,0.6666666666666666
223,1,160,56,104,21.92,81,29,52,21.37,679792,212048,496352,167368,4,0,51,5,0,250421-092833_Run_1230_Idx_63012,3080,0,5e-05,20000000,13595840.0,4240960.0,9927040.0,3347360.0,0.65,0.6419753086419753
224,1,80,25,55,23.22,18,6,12,21.67,1612632,552336,609232,241456,14,0,51,5,0,250421-093236_Run_1096_Idx_89663,2740,0,5e-05,20000000,32252640.0,11046720.0,12184640.0,4829120.0,0.6875,0.6666666666666666
225,1,160,58,102,20.98,144,48,96,24.0,157416,44928,575616,145536,2,0,51,5,0,250421-094745_Run_1697_Idx_45604,4250,0,5e-05,20000000,3148320.0,898560.0,11512320.0,2910720.0,0.6375,0.6666666666666666
226,1,160,62,98,22.59,144,48,96,23.13,191184,67696,510456,145536,2,0,51,5,0,250421-094112_Run_1065_Idx_88807,2670,0,5e-05,20000000,3823680.0,1353920.0,10209120.0,2910720.0,0.6125,0.6666666666666666
227,1,160,48,112,25.42,81,27,54,24.0,892224,275552,710888,193088,4,0,51,5,0,250421-090943_Run_406_Idx_93338,1020,0,5e-05,20000000,17844480.0,5511040.0,14217760.0,3861760.0,0.7,0.6666666666666666
228,1,145,47,98,26.09,45,15,30,27.0,2165152,707728,1099368,366456,7,0,51,5,0,250421-085249_Run_15_Idx_5328,40,0,5e-05,20000000,43303040.0,14154560.0,21987360.0,7329120.0,0.6758620689655173,0.6666666666666666
229,1,80,25,55,26.3,18,6,12,27.0,2476440,768288,1069776,356592,14,0,51,5,0,250421-095600_Run_1832_Idx_26496,4580,0,5e-05,20000000,49528800.0,15365760.0,21395520.0,7131840.0,0.6875,0.6666666666666666
230,1,145,45,100,22.32,45,15,30,24.0,1206432,432192,720400,261856,7,0,51,5,0,250421-094312_Run_1239_Idx_10792,3100,0,5e-05,20000000,24128640.0,8643840.0,14408000.0,5237120.0,0.6896551724137931,0.6666666666666666
231,1,145,46,99,16.88,45,15,30,18.22,1042272,417640,626696,248288,7,0,51,5,0,250421-094754_Run_1727_Idx_32731,4320,0,5e-05,20000000,20845440.0,8352800.0,12533920.0,4965760.0,0.6827586206896552,0.6666666666666666
232,1,145,46,99,24.99,45,16,29,21.04,1891232,604200,694144,210232,7,0,51,5,0,250421-092118_Run_719_Idx_35805,1800,0,5e-05,20000000,37824640.0,12084000.0,13882880.0,4204640.0,0.6827586206896552,0.6444444444444445
233,1,160,48,112,25.4,144,48,96,22.5,219904,68352,480048,145536,2,0,51,5,0,250421-094615_Run_1733_Idx_81871,4340,0,5e-05,20000000,4398080.0,1367040.0,9600960.0,2910720.0,0.7,0.6666666666666666
234,1,160,48,112,25.99,81,27,54,27.0,892224,275552,935928,311976,4,0,51,5,0,250421-090903_Run_170_Idx_34316,430,0,5e-05,20000000,17844480.0,5511040.0,18718560.0,6239520.0,0.7,0.6666666666666666
235,1,160,48,112,26.3,144,48,96,24.0,226560,70016,575616,145536,2,0,51,5,0,250421-091836_Run_729_Idx_82062,1830,0,5e-05,20000000,4531200.0,1400320.0,11512320.0,2910720.0,0.7,0.6666666666666666
236,1,160,48,112,25.81,81,27,54,27.0,830272,260064,935928,311976,4,0,51,5,0,250421-090735_Run_294_Idx_28528,740,0,5e-05,20000000,16605440.0,5201280.0,18718560.0,6239520.0,0.7,0.6666666666666666
237,1,160,48,112,25.99,81,27,54,27.0,892224,275552,935928,311976,4,0,51,5,0,250421-085154_Run_18_Idx_34316,50,0,5e-05,20000000,17844480.0,5511040.0,18718560.0,6239520.0,0.7,0.6666666666666666
238,1,160,60,100,23.11,81,27,54,27.0,655240,238296,935928,311976,4,0,51,5,0,250421-090839_Run_290_Idx_68712,730,0,5e-05,20000000,13104800.0,4765920.0,18718560.0,6239520.0,0.625,0.6666666666666666
239,1,160,48,112,24.9,144,56,88,15.83,226560,70016,193344,59744,2,0,51,5,0,250421-100025_Run_1997_Idx_20464,5000,0,5e-05,20000000,4531200.0,1400320.0,3866880.0,1194880.0,0.7,0.6111111111111112
240,1,145,45,100,25.77,45,15,30,27.0,2069472,656512,1099368,366456,7,0,51,5,0,250421-094902_Run_1663_Idx_61030,4160,0,5e-05,20000000,41389440.0,13130240.0,21987360.0,7329120.0,0.6896551724137931,0.6666666666666666
241,1,160,52,108,15.76,81,28,53,18.74,307880,92648,493416,171984,4,0,51,5,0,250421-095943_Run_1970_Idx_18885,4930,0,5e-05,20000000,6157600.0,1852960.0,9868320.0,3439680.0,0.675,0.654320987654321
242,1,80,24,56,22.3,18,6,12,27.0,1535608,492104,1069776,356592,14,0,51,5,0,250421-095720_Run_1992_Idx_54226,4980,0,5e-05,20000000,30712160.0,9842080.0,21395520.0,7131840.0,0.7,0.6666666666666666
243,1,160,61,99,20.8,144,48,96,24.0,168448,43456,575616,145536,2,0,51,5,0,250421-091239_Run_989_Idx_1953,2480,0,5e-05,20000000,3368960.0,869120.0,11512320.0,2910720.0,0.61875,0.6666666666666666
244,1,145,45,100,26.28,45,15,30,27.0,2182272,688992,1099368,366456,7,0,51,5,0,250421-085154_Run_83_Idx_95480,210,0,5e-05,20000000,43645440.0,13779840.0,21987360.0,7329120.0,0.6896551724137931,0.6666666666666666
245,1,160,48,112,25.99,81,27,54,27.0,892224,275552,935928,311976,4,0,51,5,0,250421-091010_Run_166_Idx_34316,420,0,5e-05,20000000,17844480.0,5511040.0,18718560.0,6239520.0,0.7,0.6666666666666666
246,1,145,44,101,25.27,45,15,30,24.0,2052352,638584,932208,275424,7,0,51,5,0,250421-090259_Run_667_Idx_87914,1670,0,5e-05,20000000,41047040.0,12771680.0,18644160.0,5508480.0,0.696551724137931,0.6666666666666666
247,1,80,25,55,25.66,18,6,12,27.0,2174592,683032,1069776,356592,14,0,51,5,0,250421-092723_Run_224_Idx_57146,560,0,5e-05,20000000,43491840.0,13660640.0,21395520.0,7131840.0,0.6875,0.6666666666666666
248,1,80,25,55,24.69,18,6,12,24.0,2378016,669864,954640,241456,14,0,51,5,0,250421-091104_Run_756_Idx_89663,1890,0,5e-05,20000000,47560320.0,13397280.0,19092800.0,4829120.0,0.6875,0.6666666666666666
249,1,160,48,112,26.12,81,27,54,24.0,892224,275552,706952,202184,4,0,51,5,0,250421-092053_Run_842_Idx_85773,2110,0,5e-05,20000000,17844480.0,5511040.0,14139040.0,4043680.0,0.7,0.6666666666666666
250,1,145,46,99,26.06,45,15,30,27.0,2120832,691560,1099368,366456,7,0,51,5,0,250421-091554_Run_503_Idx_32731,1260,0,5e-05,20000000,42416640.0,13831200.0,21987360.0,7329120.0,0.6827586206896552,0.6666666666666666
251,1,145,46,99,25.27,45,15,30,24.0,2052352,674440,626696,248288,7,0,51,5,0,250421-093736_Run_1495_Idx_32731,3740,0,5e-05,20000000,41047040.0,13488800.0,12533920.0,4965760.0,0.6827586206896552,0.6666666666666666
252,1,145,46,99,9.27,45,15,30,3.73,590592,154920,39504,12864,7,0,51,5,0,250421-094926_Run_1599_Idx_72713,4000,0,5e-05,20000000,11811840.0,3098400.0,790080.0,257280.0,0.6827586206896552,0.6666666666666666
253,1,160,48,112,25.4,144,52,92,20.25,219904,68352,349728,93952,2,0,51,5,0,250421-093013_Run_1341_Idx_55385,3360,0,5e-05,20000000,4398080.0,1367040.0,6994560.0,1879040.0,0.7,0.6388888888888888
254,1,160,48,112,26.3,144,48,96,27.0,226560,70016,645120,215040,2,0,51,5,0,250421-095653_Run_1829_Idx_39758,4580,0,5e-05,20000000,4531200.0,1400320.0,12902400.0,4300800.0,0.7,0.6666666666666666
255,1,80,25,55,24.61,18,6,12,27.0,1769336,591512,1069776,356592,14,0,51,5,0,250421-094421_Run_1116_Idx_26496,2790,0,5e-05,20000000,35386720.0,11830240.0,21395520.0,7131840.0,0.6875,0.6666666666666666
256,1,80,25,55,24.11,18,6,12,27.0,1692312,572256,1069776,356592,14,0,51,5,0,250421-091042_Run_996_Idx_65229,2490,0,5e-05,20000000,33846240.0,11445120.0,21395520.0,7131840.0,0.6875,0.6666666666666666
257,1,160,48,112,26.04,81,27,54,27.0,892224,275552,935928,311976,4,0,51,5,0,250421-095231_Run_1782_Idx_960,4460,0,5e-05,20000000,17844480.0,5511040.0,18718560.0,6239520.0,0.7,0.6666666666666666
258,1,80,25,55,26.0,18,6,12,27.0,2292120,722208,1069776,356592,14,0,51,5,0,250421-084926_Run_12_Idx_57146,30,0,5e-05,20000000,45842400.0,14444160.0,21395520.0,7131840.0,0.6875,0.6666666666666666
259,1,160,48,112,26.2,144,64,80,21.0,219904,68352,506112,147712,2,0,51,5,0,250421-084927_Run_77_Idx_37445,200,0,5e-05,20000000,4398080.0,1367040.0,10122240.0,2954240.0,0.7,0.5555555555555556
260,1,145,45,100,25.34,45,15,30,24.0,2113792,620512,981200,248288,7,0,51,5,0,250421-091801_Run_731_Idx_95480,1830,0,5e-05,20000000,42275840.0,12410240.0,19624000.0,4965760.0,0.6896551724137931,0.6666666666666666
261,1,80,24,56,25.8,18,6,12,27.0,2399416,708056,1069776,356592,14,0,51,5,0,250421-093245_Run_1452_Idx_61908,3630,0,5e-05,20000000,47988320.0,14161120.0,21395520.0,7131840.0,0.7,0.6666666666666666
262,1,160,48,112,25.38,81,27,54,23.0,892224,275552,628680,162456,4,0,51,5,0,250421-093733_Run_1078_Idx_960,2700,0,5e-05,20000000,17844480.0,5511040.0,12573600.0,3249120.0,0.7,0.6666666666666666
263,1,160,48,112,26.0,81,36,45,21.0,865984,268992,734536,214576,4,0,51,5,0,250421-084858_Run_78_Idx_63538,200,0,5e-05,20000000,17319680.0,5379840.0,14690720.0,4291520.0,0.7,0.5555555555555556
264,1,145,45,100,24.94,45,15,30,24.0,2035232,588032,981200,248288,7,0,51,5,0,250421-092935_Run_1463_Idx_61030,3660,0,5e-05,20000000,40704640.0,11760640.0,19624000.0,4965760.0,0.6896551724137931,0.6666666666666666
265,1,160,70,90,12.08,81,30,51,12.6,348856,139960,179568,71264,4,0,51,5,0,250421-094129_Run_1362_Idx_34890,3410,0,5e-05,20000000,6977120.0,2799200.0,3591360.0,1425280.0,0.5625,0.6296296296296297
266,1,160,48,112,25.99,81,27,54,24.0,892224,275552,835232,211280,4,0,51,5,0,250421-095527_Run_1834_Idx_34316,4590,0,5e-05,20000000,17844480.0,5511040.0,16704640.0,4225600.0,0.7,0.6666666666666666
267,1,145,45,100,24.31,45,15,30,27.0,1436032,502432,1099368,366456,7,0,51,5,0,250421-093840_Run_1431_Idx_61030,3580,0,5e-05,20000000,28720640.0,10048640.0,21987360.0,7329120.0,0.6896551724137931,0.6666666666666666
268,1,80,25,55,24.86,18,6,12,24.0,2378016,669864,954640,241456,14,0,51,5,0,250421-092428_Run_708_Idx_89663,1770,0,5e-05,20000000,47560320.0,13397280.0,19092800.0,4829120.0,0.6875,0.6666666666666666
269,1,80,25,55,26.21,18,6,12,27.0,2476440,768288,1069776,356592,14,0,51,5,0,250421-090054_Run_792_Idx_89663,1980,0,5e-05,20000000,49528800.0,15365760.0,21395520.0,7131840.0,0.6875,0.6666666666666666
270,1,160,53,107,23.29,81,27,54,20.36,718224,202960,492416,162456,4,0,51,5,0,250421-095156_Run_1682_Idx_84222,4210,0,5e-05,20000000,14364480.0,4059200.0,9848320.0,3249120.0,0.66875,0.6666666666666666
271,1,80,25,55,23.56,18,6,12,21.0,2003424,571440,609232,241456,14,0,51,5,0,250421-094152_Run_1244_Idx_66277,3110,0,5e-05,20000000,40068480.0,11428800.0,12184640.0,4829120.0,0.6875,0.6666666666666666
272,1,160,48,112,26.08,81,27,54,27.0,892224,275552,935928,311976,4,0,51,5,0,250421-091405_Run_866_Idx_85773,2170,0,5e-05,20000000,17844480.0,5511040.0,18718560.0,6239520.0,0.7,0.6666666666666666
273,1,160,48,112,25.95,81,27,54,27.0,892224,275552,935928,311976,4,0,51,5,0,250421-092234_Run_122_Idx_34316,310,0,5e-05,20000000,17844480.0,5511040.0,18718560.0,6239520.0,0.7,0.6666666666666666
274,1,160,48,112,25.91,81,27,54,27.0,892224,275552,935928,311976,4,0,51,5,0,250421-093451_Run_1150_Idx_34316,2880,0,5e-05,20000000,17844480.0,5511040.0,18718560.0,6239520.0,0.7,0.6666666666666666
275,1,80,24,56,20.1,18,6,12,15.0,1222200,413752,148688,126320,14,0,51,5,0,250421-094142_Run_1480_Idx_54226,3700,0,5e-05,20000000,24444000.0,8275040.0,2973760.0,2526400.0,0.7,0.6666666666666666
276,1,160,63,97,23.6,144,48,96,27.0,196008,69368,645120,215040,2,0,51,5,0,250421-091540_Run_385_Idx_742,970,0,5e-05,20000000,3920160.0,1387360.0,12902400.0,4300800.0,0.60625,0.6666666666666666
277,1,160,63,97,16.92,144,52,92,19.5,105736,32328,401856,111328,2,0,51,5,0,250421-095251_Run_1649_Idx_38996,4130,0,5e-05,20000000,2114720.0,646560.0,8037120.0,2226560.0,0.60625,0.6388888888888888
278,1,160,62,98,21.55,144,48,96,27.0,152368,56384,645120,215040,2,0,51,5,0,250421-094829_Run_1573_Idx_75394,3940,0,5e-05,20000000,3047360.0,1127680.0,12902400.0,4300800.0,0.6125,0.6666666666666666
279,1,145,45,100,26.28,45,15,30,27.0,2182272,688992,1099368,366456,7,0,51,5,0,250421-094420_Run_1235_Idx_10792,3090,0,5e-05,20000000,43645440.0,13779840.0,21987360.0,7329120.0,0.6896551724137931,0.6666666666666666
280,1,145,46,99,26.28,45,15,30,27.0,2182272,706920,1099368,366456,7,0,51,5,0,250421-090634_Run_179_Idx_57481,450,0,5e-05,20000000,43645440.0,14138400.0,21987360.0,7329120.0,0.6827586206896552,0.6666666666666666
281,1,145,45,100,25.06,45,15,30,24.0,2035232,588032,981200,248288,7,0,51,5,0,250421-091203_Run_635_Idx_61030,1590,0,5e-05,20000000,40704640.0,11760640.0,19624000.0,4965760.0,0.6896551724137931,0.6666666666666666
282,1,145,45,100,19.62,45,15,30,20.51,1053248,278336,518064,132504,7,0,51,5,0,250421-095120_Run_1623_Idx_24331,4060,0,5e-05,20000000,21064960.0,5566720.0,10361280.0,2650080.0,0.6896551724137931,0.6666666666666666
283,1,160,48,112,26.3,144,48,96,27.0,226560,70016,645120,215040,2,0,51,5,0,250421-090039_Run_793_Idx_82062,1990,0,5e-05,20000000,4531200.0,1400320.0,12902400.0,4300800.0,0.7,0.6666666666666666
284,1,160,57,103,23.5,144,48,96,27.0,182920,57672,645120,215040,2,0,51,5,0,250421-095044_Run_1657_Idx_42541,4150,0,5e-05,20000000,3658400.0,1153440.0,12902400.0,4300800.0,0.64375,0.6666666666666666
285,1,160,48,112,26.3,144,48,96,27.0,226560,70016,645120,215040,2,0,51,5,0,250421-093110_Run_1101_Idx_82062,2760,0,5e-05,20000000,4531200.0,1400320.0,12902400.0,4300800.0,0.7,0.6666666666666666
286,1,160,48,112,26.3,144,48,96,27.0,226560,70016,645120,215040,2,0,51,5,0,250421-085526_Run_217_Idx_39758,550,0,5e-05,20000000,4531200.0,1400320.0,12902400.0,4300800.0,0.7,0.6666666666666666
287,1,145,45,100,21.18,45,15,30,23.4,1360512,483552,626696,248288,7,0,51,5,0,250421-095747_Run_1895_Idx_95480,4740,0,5e-05,20000000,27210240.0,9671040.0,12533920.0,4965760.0,0.6896551724137931,0.6666666666666666
288,1,160,48,112,26.2,144,48,96,27.0,219904,68352,645120,215040,2,0,51,5,0,250421-091452_Run_625_Idx_7420,1570,0,5e-05,20000000,4398080.0,1367040.0,12902400.0,4300800.0,0.7,0.6666666666666666
289,1,80,25,55,21.55,18,6,12,27.0,1611664,493088,1069776,356592,14,0,51,5,0,250421-100010_Run_1996_Idx_47249,4990,0,5e-05,20000000,32233280.0,9861760.0,21395520.0,7131840.0,0.6875,0.6666666666666666
290,1,145,51,94,22.97,45,15,30,27.0,1692832,575760,1099368,366456,7,0,51,5,0,250421-090631_Run_655_Idx_8831,1640,0,5e-05,20000000,33856640.0,11515200.0,21987360.0,7329120.0,0.6482758620689655,0.6666666666666666
291,1,160,48,112,25.99,81,27,54,27.0,892224,275552,935928,311976,4,0,51,5,0,250421-091803_Run_138_Idx_34316,350,0,5e-05,20000000,17844480.0,5511040.0,18718560.0,6239520.0,0.7,0.6666666666666666
292,1,80,24,56,25.22,18,6,12,24.0,2379344,687984,954640,241456,14,0,51,5,0,250421-094257_Run_1416_Idx_61908,3540,0,5e-05,20000000,47586880.0,13759680.0,19092800.0,4829120.0,0.7,0.6666666666666666
293,1,160,48,112,25.95,81,27,54,27.0,865984,268992,935928,311976,4,0,51,5,0,250421-085533_Run_574_Idx_75070,1440,0,5e-05,20000000,17319680.0,5379840.0,18718560.0,6239520.0,0.7,0.6666666666666666
294,1,160,56,104,23.21,81,27,54,22.78,741744,227536,541464,213360,4,0,51,5,0,250421-093232_Run_1158_Idx_3852,2900,0,5e-05,20000000,14834880.0,4550720.0,10829280.0,4267200.0,0.65,0.6666666666666666
295,1,160,48,112,26.2,144,48,96,27.0,219904,68352,645120,215040,2,0,51,5,0,250421-091954_Run_489_Idx_81871,1230,0,5e-05,20000000,4398080.0,1367040.0,12902400.0,4300800.0,0.7,0.6666666666666666
296,1,145,45,100,26.17,45,15,30,27.0,2120832,673632,1099368,366456,7,0,51,5,0,250421-094537_Run_1583_Idx_71006,3960,0,5e-05,20000000,42416640.0,13472640.0,21987360.0,7329120.0,0.6896551724137931,0.6666666666666666
297,1,160,48,112,25.99,81,27,54,27.0,892224,275552,935928,311976,4,0,51,5,0,250421-085950_Run_202_Idx_34316,510,0,5e-05,20000000,17844480.0,5511040.0,18718560.0,6239520.0,0.7,0.6666666666666666
298,1,145,50,95,24.19,45,19,26,21.0,1788992,603272,824968,238696,7,0,51,5,0,250421-090021_Run_319_Idx_91634,800,0,5e-05,20000000,35779840.0,12065440.0,16499360.0,4773920.0,0.6551724137931034,0.5777777777777777
299,1,160,48,112,26.0,81,27,54,27.0,865984,268992,935928,311976,4,0,51,5,0,250421-085316_Run_66_Idx_78813,170,0,5e-05,20000000,17319680.0,5379840.0,18718560.0,6239520.0,0.7,0.6666666666666666
300,1,160,52,108,19.21,81,27,54,20.69,524920,185320,457920,162456,4,0,51,5,0,250421-094927_Run_1630_Idx_52477,4080,0,5e-05,20000000,10498400.0,3706400.0,9158400.0,3249120.0,0.675,0.6666666666666666
301,1,160,56,104,20.05,144,71,73,14.85,155584,56000,323664,131288,2,0,51,5,0,250421-095526_Run_1865_Idx_13509,4670,0,5e-05,20000000,3111680.0,1120000.0,6473280.0,2625760.0,0.65,0.5069444444444444
302,1,160,55,105,20.8,144,48,96,21.11,168448,43072,303232,77440,2,0,51,5,0,250421-095042_Run_1717_Idx_5863,4300,0,5e-05,20000000,3368960.0,861440.0,6064640.0,1548800.0,0.65625,0.6666666666666666
303,1,160,53,107,23.15,81,27,54,22.38,691696,196400,615056,202184,4,0,51,5,0,250421-095129_Run_1562_Idx_85987,3910,0,5e-05,20000000,13833920.0,3928000.0,12301120.0,4043680.0,0.66875,0.6666666666666666
304,1,80,24,56,25.42,18,6,12,24.0,2379344,687984,954640,241456,14,0,51,5,0,250421-093246_Run_1512_Idx_54226,3780,0,5e-05,20000000,47586880.0,13759680.0,19092800.0,4829120.0,0.7,0.6666666666666666
305,1,160,53,107,23.38,81,27,54,27.0,717360,202960,935928,311976,4,0,51,5,0,250421-092839_Run_1290_Idx_18885,3230,0,5e-05,20000000,14347200.0,4059200.0,18718560.0,6239520.0,0.66875,0.6666666666666666
306,1,160,59,101,23.6,144,48,96,23.44,192792,62680,536520,145536,2,0,51,5,0,250421-090957_Run_881_Idx_14612,2210,0,5e-05,20000000,3855840.0,1253600.0,10730400.0,2910720.0,0.63125,0.6666666666666666
307,1,80,24,56,26.2,18,6,12,27.0,2399416,708056,1069776,356592,14,0,51,5,0,250421-091427_Run_508_Idx_54226,1270,0,5e-05,20000000,47988320.0,14161120.0,21395520.0,7131840.0,0.7,0.6666666666666666
308,1,160,48,112,25.6,144,48,96,22.19,226560,70016,275056,102976,2,0,51,5,0,250421-095611_Run_1877_Idx_25592,4700,0,5e-05,20000000,4531200.0,1400320.0,5501120.0,2059520.0,0.7,0.6666666666666666
309,1,145,46,99,25.28,45,15,30,24.0,2148032,672680,626696,248288,7,0,51,5,0,250421-093930_Run_1071_Idx_17402,2680,0,5e-05,20000000,42960640.0,13453600.0,12533920.0,4965760.0,0.6827586206896552,0.6666666666666666
310,1,80,25,55,19.25,18,6,12,12.22,1544872,447008,148688,126320,14,0,51,5,0,250421-094556_Run_1612_Idx_57146,4030,0,5e-05,20000000,30897440.0,8940160.0,2973760.0,2526400.0,0.6875,0.6666666666666666
311,1,160,48,112,26.3,144,62,82,16.56,226560,70016,358416,108344,2,0,51,5,0,250421-094138_Run_1245_Idx_28619,3120,0,5e-05,20000000,4531200.0,1400320.0,7168320.0,2166880.0,0.7,0.5694444444444444
312,1,160,48,112,26.08,81,27,54,27.0,892224,275552,935928,311976,4,0,51,5,0,250421-090342_Run_782_Idx_960,1960,0,5e-05,20000000,17844480.0,5511040.0,18718560.0,6239520.0,0.7,0.6666666666666666
313,1,145,45,100,23.26,45,15,30,24.11,1772288,500896,636232,250672,7,0,51,5,0,250421-095320_Run_1779_Idx_95480,4450,0,5e-05,20000000,35445760.0,10017920.0,12724640.0,5013440.0,0.6896551724137931,0.6666666666666666
314,1,145,46,99,26.28,45,15,30,27.0,2182272,706920,1099368,366456,7,0,51,5,0,250421-092700_Run_107_Idx_57481,270,0,5e-05,20000000,43645440.0,14138400.0,21987360.0,7329120.0,0.6827586206896552,0.6666666666666666
315,1,145,45,100,25.46,45,15,30,24.0,2165152,671872,1009608,275424,7,0,51,5,0,250421-091855_Run_135_Idx_48749,340,0,5e-05,20000000,43303040.0,13437440.0,20192160.0,5508480.0,0.6896551724137931,0.6666666666666666
316,1,160,48,112,26.0,144,53,91,16.33,212224,66432,341040,98432,2,0,51,5,0,250421-095338_Run_1809_Idx_6716,4530,0,5e-05,20000000,4244480.0,1328640.0,6820800.0,1968640.0,0.7,0.6319444444444444
317,1,80,25,55,26.0,18,6,12,27.0,2292120,722208,1069776,356592,14,0,51,5,0,250421-092028_Run_248_Idx_57146,620,0,5e-05,20000000,45842400.0,14444160.0,21395520.0,7131840.0,0.6875,0.6666666666666666
318,1,160,59,101,22.52,144,48,96,27.0,162376,59096,645120,215040,2,0,51,5,0,250421-094005_Run_1189_Idx_9037,2980,0,5e-05,20000000,3247520.0,1181920.0,12902400.0,4300800.0,0.63125,0.6666666666666666
319,1,160,57,103,22.72,81,31,50,19.41,742776,229208,356336,106968,4,0,51,5,0,250421-093520_Run_1086_Idx_87607,2720,0,5e-05,20000000,14855520.0,4584160.0,7126720.0,2139360.0,0.64375,0.6172839506172839
320,1,145,45,100,19.06,45,15,30,18.78,1292032,397952,508528,130120,7,0,51,5,0,250421-095043_Run_1747_Idx_10792,4370,0,5e-05,20000000,25840640.0,7959040.0,10170560.0,2602400.0,0.6896551724137931,0.6666666666666666
321,1,160,60,100,22.62,144,48,96,27.0,167200,60768,645120,215040,2,0,51,5,0,250421-094112_Run_1185_Idx_84810,2970,0,5e-05,20000000,3344000.0,1215360.0,12902400.0,4300800.0,0.625,0.6666666666666666
322,1,160,48,112,25.9,81,27,54,24.0,865984,268992,835232,211280,4,0,51,5,0,250421-100015_Run_1954_Idx_78813,4890,0,5e-05,20000000,17319680.0,5379840.0,16704640.0,4225600.0,0.7,0.6666666666666666
323,1,160,48,112,26.2,144,48,96,21.11,219904,68352,303232,77440,2,0,51,5,0,250421-093707_Run_1317_Idx_5687,3300,0,5e-05,20000000,4398080.0,1367040.0,6064640.0,1548800.0,0.7,0.6666666666666666
324,1,160,55,105,17.04,81,41,40,9.54,467568,170120,186280,79176,4,0,51,5,0,250421-094230_Run_1358_Idx_69951,3400,0,5e-05,20000000,9351360.0,3402400.0,3725600.0,1583520.0,0.65625,0.49382716049382713
325,1,160,48,112,26.12,81,27,54,24.0,892224,275552,835232,211280,4,0,51,5,0,250421-085809_Run_446_Idx_93338,1120,0,5e-05,20000000,17844480.0,5511040.0,16704640.0,4225600.0,0.7,0.6666666666666666
326,1,80,25,55,24.89,18,6,12,24.0,2085136,630632,609232,241456,14,0,51,5,0,250421-090937_Run_1000_Idx_65229,2500,0,5e-05,20000000,41702720.0,12612640.0,12184640.0,4829120.0,0.6875,0.6666666666666666
327,1,160,48,112,26.08,81,27,54,24.0,892224,275552,835232,211280,4,0,51,5,0,250421-095036_Run_1534_Idx_960,3840,0,5e-05,20000000,17844480.0,5511040.0,16704640.0,4225600.0,0.7,0.6666666666666666
328,1,145,44,101,25.27,45,15,30,24.0,2052352,638584,930840,275424,7,0,51,5,0,250421-090045_Run_675_Idx_87914,1690,0,5e-05,20000000,41047040.0,12771680.0,18616800.0,5508480.0,0.696551724137931,0.6666666666666666
329,1,145,45,100,26.28,45,15,30,27.0,2182272,688992,1099368,366456,7,0,51,5,0,250421-091330_Run_747_Idx_95480,1870,0,5e-05,20000000,43645440.0,13779840.0,21987360.0,7329120.0,0.6896551724137931,0.6666666666666666
330,1,80,25,55,26.0,18,6,12,27.0,2292120,722208,1069776,356592,14,0,51,5,0,250421-092501_Run_232_Idx_57146,580,0,5e-05,20000000,45842400.0,14444160.0,21395520.0,7131840.0,0.6875,0.6666666666666666
331,1,80,25,55,21.82,18,6,12,24.0,1375640,493088,609232,241456,14,0,51,5,0,250421-092912_Run_1288_Idx_66277,3220,0,5e-05,20000000,27512800.0,9861760.0,12184640.0,4829120.0,0.6875,0.6666666666666666
332,1,160,48,112,26.2,144,48,96,27.0,219904,68352,645120,215040,2,0,51,5,0,250421-091737_Run_497_Idx_81871,1250,0,5e-05,20000000,4398080.0,1367040.0,12902400.0,4300800.0,0.7,0.6666666666666666
333,1,160,48,112,25.35,81,27,54,24.0,865984,268992,710888,193088,4,0,51,5,0,250421-090605_Run_538_Idx_75070,1350,0,5e-05,20000000,17319680.0,5379840.0,14217760.0,3861760.0,0.7,0.6666666666666666
334,1,160,48,112,26.3,144,48,96,27.0,226560,70016,645120,215040,2,0,51,5,0,250421-090042_Run_913_Idx_13251,2290,0,5e-05,20000000,4531200.0,1400320.0,12902400.0,4300800.0,0.7,0.6666666666666666
335,1,80,25,55,23.39,18,6,12,21.11,1908808,553696,496320,128544,14,0,51,5,0,250421-095201_Run_1560_Idx_65229,3900,0,5e-05,20000000,38176160.0,11073920.0,9926400.0,2570880.0,0.6875,0.6666666666666666
336,1,80,25,55,19.79,18,6,12,21.22,1415880,473112,609232,241456,14,0,51,5,0,250421-085734_Run_924_Idx_47249,2310,0,5e-05,20000000,28317600.0,9462240.0,12184640.0,4829120.0,0.6875,0.6666666666666666
337,1,160,48,112,26.3,144,48,96,24.0,226560,70016,575616,145536,2,0,51,5,0,250421-093335_Run_1273_Idx_25592,3190,0,5e-05,20000000,4531200.0,1400320.0,11512320.0,2910720.0,0.7,0.6666666666666666
338,1,80,24,56,26.2,18,6,12,27.0,2399416,708056,1069776,356592,14,0,51,5,0,250421-092557_Run_468_Idx_54226,1170,0,5e-05,20000000,47988320.0,14161120.0,21395520.0,7131840.0,0.7,0.6666666666666666
339,1,80,25,55,10.32,18,6,12,4.0,845312,217888,33552,11184,14,0,51,5,0,250421-085842_Run_800_Idx_89663,2000,0,5e-05,20000000,16906240.0,4357760.0,671040.0,223680.0,0.6875,0.6666666666666666
340,1,160,48,112,26.2,144,48,96,27.0,219904,68352,645120,215040,2,0,51,5,0,250421-092622_Run_585_Idx_7420,1470,0,5e-05,20000000,4398080.0,1367040.0,12902400.0,4300800.0,0.7,0.6666666666666666
341,1,80,25,55,26.04,18,6,12,27.0,2476440,768288,1069776,356592,14,0,51,5,0,250421-085621_Run_452_Idx_66277,1130,0,5e-05,20000000,49528800.0,15365760.0,21395520.0,7131840.0,0.6875,0.6666666666666666
342,1,160,48,112,25.95,81,27,54,21.11,865984,268992,440768,112664,4,0,51,5,0,250421-093649_Run_1318_Idx_47915,3300,0,5e-05,20000000,17319680.0,5379840.0,8815360.0,2253280.0,0.7,0.6666666666666666
343,1,160,48,112,26.04,81,27,54,27.0,892224,275552,935928,311976,4,0,51,5,0,250421-092543_Run_350_Idx_93338,880,0,5e-05,20000000,17844480.0,5511040.0,18718560.0,6239520.0,0.7,0.6666666666666666
344,1,80,25,55,16.52,18,6,12,18.0,1023416,336232,609232,241456,14,0,51,5,0,250421-095731_Run_1924_Idx_65229,4810,0,5e-05,20000000,20468320.0,6724640.0,12184640.0,4829120.0,0.6875,0.6666666666666666
345,1,145,45,100,26.28,45,15,30,27.0,2182272,688992,1099368,366456,7,0,51,5,0,250421-085315_Run_27_Idx_24331,70,0,5e-05,20000000,43645440.0,13779840.0,21987360.0,7329120.0,0.6896551724137931,0.6666666666666666
346,1,160,52,108,20.46,81,27,54,24.0,461208,163080,576512,202184,4,0,51,5,0,250421-095234_Run_1798_Idx_83687,4500,0,5e-05,20000000,9224160.0,3261600.0,11530240.0,4043680.0,0.675,0.6666666666666666
347,1,145,48,97,24.39,45,18,27,21.0,1795552,590456,772912,238264,7,0,51,5,0,250421-092238_Run_479_Idx_30227,1200,0,5e-05,20000000,35911040.0,11809120.0,15458240.0,4765280.0,0.6689655172413793,0.6
348,1,145,46,99,21.31,45,15,30,15.31,1515072,445960,508528,130120,7,0,51,5,0,250421-095304_Run_1811_Idx_72713,4530,0,5e-05,20000000,30301440.0,8919200.0,10170560.0,2602400.0,0.6827586206896552,0.6666666666666666
349,1,160,48,112,25.6,144,56,88,21.94,226560,70016,423576,133592,2,0,51,5,0,250421-085506_Run_813_Idx_35504,2040,0,5e-05,20000000,4531200.0,1400320.0,8471520.0,2671840.0,0.7,0.6111111111111112
350,1,80,25,55,25.52,18,6,12,27.0,2341720,709760,1069776,356592,14,0,51,5,0,250421-085457_Run_576_Idx_73672,1440,0,5e-05,20000000,46834400.0,14195200.0,21395520.0,7131840.0,0.6875,0.6666666666666666
351,1,145,44,101,19.85,45,15,30,15.0,1367552,467384,669648,249168,7,0,51,5,0,250421-095452_Run_1867_Idx_57375,4670,0,5e-05,20000000,27351040.0,9347680.0,13392960.0,4983360.0,0.696551724137931,0.6666666666666666
352,1,80,25,55,26.0,18,6,12,27.0,2292120,722208,1069776,356592,14,0,51,5,0,250421-091019_Run_284_Idx_57146,710,0,5e-05,20000000,45842400.0,14444160.0,21395520.0,7131840.0,0.6875,0.6666666666666666
353,1,160,48,112,26.08,81,27,54,27.0,892224,275552,935928,311976,4,0,51,5,0,250421-092354_Run_710_Idx_960,1780,0,5e-05,20000000,17844480.0,5511040.0,18718560.0,6239520.0,0.7,0.6666666666666666
354,1,145,46,99,24.48,45,15,30,24.0,1908832,548680,981200,248288,7,0,51,5,0,250421-092409_Run_235_Idx_72713,590,0,5e-05,20000000,38176640.0,10973600.0,19624000.0,4965760.0,0.6827586206896552,0.6666666666666666
355,1,160,62,98,23.19,144,48,96,27.0,186136,66032,645120,215040,2,0,51,5,0,250421-092035_Run_605_Idx_19284,1520,0,5e-05,20000000,3722720.0,1320640.0,12902400.0,4300800.0,0.6125,0.6666666666666666
356,1,80,25,55,19.2,18,6,12,15.22,1840144,486184,494096,126320,14,0,51,5,0,250421-095703_Run_1912_Idx_57146,4780,0,5e-05,20000000,36802880.0,9723680.0,9881920.0,2526400.0,0.6875,0.6666666666666666
357,1,145,45,100,24.68,45,15,30,27.0,1881152,536672,1099368,366456,7,0,51,5,0,250421-093740_Run_1315_Idx_71006,3290,0,5e-05,20000000,37623040.0,10733440.0,21987360.0,7329120.0,0.6896551724137931,0.6666666666666666
358,1,160,54,106,20.92,144,48,96,24.0,136288,43008,471360,145536,2,0,51,5,0,250421-095251_Run_1797_Idx_84079,4500,0,5e-05,20000000,2725760.0,860160.0,9427200.0,2910720.0,0.6625,0.6666666666666666
359,1,160,48,112,26.2,144,59,85,18.11,219904,68352,362760,116624,2,0,51,5,0,250421-094935_Run_1569_Idx_61170,3930,0,5e-05,20000000,4398080.0,1367040.0,7255200.0,2332480.0,0.7,0.5902777777777778
360,1,80,24,56,25.36,18,6,12,27.0,2281888,668880,1069776,356592,14,0,51,5,0,250421-095341_Run_1856_Idx_61908,4640,0,5e-05,20000000,45637760.0,13377600.0,21395520.0,7131840.0,0.7,0.6666666666666666
361,1,80,25,55,26.0,18,6,12,27.0,2292120,722208,1069776,356592,14,0,51,5,0,250421-085855_Run_324_Idx_57146,810,0,5e-05,20000000,45842400.0,14444160.0,21395520.0,7131840.0,0.6875,0.6666666666666666
362,1,160,58,102,21.81,144,48,96,24.0,149152,43264,575616,145536,2,0,51,5,0,250421-094605_Run_1673_Idx_92694,4190,0,5e-05,20000000,2983040.0,865280.0,11512320.0,2910720.0,0.6375,0.6666666666666666
363,1,145,45,100,24.76,45,15,30,27.0,1915392,553792,1099368,366456,7,0,51,5,0,250421-095010_Run_1659_Idx_61030,4150,0,5e-05,20000000,38307840.0,11075840.0,21987360.0,7329120.0,0.6896551724137931,0.6666666666666666
364,1,145,46,99,26.09,45,15,30,27.0,2165152,689800,1099368,366456,7,0,51,5,0,250421-090229_Run_431_Idx_15193,1080,0,5e-05,20000000,43303040.0,13796000.0,21987360.0,7329120.0,0.6827586206896552,0.6666666666666666
365,1,160,48,112,26.3,144,48,96,27.0,226560,70016,645120,215040,2,0,51,5,0,250421-092436_Run_829_Idx_13251,2080,0,5e-05,20000000,4531200.0,1400320.0,12902400.0,4300800.0,0.7,0.6666666666666666
366,1,145,48,97,24.12,45,15,30,27.0,1521632,539096,1099368,366456,7,0,51,5,0,250421-091743_Run_971_Idx_83992,2430,0,5e-05,20000000,30432640.0,10781920.0,21987360.0,7329120.0,0.6689655172413793,0.6666666666666666
367,1,160,48,112,25.95,81,27,54,27.0,865984,268992,935928,311976,4,0,51,5,0,250421-085235_Run_94_Idx_47915,240,0,5e-05,20000000,17319680.0,5379840.0,18718560.0,6239520.0,0.7,0.6666666666666666
368,1,80,24,56,20.96,18,6,12,9.67,1868120,550384,33552,11184,14,0,51,5,0,250421-093935_Run_1488_Idx_54226,3720,0,5e-05,20000000,37362400.0,11007680.0,671040.0,223680.0,0.7,0.6666666666666666
369,1,145,45,100,26.28,45,15,30,27.0,2182272,688992,1099368,366456,7,0,51,5,0,250421-090605_Run_419_Idx_10792,1050,0,5e-05,20000000,43645440.0,13779840.0,21987360.0,7329120.0,0.6896551724137931,0.6666666666666666
370,1,160,48,112,24.9,144,53,91,18.9,226560,70016,288912,107120,2,0,51,5,0,250421-095614_Run_1901_Idx_48874,4760,0,5e-05,20000000,4531200.0,1400320.0,5778240.0,2142400.0,0.7,0.6319444444444444
371,1,160,48,112,26.08,81,27,54,24.0,892224,275552,835232,211280,4,0,51,5,0,250421-090500_Run_778_Idx_960,1950,0,5e-05,20000000,17844480.0,5511040.0,16704640.0,4225600.0,0.7,0.6666666666666666
372,1,160,48,112,26.2,144,48,96,24.0,219904,68352,575616,145536,2,0,51,5,0,250421-093341_Run_1509_Idx_81871,3780,0,5e-05,20000000,4398080.0,1367040.0,11512320.0,2910720.0,0.7,0.6666666666666666
373,1,160,48,112,26.2,144,48,96,24.0,219904,68352,575616,145536,2,0,51,5,0,250421-094355_Run_1293_Idx_5687,3240,0,5e-05,20000000,4398080.0,1367040.0,11512320.0,2910720.0,0.7,0.6666666666666666
374,1,160,57,103,23.25,81,27,54,27.0,743064,229208,935928,311976,4,0,51,5,0,250421-092907_Run_1170_Idx_6329,2930,0,5e-05,20000000,14861280.0,4584160.0,18718560.0,6239520.0,0.64375,0.6666666666666666
375,1,160,60,100,23.6,144,48,96,27.0,181536,64352,645120,215040,2,0,51,5,0,250421-093834_Run_1137_Idx_86838,2850,0,5e-05,20000000,3630720.0,1287040.0,12902400.0,4300800.0,0.625,0.6666666666666666
376,1,160,60,100,23.6,144,48,96,27.0,194400,64352,645120,215040,2,0,51,5,0,250421-091643_Run_857_Idx_91935,2150,0,5e-05,20000000,3888000.0,1287040.0,12902400.0,4300800.0,0.625,0.6666666666666666
377,1,145,46,99,25.43,45,15,30,24.0,1898272,623080,720400,261856,7,0,51,5,0,250421-091959_Run_963_Idx_25884,2410,0,5e-05,20000000,37965440.0,12461600.0,14408000.0,5237120.0,0.6827586206896552,0.6666666666666666
378,1,145,47,98,26.09,45,15,30,27.0,2165152,707728,1099368,366456,7,0,51,5,0,250421-090257_Run_191_Idx_5328,480,0,5e-05,20000000,43303040.0,14154560.0,21987360.0,7329120.0,0.6758620689655173,0.6666666666666666
379,1,145,45,100,26.17,45,15,30,27.0,2120832,673632,1099368,366456,7,0,51,5,0,250421-090306_Run_1023_Idx_71006,2560,0,5e-05,20000000,42416640.0,13472640.0,21987360.0,7329120.0,0.6896551724137931,0.6666666666666666
380,1,80,24,56,26.2,18,6,12,27.0,2399416,708056,1069776,356592,14,0,51,5,0,250421-092333_Run_476_Idx_54226,1190,0,5e-05,20000000,47988320.0,14161120.0,21395520.0,7131840.0,0.7,0.6666666666666666
381,1,160,57,103,23.6,144,48,96,27.0,167064,59336,645120,215040,2,0,51,5,0,250421-092740_Run_1113_Idx_94514,2790,0,5e-05,20000000,3341280.0,1186720.0,12902400.0,4300800.0,0.64375,0.6666666666666666
382,1,80,28,52,24.31,18,6,12,27.0,2097696,688336,1069776,356592,14,0,51,5,0,250421-090807_Run_292_Idx_46156,730,0,5e-05,20000000,41953920.0,13766720.0,21395520.0,7131840.0,0.65,0.6666666666666666
383,1,145,45,100,24.57,45,15,30,24.0,1983872,570912,981200,248288,7,0,51,5,0,250421-100005_Run_1955_Idx_61030,4890,0,5e-05,20000000,39677440.0,11418240.0,19624000.0,4965760.0,0.6896551724137931,0.6666666666666666
384,1,160,60,100,14.18,81,29,52,17.27,332352,88040,448048,114904,4,0,51,5,0,250421-094112_Run_1482_Idx_58168,3710,0,5e-05,20000000,6647040.0,1760800.0,8960960.0,2298080.0,0.625,0.6419753086419753
385,1,160,58,102,20.96,144,57,87,19.32,170056,59344,406200,133728,2,0,51,5,0,250421-093553_Run_1501_Idx_29674,3760,0,5e-05,20000000,3401120.0,1186880.0,8124000.0,2674560.0,0.6375,0.6041666666666666
386,1,160,48,112,26.2,144,48,96,24.0,219904,68352,562584,145536,2,0,51,5,0,250421-092246_Run_597_Idx_7420,1500,0,5e-05,20000000,4398080.0,1367040.0,11251680.0,2910720.0,0.7,0.6666666666666666
387,1,160,48,112,26.12,81,27,54,27.0,892224,275552,935928,311976,4,0,51,5,0,250421-085233_Run_42_Idx_93338,110,0,5e-05,20000000,17844480.0,5511040.0,18718560.0,6239520.0,0.7,0.6666666666666666
388,1,145,45,100,26.06,45,15,30,27.0,2120832,673632,1099368,366456,7,0,51,5,0,250421-093304_Run_1451_Idx_61030,3630,0,5e-05,20000000,42416640.0,13472640.0,21987360.0,7329120.0,0.6896551724137931,0.6666666666666666
389,1,160,50,110,20.18,81,28,53,14.65,691200,175456,150304,44408,4,0,51,5,0,250421-095343_Run_1886_Idx_45004,4720,0,5e-05,20000000,13824000.0,3509120.0,3006080.0,888160.0,0.6875,0.654320987654321
390,1,145,45,100,24.07,45,15,30,27.0,1839872,517792,1099368,366456,7,0,51,5,0,250421-095257_Run_1827_Idx_24331,4570,0,5e-05,20000000,36797440.0,10355840.0,21987360.0,7329120.0,0.6896551724137931,0.6666666666666666
391,1,160,48,112,25.38,81,27,54,24.0,892224,275552,671456,193088,4,0,51,5,0,250421-085330_Run_818_Idx_960,2050,0,5e-05,20000000,17844480.0,5511040.0,13429120.0,3861760.0,0.7,0.6666666666666666
392,1,160,48,112,26.08,81,27,54,27.0,892224,275552,935928,311976,4,0,51,5,0,250421-095841_Run_1974_Idx_93338,4940,0,5e-05,20000000,17844480.0,5511040.0,18718560.0,6239520.0,0.7,0.6666666666666666
393,1,160,48,112,26.0,81,27,54,27.0,865984,268992,935928,311976,4,0,51,5,0,250421-092452_Run_590_Idx_78813,1480,0,5e-05,20000000,17319680.0,5379840.0,18718560.0,6239520.0,0.7,0.6666666666666666
394,1,160,48,112,26.2,144,48,96,27.0,219904,68352,645120,215040,2,0,51,5,0,250421-085202_Run_57_Idx_81871,150,0,5e-05,20000000,4398080.0,1367040.0,12902400.0,4300800.0,0.7,0.6666666666666666
395,1,145,45,100,24.72,45,15,30,21.78,1812672,588032,720400,261856,7,0,51,5,0,250421-095643_Run_1927_Idx_71006,4820,0,5e-05,20000000,36253440.0,11760640.0,14408000.0,5237120.0,0.6896551724137931,0.6666666666666666
396,1,80,25,55,26.21,18,6,12,27.0,2476440,768288,1069776,356592,14,0,51,5,0,250421-091921_Run_372_Idx_66277,930,0,5e-05,20000000,49528800.0,15365760.0,21395520.0,7131840.0,0.6875,0.6666666666666666
397,1,145,45,100,25.34,45,15,30,24.0,1839872,603392,720400,261856,7,0,51,5,0,250421-095035_Run_1687_Idx_48749,4220,0,5e-05,20000000,36797440.0,12067840.0,14408000.0,5237120.0,0.6896551724137931,0.6666666666666666
398,1,145,45,100,22.5,45,15,30,27.0,1446112,500672,1099368,366456,7,0,51,5,0,250421-093628_Run_1263_Idx_10792,3160,0,5e-05,20000000,28922240.0,10013440.0,21987360.0,7329120.0,0.6896551724137931,0.6666666666666666
399,1,160,60,100,22.06,81,27,54,22.69,717192,253784,618992,193088,4,0,51,5,0,250421-094055_Run_1066_Idx_12401,2670,0,5e-05,20000000,14343840.0,5075680.0,12379840.0,3861760.0,0.625,0.6666666666666666
400,1,160,48,112,25.4,144,48,96,24.0,219904,68352,471360,145536,2,0,51,5,0,250421-093812_Run_1493_Idx_81871,3740,0,5e-05,20000000,4398080.0,1367040.0,9427200.0,2910720.0,0.7,0.6666666666666666
401,1,145,47,98,25.99,45,15,30,27.0,2103712,692368,1099368,366456,7,0,51,5,0,250421-090908_Run_527_Idx_8263,1320,0,5e-05,20000000,42074240.0,13847360.0,21987360.0,7329120.0,0.6758620689655173,0.6666666666666666
402,1,160,56,104,23.25,81,27,54,27.0,715216,220976,935928,311976,4,0,51,5,0,250421-090216_Run_1026_Idx_40263,2570,0,5e-05,20000000,14304320.0,4419520.0,18718560.0,6239520.0,0.65,0.6666666666666666
403,1,160,55,105,23.29,81,27,54,27.0,604384,212824,935928,311976,4,0,51,5,0,250421-093815_Run_1138_Idx_35733,2850,0,5e-05,20000000,12087680.0,4256480.0,18718560.0,6239520.0,0.65625,0.6666666666666666
404,1,160,48,112,25.91,81,27,54,27.0,892224,275552,935928,311976,4,0,51,5,0,250421-095801_Run_1950_Idx_34316,4880,0,5e-05,20000000,17844480.0,5511040.0,18718560.0,6239520.0,0.7,0.6666666666666666
405,1,160,48,112,25.25,81,27,54,24.0,865984,268992,671456,193088,4,0,51,5,0,250421-090316_Run_666_Idx_78813,1670,0,5e-05,20000000,17319680.0,5379840.0,13429120.0,3861760.0,0.7,0.6666666666666666
406,1,160,48,112,26.3,144,48,96,27.0,226560,70016,645120,215040,2,0,51,5,0,250421-090153_Run_909_Idx_13251,2280,0,5e-05,20000000,4531200.0,1400320.0,12902400.0,4300800.0,0.7,0.6666666666666666
407,1,145,48,97,23.12,45,15,30,22.8,1675712,504856,799168,261856,7,0,51,5,0,250421-090849_Run_1003_Idx_83992,2510,0,5e-05,20000000,33514240.0,10097120.0,15983360.0,5237120.0,0.6689655172413793,0.6666666666666666
408,1,160,57,103,23.5,144,48,96,27.0,182920,57672,645120,215040,2,0,51,5,0,250421-094132_Run_1421_Idx_42541,3560,0,5e-05,20000000,3658400.0,1153440.0,12902400.0,4300800.0,0.64375,0.6666666666666666
409,1,160,48,112,25.99,81,27,54,27.0,892224,275552,935928,311976,4,0,51,5,0,250421-090207_Run_194_Idx_34316,490,0,5e-05,20000000,17844480.0,5511040.0,18718560.0,6239520.0,0.7,0.6666666666666666
410,1,160,48,112,26.3,144,48,96,27.0,226560,70016,645120,215040,2,0,51,5,0,250421-090419_Run_425_Idx_25592,1070,0,5e-05,20000000,4531200.0,1400320.0,12902400.0,4300800.0,0.7,0.6666666666666666
411,1,160,55,105,21.93,81,27,54,27.0,542432,197336,935928,311976,4,0,51,5,0,250421-094054_Run_1186_Idx_25157,2970,0,5e-05,20000000,10848640.0,3946720.0,18718560.0,6239520.0,0.65625,0.6666666666666666
412,1,160,48,112,26.2,144,48,96,27.0,219904,68352,645120,215040,2,0,51,5,0,250421-091520_Run_505_Idx_81871,1270,0,5e-05,20000000,4398080.0,1367040.0,12902400.0,4300800.0,0.7,0.6666666666666666
413,1,145,46,99,25.97,45,15,30,27.0,2028672,668520,1099368,366456,7,0,51,5,0,250421-084952_Run_11_Idx_72713,30,0,5e-05,20000000,40573440.0,13370400.0,21987360.0,7329120.0,0.6827586206896552,0.6666666666666666
414,1,160,56,104,19.99,81,28,53,18.05,479528,164200,374528,131960,4,0,51,5,0,250421-094214_Run_1478_Idx_89116,3700,0,5e-05,20000000,9590560.0,3284000.0,7490560.0,2639200.0,0.65,0.654320987654321
415,1,160,48,112,25.99,81,27,54,27.0,892224,275552,935928,311976,4,0,51,5,0,250421-090315_Run_190_Idx_34316,480,0,5e-05,20000000,17844480.0,5511040.0,18718560.0,6239520.0,0.7,0.6666666666666666
416,1,145,45,100,26.17,45,15,30,27.0,2120832,673632,1099368,366456,7,0,51,5,0,250421-092322_Run_595_Idx_61030,1490,0,5e-05,20000000,42416640.0,13472640.0,21987360.0,7329120.0,0.6896551724137931,0.6666666666666666
417,1,145,45,100,23.8,45,15,30,24.0,1856992,534912,626696,248288,7,0,51,5,0,250421-095641_Run_1875_Idx_10792,4690,0,5e-05,20000000,37139840.0,10698240.0,12533920.0,4965760.0,0.6896551724137931,0.6666666666666666
418,1,145,45,100,24.46,45,15,30,21.11,1775872,587392,163560,132504,7,0,51,5,0,250421-095536_Run_1879_Idx_10792,4700,0,5e-05,20000000,35517440.0,11747840.0,3271200.0,2650080.0,0.6896551724137931,0.6666666666666666
419,1,160,48,112,26.2,144,48,96,27.0,219904,68352,645120,215040,2,0,51,5,0,250421-091303_Run_513_Idx_81871,1290,0,5e-05,20000000,4398080.0,1367040.0,12902400.0,4300800.0,0.7,0.6666666666666666
420,1,160,48,112,26.3,144,48,96,27.0,226560,70016,645120,215040,2,0,51,5,0,250421-092145_Run_125_Idx_39758,320,0,5e-05,20000000,4531200.0,1400320.0,12902400.0,4300800.0,0.7,0.6666666666666666
421,1,145,45,100,26.28,45,15,30,27.0,2182272,688992,1099368,366456,7,0,51,5,0,250421-091247_Run_395_Idx_10792,990,0,5e-05,20000000,43645440.0,13779840.0,21987360.0,7329120.0,0.6896551724137931,0.6666666666666666
422,1,80,25,55,22.29,18,6,12,15.67,1925072,532264,609232,241456,14,0,51,5,0,250421-093130_Run_1280_Idx_66277,3200,0,5e-05,20000000,38501440.0,10645280.0,12184640.0,4829120.0,0.6875,0.6666666666666666
423,1,80,25,55,24.6,18,6,12,24.0,2378016,669864,954640,241456,14,0,51,5,0,250421-092906_Run_1108_Idx_89663,2770,0,5e-05,20000000,47560320.0,13397280.0,19092800.0,4829120.0,0.6875,0.6666666666666666
424,1,80,25,55,17.77,18,6,12,15.22,1101408,414736,148688,126320,14,0,51,5,0,250421-095833_Run_1892_Idx_89663,4730,0,5e-05,20000000,22028160.0,8294720.0,2973760.0,2526400.0,0.6875,0.6666666666666666
425,1,160,56,104,23.29,81,27,54,23.67,741456,227536,667520,202184,4,0,51,5,0,250421-094245_Run_1122_Idx_3852,2810,0,5e-05,20000000,14829120.0,4550720.0,13350400.0,4043680.0,0.65,0.6666666666666666
426,1,80,25,55,21.41,18,6,12,12.33,1830912,533112,35776,13408,14,0,51,5,0,250421-085815_Run_684_Idx_5633,1710,0,5e-05,20000000,36618240.0,10662240.0,715520.0,268160.0,0.6875,0.6666666666666666
427,1,160,48,112,25.95,81,27,54,27.0,865984,268992,935928,311976,4,0,51,5,0,250421-091656_Run_974_Idx_47915,2440,0,5e-05,20000000,17319680.0,5379840.0,18718560.0,6239520.0,0.7,0.6666666666666666
428,1,160,60,100,20.9,144,48,96,24.0,154200,45056,510456,145536,2,0,51,5,0,250421-093138_Run_1161_Idx_86838,2910,0,5e-05,20000000,3084000.0,901120.0,10209120.0,2910720.0,0.625,0.6666666666666666
429,1,80,25,55,26.04,18,6,12,27.0,2476440,768288,1069776,356592,14,0,51,5,0,250421-091658_Run_856_Idx_47249,2140,0,5e-05,20000000,49528800.0,15365760.0,21395520.0,7131840.0,0.6875,0.6666666666666666
430,1,80,25,55,22.5,18,6,12,27.0,1651808,552336,1069776,356592,14,0,51,5,0,250421-094523_Run_1552_Idx_89663,3880,0,5e-05,20000000,33036160.0,11046720.0,21395520.0,7131840.0,0.6875,0.6666666666666666
431,1,160,48,112,26.0,144,48,96,24.11,212224,66432,372736,146944,2,0,51,5,0,250421-091220_Run_277_Idx_1990,700,0,5e-05,20000000,4244480.0,1328640.0,7454720.0,2938880.0,0.7,0.6666666666666666
432,1,145,48,97,24.79,45,15,30,27.0,1993952,622936,1099368,366456,7,0,51,5,0,250421-093907_Run_1135_Idx_40592,2840,0,5e-05,20000000,39879040.0,12458720.0,21987360.0,7329120.0,0.6689655172413793,0.6666666666666666
433,1,160,55,105,22.06,81,27,54,27.0,596872,206264,935928,311976,4,0,51,5,0,250421-093905_Run_1310_Idx_66949,3280,0,5e-05,20000000,11937440.0,4125280.0,18718560.0,6239520.0,0.65625,0.6666666666666666
434,1,145,46,99,22.45,45,15,30,24.0,1839872,467240,981200,248288,7,0,51,5,0,250421-094821_Run_1695_Idx_57481,4240,0,5e-05,20000000,36797440.0,9344800.0,19624000.0,4965760.0,0.6827586206896552,0.6666666666666666
435,1,80,25,55,22.31,18,6,12,27.0,1612632,552336,1069776,356592,14,0,51,5,0,250421-093611_Run_1264_Idx_66277,3160,0,5e-05,20000000,32252640.0,11046720.0,21395520.0,7131840.0,0.6875,0.6666666666666666
436,1,145,45,100,26.28,45,15,30,27.0,2182272,688992,1099368,366456,7,0,51,5,0,250421-094648_Run_1547_Idx_95480,3870,0,5e-05,20000000,43645440.0,13779840.0,21987360.0,7329120.0,0.6896551724137931,0.6666666666666666
437,1,160,48,112,26.2,144,48,96,24.0,219904,68352,510456,145536,2,0,51,5,0,250421-092034_Run_961_Idx_5687,2410,0,5e-05,20000000,4398080.0,1367040.0,10209120.0,2910720.0,0.7,0.6666666666666666
438,1,145,45,100,25.16,45,15,30,24.0,2096672,603392,981200,248288,7,0,51,5,0,250421-095716_Run_1979_Idx_10792,4950,0,5e-05,20000000,41933440.0,12067840.0,19624000.0,4965760.0,0.6896551724137931,0.6666666666666666
439,1,145,45,100,22.88,45,15,30,18.0,1685792,500672,35856,11952,7,0,51,5,0,250421-095430_Run_1883_Idx_10792,4710,0,5e-05,20000000,33715840.0,10013440.0,717120.0,239040.0,0.6896551724137931,0.6666666666666666
440,1,160,59,101,20.78,81,27,54,24.0,691200,178048,835232,211280,4,0,51,5,0,250421-092635_Run_822_Idx_55921,2060,0,5e-05,20000000,13824000.0,3560960.0,16704640.0,4225600.0,0.63125,0.6666666666666666
441,1,80,25,55,22.92,18,6,12,18.0,2023496,610616,33552,11184,14,0,51,5,0,250421-095414_Run_1884_Idx_66277,4710,0,5e-05,20000000,40469920.0,12212320.0,671040.0,223680.0,0.6875,0.6666666666666666
442,1,80,24,56,19.31,18,6,12,15.0,1378904,452928,609232,241456,14,0,51,5,0,250421-095435_Run_1868_Idx_54226,4670,0,5e-05,20000000,27578080.0,9058560.0,12184640.0,4829120.0,0.7,0.6666666666666666
443,1,160,58,102,23.6,144,48,96,22.96,191184,61008,497424,145536,2,0,51,5,0,250421-094242_Run_1241_Idx_82052,3110,0,5e-05,20000000,3823680.0,1220160.0,9948480.0,2910720.0,0.6375,0.6666666666666666
444,1,145,46,99,23.77,45,15,30,24.0,1788992,548680,626696,248288,7,0,51,5,0,250421-093142_Run_1219_Idx_72713,3050,0,5e-05,20000000,35779840.0,10973600.0,12533920.0,4965760.0,0.6827586206896552,0.6666666666666666
445,1,145,46,99,24.61,45,15,30,27.0,1942592,569960,1099368,366456,7,0,51,5,0,250421-093519_Run_1267_Idx_15193,3170,0,5e-05,20000000,38851840.0,11399200.0,21987360.0,7329120.0,0.6827586206896552,0.6666666666666666
446,1,160,48,112,24.81,81,32,49,21.1,892224,275552,518568,159272,4,0,51,5,0,250421-091050_Run_402_Idx_18885,1010,0,5e-05,20000000,17844480.0,5511040.0,10371360.0,3185440.0,0.7,0.6049382716049383
447,1,145,45,100,22.69,45,15,30,18.18,1641472,485312,508528,130120,7,0,51,5,0,250421-093627_Run_1439_Idx_61030,3600,0,5e-05,20000000,32829440.0,9706240.0,10170560.0,2602400.0,0.6896551724137931,0.6666666666666666
448,1,160,48,112,26.3,144,48,96,27.0,226560,70016,645120,215040,2,0,51,5,0,250421-092412_Run_709_Idx_82062,1780,0,5e-05,20000000,4531200.0,1400320.0,12902400.0,4300800.0,0.7,0.6666666666666666
449,1,80,24,56,21.31,18,6,12,24.0,1945504,491136,954640,241456,14,0,51,5,0,250421-095931_Run_1984_Idx_54226,4960,0,5e-05,20000000,38910080.0,9822720.0,19092800.0,4829120.0,0.7,0.6666666666666666
450,1,80,25,55,24.5,18,6,12,21.0,2202208,689936,609232,241456,14,0,51,5,0,250421-095208_Run_1620_Idx_47249,4050,0,5e-05,20000000,44044160.0,13798720.0,12184640.0,4829120.0,0.6875,0.6666666666666666
451,1,160,48,112,26.3,144,48,96,27.0,226560,70016,645120,215040,2,0,51,5,0,250421-090854_Run_409_Idx_25592,1030,0,5e-05,20000000,4531200.0,1400320.0,12902400.0,4300800.0,0.7,0.6666666666666666
452,1,145,45,100,19.08,45,15,30,21.6,1257792,449312,626696,248288,7,0,51,5,0,250421-094910_Run_1631_Idx_24331,4080,0,5e-05,20000000,25155840.0,8986240.0,12533920.0,4965760.0,0.6896551724137931,0.6666666666666666
453,1,160,57,103,20.8,81,28,53,21.12,691200,177344,676912,171688,4,0,51,5,0,250421-085914_Run_918_Idx_24543,2300,0,5e-05,20000000,13824000.0,3546880.0,13538240.0,3433760.0,0.64375,0.654320987654321
454,1,160,48,112,25.95,81,27,54,27.0,892224,275552,935928,311976,4,0,51,5,0,250421-092756_Run_1174_Idx_34316,2940,0,5e-05,20000000,17844480.0,5511040.0,18718560.0,6239520.0,0.7,0.6666666666666666
455,1,80,24,56,24.05,18,7,11,21.33,1868120,550384,724368,243320,14,0,51,5,0,250421-091039_Run_640_Idx_5633,1600,0,5e-05,20000000,37362400.0,11007680.0,14487360.0,4866400.0,0.7,0.6111111111111112
456,1,160,48,112,26.3,144,48,96,24.0,226560,70016,575616,145536,2,0,51,5,0,250421-091156_Run_753_Idx_82062,1890,0,5e-05,20000000,4531200.0,1400320.0,11512320.0,2910720.0,0.7,0.6666666666666666
457,1,80,24,56,26.2,18,6,12,27.0,2399416,708056,1069776,356592,14,0,51,5,0,250421-085722_Run_568_Idx_54226,1420,0,5e-05,20000000,47988320.0,14161120.0,21395520.0,7131840.0,0.7,0.6666666666666666
458,1,160,48,112,26.0,144,48,96,27.0,212224,66432,645120,215040,2,0,51,5,0,250421-085732_Run_329_Idx_1990,830,0,5e-05,20000000,4244480.0,1328640.0,12902400.0,4300800.0,0.7,0.6666666666666666
459,1,160,54,106,23.3,144,48,96,22.26,170416,50736,445296,145536,2,0,51,5,0,250421-095547_Run_1801_Idx_98905,4510,0,5e-05,20000000,3408320.0,1014720.0,8905920.0,2910720.0,0.6625,0.6666666666666666
460,1,145,48,97,24.12,45,15,30,27.0,1521632,539096,1099368,366456,7,0,51,5,0,250421-091059_Run_995_Idx_83992,2490,0,5e-05,20000000,30432640.0,10781920.0,21987360.0,7329120.0,0.6689655172413793,0.6666666666666666
461,1,160,48,112,26.2,144,48,96,27.0,219904,68352,645120,215040,2,0,51,5,0,250421-085534_Run_693_Idx_7420,1740,0,5e-05,20000000,4398080.0,1367040.0,12902400.0,4300800.0,0.7,0.6666666666666666
462,1,160,48,112,26.04,81,27,54,24.0,892224,275552,667520,202184,4,0,51,5,0,250421-092959_Run_1402_Idx_85773,3510,0,5e-05,20000000,17844480.0,5511040.0,13350400.0,4043680.0,0.7,0.6666666666666666
463,1,145,46,99,26.09,45,15,30,27.0,2165152,689800,1099368,366456,7,0,51,5,0,250421-085059_Run_47_Idx_15193,120,0,5e-05,20000000,43303040.0,13796000.0,21987360.0,7329120.0,0.6827586206896552,0.6666666666666666
464,1,160,48,112,26.0,81,28,53,19.46,865984,268992,485504,127912,4,0,51,5,0,250421-093644_Run_1438_Idx_88635,3600,0,5e-05,20000000,17319680.0,5379840.0,9710080.0,2558240.0,0.7,0.654320987654321
465,1,145,46,99,25.97,45,15,30,27.0,2028672,668520,1099368,366456,7,0,51,5,0,250421-085804_Run_327_Idx_72713,820,0,5e-05,20000000,40573440.0,13370400.0,21987360.0,7329120.0,0.6827586206896552,0.6666666666666666
466,1,145,45,100,17.31,45,15,30,18.0,956672,314112,508528,130120,7,0,51,5,0,250421-095218_Run_1651_Idx_61030,4130,0,5e-05,20000000,19133440.0,6282240.0,10170560.0,2602400.0,0.6896551724137931,0.6666666666666666
467,1,160,48,112,26.12,81,27,54,27.0,892224,275552,935928,311976,4,0,51,5,0,250421-085545_Run_454_Idx_93338,1140,0,5e-05,20000000,17844480.0,5511040.0,18718560.0,6239520.0,0.7,0.6666666666666666
468,1,145,46,99,26.17,45,15,30,27.0,2120832,691560,1099368,366456,7,0,51,5,0,250421-085237_Run_55_Idx_32731,140,0,5e-05,20000000,42416640.0,13831200.0,21987360.0,7329120.0,0.6827586206896552,0.6666666666666666
469,1,160,48,112,26.2,144,48,96,24.0,219904,68352,575616,145536,2,0,51,5,0,250421-095326_Run_1857_Idx_7420,4650,0,5e-05,20000000,4398080.0,1367040.0,11512320.0,2910720.0,0.7,0.6666666666666666
470,1,80,25,55,25.11,18,6,12,27.0,2318768,669864,1069776,356592,14,0,51,5,0,250421-091550_Run_860_Idx_47249,2150,0,5e-05,20000000,46375360.0,13397280.0,21395520.0,7131840.0,0.6875,0.6666666666666666
471,1,145,50,95,24.31,45,15,30,27.0,1744192,592072,1099368,366456,7,0,51,5,0,250421-092655_Run_583_Idx_4333,1460,0,5e-05,20000000,34883840.0,11841440.0,21987360.0,7329120.0,0.6551724137931034,0.6666666666666666
472,1,160,48,112,26.3,144,48,96,27.0,226560,70016,645120,215040,2,0,51,5,0,250421-092713_Run_345_Idx_25592,870,0,5e-05,20000000,4531200.0,1400320.0,12902400.0,4300800.0,0.7,0.6666666666666666
473,1,145,45,100,25.24,45,15,30,24.0,2052352,605152,981200,248288,7,0,51,5,0,250421-094320_Run_1295_Idx_71006,3240,0,5e-05,20000000,41047040.0,12103040.0,19624000.0,4965760.0,0.6896551724137931,0.6666666666666666
474,1,145,45,100,26.17,45,15,30,27.0,2120832,673632,1099368,366456,7,0,51,5,0,250421-091636_Run_619_Idx_61030,1550,0,5e-05,20000000,42416640.0,13472640.0,21987360.0,7329120.0,0.6896551724137931,0.6666666666666666
475,1,145,46,99,25.97,45,15,30,27.0,2028672,668520,1099368,366456,7,0,51,5,0,250421-090718_Run_295_Idx_72713,740,0,5e-05,20000000,40573440.0,13370400.0,21987360.0,7329120.0,0.6827586206896552,0.6666666666666666
476,1,80,25,55,17.02,18,6,12,9.67,1101408,414736,148688,126320,14,0,51,5,0,250421-094159_Run_1360_Idx_47249,3400,0,5e-05,20000000,22028160.0,8294720.0,2973760.0,2526400.0,0.6875,0.6666666666666666
477,1,80,25,55,24.06,18,6,12,21.22,2082744,669864,609232,241456,14,0,51,5,0,250421-100000_Run_1928_Idx_47249,4820,0,5e-05,20000000,41654880.0,13397280.0,12184640.0,4829120.0,0.6875,0.6666666666666666
478,1,80,25,55,24.05,18,7,11,21.33,1859248,584608,724368,243320,14,0,51,5,0,250421-092239_Run_240_Idx_74048,600,0,5e-05,20000000,37184960.0,11692160.0,14487360.0,4866400.0,0.6875,0.6111111111111112
479,1,160,59,101,23.6,144,48,96,27.0,192792,62680,645120,215040,2,0,51,5,0,250421-092925_Run_1169_Idx_85523,2930,0,5e-05,20000000,3855840.0,1253600.0,12902400.0,4300800.0,0.63125,0.6666666666666666
480,1,80,25,55,25.66,18,6,12,27.0,2174592,683032,1069776,356592,14,0,51,5,0,250421-091811_Run_256_Idx_57146,640,0,5e-05,20000000,43491840.0,13660640.0,21395520.0,7131840.0,0.6875,0.6666666666666666
481,1,80,24,56,25.56,18,6,12,27.0,2281888,668880,1069776,356592,14,0,51,5,0,250421-094732_Run_1668_Idx_61908,4170,0,5e-05,20000000,45637760.0,13377600.0,21395520.0,7131840.0,0.7,0.6666666666666666
482,1,160,48,112,26.3,144,48,96,27.0,226560,70016,645120,215040,2,0,51,5,0,250421-094724_Run_1545_Idx_82062,3870,0,5e-05,20000000,4531200.0,1400320.0,12902400.0,4300800.0,0.7,0.6666666666666666
483,1,145,45,100,22.72,45,15,30,24.0,1812672,468192,981200,248288,7,0,51,5,0,250421-095429_Run_1791_Idx_71006,4480,0,5e-05,20000000,36253440.0,9363840.0,19624000.0,4965760.0,0.6896551724137931,0.6666666666666666
484,1,145,45,100,26.17,45,15,30,27.0,2120832,673632,1099368,366456,7,0,51,5,0,250421-094206_Run_1419_Idx_61030,3550,0,5e-05,20000000,42416640.0,13472640.0,21987360.0,7329120.0,0.6896551724137931,0.6666666666666666
485,1,160,48,112,25.6,144,48,96,22.5,226560,70016,436608,110784,2,0,51,5,0,250421-095506_Run_1881_Idx_25592,4710,0,5e-05,20000000,4531200.0,1400320.0,8732160.0,2215680.0,0.7,0.6666666666666666
486,1,160,48,112,25.6,144,48,96,24.0,226560,70016,536520,145536,2,0,51,5,0,250421-091001_Run_405_Idx_25592,1020,0,5e-05,20000000,4531200.0,1400320.0,10730400.0,2910720.0,0.7,0.6666666666666666
487,1,160,54,106,21.71,81,27,54,20.0,545424,170056,466608,118680,4,0,51,5,0,250421-095032_Run_1626_Idx_89561,4070,0,5e-05,20000000,10908480.0,3401120.0,9332160.0,2373600.0,0.6625,0.6666666666666666
488,1,160,48,112,25.95,81,27,54,27.0,865984,268992,935928,311976,4,0,51,5,0,250421-094810_Run_1666_Idx_78813,4170,0,5e-05,20000000,17319680.0,5379840.0,18718560.0,6239520.0,0.7,0.6666666666666666
489,1,145,46,99,26.17,45,15,30,27.0,2120832,691560,1099368,366456,7,0,51,5,0,250421-093153_Run_1515_Idx_32731,3790,0,5e-05,20000000,42416640.0,13831200.0,21987360.0,7329120.0,0.6827586206896552,0.6666666666666666
490,1,160,59,101,22.59,81,27,54,27.0,679768,239072,935928,311976,4,0,51,5,0,250421-092611_Run_702_Idx_16297,1760,0,5e-05,20000000,13595360.0,4781440.0,18718560.0,6239520.0,0.63125,0.6666666666666666
491,1,145,46,99,26.28,45,15,30,27.0,2182272,706920,1099368,366456,7,0,51,5,0,250421-085136_Run_19_Idx_57481,50,0,5e-05,20000000,43645440.0,14138400.0,21987360.0,7329120.0,0.6827586206896552,0.6666666666666666
492,1,80,25,55,22.9,18,6,12,24.11,1931120,572952,618128,243680,14,0,51,5,0,250421-093156_Run_1160_Idx_26496,2900,0,5e-05,20000000,38622400.0,11459040.0,12362560.0,4873600.0,0.6875,0.6666666666666666
493,1,145,44,101,25.72,45,15,30,24.0,1976832,619704,799168,261856,7,0,51,5,0,250421-092014_Run_723_Idx_52665,1810,0,5e-05,20000000,39536640.0,12394080.0,15983360.0,5237120.0,0.696551724137931,0.6666666666666666
494,1,160,63,97,18.35,144,53,91,21.07,117216,37208,401856,120152,2,0,51,5,0,250421-093032_Run_1165_Idx_21508,2920,0,5e-05,20000000,2344320.0,744160.0,8037120.0,2403040.0,0.60625,0.6319444444444444
495,1,80,25,55,25.26,18,6,12,24.0,2319736,729112,609232,241456,14,0,51,5,0,250421-085357_Run_936_Idx_47249,2340,0,5e-05,20000000,46394720.0,14582240.0,12184640.0,4829120.0,0.6875,0.6666666666666666
496,1,80,25,55,25.29,18,6,12,27.0,2318768,669864,1069776,356592,14,0,51,5,0,250421-093524_Run_1148_Idx_26496,2870,0,5e-05,20000000,46375360.0,13397280.0,21395520.0,7131840.0,0.6875,0.6666666666666666
497,1,160,48,112,25.91,81,27,54,24.0,892224,275552,786704,202184,4,0,51,5,0,250421-090057_Run_198_Idx_34316,500,0,5e-05,20000000,17844480.0,5511040.0,15734080.0,4043680.0,0.7,0.6666666666666666
498,1,160,48,112,26.2,144,48,96,24.0,219904,68352,575616,145536,2,0,51,5,0,250421-091845_Run_493_Idx_81871,1240,0,5e-05,20000000,4398080.0,1367040.0,11512320.0,2910720.0,0.7,0.6666666666666666
499,1,145,51,94,23.25,45,15,30,27.0,1658592,575760,1099368,366456,7,0,51,5,0,250421-092000_Run_607_Idx_8831,1520,0,5e-05,20000000,33171840.0,11515200.0,21987360.0,7329120.0,0.6482758620689655,0.6666666666666666
500,1,80,25,55,25.2,18,6,12,24.0,2082744,669864,609232,241456,14,0,51,5,0,250421-090850_Run_764_Idx_89663,1910,0,5e-05,20000000,41654880.0,13397280.0,12184640.0,4829120.0,0.6875,0.6666666666666666
501,1,160,48,112,26.12,81,27,54,27.0,892224,275552,935928,311976,4,0,51,5,0,250421-092432_Run_354_Idx_93338,890,0,5e-05,20000000,17844480.0,5511040.0,18718560.0,6239520.0,0.7,0.6666666666666666
502,1,145,44,101,23.45,45,15,30,22.93,1761312,484504,669648,249168,7,0,51,5,0,250421-094412_Run_1471_Idx_57375,3680,0,5e-05,20000000,35226240.0,9690080.0,13392960.0,4983360.0,0.696551724137931,0.6666666666666666
503,1,80,25,55,25.88,18,6,12,27.0,2292120,722208,1069776,356592,14,0,51,5,0,250421-091919_Run_252_Idx_57146,630,0,5e-05,20000000,45842400.0,14444160.0,21395520.0,7131840.0,0.6875,0.6666666666666666
504,1,145,45,100,26.28,45,15,30,27.0,2182272,688992,1099368,366456,7,0,51,5,0,250421-093903_Run_1371_Idx_24331,3430,0,5e-05,20000000,43645440.0,13779840.0,21987360.0,7329120.0,0.6896551724137931,0.6666666666666666
505,1,80,25,55,20.91,18,6,12,24.0,1553384,453912,954640,241456,14,0,51,5,0,250421-094652_Run_1700_Idx_26496,4250,0,5e-05,20000000,31067680.0,9078240.0,19092800.0,4829120.0,0.6875,0.6666666666666666
506,1,160,48,112,26.2,144,48,96,27.0,219904,68352,645120,215040,2,0,51,5,0,250421-085758_Run_685_Idx_7420,1720,0,5e-05,20000000,4398080.0,1367040.0,12902400.0,4300800.0,0.7,0.6666666666666666
507,1,160,48,112,26.0,81,27,54,27.0,865984,268992,935928,311976,4,0,51,5,0,250421-090432_Run_662_Idx_78813,1660,0,5e-05,20000000,17319680.0,5379840.0,18718560.0,6239520.0,0.7,0.6666666666666666
508,1,160,48,112,26.0,144,48,96,27.0,212224,66432,645120,215040,2,0,51,5,0,250421-092013_Run_249_Idx_1990,630,0,5e-05,20000000,4244480.0,1328640.0,12902400.0,4300800.0,0.7,0.6666666666666666
509,1,160,48,112,25.95,81,34,47,21.07,865984,268992,659720,191472,4,0,51,5,0,250421-092258_Run_478_Idx_19838,1200,0,5e-05,20000000,17319680.0,5379840.0,13194400.0,3829440.0,0.7,0.5802469135802469
510,1,160,51,109,20.76,81,27,54,27.0,312584,93904,935928,311976,4,0,51,5,0,250421-095905_Run_1946_Idx_35638,4870,0,5e-05,20000000,6251680.0,1878080.0,18718560.0,6239520.0,0.68125,0.6666666666666666
511,1,160,48,112,24.75,81,27,54,24.0,830272,260064,710888,193088,4,0,51,5,0,250421-091524_Run_266_Idx_28528,670,0,5e-05,20000000,16605440.0,5201280.0,14217760.0,3861760.0,0.7,0.6666666666666666
512,1,160,56,104,23.5,144,48,96,22.61,181312,56000,471360,145536,2,0,51,5,0,250421-095540_Run_1849_Idx_73366,4630,0,5e-05,20000000,3626240.0,1120000.0,9427200.0,2910720.0,0.65,0.6666666666666666
513,1,160,48,112,26.0,81,27,54,27.0,865984,268992,935928,311976,4,0,51,5,0,250421-085516_Run_694_Idx_78813,1740,0,5e-05,20000000,17319680.0,5379840.0,18718560.0,6239520.0,0.7,0.6666666666666666
514,1,160,48,112,26.0,81,27,54,27.0,865984,268992,935928,311976,4,0,51,5,0,250421-091545_Run_622_Idx_78813,1560,0,5e-05,20000000,17319680.0,5379840.0,18718560.0,6239520.0,0.7,0.6666666666666666
515,1,160,48,112,25.99,81,27,54,27.0,892224,275552,935928,311976,4,0,51,5,0,250421-085353_Run_222_Idx_34316,560,0,5e-05,20000000,17844480.0,5511040.0,18718560.0,6239520.0,0.7,0.6666666666666666
516,1,80,25,55,25.24,18,6,12,24.11,2088792,671376,618128,243680,14,0,51,5,0,250421-090958_Run_760_Idx_89663,1900,0,5e-05,20000000,41775840.0,13427520.0,12362560.0,4873600.0,0.6875,0.6666666666666666
517,1,160,48,112,26.2,144,62,82,21.04,219904,68352,484392,143096,2,0,51,5,0,250421-092317_Run_477_Idx_54988,1200,0,5e-05,20000000,4398080.0,1367040.0,9687840.0,2861920.0,0.7,0.5694444444444444
518,1,80,25,55,24.35,18,6,12,27.0,1769336,591512,1069776,356592,14,0,51,5,0,250421-090434_Run_900_Idx_47249,2250,0,5e-05,20000000,35386720.0,11830240.0,21395520.0,7131840.0,0.6875,0.6666666666666666
519,1,80,25,55,21.86,18,6,12,18.67,1730520,513008,609232,241456,14,0,51,5,0,250421-093354_Run_1328_Idx_65229,3320,0,5e-05,20000000,34610400.0,10260160.0,12184640.0,4829120.0,0.6875,0.6666666666666666
520,1,145,44,101,24.73,45,15,30,21.6,1908352,602584,354576,170400,7,0,51,5,0,250421-094654_Run_1639_Idx_51592,4100,0,5e-05,20000000,38167040.0,12051680.0,7091520.0,3408000.0,0.696551724137931,0.6666666666666666
521,1,80,25,55,10.71,18,6,12,3.22,897016,309408,33552,11184,14,0,51,5,0,250421-094810_Run_1604_Idx_57146,4010,0,5e-05,20000000,17940320.0,6188160.0,671040.0,223680.0,0.6875,0.6666666666666666
522,1,145,48,97,24.46,45,15,30,27.0,1932512,590456,1099368,366456,7,0,51,5,0,250421-085508_Run_1051_Idx_83992,2630,0,5e-05,20000000,38650240.0,11809120.0,21987360.0,7329120.0,0.6689655172413793,0.6666666666666666
523,1,145,45,100,21.44,45,15,30,19.51,1771392,449312,508528,130120,7,0,51,5,0,250421-095149_Run_1743_Idx_10792,4360,0,5e-05,20000000,35427840.0,8986240.0,10170560.0,2602400.0,0.6896551724137931,0.6666666666666666
524,1,145,46,99,24.48,45,15,30,24.0,1908832,548680,981200,248288,7,0,51,5,0,250421-091721_Run_259_Idx_72713,650,0,5e-05,20000000,38176640.0,10973600.0,19624000.0,4965760.0,0.6827586206896552,0.6666666666666666
525,1,160,48,112,26.3,144,48,96,27.0,226560,70016,645120,215040,2,0,51,5,0,250421-091134_Run_161_Idx_39758,410,0,5e-05,20000000,4531200.0,1400320.0,12902400.0,4300800.0,0.7,0.6666666666666666
526,1,160,48,112,25.81,81,27,54,27.0,830272,260064,935928,311976,4,0,51,5,0,250421-091309_Run_274_Idx_28528,690,0,5e-05,20000000,16605440.0,5201280.0,18718560.0,6239520.0,0.7,0.6666666666666666
527,1,160,48,112,26.3,144,48,96,27.0,226560,70016,645120,215040,2,0,51,5,0,250421-092254_Run_121_Idx_39758,310,0,5e-05,20000000,4531200.0,1400320.0,12902400.0,4300800.0,0.7,0.6666666666666666
528,1,145,44,101,19.59,45,15,30,22.84,1316192,450264,669648,249168,7,0,51,5,0,250421-095347_Run_1871_Idx_57375,4680,0,5e-05,20000000,26323840.0,9005280.0,13392960.0,4983360.0,0.696551724137931,0.6666666666666666
529,1,160,48,112,25.56,81,27,54,15.47,830272,260064,433040,110288,4,0,51,5,0,250421-095321_Run_1810_Idx_28528,4530,0,5e-05,20000000,16605440.0,5201280.0,8660800.0,2205760.0,0.7,0.6666666666666666
530,1,80,25,55,23.18,18,6,12,21.0,1612632,552336,609232,241456,14,0,51,5,0,250421-093341_Run_1092_Idx_89663,2730,0,5e-05,20000000,32252640.0,11046720.0,12184640.0,4829120.0,0.6875,0.6666666666666666
531,1,160,56,104,22.7,144,58,86,18.02,181312,56000,341040,112144,2,0,51,5,0,250421-094722_Run_1729_Idx_8901,4330,0,5e-05,20000000,3626240.0,1120000.0,6820800.0,2242880.0,0.65,0.5972222222222222
532,1,80,25,55,25.79,18,6,12,27.0,2358912,729112,1069776,356592,14,0,51,5,0,250421-093148_Run_1396_Idx_47249,3490,0,5e-05,20000000,47178240.0,14582240.0,21395520.0,7131840.0,0.6875,0.6666666666666666
533,1,160,48,112,25.81,81,27,54,27.0,830272,260064,935928,311976,4,0,51,5,0,250421-090251_Run_310_Idx_28528,780,0,5e-05,20000000,16605440.0,5201280.0,18718560.0,6239520.0,0.7,0.6666666666666666
534,1,145,45,100,22.89,45,15,30,24.0,1829792,468192,981200,248288,7,0,51,5,0,250421-094639_Run_1671_Idx_61030,4180,0,5e-05,20000000,36595840.0,9363840.0,19624000.0,4965760.0,0.6896551724137931,0.6666666666666666
535,1,80,25,55,24.86,18,6,12,27.0,2240416,630688,1069776,356592,14,0,51,5,0,250421-092803_Run_1292_Idx_66277,3230,0,5e-05,20000000,44808320.0,12613760.0,21395520.0,7131840.0,0.6875,0.6666666666666666
536,1,145,47,98,20.75,45,15,30,15.82,1480832,463888,246360,143688,7,0,51,5,0,250421-093501_Run_1207_Idx_40177,3020,0,5e-05,20000000,29616640.0,9277760.0,4927200.0,2873760.0,0.6758620689655173,0.6666666666666666
537,1,80,24,56,23.06,18,6,12,24.0,2143320,550384,954640,241456,14,0,51,5,0,250421-095540_Run_1864_Idx_54226,4660,0,5e-05,20000000,42866400.0,11007680.0,19092800.0,4829120.0,0.7,0.6666666666666666
538,1,160,54,106,20.8,144,48,96,24.0,137896,43008,575616,145536,2,0,51,5,0,250421-095356_Run_1793_Idx_84079,4490,0,5e-05,20000000,2757920.0,860160.0,11512320.0,2910720.0,0.6625,0.6666666666666666
539,1,160,52,108,18.69,81,28,53,21.37,431168,156272,507336,176032,4,0,51,5,0,250421-095905_Run_1918_Idx_85987,4800,0,5e-05,20000000,8623360.0,3125440.0,10146720.0,3520640.0,0.675,0.654320987654321
540,1,145,47,98,20.74,45,17,28,15.53,1549312,481008,302064,93408,7,0,51,5,0,250421-093713_Run_1199_Idx_57098,3000,0,5e-05,20000000,30986240.0,9620160.0,6041280.0,1868160.0,0.6758620689655173,0.6222222222222222
541,1,160,48,112,26.0,144,48,96,27.0,212224,66432,645120,215040,2,0,51,5,0,250421-090425_Run_305_Idx_1990,770,0,5e-05,20000000,4244480.0,1328640.0,12902400.0,4300800.0,0.7,0.6666666666666666
542,1,160,48,112,26.3,144,48,96,27.0,226560,70016,645120,215040,2,0,51,5,0,250421-090009_Run_201_Idx_39758,510,0,5e-05,20000000,4531200.0,1400320.0,12902400.0,4300800.0,0.7,0.6666666666666666
543,1,145,45,100,26.17,45,15,30,27.0,2120832,673632,1099368,366456,7,0,51,5,0,250421-091638_Run_975_Idx_71006,2440,0,5e-05,20000000,42416640.0,13472640.0,21987360.0,7329120.0,0.6896551724137931,0.6666666666666666
544,1,160,53,107,20.96,81,27,54,24.0,527592,163184,835232,211280,4,0,51,5,0,250421-094727_Run_1698_Idx_84222,4250,0,5e-05,20000000,10551840.0,3263680.0,16704640.0,4225600.0,0.66875,0.6666666666666666
545,1,145,51,94,19.44,45,19,26,21.0,1059392,387440,824968,238696,7,0,51,5,0,250421-085956_Run_559_Idx_44829,1400,0,5e-05,20000000,21187840.0,7748800.0,16499360.0,4773920.0,0.6482758620689655,0.5777777777777777
546,1,145,51,94,24.41,45,15,30,27.0,1908352,625360,1099368,366456,7,0,51,5,0,250421-091504_Run_387_Idx_70762,970,0,5e-05,20000000,38167040.0,12507200.0,21987360.0,7329120.0,0.6482758620689655,0.6666666666666666
547,1,80,25,55,25.02,18,6,12,24.0,2082744,669864,609232,241456,14,0,51,5,0,250421-092924_Run_1404_Idx_47249,3510,0,5e-05,20000000,41654880.0,13397280.0,12184640.0,4829120.0,0.6875,0.6666666666666666
548,1,160,48,112,25.35,81,32,49,21.67,865984,268992,557616,168368,4,0,51,5,0,250421-090455_Run_542_Idx_38164,1360,0,5e-05,20000000,17319680.0,5379840.0,11152320.0,3367360.0,0.7,0.6049382716049383
549,1,145,44,101,25.08,45,15,30,24.0,2052352,638584,774672,275424,7,0,51,5,0,250421-094539_Run_1735_Idx_57375,4340,0,5e-05,20000000,41047040.0,12771680.0,15493440.0,5508480.0,0.696551724137931,0.6666666666666666
550,1,80,28,52,24.35,18,7,11,21.0,2181264,693592,666800,185752,14,0,51,5,0,250421-091149_Run_160_Idx_72855,400,0,5e-05,20000000,43625280.0,13871840.0,13336000.0,3715040.0,0.65,0.6111111111111112
551,1,80,25,55,26.21,18,6,12,27.0,2476440,768288,1069776,356592,14,0,51,5,0,250421-091704_Run_380_Idx_66277,950,0,5e-05,20000000,49528800.0,15365760.0,21395520.0,7131840.0,0.6875,0.6666666666666666
552,1,160,59,101,20.78,81,27,54,24.0,691200,178048,835232,211280,4,0,51,5,0,250421-090619_Run_894_Idx_55921,2240,0,5e-05,20000000,13824000.0,3560960.0,16704640.0,4225600.0,0.63125,0.6666666666666666
553,1,80,25,55,26.3,18,6,12,27.0,2476440,768288,1069776,356592,14,0,51,5,0,250421-090508_Run_184_Idx_26496,460,0,5e-05,20000000,49528800.0,15365760.0,21395520.0,7131840.0,0.6875,0.6666666666666666
554,1,80,25,55,19.88,18,6,12,21.67,1181088,434656,609232,241456,14,0,51,5,0,250421-095833_Run_1920_Idx_65229,4800,0,5e-05,20000000,23621760.0,8693120.0,12184640.0,4829120.0,0.6875,0.6666666666666666
555,1,160,48,112,26.08,81,27,54,27.0,892224,275552,935928,311976,4,0,51,5,0,250421-090128_Run_790_Idx_960,1980,0,5e-05,20000000,17844480.0,5511040.0,18718560.0,6239520.0,0.7,0.6666666666666666
556,1,160,53,107,21.11,81,28,53,23.0,557344,196440,495464,193224,4,0,51,5,0,250421-095439_Run_1774_Idx_85493,4440,0,5e-05,20000000,11146880.0,3928800.0,9909280.0,3864480.0,0.66875,0.654320987654321
557,1,160,48,112,25.99,81,27,54,27.0,892224,275552,935928,311976,4,0,51,5,0,250421-085841_Run_206_Idx_34316,520,0,5e-05,20000000,17844480.0,5511040.0,18718560.0,6239520.0,0.7,0.6666666666666666
558,1,80,25,55,25.88,18,6,12,27.0,2358912,729112,1069776,356592,14,0,51,5,0,250421-093415_Run_1152_Idx_26496,2880,0,5e-05,20000000,47178240.0,14582240.0,21395520.0,7131840.0,0.6875,0.6666666666666666
559,1,160,48,112,26.3,144,48,96,27.0,226560,70016,645120,215040,2,0,51,5,0,250421-092451_Run_353_Idx_25592,890,0,5e-05,20000000,4531200.0,1400320.0,12902400.0,4300800.0,0.7,0.6666666666666666
560,1,145,47,98,24.23,45,15,30,27.0,1583072,536528,1099368,366456,7,0,51,5,0,250421-092507_Run_827_Idx_33549,2070,0,5e-05,20000000,31661440.0,10730560.0,21987360.0,7329120.0,0.6758620689655173,0.6666666666666666
561,1,80,24,56,24.11,18,6,12,27.0,1692312,531280,1069776,356592,14,0,51,5,0,250421-093822_Run_1432_Idx_61908,3580,0,5e-05,20000000,33846240.0,10625600.0,21395520.0,7131840.0,0.7,0.6666666666666666
562,1,160,59,101,22.2,144,58,86,18.85,192792,62680,328008,107800,2,0,51,5,0,250421-094910_Run_1753_Idx_52371,4390,0,5e-05,20000000,3855840.0,1253600.0,6560160.0,2156000.0,0.63125,0.5972222222222222
563,1,160,58,102,23.42,81,27,54,27.0,656248,230880,935928,311976,4,0,51,5,0,250421-091152_Run_874_Idx_24543,2190,0,5e-05,20000000,13124960.0,4617600.0,18718560.0,6239520.0,0.6375,0.6666666666666666
564,1,80,24,56,26.2,18,6,12,27.0,2399416,708056,1069776,356592,14,0,51,5,0,250421-085100_Run_60_Idx_54226,150,0,5e-05,20000000,47988320.0,14161120.0,21395520.0,7131840.0,0.7,0.6666666666666666
565,1,160,48,112,25.4,144,52,92,22.12,219904,68352,375792,120016,2,0,51,5,0,250421-094339_Run_1473_Idx_37115,3690,0,5e-05,20000000,4398080.0,1367040.0,7515840.0,2400320.0,0.7,0.6388888888888888
566,1,160,48,112,24.0,144,60,84,17.75,212224,66432,314976,95040,2,0,51,5,0,250421-093749_Run_1197_Idx_84810,3000,0,5e-05,20000000,4244480.0,1328640.0,6299520.0,1900800.0,0.7,0.5833333333333334
567,1,145,46,99,21.38,45,15,30,24.0,1001472,411720,626696,248288,7,0,51,5,0,250421-095615_Run_1799_Idx_72713,4500,0,5e-05,20000000,20029440.0,8234400.0,12533920.0,4965760.0,0.6827586206896552,0.6666666666666666
568,1,80,25,55,24.69,18,6,12,27.0,2240416,630688,1069776,356592,14,0,51,5,0,250421-093829_Run_1256_Idx_66277,3140,0,5e-05,20000000,44808320.0,12613760.0,21395520.0,7131840.0,0.6875,0.6666666666666666
569,1,160,48,112,26.2,144,58,86,21.12,219904,68352,440952,133864,2,0,51,5,0,250421-092137_Run_957_Idx_17424,2400,0,5e-05,20000000,4398080.0,1367040.0,8819040.0,2677280.0,0.7,0.5972222222222222
570,1,80,25,55,25.88,18,6,12,27.0,2398088,729112,1069776,356592,14,0,51,5,0,250421-090656_Run_416_Idx_66277,1040,0,5e-05,20000000,47961760.0,14582240.0,21395520.0,7131840.0,0.6875,0.6666666666666666
571,1,145,45,100,22.88,45,15,30,24.0,1812672,468192,981200,248288,7,0,51,5,0,250421-090533_Run_1015_Idx_71006,2540,0,5e-05,20000000,36253440.0,9363840.0,19624000.0,4965760.0,0.6896551724137931,0.6666666666666666
572,1,145,52,93,22.61,45,15,30,27.0,1634432,557688,1099368,366456,7,0,51,5,0,250421-092554_Run_703_Idx_64445,1760,0,5e-05,20000000,32688640.0,11153760.0,21987360.0,7329120.0,0.6413793103448275,0.6666666666666666
573,1,160,48,112,25.95,81,27,54,27.0,865984,268992,935928,311976,4,0,51,5,0,250421-090324_Run_1022_Idx_47915,2560,0,5e-05,20000000,17319680.0,5379840.0,18718560.0,6239520.0,0.7,0.6666666666666666
574,1,160,55,105,21.01,144,67,77,12.4,175104,44736,297600,78616,2,0,51,5,0,250421-095437_Run_1837_Idx_49501,4600,0,5e-05,20000000,3502080.0,894720.0,5952000.0,1572320.0,0.65625,0.5347222222222222
575,1,80,25,55,24.34,18,6,12,27.0,2124216,611432,1069776,356592,14,0,51,5,0,250421-094411_Run_1588_Idx_65229,3970,0,5e-05,20000000,42484320.0,12228640.0,21395520.0,7131840.0,0.6875,0.6666666666666666
576,1,80,25,55,24.86,18,6,12,24.0,2378016,669864,954640,241456,14,0,51,5,0,250421-093305_Run_1156_Idx_26496,2890,0,5e-05,20000000,47560320.0,13397280.0,19092800.0,4829120.0,0.6875,0.6666666666666666
577,1,160,48,112,25.6,144,48,96,24.0,226560,70016,497424,145536,2,0,51,5,0,250421-085338_Run_937_Idx_13251,2350,0,5e-05,20000000,4531200.0,1400320.0,9948480.0,2910720.0,0.7,0.6666666666666666
578,1,145,45,100,19.41,45,15,30,21.16,1103712,415072,626696,248288,7,0,51,5,0,250421-100017_Run_1967_Idx_10792,4920,0,5e-05,20000000,22074240.0,8301440.0,12533920.0,4965760.0,0.6896551724137931,0.6666666666666666
579,1,160,48,112,26.2,144,48,96,27.0,219904,68352,645120,215040,2,0,51,5,0,250421-090139_Run_553_Idx_81871,1390,0,5e-05,20000000,4398080.0,1367040.0,12902400.0,4300800.0,0.7,0.6666666666666666
580,1,145,45,100,18.03,45,15,30,15.78,1052352,397952,154024,130120,7,0,51,5,0,250421-095848_Run_1891_Idx_95480,4730,0,5e-05,20000000,21047040.0,7959040.0,3080480.0,2602400.0,0.6896551724137931,0.6666666666666666
581,1,80,24,56,20.64,18,6,12,27.0,1574784,492104,1069776,356592,14,0,51,5,0,250421-093135_Run_1456_Idx_61908,3640,0,5e-05,20000000,31495680.0,9842080.0,21395520.0,7131840.0,0.7,0.6666666666666666
582,1,80,24,56,25.66,18,6,12,27.0,2281888,668880,1069776,356592,14,0,51,5,0,250421-092415_Run_592_Idx_61908,1480,0,5e-05,20000000,45637760.0,13377600.0,21395520.0,7131840.0,0.7,0.6666666666666666
583,1,80,25,55,24.99,18,6,12,24.0,2232872,662960,954640,241456,14,0,51,5,0,250421-091705_Run_260_Idx_57146,650,0,5e-05,20000000,44657440.0,13259200.0,19092800.0,4829120.0,0.6875,0.6666666666666666
584,1,160,48,112,26.12,81,27,54,27.0,892224,275552,935928,311976,4,0,51,5,0,250421-085918_Run_442_Idx_93338,1110,0,5e-05,20000000,17844480.0,5511040.0,18718560.0,6239520.0,0.7,0.6666666666666666
585,1,145,47,98,25.99,45,15,30,27.0,2103712,692368,1099368,366456,7,0,51,5,0,250421-084954_Run_63_Idx_8263,160,0,5e-05,20000000,42074240.0,13847360.0,21987360.0,7329120.0,0.6758620689655173,0.6666666666666666
586,1,160,48,112,26.3,144,48,96,27.0,226560,70016,645120,215040,2,0,51,5,0,250421-095249_Run_1781_Idx_82062,4460,0,5e-05,20000000,4531200.0,1400320.0,12902400.0,4300800.0,0.7,0.6666666666666666
587,1,80,25,55,24.46,18,6,12,27.0,2201240,630688,1069776,356592,14,0,51,5,0,250421-095240_Run_1828_Idx_47249,4570,0,5e-05,20000000,44024800.0,12613760.0,21395520.0,7131840.0,0.6875,0.6666666666666666
588,1,145,45,100,21.14,45,15,30,24.0,1299072,416832,981200,248288,7,0,51,5,0,250421-095322_Run_1795_Idx_71006,4490,0,5e-05,20000000,25981440.0,8336640.0,19624000.0,4965760.0,0.6896551724137931,0.6666666666666666
589,1,80,24,56,20.96,18,6,12,24.0,1436216,373608,954640,241456,14,0,51,5,0,250421-093716_Run_1436_Idx_61908,3590,0,5e-05,20000000,28724320.0,7472160.0,19092800.0,4829120.0,0.7,0.6666666666666666
590,1,160,50,110,20.3,81,30,51,15.2,444392,162896,430040,167208,4,0,51,5,0,250421-095631_Run_1914_Idx_60897,4790,0,5e-05,20000000,8887840.0,3257920.0,8600800.0,3344160.0,0.6875,0.6296296296296297
591,1,145,45,100,23.14,45,15,30,21.0,1607232,468192,626696,248288,7,0,51,5,0,250421-095112_Run_1563_Idx_71006,3910,0,5e-05,20000000,32144640.0,9363840.0,12533920.0,4965760.0,0.6896551724137931,0.6666666666666666
592,1,160,48,112,25.81,81,27,54,27.0,830272,260064,935928,311976,4,0,51,5,0,250421-091847_Run_254_Idx_28528,640,0,5e-05,20000000,16605440.0,5201280.0,18718560.0,6239520.0,0.7,0.6666666666666666
593,1,145,45,100,25.16,45,15,30,24.0,2096672,603392,981200,248288,7,0,51,5,0,250421-093409_Run_1271_Idx_10792,3180,0,5e-05,20000000,41933440.0,12067840.0,19624000.0,4965760.0,0.6896551724137931,0.6666666666666666
594,1,160,58,102,22.9,144,48,96,22.78,171888,61008,484392,145536,2,0,51,5,0,250421-093434_Run_1089_Idx_1553,2730,0,5e-05,20000000,3437760.0,1220160.0,9687840.0,2910720.0,0.6375,0.6666666666666666
595,1,145,46,99,26.09,45,15,30,27.0,2165152,689800,1099368,366456,7,0,51,5,0,250421-090713_Run_415_Idx_15193,1040,0,5e-05,20000000,43303040.0,13796000.0,21987360.0,7329120.0,0.6827586206896552,0.6666666666666666
596,1,80,25,55,26.0,18,6,12,27.0,2292120,722208,1069776,356592,14,0,51,5,0,250421-085056_Run_8_Idx_57146,20,0,5e-05,20000000,45842400.0,14444160.0,21395520.0,7131840.0,0.6875,0.6666666666666666
597,1,160,48,112,25.56,81,27,54,27.0,830272,260064,935928,311976,4,0,51,5,0,250421-091955_Run_250_Idx_28528,630,0,5e-05,20000000,16605440.0,5201280.0,18718560.0,6239520.0,0.7,0.6666666666666666
598,1,160,48,112,26.12,81,27,54,27.0,892224,275552,935928,311976,4,0,51,5,0,250421-092416_Run_830_Idx_85773,2080,0,5e-05,20000000,17844480.0,5511040.0,18718560.0,6239520.0,0.7,0.6666666666666666
599,1,145,45,100,19.69,45,15,30,17.4,1480352,380832,35856,11952,7,0,51,5,0,250421-094509_Run_1767_Idx_10792,4420,0,5e-05,20000000,29607040.0,7616640.0,717120.0,239040.0,0.6896551724137931,0.6666666666666666
600,1,160,58,102,22.66,144,48,96,27.0,175104,61008,645120,215040,2,0,51,5,0,250421-094614_Run_1549_Idx_1553,3880,0,5e-05,20000000,3502080.0,1220160.0,12902400.0,4300800.0,0.6375,0.6666666666666666
601,1,160,54,106,11.37,81,33,48,4.7,348048,119992,88856,41928,4,0,51,5,0,250421-094841_Run_1602_Idx_68712,4010,0,5e-05,20000000,6960960.0,2399840.0,1777120.0,838560.0,0.6625,0.5925925925925926
602,1,80,25,55,19.9,18,6,12,15.44,1826648,473016,494096,126320,14,0,51,5,0,250421-085840_Run_920_Idx_47249,2300,0,5e-05,20000000,36532960.0,9460320.0,9881920.0,2526400.0,0.6875,0.6666666666666666
603,1,160,57,103,23.6,144,48,96,27.0,167064,59336,645120,215040,2,0,51,5,0,250421-093609_Run_1381_Idx_38001,3460,0,5e-05,20000000,3341280.0,1186720.0,12902400.0,4300800.0,0.64375,0.6666666666666666
604,1,145,45,100,25.9,45,15,30,27.0,2079552,654752,1099368,366456,7,0,51,5,0,250421-094909_Run_1539_Idx_95480,3850,0,5e-05,20000000,41591040.0,13095040.0,21987360.0,7329120.0,0.6896551724137931,0.6666666666666666
605,1,145,46,99,26.28,45,15,30,27.0,2182272,706920,1099368,366456,7,0,51,5,0,250421-085450_Run_219_Idx_57481,550,0,5e-05,20000000,43645440.0,14138400.0,21987360.0,7329120.0,0.6827586206896552,0.6666666666666666
606,1,160,48,112,26.2,144,48,96,27.0,219904,68352,645120,215040,2,0,51,5,0,250421-090943_Run_525_Idx_81871,1320,0,5e-05,20000000,4398080.0,1367040.0,12902400.0,4300800.0,0.7,0.6666666666666666
607,1,80,26,54,25.29,18,6,12,24.0,2237896,690864,954640,241456,14,0,51,5,0,250421-092310_Run_120_Idx_13799,300,0,5e-05,20000000,44757920.0,13817280.0,19092800.0,4829120.0,0.675,0.6666666666666666
608,1,160,53,107,20.67,81,27,54,24.0,546744,169704,835232,211280,4,0,51,5,0,250421-094449_Run_1554_Idx_88860,3890,0,5e-05,20000000,10934880.0,3394080.0,16704640.0,4225600.0,0.66875,0.6666666666666666
609,1,80,25,55,25.2,18,6,12,24.0,2417192,709040,954640,241456,14,0,51,5,0,250421-090436_Run_424_Idx_66277,1060,0,5e-05,20000000,48343840.0,14180800.0,19092800.0,4829120.0,0.6875,0.6666666666666666
610,1,160,48,112,26.2,144,48,96,27.0,219904,68352,645120,215040,2,0,51,5,0,250421-085319_Run_53_Idx_81871,140,0,5e-05,20000000,4398080.0,1367040.0,12902400.0,4300800.0,0.7,0.6666666666666666
611,1,160,56,104,22.11,81,27,54,24.0,679504,212048,632024,193088,4,0,51,5,0,250421-093200_Run_1218_Idx_55670,3050,0,5e-05,20000000,13590080.0,4240960.0,12640480.0,3861760.0,0.65,0.6666666666666666
612,1,145,45,100,18.63,45,15,30,12.96,1428992,363712,35856,11952,7,0,51,5,0,250421-095326_Run_1887_Idx_10792,4720,0,5e-05,20000000,28579840.0,7274240.0,717120.0,239040.0,0.6896551724137931,0.6666666666666666
613,1,160,48,112,25.4,144,48,96,22.44,219904,68352,471360,145536,2,0,51,5,0,250421-094505_Run_1737_Idx_81871,4350,0,5e-05,20000000,4398080.0,1367040.0,9427200.0,2910720.0,0.7,0.6666666666666666
614,1,80,25,55,20.68,18,6,12,15.67,1650840,493088,148688,126320,14,0,51,5,0,250421-093447_Run_1088_Idx_89663,2720,0,5e-05,20000000,33016800.0,9861760.0,2973760.0,2526400.0,0.6875,0.6666666666666666
615,1,80,25,55,24.16,18,6,12,24.0,2162064,630688,609232,241456,14,0,51,5,0,250421-085520_Run_812_Idx_89663,2030,0,5e-05,20000000,43241280.0,12613760.0,12184640.0,4829120.0,0.6875,0.6666666666666666
616,1,80,24,56,23.16,18,6,12,21.67,1773328,474152,609232,241456,14,0,51,5,0,250421-093354_Run_1448_Idx_61908,3620,0,5e-05,20000000,35466560.0,9483040.0,12184640.0,4829120.0,0.7,0.6666666666666666
617,1,145,46,99,25.83,45,15,30,27.0,2028672,668520,1099368,366456,7,0,51,5,0,250421-091937_Run_251_Idx_72713,630,0,5e-05,20000000,40573440.0,13370400.0,21987360.0,7329120.0,0.6827586206896552,0.6666666666666666
618,1,145,45,100,26.28,45,15,30,27.0,2182272,688992,1099368,366456,7,0,51,5,0,250421-091829_Run_375_Idx_10792,940,0,5e-05,20000000,43645440.0,13779840.0,21987360.0,7329120.0,0.6896551724137931,0.6666666666666666
619,1,160,55,105,22.07,81,27,54,24.0,537456,163848,835232,211280,4,0,51,5,0,250421-094701_Run_1578_Idx_66949,3950,0,5e-05,20000000,10749120.0,3276960.0,16704640.0,4225600.0,0.65625,0.6666666666666666
620,1,160,48,112,26.3,144,48,96,27.0,226560,70016,645120,215040,2,0,51,5,0,250421-094945_Run_1537_Idx_82062,3850,0,5e-05,20000000,4531200.0,1400320.0,12902400.0,4300800.0,0.7,0.6666666666666666
621,1,80,25,55,26.3,18,6,12,27.0,2476440,768288,1069776,356592,14,0,51,5,0,250421-085114_Run_20_Idx_26496,50,0,5e-05,20000000,49528800.0,15365760.0,21395520.0,7131840.0,0.6875,0.6666666666666666
622,1,160,48,112,26.3,144,60,84,21.03,226560,70016,480048,138480,2,0,51,5,0,250421-092152_Run_717_Idx_25773,1800,0,5e-05,20000000,4531200.0,1400320.0,9600960.0,2769600.0,0.7,0.5833333333333334
623,1,160,48,112,26.3,144,48,96,24.0,226560,70016,536520,145536,2,0,51,5,0,250421-092049_Run_721_Idx_82062,1810,0,5e-05,20000000,4531200.0,1400320.0,10730400.0,2910720.0,0.7,0.6666666666666666
624,1,160,48,112,25.35,81,27,54,24.0,865984,268992,750320,193088,4,0,51,5,0,250421-090338_Run_546_Idx_75070,1370,0,5e-05,20000000,17319680.0,5379840.0,15006400.0,3861760.0,0.7,0.6666666666666666
625,1,80,25,55,24.39,18,6,12,22.5,2143224,670584,551664,183888,14,0,51,5,0,250421-090416_Run_544_Idx_73672,1360,0,5e-05,20000000,42864480.0,13411680.0,11033280.0,3677760.0,0.6875,0.6666666666666666
626,1,160,48,112,26.2,144,48,96,27.0,219904,68352,645120,215040,2,0,51,5,0,250421-094241_Run_1417_Idx_7420,3550,0,5e-05,20000000,4398080.0,1367040.0,12902400.0,4300800.0,0.7,0.6666666666666666
627,1,80,25,55,26.12,18,6,12,27.0,2476440,768288,1069776,356592,14,0,51,5,0,250421-085016_Run_36_Idx_47249,90,0,5e-05,20000000,49528800.0,15365760.0,21395520.0,7131840.0,0.6875,0.6666666666666666
628,1,160,54,106,19.92,81,27,54,22.0,473344,143320,554680,140920,4,0,51,5,0,250421-095138_Run_1530_Idx_85493,3830,0,5e-05,20000000,9466880.0,2866400.0,11093600.0,2818400.0,0.6625,0.6666666666666666
629,1,160,48,112,26.2,144,48,96,27.0,219904,68352,645120,215040,2,0,51,5,0,250421-085441_Run_577_Idx_81871,1450,0,5e-05,20000000,4398080.0,1367040.0,12902400.0,4300800.0,0.7,0.6666666666666666
630,1,160,60,100,20.85,144,76,68,12.37,168448,43392,297600,79840,2,0,51,5,0,250421-085906_Run_1037_Idx_39024,2600,0,5e-05,20000000,3368960.0,867840.0,5952000.0,1596800.0,0.625,0.4722222222222222
631,1,80,25,55,26.21,18,6,12,27.0,2476440,768288,1069776,356592,14,0,51,5,0,250421-090639_Run_772_Idx_89663,1930,0,5e-05,20000000,49528800.0,15365760.0,21395520.0,7131840.0,0.6875,0.6666666666666666
632,1,80,24,56,24.08,18,6,12,24.0,2181528,628736,954640,241456,14,0,51,5,0,250421-095648_Run_1860_Idx_54226,4650,0,5e-05,20000000,43630560.0,12574720.0,19092800.0,4829120.0,0.7,0.6666666666666666
633,1,80,25,55,20.4,18,6,12,24.0,1476360,434656,954640,241456,14,0,51,5,0,250421-095306_Run_1796_Idx_65229,4490,0,5e-05,20000000,29527200.0,8693120.0,19092800.0,4829120.0,0.6875,0.6666666666666666
634,1,80,25,55,21.6,18,6,12,19.22,2024464,532264,494096,126320,14,0,51,5,0,250421-095133_Run_1744_Idx_66277,4360,0,5e-05,20000000,40489280.0,10645280.0,9881920.0,2526400.0,0.6875,0.6666666666666666
635,1,145,45,100,24.06,45,15,30,20.4,1908352,569152,508528,130120,7,0,51,5,0,250421-095914_Run_1931_Idx_24331,4830,0,5e-05,20000000,38167040.0,11383040.0,10170560.0,2602400.0,0.6896551724137931,0.6666666666666666
636,1,160,48,112,25.81,81,27,54,27.0,830272,260064,935928,311976,4,0,51,5,0,250421-085713_Run_330_Idx_28528,830,0,5e-05,20000000,16605440.0,5201280.0,18718560.0,6239520.0,0.7,0.6666666666666666
637,1,80,25,55,26.12,18,6,12,27.0,2476440,768288,1069776,356592,14,0,51,5,0,250421-090800_Run_888_Idx_47249,2220,0,5e-05,20000000,49528800.0,15365760.0,21395520.0,7131840.0,0.6875,0.6666666666666666
638,1,160,48,112,25.99,81,27,54,27.0,892224,275552,935928,311976,4,0,51,5,0,250421-084857_Run_26_Idx_34316,70,0,5e-05,20000000,17844480.0,5511040.0,18718560.0,6239520.0,0.7,0.6666666666666666
639,1,160,59,101,23.6,144,48,96,27.0,192792,62680,645120,215040,2,0,51,5,0,250421-093556_Run_1265_Idx_11550,3170,0,5e-05,20000000,3855840.0,1253600.0,12902400.0,4300800.0,0.63125,0.6666666666666666
640,1,160,48,112,26.12,81,27,54,27.0,892224,275552,935928,311976,4,0,51,5,0,250421-091738_Run_378_Idx_93338,950,0,5e-05,20000000,17844480.0,5511040.0,18718560.0,6239520.0,0.7,0.6666666666666666
641,1,160,50,110,20.02,81,27,54,20.0,691488,175456,290616,74904,4,0,51,5,0,250421-094526_Run_1766_Idx_29088,4420,0,5e-05,20000000,13829760.0,3509120.0,5812320.0,1498080.0,0.6875,0.6666666666666666
642,1,160,63,97,18.14,81,34,47,21.0,486336,157960,654784,187424,4,0,51,5,0,250421-090013_Run_558_Idx_2697,1400,0,5e-05,20000000,9726720.0,3159200.0,13095680.0,3748480.0,0.60625,0.5802469135802469
643,1,80,25,55,18.51,18,6,12,12.67,1709120,433840,494096,126320,14,0,51,5,0,250421-095347_Run_1840_Idx_26496,4600,0,5e-05,20000000,34182400.0,8676800.0,9881920.0,2526400.0,0.6875,0.6666666666666666
644,1,160,48,112,26.3,144,48,96,27.0,226560,70016,645120,215040,2,0,51,5,0,250421-085637_Run_213_Idx_39758,540,0,5e-05,20000000,4531200.0,1400320.0,12902400.0,4300800.0,0.7,0.6666666666666666
645,1,160,61,99,23.42,81,27,54,27.0,708112,248936,935928,311976,4,0,51,5,0,250421-091522_Run_386_Idx_9005,970,0,5e-05,20000000,14162240.0,4978720.0,18718560.0,6239520.0,0.61875,0.6666666666666666
646,1,145,46,99,26.17,45,15,30,27.0,2120832,691560,1099368,366456,7,0,51,5,0,250421-090802_Run_531_Idx_32731,1330,0,5e-05,20000000,42416640.0,13831200.0,21987360.0,7329120.0,0.6827586206896552,0.6666666666666666
647,1,80,24,56,25.52,18,6,12,24.0,2379344,687984,954640,241456,14,0,51,5,0,250421-092445_Run_472_Idx_54226,1180,0,5e-05,20000000,47586880.0,13759680.0,19092800.0,4829120.0,0.7,0.6666666666666666
648,1,160,48,112,25.85,81,27,54,27.0,865984,268992,935928,311976,4,0,51,5,0,250421-091612_Run_502_Idx_75070,1260,0,5e-05,20000000,17319680.0,5379840.0,18718560.0,6239520.0,0.7,0.6666666666666666
649,1,160,48,112,26.0,81,27,54,24.0,865984,268992,835232,211280,4,0,51,5,0,250421-091219_Run_634_Idx_78813,1590,0,5e-05,20000000,17319680.0,5379840.0,16704640.0,4225600.0,0.7,0.6666666666666666
650,1,80,25,55,25.88,18,6,12,27.0,2292120,722208,1069776,356592,14,0,51,5,0,250421-090553_Run_300_Idx_57146,750,0,5e-05,20000000,45842400.0,14444160.0,21395520.0,7131840.0,0.6875,0.6666666666666666
651,1,80,28,52,24.19,18,6,12,27.0,2085360,675264,1069776,356592,14,0,51,5,0,250421-092137_Run_364_Idx_38339,910,0,5e-05,20000000,41707200.0,13505280.0,21395520.0,7131840.0,0.65,0.6666666666666666
652,1,160,48,112,25.4,144,54,90,21.08,219904,68352,419232,128976,2,0,51,5,0,250421-093921_Run_1489_Idx_94409,3730,0,5e-05,20000000,4398080.0,1367040.0,8384640.0,2579520.0,0.7,0.625
653,1,80,24,56,21.86,18,6,12,21.11,1989048,511816,502992,128544,14,0,51,5,0,250421-094950_Run_1720_Idx_54226,4300,0,5e-05,20000000,39780960.0,10236320.0,10059840.0,2570880.0,0.7,0.6666666666666666
654,1,160,48,112,25.95,81,27,54,27.0,865984,268992,935928,311976,4,0,51,5,0,250421-085644_Run_570_Idx_75070,1430,0,5e-05,20000000,17319680.0,5379840.0,18718560.0,6239520.0,0.7,0.6666666666666666
655,1,160,48,112,25.38,81,27,54,20.67,892224,275552,342304,88048,4,0,51,5,0,250421-093627_Run_1082_Idx_960,2710,0,5e-05,20000000,17844480.0,5511040.0,6846080.0,1760960.0,0.7,0.6666666666666666
656,1,160,48,112,25.85,81,27,54,24.0,865984,268992,655376,202184,4,0,51,5,0,250421-091011_Run_998_Idx_47915,2500,0,5e-05,20000000,17319680.0,5379840.0,13107520.0,4043680.0,0.7,0.6666666666666666
657,1,80,25,55,23.7,18,6,12,24.0,2183464,611432,954640,241456,14,0,51,5,0,250421-094155_Run_1300_Idx_65229,3250,0,5e-05,20000000,43669280.0,12228640.0,19092800.0,4829120.0,0.6875,0.6666666666666666
658,1,160,61,99,19.62,144,48,96,24.0,123424,32200,575616,145536,2,0,51,5,0,250421-093808_Run_1433_Idx_72046,3590,0,5e-05,20000000,2468480.0,644000.0,11512320.0,2910720.0,0.61875,0.6666666666666666
659,1,160,51,109,20.73,81,31,50,12.54,691488,175808,433336,111424,4,0,51,5,0,250421-095419_Run_1838_Idx_35733,4600,0,5e-05,20000000,13829760.0,3516160.0,8666720.0,2228480.0,0.68125,0.6172839506172839
660,1,80,25,55,24.69,18,6,12,24.0,2378016,669864,954640,241456,14,0,51,5,0,250421-094234_Run_1060_Idx_89663,2650,0,5e-05,20000000,47560320.0,13397280.0,19092800.0,4829120.0,0.6875,0.6666666666666666
661,1,80,25,55,26.21,18,6,12,27.0,2476440,768288,1069776,356592,14,0,51,5,0,250421-092316_Run_712_Idx_89663,1780,0,5e-05,20000000,49528800.0,15365760.0,21395520.0,7131840.0,0.6875,0.6666666666666666
662,1,160,48,112,26.2,144,48,96,27.0,219904,68352,645120,215040,2,0,51,5,0,250421-094613_Run_1581_Idx_5687,3960,0,5e-05,20000000,4398080.0,1367040.0,12902400.0,4300800.0,0.7,0.6666666666666666
663,1,145,46,99,26.28,45,15,30,27.0,2182272,706920,1099368,366456,7,0,51,5,0,250421-091745_Run_139_Idx_57481,350,0,5e-05,20000000,43645440.0,14138400.0,21987360.0,7329120.0,0.6827586206896552,0.6666666666666666
664,1,80,27,53,22.8,18,6,12,27.0,1849432,594240,1069776,356592,14,0,51,5,0,250421-092537_Run_704_Idx_87801,1760,0,5e-05,20000000,36988640.0,11884800.0,21395520.0,7131840.0,0.6625,0.6666666666666666
665,1,80,25,55,26.12,18,6,12,27.0,2476440,768288,1069776,356592,14,0,51,5,0,250421-085254_Run_28_Idx_47249,70,0,5e-05,20000000,49528800.0,15365760.0,21395520.0,7131840.0,0.6875,0.6666666666666666
666,1,160,48,112,26.2,144,48,96,27.0,219904,68352,645120,215040,2,0,51,5,0,250421-095300_Run_1709_Idx_81871,4280,0,5e-05,20000000,4398080.0,1367040.0,12902400.0,4300800.0,0.7,0.6666666666666666
667,1,80,25,55,25.79,18,6,12,27.0,2358912,729112,1069776,356592,14,0,51,5,0,250421-090057_Run_912_Idx_47249,2280,0,5e-05,20000000,47178240.0,14582240.0,21395520.0,7131840.0,0.6875,0.6666666666666666
668,1,160,48,112,25.95,81,27,54,27.0,865984,268992,935928,311976,4,0,51,5,0,250421-091653_Run_618_Idx_78813,1550,0,5e-05,20000000,17319680.0,5379840.0,18718560.0,6239520.0,0.7,0.6666666666666666
669,1,80,24,56,26.0,18,6,12,27.0,2399416,708056,1069776,356592,14,0,51,5,0,250421-084953_Run_76_Idx_61908,190,0,5e-05,20000000,47988320.0,14161120.0,21395520.0,7131840.0,0.7,0.6666666666666666
670,1,145,44,101,19.54,45,15,30,21.4,1120832,397144,615376,235600,7,0,51,5,0,250421-092835_Run_1407_Idx_51592,3520,0,5e-05,20000000,22416640.0,7942880.0,12307520.0,4712000.0,0.696551724137931,0.6666666666666666
671,1,80,26,54,25.26,18,6,12,24.0,2437264,770088,781936,241456,14,0,51,5,0,250421-090909_Run_408_Idx_41760,1020,0,5e-05,20000000,48745280.0,15401760.0,15638720.0,4829120.0,0.675,0.6666666666666666
672,1,160,48,112,26.2,144,48,96,27.0,219904,68352,645120,215040,2,0,51,5,0,250421-091410_Run_509_Idx_81871,1280,0,5e-05,20000000,4398080.0,1367040.0,12902400.0,4300800.0,0.7,0.6666666666666666
673,1,80,25,55,23.9,18,6,12,24.0,2183464,611432,954640,241456,14,0,51,5,0,250421-094302_Run_1296_Idx_65229,3240,0,5e-05,20000000,43669280.0,12228640.0,19092800.0,4829120.0,0.6875,0.6666666666666666
674,1,145,47,98,22.34,45,15,30,17.93,1685792,468048,141336,117432,7,0,51,5,0,250421-093504_Run_1087_Idx_35805,2720,0,5e-05,20000000,33715840.0,9360960.0,2826720.0,2348640.0,0.6758620689655173,0.6666666666666666
675,1,160,58,102,21.91,81,27,54,27.0,519096,179016,935928,311976,4,0,51,5,0,250421-093441_Run_1386_Idx_24543,3470,0,5e-05,20000000,10381920.0,3580320.0,18718560.0,6239520.0,0.6375,0.6666666666666666
676,1,160,48,112,25.81,81,27,54,27.0,830272,260064,935928,311976,4,0,51,5,0,250421-092208_Run_242_Idx_28528,610,0,5e-05,20000000,16605440.0,5201280.0,18718560.0,6239520.0,0.7,0.6666666666666666
677,1,145,44,101,20.39,45,15,30,18.0,1316192,450264,564624,222912,7,0,51,5,0,250421-093518_Run_1503_Idx_57375,3760,0,5e-05,20000000,26323840.0,9005280.0,11292480.0,4458240.0,0.696551724137931,0.6666666666666666
678,1,160,48,112,26.2,144,68,76,18.04,219904,68352,414888,139568,2,0,51,5,0,250421-090819_Run_1005_Idx_26308,2520,0,5e-05,20000000,4398080.0,1367040.0,8297760.0,2791360.0,0.7,0.5277777777777778
679,1,160,48,112,26.2,144,48,96,27.0,219904,68352,645120,215040,2,0,51,5,0,250421-085043_Run_61_Idx_81871,160,0,5e-05,20000000,4398080.0,1367040.0,12902400.0,4300800.0,0.7,0.6666666666666666
680,1,145,44,101,24.73,45,15,30,21.6,1908352,602584,354576,170400,7,0,51,5,0,250421-094548_Run_1643_Idx_51592,4110,0,5e-05,20000000,38167040.0,12051680.0,7091520.0,3408000.0,0.696551724137931,0.6666666666666666
681,1,145,46,99,24.14,45,15,30,22.8,1812672,537480,824056,209344,7,0,51,5,0,250421-091121_Run_519_Idx_32731,1300,0,5e-05,20000000,36253440.0,10749600.0,16481120.0,4186880.0,0.6827586206896552,0.6666666666666666
682,1,160,48,112,26.08,81,27,54,27.0,892224,275552,935928,311976,4,0,51,5,0,250421-085057_Run_86_Idx_960,220,0,5e-05,20000000,17844480.0,5511040.0,18718560.0,6239520.0,0.7,0.6666666666666666
683,1,160,48,112,26.0,144,48,96,27.0,212224,66432,645120,215040,2,0,51,5,0,250421-085356_Run_341_Idx_1990,860,0,5e-05,20000000,4244480.0,1328640.0,12902400.0,4300800.0,0.7,0.6666666666666666
684,1,160,48,112,25.81,81,27,54,27.0,830272,260064,935928,311976,4,0,51,5,0,250421-085333_Run_342_Idx_28528,860,0,5e-05,20000000,16605440.0,5201280.0,18718560.0,6239520.0,0.7,0.6666666666666666
685,1,160,48,112,26.3,144,48,96,27.0,226560,70016,645120,215040,2,0,51,5,0,250421-090305_Run_429_Idx_25592,1080,0,5e-05,20000000,4531200.0,1400320.0,12902400.0,4300800.0,0.7,0.6666666666666666
686,1,80,25,55,25.96,18,6,12,27.0,2358912,729112,1069776,356592,14,0,51,5,0,250421-092054_Run_128_Idx_26496,320,0,5e-05,20000000,47178240.0,14582240.0,21395520.0,7131840.0,0.6875,0.6666666666666666
687,1,160,48,112,25.99,81,27,54,27.0,892224,275552,935928,311976,4,0,51,5,0,250421-085035_Run_22_Idx_34316,60,0,5e-05,20000000,17844480.0,5511040.0,18718560.0,6239520.0,0.7,0.6666666666666666
688,1,80,25,55,22.68,18,6,12,27.0,1651808,552336,1069776,356592,14,0,51,5,0,250421-091209_Run_752_Idx_89663,1880,0,5e-05,20000000,33036160.0,11046720.0,21395520.0,7131840.0,0.6875,0.6666666666666666
689,1,145,46,99,21.63,45,16,29,19.84,1778432,451880,563256,145032,7,0,51,5,0,250421-092532_Run_943_Idx_477,2360,0,5e-05,20000000,35568640.0,9037600.0,11265120.0,2900640.0,0.6827586206896552,0.6444444444444445
690,1,160,48,112,25.99,81,27,54,27.0,892224,275552,935928,311976,4,0,51,5,0,250421-085307_Run_14_Idx_34316,40,0,5e-05,20000000,17844480.0,5511040.0,18718560.0,6239520.0,0.7,0.6666666666666666
691,1,80,25,55,21.46,18,6,12,21.0,1612632,552336,609232,241456,14,0,51,5,0,250421-095731_Run_1896_Idx_89663,4740,0,5e-05,20000000,32252640.0,11046720.0,12184640.0,4829120.0,0.6875,0.6666666666666666
692,1,160,61,99,23.6,144,48,96,27.0,186360,66024,645120,215040,2,0,51,5,0,250421-090624_Run_773_Idx_63195,1940,0,5e-05,20000000,3727200.0,1320480.0,12902400.0,4300800.0,0.61875,0.6666666666666666
693,1,145,45,100,25.09,45,16,29,22.8,2045312,637632,720792,250056,7,0,51,5,0,250421-085430_Run_815_Idx_17402,2040,0,5e-05,20000000,40906240.0,12752640.0,14415840.0,5001120.0,0.6896551724137931,0.6444444444444445
694,1,145,46,99,26.17,45,15,30,27.0,2120832,691560,1099368,366456,7,0,51,5,0,250421-090103_Run_555_Idx_32731,1390,0,5e-05,20000000,42416640.0,13831200.0,21987360.0,7329120.0,0.6827586206896552,0.6666666666666666
695,1,80,25,55,25.7,18,6,12,27.0,2358912,729112,1069776,356592,14,0,51,5,0,250421-091441_Run_864_Idx_47249,2160,0,5e-05,20000000,47178240.0,14582240.0,21395520.0,7131840.0,0.6875,0.6666666666666666
696,1,160,48,112,25.95,81,27,54,21.75,892224,275552,503640,129312,4,0,51,5,0,250421-094344_Run_1558_Idx_960,3900,0,5e-05,20000000,17844480.0,5511040.0,10072800.0,2586240.0,0.7,0.6666666666666666
697,1,80,25,55,26.0,18,6,12,27.0,2292120,722208,1069776,356592,14,0,51,5,0,250421-090701_Run_296_Idx_57146,740,0,5e-05,20000000,45842400.0,14444160.0,21395520.0,7131840.0,0.6875,0.6666666666666666
698,1,145,45,100,22.76,45,15,30,15.04,1720032,569152,154024,130120,7,0,51,5,0,250421-094723_Run_1759_Idx_10792,4400,0,5e-05,20000000,34400640.0,11383040.0,3080480.0,2602400.0,0.6896551724137931,0.6666666666666666
699,1,160,48,112,26.12,81,27,54,27.0,892224,275552,935928,311976,4,0,51,5,0,250421-090622_Run_418_Idx_93338,1050,0,5e-05,20000000,17844480.0,5511040.0,18718560.0,6239520.0,0.7,0.6666666666666666
700,1,160,58,102,23.5,144,48,96,27.0,165232,59344,645120,215040,2,0,51,5,0,250421-093915_Run_1429_Idx_92694,3580,0,5e-05,20000000,3304640.0,1186880.0,12902400.0,4300800.0,0.6375,0.6666666666666666
701,1,80,24,56,25.66,18,6,12,27.0,2281888,668880,1069776,356592,14,0,51,5,0,250421-085703_Run_688_Idx_61908,1720,0,5e-05,20000000,45637760.0,13377600.0,21395520.0,7131840.0,0.7,0.6666666666666666
702,1,145,45,100,26.28,45,15,30,27.0,2182272,688992,1099368,366456,7,0,51,5,0,250421-085040_Run_35_Idx_24331,90,0,5e-05,20000000,43645440.0,13779840.0,21987360.0,7329120.0,0.6896551724137931,0.6666666666666666
703,1,160,60,100,22.58,81,27,54,27.0,715792,247224,935928,311976,4,0,51,5,0,250421-090649_Run_654_Idx_36013,1640,0,5e-05,20000000,14315840.0,4944480.0,18718560.0,6239520.0,0.625,0.6666666666666666
704,1,160,48,112,25.95,81,27,54,24.0,865984,268992,835232,211280,4,0,51,5,0,250421-085959_Run_1034_Idx_47915,2590,0,5e-05,20000000,17319680.0,5379840.0,16704640.0,4225600.0,0.7,0.6666666666666666
705,1,160,56,104,23.29,81,27,54,27.0,641808,227536,935928,311976,4,0,51,5,0,250421-093706_Run_1142_Idx_3852,2860,0,5e-05,20000000,12836160.0,4550720.0,18718560.0,6239520.0,0.65,0.6666666666666666
706,1,160,53,107,21.51,81,27,54,27.0,574344,196440,935928,311976,4,0,51,5,0,250421-094555_Run_1550_Idx_88860,3880,0,5e-05,20000000,11486880.0,3928800.0,18718560.0,6239520.0,0.66875,0.6666666666666666
707,1,80,25,55,25.19,18,7,11,21.33,2185016,670584,724368,243320,14,0,51,5,0,250421-092222_Run_480_Idx_78572,1200,0,5e-05,20000000,43700320.0,13411680.0,14487360.0,4866400.0,0.6875,0.6111111111111112
708,1,160,62,98,20.08,144,49,95,22.89,147544,43520,540864,136984,2,0,51,5,0,250421-090014_Run_677_Idx_61664,1700,0,5e-05,20000000,2950880.0,870400.0,10817280.0,2739680.0,0.6125,0.6597222222222222
709,1,160,48,112,24.2,144,60,84,18.1,226560,70016,354072,121104,2,0,51,5,0,250421-094355_Run_1353_Idx_91935,3390,0,5e-05,20000000,4531200.0,1400320.0,7081440.0,2422080.0,0.7,0.5833333333333334
710,1,160,48,112,26.3,144,48,96,24.0,226560,70016,575616,145536,2,0,51,5,0,250421-092522_Run_705_Idx_82062,1770,0,5e-05,20000000,4531200.0,1400320.0,11512320.0,2910720.0,0.7,0.6666666666666666
711,1,160,48,112,26.3,144,48,96,27.0,226560,70016,645120,215040,2,0,51,5,0,250421-090709_Run_177_Idx_39758,450,0,5e-05,20000000,4531200.0,1400320.0,12902400.0,4300800.0,0.7,0.6666666666666666
712,1,160,48,112,26.3,144,48,96,27.0,226560,70016,645120,215040,2,0,51,5,0,250421-085238_Run_29_Idx_13251,80,0,5e-05,20000000,4531200.0,1400320.0,12902400.0,4300800.0,0.7,0.6666666666666666
713,1,160,53,107,20.85,81,30,51,17.48,690912,176224,524048,141920,4,0,51,5,0,250421-094459_Run_1646_Idx_35340,4120,0,5e-05,20000000,13818240.0,3524480.0,10480960.0,2838400.0,0.66875,0.6296296296296297
714,1,145,47,98,26.09,45,15,30,27.0,2165152,707728,1099368,366456,7,0,51,5,0,250421-092548_Run_111_Idx_5328,280,0,5e-05,20000000,43303040.0,14154560.0,21987360.0,7329120.0,0.6758620689655173,0.6666666666666666
715,1,80,25,55,24.84,18,6,12,24.0,2202208,689936,609232,241456,14,0,51,5,0,250421-093913_Run_1072_Idx_89663,2680,0,5e-05,20000000,44044160.0,13798720.0,12184640.0,4829120.0,0.6875,0.6666666666666666
716,1,160,48,112,26.3,144,48,96,24.11,226560,70016,372736,146944,2,0,51,5,0,250421-090048_Run_437_Idx_25592,1100,0,5e-05,20000000,4531200.0,1400320.0,7454720.0,2938880.0,0.7,0.6666666666666666
717,1,160,59,101,23.6,144,48,96,27.0,176712,62680,645120,215040,2,0,51,5,0,250421-093725_Run_1141_Idx_85523,2860,0,5e-05,20000000,3534240.0,1253600.0,12902400.0,4300800.0,0.63125,0.6666666666666666
718,1,80,25,55,22.88,18,6,12,21.22,2005360,552336,609232,241456,14,0,51,5,0,250421-094816_Run_1756_Idx_66277,4390,0,5e-05,20000000,40107200.0,11046720.0,12184640.0,4829120.0,0.6875,0.6666666666666666
719,1,80,25,55,22.14,18,6,12,24.0,2102816,532264,954640,241456,14,0,51,5,0,250421-095752_Run_1936_Idx_47249,4840,0,5e-05,20000000,42056320.0,10645280.0,19092800.0,4829120.0,0.6875,0.6666666666666666
720,1,160,48,112,25.4,144,48,96,24.0,219904,68352,536520,145536,2,0,51,5,0,250421-090622_Run_537_Idx_81871,1350,0,5e-05,20000000,4398080.0,1367040.0,10730400.0,2910720.0,0.7,0.6666666666666666
721,1,80,25,55,21.11,18,6,12,21.0,1869088,473832,494096,126320,14,0,51,5,0,250421-092514_Run_944_Idx_65229,2360,0,5e-05,20000000,37381760.0,9476640.0,9881920.0,2526400.0,0.6875,0.6666666666666666
722,1,80,26,54,18.26,18,6,12,12.78,1632096,416384,494096,126320,14,0,51,5,0,250421-085816_Run_1040_Idx_76244,2600,0,5e-05,20000000,32641920.0,8327680.0,9881920.0,2526400.0,0.675,0.6666666666666666
723,1,160,62,98,23.6,144,48,96,27.0,197616,67696,645120,215040,2,0,51,5,0,250421-090301_Run_905_Idx_52545,2270,0,5e-05,20000000,3952320.0,1353920.0,12902400.0,4300800.0,0.6125,0.6666666666666666
724,1,160,57,103,23.42,81,27,54,23.67,743064,229208,706952,202184,4,0,51,5,0,250421-090940_Run_882_Idx_2026,2210,0,5e-05,20000000,14861280.0,4584160.0,14139040.0,4043680.0,0.64375,0.6666666666666666
725,1,145,45,100,26.17,45,15,30,27.0,2120832,673632,1099368,366456,7,0,51,5,0,250421-085018_Run_75_Idx_61030,190,0,5e-05,20000000,42416640.0,13472640.0,21987360.0,7329120.0,0.6896551724137931,0.6666666666666666
726,1,160,48,112,26.0,144,48,96,27.0,212224,66432,645120,215040,2,0,51,5,0,250421-091003_Run_285_Idx_1990,720,0,5e-05,20000000,4244480.0,1328640.0,12902400.0,4300800.0,0.7,0.6666666666666666
727,1,160,48,112,25.4,144,48,96,24.0,219904,68352,536520,145536,2,0,51,5,0,250421-090730_Run_533_Idx_81871,1340,0,5e-05,20000000,4398080.0,1367040.0,10730400.0,2910720.0,0.7,0.6666666666666666
728,1,160,48,112,26.2,144,48,96,27.0,219904,68352,645120,215040,2,0,51,5,0,250421-094024_Run_1425_Idx_7420,3570,0,5e-05,20000000,4398080.0,1367040.0,12902400.0,4300800.0,0.7,0.6666666666666666
729,1,160,48,112,26.3,144,48,96,27.0,226560,70016,645120,215040,2,0,51,5,0,250421-090333_Run_189_Idx_39758,480,0,5e-05,20000000,4531200.0,1400320.0,12902400.0,4300800.0,0.7,0.6666666666666666
730,1,80,25,55,8.98,18,6,12,4.0,660992,171808,33552,11184,14,0,51,5,0,250421-094911_Run_1600_Idx_57146,4000,0,5e-05,20000000,13219840.0,3436160.0,671040.0,223680.0,0.6875,0.6666666666666666
731,1,145,46,99,22.76,45,15,30,27.0,1436032,520360,1099368,366456,7,0,51,5,0,250421-095738_Run_1991_Idx_32731,4980,0,5e-05,20000000,28720640.0,10407200.0,21987360.0,7329120.0,0.6827586206896552,0.6666666666666666
732,1,80,24,56,25.8,18,6,12,27.0,2399416,708056,1069776,356592,14,0,51,5,0,250421-090722_Run_652_Idx_61908,1630,0,5e-05,20000000,47988320.0,14161120.0,21395520.0,7131840.0,0.7,0.6666666666666666
733,1,145,46,99,18.93,45,15,30,12.62,1497472,381640,508528,130120,7,0,51,5,0,250421-095403_Run_1839_Idx_57481,4600,0,5e-05,20000000,29949440.0,7632800.0,10170560.0,2602400.0,0.6827586206896552,0.6666666666666666
734,1,160,60,100,23.6,144,48,96,27.0,181536,64352,645120,215040,2,0,51,5,0,250421-091943_Run_725_Idx_25773,1820,0,5e-05,20000000,3630720.0,1287040.0,12902400.0,4300800.0,0.625,0.6666666666666666
735,1,160,48,112,25.95,81,27,54,24.0,892224,275552,835232,211280,4,0,51,5,0,250421-091138_Run_754_Idx_960,1890,0,5e-05,20000000,17844480.0,5511040.0,16704640.0,4225600.0,0.7,0.6666666666666666
736,1,160,48,112,26.2,144,48,96,24.0,219904,68352,575616,145536,2,0,51,5,0,250421-094247_Run_1297_Idx_5687,3250,0,5e-05,20000000,4398080.0,1367040.0,11512320.0,2910720.0,0.7,0.6666666666666666
737,1,160,59,101,23.6,144,48,96,27.0,192792,62680,645120,215040,2,0,51,5,0,250421-092325_Run_833_Idx_14612,2090,0,5e-05,20000000,3855840.0,1253600.0,12902400.0,4300800.0,0.63125,0.6666666666666666
738,1,80,28,52,24.26,18,8,10,21.0,2181264,693592,839504,245184,14,0,51,5,0,250421-085247_Run_80_Idx_11478,200,0,5e-05,20000000,43625280.0,13871840.0,16790080.0,4903680.0,0.65,0.5555555555555556
739,1,160,48,112,25.95,81,27,54,27.0,865984,268992,935928,311976,4,0,51,5,0,250421-084955_Run_102_Idx_47915,260,0,5e-05,20000000,17319680.0,5379840.0,18718560.0,6239520.0,0.7,0.6666666666666666
740,1,80,26,54,21.69,18,6,12,21.0,1655752,574056,609232,241456,14,0,51,5,0,250421-092406_Run_948_Idx_76244,2370,0,5e-05,20000000,33115040.0,11481120.0,12184640.0,4829120.0,0.675,0.6666666666666666
741,1,145,46,99,25.99,45,15,30,27.0,2165152,689800,1099368,366456,7,0,51,5,0,250421-092524_Run_351_Idx_15193,880,0,5e-05,20000000,43303040.0,13796000.0,21987360.0,7329120.0,0.6827586206896552,0.6666666666666666
742,1,160,55,105,21.01,144,48,96,24.0,175104,44736,575616,145536,2,0,51,5,0,250421-094857_Run_1693_Idx_44266,4240,0,5e-05,20000000,3502080.0,894720.0,11512320.0,2910720.0,0.65625,0.6666666666666666
743,1,160,48,112,25.99,81,27,54,24.0,892224,275552,835232,211280,4,0,51,5,0,250421-085732_Run_210_Idx_34316,530,0,5e-05,20000000,17844480.0,5511040.0,16704640.0,4225600.0,0.7,0.6666666666666666
744,1,80,25,55,24.65,18,6,12,24.0,2300992,650608,954640,241456,14,0,51,5,0,250421-090622_Run_1012_Idx_65229,2530,0,5e-05,20000000,46019840.0,13012160.0,19092800.0,4829120.0,0.6875,0.6666666666666666
745,1,145,46,99,26.28,45,15,30,27.0,2182272,706920,1099368,366456,7,0,51,5,0,250421-092217_Run_123_Idx_57481,310,0,5e-05,20000000,43645440.0,14138400.0,21987360.0,7329120.0,0.6827586206896552,0.6666666666666666
746,1,145,46,99,26.17,45,15,30,27.0,2120832,691560,1099368,366456,7,0,51,5,0,250421-085740_Run_567_Idx_32731,1420,0,5e-05,20000000,42416640.0,13831200.0,21987360.0,7329120.0,0.6827586206896552,0.6666666666666666
747,1,145,45,100,26.28,45,15,30,27.0,2182272,688992,1099368,366456,7,0,51,5,0,250421-091546_Run_739_Idx_95480,1850,0,5e-05,20000000,43645440.0,13779840.0,21987360.0,7329120.0,0.6896551724137931,0.6666666666666666
748,1,160,52,108,20.66,81,28,53,20.48,567288,201288,421240,153496,4,0,51,5,0,250421-094955_Run_1750_Idx_18885,4380,0,5e-05,20000000,11345760.0,4025760.0,8424800.0,3069920.0,0.675,0.654320987654321
749,1,145,46,99,24.57,45,15,30,24.0,2000992,571720,981200,248288,7,0,51,5,0,250421-093305_Run_1511_Idx_32731,3780,0,5e-05,20000000,40019840.0,11434400.0,19624000.0,4965760.0,0.6827586206896552,0.6666666666666666
750,1,160,55,105,23.42,81,27,54,27.0,733616,219344,935928,311976,4,0,51,5,0,250421-093810_Run_1374_Idx_18810,3440,0,5e-05,20000000,14672320.0,4386880.0,18718560.0,6239520.0,0.65625,0.6666666666666666
751,1,80,25,55,25.66,18,6,12,27.0,2281888,709856,1069776,356592,14,0,51,5,0,250421-090248_Run_1024_Idx_65229,2560,0,5e-05,20000000,45637760.0,14197120.0,21395520.0,7131840.0,0.6875,0.6666666666666666
752,1,145,45,100,18.32,45,15,30,24.0,1093632,279872,981200,248288,7,0,51,5,0,250421-094423_Run_1411_Idx_61030,3530,0,5e-05,20000000,21872640.0,5597440.0,19624000.0,4965760.0,0.6896551724137931,0.6666666666666666
753,1,160,64,96,23.3,144,48,96,27.0,186496,67456,645120,215040,2,0,51,5,0,250421-085509_Run_337_Idx_18266,850,0,5e-05,20000000,3729920.0,1349120.0,12902400.0,4300800.0,0.6,0.6666666666666666
754,1,160,48,112,26.3,144,48,96,27.0,226560,70016,645120,215040,2,0,51,5,0,250421-084925_Run_25_Idx_39758,70,0,5e-05,20000000,4531200.0,1400320.0,12902400.0,4300800.0,0.7,0.6666666666666666
755,1,80,26,54,25.96,18,6,12,27.0,2437264,770088,1069776,356592,14,0,51,5,0,250421-085806_Run_208_Idx_13799,520,0,5e-05,20000000,48745280.0,15401760.0,21395520.0,7131840.0,0.675,0.6666666666666666
756,1,80,25,55,22.62,18,6,12,27.0,1585016,545432,1069776,356592,14,0,51,5,0,250421-094020_Run_1188_Idx_57146,2970,0,5e-05,20000000,31700320.0,10908640.0,21395520.0,7131840.0,0.6875,0.6666666666666666
757,1,145,46,99,26.17,45,15,30,27.0,2120832,691560,1099368,366456,7,0,51,5,0,250421-091444_Run_507_Idx_32731,1270,0,5e-05,20000000,42416640.0,13831200.0,21987360.0,7329120.0,0.6827586206896552,0.6666666666666666
758,1,160,48,112,26.2,144,48,96,24.0,219904,68352,575616,145536,2,0,51,5,0,250421-094351_Run_1413_Idx_7420,3540,0,5e-05,20000000,4398080.0,1367040.0,11512320.0,2910720.0,0.7,0.6666666666666666
759,1,160,48,112,25.0,144,48,96,24.0,212224,66432,549552,145536,2,0,51,5,0,250421-091541_Run_265_Idx_1990,670,0,5e-05,20000000,4244480.0,1328640.0,10991040.0,2910720.0,0.7,0.6666666666666666
760,1,160,48,112,26.2,144,48,96,27.0,219904,68352,645120,215040,2,0,51,5,0,250421-094032_Run_1305_Idx_5687,3270,0,5e-05,20000000,4398080.0,1367040.0,12902400.0,4300800.0,0.7,0.6666666666666666
761,1,160,48,112,25.9,81,27,54,24.0,865984,268992,835232,211280,4,0,51,5,0,250421-092953_Run_1462_Idx_78813,3660,0,5e-05,20000000,17319680.0,5379840.0,16704640.0,4225600.0,0.7,0.6666666666666666
762,1,160,58,102,18.29,81,27,54,24.0,452504,122200,835232,211280,4,0,51,5,0,250421-093429_Run_1506_Idx_81044,3770,0,5e-05,20000000,9050080.0,2444000.0,16704640.0,4225600.0,0.6375,0.6666666666666666
763,1,160,48,112,26.0,144,48,96,27.0,212224,66432,645120,215040,2,0,51,5,0,250421-091904_Run_253_Idx_1990,640,0,5e-05,20000000,4244480.0,1328640.0,12902400.0,4300800.0,0.7,0.6666666666666666
764,1,160,48,112,26.3,144,48,96,27.0,226560,70016,645120,215040,2,0,51,5,0,250421-092015_Run_369_Idx_25592,930,0,5e-05,20000000,4531200.0,1400320.0,12902400.0,4300800.0,0.7,0.6666666666666666
765,1,145,46,99,20.85,45,15,30,27.0,1384672,503240,1099368,366456,7,0,51,5,0,250421-095842_Run_1987_Idx_32731,4970,0,5e-05,20000000,27693440.0,10064800.0,21987360.0,7329120.0,0.6827586206896552,0.6666666666666666
766,1,160,48,112,23.0,81,29,52,13.58,830272,260064,230736,105512,4,0,51,5,0,250421-094736_Run_1606_Idx_56365,4020,0,5e-05,20000000,16605440.0,5201280.0,4614720.0,2110240.0,0.7,0.6419753086419753
767,1,145,46,99,26.28,45,15,30,27.0,2182272,706920,1099368,366456,7,0,51,5,0,250421-085601_Run_215_Idx_57481,540,0,5e-05,20000000,43645440.0,14138400.0,21987360.0,7329120.0,0.6827586206896552,0.6666666666666666
768,1,160,48,112,26.3,144,48,96,27.0,226560,70016,645120,215040,2,0,51,5,0,250421-090920_Run_169_Idx_39758,430,0,5e-05,20000000,4531200.0,1400320.0,12902400.0,4300800.0,0.7,0.6666666666666666
769,1,145,45,100,25.29,45,15,30,21.78,2113792,671872,626696,248288,7,0,51,5,0,250421-095256_Run_1739_Idx_10792,4350,0,5e-05,20000000,42275840.0,13437440.0,12533920.0,4965760.0,0.6896551724137931,0.6666666666666666
770,1,160,48,112,26.12,81,27,54,21.67,892224,275552,502992,127776,4,0,51,5,0,250421-095932_Run_1930_Idx_85773,4830,0,5e-05,20000000,17844480.0,5511040.0,10059840.0,2555520.0,0.7,0.6666666666666666
771,1,145,44,101,21.3,45,15,30,15.22,1367552,467384,669648,249168,7,0,51,5,0,250421-095949_Run_1915_Idx_38371,4790,0,5e-05,20000000,27351040.0,9347680.0,13392960.0,4983360.0,0.696551724137931,0.6666666666666666
772,1,145,46,99,24.79,45,15,30,24.0,2062432,587080,981200,248288,7,0,51,5,0,250421-085713_Run_211_Idx_57481,530,0,5e-05,20000000,41248640.0,11741600.0,19624000.0,4965760.0,0.6827586206896552,0.6666666666666666
773,1,160,48,112,26.0,144,48,96,27.0,212224,66432,645120,215040,2,0,51,5,0,250421-092556_Run_229_Idx_1990,580,0,5e-05,20000000,4244480.0,1328640.0,12902400.0,4300800.0,0.7,0.6666666666666666
774,1,80,25,55,23.04,18,6,12,21.0,2026760,572256,494096,126320,14,0,51,5,0,250421-092919_Run_1344_Idx_65229,3360,0,5e-05,20000000,40535200.0,11445120.0,9881920.0,2526400.0,0.6875,0.6666666666666666
775,1,80,25,55,26.04,18,6,12,27.0,2476440,768288,1069776,356592,14,0,51,5,0,250421-090317_Run_904_Idx_47249,2260,0,5e-05,20000000,49528800.0,15365760.0,21395520.0,7131840.0,0.6875,0.6666666666666666
776,1,145,45,100,19.86,45,15,30,15.64,1086592,363712,35856,11952,7,0,51,5,0,250421-095525_Run_1771_Idx_95480,4430,0,5e-05,20000000,21731840.0,7274240.0,717120.0,239040.0,0.6896551724137931,0.6666666666666666
777,1,160,48,112,25.85,81,27,54,24.0,865984,268992,707840,202184,4,0,51,5,0,250421-085635_Run_1046_Idx_47915,2620,0,5e-05,20000000,17319680.0,5379840.0,14156800.0,4043680.0,0.7,0.6666666666666666
778,1,145,46,99,25.99,45,15,30,27.0,2069472,674440,1099368,366456,7,0,51,5,0,250421-091335_Run_511_Idx_32731,1280,0,5e-05,20000000,41389440.0,13488800.0,21987360.0,7329120.0,0.6827586206896552,0.6666666666666666
779,1,160,48,112,24.69,81,34,47,21.33,830272,260064,623336,182376,4,0,51,5,0,250421-091416_Run_270_Idx_25157,680,0,5e-05,20000000,16605440.0,5201280.0,12466720.0,3647520.0,0.7,0.5802469135802469
780,1,145,45,100,24.2,45,15,30,27.0,1436032,502432,1099368,366456,7,0,51,5,0,250421-095115_Run_1655_Idx_61030,4140,0,5e-05,20000000,28720640.0,10048640.0,21987360.0,7329120.0,0.6896551724137931,0.6666666666666666
781,1,160,48,112,26.3,144,48,96,27.0,226560,70016,645120,215040,2,0,51,5,0,250421-091027_Run_165_Idx_39758,420,0,5e-05,20000000,4531200.0,1400320.0,12902400.0,4300800.0,0.7,0.6666666666666666
782,1,80,24,56,24.45,18,6,12,24.0,2261816,648808,954640,241456,14,0,51,5,0,250421-095950_Run_1956_Idx_61908,4890,0,5e-05,20000000,45236320.0,12976160.0,19092800.0,4829120.0,0.7,0.6666666666666666
783,1,80,26,54,25.52,18,6,12,27.0,2420072,750736,1069776,356592,14,0,51,5,0,250421-090851_Run_528_Idx_78572,1320,0,5e-05,20000000,48401440.0,15014720.0,21395520.0,7131840.0,0.675,0.6666666666666666
784,1,80,25,55,22.05,18,6,12,24.0,1298616,473832,609232,241456,14,0,51,5,0,250421-085710_Run_1044_Idx_65229,2610,0,5e-05,20000000,25972320.0,9476640.0,12184640.0,4829120.0,0.6875,0.6666666666666666
785,1,160,48,112,26.12,81,27,54,24.0,892224,275552,835232,211280,4,0,51,5,0,250421-093316_Run_1274_Idx_93338,3190,0,5e-05,20000000,17844480.0,5511040.0,16704640.0,4225600.0,0.7,0.6666666666666666
786,1,160,60,100,18.18,81,30,51,21.07,480184,155912,579968,163456,4,0,51,5,0,250421-094349_Run_1118_Idx_17446,2800,0,5e-05,20000000,9603680.0,3118240.0,11599360.0,3269120.0,0.625,0.6296296296296297
787,1,160,48,112,25.4,144,48,96,24.0,219904,68352,536520,145536,2,0,51,5,0,250421-090121_Run_673_Idx_7420,1690,0,5e-05,20000000,4398080.0,1367040.0,10730400.0,2910720.0,0.7,0.6666666666666666
788,1,160,48,112,26.0,81,27,54,24.0,865984,268992,835232,211280,4,0,51,5,0,250421-090543_Run_658_Idx_78813,1650,0,5e-05,20000000,17319680.0,5379840.0,16704640.0,4225600.0,0.7,0.6666666666666666
789,1,160,48,112,26.2,144,48,96,27.0,219904,68352,645120,215040,2,0,51,5,0,250421-091630_Run_501_Idx_81871,1260,0,5e-05,20000000,4398080.0,1367040.0,12902400.0,4300800.0,0.7,0.6666666666666666
790,1,160,60,100,23.3,81,27,54,27.0,690952,247224,935928,311976,4,0,51,5,0,250421-092713_Run_582_Idx_36013,1460,0,5e-05,20000000,13819040.0,4944480.0,18718560.0,6239520.0,0.625,0.6666666666666666
791,1,160,48,112,25.9,81,27,54,27.0,865984,268992,935928,311976,4,0,51,5,0,250421-093321_Run_1450_Idx_78813,3630,0,5e-05,20000000,17319680.0,5379840.0,18718560.0,6239520.0,0.7,0.6666666666666666
792,1,160,56,104,23.05,81,27,54,27.0,715216,220976,935928,311976,4,0,51,5,0,250421-085526_Run_1050_Idx_40263,2630,0,5e-05,20000000,14304320.0,4419520.0,18718560.0,6239520.0,0.65,0.6666666666666666
793,1,80,24,56,19.51,18,6,12,15.0,1749624,451960,494096,126320,14,0,51,5,0,250421-095847_Run_1960_Idx_61908,4900,0,5e-05,20000000,34992480.0,9039200.0,9881920.0,2526400.0,0.7,0.6666666666666666
794,1,145,45,100,23.26,45,15,30,22.13,1575680,469760,626696,248288,7,0,51,5,0,250421-093412_Run_1447_Idx_61030,3620,0,5e-05,20000000,31513600.0,9395200.0,12533920.0,4965760.0,0.6896551724137931,0.6666666666666666
795,1,160,57,103,20.3,144,58,86,14.95,175240,55752,284568,90424,2,0,51,5,0,250421-094648_Run_1609_Idx_36719,4030,0,5e-05,20000000,3504800.0,1115040.0,5691360.0,1808480.0,0.64375,0.5972222222222222
796,1,160,48,112,26.3,144,48,96,24.0,226560,70016,575616,145536,2,0,51,5,0,250421-093445_Run_1269_Idx_25592,3180,0,5e-05,20000000,4531200.0,1400320.0,11512320.0,2910720.0,0.7,0.6666666666666666
797,1,80,25,55,21.66,18,6,12,18.11,1428312,506256,609232,241456,14,0,51,5,0,250421-093337_Run_1212_Idx_57146,3030,0,5e-05,20000000,28566240.0,10125120.0,12184640.0,4829120.0,0.6875,0.6666666666666666
798,1,160,54,106,15.63,81,27,54,18.4,419448,144928,513768,188744,4,0,51,5,0,250421-095316_Run_1842_Idx_84873,4610,0,5e-05,20000000,8388960.0,2898560.0,10275360.0,3774880.0,0.6625,0.6666666666666666
799,1,145,47,98,23.23,45,15,30,23.07,1446112,502288,853440,275424,7,0,51,5,0,250421-093253_Run_1095_Idx_35805,2740,0,5e-05,20000000,28922240.0,10045760.0,17068800.0,5508480.0,0.6758620689655173,0.6666666666666666
800,1,160,58,102,21.09,144,56,88,18.11,167064,59400,354072,120560,2,0,51,5,0,250421-095014_Run_1749_Idx_21956,4380,0,5e-05,20000000,3341280.0,1188000.0,7081440.0,2411200.0,0.6375,0.6111111111111112
801,1,80,24,56,26.2,18,6,12,27.0,2399416,708056,1069776,356592,14,0,51,5,0,250421-085338_Run_580_Idx_54226,1450,0,5e-05,20000000,47988320.0,14161120.0,21395520.0,7131840.0,0.7,0.6666666666666666
802,1,160,59,101,21.0,144,55,89,19.68,168672,59464,367104,129112,2,0,51,5,0,250421-094944_Run_1629_Idx_22656,4080,0,5e-05,20000000,3373440.0,1189280.0,7342080.0,2582240.0,0.63125,0.6180555555555556
803,1,145,45,100,25.9,45,15,30,27.0,2079552,654752,1099368,366456,7,0,51,5,0,250421-090116_Run_911_Idx_24331,2280,0,5e-05,20000000,41591040.0,13095040.0,21987360.0,7329120.0,0.6896551724137931,0.6666666666666666
804,1,160,48,112,25.81,81,27,54,27.0,830272,260064,935928,311976,4,0,51,5,0,250421-091632_Run_262_Idx_28528,660,0,5e-05,20000000,16605440.0,5201280.0,18718560.0,6239520.0,0.7,0.6666666666666666
805,1,160,48,112,26.0,81,27,54,27.0,865984,268992,935928,311976,4,0,51,5,0,250421-085741_Run_686_Idx_78813,1720,0,5e-05,20000000,17319680.0,5379840.0,18718560.0,6239520.0,0.7,0.6666666666666666
806,1,145,46,99,25.9,45,15,30,27.0,2113792,672680,1099368,366456,7,0,51,5,0,250421-090802_Run_767_Idx_17402,1920,0,5e-05,20000000,42275840.0,13453600.0,21987360.0,7329120.0,0.6827586206896552,0.6666666666666666
807,1,145,46,99,24.48,45,15,30,21.78,1839872,621320,626696,248288,7,0,51,5,0,250421-094928_Run_1691_Idx_57481,4230,0,5e-05,20000000,36797440.0,12426400.0,12533920.0,4965760.0,0.6827586206896552,0.6666666666666666
808,1,160,48,112,25.99,81,27,54,24.0,892224,275552,835232,211280,4,0,51,5,0,250421-092346_Run_118_Idx_34316,300,0,5e-05,20000000,17844480.0,5511040.0,16704640.0,4225600.0,0.7,0.6666666666666666
809,1,80,25,55,21.64,18,6,12,19.22,1465872,456640,609232,241456,14,0,51,5,0,250421-095627_Run_1900_Idx_89663,4750,0,5e-05,20000000,29317440.0,9132800.0,12184640.0,4829120.0,0.6875,0.6666666666666666
810,1,160,48,112,26.0,81,27,54,27.0,865984,268992,935928,311976,4,0,51,5,0,250421-085159_Run_70_Idx_78813,180,0,5e-05,20000000,17319680.0,5379840.0,18718560.0,6239520.0,0.7,0.6666666666666666
811,1,80,26,54,25.54,18,6,12,24.0,2437168,750016,954640,241456,14,0,51,5,0,250421-085310_Run_40_Idx_41760,100,0,5e-05,20000000,48743360.0,15000320.0,19092800.0,4829120.0,0.675,0.6666666666666666
812,1,160,48,112,25.85,81,27,54,27.0,865984,268992,935928,311976,4,0,51,5,0,250421-091720_Run_498_Idx_75070,1250,0,5e-05,20000000,17319680.0,5379840.0,18718560.0,6239520.0,0.7,0.6666666666666666
813,1,145,45,100,24.04,45,15,30,27.0,1839872,517792,1099368,366456,7,0,51,5,0,250421-093752_Run_1375_Idx_24331,3440,0,5e-05,20000000,36797440.0,10355840.0,21987360.0,7329120.0,0.6896551724137931,0.6666666666666666
814,1,160,48,112,25.2,81,27,54,22.35,865984,268992,594656,153152,4,0,51,5,0,250421-085850_Run_682_Idx_78813,1710,0,5e-05,20000000,17319680.0,5379840.0,11893120.0,3063040.0,0.7,0.6666666666666666
815,1,80,25,55,26.04,18,6,12,27.0,2476440,768288,1069776,356592,14,0,51,5,0,250421-093718_Run_1260_Idx_66277,3150,0,5e-05,20000000,49528800.0,15365760.0,21395520.0,7131840.0,0.6875,0.6666666666666666
816,1,80,25,55,26.3,18,6,12,27.0,2476440,768288,1069776,356592,14,0,51,5,0,250421-092200_Run_124_Idx_26496,310,0,5e-05,20000000,49528800.0,15365760.0,21395520.0,7131840.0,0.6875,0.6666666666666666
817,1,145,45,100,21.07,45,15,30,19.47,1130688,349056,626696,248288,7,0,51,5,0,250421-095642_Run_1899_Idx_95480,4750,0,5e-05,20000000,22613760.0,6981120.0,12533920.0,4965760.0,0.6896551724137931,0.6666666666666666
818,1,160,48,112,26.2,144,48,96,27.0,219904,68352,645120,215040,2,0,51,5,0,250421-092652_Run_465_Idx_81871,1170,0,5e-05,20000000,4398080.0,1367040.0,12902400.0,4300800.0,0.7,0.6666666666666666
819,1,80,24,56,26.0,18,6,12,27.0,2399416,708056,1069776,356592,14,0,51,5,0,250421-090350_Run_664_Idx_61908,1660,0,5e-05,20000000,47988320.0,14161120.0,21395520.0,7131840.0,0.7,0.6666666666666666
820,1,145,45,100,24.2,45,15,30,21.11,1779328,537568,510912,132504,7,0,51,5,0,250421-095217_Run_1559_Idx_71006,3900,0,5e-05,20000000,35586560.0,10751360.0,10218240.0,2650080.0,0.6896551724137931,0.6666666666666666
821,1,80,25,55,24.99,18,6,12,27.0,2241744,650608,1069776,356592,14,0,51,5,0,250421-090141_Run_1028_Idx_65229,2570,0,5e-05,20000000,44834880.0,13012160.0,21395520.0,7131840.0,0.6875,0.6666666666666666
822,1,160,58,102,23.38,81,27,54,27.0,657112,230880,935928,311976,4,0,51,5,0,250421-090607_Run_774_Idx_52699,1940,0,5e-05,20000000,13142240.0,4617600.0,18718560.0,6239520.0,0.6375,0.6666666666666666
823,1,160,57,103,21.98,144,48,96,24.0,145936,43200,575616,145536,2,0,51,5,0,250421-094720_Run_1577_Idx_75451,3950,0,5e-05,20000000,2918720.0,864000.0,11512320.0,2910720.0,0.64375,0.6666666666666666
824,1,160,57,103,20.48,144,48,96,22.5,142944,40040,436608,110784,2,0,51,5,0,250421-095155_Run_1529_Idx_94514,3830,0,5e-05,20000000,2858880.0,800800.0,8732160.0,2215680.0,0.64375,0.6666666666666666
825,1,160,59,101,22.9,144,61,83,19.4,192792,62680,388824,125584,2,0,51,5,0,250421-093538_Run_1085_Idx_87102,2720,0,5e-05,20000000,3855840.0,1253600.0,7776480.0,2511680.0,0.63125,0.5763888888888888
826,1,145,45,100,26.28,45,15,30,27.0,2182272,688992,1099368,366456,7,0,51,5,0,250421-085035_Run_87_Idx_95480,220,0,5e-05,20000000,43645440.0,13779840.0,21987360.0,7329120.0,0.6896551724137931,0.6666666666666666
827,1,80,25,55,23.78,18,6,12,21.0,2076168,623784,494096,126320,14,0,51,5,0,250421-092907_Run_1228_Idx_57146,3070,0,5e-05,20000000,41523360.0,12475680.0,9881920.0,2526400.0,0.6875,0.6666666666666666
828,1,80,25,55,26.12,18,6,12,27.0,2476440,768288,1069776,356592,14,0,51,5,0,250421-085950_Run_916_Idx_47249,2290,0,5e-05,20000000,49528800.0,15365760.0,21395520.0,7131840.0,0.6875,0.6666666666666666
829,1,160,48,112,25.95,81,27,54,27.0,865984,268992,935928,311976,4,0,51,5,0,250421-094223_Run_1418_Idx_78813,3550,0,5e-05,20000000,17319680.0,5379840.0,18718560.0,6239520.0,0.7,0.6666666666666666
830,1,160,60,100,23.6,144,48,96,27.0,194400,64352,645120,215040,2,0,51,5,0,250421-085607_Run_929_Idx_91935,2330,0,5e-05,20000000,3888000.0,1287040.0,12902400.0,4300800.0,0.625,0.6666666666666666
831,1,145,46,99,26.06,45,15,30,27.0,2120832,691560,1099368,366456,7,0,51,5,0,250421-091703_Run_499_Idx_32731,1250,0,5e-05,20000000,42416640.0,13831200.0,21987360.0,7329120.0,0.6827586206896552,0.6666666666666666
832,1,80,25,55,26.21,18,6,12,27.0,2476440,768288,1069776,356592,14,0,51,5,0,250421-095806_Run_1976_Idx_66277,4940,0,5e-05,20000000,49528800.0,15365760.0,21395520.0,7131840.0,0.6875,0.6666666666666666
833,1,145,47,98,24.48,45,15,30,27.0,1823232,566608,1099368,366456,7,0,51,5,0,250421-094144_Run_1183_Idx_40177,2960,0,5e-05,20000000,36464640.0,11332160.0,21987360.0,7329120.0,0.6758620689655173,0.6666666666666666
834,1,160,56,104,18.19,81,27,54,20.78,394368,103216,440768,112664,4,0,51,5,0,250421-095135_Run_1622_Idx_35340,4060,0,5e-05,20000000,7887360.0,2064320.0,8815360.0,2253280.0,0.65,0.6666666666666666
835,1,160,48,112,25.81,81,27,54,24.0,830272,260064,835232,211280,4,0,51,5,0,250421-091738_Run_258_Idx_28528,650,0,5e-05,20000000,16605440.0,5201280.0,16704640.0,4225600.0,0.7,0.6666666666666666
836,1,80,24,56,25.32,18,6,12,24.0,2379344,687984,954640,241456,14,0,51,5,0,250421-091834_Run_612_Idx_61908,1530,0,5e-05,20000000,47586880.0,13759680.0,19092800.0,4829120.0,0.7,0.6666666666666666
837,1,160,48,112,25.25,81,30,51,22.0,865984,268992,518296,163456,4,0,51,5,0,250421-090210_Run_670_Idx_16983,1680,0,5e-05,20000000,17319680.0,5379840.0,10365920.0,3269120.0,0.7,0.6296296296296297
838,1,80,25,55,24.02,18,6,12,21.0,1888192,611432,609232,241456,14,0,51,5,0,250421-094949_Run_1568_Idx_65229,3920,0,5e-05,20000000,37763840.0,12228640.0,12184640.0,4829120.0,0.6875,0.6666666666666666
839,1,80,24,56,22.94,18,6,12,24.0,2143320,550384,954640,241456,14,0,51,5,0,250421-094620_Run_1672_Idx_61908,4180,0,5e-05,20000000,42866400.0,11007680.0,19092800.0,4829120.0,0.7,0.6666666666666666
840,1,80,24,56,25.32,18,6,12,24.0,2379344,687984,954640,241456,14,0,51,5,0,250421-090508_Run_660_Idx_61908,1650,0,5e-05,20000000,47586880.0,13759680.0,19092800.0,4829120.0,0.7,0.6666666666666666
841,1,160,60,100,23.6,144,48,96,27.0,181536,64352,645120,215040,2,0,51,5,0,250421-091858_Run_849_Idx_91935,2130,0,5e-05,20000000,3630720.0,1287040.0,12902400.0,4300800.0,0.625,0.6666666666666666
842,1,80,28,52,24.31,18,6,12,27.0,2017792,668360,1069776,356592,14,0,51,5,0,250421-085414_Run_340_Idx_46156,850,0,5e-05,20000000,40355840.0,13367200.0,21395520.0,7131840.0,0.65,0.6666666666666666
843,1,160,48,112,26.3,144,48,96,27.0,226560,70016,645120,215040,2,0,51,5,0,250421-085453_Run_457_Idx_25592,1150,0,5e-05,20000000,4531200.0,1400320.0,12902400.0,4300800.0,0.7,0.6666666666666666
844,1,145,45,100,24.6,45,15,30,24.0,2011072,586272,981200,248288,7,0,51,5,0,250421-095019_Run_1535_Idx_95480,3840,0,5e-05,20000000,40221440.0,11725440.0,19624000.0,4965760.0,0.6896551724137931,0.6666666666666666
845,1,145,45,100,26.28,45,15,30,27.0,2182272,688992,1099368,366456,7,0,51,5,0,250421-092414_Run_355_Idx_10792,890,0,5e-05,20000000,43645440.0,13779840.0,21987360.0,7329120.0,0.6896551724137931,0.6666666666666666
846,1,160,48,112,26.3,144,48,96,27.0,226560,70016,645120,215040,2,0,51,5,0,250421-090746_Run_889_Idx_13251,2230,0,5e-05,20000000,4531200.0,1400320.0,12902400.0,4300800.0,0.7,0.6666666666666666
847,1,80,25,55,21.56,18,6,12,21.0,1495104,513160,609232,241456,14,0,51,5,0,250421-095407_Run_1776_Idx_89663,4440,0,5e-05,20000000,29902080.0,10263200.0,12184640.0,4829120.0,0.6875,0.6666666666666666
848,1,160,60,100,23.6,144,48,96,27.0,181536,64352,645120,215040,2,0,51,5,0,250421-090532_Run_897_Idx_91935,2250,0,5e-05,20000000,3630720.0,1287040.0,12902400.0,4300800.0,0.625,0.6666666666666666
849,1,160,48,112,25.95,81,27,54,27.0,865984,268992,935928,311976,4,0,51,5,0,250421-091936_Run_490_Idx_75070,1230,0,5e-05,20000000,17319680.0,5379840.0,18718560.0,6239520.0,0.7,0.6666666666666666
850,1,80,25,55,24.34,18,6,12,27.0,2124216,611432,1069776,356592,14,0,51,5,0,250421-093722_Run_1316_Idx_65229,3290,0,5e-05,20000000,42484320.0,12228640.0,21395520.0,7131840.0,0.6875,0.6666666666666666
851,1,160,58,102,23.42,81,27,54,27.0,750904,237400,935928,311976,4,0,51,5,0,250421-092307_Run_834_Idx_24543,2090,0,5e-05,20000000,15018080.0,4748000.0,18718560.0,6239520.0,0.6375,0.6666666666666666
852,1,145,46,99,23.39,45,15,30,21.0,1840352,531560,508528,130120,7,0,51,5,0,250421-092924_Run_1227_Idx_72713,3070,0,5e-05,20000000,36807040.0,10631200.0,10170560.0,2602400.0,0.6827586206896552,0.6666666666666666
853,1,160,48,112,25.75,81,27,54,27.0,865984,268992,935928,311976,4,0,51,5,0,250421-094014_Run_1306_Idx_47915,3270,0,5e-05,20000000,17319680.0,5379840.0,18718560.0,6239520.0,0.7,0.6666666666666666
854,1,160,48,112,26.12,81,28,53,21.35,892224,275552,567824,185128,4,0,51,5,0,250421-093057_Run_1282_Idx_64251,3210,0,5e-05,20000000,17844480.0,5511040.0,11356480.0,3702560.0,0.7,0.654320987654321
855,1,145,46,99,21.46,45,16,29,18.04,1583552,480200,512112,145032,7,0,51,5,0,250421-093607_Run_1203_Idx_40177,3010,0,5e-05,20000000,31671040.0,9604000.0,10242240.0,2900640.0,0.6827586206896552,0.6444444444444445
856,1,80,26,54,25.02,18,6,12,27.0,2358816,710840,1069776,356592,14,0,51,5,0,250421-090208_Run_908_Idx_29372,2270,0,5e-05,20000000,47176320.0,14216800.0,21395520.0,7131840.0,0.675,0.6666666666666666
857,1,80,26,54,24.56,18,6,12,21.33,2437264,770088,551664,183888,14,0,51,5,0,250421-091016_Run_404_Idx_41760,1010,0,5e-05,20000000,48745280.0,15401760.0,11033280.0,3677760.0,0.675,0.6666666666666666
858,1,160,54,106,23.2,81,27,54,27.0,555488,198072,935928,311976,4,0,51,5,0,250421-095133_Run_1654_Idx_95154,4140,0,5e-05,20000000,11109760.0,3961440.0,18718560.0,6239520.0,0.6625,0.6666666666666666
859,1,145,45,100,26.28,45,15,30,27.0,2182272,688992,1099368,366456,7,0,51,5,0,250421-091438_Run_743_Idx_95480,1860,0,5e-05,20000000,43645440.0,13779840.0,21987360.0,7329120.0,0.6896551724137931,0.6666666666666666
860,1,80,25,55,24.61,18,6,12,27.0,1769336,591512,1069776,356592,14,0,51,5,0,250421-095937_Run_1944_Idx_26496,4860,0,5e-05,20000000,35386720.0,11830240.0,21395520.0,7131840.0,0.6875,0.6666666666666666
861,1,145,46,99,25.27,45,15,30,24.0,2103712,674440,930840,275424,7,0,51,5,0,250421-090547_Run_539_Idx_32731,1350,0,5e-05,20000000,42074240.0,13488800.0,18616800.0,5508480.0,0.6827586206896552,0.6666666666666666
862,1,160,57,103,20.89,144,48,96,24.0,168448,43200,575616,145536,2,0,51,5,0,250421-091927_Run_965_Idx_75451,2420,0,5e-05,20000000,3368960.0,864000.0,11512320.0,2910720.0,0.64375,0.6666666666666666
863,1,80,25,55,25.2,18,6,12,27.0,2318768,669864,1069776,356592,14,0,51,5,0,250421-094437_Run_1708_Idx_26496,4270,0,5e-05,20000000,46375360.0,13397280.0,21395520.0,7131840.0,0.6875,0.6666666666666666
864,1,80,25,55,26.21,18,6,12,27.0,2476440,768288,1069776,356592,14,0,51,5,0,250421-090103_Run_436_Idx_66277,1090,0,5e-05,20000000,49528800.0,15365760.0,21395520.0,7131840.0,0.6875,0.6666666666666666
865,1,160,48,112,26.3,144,48,96,27.0,226560,70016,645120,215040,2,0,51,5,0,250421-092625_Run_109_Idx_39758,280,0,5e-05,20000000,4531200.0,1400320.0,12902400.0,4300800.0,0.7,0.6666666666666666
866,1,145,46,99,26.28,45,15,30,27.0,2182272,706920,1099368,366456,7,0,51,5,0,250421-091530_Run_147_Idx_57481,370,0,5e-05,20000000,43645440.0,14138400.0,21987360.0,7329120.0,0.6827586206896552,0.6666666666666666
867,1,160,48,112,25.95,81,27,54,27.0,865984,268992,935928,311976,4,0,51,5,0,250421-091801_Run_614_Idx_78813,1540,0,5e-05,20000000,17319680.0,5379840.0,18718560.0,6239520.0,0.7,0.6666666666666666
868,1,160,48,112,25.99,81,27,54,27.0,892224,275552,935928,311976,4,0,51,5,0,250421-091547_Run_146_Idx_34316,370,0,5e-05,20000000,17844480.0,5511040.0,18718560.0,6239520.0,0.7,0.6666666666666666
869,1,145,46,99,24.79,45,15,30,24.0,2062432,587080,981200,248288,7,0,51,5,0,250421-095510_Run_1835_Idx_57481,4590,0,5e-05,20000000,41248640.0,11741600.0,19624000.0,4965760.0,0.6827586206896552,0.6666666666666666
870,1,160,56,104,23.34,81,27,54,27.0,641808,227536,935928,311976,4,0,51,5,0,250421-092722_Run_1114_Idx_42754,2790,0,5e-05,20000000,12836160.0,4550720.0,18718560.0,6239520.0,0.65,0.6666666666666666
871,1,145,45,100,26.17,45,15,30,27.0,2120832,673632,1099368,366456,7,0,51,5,0,250421-085254_Run_67_Idx_61030,170,0,5e-05,20000000,42416640.0,13472640.0,21987360.0,7329120.0,0.6896551724137931,0.6666666666666666
872,1,160,48,112,25.95,81,27,54,27.0,865984,268992,935928,311976,4,0,51,5,0,250421-094555_Run_1582_Idx_47915,3960,0,5e-05,20000000,17319680.0,5379840.0,18718560.0,6239520.0,0.7,0.6666666666666666
873,1,160,48,112,25.42,81,27,54,20.67,892224,275552,379280,96848,4,0,51,5,0,250421-095447_Run_1882_Idx_93338,4710,0,5e-05,20000000,17844480.0,5511040.0,7585600.0,1936960.0,0.7,0.6666666666666666
874,1,80,25,55,19.36,18,6,12,12.44,1787472,473016,33552,11184,14,0,51,5,0,250421-095310_Run_1888_Idx_66277,4720,0,5e-05,20000000,35749440.0,9460320.0,671040.0,223680.0,0.6875,0.6666666666666666
875,1,145,47,98,23.81,45,15,30,22.91,1690272,537648,636232,250672,7,0,51,5,0,250421-093214_Run_1159_Idx_5328,2900,0,5e-05,20000000,33805440.0,10752960.0,12724640.0,5013440.0,0.6758620689655173,0.6666666666666666
876,1,160,67,93,18.46,144,54,90,21.17,118824,42288,393168,120288,2,0,51,5,0,250421-092909_Run_1405_Idx_6758,3520,0,5e-05,20000000,2376480.0,845760.0,7863360.0,2405760.0,0.58125,0.625
877,1,160,48,112,25.75,81,27,54,27.0,865984,268992,935928,311976,4,0,51,5,0,250421-094919_Run_1662_Idx_78813,4160,0,5e-05,20000000,17319680.0,5379840.0,18718560.0,6239520.0,0.7,0.6666666666666666
878,1,160,48,112,26.3,144,48,96,27.0,226560,70016,645120,215040,2,0,51,5,0,250421-085859_Run_205_Idx_39758,520,0,5e-05,20000000,4531200.0,1400320.0,12902400.0,4300800.0,0.7,0.6666666666666666
879,1,145,45,100,25.9,45,15,30,27.0,2079552,654752,1099368,366456,7,0,51,5,0,250421-093642_Run_1379_Idx_24331,3450,0,5e-05,20000000,41591040.0,13095040.0,21987360.0,7329120.0,0.6896551724137931,0.6666666666666666
880,1,160,59,101,23.5,144,48,96,27.0,186136,61016,645120,215040,2,0,51,5,0,250421-085545_Run_1049_Idx_61170,2630,0,5e-05,20000000,3722720.0,1220320.0,12902400.0,4300800.0,0.63125,0.6666666666666666
881,1,80,25,55,20.0,18,6,12,21.22,1258112,453912,609232,241456,14,0,51,5,0,250421-095227_Run_1680_Idx_26496,4200,0,5e-05,20000000,25162240.0,9078240.0,12184640.0,4829120.0,0.6875,0.6666666666666666
882,1,145,45,100,25.1,45,15,30,24.0,2052352,656512,626696,248288,7,0,51,5,0,250421-092828_Run_1347_Idx_71006,3370,0,5e-05,20000000,41047040.0,13130240.0,12533920.0,4965760.0,0.6896551724137931,0.6666666666666666
883,1,80,24,56,21.52,18,6,12,13.33,1868120,550384,33552,11184,14,0,51,5,0,250421-100028_Run_2000_Idx_54226,5000,0,5e-05,20000000,37362400.0,11007680.0,671040.0,223680.0,0.7,0.6666666666666666
884,1,160,48,112,24.2,81,32,49,16.1,892224,275552,424032,137440,4,0,51,5,0,250421-085813_Run_802_Idx_88860,2010,0,5e-05,20000000,17844480.0,5511040.0,8480640.0,2748800.0,0.7,0.6049382716049383
885,1,145,47,98,25.78,45,15,30,27.0,2011552,669328,1099368,366456,7,0,51,5,0,250421-090501_Run_303_Idx_40177,760,0,5e-05,20000000,40231040.0,13386560.0,21987360.0,7329120.0,0.6758620689655173,0.6666666666666666
886,1,145,46,99,26.28,45,15,30,27.0,2182272,706920,1099368,366456,7,0,51,5,0,250421-090846_Run_171_Idx_57481,430,0,5e-05,20000000,43645440.0,14138400.0,21987360.0,7329120.0,0.6827586206896552,0.6666666666666666
887,1,145,47,98,23.3,45,15,30,24.0,1702912,502288,799168,261856,7,0,51,5,0,250421-094228_Run_1123_Idx_5328,2810,0,5e-05,20000000,34058240.0,10045760.0,15983360.0,5237120.0,0.6758620689655173,0.6666666666666666
888,1,160,59,101,23.38,81,27,54,27.0,679768,239072,935928,311976,4,0,51,5,0,250421-091924_Run_726_Idx_16297,1820,0,5e-05,20000000,13595360.0,4781440.0,18718560.0,6239520.0,0.63125,0.6666666666666666
889,1,145,46,99,26.28,45,15,30,27.0,2182272,706920,1099368,366456,7,0,51,5,0,250421-085013_Run_23_Idx_57481,60,0,5e-05,20000000,43645440.0,14138400.0,21987360.0,7329120.0,0.6827586206896552,0.6666666666666666
890,1,160,50,110,20.88,81,27,54,24.0,690912,175456,835232,211280,4,0,51,5,0,250421-095826_Run_1934_Idx_3531,4840,0,5e-05,20000000,13818240.0,3509120.0,16704640.0,4225600.0,0.6875,0.6666666666666666
891,1,160,48,112,26.2,144,48,96,24.0,219904,68352,575616,145536,2,0,51,5,0,250421-091237_Run_633_Idx_7420,1590,0,5e-05,20000000,4398080.0,1367040.0,11512320.0,2910720.0,0.7,0.6666666666666666
892,1,160,48,112,26.2,144,48,96,27.0,219904,68352,645120,215040,2,0,51,5,0,250421-095434_Run_1853_Idx_7420,4640,0,5e-05,20000000,4398080.0,1367040.0,12902400.0,4300800.0,0.7,0.6666666666666666
893,1,160,50,110,17.28,81,27,54,16.48,447264,154288,103552,61760,4,0,51,5,0,250421-095903_Run_1890_Idx_48395,4730,0,5e-05,20000000,8945280.0,3085760.0,2071040.0,1235200.0,0.6875,0.6666666666666666
894,1,160,48,112,25.6,144,48,96,22.31,226560,70016,419232,106440,2,0,51,5,0,250421-093645_Run_1081_Idx_82062,2710,0,5e-05,20000000,4531200.0,1400320.0,8384640.0,2128800.0,0.7,0.6666666666666666
895,1,80,24,56,24.11,18,6,12,27.0,1692312,531280,1069776,356592,14,0,51,5,0,250421-095059_Run_1656_Idx_61908,4140,0,5e-05,20000000,33846240.0,10625600.0,21395520.0,7131840.0,0.7,0.6666666666666666
896,1,160,48,112,25.81,81,27,54,27.0,830272,260064,935928,311976,4,0,51,5,0,250421-085015_Run_10_Idx_28528,30,0,5e-05,20000000,16605440.0,5201280.0,18718560.0,6239520.0,0.7,0.6666666666666666
897,1,160,59,101,21.7,81,31,50,21.0,732792,239032,521232,158840,4,0,51,5,0,250421-092224_Run_954_Idx_94349,2390,0,5e-05,20000000,14655840.0,4780640.0,10424640.0,3176800.0,0.63125,0.6172839506172839
898,1,145,46,99,26.28,45,15,30,27.0,2182272,706920,1099368,366456,7,0,51,5,0,250421-090411_Run_187_Idx_57481,470,0,5e-05,20000000,43645440.0,14138400.0,21987360.0,7329120.0,0.6827586206896552,0.6666666666666666
899,1,160,56,104,19.26,81,29,52,20.36,538928,196080,465720,167072,4,0,51,5,0,250421-093306_Run_1214_Idx_63012,3040,0,5e-05,20000000,10778560.0,3921600.0,9314400.0,3341440.0,0.65,0.6419753086419753
900,1,160,61,99,20.84,144,48,96,24.0,155584,43456,484392,145536,2,0,51,5,0,250421-085802_Run_1041_Idx_1953,2610,0,5e-05,20000000,3111680.0,869120.0,9687840.0,2910720.0,0.61875,0.6666666666666666
901,1,80,25,55,25.52,18,6,12,21.22,2301864,690656,609232,241456,14,0,51,5,0,250421-085831_Run_564_Idx_73672,1410,0,5e-05,20000000,46037280.0,13813120.0,12184640.0,4829120.0,0.6875,0.6666666666666666
902,1,160,48,112,26.2,144,48,96,27.0,219904,68352,645120,215040,2,0,51,5,0,250421-085552_Run_573_Idx_81871,1440,0,5e-05,20000000,4398080.0,1367040.0,12902400.0,4300800.0,0.7,0.6666666666666666
903,1,160,57,103,23.25,81,27,54,27.0,716824,222648,935928,311976,4,0,51,5,0,250421-091547_Run_978_Idx_90426,2450,0,5e-05,20000000,14336480.0,4452960.0,18718560.0,6239520.0,0.64375,0.6666666666666666
904,1,80,25,55,25.88,18,6,12,27.0,2358912,729112,1069776,356592,14,0,51,5,0,250421-095725_Run_1952_Idx_26496,4880,0,5e-05,20000000,47178240.0,14582240.0,21395520.0,7131840.0,0.6875,0.6666666666666666
905,1,160,55,105,20.94,81,27,54,24.0,513608,170408,667520,202184,4,0,51,5,0,250421-094328_Run_1238_Idx_76005,3100,0,5e-05,20000000,10272160.0,3408160.0,13350400.0,4043680.0,0.65625,0.6666666666666666
906,1,160,48,112,25.81,81,27,54,27.0,830272,260064,935928,311976,4,0,51,5,0,250421-085600_Run_334_Idx_28528,840,0,5e-05,20000000,16605440.0,5201280.0,18718560.0,6239520.0,0.7,0.6666666666666666
907,1,160,53,107,23.2,81,27,54,27.0,691984,196400,935928,311976,4,0,51,5,0,250421-095027_Run_1658_Idx_39377,4150,0,5e-05,20000000,13839680.0,3928000.0,18718560.0,6239520.0,0.66875,0.6666666666666666
908,1,160,56,104,16.79,81,27,54,19.33,401048,129624,484912,127776,4,0,51,5,0,250421-095234_Run_1650_Idx_40966,4130,0,5e-05,20000000,8020960.0,2592480.0,9698240.0,2555520.0,0.65,0.6666666666666666
909,1,160,52,108,22.74,81,27,54,21.72,654664,185800,536192,202184,4,0,51,5,0,250421-095530_Run_1802_Idx_45178,4510,0,5e-05,20000000,13093280.0,3716000.0,10723840.0,4043680.0,0.675,0.6666666666666666
910,1,160,48,112,26.0,144,48,96,27.0,212224,66432,645120,215040,2,0,51,5,0,250421-085308_Run_1_Idx_1990,10,0,5e-05,20000000,4244480.0,1328640.0,12902400.0,4300800.0,0.7,0.6666666666666666
911,1,80,25,55,25.88,18,6,12,27.0,2358912,729112,1069776,356592,14,0,51,5,0,250421-094852_Run_1540_Idx_89663,3850,0,5e-05,20000000,47178240.0,14582240.0,21395520.0,7131840.0,0.6875,0.6666666666666666
912,1,160,48,112,26.3,144,48,96,27.0,226560,70016,645120,215040,2,0,51,5,0,250421-093244_Run_1393_Idx_13251,3490,0,5e-05,20000000,4531200.0,1400320.0,12902400.0,4300800.0,0.7,0.6666666666666666
913,1,160,48,112,25.95,81,27,54,24.0,892224,275552,835232,211280,4,0,51,5,0,250421-094308_Run_1058_Idx_960,2650,0,5e-05,20000000,17844480.0,5511040.0,16704640.0,4225600.0,0.7,0.6666666666666666
914,1,145,45,100,21.5,45,15,30,15.98,1583072,466432,626696,248288,7,0,51,5,0,250421-093148_Run_1279_Idx_10792,3200,0,5e-05,20000000,31661440.0,9328640.0,12533920.0,4965760.0,0.6896551724137931,0.6666666666666666
915,1,160,48,112,23.94,81,34,47,18.37,830272,260064,444480,133960,4,0,51,5,0,250421-093731_Run_1198_Idx_25157,3000,0,5e-05,20000000,16605440.0,5201280.0,8889600.0,2679200.0,0.7,0.5802469135802469
916,1,160,56,104,20.9,144,48,96,24.0,168448,43136,575616,145536,2,0,51,5,0,250421-095504_Run_1789_Idx_79507,4480,0,5e-05,20000000,3368960.0,862720.0,11512320.0,2910720.0,0.65,0.6666666666666666
917,1,145,46,99,25.88,45,15,30,27.0,2069472,674440,1099368,366456,7,0,51,5,0,250421-095224_Run_1711_Idx_32731,4280,0,5e-05,20000000,41389440.0,13488800.0,21987360.0,7329120.0,0.6827586206896552,0.6666666666666666
918,1,160,48,112,26.3,144,48,96,27.0,226560,70016,645120,215040,2,0,51,5,0,250421-092123_Run_365_Idx_25592,920,0,5e-05,20000000,4531200.0,1400320.0,12902400.0,4300800.0,0.7,0.6666666666666666
919,1,160,54,106,17.6,81,29,52,15.53,629824,161088,318064,83272,4,0,51,5,0,250421-095736_Run_1910_Idx_55670,4780,0,5e-05,20000000,12596480.0,3221760.0,6361280.0,1665440.0,0.6625,0.6419753086419753
920,1,80,25,55,22.65,18,6,12,27.0,1585016,545432,1069776,356592,14,0,51,5,0,250421-093912_Run_1192_Idx_57146,2980,0,5e-05,20000000,31700320.0,10908640.0,21395520.0,7131840.0,0.6875,0.6666666666666666
921,1,145,45,100,22.86,45,15,30,22.33,1572992,468192,720400,261856,7,0,51,5,0,250421-095505_Run_1851_Idx_61030,4630,0,5e-05,20000000,31459840.0,9363840.0,14408000.0,5237120.0,0.6896551724137931,0.6666666666666666
922,1,160,60,100,22.9,144,48,96,24.0,194400,64352,497424,145536,2,0,51,5,0,250421-093858_Run_1073_Idx_25773,2690,0,5e-05,20000000,3888000.0,1287040.0,9948480.0,2910720.0,0.625,0.6666666666666666
923,1,160,55,105,22.72,81,27,54,22.94,604384,212824,631136,193088,4,0,51,5,0,250421-093310_Run_1094_Idx_86340,2740,0,5e-05,20000000,12087680.0,4256480.0,12622720.0,3861760.0,0.65625,0.6666666666666666
924,1,160,48,112,26.2,144,48,96,24.0,219904,68352,575616,145536,2,0,51,5,0,250421-090716_Run_1009_Idx_5687,2530,0,5e-05,20000000,4398080.0,1367040.0,11512320.0,2910720.0,0.7,0.6666666666666666
925,1,160,48,112,26.2,144,61,83,21.12,219904,68352,480048,147304,2,0,51,5,0,250421-091130_Run_637_Idx_72046,1600,0,5e-05,20000000,4398080.0,1367040.0,9600960.0,2946080.0,0.7,0.5763888888888888
926,1,80,25,55,26.0,18,6,12,27.0,2292120,722208,1069776,356592,14,0,51,5,0,250421-090325_Run_308_Idx_57146,770,0,5e-05,20000000,45842400.0,14444160.0,21395520.0,7131840.0,0.6875,0.6666666666666666
927,1,80,25,55,26.04,18,6,12,27.0,2476440,768288,1069776,356592,14,0,51,5,0,250421-092506_Run_352_Idx_66277,880,0,5e-05,20000000,49528800.0,15365760.0,21395520.0,7131840.0,0.6875,0.6666666666666666
928,1,160,48,112,26.12,81,27,54,27.0,892224,275552,935928,311976,4,0,51,5,0,250421-091847_Run_374_Idx_93338,940,0,5e-05,20000000,17844480.0,5511040.0,18718560.0,6239520.0,0.7,0.6666666666666666
929,1,160,48,112,26.3,144,48,96,27.0,226560,70016,645120,215040,2,0,51,5,0,250421-090417_Run_901_Idx_13251,2260,0,5e-05,20000000,4531200.0,1400320.0,12902400.0,4300800.0,0.7,0.6666666666666666
930,1,160,48,112,25.95,81,30,51,21.22,865984,268992,554680,172552,4,0,51,5,0,250421-092120_Run_958_Idx_61898,2400,0,5e-05,20000000,17319680.0,5379840.0,11093600.0,3451040.0,0.7,0.6296296296296297
931,1,80,25,55,23.44,18,6,12,24.0,1899392,545432,609232,241456,14,0,51,5,0,250421-093125_Run_1220_Idx_57146,3050,0,5e-05,20000000,37987840.0,10908640.0,12184640.0,4829120.0,0.6875,0.6666666666666666
932,1,160,56,104,22.25,144,48,96,24.0,149376,44800,575616,145536,2,0,51,5,0,250421-095543_Run_1817_Idx_59888,4550,0,5e-05,20000000,2987520.0,896000.0,11512320.0,2910720.0,0.65,0.6666666666666666
933,1,160,56,104,23.6,144,48,96,27.0,162240,57664,645120,215040,2,0,51,5,0,250421-094638_Run_1701_Idx_20464,4260,0,5e-05,20000000,3244800.0,1153280.0,12902400.0,4300800.0,0.65,0.6666666666666666
934,1,160,55,105,20.7,81,30,51,18.67,579464,206264,430336,154360,4,0,51,5,0,250421-093535_Run_1502_Idx_81044,3760,0,5e-05,20000000,11589280.0,4125280.0,8606720.0,3087200.0,0.65625,0.6296296296296297
935,1,160,58,102,22.7,144,48,96,24.0,184528,59344,510456,145536,2,0,51,5,0,250421-093122_Run_1337_Idx_17424,3350,0,5e-05,20000000,3690560.0,1186880.0,10209120.0,2910720.0,0.6375,0.6666666666666666
936,1,160,48,112,25.81,81,35,46,21.07,830272,260064,699152,205048,4,0,51,5,0,250421-092317_Run_238_Idx_55670,600,0,5e-05,20000000,16605440.0,5201280.0,13983040.0,4100960.0,0.7,0.5679012345679012
937,1,145,45,100,26.06,45,15,30,27.0,2120832,673632,1099368,366456,7,0,51,5,0,250421-085339_Run_699_Idx_61030,1750,0,5e-05,20000000,42416640.0,13472640.0,21987360.0,7329120.0,0.6896551724137931,0.6666666666666666
938,1,145,46,99,25.07,45,15,30,24.11,1690752,584040,636232,250672,7,0,51,5,0,250421-091145_Run_279_Idx_72713,700,0,5e-05,20000000,33815040.0,11680800.0,12724640.0,5013440.0,0.6827586206896552,0.6666666666666666
939,1,160,54,106,19.36,81,27,54,27.0,331504,112152,935928,311976,4,0,51,5,0,250421-100001_Run_1994_Idx_63508,4990,0,5e-05,20000000,6630080.0,2243040.0,18718560.0,6239520.0,0.6625,0.6666666666666666
940,1,160,48,112,25.95,81,27,54,27.0,865984,268992,935928,311976,4,0,51,5,0,250421-090121_Run_554_Idx_75070,1390,0,5e-05,20000000,17319680.0,5379840.0,18718560.0,6239520.0,0.7,0.6666666666666666
941,1,80,25,55,24.41,18,6,12,21.11,2086360,670768,157584,128544,14,0,51,5,0,250421-095520_Run_1880_Idx_66277,4700,0,5e-05,20000000,41727200.0,13415360.0,3151680.0,2570880.0,0.6875,0.6666666666666666
942,1,80,24,56,25.9,18,6,12,27.0,2399416,708056,1069776,356592,14,0,51,5,0,250421-091619_Run_620_Idx_61908,1550,0,5e-05,20000000,47988320.0,14161120.0,21395520.0,7131840.0,0.7,0.6666666666666666
943,1,160,48,112,26.3,144,63,81,21.0,226560,70016,493080,143232,2,0,51,5,0,250421-091239_Run_157_Idx_59107,400,0,5e-05,20000000,4531200.0,1400320.0,9861600.0,2864640.0,0.7,0.5625
944,1,160,48,112,25.99,81,27,54,22.46,892224,275552,611192,193088,4,0,51,5,0,250421-094944_Run_1690_Idx_34316,4230,0,5e-05,20000000,17844480.0,5511040.0,12223840.0,3861760.0,0.7,0.6666666666666666
945,1,160,54,106,19.09,81,27,54,21.81,447256,163496,531144,193088,4,0,51,5,0,250421-095625_Run_1846_Idx_95154,4620,0,5e-05,20000000,8945120.0,3269920.0,10622880.0,3861760.0,0.6625,0.6666666666666666
946,1,160,83,77,9.01,81,57,24,1.78,290880,83968,29664,19296,4,0,51,5,0,250421-085912_Run_798_Idx_471,2000,0,5e-05,20000000,5817600.0,1679360.0,593280.0,385920.0,0.48125,0.2962962962962963
947,1,80,25,55,26.0,18,6,12,27.0,2292120,722208,1069776,356592,14,0,51,5,0,250421-092134_Run_244_Idx_57146,610,0,5e-05,20000000,45842400.0,14444160.0,21395520.0,7131840.0,0.6875,0.6666666666666666
948,1,145,45,100,21.96,45,15,30,27.0,1326272,466432,1099368,366456,7,0,51,5,0,250421-095703_Run_1939_Idx_24331,4850,0,5e-05,20000000,26525440.0,9328640.0,21987360.0,7329120.0,0.6896551724137931,0.6666666666666666
949,1,80,25,55,26.21,18,6,12,27.0,2476440,768288,1069776,356592,14,0,51,5,0,250421-092617_Run_348_Idx_66277,870,0,5e-05,20000000,49528800.0,15365760.0,21395520.0,7131840.0,0.6875,0.6666666666666666
950,1,145,45,100,26.28,45,15,30,27.0,2182272,688992,1099368,366456,7,0,51,5,0,250421-095213_Run_1783_Idx_95480,4460,0,5e-05,20000000,43645440.0,13779840.0,21987360.0,7329120.0,0.6896551724137931,0.6666666666666666
951,1,160,48,112,26.2,144,48,96,27.0,219904,68352,645120,215040,2,0,51,5,0,250421-091603_Run_621_Idx_7420,1560,0,5e-05,20000000,4398080.0,1367040.0,12902400.0,4300800.0,0.7,0.6666666666666666
952,1,160,71,89,15.58,144,54,90,18.25,99304,37664,341040,111600,2,0,51,5,0,250421-094831_Run_1725_Idx_3854,4320,0,5e-05,20000000,1986080.0,753280.0,6820800.0,2232000.0,0.55625,0.625
953,1,160,57,103,16.11,81,27,54,24.0,400928,104560,835232,211280,4,0,51,5,0,250421-093101_Run_1458_Idx_63538,3650,0,5e-05,20000000,8018560.0,2091200.0,16704640.0,4225600.0,0.64375,0.6666666666666666
954,1,145,46,99,25.97,45,15,30,27.0,2028672,668520,1099368,366456,7,0,51,5,0,250421-085116_Run_7_Idx_72713,20,0,5e-05,20000000,40573440.0,13370400.0,21987360.0,7329120.0,0.6827586206896552,0.6666666666666666
955,1,145,45,100,25.06,45,15,30,24.0,2096672,603392,981200,248288,7,0,51,5,0,250421-093955_Run_1251_Idx_10792,3130,0,5e-05,20000000,41933440.0,12067840.0,19624000.0,4965760.0,0.6896551724137931,0.6666666666666666
956,1,80,24,56,23.98,18,6,12,21.22,2044896,609632,609232,241456,14,0,51,5,0,250421-093827_Run_1492_Idx_54226,3730,0,5e-05,20000000,40897920.0,12192640.0,12184640.0,4829120.0,0.7,0.6666666666666666
957,1,80,25,55,20.84,18,6,12,24.0,1553384,453912,954640,241456,14,0,51,5,0,250421-094417_Run_1556_Idx_89663,3890,0,5e-05,20000000,31067680.0,9078240.0,19092800.0,4829120.0,0.6875,0.6666666666666666
958,1,160,57,103,23.6,144,48,96,27.0,189576,59336,645120,215040,2,0,51,5,0,250421-093618_Run_1145_Idx_24839,2870,0,5e-05,20000000,3791520.0,1186720.0,12902400.0,4300800.0,0.64375,0.6666666666666666
959,1,145,48,97,24.23,45,15,30,27.0,1685792,554456,1099368,366456,7,0,51,5,0,250421-091908_Run_727_Idx_5377,1820,0,5e-05,20000000,33715840.0,11089120.0,21987360.0,7329120.0,0.6689655172413793,0.6666666666666666
960,1,160,56,104,20.72,81,27,54,24.0,491120,164240,668408,202184,4,0,51,5,0,250421-092946_Run_1286_Idx_18654,3220,0,5e-05,20000000,9822400.0,3284800.0,13368160.0,4043680.0,0.65,0.6666666666666666
961,1,80,25,55,26.21,18,6,12,27.0,2476440,768288,1069776,356592,14,0,51,5,0,250421-090211_Run_432_Idx_66277,1080,0,5e-05,20000000,49528800.0,15365760.0,21395520.0,7131840.0,0.6875,0.6666666666666666
962,1,80,24,56,26.0,18,6,12,27.0,2399416,708056,1069776,356592,14,0,51,5,0,250421-090828_Run_648_Idx_61908,1620,0,5e-05,20000000,47988320.0,14161120.0,21395520.0,7131840.0,0.7,0.6666666666666666
963,1,80,25,55,22.96,18,6,12,24.0,1593888,473832,954640,241456,14,0,51,5,0,250421-094627_Run_1580_Idx_65229,3950,0,5e-05,20000000,31877760.0,9476640.0,19092800.0,4829120.0,0.6875,0.6666666666666666
964,1,145,46,99,25.16,45,15,30,27.0,2011072,604200,1099368,366456,7,0,51,5,0,250421-092848_Run_1171_Idx_57481,2930,0,5e-05,20000000,40221440.0,12084000.0,21987360.0,7329120.0,0.6827586206896552,0.6666666666666666
965,1,145,45,100,25.99,45,15,30,27.0,2069472,656512,1099368,366456,7,0,51,5,0,250421-091527_Run_623_Idx_61030,1560,0,5e-05,20000000,41389440.0,13130240.0,21987360.0,7329120.0,0.6896551724137931,0.6666666666666666
966,1,160,48,112,26.3,144,48,96,27.0,226560,70016,645120,215040,2,0,51,5,0,250421-092300_Run_713_Idx_82062,1790,0,5e-05,20000000,4531200.0,1400320.0,12902400.0,4300800.0,0.7,0.6666666666666666
967,1,145,46,99,19.43,45,15,30,15.22,1669152,428840,508528,130120,7,0,51,5,0,250421-095720_Run_1911_Idx_72713,4780,0,5e-05,20000000,33383040.0,8576800.0,10170560.0,2602400.0,0.6827586206896552,0.6666666666666666
968,1,160,48,112,26.3,144,48,96,24.11,226560,70016,372736,146944,2,0,51,5,0,250421-092339_Run_357_Idx_25592,900,0,5e-05,20000000,4531200.0,1400320.0,7454720.0,2938880.0,0.7,0.6666666666666666
969,1,80,25,55,23.68,18,6,12,21.11,1913344,553696,502992,128544,14,0,51,5,0,250421-093615_Run_1320_Idx_65229,3300,0,5e-05,20000000,38266880.0,11073920.0,10059840.0,2570880.0,0.6875,0.6666666666666666
970,1,160,60,100,23.6,144,48,96,24.11,194400,64352,372736,146944,2,0,51,5,0,250421-093250_Run_1157_Idx_86838,2900,0,5e-05,20000000,3888000.0,1287040.0,7454720.0,2938880.0,0.625,0.6666666666666666
971,1,160,48,112,25.81,81,27,54,27.0,830272,260064,935928,311976,4,0,51,5,0,250421-095050_Run_1594_Idx_28528,3990,0,5e-05,20000000,16605440.0,5201280.0,18718560.0,6239520.0,0.7,0.6666666666666666
972,1,160,53,107,20.09,81,27,54,27.0,539896,194792,935928,311976,4,0,51,5,0,250421-095858_Run_1986_Idx_38164,4970,0,5e-05,20000000,10797920.0,3895840.0,18718560.0,6239520.0,0.66875,0.6666666666666666
973,1,160,58,102,20.61,81,34,47,12.46,665248,171136,432448,112720,4,0,51,5,0,250421-085849_Run_1038_Idx_23186,2600,0,5e-05,20000000,13304960.0,3422720.0,8648960.0,2254400.0,0.6375,0.5802469135802469
974,1,80,25,55,23.7,18,6,12,18.11,2319736,729112,609232,241456,14,0,51,5,0,250421-085629_Run_808_Idx_89663,2020,0,5e-05,20000000,46394720.0,14582240.0,12184640.0,4829120.0,0.6875,0.6666666666666666
975,1,160,48,112,26.3,144,48,96,20.81,226560,70016,427920,110784,2,0,51,5,0,250421-095948_Run_1929_Idx_13251,4830,0,5e-05,20000000,4531200.0,1400320.0,8558400.0,2215680.0,0.7,0.6666666666666666
976,1,160,48,112,26.12,81,31,50,21.0,892224,275552,595000,186128,4,0,51,5,0,250421-091046_Run_878_Idx_52477,2200,0,5e-05,20000000,17844480.0,5511040.0,11900000.0,3722560.0,0.7,0.6172839506172839
977,1,80,25,55,21.5,18,6,12,21.0,1535608,533080,609232,241456,14,0,51,5,0,250421-093136_Run_1336_Idx_65229,3340,0,5e-05,20000000,30712160.0,10661600.0,12184640.0,4829120.0,0.6875,0.6666666666666666
978,1,160,48,112,26.08,81,27,54,27.0,892224,275552,935928,311976,4,0,51,5,0,250421-084928_Run_90_Idx_960,230,0,5e-05,20000000,17844480.0,5511040.0,18718560.0,6239520.0,0.7,0.6666666666666666
979,1,160,48,112,26.3,144,48,96,24.0,226560,70016,575616,145536,2,0,51,5,0,250421-095545_Run_1833_Idx_39758,4590,0,5e-05,20000000,4531200.0,1400320.0,11512320.0,2910720.0,0.7,0.6666666666666666
980,1,145,45,100,24.17,45,15,30,18.18,1812672,588032,615376,235600,7,0,51,5,0,250421-094901_Run_1571_Idx_71006,3930,0,5e-05,20000000,36253440.0,11760640.0,12307520.0,4712000.0,0.6896551724137931,0.6666666666666666
981,1,80,25,55,20.5,18,6,12,21.0,1277216,394664,494096,126320,14,0,51,5,0,250421-095106_Run_1532_Idx_89663,3830,0,5e-05,20000000,25544320.0,7893280.0,9881920.0,2526400.0,0.6875,0.6666666666666666
982,1,80,24,56,26.2,18,6,12,27.0,2399416,708056,1069776,356592,14,0,51,5,0,250421-085217_Run_56_Idx_54226,140,0,5e-05,20000000,47988320.0,14161120.0,21395520.0,7131840.0,0.7,0.6666666666666666
983,1,160,48,112,26.3,144,48,96,22.78,226560,70016,497424,145536,2,0,51,5,0,250421-095003_Run_1689_Idx_39758,4230,0,5e-05,20000000,4531200.0,1400320.0,9948480.0,2910720.0,0.7,0.6666666666666666
984,1,160,48,112,26.3,144,48,96,27.0,226560,70016,645120,215040,2,0,51,5,0,250421-085232_Run_81_Idx_82062,210,0,5e-05,20000000,4531200.0,1400320.0,12902400.0,4300800.0,0.7,0.6666666666666666
985,1,160,48,112,24.45,81,27,54,21.41,865984,268992,470176,175600,4,0,51,5,0,250421-093644_Run_1498_Idx_75070,3750,0,5e-05,20000000,17319680.0,5379840.0,9403520.0,3512000.0,0.7,0.6666666666666666
986,1,145,45,100,20.21,45,15,30,27.0,1093632,331232,1099368,366456,7,0,51,5,0,250421-100004_Run_1995_Idx_71006,4990,0,5e-05,20000000,21872640.0,6624640.0,21987360.0,7329120.0,0.6896551724137931,0.6666666666666666
987,1,145,47,98,23.79,45,15,30,24.0,1891232,553648,852072,275424,7,0,51,5,0,250421-085538_Run_811_Idx_35805,2030,0,5e-05,20000000,37824640.0,11072960.0,17041440.0,5508480.0,0.6758620689655173,0.6666666666666666
988,1,160,59,101,23.6,144,48,96,19.44,192792,62680,372736,146944,2,0,51,5,0,250421-093132_Run_1397_Idx_14612,3500,0,5e-05,20000000,3855840.0,1253600.0,7454720.0,2938880.0,0.63125,0.6666666666666666
989,1,80,25,55,24.35,18,6,12,27.0,1769336,591512,1069776,356592,14,0,51,5,0,250421-091805_Run_852_Idx_47249,2130,0,5e-05,20000000,35386720.0,11830240.0,21395520.0,7131840.0,0.6875,0.6666666666666666
990,1,145,45,100,26.17,45,15,30,27.0,2120832,673632,1099368,366456,7,0,51,5,0,250421-090846_Run_647_Idx_61030,1620,0,5e-05,20000000,42416640.0,13472640.0,21987360.0,7329120.0,0.6896551724137931,0.6666666666666666
991,1,160,48,112,26.08,81,27,54,27.0,892224,275552,935928,311976,4,0,51,5,0,250421-092241_Run_714_Idx_960,1790,0,5e-05,20000000,17844480.0,5511040.0,18718560.0,6239520.0,0.7,0.6666666666666666
992,1,160,48,112,26.2,144,48,96,24.0,219904,68352,536520,145536,2,0,51,5,0,250421-091049_Run_521_Idx_81871,1310,0,5e-05,20000000,4398080.0,1367040.0,10730400.0,2910720.0,0.7,0.6666666666666666
993,1,160,48,112,26.08,81,27,54,24.11,892224,275552,541464,213360,4,0,51,5,0,250421-091032_Run_758_Idx_960,1900,0,5e-05,20000000,17844480.0,5511040.0,10829280.0,4267200.0,0.7,0.6666666666666666
994,1,145,47,98,26.09,45,15,30,27.0,2165152,707728,1099368,366456,7,0,51,5,0,250421-091638_Run_143_Idx_5328,360,0,5e-05,20000000,43303040.0,14154560.0,21987360.0,7329120.0,0.6758620689655173,0.6666666666666666
995,1,80,25,55,24.44,18,6,12,27.0,2201240,630688,1069776,356592,14,0,51,5,0,250421-093735_Run_1376_Idx_47249,3440,0,5e-05,20000000,44024800.0,12613760.0,21395520.0,7131840.0,0.6875,0.6666666666666666
996,1,145,45,100,23.92,45,15,30,18.04,2113792,671872,642936,249168,7,0,51,5,0,250421-094320_Run_1355_Idx_24331,3390,0,5e-05,20000000,42275840.0,13437440.0,12858720.0,4983360.0,0.6896551724137931,0.6666666666666666
997,1,160,48,112,25.9,81,27,54,27.0,865984,268992,935928,311976,4,0,51,5,0,250421-090756_Run_650_Idx_78813,1630,0,5e-05,20000000,17319680.0,5379840.0,18718560.0,6239520.0,0.7,0.6666666666666666
998,1,160,48,112,26.12,81,27,54,24.0,892224,275552,835232,211280,4,0,51,5,0,250421-093334_Run_1390_Idx_85773,3480,0,5e-05,20000000,17844480.0,5511040.0,16704640.0,4225600.0,0.7,0.6666666666666666
999,1,145,46,99,25.97,45,15,30,27.0,2028672,668520,1099368,366456,7,0,51,5,0,250421-090342_Run_307_Idx_72713,770,0,5e-05,20000000,40573440.0,13370400.0,21987360.0,7329120.0,0.6827586206896552,0.6666666666666666
1000,1,160,51,109,19.78,81,27,54,19.02,493104,159840,343192,88048,4,0,51,5,0,250421-095540_Run_1770_Idx_69926,4430,0,5e-05,20000000,9862080.0,3196800.0,6863840.0,1760960.0,0.68125,0.6666666666666666
1001,1,160,61,99,20.94,144,48,96,24.0,175104,45120,575616,145536,2,0,51,5,0,250421-090637_Run_893_Idx_23040,2240,0,5e-05,20000000,3502080.0,902400.0,11512320.0,2910720.0,0.61875,0.6666666666666666
1002,1,160,60,100,23.42,81,36,45,15.58,766872,253784,493416,174552,4,0,51,5,0,250421-093205_Run_1278_Idx_19613,3200,0,5e-05,20000000,15337440.0,5075680.0,9868320.0,3491040.0,0.625,0.5555555555555556
1003,1,80,25,55,23.09,18,6,12,21.0,1925072,571440,609232,241456,14,0,51,5,0,250421-090906_Run_884_Idx_47249,2210,0,5e-05,20000000,38501440.0,11428800.0,12184640.0,4829120.0,0.6875,0.6666666666666666
1004,1,160,48,112,25.95,81,29,52,21.02,865984,268992,531848,176464,4,0,51,5,0,250421-092945_Run_1522_Idx_74976,3810,0,5e-05,20000000,17319680.0,5379840.0,10636960.0,3529280.0,0.7,0.6419753086419753
1005,1,160,48,112,26.04,81,27,54,27.0,892224,275552,935928,311976,4,0,51,5,0,250421-094818_Run_1542_Idx_960,3860,0,5e-05,20000000,17844480.0,5511040.0,18718560.0,6239520.0,0.7,0.6666666666666666
1006,1,80,25,55,23.52,18,6,12,24.11,2046968,592120,618128,243680,14,0,51,5,0,250421-095304_Run_1780_Idx_89663,4450,0,5e-05,20000000,40939360.0,11842400.0,12362560.0,4873600.0,0.6875,0.6666666666666666
1007,1,160,48,112,26.12,81,27,54,27.0,892224,275552,935928,311976,4,0,51,5,0,250421-093224_Run_1394_Idx_85773,3490,0,5e-05,20000000,17844480.0,5511040.0,18718560.0,6239520.0,0.7,0.6666666666666666
1008,1,160,56,104,22.68,81,27,54,23.02,640944,227536,618992,193088,4,0,51,5,0,250421-093416_Run_1090_Idx_42754,2730,0,5e-05,20000000,12818880.0,4550720.0,12379840.0,3861760.0,0.65,0.6666666666666666
1009,1,80,24,56,26.2,18,6,12,27.0,2399416,708056,1069776,356592,14,0,51,5,0,250421-090045_Run_556_Idx_54226,1390,0,5e-05,20000000,47988320.0,14161120.0,21395520.0,7131840.0,0.7,0.6666666666666666
1010,1,160,48,112,25.95,81,27,54,27.0,865984,268992,935928,311976,4,0,51,5,0,250421-085143_Run_58_Idx_75070,150,0,5e-05,20000000,17319680.0,5379840.0,18718560.0,6239520.0,0.7,0.6666666666666666
1011,1,145,45,100,24.9,45,16,29,22.8,1983872,622272,720792,250056,7,0,51,5,0,250421-090152_Run_671_Idx_86910,1680,0,5e-05,20000000,39677440.0,12445440.0,14415840.0,5001120.0,0.6896551724137931,0.6444444444444445
1012,1,160,48,112,26.12,81,27,54,24.11,892224,275552,541464,213360,4,0,51,5,0,250421-090030_Run_438_Idx_93338,1100,0,5e-05,20000000,17844480.0,5511040.0,10829280.0,4267200.0,0.7,0.6666666666666666
1013,1,160,58,102,23.5,144,48,96,27.0,184528,59344,645120,215040,2,0,51,5,0,250421-090233_Run_1025_Idx_17424,2570,0,5e-05,20000000,3690560.0,1186880.0,12902400.0,4300800.0,0.6375,0.6666666666666666
1014,1,160,61,99,23.6,144,48,96,23.06,196008,66024,510456,145536,2,0,51,5,0,250421-094303_Run_1121_Idx_73398,2810,0,5e-05,20000000,3920160.0,1320480.0,10209120.0,2910720.0,0.61875,0.6666666666666666
1015,1,160,48,112,26.3,144,48,96,24.0,226560,70016,575616,145536,2,0,51,5,0,250421-093352_Run_1389_Idx_13251,3480,0,5e-05,20000000,4531200.0,1400320.0,11512320.0,2910720.0,0.7,0.6666666666666666
1016,1,145,45,100,26.06,45,15,30,27.0,2120832,673632,1099368,366456,7,0,51,5,0,250421-090739_Run_651_Idx_61030,1630,0,5e-05,20000000,42416640.0,13472640.0,21987360.0,7329120.0,0.6896551724137931,0.6666666666666666
1017,1,80,24,56,18.31,18,6,12,24.0,1318688,334432,954640,241456,14,0,51,5,0,250421-094405_Run_1412_Idx_61908,3530,0,5e-05,20000000,26373760.0,6688640.0,19092800.0,4829120.0,0.7,0.6666666666666666
1018,1,160,48,112,24.9,144,58,86,17.81,226560,70016,306288,99112,2,0,51,5,0,250421-094801_Run_1757_Idx_82052,4400,0,5e-05,20000000,4531200.0,1400320.0,6125760.0,1982240.0,0.7,0.5972222222222222
1019,1,80,25,55,21.42,18,6,12,27.0,1534640,473832,1069776,356592,14,0,51,5,0,250421-094735_Run_1576_Idx_65229,3940,0,5e-05,20000000,30692800.0,9476640.0,21395520.0,7131840.0,0.6875,0.6666666666666666
1020,1,145,46,99,20.8,45,15,30,12.84,1617792,565800,154024,130120,7,0,51,5,0,250421-094719_Run_1607_Idx_72713,4020,0,5e-05,20000000,32355840.0,11316000.0,3080480.0,2602400.0,0.6827586206896552,0.6666666666666666
1021,1,145,46,99,26.17,45,15,30,27.0,2120832,691560,1099368,366456,7,0,51,5,0,250421-091919_Run_491_Idx_32731,1230,0,5e-05,20000000,42416640.0,13831200.0,21987360.0,7329120.0,0.6827586206896552,0.6666666666666666
1022,1,160,48,112,24.2,144,64,80,16.41,226560,70016,358416,112960,2,0,51,5,0,250421-085830_Run_801_Idx_69963,2010,0,5e-05,20000000,4531200.0,1400320.0,7168320.0,2259200.0,0.7,0.5555555555555556
1023,1,145,45,100,26.28,45,15,30,27.0,2182272,688992,1099368,366456,7,0,51,5,0,250421-085900_Run_443_Idx_10792,1110,0,5e-05,20000000,43645440.0,13779840.0,21987360.0,7329120.0,0.6896551724137931,0.6666666666666666
1024,1,160,48,112,26.2,144,48,96,27.0,219904,68352,645120,215040,2,0,51,5,0,250421-091711_Run_617_Idx_7420,1550,0,5e-05,20000000,4398080.0,1367040.0,12902400.0,4300800.0,0.7,0.6666666666666666
1025,1,160,56,104,20.9,144,48,96,24.0,168448,43136,575616,145536,2,0,51,5,0,250421-094716_Run_1669_Idx_73366,4180,0,5e-05,20000000,3368960.0,862720.0,11512320.0,2910720.0,0.65,0.6666666666666666
1026,1,145,46,99,25.9,45,15,30,27.0,2113792,672680,1099368,366456,7,0,51,5,0,250421-091653_Run_735_Idx_17402,1840,0,5e-05,20000000,42275840.0,13453600.0,21987360.0,7329120.0,0.6827586206896552,0.6666666666666666
1027,1,145,46,99,25.99,45,15,30,27.0,2130912,689800,1099368,366456,7,0,51,5,0,250421-095744_Run_1951_Idx_57481,4880,0,5e-05,20000000,42618240.0,13796000.0,21987360.0,7329120.0,0.6827586206896552,0.6666666666666666
1028,1,145,45,100,26.28,45,15,30,27.0,2182272,688992,1099368,366456,7,0,51,5,0,250421-090008_Run_915_Idx_24331,2290,0,5e-05,20000000,43645440.0,13779840.0,21987360.0,7329120.0,0.6896551724137931,0.6666666666666666
1029,1,160,48,112,26.12,81,27,54,27.0,892224,275552,935928,311976,4,0,51,5,0,250421-085217_Run_30_Idx_85773,80,0,5e-05,20000000,17844480.0,5511040.0,18718560.0,6239520.0,0.7,0.6666666666666666
1030,1,80,25,55,22.16,18,6,12,24.0,2102816,532264,954640,241456,14,0,51,5,0,250421-090546_Run_896_Idx_47249,2240,0,5e-05,20000000,42056320.0,10645280.0,19092800.0,4829120.0,0.6875,0.6666666666666666
1031,1,145,47,98,24.08,45,15,30,27.0,1583072,536528,1099368,366456,7,0,51,5,0,250421-090453_Run_899_Idx_33549,2250,0,5e-05,20000000,31661440.0,10730560.0,21987360.0,7329120.0,0.6758620689655173,0.6666666666666666
1032,1,80,25,55,25.2,18,6,12,27.0,2318768,669864,1069776,356592,14,0,51,5,0,250421-092756_Run_1112_Idx_89663,2780,0,5e-05,20000000,46375360.0,13397280.0,21395520.0,7131840.0,0.6875,0.6666666666666666
1033,1,145,45,100,24.69,45,15,30,27.0,1942592,552032,1099368,366456,7,0,51,5,0,250421-093145_Run_1099_Idx_95480,2750,0,5e-05,20000000,38851840.0,11040640.0,21987360.0,7329120.0,0.6896551724137931,0.6666666666666666
1034,1,160,61,99,20.94,144,48,96,24.0,175104,45120,575616,145536,2,0,51,5,0,250421-092654_Run_821_Idx_23040,2060,0,5e-05,20000000,3502080.0,902400.0,11512320.0,2910720.0,0.61875,0.6666666666666666
1035,1,80,25,55,26.3,18,6,12,27.0,2476440,768288,1069776,356592,14,0,51,5,0,250421-091946_Run_132_Idx_26496,330,0,5e-05,20000000,49528800.0,15365760.0,21395520.0,7131840.0,0.6875,0.6666666666666666
1036,1,160,48,112,26.2,144,48,96,27.0,219904,68352,645120,215040,2,0,51,5,0,250421-085218_Run_69_Idx_7420,180,0,5e-05,20000000,4398080.0,1367040.0,12902400.0,4300800.0,0.7,0.6666666666666666
1037,1,80,25,55,26.04,18,6,12,27.0,2476440,768288,1069776,356592,14,0,51,5,0,250421-091330_Run_868_Idx_47249,2170,0,5e-05,20000000,49528800.0,15365760.0,21395520.0,7131840.0,0.6875,0.6666666666666666
1038,1,145,45,100,26.28,45,15,30,27.0,2182272,688992,1099368,366456,7,0,51,5,0,250421-085213_Run_43_Idx_10792,110,0,5e-05,20000000,43645440.0,13779840.0,21987360.0,7329120.0,0.6896551724137931,0.6666666666666666
1039,1,160,48,112,26.3,144,48,96,27.0,226560,70016,645120,215040,2,0,51,5,0,250421-092815_Run_1173_Idx_39758,2940,0,5e-05,20000000,4531200.0,1400320.0,12902400.0,4300800.0,0.7,0.6666666666666666
1040,1,80,25,55,23.11,18,6,12,24.0,2143320,552184,954640,241456,14,0,51,5,0,250421-090515_Run_1016_Idx_65229,2540,0,5e-05,20000000,42866400.0,11043680.0,19092800.0,4829120.0,0.6875,0.6666666666666666
1041,1,145,47,98,24.41,45,15,30,27.0,1600192,553648,1099368,366456,7,0,51,5,0,250421-093650_Run_1143_Idx_5328,2860,0,5e-05,20000000,32003840.0,11072960.0,21987360.0,7329120.0,0.6758620689655173,0.6666666666666666
1042,1,80,25,55,25.11,18,6,12,27.0,2318768,669864,1069776,356592,14,0,51,5,0,250421-092229_Run_836_Idx_47249,2090,0,5e-05,20000000,46375360.0,13397280.0,21395520.0,7131840.0,0.6875,0.6666666666666666
1043,1,160,48,112,26.3,144,48,96,27.0,226560,70016,645120,215040,2,0,51,5,0,250421-084952_Run_89_Idx_82062,230,0,5e-05,20000000,4531200.0,1400320.0,12902400.0,4300800.0,0.7,0.6666666666666666
1044,1,145,46,99,22.23,45,15,30,20.44,1617312,501480,626696,248288,7,0,51,5,0,250421-095139_Run_1683_Idx_57481,4210,0,5e-05,20000000,32346240.0,10029600.0,12533920.0,4965760.0,0.6827586206896552,0.6666666666666666
1045,1,145,46,99,24.09,45,15,30,24.0,1949632,554600,981200,248288,7,0,51,5,0,250421-095706_Run_1859_Idx_32731,4650,0,5e-05,20000000,38992640.0,11092000.0,19624000.0,4965760.0,0.6827586206896552,0.6666666666666666
1046,1,145,47,98,22.9,45,15,30,27.0,1446592,515248,1099368,366456,7,0,51,5,0,250421-093930_Run_1191_Idx_40177,2980,0,5e-05,20000000,28931840.0,10304960.0,21987360.0,7329120.0,0.6758620689655173,0.6666666666666666
1047,1,160,48,112,26.3,144,48,96,24.0,226560,70016,575616,145536,2,0,51,5,0,250421-085751_Run_209_Idx_39758,530,0,5e-05,20000000,4531200.0,1400320.0,11512320.0,2910720.0,0.7,0.6666666666666666
1048,1,160,48,112,26.08,81,27,54,24.0,892224,275552,835232,211280,4,0,51,5,0,250421-092504_Run_706_Idx_960,1770,0,5e-05,20000000,17844480.0,5511040.0,16704640.0,4225600.0,0.7,0.6666666666666666
1049,1,160,52,108,19.56,81,30,51,18.84,542160,176160,430448,119384,4,0,51,5,0,250421-095100_Run_1746_Idx_76005,4370,0,5e-05,20000000,10843200.0,3523200.0,8608960.0,2387680.0,0.675,0.6296296296296297
1050,1,160,48,112,26.0,144,48,96,27.0,212224,66432,645120,215040,2,0,51,5,0,250421-084847_Run_13_Idx_1990,40,0,5e-05,20000000,4244480.0,1328640.0,12902400.0,4300800.0,0.7,0.6666666666666666
1051,1,145,48,97,21.72,45,15,30,24.0,1771392,451736,981200,248288,7,0,51,5,0,250421-091930_Run_847_Idx_98615,2120,0,5e-05,20000000,35427840.0,9034720.0,19624000.0,4965760.0,0.6689655172413793,0.6666666666666666
1052,1,160,48,112,25.95,81,27,54,27.0,865984,268992,935928,311976,4,0,51,5,0,250421-093211_Run_1514_Idx_75070,3790,0,5e-05,20000000,17319680.0,5379840.0,18718560.0,6239520.0,0.7,0.6666666666666666
1053,1,160,48,112,26.0,144,48,96,27.0,212224,66432,645120,215040,2,0,51,5,0,250421-092119_Run_245_Idx_1990,620,0,5e-05,20000000,4244480.0,1328640.0,12902400.0,4300800.0,0.7,0.6666666666666666
1054,1,160,48,112,26.3,144,48,96,24.0,226560,70016,575616,145536,2,0,51,5,0,250421-094051_Run_1129_Idx_39758,2830,0,5e-05,20000000,4531200.0,1400320.0,11512320.0,2910720.0,0.7,0.6666666666666666
1055,1,160,48,112,25.81,81,27,54,27.0,830272,260064,935928,311976,4,0,51,5,0,250421-092649_Run_226_Idx_28528,570,0,5e-05,20000000,16605440.0,5201280.0,18718560.0,6239520.0,0.7,0.6666666666666666
1056,1,160,52,108,20.71,81,27,54,24.0,691488,176160,835232,211280,4,0,51,5,0,250421-094838_Run_1694_Idx_494,4240,0,5e-05,20000000,13829760.0,3523200.0,16704640.0,4225600.0,0.675,0.6666666666666666
1057,1,160,48,112,26.2,144,48,96,27.0,219904,68352,645120,215040,2,0,51,5,0,250421-084847_Run_65_Idx_81871,170,0,5e-05,20000000,4398080.0,1367040.0,12902400.0,4300800.0,0.7,0.6666666666666666
1058,1,80,24,56,22.15,18,6,12,24.0,1378904,452928,609232,241456,14,0,51,5,0,250421-092801_Run_1528_Idx_54226,3820,0,5e-05,20000000,27578080.0,9058560.0,12184640.0,4829120.0,0.7,0.6666666666666666
1059,1,145,45,100,24.23,45,15,30,27.0,1480352,500672,1099368,366456,7,0,51,5,0,250421-093532_Run_1383_Idx_24331,3460,0,5e-05,20000000,29607040.0,10013440.0,21987360.0,7329120.0,0.6896551724137931,0.6666666666666666
1060,1,145,44,101,25.27,45,15,30,24.0,2052352,638584,773304,275424,7,0,51,5,0,250421-092640_Run_939_Idx_38371,2350,0,5e-05,20000000,41047040.0,12771680.0,15466080.0,5508480.0,0.696551724137931,0.6666666666666666
1061,1,80,25,55,26.0,18,6,12,27.0,2399416,749032,1069776,356592,14,0,51,5,0,250421-091402_Run_984_Idx_65229,2460,0,5e-05,20000000,47988320.0,14980640.0,21395520.0,7131840.0,0.6875,0.6666666666666666
1062,1,80,24,56,19.27,18,6,12,18.0,1181088,393680,609232,241456,14,0,51,5,0,250421-093502_Run_1504_Idx_54226,3760,0,5e-05,20000000,23621760.0,7873600.0,12184640.0,4829120.0,0.7,0.6666666666666666
1063,1,160,56,104,23.5,144,48,96,27.0,181312,56000,645120,215040,2,0,51,5,0,250421-094141_Run_1301_Idx_79507,3260,0,5e-05,20000000,3626240.0,1120000.0,12902400.0,4300800.0,0.65,0.6666666666666666
1064,1,160,62,98,23.3,144,48,96,27.0,176848,64112,645120,215040,2,0,51,5,0,250421-090202_Run_313_Idx_9418,790,0,5e-05,20000000,3536960.0,1282240.0,12902400.0,4300800.0,0.6125,0.6666666666666666
1065,1,145,50,95,24.31,45,15,30,27.0,1692832,592072,1099368,366456,7,0,51,5,0,250421-091307_Run_631_Idx_4333,1580,0,5e-05,20000000,33856640.0,11841440.0,21987360.0,7329120.0,0.6551724137931034,0.6666666666666666
1066,1,145,45,100,20.57,45,15,30,27.0,1384672,485312,1099368,366456,7,0,51,5,0,250421-093153_Run_1455_Idx_61030,3640,0,5e-05,20000000,27693440.0,9706240.0,21987360.0,7329120.0,0.6896551724137931,0.6666666666666666
1067,1,80,24,56,26.0,18,6,12,27.0,2399416,708056,1069776,356592,14,0,51,5,0,250421-085235_Run_68_Idx_61908,170,0,5e-05,20000000,47988320.0,14161120.0,21395520.0,7131840.0,0.7,0.6666666666666666
1068,1,160,48,112,25.4,144,48,96,24.0,219904,68352,562584,145536,2,0,51,5,0,250421-090358_Run_545_Idx_81871,1370,0,5e-05,20000000,4398080.0,1367040.0,11251680.0,2910720.0,0.7,0.6666666666666666
1069,1,160,55,105,23.34,81,27,54,22.91,733904,219344,541464,213360,4,0,51,5,0,250421-093114_Run_1398_Idx_18810,3500,0,5e-05,20000000,14678080.0,4386880.0,10829280.0,4267200.0,0.65625,0.6666666666666666
1070,1,160,48,112,26.3,144,48,96,24.0,226560,70016,536520,145536,2,0,51,5,0,250421-092110_Run_841_Idx_13251,2110,0,5e-05,20000000,4531200.0,1400320.0,10730400.0,2910720.0,0.7,0.6666666666666666
1071,1,145,45,100,20.21,45,15,30,27.0,1093632,331232,1099368,366456,7,0,51,5,0,250421-094752_Run_1575_Idx_71006,3940,0,5e-05,20000000,21872640.0,6624640.0,21987360.0,7329120.0,0.6896551724137931,0.6666666666666666
1072,1,80,25,55,26.3,18,6,12,27.0,2476440,768288,1069776,356592,14,0,51,5,0,250421-090131_Run_196_Idx_26496,490,0,5e-05,20000000,49528800.0,15365760.0,21395520.0,7131840.0,0.6875,0.6666666666666666
1073,1,145,46,99,25.78,45,15,30,27.0,1977312,651400,1099368,366456,7,0,51,5,0,250421-091828_Run_255_Idx_72713,640,0,5e-05,20000000,39546240.0,13028000.0,21987360.0,7329120.0,0.6827586206896552,0.6666666666666666
1074,1,160,48,112,25.81,81,27,54,24.0,830272,260064,835232,211280,4,0,51,5,0,250421-094307_Run_1178_Idx_28528,2950,0,5e-05,20000000,16605440.0,5201280.0,16704640.0,4225600.0,0.7,0.6666666666666666
1075,1,80,24,56,26.0,18,6,12,27.0,2399416,708056,1069776,356592,14,0,51,5,0,250421-091356_Run_628_Idx_61908,1570,0,5e-05,20000000,47988320.0,14161120.0,21395520.0,7131840.0,0.7,0.6666666666666666
1076,1,160,48,112,26.3,144,48,96,24.0,226560,70016,575616,145536,2,0,51,5,0,250421-090519_Run_777_Idx_82062,1950,0,5e-05,20000000,4531200.0,1400320.0,11512320.0,2910720.0,0.7,0.6666666666666666
1077,1,80,25,55,22.76,18,6,12,21.0,1701576,486184,609232,241456,14,0,51,5,0,250421-095456_Run_1804_Idx_57146,4510,0,5e-05,20000000,34031520.0,9723680.0,12184640.0,4829120.0,0.6875,0.6666666666666666
1078,1,160,48,112,25.99,81,27,54,27.0,892224,275552,935928,311976,4,0,51,5,0,250421-091328_Run_154_Idx_34316,390,0,5e-05,20000000,17844480.0,5511040.0,18718560.0,6239520.0,0.7,0.6666666666666666
1079,1,80,25,55,23.04,18,6,12,24.0,2220344,571440,954640,241456,14,0,51,5,0,250421-091224_Run_872_Idx_47249,2180,0,5e-05,20000000,44406880.0,11428800.0,19092800.0,4829120.0,0.6875,0.6666666666666666
1080,1,80,25,55,20.29,18,6,12,21.11,1358968,356096,502992,128544,14,0,51,5,0,250421-095104_Run_1624_Idx_47249,4060,0,5e-05,20000000,27179360.0,7121920.0,10059840.0,2570880.0,0.6875,0.6666666666666666
1081,1,145,46,99,25.99,45,15,30,27.0,2103712,674440,1099368,366456,7,0,51,5,0,250421-092434_Run_591_Idx_86910,1480,0,5e-05,20000000,42074240.0,13488800.0,21987360.0,7329120.0,0.6827586206896552,0.6666666666666666
1082,1,145,46,99,26.28,45,15,30,27.0,2182272,706920,1099368,366456,7,0,51,5,0,250421-091311_Run_155_Idx_57481,390,0,5e-05,20000000,43645440.0,14138400.0,21987360.0,7329120.0,0.6827586206896552,0.6666666666666666
1083,1,160,52,108,18.84,81,27,54,19.44,321096,102408,470176,175600,4,0,51,5,0,250421-095659_Run_1898_Idx_25214,4750,0,5e-05,20000000,6421920.0,2048160.0,9403520.0,3512000.0,0.675,0.6666666666666666
1084,1,80,25,55,26.21,18,6,12,27.0,2476440,768288,1069776,356592,14,0,51,5,0,250421-094629_Run_1548_Idx_89663,3870,0,5e-05,20000000,49528800.0,15365760.0,21395520.0,7131840.0,0.6875,0.6666666666666666
1085,1,160,48,112,25.95,81,27,54,24.0,865984,268992,835232,211280,4,0,51,5,0,250421-094332_Run_1414_Idx_78813,3540,0,5e-05,20000000,17319680.0,5379840.0,16704640.0,4225600.0,0.7,0.6666666666666666
1086,1,160,57,103,23.6,144,48,96,27.0,189576,59336,645120,215040,2,0,51,5,0,250421-093942_Run_1133_Idx_24839,2840,0,5e-05,20000000,3791520.0,1186720.0,12902400.0,4300800.0,0.64375,0.6666666666666666
1087,1,80,25,55,24.55,18,6,12,24.0,2338840,669864,954640,241456,14,0,51,5,0,250421-093240_Run_1276_Idx_66277,3190,0,5e-05,20000000,46776800.0,13397280.0,19092800.0,4829120.0,0.6875,0.6666666666666666
1088,1,145,45,100,23.26,45,15,30,24.0,1771392,500672,626696,248288,7,0,51,5,0,250421-094805_Run_1635_Idx_24331,4090,0,5e-05,20000000,35427840.0,10013440.0,12533920.0,4965760.0,0.6896551724137931,0.6666666666666666
1089,1,145,45,100,26.09,45,15,30,27.0,2130912,671872,1099368,366456,7,0,51,5,0,250421-092048_Run_367_Idx_10792,920,0,5e-05,20000000,42618240.0,13437440.0,21987360.0,7329120.0,0.6896551724137931,0.6666666666666666
1090,1,145,47,98,25.99,45,15,30,27.0,2103712,692368,1099368,366456,7,0,51,5,0,250421-092728_Run_463_Idx_8263,1160,0,5e-05,20000000,42074240.0,13847360.0,21987360.0,7329120.0,0.6758620689655173,0.6666666666666666
1091,1,160,53,107,23.29,81,27,54,27.0,717648,202960,935928,311976,4,0,51,5,0,250421-093923_Run_1134_Idx_84222,2840,0,5e-05,20000000,14352960.0,4059200.0,18718560.0,6239520.0,0.66875,0.6666666666666666
1092,1,160,48,112,26.0,144,48,96,27.0,212224,66432,645120,215040,2,0,51,5,0,250421-085839_Run_325_Idx_1990,820,0,5e-05,20000000,4244480.0,1328640.0,12902400.0,4300800.0,0.7,0.6666666666666666
1093,1,160,48,112,24.9,144,60,84,21.08,226560,70016,462672,138480,2,0,51,5,0,250421-091109_Run_401_Idx_37594,1010,0,5e-05,20000000,4531200.0,1400320.0,9253440.0,2769600.0,0.7,0.5833333333333334
1094,1,80,25,55,26.3,18,6,12,27.0,2476440,768288,1069776,356592,14,0,51,5,0,250421-091512_Run_148_Idx_26496,370,0,5e-05,20000000,49528800.0,15365760.0,21395520.0,7131840.0,0.6875,0.6666666666666666
1095,1,145,45,100,16.5,45,15,30,21.04,853952,279872,626696,248288,7,0,51,5,0,250421-095746_Run_1923_Idx_71006,4810,0,5e-05,20000000,17079040.0,5597440.0,12533920.0,4965760.0,0.6896551724137931,0.6666666666666666
1096,1,145,46,99,24.68,45,15,30,24.0,2000992,571720,981200,248288,7,0,51,5,0,250421-092503_Run_471_Idx_32731,1180,0,5e-05,20000000,40019840.0,11434400.0,19624000.0,4965760.0,0.6827586206896552,0.6666666666666666
1097,1,160,48,112,26.3,144,48,96,22.74,226560,70016,454600,115744,2,0,51,5,0,250421-094402_Run_1557_Idx_82062,3900,0,5e-05,20000000,4531200.0,1400320.0,9092000.0,2314880.0,0.7,0.6666666666666666
1098,1,145,47,98,24.88,45,15,30,24.0,2011552,669328,930840,275424,7,0,51,5,0,250421-091507_Run_267_Idx_40177,670,0,5e-05,20000000,40231040.0,13386560.0,18616800.0,5508480.0,0.6758620689655173,0.6666666666666666
1099,1,145,50,95,22.92,45,19,26,21.0,1976832,624552,863488,251840,7,0,51,5,0,250421-091141_Run_399_Idx_54228,1000,0,5e-05,20000000,39536640.0,12491040.0,17269760.0,5036800.0,0.6551724137931034,0.5777777777777777
1100,1,160,59,101,22.3,144,55,89,20.27,178456,59096,401856,129112,2,0,51,5,0,250421-092851_Run_1229_Idx_83089,3080,0,5e-05,20000000,3569120.0,1181920.0,8037120.0,2582240.0,0.63125,0.6180555555555556
1101,1,160,64,96,16.62,144,83,61,9.53,118824,42096,158592,67760,2,0,51,5,0,250421-094247_Run_1357_Idx_96961,3400,0,5e-05,20000000,2376480.0,841920.0,3171840.0,1355200.0,0.6,0.4236111111111111
1102,1,160,60,100,20.05,144,49,95,20.78,145936,43392,436608,119608,2,0,51,5,0,250421-094232_Run_1477_Idx_48177,3700,0,5e-05,20000000,2918720.0,867840.0,8732160.0,2392160.0,0.625,0.6597222222222222
1103,1,145,52,93,24.1,45,15,30,27.0,1754752,604888,1099368,366456,7,0,51,5,0,250421-085433_Run_339_Idx_34667,850,0,5e-05,20000000,35095040.0,12097760.0,21987360.0,7329120.0,0.6413793103448275,0.6666666666666666
1104,1,145,46,99,20.73,45,15,30,24.0,1326272,398760,981200,248288,7,0,51,5,0,250421-094710_Run_1699_Idx_57481,4250,0,5e-05,20000000,26525440.0,7975200.0,19624000.0,4965760.0,0.6827586206896552,0.6666666666666666
1105,1,80,25,55,25.9,18,6,12,27.0,2399416,749032,1069776,356592,14,0,51,5,0,250421-095627_Run_1784_Idx_65229,4460,0,5e-05,20000000,47988320.0,14980640.0,21395520.0,7131840.0,0.6875,0.6666666666666666
1106,1,145,45,100,25.25,45,15,30,24.0,2113792,620512,981200,248288,7,0,51,5,0,250421-094251_Run_1059_Idx_95480,2650,0,5e-05,20000000,42275840.0,12410240.0,19624000.0,4965760.0,0.6896551724137931,0.6666666666666666
1107,1,145,45,100,22.72,45,15,30,24.0,1812672,468192,981200,248288,7,0,51,5,0,250421-091851_Run_967_Idx_71006,2420,0,5e-05,20000000,36253440.0,9363840.0,19624000.0,4965760.0,0.6896551724137931,0.6666666666666666
1108,1,160,48,112,25.95,81,27,54,27.0,865984,268992,935928,311976,4,0,51,5,0,250421-090926_Run_526_Idx_75070,1320,0,5e-05,20000000,17319680.0,5379840.0,18718560.0,6239520.0,0.7,0.6666666666666666
1109,1,145,46,99,25.27,45,15,30,24.0,2103712,674440,773304,275424,7,0,51,5,0,250421-090655_Run_535_Idx_32731,1340,0,5e-05,20000000,42074240.0,13488800.0,15466080.0,5508480.0,0.6827586206896552,0.6666666666666666
1110,1,80,25,55,25.79,18,6,12,27.0,2358912,729112,1069776,356592,14,0,51,5,0,250421-092341_Run_832_Idx_47249,2080,0,5e-05,20000000,47178240.0,14582240.0,21395520.0,7131840.0,0.6875,0.6666666666666666
1111,1,80,24,56,25.86,18,6,12,24.0,2242712,668880,609232,241456,14,0,51,5,0,250421-090957_Run_524_Idx_54226,1310,0,5e-05,20000000,44854240.0,13377600.0,12184640.0,4829120.0,0.7,0.6666666666666666
1112,1,80,25,55,24.52,18,6,12,27.0,1769336,591512,1069776,356592,14,0,51,5,0,250421-091851_Run_728_Idx_89663,1820,0,5e-05,20000000,35386720.0,11830240.0,21395520.0,7131840.0,0.6875,0.6666666666666666
1113,1,80,25,55,19.29,18,6,12,15.22,1709120,433840,494096,126320,14,0,51,5,0,250421-094424_Run_1648_Idx_47249,4120,0,5e-05,20000000,34182400.0,8676800.0,9881920.0,2526400.0,0.6875,0.6666666666666666
1114,1,160,48,112,26.3,144,48,96,27.0,226560,70016,645120,215040,2,0,51,5,0,250421-091345_Run_153_Idx_39758,390,0,5e-05,20000000,4531200.0,1400320.0,12902400.0,4300800.0,0.7,0.6666666666666666
1115,1,145,45,100,26.17,45,15,30,27.0,2120832,673632,1099368,366456,7,0,51,5,0,250421-085141_Run_71_Idx_61030,180,0,5e-05,20000000,42416640.0,13472640.0,21987360.0,7329120.0,0.6896551724137931,0.6666666666666666
1116,1,160,60,100,16.29,144,53,91,19.35,91488,28976,397512,124496,2,0,51,5,0,250421-095958_Run_1969_Idx_99878,4930,0,5e-05,20000000,1829760.0,579520.0,7950240.0,2489920.0,0.625,0.6319444444444444
1117,1,160,48,112,26.3,144,48,96,27.0,226560,70016,645120,215040,2,0,51,5,0,250421-090836_Run_765_Idx_82062,1920,0,5e-05,20000000,4531200.0,1400320.0,12902400.0,4300800.0,0.7,0.6666666666666666
1118,1,145,46,99,22.78,45,15,30,21.64,1515072,480200,626696,248288,7,0,51,5,0,250421-095512_Run_1803_Idx_72713,4510,0,5e-05,20000000,30301440.0,9604000.0,12533920.0,4965760.0,0.6827586206896552,0.6666666666666666
1119,1,80,25,55,24.52,18,6,12,27.0,1769336,591512,1069776,356592,14,0,51,5,0,250421-094545_Run_1704_Idx_26496,4260,0,5e-05,20000000,35386720.0,11830240.0,21395520.0,7131840.0,0.6875,0.6666666666666666
1120,1,160,48,112,25.81,81,27,54,27.0,830272,260064,935928,311976,4,0,51,5,0,250421-085931_Run_322_Idx_28528,810,0,5e-05,20000000,16605440.0,5201280.0,18718560.0,6239520.0,0.7,0.6666666666666666
1121,1,160,48,112,26.2,144,48,96,27.0,219904,68352,645120,215040,2,0,51,5,0,250421-090451_Run_661_Idx_7420,1660,0,5e-05,20000000,4398080.0,1367040.0,12902400.0,4300800.0,0.7,0.6666666666666666
1122,1,160,48,112,26.3,144,48,96,27.0,226560,70016,645120,215040,2,0,51,5,0,250421-085058_Run_21_Idx_39758,60,0,5e-05,20000000,4531200.0,1400320.0,12902400.0,4300800.0,0.7,0.6666666666666666
1123,1,160,48,112,25.99,81,27,54,27.0,892224,275552,935928,311976,4,0,51,5,0,250421-090651_Run_178_Idx_34316,450,0,5e-05,20000000,17844480.0,5511040.0,18718560.0,6239520.0,0.7,0.6666666666666666
1124,1,80,25,55,22.95,18,6,12,15.0,2082744,669864,148688,126320,14,0,51,5,0,250421-094706_Run_1760_Idx_66277,4400,0,5e-05,20000000,41654880.0,13397280.0,2973760.0,2526400.0,0.6875,0.6666666666666666
1125,1,80,25,55,25.02,18,6,12,24.0,2417192,709040,954640,241456,14,0,51,5,0,250421-093937_Run_1252_Idx_66277,3130,0,5e-05,20000000,48343840.0,14180800.0,19092800.0,4829120.0,0.6875,0.6666666666666666
1126,1,145,45,100,25.74,45,15,30,24.11,1979520,638304,636232,250672,7,0,51,5,0,250421-091015_Run_759_Idx_95480,1900,0,5e-05,20000000,39590400.0,12766080.0,12724640.0,5013440.0,0.6896551724137931,0.6666666666666666
1127,1,80,25,55,26.21,18,6,12,27.0,2476440,768288,1069776,356592,14,0,51,5,0,250421-084851_Run_52_Idx_66277,130,0,5e-05,20000000,49528800.0,15365760.0,21395520.0,7131840.0,0.6875,0.6666666666666666
1128,1,145,44,101,21.99,45,15,30,24.0,1155072,414264,720400,261856,7,0,51,5,0,250421-092929_Run_1287_Idx_89913,3220,0,5e-05,20000000,23101440.0,8285280.0,14408000.0,5237120.0,0.696551724137931,0.6666666666666666
1129,1,160,48,112,26.3,144,48,96,27.0,226560,70016,645120,215040,2,0,51,5,0,250421-090852_Run_885_Idx_13251,2220,0,5e-05,20000000,4531200.0,1400320.0,12902400.0,4300800.0,0.7,0.6666666666666666
1130,1,160,52,108,20.68,81,27,54,24.0,665536,169600,835232,211280,4,0,51,5,0,250421-100002_Run_1982_Idx_74221,4960,0,5e-05,20000000,13310720.0,3392000.0,16704640.0,4225600.0,0.675,0.6666666666666666
1131,1,145,45,100,24.06,45,15,30,18.18,1812672,588032,589120,209344,7,0,51,5,0,250421-090745_Run_1007_Idx_71006,2520,0,5e-05,20000000,36253440.0,11760640.0,11782400.0,4186880.0,0.6896551724137931,0.6666666666666666
1132,1,145,46,99,25.9,45,15,30,27.0,2113792,672680,1099368,366456,7,0,51,5,0,250421-085640_Run_927_Idx_79281,2320,0,5e-05,20000000,42275840.0,13453600.0,21987360.0,7329120.0,0.6827586206896552,0.6666666666666666
1133,1,80,24,56,22.71,18,6,12,21.22,1769696,472032,609232,241456,14,0,51,5,0,250421-095448_Run_1852_Idx_61908,4630,0,5e-05,20000000,35393920.0,9440640.0,12184640.0,4829120.0,0.7,0.6666666666666666
1134,1,160,62,98,23.34,144,48,96,27.0,191184,67696,645120,215040,2,0,51,5,0,250421-092630_Run_701_Idx_88807,1760,0,5e-05,20000000,3823680.0,1353920.0,12902400.0,4300800.0,0.6125,0.6666666666666666
1135,1,145,47,98,21.73,45,15,30,24.0,1771392,450928,981200,248288,7,0,51,5,0,250421-090603_Run_895_Idx_33549,2240,0,5e-05,20000000,35427840.0,9018560.0,19624000.0,4965760.0,0.6758620689655173,0.6666666666666666
1136,1,160,48,112,25.99,81,27,54,27.0,892224,275552,935928,311976,4,0,51,5,0,250421-085619_Run_214_Idx_34316,540,0,5e-05,20000000,17844480.0,5511040.0,18718560.0,6239520.0,0.7,0.6666666666666666
1137,1,80,24,56,26.0,18,6,12,27.0,2399416,708056,1069776,356592,14,0,51,5,0,250421-085439_Run_696_Idx_61908,1740,0,5e-05,20000000,47988320.0,14161120.0,21395520.0,7131840.0,0.7,0.6666666666666666
1138,1,80,25,55,24.86,18,6,12,27.0,2240416,630688,1069776,356592,14,0,51,5,0,250421-093501_Run_1268_Idx_66277,3170,0,5e-05,20000000,44808320.0,12613760.0,21395520.0,7131840.0,0.6875,0.6666666666666666
1139,1,145,47,98,24.88,45,18,27,21.6,2011552,669328,825816,251832,7,0,51,5,0,250421-091358_Run_271_Idx_56859,680,0,5e-05,20000000,40231040.0,13386560.0,16516320.0,5036640.0,0.6758620689655173,0.6
1140,1,160,48,112,26.3,144,48,96,27.0,226560,70016,645120,215040,2,0,51,5,0,250421-092515_Run_113_Idx_39758,290,0,5e-05,20000000,4531200.0,1400320.0,12902400.0,4300800.0,0.7,0.6666666666666666
1141,1,160,50,110,22.72,81,28,53,23.02,700648,184904,483320,188880,4,0,51,5,0,250421-095658_Run_1874_Idx_45004,4690,0,5e-05,20000000,14012960.0,3698080.0,9666400.0,3777600.0,0.6875,0.654320987654321
1142,1,80,25,55,23.09,18,6,12,24.0,1670912,493088,954640,241456,14,0,51,5,0,250421-095452_Run_1820_Idx_47249,4550,0,5e-05,20000000,33418240.0,9861760.0,19092800.0,4829120.0,0.6875,0.6666666666666666
1143,1,160,48,112,26.2,144,48,96,24.0,219904,68352,549552,145536,2,0,51,5,0,250421-092140_Run_601_Idx_7420,1510,0,5e-05,20000000,4398080.0,1367040.0,10991040.0,2910720.0,0.7,0.6666666666666666
1144,1,160,48,112,26.08,81,27,54,27.0,892224,275552,935928,311976,4,0,51,5,0,250421-094438_Run_1234_Idx_93338,3090,0,5e-05,20000000,17844480.0,5511040.0,18718560.0,6239520.0,0.7,0.6666666666666666
1145,1,145,46,99,26.28,45,15,30,27.0,2182272,706920,1099368,366456,7,0,51,5,0,250421-091100_Run_163_Idx_57481,410,0,5e-05,20000000,43645440.0,14138400.0,21987360.0,7329120.0,0.6827586206896552,0.6666666666666666
1146,1,80,25,55,24.35,18,6,12,21.22,2082744,669864,609232,241456,14,0,51,5,0,250421-094106_Run_1128_Idx_26496,2820,0,5e-05,20000000,41654880.0,13397280.0,12184640.0,4829120.0,0.6875,0.6666666666666666
1147,1,145,46,99,25.9,45,15,30,27.0,2113792,672680,1099368,366456,7,0,51,5,0,250421-092358_Run_831_Idx_79281,2080,0,5e-05,20000000,42275840.0,13453600.0,21987360.0,7329120.0,0.6827586206896552,0.6666666666666666
1148,1,145,47,98,24.79,45,15,30,27.0,1976832,587888,1099368,366456,7,0,51,5,0,250421-094144_Run_1063_Idx_35805,2660,0,5e-05,20000000,39536640.0,11757760.0,21987360.0,7329120.0,0.6758620689655173,0.6666666666666666
1149,1,80,25,55,20.04,18,6,12,13.33,1604120,486184,33552,11184,14,0,51,5,0,250421-093656_Run_1200_Idx_57146,3000,0,5e-05,20000000,32082400.0,9723680.0,671040.0,223680.0,0.6875,0.6666666666666666
1150,1,145,45,100,26.17,45,15,30,27.0,2120832,673632,1099368,366456,7,0,51,5,0,250421-091311_Run_987_Idx_71006,2470,0,5e-05,20000000,42416640.0,13472640.0,21987360.0,7329120.0,0.6896551724137931,0.6666666666666666
1151,1,160,48,112,26.0,144,48,96,27.0,212224,66432,645120,215040,2,0,51,5,0,250421-090646_Run_297_Idx_1990,750,0,5e-05,20000000,4244480.0,1328640.0,12902400.0,4300800.0,0.7,0.6666666666666666
1152,1,80,25,55,22.94,18,6,12,21.0,1848048,552184,609232,241456,14,0,51,5,0,250421-090832_Run_1004_Idx_65229,2510,0,5e-05,20000000,36960960.0,11043680.0,12184640.0,4829120.0,0.6875,0.6666666666666666
1153,1,145,47,98,25.25,45,15,30,24.0,2096672,639248,956704,261856,7,0,51,5,0,250421-090040_Run_199_Idx_5328,500,0,5e-05,20000000,41933440.0,12784960.0,19134080.0,5237120.0,0.6758620689655173,0.6666666666666666
1154,1,160,48,112,25.47,81,27,54,24.0,892224,275552,750320,193088,4,0,51,5,0,250421-091913_Run_134_Idx_34316,340,0,5e-05,20000000,17844480.0,5511040.0,15006400.0,3861760.0,0.7,0.6666666666666666
1155,1,80,25,55,22.21,18,6,12,27.0,1653136,533080,1069776,356592,14,0,51,5,0,250421-090614_Run_656_Idx_5633,1640,0,5e-05,20000000,33062720.0,10661600.0,21395520.0,7131840.0,0.6875,0.6666666666666666
1156,1,145,48,97,24.12,45,15,30,27.0,1521632,539096,1099368,366456,7,0,51,5,0,250421-090420_Run_1019_Idx_83992,2550,0,5e-05,20000000,30432640.0,10781920.0,21987360.0,7329120.0,0.6689655172413793,0.6666666666666666
1157,1,145,46,99,26.09,45,15,30,27.0,2130912,689800,1099368,366456,7,0,51,5,0,250421-092111_Run_127_Idx_57481,320,0,5e-05,20000000,42618240.0,13796000.0,21987360.0,7329120.0,0.6827586206896552,0.6666666666666666
1158,1,160,48,112,24.2,144,67,77,18.23,226560,70016,375792,126400,2,0,51,5,0,250421-085726_Run_805_Idx_11112,2020,0,5e-05,20000000,4531200.0,1400320.0,7515840.0,2528000.0,0.7,0.5347222222222222
1159,1,160,48,112,25.95,81,27,54,27.0,865984,268992,935928,311976,4,0,51,5,0,250421-090818_Run_530_Idx_75070,1330,0,5e-05,20000000,17319680.0,5379840.0,18718560.0,6239520.0,0.7,0.6666666666666666
1160,1,80,25,55,25.11,18,6,12,24.0,2082744,669864,609232,241456,14,0,51,5,0,250421-092020_Run_844_Idx_47249,2110,0,5e-05,20000000,41654880.0,13397280.0,12184640.0,4829120.0,0.6875,0.6666666666666666
1161,1,80,25,55,26.21,18,6,12,27.0,2476440,768288,1069776,356592,14,0,51,5,0,250421-085509_Run_456_Idx_66277,1140,0,5e-05,20000000,49528800.0,15365760.0,21395520.0,7131840.0,0.6875,0.6666666666666666
1162,1,80,25,55,24.86,18,6,12,24.0,2378016,669864,954640,241456,14,0,51,5,0,250421-091743_Run_732_Idx_89663,1830,0,5e-05,20000000,47560320.0,13397280.0,19092800.0,4829120.0,0.6875,0.6666666666666666
1163,1,160,48,112,25.6,144,48,96,22.33,226560,70016,497424,136848,2,0,51,5,0,250421-094046_Run_1365_Idx_13251,3420,0,5e-05,20000000,4531200.0,1400320.0,9948480.0,2736960.0,0.7,0.6666666666666666
1164,1,145,47,98,26.09,45,15,30,27.0,2165152,707728,1099368,366456,7,0,51,5,0,250421-085823_Run_207_Idx_5328,520,0,5e-05,20000000,43303040.0,14154560.0,21987360.0,7329120.0,0.6758620689655173,0.6666666666666666
1165,1,160,48,112,26.2,144,48,96,27.0,219904,68352,645120,215040,2,0,51,5,0,250421-093339_Run_1449_Idx_7420,3630,0,5e-05,20000000,4398080.0,1367040.0,12902400.0,4300800.0,0.7,0.6666666666666666
1166,1,160,48,112,26.12,81,27,54,27.0,892224,275552,935928,311976,4,0,51,5,0,250421-093700_Run_1378_Idx_85773,3450,0,5e-05,20000000,17844480.0,5511040.0,18718560.0,6239520.0,0.7,0.6666666666666666
1167,1,145,45,100,24.53,45,15,30,19.2,2028192,620512,248184,65376,7,0,51,5,0,250421-093610_Run_1083_Idx_95480,2710,0,5e-05,20000000,40563840.0,12410240.0,4963680.0,1307520.0,0.6896551724137931,0.6666666666666666
1168,1,145,45,100,24.37,45,15,30,21.0,1727072,570912,615376,235600,7,0,51,5,0,250421-092927_Run_1523_Idx_50286,3810,0,5e-05,20000000,34541440.0,11418240.0,12307520.0,4712000.0,0.6896551724137931,0.6666666666666666
1169,1,160,48,112,26.08,81,27,54,27.0,892224,275552,935928,311976,4,0,51,5,0,250421-090714_Run_770_Idx_960,1930,0,5e-05,20000000,17844480.0,5511040.0,18718560.0,6239520.0,0.7,0.6666666666666666
1170,1,145,46,99,24.91,45,15,30,21.78,2000992,657320,626696,248288,7,0,51,5,0,250421-093845_Run_1491_Idx_32731,3730,0,5e-05,20000000,40019840.0,13146400.0,12533920.0,4965760.0,0.6827586206896552,0.6666666666666666
1171,1,145,46,99,25.97,45,15,30,27.0,2028672,668520,1099368,366456,7,0,51,5,0,250421-092044_Run_247_Idx_72713,620,0,5e-05,20000000,40573440.0,13370400.0,21987360.0,7329120.0,0.6827586206896552,0.6666666666666666
1172,1,160,48,112,25.75,81,27,54,24.0,865984,268992,835232,211280,4,0,51,5,0,250421-094230_Run_1298_Idx_47915,3250,0,5e-05,20000000,17319680.0,5379840.0,16704640.0,4225600.0,0.7,0.6666666666666666
1173,1,80,25,55,26.0,18,6,12,27.0,2292120,722208,1069776,356592,14,0,51,5,0,250421-085634_Run_332_Idx_57146,830,0,5e-05,20000000,45842400.0,14444160.0,21395520.0,7131840.0,0.6875,0.6666666666666666
1174,1,160,48,112,26.0,81,27,54,27.0,865984,268992,935928,311976,4,0,51,5,0,250421-092604_Run_586_Idx_78813,1470,0,5e-05,20000000,17319680.0,5379840.0,18718560.0,6239520.0,0.7,0.6666666666666666
1175,1,145,45,100,25.38,45,15,30,24.11,1844352,604512,636232,250672,7,0,51,5,0,250421-092302_Run_359_Idx_10792,900,0,5e-05,20000000,36887040.0,12090240.0,12724640.0,5013440.0,0.6896551724137931,0.6666666666666666
1176,1,80,25,55,24.99,18,6,12,24.0,2232872,662960,954640,241456,14,0,51,5,0,250421-094234_Run_1180_Idx_57146,2950,0,5e-05,20000000,44657440.0,13259200.0,19092800.0,4829120.0,0.6875,0.6666666666666666
1177,1,80,25,55,26.21,18,6,12,27.0,2476440,768288,1069776,356592,14,0,51,5,0,250421-085155_Run_44_Idx_66277,110,0,5e-05,20000000,49528800.0,15365760.0,21395520.0,7131840.0,0.6875,0.6666666666666666
1178,1,160,48,112,25.95,81,27,54,24.0,865984,268992,707840,202184,4,0,51,5,0,250421-091031_Run_522_Idx_75070,1310,0,5e-05,20000000,17319680.0,5379840.0,14156800.0,4043680.0,0.7,0.6666666666666666
1179,1,160,51,109,21.69,81,27,54,27.0,503624,180016,935928,311976,4,0,51,5,0,250421-095754_Run_1990_Idx_88094,4980,0,5e-05,20000000,10072480.0,3600320.0,18718560.0,6239520.0,0.68125,0.6666666666666666
1180,1,145,45,100,26.28,45,15,30,27.0,2182272,688992,1099368,366456,7,0,51,5,0,250421-090711_Run_891_Idx_24331,2230,0,5e-05,20000000,43645440.0,13779840.0,21987360.0,7329120.0,0.6896551724137931,0.6666666666666666
1181,1,160,48,112,26.12,81,27,54,24.0,892224,275552,835232,211280,4,0,51,5,0,250421-093427_Run_1270_Idx_93338,3180,0,5e-05,20000000,17844480.0,5511040.0,16704640.0,4225600.0,0.7,0.6666666666666666
1182,1,80,25,55,24.86,18,6,12,21.22,2319736,729112,609232,241456,14,0,51,5,0,250421-095239_Run_1740_Idx_66277,4350,0,5e-05,20000000,46394720.0,14582240.0,12184640.0,4829120.0,0.6875,0.6666666666666666
1183,1,160,55,105,22.7,144,54,90,20.69,179704,54328,345384,124632,2,0,51,5,0,250421-095317_Run_1873_Idx_48177,4690,0,5e-05,20000000,3594080.0,1086560.0,6907680.0,2492640.0,0.65625,0.625
1184,1,145,45,100,20.58,45,15,30,16.29,1025152,399712,247728,143688,7,0,51,5,0,250421-094157_Run_1479_Idx_50286,3700,0,5e-05,20000000,20503040.0,7994240.0,4954560.0,2873760.0,0.6896551724137931,0.6666666666666666
1185,1,160,59,101,23.3,144,48,96,27.0,178456,59096,645120,215040,2,0,51,5,0,250421-094219_Run_1181_Idx_9037,2960,0,5e-05,20000000,3569120.0,1181920.0,12902400.0,4300800.0,0.63125,0.6666666666666666
1186,1,160,48,112,25.4,144,48,96,22.89,219904,68352,523488,136848,2,0,51,5,0,250421-085907_Run_681_Idx_7420,1710,0,5e-05,20000000,4398080.0,1367040.0,10469760.0,2736960.0,0.7,0.6666666666666666
1187,1,80,25,55,22.3,18,6,12,24.11,1931120,572952,618128,243680,14,0,51,5,0,250421-093039_Run_1400_Idx_47249,3500,0,5e-05,20000000,38622400.0,11459040.0,12362560.0,4873600.0,0.6875,0.6666666666666666
1188,1,160,48,112,25.38,81,27,54,24.0,892224,275552,670568,193088,4,0,51,5,0,250421-085437_Run_934_Idx_85773,2340,0,5e-05,20000000,17844480.0,5511040.0,13411360.0,3861760.0,0.7,0.6666666666666666
1189,1,145,47,98,22.61,45,15,30,27.0,1446592,515248,1099368,366456,7,0,51,5,0,250421-094037_Run_1187_Idx_40177,2970,0,5e-05,20000000,28931840.0,10304960.0,21987360.0,7329120.0,0.6758620689655173,0.6666666666666666
1190,1,145,45,100,20.61,45,15,30,24.0,1144992,296992,981200,248288,7,0,51,5,0,250421-093733_Run_1435_Idx_61030,3590,0,5e-05,20000000,22899840.0,5939840.0,19624000.0,4965760.0,0.6896551724137931,0.6666666666666666
1191,1,80,24,56,24.72,18,6,12,24.0,2125184,629704,609232,241456,14,0,51,5,0,250421-090135_Run_672_Idx_61908,1680,0,5e-05,20000000,42503680.0,12594080.0,12184640.0,4829120.0,0.7,0.6666666666666666
1192,1,160,48,112,25.75,81,27,54,24.0,865984,268992,835232,211280,4,0,51,5,0,250421-095309_Run_1858_Idx_78813,4650,0,5e-05,20000000,17319680.0,5379840.0,16704640.0,4225600.0,0.7,0.6666666666666666
1193,1,80,25,55,25.56,18,6,12,24.11,2243064,709944,618128,243680,14,0,51,5,0,250421-092243_Run_360_Idx_66277,900,0,5e-05,20000000,44861280.0,14198880.0,12362560.0,4873600.0,0.6875,0.6666666666666666
1194,1,145,45,100,25.9,45,15,30,27.0,2079552,654752,1099368,366456,7,0,51,5,0,250421-090325_Run_783_Idx_95480,1960,0,5e-05,20000000,41591040.0,13095040.0,21987360.0,7329120.0,0.6896551724137931,0.6666666666666666
1195,1,160,48,112,26.3,144,48,96,27.0,226560,70016,645120,215040,2,0,51,5,0,250421-091906_Run_373_Idx_25592,940,0,5e-05,20000000,4531200.0,1400320.0,12902400.0,4300800.0,0.7,0.6666666666666666
1196,1,160,48,112,25.95,81,27,54,27.0,865984,268992,935928,311976,4,0,51,5,0,250421-091351_Run_510_Idx_75070,1280,0,5e-05,20000000,17319680.0,5379840.0,18718560.0,6239520.0,0.7,0.6666666666666666
1197,1,145,44,101,22.76,45,15,30,15.36,1720032,551224,142704,117432,7,0,51,5,0,250421-094614_Run_1763_Idx_89913,4410,0,5e-05,20000000,34400640.0,11024480.0,2854080.0,2348640.0,0.696551724137931,0.6666666666666666
1198,1,160,63,97,17.44,144,48,96,24.0,123424,32328,575616,145536,2,0,51,5,0,250421-093120_Run_1457_Idx_61664,3650,0,5e-05,20000000,2468480.0,646560.0,11512320.0,2910720.0,0.60625,0.6666666666666666
1199,1,160,55,105,20.64,81,27,54,24.0,691488,176928,835232,211280,4,0,51,5,0,250421-095632_Run_1814_Idx_18810,4540,0,5e-05,20000000,13829760.0,3538560.0,16704640.0,4225600.0,0.65625,0.6666666666666666
1200,1,80,24,56,22.66,18,6,12,15.44,1811304,472640,618128,243680,14,0,51,5,0,250421-093023_Run_1520_Idx_54226,3800,0,5e-05,20000000,36226080.0,9452800.0,12362560.0,4873600.0,0.7,0.6666666666666666
1201,1,160,59,101,22.67,81,27,54,27.0,670816,232512,935928,311976,4,0,51,5,0,250421-092017_Run_606_Idx_8018,1520,0,5e-05,20000000,13416320.0,4650240.0,18718560.0,6239520.0,0.63125,0.6666666666666666
1202,1,145,45,100,21.72,45,15,30,27.0,1326272,466432,1099368,366456,7,0,51,5,0,250421-094539_Run_1551_Idx_95480,3880,0,5e-05,20000000,26525440.0,9328640.0,21987360.0,7329120.0,0.6896551724137931,0.6666666666666666
1203,1,160,57,103,20.59,81,27,54,24.0,537704,170824,667520,202184,4,0,51,5,0,250421-093119_Run_1162_Idx_6329,2910,0,5e-05,20000000,10754080.0,3416480.0,13350400.0,4043680.0,0.64375,0.6666666666666666
1204,1,145,46,99,25.72,45,15,30,24.0,2130912,655560,981200,248288,7,0,51,5,0,250421-084851_Run_39_Idx_79281,100,0,5e-05,20000000,42618240.0,13111200.0,19624000.0,4965760.0,0.6827586206896552,0.6666666666666666
1205,1,80,25,55,26.3,18,6,12,27.0,2476440,768288,1069776,356592,14,0,51,5,0,250421-085542_Run_216_Idx_26496,540,0,5e-05,20000000,49528800.0,15365760.0,21395520.0,7131840.0,0.6875,0.6666666666666666
1206,1,80,24,56,17.06,18,6,12,24.0,1081696,275184,954640,241456,14,0,51,5,0,250421-093355_Run_1508_Idx_54226,3770,0,5e-05,20000000,21633920.0,5503680.0,19092800.0,4829120.0,0.7,0.6666666666666666
1207,1,160,53,107,20.3,81,30,51,14.46,655408,187472,276584,105944,4,0,51,5,0,250421-094630_Run_1610_Idx_55670,4030,0,5e-05,20000000,13108160.0,3749440.0,5531680.0,2118880.0,0.66875,0.6296296296296297
1208,1,160,60,100,21.58,144,48,96,27.0,158800,56256,645120,215040,2,0,51,5,0,250421-093228_Run_1453_Idx_47159,3640,0,5e-05,20000000,3176000.0,1125120.0,12902400.0,4300800.0,0.625,0.6666666666666666
1209,1,160,53,107,20.66,81,27,54,24.0,664960,169664,835232,211280,4,0,51,5,0,250421-094657_Run_1670_Idx_39377,4180,0,5e-05,20000000,13299200.0,3393280.0,16704640.0,4225600.0,0.66875,0.6666666666666666
1210,1,145,45,100,20.87,45,15,30,20.62,1428992,500672,626696,248288,7,0,51,5,0,250421-094938_Run_1751_Idx_10792,4380,0,5e-05,20000000,28579840.0,10013440.0,12533920.0,4965760.0,0.6896551724137931,0.6666666666666666
1211,1,160,48,112,26.3,144,48,96,27.0,226560,70016,645120,215040,2,0,51,5,0,250421-092737_Run_105_Idx_39758,270,0,5e-05,20000000,4531200.0,1400320.0,12902400.0,4300800.0,0.7,0.6666666666666666
1212,1,160,48,112,26.3,144,48,96,27.0,226560,70016,645120,215040,2,0,51,5,0,250421-085717_Run_449_Idx_25592,1130,0,5e-05,20000000,4531200.0,1400320.0,12902400.0,4300800.0,0.7,0.6666666666666666
1213,1,160,48,112,24.9,144,64,80,20.33,226560,70016,471360,139024,2,0,51,5,0,250421-091215_Run_397_Idx_55018,1000,0,5e-05,20000000,4531200.0,1400320.0,9427200.0,2780480.0,0.7,0.5555555555555556
1214,1,160,48,112,26.3,144,48,96,27.0,226560,70016,645120,215040,2,0,51,5,0,250421-091425_Run_865_Idx_13251,2170,0,5e-05,20000000,4531200.0,1400320.0,12902400.0,4300800.0,0.7,0.6666666666666666
1215,1,145,49,96,24.08,45,15,30,27.0,1634432,572384,1099368,366456,7,0,51,5,0,250421-091821_Run_851_Idx_8401,2130,0,5e-05,20000000,32688640.0,11447680.0,21987360.0,7329120.0,0.6620689655172414,0.6666666666666666
1216,1,160,59,101,23.34,81,27,54,27.0,679768,239072,935928,311976,4,0,51,5,0,250421-090513_Run_898_Idx_55921,2250,0,5e-05,20000000,13595360.0,4781440.0,18718560.0,6239520.0,0.63125,0.6666666666666666
1217,1,80,26,54,23.11,18,6,12,24.0,2221216,573240,954640,241456,14,0,51,5,0,250421-092600_Run_824_Idx_29372,2060,0,5e-05,20000000,44424320.0,11464800.0,19092800.0,4829120.0,0.675,0.6666666666666666
1218,1,160,48,112,26.0,144,48,96,27.0,212224,66432,645120,215040,2,0,51,5,0,250421-085618_Run_333_Idx_1990,840,0,5e-05,20000000,4244480.0,1328640.0,12902400.0,4300800.0,0.7,0.6666666666666666
1219,1,80,25,55,22.94,18,6,12,21.0,1848048,552184,609232,241456,14,0,51,5,0,250421-095056_Run_1564_Idx_65229,3910,0,5e-05,20000000,36960960.0,11043680.0,12184640.0,4829120.0,0.6875,0.6666666666666666
1220,1,80,24,56,17.0,18,6,12,18.44,1181088,393680,609232,241456,14,0,51,5,0,250421-095656_Run_1844_Idx_61908,4610,0,5e-05,20000000,23621760.0,7873600.0,12184640.0,4829120.0,0.7,0.6666666666666666
1221,1,145,45,100,25.2,45,15,30,24.0,2113792,620512,981200,248288,7,0,51,5,0,250421-092924_Run_1107_Idx_95480,2770,0,5e-05,20000000,42275840.0,12410240.0,19624000.0,4965760.0,0.6896551724137931,0.6666666666666666
1222,1,160,55,105,22.07,81,30,51,20.46,734192,219344,434976,167208,4,0,51,5,0,250421-094851_Run_1754_Idx_22949,4390,0,5e-05,20000000,14683840.0,4386880.0,8699520.0,3344160.0,0.65625,0.6296296296296297
1223,1,145,46,99,26.17,45,15,30,27.0,2120832,691560,1099368,366456,7,0,51,5,0,250421-085120_Run_59_Idx_32731,150,0,5e-05,20000000,42416640.0,13831200.0,21987360.0,7329120.0,0.6827586206896552,0.6666666666666666
1224,1,160,48,112,26.12,81,27,54,24.0,892224,275552,835232,211280,4,0,51,5,0,250421-090514_Run_422_Idx_93338,1060,0,5e-05,20000000,17844480.0,5511040.0,16704640.0,4225600.0,0.7,0.6666666666666666
1225,1,160,58,102,23.6,144,48,96,27.0,191184,61008,645120,215040,2,0,51,5,0,250421-094218_Run_1061_Idx_1553,2660,0,5e-05,20000000,3823680.0,1220160.0,12902400.0,4300800.0,0.6375,0.6666666666666666
1226,1,145,46,99,22.81,45,15,30,18.53,1624352,486120,626696,248288,7,0,51,5,0,250421-093412_Run_1327_Idx_25884,3320,0,5e-05,20000000,32487040.0,9722400.0,12533920.0,4965760.0,0.6827586206896552,0.6666666666666666
1227,1,145,45,100,25.34,45,15,30,24.0,2113792,620512,981200,248288,7,0,51,5,0,250421-092446_Run_707_Idx_95480,1770,0,5e-05,20000000,42275840.0,12410240.0,19624000.0,4965760.0,0.6896551724137931,0.6666666666666666
1228,1,160,48,112,25.4,144,48,96,24.0,219904,68352,497424,145536,2,0,51,5,0,250421-092901_Run_1465_Idx_7420,3670,0,5e-05,20000000,4398080.0,1367040.0,9948480.0,2910720.0,0.7,0.6666666666666666
1229,1,160,51,109,20.5,81,27,54,16.38,665248,169248,448936,114336,4,0,51,5,0,250421-095919_Run_1958_Idx_16983,4900,0,5e-05,20000000,13304960.0,3384960.0,8978720.0,2286720.0,0.68125,0.6666666666666666
1230,1,80,25,55,20.91,18,6,12,15.0,1958640,584608,494096,126320,14,0,51,5,0,250421-095808_Run_1908_Idx_57146,4770,0,5e-05,20000000,39172800.0,11692160.0,9881920.0,2526400.0,0.6875,0.6666666666666666
1231,1,160,62,98,18.54,144,56,88,21.06,130080,40360,436608,129248,2,0,51,5,0,250421-094407_Run_1117_Idx_66524,2800,0,5e-05,20000000,2601600.0,807200.0,8732160.0,2584960.0,0.6125,0.6111111111111112
1232,1,145,45,100,26.17,45,15,30,27.0,2120832,673632,1099368,366456,7,0,51,5,0,250421-085609_Run_691_Idx_61030,1730,0,5e-05,20000000,42416640.0,13472640.0,21987360.0,7329120.0,0.6896551724137931,0.6666666666666666
1233,1,160,48,112,23.88,81,28,53,20.38,830272,260064,478272,180080,4,0,51,5,0,250421-095946_Run_1902_Idx_79768,4760,0,5e-05,20000000,16605440.0,5201280.0,9565440.0,3601600.0,0.7,0.654320987654321
1234,1,160,48,112,25.0,144,48,96,22.88,212224,66432,471360,119472,2,0,51,5,0,250421-093110_Run_1221_Idx_1990,3060,0,5e-05,20000000,4244480.0,1328640.0,9427200.0,2389440.0,0.7,0.6666666666666666
1235,1,80,25,55,26.21,18,6,12,27.0,2476440,768288,1069776,356592,14,0,51,5,0,250421-091555_Run_384_Idx_66277,960,0,5e-05,20000000,49528800.0,15365760.0,21395520.0,7131840.0,0.6875,0.6666666666666666
1236,1,160,48,112,26.12,81,27,54,27.0,892224,275552,935928,311976,4,0,51,5,0,250421-085101_Run_34_Idx_85773,90,0,5e-05,20000000,17844480.0,5511040.0,18718560.0,6239520.0,0.7,0.6666666666666666
1237,1,160,48,112,26.3,144,48,96,27.0,226560,70016,645120,215040,2,0,51,5,0,250421-085116_Run_85_Idx_82062,220,0,5e-05,20000000,4531200.0,1400320.0,12902400.0,4300800.0,0.7,0.6666666666666666
1238,1,160,48,112,25.3,81,27,54,24.0,865984,268992,632024,193088,4,0,51,5,0,250421-092843_Run_1466_Idx_78813,3670,0,5e-05,20000000,17319680.0,5379840.0,12640480.0,3861760.0,0.7,0.6666666666666666
1239,1,80,25,55,25.02,18,6,12,24.11,1943040,625296,618128,243680,14,0,51,5,0,250421-091128_Run_280_Idx_57146,700,0,5e-05,20000000,38860800.0,12505920.0,12362560.0,4873600.0,0.6875,0.6666666666666666
1240,1,80,24,56,25.06,18,6,12,24.0,2242712,668880,609232,241456,14,0,51,5,0,250421-090242_Run_668_Idx_61908,1670,0,5e-05,20000000,44854240.0,13377600.0,12184640.0,4829120.0,0.7,0.6666666666666666
1241,1,160,48,112,26.2,144,48,96,24.0,219904,68352,471360,145536,2,0,51,5,0,250421-093555_Run_1321_Idx_5687,3310,0,5e-05,20000000,4398080.0,1367040.0,9427200.0,2910720.0,0.7,0.6666666666666666
1242,1,160,48,112,26.2,144,48,96,27.0,219904,68352,645120,215040,2,0,51,5,0,250421-090836_Run_529_Idx_81871,1330,0,5e-05,20000000,4398080.0,1367040.0,12902400.0,4300800.0,0.7,0.6666666666666666
1243,1,80,25,55,22.95,18,6,12,15.44,2082744,669864,148688,126320,14,0,51,5,0,250421-094558_Run_1764_Idx_66277,4410,0,5e-05,20000000,41654880.0,13397280.0,2973760.0,2526400.0,0.6875,0.6666666666666666
1244,1,160,48,112,25.6,144,48,96,24.0,226560,70016,549552,145536,2,0,51,5,0,250421-085353_Run_817_Idx_82062,2050,0,5e-05,20000000,4531200.0,1400320.0,10991040.0,2910720.0,0.7,0.6666666666666666
1245,1,80,25,55,23.0,18,6,12,24.0,2220344,571440,954640,241456,14,0,51,5,0,250421-095558_Run_1816_Idx_47249,4540,0,5e-05,20000000,44406880.0,11428800.0,19092800.0,4829120.0,0.6875,0.6666666666666666
1246,1,160,48,112,25.85,81,27,54,24.0,865984,268992,835232,211280,4,0,51,5,0,250421-095555_Run_1786_Idx_47915,4470,0,5e-05,20000000,17319680.0,5379840.0,16704640.0,4225600.0,0.7,0.6666666666666666
1247,1,160,55,105,22.09,144,48,96,27.0,150760,54328,645120,215040,2,0,51,5,0,250421-095813_Run_1989_Idx_5863,4980,0,5e-05,20000000,3015200.0,1086560.0,12902400.0,4300800.0,0.65625,0.6666666666666666
1248,1,160,48,112,26.3,144,48,96,27.0,226560,70016,645120,215040,2,0,51,5,0,250421-091404_Run_745_Idx_82062,1870,0,5e-05,20000000,4531200.0,1400320.0,12902400.0,4300800.0,0.7,0.6666666666666666
1249,1,160,50,110,23.25,81,27,54,15.68,674696,178344,541464,213360,4,0,51,5,0,250421-093058_Run_1518_Idx_74976,3800,0,5e-05,20000000,13493920.0,3566880.0,10829280.0,4267200.0,0.6875,0.6666666666666666
1250,1,160,59,101,22.12,144,51,93,21.0,181536,62680,375792,128568,2,0,51,5,0,250421-095457_Run_1773_Idx_88807,4440,0,5e-05,20000000,3630720.0,1253600.0,7515840.0,2571360.0,0.63125,0.6458333333333334
1251,1,80,25,55,20.96,18,6,12,12.33,1829128,533776,35776,13408,14,0,51,5,0,250421-093954_Run_1368_Idx_47249,3420,0,5e-05,20000000,36582560.0,10675520.0,715520.0,268160.0,0.6875,0.6666666666666666
1252,1,160,54,106,21.21,144,48,96,22.5,152592,54320,471360,145536,2,0,51,5,0,250421-095820_Run_1893_Idx_82127,4740,0,5e-05,20000000,3051840.0,1086400.0,9427200.0,2910720.0,0.6625,0.6666666666666666
1253,1,80,25,55,23.78,18,6,12,21.0,2076168,623784,494096,126320,14,0,51,5,0,250421-093015_Run_1224_Idx_57146,3060,0,5e-05,20000000,41523360.0,12475680.0,9881920.0,2526400.0,0.6875,0.6666666666666666
1254,1,80,25,55,25.2,18,6,12,24.0,2417192,709040,954640,241456,14,0,51,5,0,250421-093351_Run_1272_Idx_66277,3180,0,5e-05,20000000,48343840.0,14180800.0,19092800.0,4829120.0,0.6875,0.6666666666666666
1255,1,160,48,112,26.08,81,27,54,24.0,892224,275552,835232,211280,4,0,51,5,0,250421-091818_Run_730_Idx_960,1830,0,5e-05,20000000,17844480.0,5511040.0,16704640.0,4225600.0,0.7,0.6666666666666666
1256,1,160,48,112,26.3,144,48,96,24.0,226560,70016,575616,145536,2,0,51,5,0,250421-085827_Run_445_Idx_25592,1120,0,5e-05,20000000,4531200.0,1400320.0,11512320.0,2910720.0,0.7,0.6666666666666666
1257,1,145,48,97,24.39,45,18,27,21.13,1795552,590456,797800,264520,7,0,51,5,0,250421-091056_Run_639_Idx_8831,1600,0,5e-05,20000000,35911040.0,11809120.0,15956000.0,5290400.0,0.6689655172413793,0.6
1258,1,145,46,99,25.97,45,15,30,27.0,2028672,668520,1099368,366456,7,0,51,5,0,250421-091036_Run_283_Idx_72713,710,0,5e-05,20000000,40573440.0,13370400.0,21987360.0,7329120.0,0.6827586206896552,0.6666666666666666
1259,1,160,48,112,25.95,81,27,54,24.0,865984,268992,575624,202184,4,0,51,5,0,250421-093536_Run_1322_Idx_47915,3310,0,5e-05,20000000,17319680.0,5379840.0,11512480.0,4043680.0,0.7,0.6666666666666666
1260,1,160,48,112,25.99,81,27,54,27.0,892224,275552,935928,311976,4,0,51,5,0,250421-090757_Run_174_Idx_34316,440,0,5e-05,20000000,17844480.0,5511040.0,18718560.0,6239520.0,0.7,0.6666666666666666
1261,1,160,74,86,12.39,144,67,77,11.24,89880,37912,202032,74272,2,0,51,5,0,250421-094147_Run_1361_Idx_30392,3410,0,5e-05,20000000,1797600.0,758240.0,4040640.0,1485440.0,0.5375,0.5347222222222222
1262,1,145,45,100,25.34,45,15,30,24.0,2113792,620512,981200,248288,7,0,51,5,0,250421-090442_Run_779_Idx_95480,1950,0,5e-05,20000000,42275840.0,12410240.0,19624000.0,4965760.0,0.6896551724137931,0.6666666666666666
1263,1,160,48,112,25.99,81,27,54,24.0,892224,275552,835232,211280,4,0,51,5,0,250421-094033_Run_1130_Idx_34316,2830,0,5e-05,20000000,17844480.0,5511040.0,16704640.0,4225600.0,0.7,0.6666666666666666
1264,1,145,46,99,24.41,45,15,30,27.0,1497472,535720,1099368,366456,7,0,51,5,0,250421-095951_Run_1943_Idx_57481,4860,0,5e-05,20000000,29949440.0,10714400.0,21987360.0,7329120.0,0.6827586206896552,0.6666666666666666
1265,1,80,25,55,21.61,18,6,12,21.0,1612632,552336,609232,241456,14,0,51,5,0,250421-094020_Run_1068_Idx_89663,2670,0,5e-05,20000000,32252640.0,11046720.0,12184640.0,4829120.0,0.6875,0.6666666666666666
1266,1,160,48,112,25.99,81,27,54,27.0,892224,275552,935928,311976,4,0,51,5,0,250421-095635_Run_1830_Idx_34316,4580,0,5e-05,20000000,17844480.0,5511040.0,18718560.0,6239520.0,0.7,0.6666666666666666
1267,1,160,48,112,26.2,144,48,96,27.0,219904,68352,645120,215040,2,0,51,5,0,250421-085705_Run_569_Idx_81871,1430,0,5e-05,20000000,4398080.0,1367040.0,12902400.0,4300800.0,0.7,0.6666666666666666
1268,1,160,56,104,22.35,144,48,96,27.0,165456,57664,645120,215040,2,0,51,5,0,250421-095438_Run_1821_Idx_59888,4560,0,5e-05,20000000,3309120.0,1153280.0,12902400.0,4300800.0,0.65,0.6666666666666666
1269,1,80,24,56,25.52,18,6,12,27.0,2201600,648808,1069776,356592,14,0,51,5,0,250421-092708_Run_464_Idx_54226,1160,0,5e-05,20000000,44032000.0,12976160.0,21395520.0,7131840.0,0.7,0.6666666666666666
1270,1,160,57,103,23.5,144,48,96,27.0,182920,57672,645120,215040,2,0,51,5,0,250421-094504_Run_1585_Idx_75451,3970,0,5e-05,20000000,3658400.0,1153440.0,12902400.0,4300800.0,0.64375,0.6666666666666666
1271,1,145,47,98,25.24,45,15,30,24.0,1932512,623888,877936,261856,7,0,51,5,0,250421-090951_Run_643_Idx_47804,1610,0,5e-05,20000000,38650240.0,12477760.0,17558720.0,5237120.0,0.6758620689655173,0.6666666666666666
1272,1,160,48,112,25.78,81,27,54,24.0,892224,275552,835232,211280,4,0,51,5,0,250421-092942_Run_1106_Idx_960,2770,0,5e-05,20000000,17844480.0,5511040.0,16704640.0,4225600.0,0.7,0.6666666666666666
1273,1,80,25,55,25.2,18,6,12,24.0,2082744,669864,609232,241456,14,0,51,5,0,250421-091957_Run_724_Idx_89663,1810,0,5e-05,20000000,41654880.0,13397280.0,12184640.0,4829120.0,0.6875,0.6666666666666666
1274,1,160,48,112,26.12,81,27,54,24.0,892224,275552,835232,211280,4,0,51,5,0,250421-084930_Run_38_Idx_85773,100,0,5e-05,20000000,17844480.0,5511040.0,16704640.0,4225600.0,0.7,0.6666666666666666
1275,1,145,46,99,25.97,45,15,30,27.0,2028672,668520,1099368,366456,7,0,51,5,0,250421-095032_Run_1595_Idx_72713,3990,0,5e-05,20000000,40573440.0,13370400.0,21987360.0,7329120.0,0.6827586206896552,0.6666666666666666
1276,1,160,58,102,21.91,144,48,96,27.0,126864,44928,645120,215040,2,0,51,5,0,250421-095922_Run_1945_Idx_45604,4870,0,5e-05,20000000,2537280.0,898560.0,12902400.0,4300800.0,0.6375,0.6666666666666666
1277,1,145,47,98,25.9,45,15,30,27.0,2148032,690608,1099368,366456,7,0,51,5,0,250421-085159_Run_31_Idx_33549,80,0,5e-05,20000000,42960640.0,13812160.0,21987360.0,7329120.0,0.6758620689655173,0.6666666666666666
1278,1,80,25,55,25.56,18,6,12,24.11,2243064,709944,618128,243680,14,0,51,5,0,250421-085956_Run_440_Idx_66277,1100,0,5e-05,20000000,44861280.0,14198880.0,12362560.0,4873600.0,0.6875,0.6666666666666666
1279,1,80,25,55,24.36,18,6,12,21.0,2242712,709856,609232,241456,14,0,51,5,0,250421-092258_Run_952_Idx_65229,2380,0,5e-05,20000000,44854240.0,14197120.0,12184640.0,4829120.0,0.6875,0.6666666666666666
1280,1,160,58,102,20.2,144,52,92,17.86,175104,44928,323664,85264,2,0,51,5,0,250421-095223_Run_1741_Idx_28619,4360,0,5e-05,20000000,3502080.0,898560.0,6473280.0,1705280.0,0.6375,0.6388888888888888
1281,1,145,45,100,22.99,45,15,30,16.24,1993952,620512,511200,196656,7,0,51,5,0,250421-085756_Run_803_Idx_95480,2010,0,5e-05,20000000,39879040.0,12410240.0,10224000.0,3933120.0,0.6896551724137931,0.6666666666666666
1282,1,160,54,106,23.05,81,27,54,27.0,699536,204592,935928,311976,4,0,51,5,0,250421-094123_Run_1302_Idx_36891,3260,0,5e-05,20000000,13990720.0,4091840.0,18718560.0,6239520.0,0.6625,0.6666666666666666
1283,1,145,48,97,22.89,45,15,30,22.22,1847584,556888,775200,197184,7,0,51,5,0,250421-085833_Run_683_Idx_39818,1710,0,5e-05,20000000,36951680.0,11137760.0,15504000.0,3943680.0,0.6689655172413793,0.6666666666666666
1284,1,80,25,55,26.21,18,6,12,27.0,2476440,768288,1069776,356592,14,0,51,5,0,250421-091811_Run_376_Idx_66277,940,0,5e-05,20000000,49528800.0,15365760.0,21395520.0,7131840.0,0.6875,0.6666666666666666
1285,1,160,48,112,26.2,144,48,96,22.44,219904,68352,475704,145536,2,0,51,5,0,250421-095718_Run_1925_Idx_5687,4820,0,5e-05,20000000,4398080.0,1367040.0,9514080.0,2910720.0,0.7,0.6666666666666666
1286,1,80,25,55,21.15,18,6,12,15.22,1535608,533080,609232,241456,14,0,51,5,0,250421-095935_Run_1916_Idx_65229,4790,0,5e-05,20000000,30712160.0,10661600.0,12184640.0,4829120.0,0.6875,0.6666666666666666
1287,1,145,46,99,25.97,45,15,30,27.0,2028672,668520,1099368,366456,7,0,51,5,0,250421-092520_Run_231_Idx_72713,580,0,5e-05,20000000,40573440.0,13370400.0,21987360.0,7329120.0,0.6827586206896552,0.6666666666666666
1288,1,160,48,112,25.95,81,27,54,27.0,865984,268992,935928,311976,4,0,51,5,0,250421-091439_Run_982_Idx_47915,2460,0,5e-05,20000000,17319680.0,5379840.0,18718560.0,6239520.0,0.7,0.6666666666666666
1289,1,160,48,112,26.0,144,48,96,27.0,212224,66432,645120,215040,2,0,51,5,0,250421-095108_Run_1593_Idx_1990,3990,0,5e-05,20000000,4244480.0,1328640.0,12902400.0,4300800.0,0.7,0.6666666666666666
1290,1,160,48,112,26.0,81,27,54,27.0,865984,268992,935928,311976,4,0,51,5,0,250421-085625_Run_690_Idx_78813,1730,0,5e-05,20000000,17319680.0,5379840.0,18718560.0,6239520.0,0.7,0.6666666666666666
1291,1,145,45,100,26.17,45,15,30,27.0,2120832,673632,1099368,366456,7,0,51,5,0,250421-084928_Run_103_Idx_71006,260,0,5e-05,20000000,42416640.0,13472640.0,21987360.0,7329120.0,0.6896551724137931,0.6666666666666666
1292,1,160,48,112,25.95,81,27,54,24.0,865984,268992,835232,211280,4,0,51,5,0,250421-092521_Run_470_Idx_75070,1180,0,5e-05,20000000,17319680.0,5379840.0,16704640.0,4225600.0,0.7,0.6666666666666666
1293,1,160,48,112,26.12,81,27,54,27.0,892224,275552,935928,311976,4,0,51,5,0,250421-090134_Run_910_Idx_85773,2280,0,5e-05,20000000,17844480.0,5511040.0,18718560.0,6239520.0,0.7,0.6666666666666666
1294,1,80,26,54,24.31,18,6,12,27.0,1812456,613232,1069776,356592,14,0,51,5,0,250421-090400_Run_1020_Idx_76244,2550,0,5e-05,20000000,36249120.0,12264640.0,21395520.0,7131840.0,0.675,0.6666666666666666
1295,1,160,55,105,23.6,144,55,89,19.22,186360,55992,410544,137800,2,0,51,5,0,250421-095214_Run_1681_Idx_91607,4210,0,5e-05,20000000,3727200.0,1119840.0,8210880.0,2756000.0,0.65625,0.6180555555555556
1296,1,80,24,56,25.42,18,6,12,27.0,2201600,648808,1069776,356592,14,0,51,5,0,250421-095058_Run_1716_Idx_54226,4290,0,5e-05,20000000,44032000.0,12976160.0,21395520.0,7131840.0,0.7,0.6666666666666666
1297,1,160,50,110,20.35,81,27,54,24.0,664960,168896,835232,211280,4,0,51,5,0,250421-095615_Run_1862_Idx_74976,4660,0,5e-05,20000000,13299200.0,3377920.0,16704640.0,4225600.0,0.6875,0.6666666666666666
1298,1,160,60,100,22.9,144,48,96,24.0,194400,64352,510456,145536,2,0,51,5,0,250421-085614_Run_809_Idx_25773,2030,0,5e-05,20000000,3888000.0,1287040.0,10209120.0,2910720.0,0.625,0.6666666666666666
1299,1,145,49,96,22.77,45,15,30,24.0,1874112,486784,981200,248288,7,0,51,5,0,250421-092617_Run_823_Idx_8401,2060,0,5e-05,20000000,37482240.0,9735680.0,19624000.0,4965760.0,0.6620689655172414,0.6666666666666666
1300,1,145,48,97,23.41,45,15,30,24.0,1874112,537336,773304,275424,7,0,51,5,0,250421-093822_Run_1075_Idx_5377,2690,0,5e-05,20000000,37482240.0,10746720.0,15466080.0,5508480.0,0.6689655172413793,0.6666666666666666
1301,1,145,45,100,21.68,45,15,30,22.2,1418912,485312,774672,275424,7,0,51,5,0,250421-093153_Run_1335_Idx_71006,3340,0,5e-05,20000000,28378240.0,9706240.0,15493440.0,5508480.0,0.6896551724137931,0.6666666666666666
1302,1,80,24,56,25.06,18,6,12,24.0,2262688,688856,781936,241456,14,0,51,5,0,250421-090530_Run_540_Idx_54226,1350,0,5e-05,20000000,45253760.0,13777120.0,15638720.0,4829120.0,0.7,0.6666666666666666
1303,1,145,46,99,17.92,45,15,30,18.78,973792,314920,508528,130120,7,0,51,5,0,250421-094902_Run_1723_Idx_32731,4310,0,5e-05,20000000,19475840.0,6298400.0,10170560.0,2602400.0,0.6827586206896552,0.6666666666666666
1304,1,160,54,106,23.25,81,27,54,27.0,699536,204592,935928,311976,4,0,51,5,0,250421-093757_Run_1314_Idx_36891,3290,0,5e-05,20000000,13990720.0,4091840.0,18718560.0,6239520.0,0.6625,0.6666666666666666
1305,1,145,45,100,26.28,45,15,30,27.0,2182272,688992,1099368,366456,7,0,51,5,0,250421-084850_Run_91_Idx_95480,230,0,5e-05,20000000,43645440.0,13779840.0,21987360.0,7329120.0,0.6896551724137931,0.6666666666666666
1306,1,160,58,102,22.72,81,27,54,24.0,750616,237400,631136,193088,4,0,51,5,0,250421-085556_Run_810_Idx_52699,2030,0,5e-05,20000000,15012320.0,4748000.0,12622720.0,3861760.0,0.6375,0.6666666666666666
1307,1,145,46,99,20.92,45,15,30,15.04,1788992,514440,508528,130120,7,0,51,5,0,250421-095825_Run_1907_Idx_72713,4770,0,5e-05,20000000,35779840.0,10288800.0,10170560.0,2602400.0,0.6827586206896552,0.6666666666666666
1308,1,80,25,55,22.24,18,6,12,19.22,2017888,643856,609232,241456,14,0,51,5,0,250421-094450_Run_1616_Idx_57146,4040,0,5e-05,20000000,40357760.0,12877120.0,12184640.0,4829120.0,0.6875,0.6666666666666666
1309,1,80,25,55,24.05,18,6,12,24.0,2085040,611432,609232,241456,14,0,51,5,0,250421-093029_Run_1340_Idx_65229,3350,0,5e-05,20000000,41700800.0,12228640.0,12184640.0,4829120.0,0.6875,0.6666666666666666
1310,1,145,46,99,25.08,45,15,30,24.0,2000992,657320,626696,248288,7,0,51,5,0,250421-094304_Run_1475_Idx_32731,3690,0,5e-05,20000000,40019840.0,13146400.0,12533920.0,4965760.0,0.6827586206896552,0.6666666666666666
1311,1,160,57,103,23.11,81,27,54,27.0,681112,213720,935928,311976,4,0,51,5,0,250421-093840_Run_1194_Idx_59929,2990,0,5e-05,20000000,13622240.0,4274400.0,18718560.0,6239520.0,0.64375,0.6666666666666666
1312,1,160,59,101,20.96,144,48,96,24.0,175104,44992,575616,145536,2,0,51,5,0,250421-092006_Run_845_Idx_14612,2120,0,5e-05,20000000,3502080.0,899840.0,11512320.0,2910720.0,0.63125,0.6666666666666666
1313,1,145,46,99,22.6,45,15,30,24.0,1829792,469000,981200,248288,7,0,51,5,0,250421-095558_Run_1863_Idx_32731,4660,0,5e-05,20000000,36595840.0,9380000.0,19624000.0,4965760.0,0.6827586206896552,0.6666666666666666
1314,1,145,45,100,24.97,45,15,30,27.0,1976832,569152,1099368,366456,7,0,51,5,0,250421-092822_Run_1291_Idx_10792,3230,0,5e-05,20000000,39536640.0,11383040.0,21987360.0,7329120.0,0.6896551724137931,0.6666666666666666
1315,1,145,47,98,21.73,45,15,30,23.4,1453152,504048,773304,275424,7,0,51,5,0,250421-092424_Run_947_Idx_477,2370,0,5e-05,20000000,29063040.0,10080960.0,15466080.0,5508480.0,0.6758620689655173,0.6666666666666666
1316,1,145,45,100,26.28,45,15,30,27.0,2182272,688992,1099368,366456,7,0,51,5,0,250421-091347_Run_867_Idx_24331,2170,0,5e-05,20000000,43645440.0,13779840.0,21987360.0,7329120.0,0.6896551724137931,0.6666666666666666
1317,1,160,53,107,20.55,81,27,54,19.83,664960,169664,440768,112664,4,0,51,5,0,250421-095024_Run_1718_Idx_38164,4300,0,5e-05,20000000,13299200.0,3393280.0,8815360.0,2253280.0,0.66875,0.6666666666666666
1318,1,160,56,104,23.5,144,48,96,16.56,181312,56000,372736,146944,2,0,51,5,0,250421-093116_Run_1517_Idx_66490,3800,0,5e-05,20000000,3626240.0,1120000.0,7454720.0,2938880.0,0.65,0.6666666666666666
1319,1,160,61,99,23.5,144,48,96,27.0,179704,64360,645120,215040,2,0,51,5,0,250421-091341_Run_629_Idx_72046,1580,0,5e-05,20000000,3594080.0,1287200.0,12902400.0,4300800.0,0.61875,0.6666666666666666
1320,1,80,25,55,18.94,18,6,12,15.0,1120512,355488,33552,11184,14,0,51,5,0,250421-095509_Run_1772_Idx_89663,4430,0,5e-05,20000000,22410240.0,7109760.0,671040.0,223680.0,0.6875,0.6666666666666666
1321,1,80,24,56,17.1,18,6,12,18.22,1181088,393680,609232,241456,14,0,51,5,0,250421-094736_Run_1728_Idx_54226,4320,0,5e-05,20000000,23621760.0,7873600.0,12184640.0,4829120.0,0.7,0.6666666666666666
1322,1,145,45,100,19.86,45,15,30,15.69,1487392,382592,508528,130120,7,0,51,5,0,250421-095903_Run_1959_Idx_61030,4900,0,5e-05,20000000,29747840.0,7651840.0,10170560.0,2602400.0,0.6896551724137931,0.6666666666666666
1323,1,160,48,112,26.3,144,48,96,24.0,226560,70016,575616,145536,2,0,51,5,0,250421-094326_Run_1057_Idx_82062,2650,0,5e-05,20000000,4531200.0,1400320.0,11512320.0,2910720.0,0.7,0.6666666666666666
1324,1,80,25,55,24.69,18,6,12,27.0,2241744,650608,1069776,356592,14,0,51,5,0,250421-094048_Run_1304_Idx_65229,3260,0,5e-05,20000000,44834880.0,13012160.0,21395520.0,7131840.0,0.6875,0.6666666666666666
1325,1,160,48,112,26.2,144,48,96,24.0,219904,68352,575616,145536,2,0,51,5,0,250421-092541_Run_469_Idx_81871,1180,0,5e-05,20000000,4398080.0,1367040.0,11512320.0,2910720.0,0.7,0.6666666666666666
1326,1,160,57,103,23.38,81,27,54,27.0,742776,229208,935928,311976,4,0,51,5,0,250421-094201_Run_1062_Idx_29810,2660,0,5e-05,20000000,14855520.0,4584160.0,18718560.0,6239520.0,0.64375,0.6666666666666666
1327,1,145,45,100,24.17,45,15,30,21.0,1983872,588032,508528,130120,7,0,51,5,0,250421-092936_Run_1343_Idx_71006,3360,0,5e-05,20000000,39677440.0,11760640.0,10170560.0,2602400.0,0.6896551724137931,0.6666666666666666
1328,1,160,60,100,23.34,81,27,54,27.0,766872,253784,935928,311976,4,0,51,5,0,250421-090243_Run_906_Idx_18492,2270,0,5e-05,20000000,15337440.0,5075680.0,18718560.0,6239520.0,0.625,0.6666666666666666
1329,1,145,45,100,26.17,45,15,30,27.0,2120832,673632,1099368,366456,7,0,51,5,0,250421-091415_Run_627_Idx_61030,1570,0,5e-05,20000000,42416640.0,13472640.0,21987360.0,7329120.0,0.6896551724137931,0.6666666666666666
1330,1,145,47,98,25.46,45,15,30,24.0,2165152,707728,930840,275424,7,0,51,5,0,250421-090926_Run_407_Idx_51427,1020,0,5e-05,20000000,43303040.0,14154560.0,18616800.0,5508480.0,0.6758620689655173,0.6666666666666666
1331,1,160,48,112,25.81,81,27,54,24.11,830272,260064,541464,213360,4,0,51,5,0,250421-091202_Run_278_Idx_28528,700,0,5e-05,20000000,16605440.0,5201280.0,10829280.0,4267200.0,0.7,0.6666666666666666
1332,1,145,48,97,24.23,45,15,30,27.0,1634432,554456,1099368,366456,7,0,51,5,0,250421-091135_Run_875_Idx_98615,2190,0,5e-05,20000000,32688640.0,11089120.0,21987360.0,7329120.0,0.6689655172413793,0.6666666666666666
1333,1,145,47,98,24.85,45,15,30,27.0,1874592,583728,1099368,366456,7,0,51,5,0,250421-093822_Run_1195_Idx_40177,2990,0,5e-05,20000000,37491840.0,11674560.0,21987360.0,7329120.0,0.6758620689655173,0.6666666666666666
1334,1,160,48,112,25.81,81,27,54,27.0,830272,260064,935928,311976,4,0,51,5,0,250421-092538_Run_230_Idx_28528,580,0,5e-05,20000000,16605440.0,5201280.0,18718560.0,6239520.0,0.7,0.6666666666666666
1335,1,80,25,55,24.31,18,6,12,27.0,1692312,572256,1069776,356592,14,0,51,5,0,250421-091728_Run_972_Idx_65229,2430,0,5e-05,20000000,33846240.0,11445120.0,21395520.0,7131840.0,0.6875,0.6666666666666666
1336,1,160,48,112,26.0,144,48,96,27.0,212224,66432,645120,215040,2,0,51,5,0,250421-091326_Run_273_Idx_1990,690,0,5e-05,20000000,4244480.0,1328640.0,12902400.0,4300800.0,0.7,0.6666666666666666
1337,1,80,25,55,25.06,18,6,12,24.0,2242712,709856,609232,241456,14,0,51,5,0,250421-092622_Run_940_Idx_65229,2350,0,5e-05,20000000,44854240.0,14197120.0,12184640.0,4829120.0,0.6875,0.6666666666666666
1338,1,80,25,55,26.21,18,6,12,27.0,2476440,768288,1069776,356592,14,0,51,5,0,250421-092031_Run_368_Idx_66277,920,0,5e-05,20000000,49528800.0,15365760.0,21395520.0,7131840.0,0.6875,0.6666666666666666
1339,1,160,59,101,23.5,144,48,96,27.0,170056,61016,645120,215040,2,0,51,5,0,250421-091133_Run_993_Idx_61170,2490,0,5e-05,20000000,3401120.0,1220320.0,12902400.0,4300800.0,0.63125,0.6666666666666666
1340,1,145,44,101,25.46,45,15,30,24.0,2113792,653944,853440,275424,7,0,51,5,0,250421-085419_Run_935_Idx_51592,2340,0,5e-05,20000000,42275840.0,13078880.0,17068800.0,5508480.0,0.696551724137931,0.6666666666666666
1341,1,80,25,55,23.26,18,6,12,21.0,1925072,571440,609232,241456,14,0,51,5,0,250421-094211_Run_1124_Idx_26496,2810,0,5e-05,20000000,38501440.0,11428800.0,12184640.0,4829120.0,0.6875,0.6666666666666666
1342,1,145,46,99,21.89,45,15,30,24.0,1093632,434760,626696,248288,7,0,51,5,0,250421-092817_Run_1527_Idx_32731,3820,0,5e-05,20000000,21872640.0,8695200.0,12533920.0,4965760.0,0.6827586206896552,0.6666666666666666
1343,1,80,25,55,24.85,18,6,12,24.0,2341720,709760,954640,241456,14,0,51,5,0,250421-091752_Run_496_Idx_73672,1240,0,5e-05,20000000,46834400.0,14195200.0,19092800.0,4829120.0,0.6875,0.6666666666666666
1344,1,80,26,54,24.79,18,6,12,24.0,2123248,691584,781936,241456,14,0,51,5,0,250421-092049_Run_604_Idx_86683,1510,0,5e-05,20000000,42464960.0,13831680.0,15638720.0,4829120.0,0.675,0.6666666666666666
1345,1,80,25,55,25.96,18,6,12,27.0,2358912,729112,1069776,356592,14,0,51,5,0,250421-092530_Run_112_Idx_26496,280,0,5e-05,20000000,47178240.0,14582240.0,21395520.0,7131840.0,0.6875,0.6666666666666666
1346,1,145,46,99,25.72,45,15,30,24.0,2079552,655560,799168,261856,7,0,51,5,0,250421-092036_Run_843_Idx_79281,2110,0,5e-05,20000000,41591040.0,13111200.0,15983360.0,5237120.0,0.6827586206896552,0.6666666666666666
1347,1,160,48,112,26.04,81,27,54,27.0,892224,275552,935928,311976,4,0,51,5,0,250421-085658_Run_450_Idx_93338,1130,0,5e-05,20000000,17844480.0,5511040.0,18718560.0,6239520.0,0.7,0.6666666666666666
1348,1,145,45,100,25.95,45,15,30,27.0,2120832,673632,1099368,366456,7,0,51,5,0,250421-085353_Run_1055_Idx_71006,2640,0,5e-05,20000000,42416640.0,13472640.0,21987360.0,7329120.0,0.6896551724137931,0.6666666666666666
1349,1,145,46,99,26.28,45,15,30,27.0,2182272,706920,1099368,366456,7,0,51,5,0,250421-095617_Run_1831_Idx_57481,4580,0,5e-05,20000000,43645440.0,14138400.0,21987360.0,7329120.0,0.6827586206896552,0.6666666666666666
1350,1,160,48,112,26.0,144,48,96,27.0,212224,66432,645120,215040,2,0,51,5,0,250421-085038_Run_9_Idx_1990,30,0,5e-05,20000000,4244480.0,1328640.0,12902400.0,4300800.0,0.7,0.6666666666666666
1351,1,160,56,104,18.92,144,51,93,21.33,105736,39920,371448,124224,2,0,51,5,0,250421-095922_Run_1917_Idx_61170,4800,0,5e-05,20000000,2114720.0,798400.0,7428960.0,2484480.0,0.65,0.6458333333333334
1352,1,145,47,98,24.79,45,15,30,27.0,1976832,587888,1099368,366456,7,0,51,5,0,250421-091609_Run_859_Idx_33549,2150,0,5e-05,20000000,39536640.0,11757760.0,21987360.0,7329120.0,0.6758620689655173,0.6666666666666666
1353,1,160,48,112,25.95,81,27,54,27.0,892224,275552,935928,311976,4,0,51,5,0,250421-093053_Run_1102_Idx_960,2760,0,5e-05,20000000,17844480.0,5511040.0,18718560.0,6239520.0,0.7,0.6666666666666666
1354,1,160,48,112,25.0,144,48,96,23.06,212224,66432,488736,123816,2,0,51,5,0,250421-093000_Run_1225_Idx_1990,3070,0,5e-05,20000000,4244480.0,1328640.0,9774720.0,2476320.0,0.7,0.6666666666666666
1355,1,80,25,55,22.44,18,6,12,18.0,1984320,571440,494096,126320,14,0,51,5,0,250421-095857_Run_1932_Idx_47249,4830,0,5e-05,20000000,39686400.0,11428800.0,9881920.0,2526400.0,0.6875,0.6666666666666666
1356,1,145,47,98,19.73,45,15,30,21.64,1275392,481008,626696,248288,7,0,51,5,0,250421-093249_Run_1215_Idx_40177,3040,0,5e-05,20000000,25507840.0,9620160.0,12533920.0,4965760.0,0.6758620689655173,0.6666666666666666
1357,1,160,48,112,25.81,81,27,54,27.0,830272,260064,935928,311976,4,0,51,5,0,250421-090404_Run_306_Idx_28528,770,0,5e-05,20000000,16605440.0,5201280.0,18718560.0,6239520.0,0.7,0.6666666666666666
1358,1,160,55,105,17.5,144,53,91,17.03,122040,43128,202032,72368,2,0,51,5,0,250421-095920_Run_1889_Idx_25773,4730,0,5e-05,20000000,2440800.0,862560.0,4040640.0,1447360.0,0.65625,0.6319444444444444
1359,1,160,48,112,24.2,81,35,46,18.3,892224,275552,443456,151176,4,0,51,5,0,250421-085706_Run_806_Idx_42754,2020,0,5e-05,20000000,17844480.0,5511040.0,8869120.0,3023520.0,0.7,0.5679012345679012
1360,1,160,48,112,26.0,144,48,96,27.0,212224,66432,645120,215040,2,0,51,5,0,250421-085948_Run_321_Idx_1990,810,0,5e-05,20000000,4244480.0,1328640.0,12902400.0,4300800.0,0.7,0.6666666666666666
1361,1,145,45,100,25.99,45,15,30,27.0,2069472,656512,1099368,366456,7,0,51,5,0,250421-094749_Run_1667_Idx_61030,4170,0,5e-05,20000000,41389440.0,13130240.0,21987360.0,7329120.0,0.6896551724137931,0.6666666666666666
1362,1,160,61,99,20.29,144,48,96,24.0,157416,41904,575616,145536,2,0,51,5,0,250421-092804_Run_1409_Idx_23040,3530,0,5e-05,20000000,3148320.0,838080.0,11512320.0,2910720.0,0.61875,0.6666666666666666
1363,1,160,48,112,26.12,81,27,54,27.0,892224,275552,935928,311976,4,0,51,5,0,250421-090730_Run_414_Idx_93338,1040,0,5e-05,20000000,17844480.0,5511040.0,18718560.0,6239520.0,0.7,0.6666666666666666
1364,1,145,45,100,25.09,45,15,30,22.2,2028192,637632,694536,196656,7,0,51,5,0,250421-093715_Run_1079_Idx_95480,2700,0,5e-05,20000000,40563840.0,12752640.0,13890720.0,3933120.0,0.6896551724137931,0.6666666666666666
1365,1,80,25,55,26.3,18,6,12,27.0,2476440,768288,1069776,356592,14,0,51,5,0,250421-085913_Run_204_Idx_26496,510,0,5e-05,20000000,49528800.0,15365760.0,21395520.0,7131840.0,0.6875,0.6666666666666666
1366,1,160,48,112,25.81,81,27,54,27.0,830272,260064,935928,311976,4,0,51,5,0,250421-085138_Run_6_Idx_28528,20,0,5e-05,20000000,16605440.0,5201280.0,18718560.0,6239520.0,0.7,0.6666666666666666
1367,1,80,24,56,25.36,18,6,12,27.0,2281888,668880,1069776,356592,14,0,51,5,0,250421-094843_Run_1664_Idx_61908,4160,0,5e-05,20000000,45637760.0,13377600.0,21395520.0,7131840.0,0.7,0.6666666666666666
1368,1,80,24,56,19.44,18,6,12,27.0,1337792,432856,1069776,356592,14,0,51,5,0,250421-095826_Run_1988_Idx_54226,4970,0,5e-05,20000000,26755840.0,8657120.0,21395520.0,7131840.0,0.7,0.6666666666666666
1369,1,160,48,112,26.3,144,48,96,27.0,226560,70016,645120,215040,2,0,51,5,0,250421-091512_Run_741_Idx_82062,1860,0,5e-05,20000000,4531200.0,1400320.0,12902400.0,4300800.0,0.7,0.6666666666666666
1370,1,80,24,56,26.2,18,6,12,27.0,2399416,708056,1069776,356592,14,0,51,5,0,250421-085608_Run_572_Idx_54226,1430,0,5e-05,20000000,47988320.0,14161120.0,21395520.0,7131840.0,0.7,0.6666666666666666
1371,1,160,48,112,25.95,81,27,54,27.0,865984,268992,935928,311976,4,0,51,5,0,250421-094006_Run_1426_Idx_78813,3570,0,5e-05,20000000,17319680.0,5379840.0,18718560.0,6239520.0,0.7,0.6666666666666666
1372,1,160,48,112,25.15,81,27,54,24.0,865984,268992,618992,193088,4,0,51,5,0,250421-092658_Run_938_Idx_47915,2350,0,5e-05,20000000,17319680.0,5379840.0,12379840.0,3861760.0,0.7,0.6666666666666666
1373,1,160,72,88,9.5,144,96,48,2.0,72192,20096,19584,13056,2,0,51,5,0,250421-085931_Run_797_Idx_23356,2000,0,5e-05,20000000,1443840.0,401920.0,391680.0,261120.0,0.55,0.3333333333333333
1374,1,160,57,103,19.71,144,48,96,21.94,141112,43200,436608,145536,2,0,51,5,0,250421-095833_Run_1961_Idx_42541,4910,0,5e-05,20000000,2822240.0,864000.0,8732160.0,2910720.0,0.64375,0.6666666666666666
1375,1,160,48,112,25.81,81,27,54,27.0,830272,260064,935928,311976,4,0,51,5,0,250421-090946_Run_286_Idx_28528,720,0,5e-05,20000000,16605440.0,5201280.0,18718560.0,6239520.0,0.7,0.6666666666666666
1376,1,145,46,99,24.32,45,15,30,27.0,1497472,535720,1099368,366456,7,0,51,5,0,250421-094603_Run_1703_Idx_57481,4260,0,5e-05,20000000,29949440.0,10714400.0,21987360.0,7329120.0,0.6827586206896552,0.6666666666666666
1377,1,80,25,55,24.44,18,6,12,27.0,1769336,591512,1069776,356592,14,0,51,5,0,250421-092450_Run_828_Idx_47249,2070,0,5e-05,20000000,35386720.0,11830240.0,21395520.0,7131840.0,0.6875,0.6666666666666666
1378,1,160,60,100,23.6,144,48,96,27.0,194400,64352,645120,215040,2,0,51,5,0,250421-093221_Run_1097_Idx_25773,2750,0,5e-05,20000000,3888000.0,1287040.0,12902400.0,4300800.0,0.625,0.6666666666666666
1379,1,145,45,100,21.73,45,15,30,24.0,1771392,449312,981200,248288,7,0,51,5,0,250421-095809_Run_1935_Idx_24331,4840,0,5e-05,20000000,35427840.0,8986240.0,19624000.0,4965760.0,0.6896551724137931,0.6666666666666666
1380,1,160,58,102,19.81,81,27,54,22.75,577768,171176,672568,202184,4,0,51,5,0,250421-085808_Run_922_Idx_24543,2310,0,5e-05,20000000,11555360.0,3423520.0,13451360.0,4043680.0,0.6375,0.6666666666666666
1381,1,160,62,98,23.6,144,48,96,27.0,191184,67696,645120,215040,2,0,51,5,0,250421-092545_Run_825_Idx_52545,2070,0,5e-05,20000000,3823680.0,1353920.0,12902400.0,4300800.0,0.6125,0.6666666666666666
1382,1,160,48,112,26.3,144,48,96,27.0,226560,70016,645120,215040,2,0,51,5,0,250421-085017_Run_49_Idx_25592,130,0,5e-05,20000000,4531200.0,1400320.0,12902400.0,4300800.0,0.7,0.6666666666666666
1383,1,160,48,112,26.08,81,27,54,27.0,892224,275552,935928,311976,4,0,51,5,0,250421-090247_Run_430_Idx_93338,1080,0,5e-05,20000000,17844480.0,5511040.0,18718560.0,6239520.0,0.7,0.6666666666666666
1384,1,160,48,112,26.0,144,48,96,27.0,212224,66432,645120,215040,2,0,51,5,0,250421-090752_Run_293_Idx_1990,740,0,5e-05,20000000,4244480.0,1328640.0,12902400.0,4300800.0,0.7,0.6666666666666666
1385,1,160,61,99,21.3,144,56,88,19.72,172024,62440,410544,137936,2,0,51,5,0,250421-093430_Run_1209_Idx_25528,3030,0,5e-05,20000000,3440480.0,1248800.0,8210880.0,2758720.0,0.61875,0.6111111111111112
1386,1,80,25,55,26.21,18,6,12,27.0,2476440,768288,1069776,356592,14,0,51,5,0,250421-090320_Run_428_Idx_66277,1070,0,5e-05,20000000,49528800.0,15365760.0,21395520.0,7131840.0,0.6875,0.6666666666666666
1387,1,145,46,99,26.28,45,15,30,27.0,2182272,706920,1099368,366456,7,0,51,5,0,250421-090526_Run_183_Idx_57481,460,0,5e-05,20000000,43645440.0,14138400.0,21987360.0,7329120.0,0.6827586206896552,0.6666666666666666
1388,1,160,58,102,20.74,81,27,54,24.0,665248,171136,835232,211280,4,0,51,5,0,250421-090550_Run_1014_Idx_34185,2540,0,5e-05,20000000,13304960.0,3422720.0,16704640.0,4225600.0,0.6375,0.6666666666666666
1389,1,160,57,103,19.61,144,48,96,20.91,139728,38432,401856,102096,2,0,51,5,0,250421-095557_Run_1769_Idx_94514,4430,0,5e-05,20000000,2794560.0,768640.0,8037120.0,2041920.0,0.64375,0.6666666666666666
1390,1,160,48,112,26.3,144,48,96,27.0,226560,70016,645120,215040,2,0,51,5,0,250421-091713_Run_141_Idx_39758,360,0,5e-05,20000000,4531200.0,1400320.0,12902400.0,4300800.0,0.7,0.6666666666666666
1391,1,145,45,100,26.28,45,15,30,27.0,2182272,688992,1099368,366456,7,0,51,5,0,250421-095824_Run_1975_Idx_10792,4940,0,5e-05,20000000,43645440.0,13779840.0,21987360.0,7329120.0,0.6896551724137931,0.6666666666666666
1392,1,80,24,56,26.1,18,6,12,27.0,2399416,708056,1069776,356592,14,0,51,5,0,250421-091536_Run_504_Idx_54226,1260,0,5e-05,20000000,47988320.0,14161120.0,21395520.0,7131840.0,0.7,0.6666666666666666
1393,1,160,48,112,26.08,81,27,54,27.0,892224,275552,935928,311976,4,0,51,5,0,250421-091958_Run_370_Idx_93338,930,0,5e-05,20000000,17844480.0,5511040.0,18718560.0,6239520.0,0.7,0.6666666666666666
1394,1,160,48,112,23.81,81,30,51,19.41,830272,260064,484592,136576,4,0,51,5,0,250421-093625_Run_1202_Idx_1908,3010,0,5e-05,20000000,16605440.0,5201280.0,9691840.0,2731520.0,0.7,0.6296296296296297
1395,1,160,48,112,25.95,81,27,54,27.0,865984,268992,935928,311976,4,0,51,5,0,250421-092045_Run_486_Idx_75070,1220,0,5e-05,20000000,17319680.0,5379840.0,18718560.0,6239520.0,0.7,0.6666666666666666
1396,1,160,58,102,23.15,81,27,54,23.02,724664,230840,667520,202184,4,0,51,5,0,250421-090905_Run_1002_Idx_34185,2510,0,5e-05,20000000,14493280.0,4616800.0,13350400.0,4043680.0,0.6375,0.6666666666666666
1397,1,80,25,55,25.88,18,6,12,27.0,2358912,729112,1069776,356592,14,0,51,5,0,250421-091636_Run_736_Idx_89663,1840,0,5e-05,20000000,47178240.0,14582240.0,21395520.0,7131840.0,0.6875,0.6666666666666666
1398,1,145,44,101,22.99,45,15,30,21.6,1600192,448504,720400,261856,7,0,51,5,0,250421-094209_Run_1243_Idx_89913,3110,0,5e-05,20000000,32003840.0,8970080.0,14408000.0,5237120.0,0.696551724137931,0.6666666666666666
1399,1,80,25,55,19.74,18,6,12,21.67,1258112,453912,609232,241456,14,0,51,5,0,250421-092818_Run_1408_Idx_47249,3520,0,5e-05,20000000,25162240.0,9078240.0,12184640.0,4829120.0,0.6875,0.6666666666666666
1400,1,80,25,55,20.09,18,6,12,21.0,1495104,513160,609232,241456,14,0,51,5,0,250421-094855_Run_1632_Idx_47249,4080,0,5e-05,20000000,29902080.0,10263200.0,12184640.0,4829120.0,0.6875,0.6666666666666666
1401,1,160,48,112,25.95,81,27,54,27.0,865984,268992,935928,311976,4,0,51,5,0,250421-085422_Run_578_Idx_75070,1450,0,5e-05,20000000,17319680.0,5379840.0,18718560.0,6239520.0,0.7,0.6666666666666666
1402,1,80,26,54,25.2,18,6,12,24.0,2378016,710840,781936,241456,14,0,51,5,0,250421-090022_Run_200_Idx_13799,500,0,5e-05,20000000,47560320.0,14216800.0,15638720.0,4829120.0,0.675,0.6666666666666666
1403,1,80,25,55,26.3,18,6,12,27.0,2476440,768288,1069776,356592,14,0,51,5,0,250421-090350_Run_188_Idx_26496,470,0,5e-05,20000000,49528800.0,15365760.0,21395520.0,7131840.0,0.6875,0.6666666666666666
1404,1,160,58,102,23.5,144,48,96,27.0,165232,59344,645120,215040,2,0,51,5,0,250421-090459_Run_1017_Idx_17424,2550,0,5e-05,20000000,3304640.0,1186880.0,12902400.0,4300800.0,0.6375,0.6666666666666666
1405,1,160,53,107,23.21,81,27,54,27.0,717936,202960,935928,311976,4,0,51,5,0,250421-094513_Run_1706_Idx_84222,4270,0,5e-05,20000000,14358720.0,4059200.0,18718560.0,6239520.0,0.66875,0.6666666666666666
1406,1,160,48,112,26.3,144,48,96,27.0,226560,70016,645120,215040,2,0,51,5,0,250421-094837_Run_1541_Idx_82062,3860,0,5e-05,20000000,4531200.0,1400320.0,12902400.0,4300800.0,0.7,0.6666666666666666
1407,1,160,48,112,26.3,144,48,96,27.0,226560,70016,645120,215040,2,0,51,5,0,250421-093940_Run_1369_Idx_13251,3430,0,5e-05,20000000,4531200.0,1400320.0,12902400.0,4300800.0,0.7,0.6666666666666666
1408,1,160,48,112,26.2,144,55,89,21.08,219904,68352,440952,133456,2,0,51,5,0,250421-093003_Run_1521_Idx_5863,3810,0,5e-05,20000000,4398080.0,1367040.0,8819040.0,2669120.0,0.7,0.6180555555555556
1409,1,145,46,99,25.97,45,15,30,27.0,2028672,668520,1099368,366456,7,0,51,5,0,250421-085232_Run_3_Idx_72713,10,0,5e-05,20000000,40573440.0,13370400.0,21987360.0,7329120.0,0.6827586206896552,0.6666666666666666
1410,1,160,61,99,20.31,144,48,96,23.13,159024,45120,523488,145536,2,0,51,5,0,250421-085826_Run_921_Idx_23040,2310,0,5e-05,20000000,3180480.0,902400.0,10469760.0,2910720.0,0.61875,0.6666666666666666
1411,1,160,48,112,26.2,144,48,96,27.0,219904,68352,645120,215040,2,0,51,5,0,250421-085435_Run_1053_Idx_5687,2640,0,5e-05,20000000,4398080.0,1367040.0,12902400.0,4300800.0,0.7,0.6666666666666666
1412,1,80,25,55,26.21,18,6,12,27.0,2476440,768288,1069776,356592,14,0,51,5,0,250421-085353_Run_460_Idx_66277,1150,0,5e-05,20000000,49528800.0,15365760.0,21395520.0,7131840.0,0.6875,0.6666666666666666
1413,1,160,48,112,25.42,81,27,54,21.43,892224,275552,157720,107344,4,0,51,5,0,250421-095553_Run_1878_Idx_93338,4700,0,5e-05,20000000,17844480.0,5511040.0,3154400.0,2146880.0,0.7,0.6666666666666666
1414,1,80,25,55,23.58,18,6,12,24.0,2005360,552336,609232,241456,14,0,51,5,0,250421-095625_Run_1876_Idx_66277,4690,0,5e-05,20000000,40107200.0,11046720.0,12184640.0,4829120.0,0.6875,0.6666666666666666
1415,1,145,48,97,21.01,45,16,29,18.78,1668672,434616,719488,183976,7,0,51,5,0,250421-085857_Run_919_Idx_8401,2300,0,5e-05,20000000,33373440.0,8692320.0,14389760.0,3679520.0,0.6689655172413793,0.6444444444444445
1416,1,145,46,99,25.97,45,15,30,27.0,2028672,668520,1099368,366456,7,0,51,5,0,250421-095140_Run_1591_Idx_72713,3980,0,5e-05,20000000,40573440.0,13370400.0,21987360.0,7329120.0,0.6827586206896552,0.6666666666666666
1417,1,80,25,55,22.62,18,6,12,15.22,2101848,610616,494096,126320,14,0,51,5,0,250421-094045_Run_1248_Idx_66277,3120,0,5e-05,20000000,42036960.0,12212320.0,9881920.0,2526400.0,0.6875,0.6666666666666666
1418,1,80,24,56,25.42,18,6,12,27.0,2201600,648808,1069776,356592,14,0,51,5,0,250421-095206_Run_1712_Idx_54226,4280,0,5e-05,20000000,44032000.0,12976160.0,21395520.0,7131840.0,0.7,0.6666666666666666
1419,1,145,45,100,26.28,45,15,30,27.0,2182272,688992,1099368,366456,7,0,51,5,0,250421-090819_Run_411_Idx_10792,1030,0,5e-05,20000000,43645440.0,13779840.0,21987360.0,7329120.0,0.6896551724137931,0.6666666666666666
1420,1,145,44,101,12.83,45,15,30,11.84,778432,225944,142704,117432,7,0,51,5,0,250421-094114_Run_1363_Idx_51592,3410,0,5e-05,20000000,15568640.0,4518880.0,2854080.0,2348640.0,0.696551724137931,0.6666666666666666
1421,1,80,25,55,24.99,18,6,12,24.0,2005720,650608,609232,241456,14,0,51,5,0,250421-093502_Run_1324_Idx_65229,3310,0,5e-05,20000000,40114400.0,13012160.0,12184640.0,4829120.0,0.6875,0.6666666666666666
1422,1,145,45,100,25.99,45,15,30,27.0,2069472,656512,1099368,366456,7,0,51,5,0,250421-093948_Run_1427_Idx_61030,3570,0,5e-05,20000000,41389440.0,13130240.0,21987360.0,7329120.0,0.6896551724137931,0.6666666666666666
1423,1,160,48,112,25.6,144,48,96,24.0,226560,70016,562584,145536,2,0,51,5,0,250421-091931_Run_133_Idx_39758,340,0,5e-05,20000000,4531200.0,1400320.0,11251680.0,2910720.0,0.7,0.6666666666666666
1424,1,80,25,55,26.3,18,6,12,27.0,2476440,768288,1069776,356592,14,0,51,5,0,250421-090616_Run_180_Idx_26496,450,0,5e-05,20000000,49528800.0,15365760.0,21395520.0,7131840.0,0.6875,0.6666666666666666
1425,1,160,48,112,26.2,144,48,96,27.0,219904,68352,645120,215040,2,0,51,5,0,250421-090247_Run_549_Idx_81871,1380,0,5e-05,20000000,4398080.0,1367040.0,12902400.0,4300800.0,0.7,0.6666666666666666
1426,1,160,48,112,26.0,144,48,96,27.0,212224,66432,645120,215040,2,0,51,5,0,250421-092708_Run_225_Idx_1990,570,0,5e-05,20000000,4244480.0,1328640.0,12902400.0,4300800.0,0.7,0.6666666666666666
1427,1,160,48,112,26.0,144,63,81,21.0,212224,66432,493080,143232,2,0,51,5,0,250421-090056_Run_317_Idx_64556,800,0,5e-05,20000000,4244480.0,1328640.0,9861600.0,2864640.0,0.7,0.5625
1428,1,160,58,102,20.45,81,27,54,24.0,665248,171136,835232,211280,4,0,51,5,0,250421-091222_Run_990_Idx_34185,2480,0,5e-05,20000000,13304960.0,3422720.0,16704640.0,4225600.0,0.6375,0.6666666666666666
1429,1,145,46,99,25.83,45,15,30,27.0,2028672,668520,1099368,366456,7,0,51,5,0,250421-090610_Run_299_Idx_72713,750,0,5e-05,20000000,40573440.0,13370400.0,21987360.0,7329120.0,0.6827586206896552,0.6666666666666666
1430,1,80,25,55,26.21,18,6,12,27.0,2476440,768288,1069776,356592,14,0,51,5,0,250421-091528_Run_740_Idx_89663,1850,0,5e-05,20000000,49528800.0,15365760.0,21395520.0,7131840.0,0.6875,0.6666666666666666
1431,1,145,47,98,24.69,45,15,30,27.0,1976832,587888,1099368,366456,7,0,51,5,0,250421-090225_Run_907_Idx_33549,2270,0,5e-05,20000000,39536640.0,11757760.0,21987360.0,7329120.0,0.6758620689655173,0.6666666666666666
1432,1,145,45,100,22.31,45,15,30,18.64,1292032,415072,508528,130120,7,0,51,5,0,250421-095016_Run_1627_Idx_24331,4070,0,5e-05,20000000,25840640.0,8301440.0,10170560.0,2602400.0,0.6896551724137931,0.6666666666666666
1433,1,80,24,56,26.0,18,6,12,27.0,2399416,708056,1069776,356592,14,0,51,5,0,250421-085550_Run_692_Idx_61908,1730,0,5e-05,20000000,47988320.0,14161120.0,21395520.0,7131840.0,0.7,0.6666666666666666
1434,1,80,28,52,24.19,18,6,12,27.0,2085360,675264,1069776,356592,14,0,51,5,0,250421-091447_Run_388_Idx_38339,970,0,5e-05,20000000,41707200.0,13505280.0,21395520.0,7131840.0,0.65,0.6666666666666666
1435,1,160,48,112,26.0,144,48,96,27.0,212224,66432,645120,215040,2,0,51,5,0,250421-090310_Run_309_Idx_1990,780,0,5e-05,20000000,4244480.0,1328640.0,12902400.0,4300800.0,0.7,0.6666666666666666
1436,1,160,53,107,19.08,81,27,54,20.46,472432,147176,510200,131824,4,0,51,5,0,250421-094918_Run_1722_Idx_38164,4310,0,5e-05,20000000,9448640.0,2943520.0,10204000.0,2636480.0,0.66875,0.6666666666666666
1437,1,80,25,55,26.21,18,6,12,27.0,2476440,768288,1069776,356592,14,0,51,5,0,250421-085135_Run_84_Idx_89663,210,0,5e-05,20000000,49528800.0,15365760.0,21395520.0,7131840.0,0.6875,0.6666666666666666
1438,1,160,56,104,16.9,144,60,84,17.28,86592,32320,332352,112416,2,0,51,5,0,250421-095716_Run_1897_Idx_64247,4750,0,5e-05,20000000,1731840.0,646400.0,6647040.0,2248320.0,0.65,0.5833333333333334
1439,1,80,25,55,26.0,18,6,12,27.0,2292120,722208,1069776,356592,14,0,51,5,0,250421-085747_Run_328_Idx_57146,820,0,5e-05,20000000,45842400.0,14444160.0,21395520.0,7131840.0,0.6875,0.6666666666666666
1440,1,160,54,106,20.32,144,53,91,16.03,175104,44672,215064,63680,2,0,51,5,0,250421-095400_Run_1885_Idx_11550,4720,0,5e-05,20000000,3502080.0,893440.0,4301280.0,1273600.0,0.6625,0.6319444444444444
1441,1,80,24,56,22.41,18,6,12,24.0,1808872,472032,609232,241456,14,0,51,5,0,250421-094353_Run_1472_Idx_54226,3680,0,5e-05,20000000,36177440.0,9440640.0,12184640.0,4829120.0,0.7,0.6666666666666666
1442,1,160,48,112,23.0,144,55,89,15.94,212224,66432,310632,94360,2,0,51,5,0,250421-095858_Run_1905_Idx_40551,4770,0,5e-05,20000000,4244480.0,1328640.0,6212640.0,1887200.0,0.7,0.6180555555555556
1443,1,145,47,98,23.67,45,15,30,24.0,1771392,519408,877936,261856,7,0,51,5,0,250421-090923_Run_883_Idx_33549,2210,0,5e-05,20000000,35427840.0,10388160.0,17558720.0,5237120.0,0.6758620689655173,0.6666666666666666
1444,1,80,25,55,24.99,18,6,12,24.0,2043344,630632,609232,241456,14,0,51,5,0,250421-090935_Run_644_Idx_5633,1610,0,5e-05,20000000,40866880.0,12612640.0,12184640.0,4829120.0,0.6875,0.6666666666666666
1445,1,80,24,56,26.2,18,6,12,27.0,2399416,708056,1069776,356592,14,0,51,5,0,250421-091901_Run_492_Idx_54226,1230,0,5e-05,20000000,47988320.0,14161120.0,21395520.0,7131840.0,0.7,0.6666666666666666
1446,1,160,48,112,25.95,81,27,54,27.0,865984,268992,935928,311976,4,0,51,5,0,250421-092746_Run_462_Idx_75070,1160,0,5e-05,20000000,17319680.0,5379840.0,18718560.0,6239520.0,0.7,0.6666666666666666
1447,1,145,48,97,20.35,45,15,30,22.24,1377632,451736,745288,261856,7,0,51,5,0,250421-085751_Run_923_Idx_98615,2310,0,5e-05,20000000,27552640.0,9034720.0,14905760.0,5237120.0,0.6689655172413793,0.6666666666666666
1448,1,160,48,112,26.2,144,48,96,24.0,219904,68352,575616,145536,2,0,51,5,0,250421-095612_Run_1785_Idx_5687,4470,0,5e-05,20000000,4398080.0,1367040.0,11512320.0,2910720.0,0.7,0.6666666666666666
1449,1,145,46,99,23.39,45,15,30,21.6,1840352,531560,668280,170400,7,0,51,5,0,250421-093034_Run_1223_Idx_72713,3060,0,5e-05,20000000,36807040.0,10631200.0,13365600.0,3408000.0,0.6827586206896552,0.6666666666666666
1450,1,160,48,112,26.3,144,48,96,27.0,226560,70016,645120,215040,2,0,51,5,0,250421-085719_Run_925_Idx_13251,2320,0,5e-05,20000000,4531200.0,1400320.0,12902400.0,4300800.0,0.7,0.6666666666666666
1451,1,160,59,101,21.3,144,54,90,19.29,178456,59096,375792,111600,2,0,51,5,0,250421-093536_Run_1205_Idx_53787,3020,0,5e-05,20000000,3569120.0,1181920.0,7515840.0,2232000.0,0.63125,0.625
1452,1,145,45,100,26.09,45,15,30,27.0,2130912,671872,1099368,366456,7,0,51,5,0,250421-091614_Run_383_Idx_10792,960,0,5e-05,20000000,42618240.0,13437440.0,21987360.0,7329120.0,0.6896551724137931,0.6666666666666666
1453,1,160,58,102,20.98,144,49,95,22.38,175104,44928,523488,132640,2,0,51,5,0,250421-085934_Run_917_Idx_14612,2300,0,5e-05,20000000,3502080.0,898560.0,10469760.0,2652800.0,0.6375,0.6597222222222222
1454,1,160,48,112,25.95,81,27,54,27.0,865984,268992,935928,311976,4,0,51,5,0,250421-085256_Run_54_Idx_75070,140,0,5e-05,20000000,17319680.0,5379840.0,18718560.0,6239520.0,0.7,0.6666666666666666
1455,1,145,46,99,24.48,45,15,30,24.0,1908832,548680,981200,248288,7,0,51,5,0,250421-094251_Run_1179_Idx_72713,2950,0,5e-05,20000000,38176640.0,10973600.0,19624000.0,4965760.0,0.6827586206896552,0.6666666666666666
1456,1,160,48,112,26.3,144,48,96,27.0,226560,70016,645120,215040,2,0,51,5,0,250421-090814_Run_173_Idx_39758,440,0,5e-05,20000000,4531200.0,1400320.0,12902400.0,4300800.0,0.7,0.6666666666666666
1457,1,160,48,112,26.3,144,48,96,27.0,226560,70016,645120,215040,2,0,51,5,0,250421-095819_Run_1949_Idx_39758,4880,0,5e-05,20000000,4531200.0,1400320.0,12902400.0,4300800.0,0.7,0.6666666666666666
1458,1,145,45,100,23.19,45,15,30,24.0,1350432,416832,981200,248288,7,0,51,5,0,250421-094530_Run_1675_Idx_61030,4190,0,5e-05,20000000,27008640.0,8336640.0,19624000.0,4965760.0,0.6896551724137931,0.6666666666666666
1459,1,160,48,112,26.3,144,48,96,27.0,226560,70016,645120,215040,2,0,51,5,0,250421-085334_Run_461_Idx_25592,1160,0,5e-05,20000000,4531200.0,1400320.0,12902400.0,4300800.0,0.7,0.6666666666666666
1460,1,160,53,107,19.94,81,27,54,19.15,691488,176224,394880,101192,4,0,51,5,0,250421-095206_Run_1742_Idx_18885,4360,0,5e-05,20000000,13829760.0,3524480.0,7897600.0,2023840.0,0.66875,0.6666666666666666
1461,1,160,61,99,21.9,144,58,86,21.04,189352,64360,458328,133864,2,0,51,5,0,250421-092242_Run_953_Idx_82707,2390,0,5e-05,20000000,3787040.0,1287200.0,9166560.0,2677280.0,0.61875,0.5972222222222222
1462,1,145,45,100,26.28,45,15,30,27.0,2182272,688992,1099368,366456,7,0,51,5,0,250421-090657_Run_771_Idx_95480,1930,0,5e-05,20000000,43645440.0,13779840.0,21987360.0,7329120.0,0.6896551724137931,0.6666666666666666
1463,1,160,57,103,21.38,144,48,96,21.47,152592,44864,453984,115128,2,0,51,5,0,250421-095050_Run_1625_Idx_38001,4070,0,5e-05,20000000,3051840.0,897280.0,9079680.0,2302560.0,0.64375,0.6666666666666666
1464,1,145,45,100,23.3,45,15,30,24.0,1360512,432192,981200,248288,7,0,51,5,0,250421-095509_Run_1819_Idx_24331,4550,0,5e-05,20000000,27210240.0,8643840.0,19624000.0,4965760.0,0.6896551724137931,0.6666666666666666
1465,1,80,24,56,24.0,18,6,12,21.22,1888192,570456,609232,241456,14,0,51,5,0,250421-093502_Run_1444_Idx_61908,3610,0,5e-05,20000000,37763840.0,11409120.0,12184640.0,4829120.0,0.7,0.6666666666666666
1466,1,80,25,55,26.0,18,6,12,27.0,2292120,722208,1069776,356592,14,0,51,5,0,250421-095014_Run_1596_Idx_57146,3990,0,5e-05,20000000,45842400.0,14444160.0,21395520.0,7131840.0,0.6875,0.6666666666666666
1467,1,80,24,56,24.45,18,6,12,27.0,2163392,570456,1069776,356592,14,0,51,5,0,250421-094952_Run_1660_Idx_61908,4150,0,5e-05,20000000,43267840.0,11409120.0,21395520.0,7131840.0,0.7,0.6666666666666666
1468,1,80,25,55,26.21,18,6,12,27.0,2476440,768288,1069776,356592,14,0,51,5,0,250421-092729_Run_344_Idx_66277,860,0,5e-05,20000000,49528800.0,15365760.0,21395520.0,7131840.0,0.6875,0.6666666666666666
1469,1,80,25,55,24.55,18,6,12,24.0,2300992,650608,954640,241456,14,0,51,5,0,250421-095520_Run_1788_Idx_65229,4470,0,5e-05,20000000,46019840.0,13012160.0,19092800.0,4829120.0,0.6875,0.6666666666666666
1470,1,160,48,112,26.3,144,48,96,27.0,226560,70016,645120,215040,2,0,51,5,0,250421-090156_Run_433_Idx_25592,1090,0,5e-05,20000000,4531200.0,1400320.0,12902400.0,4300800.0,0.7,0.6666666666666666
1471,1,80,25,55,25.66,18,6,12,27.0,2281888,709856,1069776,356592,14,0,51,5,0,250421-094520_Run_1584_Idx_65229,3960,0,5e-05,20000000,45637760.0,14197120.0,21395520.0,7131840.0,0.6875,0.6666666666666666
1472,1,160,48,112,25.85,81,27,54,27.0,865984,268992,935928,311976,4,0,51,5,0,250421-095241_Run_1710_Idx_75070,4280,0,5e-05,20000000,17319680.0,5379840.0,18718560.0,6239520.0,0.7,0.6666666666666666
1473,1,160,48,112,26.3,144,48,96,27.0,226560,70016,645120,215040,2,0,51,5,0,250421-091621_Run_737_Idx_82062,1850,0,5e-05,20000000,4531200.0,1400320.0,12902400.0,4300800.0,0.7,0.6666666666666666
1474,1,145,44,101,25.46,45,15,30,24.0,2113792,653944,852072,275424,7,0,51,5,0,250421-092727_Run_819_Idx_51592,2050,0,5e-05,20000000,42275840.0,13078880.0,17041440.0,5508480.0,0.696551724137931,0.6666666666666666
1475,1,145,47,98,25.99,45,15,30,27.0,2103712,692368,1099368,366456,7,0,51,5,0,250421-085516_Run_575_Idx_8263,1440,0,5e-05,20000000,42074240.0,13847360.0,21987360.0,7329120.0,0.6758620689655173,0.6666666666666666
1476,1,80,25,55,26.3,18,6,12,27.0,2476440,768288,1069776,356592,14,0,51,5,0,250421-090829_Run_172_Idx_26496,430,0,5e-05,20000000,49528800.0,15365760.0,21395520.0,7131840.0,0.6875,0.6666666666666666
1477,1,160,61,99,20.94,144,48,96,24.0,175104,45120,575616,145536,2,0,51,5,0,250421-091315_Run_869_Idx_23040,2180,0,5e-05,20000000,3502080.0,902400.0,11512320.0,2910720.0,0.61875,0.6666666666666666
1478,1,160,48,112,26.2,144,48,96,27.0,219904,68352,645120,215040,2,0,51,5,0,250421-094937_Run_1661_Idx_7420,4160,0,5e-05,20000000,4398080.0,1367040.0,12902400.0,4300800.0,0.7,0.6666666666666666
1479,1,145,45,100,23.06,45,15,30,21.64,1703392,496512,643392,222912,7,0,51,5,0,250421-092816_Run_1231_Idx_20430,3080,0,5e-05,20000000,34067840.0,9930240.0,12867840.0,4458240.0,0.6896551724137931,0.6666666666666666
1480,1,160,48,112,25.75,81,27,54,27.0,865984,268992,935928,311976,4,0,51,5,0,250421-095416_Run_1854_Idx_78813,4640,0,5e-05,20000000,17319680.0,5379840.0,18718560.0,6239520.0,0.7,0.6666666666666666
1481,1,145,45,100,25.24,45,15,30,24.0,2052352,605152,981200,248288,7,0,51,5,0,250421-085941_Run_1035_Idx_71006,2590,0,5e-05,20000000,41047040.0,12103040.0,19624000.0,4965760.0,0.6896551724137931,0.6666666666666666
1482,1,80,25,55,24.95,18,6,12,24.0,2378016,669864,954640,241456,14,0,51,5,0,250421-085654_Run_212_Idx_26496,530,0,5e-05,20000000,47560320.0,13397280.0,19092800.0,4829120.0,0.6875,0.6666666666666666
1483,1,160,48,112,26.3,144,48,96,27.0,226560,70016,645120,215040,2,0,51,5,0,250421-085213_Run_17_Idx_39758,50,0,5e-05,20000000,4531200.0,1400320.0,12902400.0,4300800.0,0.7,0.6666666666666666
1484,1,80,26,54,25.96,18,6,12,27.0,2437264,770088,1069776,356592,14,0,51,5,0,250421-085230_Run_16_Idx_13799,40,0,5e-05,20000000,48745280.0,15401760.0,21395520.0,7131840.0,0.675,0.6666666666666666
1485,1,80,25,55,21.14,18,6,12,15.0,1721648,525360,33552,11184,14,0,51,5,0,250421-093550_Run_1204_Idx_57146,3010,0,5e-05,20000000,34432960.0,10507200.0,671040.0,223680.0,0.6875,0.6666666666666666
1486,1,80,25,55,24.12,18,6,12,21.67,1888192,611432,609232,241456,14,0,51,5,0,250421-092047_Run_960_Idx_65229,2400,0,5e-05,20000000,37763840.0,12228640.0,12184640.0,4829120.0,0.6875,0.6666666666666666
1487,1,80,26,54,24.31,18,6,12,27.0,1812456,613232,1069776,356592,14,0,51,5,0,250421-091251_Run_632_Idx_86683,1580,0,5e-05,20000000,36249120.0,12264640.0,21395520.0,7131840.0,0.675,0.6666666666666666
1488,1,80,24,56,24.96,18,6,12,24.0,2242712,668880,609232,241456,14,0,51,5,0,250421-090637_Run_536_Idx_54226,1340,0,5e-05,20000000,44854240.0,13377600.0,12184640.0,4829120.0,0.7,0.6666666666666666
1489,1,160,55,105,23.25,81,27,54,18.65,707664,212784,481160,158408,4,0,51,5,0,250421-093429_Run_1326_Idx_66949,3320,0,5e-05,20000000,14153280.0,4255680.0,9623200.0,3168160.0,0.65625,0.6666666666666666
1490,1,80,25,55,25.79,18,6,12,27.0,2358912,729112,1069776,356592,14,0,51,5,0,250421-093624_Run_1380_Idx_47249,3450,0,5e-05,20000000,47178240.0,14582240.0,21395520.0,7131840.0,0.6875,0.6666666666666666
1491,1,145,45,100,26.28,45,15,30,27.0,2182272,688992,1099368,366456,7,0,51,5,0,250421-092224_Run_715_Idx_95480,1790,0,5e-05,20000000,43645440.0,13779840.0,21987360.0,7329120.0,0.6896551724137931,0.6666666666666666
1492,1,145,45,100,26.17,45,15,30,27.0,2120832,673632,1099368,366456,7,0,51,5,0,250421-091744_Run_615_Idx_61030,1540,0,5e-05,20000000,42416640.0,13472640.0,21987360.0,7329120.0,0.6896551724137931,0.6666666666666666
1493,1,160,48,112,25.85,81,27,54,24.0,865984,268992,835232,211280,4,0,51,5,0,250421-093323_Run_1510_Idx_75070,3780,0,5e-05,20000000,17319680.0,5379840.0,16704640.0,4225600.0,0.7,0.6666666666666666
1494,1,145,46,99,26.17,45,15,30,27.0,2120832,691560,1099368,366456,7,0,51,5,0,250421-092028_Run_487_Idx_32731,1220,0,5e-05,20000000,42416640.0,13831200.0,21987360.0,7329120.0,0.6827586206896552,0.6666666666666666
1495,1,145,45,100,26.28,45,15,30,27.0,2182272,688992,1099368,366456,7,0,51,5,0,250421-094800_Run_1543_Idx_95480,3860,0,5e-05,20000000,43645440.0,13779840.0,21987360.0,7329120.0,0.6896551724137931,0.6666666666666666
1496,1,160,48,112,26.2,144,48,96,24.0,219904,68352,575616,145536,2,0,51,5,0,250421-090017_Run_1033_Idx_5687,2590,0,5e-05,20000000,4398080.0,1367040.0,11512320.0,2910720.0,0.7,0.6666666666666666
1497,1,160,57,103,23.5,144,52,92,19.12,182920,57672,380136,133048,2,0,51,5,0,250421-093447_Run_1325_Idx_1953,3320,0,5e-05,20000000,3658400.0,1153440.0,7602720.0,2660960.0,0.64375,0.6388888888888888
1498,1,80,24,56,25.9,18,6,12,27.0,2399416,708056,1069776,356592,14,0,51,5,0,250421-094148_Run_1420_Idx_61908,3550,0,5e-05,20000000,47988320.0,14161120.0,21395520.0,7131840.0,0.7,0.6666666666666666
1499,1,160,56,104,23.25,81,27,54,27.0,741744,227536,935928,311976,4,0,51,5,0,250421-093203_Run_1098_Idx_42754,2750,0,5e-05,20000000,14834880.0,4550720.0,18718560.0,6239520.0,0.65,0.6666666666666666
1500,1,160,57,103,21.61,81,27,54,24.0,605624,216128,671456,193088,4,0,51,5,0,250421-092441_Run_946_Idx_90426,2370,0,5e-05,20000000,12112480.0,4322560.0,13429120.0,3861760.0,0.64375,0.6666666666666666
1501,1,145,46,99,24.44,45,15,30,21.67,2052352,674440,626696,248288,7,0,51,5,0,250421-093627_Run_1499_Idx_32731,3750,0,5e-05,20000000,41047040.0,13488800.0,12533920.0,4965760.0,0.6827586206896552,0.6666666666666666
1502,1,80,25,55,25.88,18,6,12,27.0,2398088,729112,1069776,356592,14,0,51,5,0,250421-092355_Run_356_Idx_66277,890,0,5e-05,20000000,47961760.0,14582240.0,21395520.0,7131840.0,0.6875,0.6666666666666666
1503,1,160,48,112,26.3,144,48,96,27.0,226560,70016,645120,215040,2,0,51,5,0,250421-091729_Run_733_Idx_82062,1840,0,5e-05,20000000,4531200.0,1400320.0,12902400.0,4300800.0,0.7,0.6666666666666666
1504,1,160,48,112,26.2,144,48,96,24.0,219904,68352,536520,145536,2,0,51,5,0,250421-091025_Run_641_Idx_7420,1610,0,5e-05,20000000,4398080.0,1367040.0,10730400.0,2910720.0,0.7,0.6666666666666666
1505,1,80,25,55,22.25,18,6,12,24.0,1375640,493088,609232,241456,14,0,51,5,0,250421-093046_Run_1164_Idx_26496,2910,0,5e-05,20000000,27512800.0,9861760.0,12184640.0,4829120.0,0.6875,0.6666666666666666
1506,1,160,48,112,24.81,81,27,54,22.67,830272,260064,588248,149312,4,0,51,5,0,250421-093052_Run_1222_Idx_28528,3060,0,5e-05,20000000,16605440.0,5201280.0,11764960.0,2986240.0,0.7,0.6666666666666666
1507,1,160,48,112,26.2,144,48,96,24.0,219904,68352,575616,145536,2,0,51,5,0,250421-093012_Run_1461_Idx_7420,3660,0,5e-05,20000000,4398080.0,1367040.0,11512320.0,2910720.0,0.7,0.6666666666666666
1508,1,160,56,104,23.42,81,27,54,27.0,742032,227536,935928,311976,4,0,51,5,0,250421-093536_Run_1266_Idx_18654,3170,0,5e-05,20000000,14840640.0,4550720.0,18718560.0,6239520.0,0.65,0.6666666666666666
1509,1,145,45,100,26.28,45,15,30,27.0,2182272,688992,1099368,366456,7,0,51,5,0,250421-084926_Run_51_Idx_10792,130,0,5e-05,20000000,43645440.0,13779840.0,21987360.0,7329120.0,0.6896551724137931,0.6666666666666666
1510,1,145,45,100,26.17,45,15,30,27.0,2120832,673632,1099368,366456,7,0,51,5,0,250421-085457_Run_695_Idx_61030,1740,0,5e-05,20000000,42416640.0,13472640.0,21987360.0,7329120.0,0.6896551724137931,0.6666666666666666
1511,1,80,25,55,25.66,18,6,12,27.0,2174592,683032,1069776,356592,14,0,51,5,0,250421-085524_Run_336_Idx_57146,840,0,5e-05,20000000,43491840.0,13660640.0,21395520.0,7131840.0,0.6875,0.6666666666666666
1512,1,160,58,102,8.56,81,34,47,3.19,230656,61408,31736,11432,4,0,51,5,0,250421-094941_Run_1598_Idx_23348,4000,0,5e-05,20000000,4613120.0,1228160.0,634720.0,228640.0,0.6375,0.5802469135802469
1513,1,145,47,98,25.16,45,15,30,27.0,2028192,622128,1099368,366456,7,0,51,5,0,250421-093543_Run_1147_Idx_5328,2870,0,5e-05,20000000,40563840.0,12442560.0,21987360.0,7329120.0,0.6758620689655173,0.6666666666666666
1514,1,160,48,112,25.95,81,27,54,27.0,865984,268992,935928,311976,4,0,51,5,0,250421-092151_Run_482_Idx_75070,1210,0,5e-05,20000000,17319680.0,5379840.0,18718560.0,6239520.0,0.7,0.6666666666666666
1515,1,160,57,103,23.5,144,48,96,27.0,182920,57672,645120,215040,2,0,51,5,0,250421-093816_Run_1313_Idx_75451,3290,0,5e-05,20000000,3658400.0,1153440.0,12902400.0,4300800.0,0.64375,0.6666666666666666
1516,1,80,25,55,20.0,18,6,12,21.22,1258112,453912,609232,241456,14,0,51,5,0,250421-094316_Run_1120_Idx_26496,2800,0,5e-05,20000000,25162240.0,9078240.0,12184640.0,4829120.0,0.6875,0.6666666666666666
1517,1,160,48,112,25.85,81,35,46,18.1,865984,268992,559024,178464,4,0,51,5,0,250421-090802_Run_1006_Idx_40263,2520,0,5e-05,20000000,17319680.0,5379840.0,11180480.0,3569280.0,0.7,0.5679012345679012
1518,1,145,46,99,19.68,45,16,29,21.13,1086592,415880,692776,262744,7,0,51,5,0,250421-094332_Run_1119_Idx_5328,2800,0,5e-05,20000000,21731840.0,8317600.0,13855520.0,5254880.0,0.6827586206896552,0.6444444444444445
1519,1,145,45,100,26.28,45,15,30,27.0,2182272,688992,1099368,366456,7,0,51,5,0,250421-092636_Run_347_Idx_10792,870,0,5e-05,20000000,43645440.0,13779840.0,21987360.0,7329120.0,0.6896551724137931,0.6666666666666666
1520,1,160,48,112,26.12,81,27,54,27.0,892224,275552,935928,311976,4,0,51,5,0,250421-090357_Run_426_Idx_93338,1070,0,5e-05,20000000,17844480.0,5511040.0,18718560.0,6239520.0,0.7,0.6666666666666666
1521,1,80,25,55,26.3,18,6,12,27.0,2476440,768288,1069776,356592,14,0,51,5,0,250421-091728_Run_140_Idx_26496,350,0,5e-05,20000000,49528800.0,15365760.0,21395520.0,7131840.0,0.6875,0.6666666666666666
1522,1,160,48,112,25.9,81,27,54,27.0,865984,268992,935928,311976,4,0,51,5,0,250421-085402_Run_698_Idx_78813,1750,0,5e-05,20000000,17319680.0,5379840.0,18718560.0,6239520.0,0.7,0.6666666666666666
1523,1,160,67,93,16.51,144,51,93,19.05,107344,40624,388824,124224,2,0,51,5,0,250421-095820_Run_1921_Idx_31928,4810,0,5e-05,20000000,2146880.0,812480.0,7776480.0,2484480.0,0.58125,0.6458333333333334
1524,1,160,48,112,25.4,144,48,96,24.0,219904,68352,536520,145536,2,0,51,5,0,250421-090334_Run_665_Idx_7420,1670,0,5e-05,20000000,4398080.0,1367040.0,10730400.0,2910720.0,0.7,0.6666666666666666
1525,1,80,25,55,24.72,18,6,12,24.0,2125184,670680,609232,241456,14,0,51,5,0,250421-092810_Run_1348_Idx_65229,3370,0,5e-05,20000000,42503680.0,13413600.0,12184640.0,4829120.0,0.6875,0.6666666666666666
1526,1,160,48,112,26.0,144,48,96,27.0,212224,66432,645120,215040,2,0,51,5,0,250421-095215_Run_1589_Idx_1990,3980,0,5e-05,20000000,4244480.0,1328640.0,12902400.0,4300800.0,0.7,0.6666666666666666
1527,1,145,54,91,10.18,45,30,15,1.2,744192,199784,39504,26184,7,0,51,5,0,250421-085857_Run_799_Idx_79462,2000,0,5e-05,20000000,14883840.0,3995680.0,790080.0,523680.0,0.6275862068965518,0.3333333333333333
1528,1,145,45,100,24.99,45,16,29,21.13,1846912,605152,641632,210232,7,0,51,5,0,250421-092103_Run_959_Idx_25884,2400,0,5e-05,20000000,36938240.0,12103040.0,12832640.0,4204640.0,0.6896551724137931,0.6444444444444445
1529,1,160,48,112,26.12,81,27,54,27.0,892224,275552,935928,311976,4,0,51,5,0,250421-090025_Run_914_Idx_85773,2290,0,5e-05,20000000,17844480.0,5511040.0,18718560.0,6239520.0,0.7,0.6666666666666666
1530,1,80,24,56,17.36,18,6,12,18.0,1161016,373608,494096,126320,14,0,51,5,0,250421-095203_Run_1652_Idx_61908,4130,0,5e-05,20000000,23220320.0,7472160.0,9881920.0,2526400.0,0.7,0.6666666666666666
1531,1,160,48,112,26.0,81,34,47,21.15,865984,268992,672864,204616,4,0,51,5,0,250421-091113_Run_638_Idx_56677,1600,0,5e-05,20000000,17319680.0,5379840.0,13457280.0,4092320.0,0.7,0.5802469135802469
1532,1,160,48,112,23.0,144,53,91,16.97,212224,66432,252984,90536,2,0,51,5,0,250421-094543_Run_1613_Idx_6716,4040,0,5e-05,20000000,4244480.0,1328640.0,5059680.0,1810720.0,0.7,0.6319444444444444
1533,1,145,48,97,24.79,45,15,30,27.0,1993952,605816,1099368,366456,7,0,51,5,0,250421-092815_Run_1111_Idx_5377,2780,0,5e-05,20000000,39879040.0,12116320.0,21987360.0,7329120.0,0.6689655172413793,0.6666666666666666
1534,1,145,45,100,26.28,45,15,30,27.0,2182272,688992,1099368,366456,7,0,51,5,0,250421-090338_Run_427_Idx_10792,1070,0,5e-05,20000000,43645440.0,13779840.0,21987360.0,7329120.0,0.6896551724137931,0.6666666666666666
1535,1,160,52,108,20.79,81,27,54,24.0,503624,163080,835232,211280,4,0,51,5,0,250421-095338_Run_1794_Idx_83687,4490,0,5e-05,20000000,10072480.0,3261600.0,16704640.0,4225600.0,0.675,0.6666666666666666
1536,1,145,45,100,26.28,45,15,30,27.0,2182272,688992,1099368,366456,7,0,51,5,0,250421-090112_Run_791_Idx_95480,1980,0,5e-05,20000000,43645440.0,13779840.0,21987360.0,7329120.0,0.6896551724137931,0.6666666666666666
1537,1,160,55,105,15.44,81,29,52,18.17,388840,144952,488664,163024,4,0,51,5,0,250421-094812_Run_1726_Idx_89116,4320,0,5e-05,20000000,7776800.0,2899040.0,9773280.0,3260480.0,0.65625,0.6419753086419753
1538,1,145,45,100,26.18,45,15,30,27.0,2182272,688992,1099368,366456,7,0,51,5,0,250421-093736_Run_1259_Idx_10792,3150,0,5e-05,20000000,43645440.0,13779840.0,21987360.0,7329120.0,0.6896551724137931,0.6666666666666666
1539,1,80,25,55,24.99,18,6,12,27.0,2241744,650608,1069776,356592,14,0,51,5,0,250421-091512_Run_980_Idx_65229,2450,0,5e-05,20000000,44834880.0,13012160.0,21395520.0,7131840.0,0.6875,0.6666666666666666
1540,1,160,58,102,19.62,144,48,96,22.26,137896,43264,458328,145536,2,0,51,5,0,250421-095643_Run_1845_Idx_92694,4620,0,5e-05,20000000,2757920.0,865280.0,9166560.0,2910720.0,0.6375,0.6666666666666666
1541,1,145,46,99,19.67,45,15,30,12.82,1446592,463080,154024,130120,7,0,51,5,0,250421-094613_Run_1611_Idx_72713,4030,0,5e-05,20000000,28931840.0,9261600.0,3080480.0,2602400.0,0.6827586206896552,0.6666666666666666
1542,1,145,46,99,25.97,45,15,30,27.0,2028672,668520,1099368,366456,7,0,51,5,0,250421-092151_Run_243_Idx_72713,610,0,5e-05,20000000,40573440.0,13370400.0,21987360.0,7329120.0,0.6827586206896552,0.6666666666666666
1543,1,145,45,100,25.38,45,15,30,24.11,1844352,604512,636232,250672,7,0,51,5,0,250421-090013_Run_439_Idx_10792,1100,0,5e-05,20000000,36887040.0,12090240.0,12724640.0,5013440.0,0.6896551724137931,0.6666666666666666
1544,1,145,45,100,25.43,45,15,30,24.0,1846912,605152,626696,248288,7,0,51,5,0,250421-093519_Run_1323_Idx_71006,3310,0,5e-05,20000000,36938240.0,12103040.0,12533920.0,4965760.0,0.6896551724137931,0.6666666666666666
1545,1,80,25,55,26.21,18,6,12,27.0,2476440,768288,1069776,356592,14,0,51,5,0,250421-085037_Run_48_Idx_66277,120,0,5e-05,20000000,49528800.0,15365760.0,21395520.0,7131840.0,0.6875,0.6666666666666666
1546,1,160,48,112,25.91,81,27,54,24.0,892224,275552,835232,211280,4,0,51,5,0,250421-093340_Run_1154_Idx_34316,2890,0,5e-05,20000000,17844480.0,5511040.0,16704640.0,4225600.0,0.7,0.6666666666666666
1547,1,160,48,112,26.2,144,48,96,27.0,219904,68352,645120,215040,2,0,51,5,0,250421-092208_Run_481_Idx_81871,1210,0,5e-05,20000000,4398080.0,1367040.0,12902400.0,4300800.0,0.7,0.6666666666666666
1548,1,160,60,100,23.6,144,48,96,27.0,181536,64352,645120,215040,2,0,51,5,0,250421-091210_Run_873_Idx_91935,2190,0,5e-05,20000000,3630720.0,1287040.0,12902400.0,4300800.0,0.625,0.6666666666666666
1549,1,80,25,55,24.99,18,6,12,24.0,2005720,650608,609232,241456,14,0,51,5,0,250421-091941_Run_964_Idx_65229,2410,0,5e-05,20000000,40114400.0,13012160.0,12184640.0,4829120.0,0.6875,0.6666666666666666
1550,1,160,48,112,24.6,144,52,92,21.29,219904,68352,380136,124360,2,0,51,5,0,250421-093702_Run_1497_Idx_37115,3750,0,5e-05,20000000,4398080.0,1367040.0,7602720.0,2487200.0,0.7,0.6388888888888888
1551,1,80,25,55,12.35,18,6,12,6.44,943736,316312,148688,126320,14,0,51,5,0,250421-094059_Run_1364_Idx_47249,3410,0,5e-05,20000000,18874720.0,6326240.0,2973760.0,2526400.0,0.6875,0.6666666666666666
1552,1,160,48,112,23.0,144,59,85,15.6,212224,66432,297600,94904,2,0,51,5,0,250421-094756_Run_1605_Idx_9037,4020,0,5e-05,20000000,4244480.0,1328640.0,5952000.0,1898080.0,0.7,0.5902777777777778
1553,1,160,57,103,18.74,81,27,54,24.0,369856,96720,835232,211280,4,0,51,5,0,250421-093750_Run_1434_Idx_63538,3590,0,5e-05,20000000,7397120.0,1934400.0,16704640.0,4225600.0,0.64375,0.6666666666666666
1554,1,160,48,112,26.2,144,48,96,27.0,219904,68352,645120,215040,2,0,51,5,0,250421-085423_Run_697_Idx_7420,1750,0,5e-05,20000000,4398080.0,1367040.0,12902400.0,4300800.0,0.7,0.6666666666666666
1555,1,145,45,100,19.28,45,15,30,23.4,1093632,416832,626696,248288,7,0,51,5,0,250421-095759_Run_1963_Idx_61030,4910,0,5e-05,20000000,21872640.0,8336640.0,12533920.0,4965760.0,0.6896551724137931,0.6666666666666666
1556,1,145,46,99,10.82,45,15,30,3.91,761792,257640,39504,12864,7,0,51,5,0,250421-094825_Run_1603_Idx_72713,4010,0,5e-05,20000000,15235840.0,5152800.0,790080.0,257280.0,0.6827586206896552,0.6666666666666666
1557,1,160,48,112,25.99,81,27,54,24.0,892224,275552,615056,202184,4,0,51,5,0,250421-095051_Run_1686_Idx_34316,4220,0,5e-05,20000000,17844480.0,5511040.0,12301120.0,4043680.0,0.7,0.6666666666666666
1558,1,160,56,104,22.7,144,54,90,21.88,181312,56000,406200,133320,2,0,51,5,0,250421-092751_Run_1469_Idx_19284,3680,0,5e-05,20000000,3626240.0,1120000.0,8124000.0,2666400.0,0.65,0.625
1559,1,160,48,112,26.08,81,27,54,24.0,892224,275552,747272,202184,4,0,51,5,0,250421-092031_Run_722_Idx_960,1810,0,5e-05,20000000,17844480.0,5511040.0,14945440.0,4043680.0,0.7,0.6666666666666666
1560,1,80,25,55,23.29,18,6,12,27.0,1611664,493088,1069776,356592,14,0,51,5,0,250421-095833_Run_1948_Idx_26496,4870,0,5e-05,20000000,32233280.0,9861760.0,21395520.0,7131840.0,0.6875,0.6666666666666666
1561,1,80,25,55,26.3,18,6,12,27.0,2476440,768288,1069776,356592,14,0,51,5,0,250421-085432_Run_220_Idx_26496,550,0,5e-05,20000000,49528800.0,15365760.0,21395520.0,7131840.0,0.6875,0.6666666666666666
1562,1,160,48,112,26.2,144,48,96,27.0,219904,68352,645120,215040,2,0,51,5,0,250421-090920_Run_645_Idx_7420,1620,0,5e-05,20000000,4398080.0,1367040.0,12902400.0,4300800.0,0.7,0.6666666666666666
1563,1,160,53,107,18.41,81,29,52,21.12,443632,155304,573056,189608,4,0,51,5,0,250421-094440_Run_1678_Idx_56677,4200,0,5e-05,20000000,8872640.0,3106080.0,11461120.0,3792160.0,0.66875,0.6419753086419753
1564,1,80,24,56,25.19,18,6,12,21.0,2044896,609632,609232,241456,14,0,51,5,0,250421-092909_Run_1524_Idx_54226,3810,0,5e-05,20000000,40897920.0,12192640.0,12184640.0,4829120.0,0.7,0.6666666666666666
1565,1,145,46,99,25.81,45,15,30,27.0,2113792,672680,1099368,366456,7,0,51,5,0,250421-093035_Run_1103_Idx_17402,2760,0,5e-05,20000000,42275840.0,13453600.0,21987360.0,7329120.0,0.6827586206896552,0.6666666666666666
1566,1,145,46,99,25.97,45,15,30,27.0,2028672,668520,1099368,366456,7,0,51,5,0,250421-085653_Run_331_Idx_72713,830,0,5e-05,20000000,40573440.0,13370400.0,21987360.0,7329120.0,0.6827586206896552,0.6666666666666666
1567,1,80,25,55,26.0,18,6,12,27.0,2292120,722208,1069776,356592,14,0,51,5,0,250421-094341_Run_1176_Idx_57146,2940,0,5e-05,20000000,45842400.0,14444160.0,21395520.0,7131840.0,0.6875,0.6666666666666666
1568,1,160,48,112,26.3,144,48,96,27.0,226560,70016,645120,215040,2,0,51,5,0,250421-092601_Run_349_Idx_25592,880,0,5e-05,20000000,4531200.0,1400320.0,12902400.0,4300800.0,0.7,0.6666666666666666
1569,1,80,24,56,26.2,18,6,12,27.0,2399416,708056,1069776,356592,14,0,51,5,0,250421-090745_Run_532_Idx_54226,1330,0,5e-05,20000000,47988320.0,14161120.0,21395520.0,7131840.0,0.7,0.6666666666666666
1570,1,160,57,103,17.6,144,64,80,14.63,160768,41280,275880,78208,2,0,51,5,0,250421-095754_Run_1909_Idx_92171,4780,0,5e-05,20000000,3215360.0,825600.0,5517600.0,1564160.0,0.64375,0.5555555555555556
1571,1,160,48,112,26.3,144,48,96,24.0,226560,70016,549552,145536,2,0,51,5,0,250421-090940_Run_761_Idx_82062,1910,0,5e-05,20000000,4531200.0,1400320.0,10991040.0,2910720.0,0.7,0.6666666666666666
1572,1,160,48,112,26.04,81,27,54,27.0,892224,275552,935928,311976,4,0,51,5,0,250421-090355_Run_902_Idx_85773,2260,0,5e-05,20000000,17844480.0,5511040.0,18718560.0,6239520.0,0.7,0.6666666666666666
1573,1,160,58,102,18.09,81,28,53,21.02,410912,137920,554680,171984,4,0,51,5,0,250421-093012_Run_1166_Idx_44481,2920,0,5e-05,20000000,8218240.0,2758400.0,11093600.0,3439680.0,0.6375,0.654320987654321
1574,1,160,48,112,25.99,81,35,46,21.0,892224,275552,695104,201000,4,0,51,5,0,250421-091221_Run_158_Idx_3852,400,0,5e-05,20000000,17844480.0,5511040.0,13902080.0,4020000.0,0.7,0.5679012345679012
1575,1,160,48,112,25.99,81,27,54,27.0,892224,275552,935928,311976,4,0,51,5,0,250421-092457_Run_114_Idx_34316,290,0,5e-05,20000000,17844480.0,5511040.0,18718560.0,6239520.0,0.7,0.6666666666666666
1576,1,80,25,55,23.94,18,6,12,21.0,1926040,630688,148688,126320,14,0,51,5,0,250421-094531_Run_1644_Idx_47249,4110,0,5e-05,20000000,38520800.0,12613760.0,2973760.0,2526400.0,0.6875,0.6666666666666666
1577,1,160,52,108,20.56,81,27,54,24.0,665248,169600,835232,211280,4,0,51,5,0,250421-095446_Run_1790_Idx_83687,4480,0,5e-05,20000000,13304960.0,3392000.0,16704640.0,4225600.0,0.675,0.6666666666666666
1578,1,80,25,55,25.28,18,6,12,21.67,2239448,709040,609232,241456,14,0,51,5,0,250421-093020_Run_1284_Idx_66277,3210,0,5e-05,20000000,44788960.0,14180800.0,12184640.0,4829120.0,0.6875,0.6666666666666666
1579,1,160,53,107,23.29,81,27,54,27.0,557344,196440,935928,311976,4,0,51,5,0,250421-100005_Run_1942_Idx_84222,4860,0,5e-05,20000000,11146880.0,3928800.0,18718560.0,6239520.0,0.66875,0.6666666666666666
1580,1,145,45,100,23.28,45,15,30,23.09,1739840,501344,636232,250672,7,0,51,5,0,250421-093056_Run_1399_Idx_24331,3500,0,5e-05,20000000,34796800.0,10026880.0,12724640.0,5013440.0,0.6896551724137931,0.6666666666666666
1581,1,160,58,102,23.42,81,27,54,27.0,750904,237400,935928,311976,4,0,51,5,0,250421-091626_Run_858_Idx_24543,2150,0,5e-05,20000000,15018080.0,4748000.0,18718560.0,6239520.0,0.6375,0.6666666666666666
1582,1,80,25,55,21.69,18,6,12,12.0,1966280,610712,148688,126320,14,0,51,5,0,250421-085739_Run_804_Idx_89663,2010,0,5e-05,20000000,39325600.0,12214240.0,2973760.0,2526400.0,0.6875,0.6666666666666666
1583,1,160,54,106,20.2,144,48,96,21.38,175104,44672,384480,97752,2,0,51,5,0,250421-094544_Run_1765_Idx_54163,4420,0,5e-05,20000000,3502080.0,893440.0,7689600.0,1955040.0,0.6625,0.6666666666666666
1584,1,145,48,97,24.79,45,15,30,27.0,1993952,605816,1099368,366456,7,0,51,5,0,250421-085529_Run_931_Idx_98615,2330,0,5e-05,20000000,39879040.0,12116320.0,21987360.0,7329120.0,0.6689655172413793,0.6666666666666666
1585,1,160,48,112,26.0,81,27,54,27.0,865984,268992,935928,311976,4,0,51,5,0,250421-085041_Run_74_Idx_78813,190,0,5e-05,20000000,17319680.0,5379840.0,18718560.0,6239520.0,0.7,0.6666666666666666
1586,1,145,50,95,24.97,45,20,25,21.0,2062432,658792,863032,252272,7,0,51,5,0,250421-085306_Run_79_Idx_30744,200,0,5e-05,20000000,41248640.0,13175840.0,17260640.0,5045440.0,0.6551724137931034,0.5555555555555556
1587,1,160,48,112,26.3,144,48,96,27.0,226560,70016,645120,215040,2,0,51,5,0,250421-091432_Run_389_Idx_25592,980,0,5e-05,20000000,4531200.0,1400320.0,12902400.0,4300800.0,0.7,0.6666666666666666
1588,1,160,48,112,25.95,81,27,54,27.0,865984,268992,935928,311976,4,0,51,5,0,250421-092634_Run_466_Idx_75070,1170,0,5e-05,20000000,17319680.0,5379840.0,18718560.0,6239520.0,0.7,0.6666666666666666
1589,1,145,45,100,24.52,45,15,30,21.11,1782016,537568,518064,132504,7,0,51,5,0,250421-093632_Run_1319_Idx_71006,3300,0,5e-05,20000000,35640320.0,10751360.0,10361280.0,2650080.0,0.6896551724137931,0.6666666666666666
1590,1,160,61,99,17.2,144,50,94,18.1,129856,33808,384480,98024,2,0,51,5,0,250421-094129_Run_1481_Idx_13736,3710,0,5e-05,20000000,2597120.0,676160.0,7689600.0,1960480.0,0.61875,0.6527777777777778
1591,1,160,48,112,25.81,81,27,54,27.0,830272,260064,935928,311976,4,0,51,5,0,250421-085821_Run_326_Idx_28528,820,0,5e-05,20000000,16605440.0,5201280.0,18718560.0,6239520.0,0.7,0.6666666666666666
1592,1,145,47,98,22.63,45,15,30,24.0,1812672,469808,981200,248288,7,0,51,5,0,250421-091205_Run_991_Idx_477,2480,0,5e-05,20000000,36253440.0,9396160.0,19624000.0,4965760.0,0.6758620689655173,0.6666666666666666
1593,1,80,26,54,24.69,18,6,12,27.0,2281792,691584,1069776,356592,14,0,51,5,0,250421-085450_Run_1052_Idx_76244,2630,0,5e-05,20000000,45635840.0,13831680.0,21395520.0,7131840.0,0.675,0.6666666666666666
1594,1,145,47,98,21.68,45,15,30,18.29,1395232,498128,668280,249168,7,0,51,5,0,250421-093353_Run_1211_Idx_40177,3030,0,5e-05,20000000,27904640.0,9962560.0,13365600.0,4983360.0,0.6758620689655173,0.6666666666666666
1595,1,160,56,104,23.11,81,27,54,27.0,679792,212048,935928,311976,4,0,51,5,0,250421-094201_Run_1182_Idx_55670,2960,0,5e-05,20000000,13595840.0,4240960.0,18718560.0,6239520.0,0.65,0.6666666666666666
1596,1,160,48,112,26.3,144,48,96,27.0,226560,70016,645120,215040,2,0,51,5,0,250421-085252_Run_41_Idx_25592,110,0,5e-05,20000000,4531200.0,1400320.0,12902400.0,4300800.0,0.7,0.6666666666666666
1597,1,80,25,55,23.9,18,6,12,21.0,1926040,630688,148688,126320,14,0,51,5,0,250421-093658_Run_1080_Idx_89663,2700,0,5e-05,20000000,38520800.0,12613760.0,2973760.0,2526400.0,0.6875,0.6666666666666666
1598,1,80,25,55,25.7,18,6,12,27.0,2399416,749032,1069776,356592,14,0,51,5,0,250421-093938_Run_1308_Idx_65229,3270,0,5e-05,20000000,47988320.0,14980640.0,21395520.0,7131840.0,0.6875,0.6666666666666666
1599,1,160,48,112,26.3,144,48,96,27.0,226560,70016,645120,215040,2,0,51,5,0,250421-091322_Run_393_Idx_25592,990,0,5e-05,20000000,4531200.0,1400320.0,12902400.0,4300800.0,0.7,0.6666666666666666
1600,1,160,48,112,26.08,81,27,54,27.0,892224,275552,935928,311976,4,0,51,5,0,250421-085700_Run_926_Idx_85773,2320,0,5e-05,20000000,17844480.0,5511040.0,18718560.0,6239520.0,0.7,0.6666666666666666
1601,1,160,60,100,23.5,144,48,96,27.0,187744,62688,645120,215040,2,0,51,5,0,250421-091605_Run_977_Idx_36776,2450,0,5e-05,20000000,3754880.0,1253760.0,12902400.0,4300800.0,0.625,0.6666666666666666
1602,1,160,56,104,22.9,144,59,85,19.61,187968,57664,345384,125312,2,0,51,5,0,250421-094841_Run_1633_Idx_80681,4090,0,5e-05,20000000,3759360.0,1153280.0,6907680.0,2506240.0,0.65,0.5902777777777778
1603,1,160,48,112,26.3,144,48,96,27.0,226560,70016,645120,215040,2,0,51,5,0,250421-091750_Run_853_Idx_13251,2140,0,5e-05,20000000,4531200.0,1400320.0,12902400.0,4300800.0,0.7,0.6666666666666666
1604,1,160,48,112,25.3,81,27,54,24.0,865984,268992,671456,193088,4,0,51,5,0,250421-090712_Run_534_Idx_75070,1340,0,5e-05,20000000,17319680.0,5379840.0,13429120.0,3861760.0,0.7,0.6666666666666666
1605,1,80,25,55,26.0,18,6,12,27.0,2292120,722208,1069776,356592,14,0,51,5,0,250421-095123_Run_1592_Idx_57146,3980,0,5e-05,20000000,45842400.0,14444160.0,21395520.0,7131840.0,0.6875,0.6666666666666666
1606,1,160,48,112,24.77,81,28,53,15.91,892224,275552,107304,65944,4,0,51,5,0,250421-094632_Run_1762_Idx_64251,4410,0,5e-05,20000000,17844480.0,5511040.0,2146080.0,1318880.0,0.7,0.654320987654321
1607,1,160,52,108,22.6,81,29,52,16.25,690376,194728,249408,92368,4,0,51,5,0,250421-094704_Run_1730_Idx_68851,4330,0,5e-05,20000000,13807520.0,3894560.0,4988160.0,1847360.0,0.675,0.6419753086419753
1608,1,160,48,112,25.6,144,48,96,22.69,226560,70016,414888,115128,2,0,51,5,0,250421-094623_Run_1641_Idx_13251,4110,0,5e-05,20000000,4531200.0,1400320.0,8297760.0,2302560.0,0.7,0.6666666666666666
1609,1,80,25,55,25.29,18,6,12,27.0,2318768,669864,1069776,356592,14,0,51,5,0,250421-092831_Run_1172_Idx_26496,2930,0,5e-05,20000000,46375360.0,13397280.0,21395520.0,7131840.0,0.6875,0.6666666666666666
1610,1,160,48,112,26.3,144,48,96,27.0,226560,70016,645120,215040,2,0,51,5,0,250421-091457_Run_149_Idx_39758,380,0,5e-05,20000000,4531200.0,1400320.0,12902400.0,4300800.0,0.7,0.6666666666666666
1611,1,160,48,112,26.2,144,54,90,21.08,219904,68352,419232,128976,2,0,51,5,0,250421-093556_Run_1441_Idx_94663,3610,0,5e-05,20000000,4398080.0,1367040.0,8384640.0,2579520.0,0.7,0.625
1612,1,80,24,56,25.06,18,6,12,24.0,2242712,668880,609232,241456,14,0,51,5,0,250421-092807_Run_1468_Idx_61908,3670,0,5e-05,20000000,44854240.0,13377600.0,12184640.0,4829120.0,0.7,0.6666666666666666
1613,1,160,61,99,23.6,144,48,96,27.0,196008,66024,645120,215040,2,0,51,5,0,250421-090253_Run_785_Idx_63195,1970,0,5e-05,20000000,3920160.0,1320480.0,12902400.0,4300800.0,0.61875,0.6666666666666666
1614,1,145,46,99,26.28,45,15,30,27.0,2182272,706920,1099368,366456,7,0,51,5,0,250421-091419_Run_151_Idx_57481,380,0,5e-05,20000000,43645440.0,14138400.0,21987360.0,7329120.0,0.6827586206896552,0.6666666666666666
1615,1,145,45,100,26.17,45,15,30,27.0,2120832,673632,1099368,366456,7,0,51,5,0,250421-085215_Run_95_Idx_71006,240,0,5e-05,20000000,42416640.0,13472640.0,21987360.0,7329120.0,0.6896551724137931,0.6666666666666666
1616,1,145,45,100,24.51,45,15,30,27.0,1864032,536672,1099368,366456,7,0,51,5,0,250421-094057_Run_1423_Idx_61030,3560,0,5e-05,20000000,37280640.0,10733440.0,21987360.0,7329120.0,0.6896551724137931,0.6666666666666666
1617,1,80,24,56,22.31,18,6,12,18.22,1868120,550384,494096,126320,14,0,51,5,0,250421-093611_Run_1440_Idx_61908,3600,0,5e-05,20000000,37362400.0,11007680.0,9881920.0,2526400.0,0.7,0.6666666666666666
1618,1,145,46,99,25.27,45,15,30,24.0,2103712,674440,1010976,275424,7,0,51,5,0,250421-090320_Run_547_Idx_32731,1370,0,5e-05,20000000,42074240.0,13488800.0,20219520.0,5508480.0,0.6827586206896552,0.6666666666666666
1619,1,160,55,105,23.25,81,27,54,27.0,578144,206264,935928,311976,4,0,51,5,0,250421-090440_Run_1018_Idx_66949,2550,0,5e-05,20000000,11562880.0,4125280.0,18718560.0,6239520.0,0.65625,0.6666666666666666
1620,1,160,48,112,23.0,81,29,52,17.57,830272,260064,328320,124496,4,0,51,5,0,250421-094525_Run_1614_Idx_56365,4040,0,5e-05,20000000,16605440.0,5201280.0,6566400.0,2489920.0,0.7,0.6419753086419753
1621,1,160,48,112,25.85,81,27,54,21.84,865984,268992,557728,193088,4,0,51,5,0,250421-095700_Run_1926_Idx_47915,4820,0,5e-05,20000000,17319680.0,5379840.0,11154560.0,3861760.0,0.7,0.6666666666666666
1622,1,145,49,96,23.14,45,16,29,21.04,1932512,608384,800472,276312,7,0,51,5,0,250421-092207_Run_955_Idx_61786,2390,0,5e-05,20000000,38650240.0,12167680.0,16009440.0,5526240.0,0.6620689655172414,0.6444444444444445
1623,1,160,48,112,26.3,144,48,96,27.0,226560,70016,645120,215040,2,0,51,5,0,250421-093509_Run_1149_Idx_39758,2880,0,5e-05,20000000,4531200.0,1400320.0,12902400.0,4300800.0,0.7,0.6666666666666666
1624,1,80,25,55,26.21,18,6,12,27.0,2476440,768288,1069776,356592,14,0,51,5,0,250421-085842_Run_444_Idx_66277,1110,0,5e-05,20000000,49528800.0,15365760.0,21395520.0,7131840.0,0.6875,0.6666666666666666
1625,1,160,48,112,25.15,81,28,53,20.67,865984,268992,408800,105672,4,0,51,5,0,250421-092954_Run_1342_Idx_96951,3360,0,5e-05,20000000,17319680.0,5379840.0,8176000.0,2113440.0,0.7,0.654320987654321
1626,1,160,48,112,26.2,144,48,96,27.0,219904,68352,645120,215040,2,0,51,5,0,250421-091346_Run_985_Idx_5687,2470,0,5e-05,20000000,4398080.0,1367040.0,12902400.0,4300800.0,0.7,0.6666666666666666
1627,1,80,25,55,20.27,18,6,12,12.22,1780896,584608,148688,126320,14,0,51,5,0,250421-094702_Run_1608_Idx_57146,4020,0,5e-05,20000000,35617920.0,11692160.0,2973760.0,2526400.0,0.6875,0.6666666666666666
1628,1,160,48,112,25.95,81,27,54,27.0,865984,268992,935928,311976,4,0,51,5,0,250421-093322_Run_1330_Idx_47915,3330,0,5e-05,20000000,17319680.0,5379840.0,18718560.0,6239520.0,0.7,0.6666666666666666
1629,1,80,25,55,24.95,18,6,12,24.0,2378016,669864,954640,241456,14,0,51,5,0,250421-093957_Run_1132_Idx_26496,2830,0,5e-05,20000000,47560320.0,13397280.0,19092800.0,4829120.0,0.6875,0.6666666666666666
1630,1,80,26,54,24.44,18,6,12,27.0,1889480,632488,1069776,356592,14,0,51,5,0,250421-091118_Run_876_Idx_29372,2190,0,5e-05,20000000,37789600.0,12649760.0,21395520.0,7131840.0,0.675,0.6666666666666666
1631,1,160,62,98,20.7,144,59,85,19.44,162376,59288,362760,125312,2,0,51,5,0,250421-093324_Run_1213_Idx_92171,3040,0,5e-05,20000000,3247520.0,1185760.0,7255200.0,2506240.0,0.6125,0.5902777777777778
1632,1,80,25,55,22.35,18,6,12,24.0,2102816,532264,954640,241456,14,0,51,5,0,250421-094803_Run_1696_Idx_26496,4240,0,5e-05,20000000,42056320.0,10645280.0,19092800.0,4829120.0,0.6875,0.6666666666666666
1633,1,80,25,55,22.85,18,6,12,27.0,1651808,552336,1069776,356592,14,0,51,5,0,250421-095347_Run_1824_Idx_47249,4560,0,5e-05,20000000,33036160.0,11046720.0,21395520.0,7131840.0,0.6875,0.6666666666666666
1634,1,80,25,55,26.3,18,6,12,27.0,2476440,768288,1069776,356592,14,0,51,5,0,250421-091401_Run_152_Idx_26496,380,0,5e-05,20000000,49528800.0,15365760.0,21395520.0,7131840.0,0.6875,0.6666666666666666
1635,1,160,57,103,23.5,144,48,96,27.0,160408,57672,645120,215040,2,0,51,5,0,250421-095149_Run_1653_Idx_42541,4140,0,5e-05,20000000,3208160.0,1153440.0,12902400.0,4300800.0,0.64375,0.6666666666666666
1636,1,160,48,112,24.9,144,53,91,17.46,226560,70016,254160,76712,2,0,51,5,0,250421-094650_Run_1761_Idx_1787,4410,0,5e-05,20000000,4531200.0,1400320.0,5083200.0,1534240.0,0.7,0.6319444444444444
1637,1,145,45,100,25.16,45,15,30,24.0,2096672,603392,981200,248288,7,0,51,5,0,250421-093258_Run_1275_Idx_10792,3190,0,5e-05,20000000,41933440.0,12067840.0,19624000.0,4965760.0,0.6896551724137931,0.6666666666666666
1638,1,160,48,112,26.3,144,48,96,27.0,226560,70016,645120,215040,2,0,51,5,0,250421-085416_Run_221_Idx_39758,560,0,5e-05,20000000,4531200.0,1400320.0,12902400.0,4300800.0,0.7,0.6666666666666666
1639,1,160,48,112,25.3,81,28,53,21.15,865984,268992,486664,166936,4,0,51,5,0,250421-093903_Run_1490_Idx_24263,3730,0,5e-05,20000000,17319680.0,5379840.0,9733280.0,3338720.0,0.7,0.654320987654321
1640,1,145,46,99,25.97,45,15,30,27.0,2028672,668520,1099368,366456,7,0,51,5,0,250421-091615_Run_263_Idx_72713,660,0,5e-05,20000000,40573440.0,13370400.0,21987360.0,7329120.0,0.6827586206896552,0.6666666666666666
1641,1,160,48,112,26.2,144,48,96,27.0,219904,68352,645120,215040,2,0,51,5,0,250421-085254_Run_93_Idx_5687,240,0,5e-05,20000000,4398080.0,1367040.0,12902400.0,4300800.0,0.7,0.6666666666666666
1642,1,80,24,56,16.84,18,6,12,24.0,1318688,334432,954640,241456,14,0,51,5,0,250421-093028_Run_1460_Idx_61908,3650,0,5e-05,20000000,26373760.0,6688640.0,19092800.0,4829120.0,0.7,0.6666666666666666
1643,1,160,60,100,22.3,144,48,96,24.0,180064,60768,484392,145536,2,0,51,5,0,250421-093218_Run_1217_Idx_84810,3050,0,5e-05,20000000,3601280.0,1215360.0,9687840.0,2910720.0,0.625,0.6666666666666666
1644,1,160,48,112,25.4,144,60,84,14.99,219904,68352,271536,90696,2,0,51,5,0,250421-094027_Run_1485_Idx_98715,3720,0,5e-05,20000000,4398080.0,1367040.0,5430720.0,1813920.0,0.7,0.5833333333333334
1645,1,145,45,100,20.05,45,15,30,21.53,1093632,416832,626696,248288,7,0,51,5,0,250421-095849_Run_1919_Idx_71006,4800,0,5e-05,20000000,21872640.0,8336640.0,12533920.0,4965760.0,0.6896551724137931,0.6666666666666666
1646,1,80,25,55,25.66,18,6,12,27.0,2281888,709856,1069776,356592,14,0,51,5,0,250421-091620_Run_976_Idx_65229,2440,0,5e-05,20000000,45637760.0,14197120.0,21395520.0,7131840.0,0.6875,0.6666666666666666
1647,1,160,48,112,26.2,144,48,96,27.0,219904,68352,645120,215040,2,0,51,5,0,250421-093229_Run_1513_Idx_81871,3790,0,5e-05,20000000,4398080.0,1367040.0,12902400.0,4300800.0,0.7,0.6666666666666666
1648,1,80,25,55,21.91,18,6,12,18.0,1514208,453912,494096,126320,14,0,51,5,0,250421-094959_Run_1628_Idx_47249,4070,0,5e-05,20000000,30284160.0,9078240.0,9881920.0,2526400.0,0.6875,0.6666666666666666
1649,1,80,25,55,25.9,18,6,12,27.0,2399416,749032,1069776,356592,14,0,51,5,0,250421-091254_Run_988_Idx_65229,2470,0,5e-05,20000000,47988320.0,14980640.0,21395520.0,7131840.0,0.6875,0.6666666666666666
1650,1,160,68,92,18.34,144,62,82,21.0,133072,42296,480048,138752,2,0,51,5,0,250421-090030_Run_557_Idx_75395,1400,0,5e-05,20000000,2661440.0,845920.0,9600960.0,2775040.0,0.575,0.5694444444444444
1651,1,160,51,109,21.86,81,27,54,27.0,554992,186576,935928,311976,4,0,51,5,0,250421-095720_Run_1938_Idx_62843,4850,0,5e-05,20000000,11099840.0,3731520.0,18718560.0,6239520.0,0.68125,0.6666666666666666
1652,1,160,48,112,26.2,144,48,96,27.0,219904,68352,645120,215040,2,0,51,5,0,250421-092511_Run_589_Idx_7420,1480,0,5e-05,20000000,4398080.0,1367040.0,12902400.0,4300800.0,0.7,0.6666666666666666
1653,1,160,48,112,26.12,81,27,54,27.0,892224,275552,935928,311976,4,0,51,5,0,250421-093921_Run_1370_Idx_85773,3430,0,5e-05,20000000,17844480.0,5511040.0,18718560.0,6239520.0,0.7,0.6666666666666666
1654,1,80,25,55,21.68,18,6,12,24.0,1230496,447008,609232,241456,14,0,51,5,0,250421-095600_Run_1800_Idx_57146,4500,0,5e-05,20000000,24609920.0,8940160.0,12184640.0,4829120.0,0.6875,0.6666666666666666
1655,1,145,48,97,21.8,45,15,30,24.0,1281952,436376,626696,248288,7,0,51,5,0,250421-085728_Run_1043_Idx_83992,2610,0,5e-05,20000000,25639040.0,8727520.0,12533920.0,4965760.0,0.6689655172413793,0.6666666666666666
1656,1,80,25,55,24.16,18,6,12,24.0,2162064,630688,609232,241456,14,0,51,5,0,250421-093805_Run_1076_Idx_89663,2690,0,5e-05,20000000,43241280.0,12613760.0,12184640.0,4829120.0,0.6875,0.6666666666666666
1657,1,160,48,112,26.0,144,48,96,27.0,212224,66432,645120,215040,2,0,51,5,0,250421-085157_Run_5_Idx_1990,20,0,5e-05,20000000,4244480.0,1328640.0,12902400.0,4300800.0,0.7,0.6666666666666666
1658,1,145,45,100,24.87,45,15,30,24.0,2018112,588032,981200,248288,7,0,51,5,0,250421-095537_Run_1787_Idx_71006,4470,0,5e-05,20000000,40362240.0,11760640.0,19624000.0,4965760.0,0.6896551724137931,0.6666666666666666
1659,1,160,51,109,22.68,81,27,54,24.11,708488,193096,541464,213360,4,0,51,5,0,250421-095337_Run_1778_Idx_69926,4450,0,5e-05,20000000,14169760.0,3861920.0,10829280.0,4267200.0,0.68125,0.6666666666666666
1660,1,160,62,98,23.6,144,48,96,27.0,191184,67696,645120,215040,2,0,51,5,0,250421-092229_Run_361_Idx_28619,910,0,5e-05,20000000,3823680.0,1353920.0,12902400.0,4300800.0,0.6125,0.6666666666666666
1661,1,160,48,112,26.04,81,27,54,24.0,892224,275552,835232,211280,4,0,51,5,0,250421-094013_Run_1250_Idx_93338,3130,0,5e-05,20000000,17844480.0,5511040.0,16704640.0,4225600.0,0.7,0.6666666666666666
1662,1,160,48,112,26.3,144,48,96,24.0,226560,70016,575616,145536,2,0,51,5,0,250421-084954_Run_37_Idx_13251,100,0,5e-05,20000000,4531200.0,1400320.0,11512320.0,2910720.0,0.7,0.6666666666666666
1663,1,80,25,55,25.2,18,6,12,27.0,2318768,669864,1069776,356592,14,0,51,5,0,250421-094126_Run_1064_Idx_89663,2660,0,5e-05,20000000,46375360.0,13397280.0,21395520.0,7131840.0,0.6875,0.6666666666666666
1664,1,160,60,100,19.24,144,48,96,21.11,136512,35408,303232,77440,2,0,51,5,0,250421-095153_Run_1621_Idx_91935,4060,0,5e-05,20000000,2730240.0,708160.0,6064640.0,1548800.0,0.625,0.6666666666666666
1665,1,160,54,106,23.34,81,27,54,27.0,725776,211152,935928,311976,4,0,51,5,0,250421-093904_Run_1254_Idx_35476,3140,0,5e-05,20000000,14515520.0,4223040.0,18718560.0,6239520.0,0.6625,0.6666666666666666
1666,1,160,48,112,26.3,144,48,96,27.0,226560,70016,645120,215040,2,0,51,5,0,250421-091820_Run_137_Idx_39758,350,0,5e-05,20000000,4531200.0,1400320.0,12902400.0,4300800.0,0.7,0.6666666666666666
1667,1,80,25,55,26.21,18,6,12,27.0,2476440,768288,1069776,356592,14,0,51,5,0,250421-090803_Run_412_Idx_66277,1030,0,5e-05,20000000,49528800.0,15365760.0,21395520.0,7131840.0,0.6875,0.6666666666666666
1668,1,160,48,112,26.12,81,30,51,16.2,892224,275552,466832,128480,4,0,51,5,0,250421-094120_Run_1246_Idx_45004,3120,0,5e-05,20000000,17844480.0,5511040.0,9336640.0,2569600.0,0.7,0.6296296296296297
1669,1,145,45,100,26.28,45,15,30,27.0,2182272,688992,1099368,366456,7,0,51,5,0,250421-092747_Run_343_Idx_10792,860,0,5e-05,20000000,43645440.0,13779840.0,21987360.0,7329120.0,0.6896551724137931,0.6666666666666666
1670,1,80,26,54,25.79,18,6,12,27.0,2437264,770088,1069776,356592,14,0,51,5,0,250421-085141_Run_32_Idx_29372,80,0,5e-05,20000000,48745280.0,15401760.0,21395520.0,7131840.0,0.675,0.6666666666666666
1671,1,160,48,112,25.9,81,27,54,24.0,865984,268992,786704,202184,4,0,51,5,0,250421-092123_Run_602_Idx_78813,1510,0,5e-05,20000000,17319680.0,5379840.0,15734080.0,4043680.0,0.7,0.6666666666666666
1672,1,80,24,56,24.96,18,6,12,24.0,2242712,668880,609232,241456,14,0,51,5,0,250421-093717_Run_1496_Idx_54226,3740,0,5e-05,20000000,44854240.0,13377600.0,12184640.0,4829120.0,0.7,0.6666666666666666
1673,1,145,45,100,22.96,45,15,30,21.2,1813568,519776,636232,250672,7,0,51,5,0,250421-092716_Run_1351_Idx_71006,3380,0,5e-05,20000000,36271360.0,10395520.0,12724640.0,5013440.0,0.6896551724137931,0.6666666666666666
1674,1,160,48,112,26.2,144,48,96,27.0,219904,68352,645120,215040,2,0,51,5,0,250421-092429_Run_473_Idx_81871,1190,0,5e-05,20000000,4398080.0,1367040.0,12902400.0,4300800.0,0.7,0.6666666666666666
1675,1,145,45,100,25.25,45,15,30,24.0,2113792,620512,981200,248288,7,0,51,5,0,250421-091121_Run_755_Idx_95480,1890,0,5e-05,20000000,42275840.0,12410240.0,19624000.0,4965760.0,0.6896551724137931,0.6666666666666666
1676,1,160,55,105,22.45,81,27,54,24.0,707664,212784,619880,193088,4,0,51,5,0,250421-093104_Run_1338_Idx_66949,3350,0,5e-05,20000000,14153280.0,4255680.0,12397600.0,3861760.0,0.65625,0.6666666666666666
1677,1,145,47,98,24.23,45,15,30,27.0,1583072,536528,1099368,366456,7,0,51,5,0,250421-092704_Run_1115_Idx_35805,2790,0,5e-05,20000000,31661440.0,10730560.0,21987360.0,7329120.0,0.6758620689655173,0.6666666666666666
1678,1,160,56,104,18.27,81,27,54,21.27,434432,153184,475040,154064,4,0,51,5,0,250421-092851_Run_1406_Idx_35340,3520,0,5e-05,20000000,8688640.0,3063680.0,9500800.0,3081280.0,0.65,0.6666666666666666
1679,1,160,61,99,20.04,144,57,87,19.58,168448,43456,388824,107664,2,0,51,5,0,250421-092607_Run_941_Idx_31928,2360,0,5e-05,20000000,3368960.0,869120.0,7776480.0,2153280.0,0.61875,0.6041666666666666
1680,1,145,46,99,25.97,45,15,30,27.0,2028672,668520,1099368,366456,7,0,51,5,0,250421-092630_Run_227_Idx_72713,570,0,5e-05,20000000,40573440.0,13370400.0,21987360.0,7329120.0,0.6827586206896552,0.6666666666666666
1681,1,80,25,55,26.0,18,6,12,27.0,2292120,722208,1069776,356592,14,0,51,5,0,250421-091235_Run_276_Idx_57146,690,0,5e-05,20000000,45842400.0,14444160.0,21395520.0,7131840.0,0.6875,0.6666666666666666
1682,1,80,25,55,19.48,18,6,12,21.22,1375640,493088,609232,241456,14,0,51,5,0,250421-100008_Run_1968_Idx_66277,4920,0,5e-05,20000000,27512800.0,9861760.0,12184640.0,4829120.0,0.6875,0.6666666666666666
1683,1,160,48,112,26.3,144,48,96,27.0,226560,70016,645120,215040,2,0,51,5,0,250421-090404_Run_781_Idx_82062,1960,0,5e-05,20000000,4531200.0,1400320.0,12902400.0,4300800.0,0.7,0.6666666666666666
1684,1,145,46,99,22.34,45,15,30,24.0,1778432,451880,981200,248288,7,0,51,5,0,250421-095947_Run_1983_Idx_32731,4960,0,5e-05,20000000,35568640.0,9037600.0,19624000.0,4965760.0,0.6827586206896552,0.6666666666666666
1685,1,160,48,112,26.2,144,48,96,27.0,219904,68352,645120,215040,2,0,51,5,0,250421-085141_Run_97_Idx_5687,250,0,5e-05,20000000,4398080.0,1367040.0,12902400.0,4300800.0,0.7,0.6666666666666666
1686,1,145,47,98,25.13,45,15,30,24.0,1881152,623888,956704,261856,7,0,51,5,0,250421-092106_Run_603_Idx_47804,1510,0,5e-05,20000000,37623040.0,12477760.0,19134080.0,5237120.0,0.6758620689655173,0.6666666666666666
1687,1,160,48,112,24.6,144,61,83,19.12,219904,68352,358416,112552,2,0,51,5,0,250421-092352_Run_949_Idx_1953,2380,0,5e-05,20000000,4398080.0,1367040.0,7168320.0,2251040.0,0.7,0.5763888888888888
1688,1,160,48,112,26.3,144,48,96,24.0,226560,70016,575616,145536,2,0,51,5,0,250421-095710_Run_1953_Idx_39758,4890,0,5e-05,20000000,4531200.0,1400320.0,11512320.0,2910720.0,0.7,0.6666666666666666
1689,1,80,25,55,26.0,18,6,12,27.0,2399416,749032,1069776,356592,14,0,51,5,0,250421-084854_Run_104_Idx_65229,260,0,5e-05,20000000,47988320.0,14980640.0,21395520.0,7131840.0,0.6875,0.6666666666666666
1690,1,160,48,112,25.99,81,27,54,27.0,892224,275552,935928,311976,4,0,51,5,0,250421-092718_Run_106_Idx_34316,270,0,5e-05,20000000,17844480.0,5511040.0,18718560.0,6239520.0,0.7,0.6666666666666666
1691,1,160,48,112,26.3,144,48,96,27.0,226560,70016,645120,215040,2,0,51,5,0,250421-090641_Run_417_Idx_25592,1050,0,5e-05,20000000,4531200.0,1400320.0,12902400.0,4300800.0,0.7,0.6666666666666666
1692,1,145,46,99,25.88,45,15,30,27.0,2069472,674440,1099368,366456,7,0,51,5,0,250421-095115_Run_1715_Idx_32731,4290,0,5e-05,20000000,41389440.0,13488800.0,21987360.0,7329120.0,0.6827586206896552,0.6666666666666666
1693,1,160,48,112,25.95,81,30,51,18.12,865984,268992,498352,159408,4,0,51,5,0,250421-094917_Run_1570_Idx_61898,3930,0,5e-05,20000000,17319680.0,5379840.0,9967040.0,3188160.0,0.7,0.6296296296296297
1694,1,160,48,112,26.3,144,48,96,27.0,226560,70016,645120,215040,2,0,51,5,0,250421-091535_Run_861_Idx_13251,2160,0,5e-05,20000000,4531200.0,1400320.0,12902400.0,4300800.0,0.7,0.6666666666666666
1695,1,160,56,104,20.8,144,50,94,18.6,168448,43136,401856,102368,2,0,51,5,0,250421-095937_Run_1957_Idx_92694,4900,0,5e-05,20000000,3368960.0,862720.0,8037120.0,2047360.0,0.65,0.6527777777777778
1696,1,160,48,112,26.0,144,48,96,27.0,212224,66432,645120,215040,2,0,51,5,0,250421-091111_Run_281_Idx_1990,710,0,5e-05,20000000,4244480.0,1328640.0,12902400.0,4300800.0,0.7,0.6666666666666666
1697,1,145,45,100,26.28,45,15,30,27.0,2182272,688992,1099368,366456,7,0,51,5,0,250421-091722_Run_379_Idx_10792,950,0,5e-05,20000000,43645440.0,13779840.0,21987360.0,7329120.0,0.6896551724137931,0.6666666666666666
1698,1,160,56,104,20.8,144,48,96,24.0,137896,43136,484392,145536,2,0,51,5,0,250421-092853_Run_1525_Idx_66490,3820,0,5e-05,20000000,2757920.0,862720.0,9687840.0,2910720.0,0.65,0.6666666666666666
1699,1,80,26,54,25.96,18,6,12,27.0,2437264,770088,1069776,356592,14,0,51,5,0,250421-090724_Run_176_Idx_13799,440,0,5e-05,20000000,48745280.0,15401760.0,21395520.0,7131840.0,0.675,0.6666666666666666
1700,1,160,48,112,26.3,144,48,96,24.0,226560,70016,575616,145536,2,0,51,5,0,250421-093000_Run_1105_Idx_82062,2770,0,5e-05,20000000,4531200.0,1400320.0,11512320.0,2910720.0,0.7,0.6666666666666666
1701,1,80,25,55,23.56,18,6,12,21.22,2164496,631296,618128,243680,14,0,51,5,0,250421-094410_Run_1352_Idx_47249,3380,0,5e-05,20000000,43289920.0,12625920.0,12362560.0,4873600.0,0.6875,0.6666666666666666
1702,1,80,26,54,24.52,18,6,12,27.0,1889480,632488,1069776,356592,14,0,51,5,0,250421-090533_Run_776_Idx_1625,1940,0,5e-05,20000000,37789600.0,12649760.0,21395520.0,7131840.0,0.675,0.6666666666666666
1703,1,160,48,112,26.04,81,27,54,27.0,892224,275552,935928,311976,4,0,51,5,0,250421-093754_Run_1258_Idx_93338,3150,0,5e-05,20000000,17844480.0,5511040.0,18718560.0,6239520.0,0.7,0.6666666666666666
1704,1,145,45,100,24.58,45,15,30,21.53,1788512,586272,626696,248288,7,0,51,5,0,250421-093039_Run_1283_Idx_10792,3210,0,5e-05,20000000,35770240.0,11725440.0,12533920.0,4965760.0,0.6896551724137931,0.6666666666666666
1705,1,160,48,112,26.04,81,27,54,27.0,892224,275552,935928,311976,4,0,51,5,0,250421-094706_Run_1546_Idx_960,3870,0,5e-05,20000000,17844480.0,5511040.0,18718560.0,6239520.0,0.7,0.6666666666666666
1706,1,80,24,56,26.0,18,6,12,27.0,2399416,708056,1069776,356592,14,0,51,5,0,250421-085119_Run_72_Idx_61908,180,0,5e-05,20000000,47988320.0,14161120.0,21395520.0,7131840.0,0.7,0.6666666666666666
1707,1,145,46,99,20.48,45,15,30,12.11,1538752,451880,35856,11952,7,0,51,5,0,250421-093952_Run_1487_Idx_32731,3720,0,5e-05,20000000,30775040.0,9037600.0,717120.0,239040.0,0.6827586206896552,0.6666666666666666
1708,1,160,59,101,23.34,81,27,54,27.0,680632,239072,935928,311976,4,0,51,5,0,250421-091840_Run_850_Idx_55921,2130,0,5e-05,20000000,13612640.0,4781440.0,18718560.0,6239520.0,0.63125,0.6666666666666666
1709,1,145,46,99,18.24,45,15,30,24.0,1093632,280680,981200,248288,7,0,51,5,0,250421-093412_Run_1507_Idx_32731,3770,0,5e-05,20000000,21872640.0,5613600.0,19624000.0,4965760.0,0.6827586206896552,0.6666666666666666
1710,1,145,46,99,26.28,45,15,30,27.0,2182272,706920,1099368,366456,7,0,51,5,0,250421-085932_Run_203_Idx_57481,510,0,5e-05,20000000,43645440.0,14138400.0,21987360.0,7329120.0,0.6827586206896552,0.6666666666666666
1711,1,160,48,112,26.0,81,27,54,24.0,865984,268992,747272,202184,4,0,51,5,0,250421-091008_Run_642_Idx_78813,1610,0,5e-05,20000000,17319680.0,5379840.0,14945440.0,4043680.0,0.7,0.6666666666666666
1712,1,145,44,101,17.25,45,15,30,9.53,1052352,380024,142704,117432,7,0,51,5,0,250421-094214_Run_1359_Idx_51592,3400,0,5e-05,20000000,21047040.0,7600480.0,2854080.0,2348640.0,0.696551724137931,0.6666666666666666
1713,1,160,56,104,19.62,144,48,96,21.49,142720,39920,453984,119472,2,0,51,5,0,250421-094935_Run_1721_Idx_66490,4310,0,5e-05,20000000,2854400.0,798400.0,9079680.0,2389440.0,0.65,0.6666666666666666
1714,1,160,59,101,23.38,81,27,54,27.0,759032,245592,935928,311976,4,0,51,5,0,250421-090235_Run_786_Idx_16297,1970,0,5e-05,20000000,15180640.0,4911840.0,18718560.0,6239520.0,0.63125,0.6666666666666666
1715,1,145,46,99,26.17,45,15,30,27.0,2120832,691560,1099368,366456,7,0,51,5,0,250421-085626_Run_571_Idx_32731,1430,0,5e-05,20000000,42416640.0,13831200.0,21987360.0,7329120.0,0.6827586206896552,0.6666666666666666
1716,1,160,48,112,25.56,81,29,52,18.3,830272,260064,501216,176168,4,0,51,5,0,250421-095425_Run_1806_Idx_56365,4520,0,5e-05,20000000,16605440.0,5201280.0,10024320.0,3523360.0,0.7,0.6419753086419753
1717,1,160,48,112,26.2,144,48,96,23.62,219904,68352,540864,136848,2,0,51,5,0,250421-091156_Run_517_Idx_81871,1300,0,5e-05,20000000,4398080.0,1367040.0,10817280.0,2736960.0,0.7,0.6666666666666666
1718,1,145,45,100,25.77,45,15,30,27.0,2086592,656512,1099368,366456,7,0,51,5,0,250421-093957_Run_1307_Idx_71006,3270,0,5e-05,20000000,41731840.0,13130240.0,21987360.0,7329120.0,0.6896551724137931,0.6666666666666666
1719,1,160,48,112,25.95,81,28,53,21.0,865984,268992,506448,176032,4,0,51,5,0,250421-095023_Run_1566_Idx_96951,3920,0,5e-05,20000000,17319680.0,5379840.0,10128960.0,3520640.0,0.7,0.654320987654321
1720,1,160,56,104,20.66,81,27,54,27.0,559536,197168,935928,311976,4,0,51,5,0,250421-093210_Run_1454_Idx_40966,3640,0,5e-05,20000000,11190720.0,3943360.0,18718560.0,6239520.0,0.65,0.6666666666666666
1721,1,145,46,99,26.17,45,15,30,27.0,2120832,691560,1099368,366456,7,0,51,5,0,250421-085402_Run_579_Idx_32731,1450,0,5e-05,20000000,42416640.0,13831200.0,21987360.0,7329120.0,0.6827586206896552,0.6666666666666666
1722,1,80,25,55,26.21,18,6,12,27.0,2476440,768288,1069776,356592,14,0,51,5,0,250421-090548_Run_420_Idx_66277,1050,0,5e-05,20000000,49528800.0,15365760.0,21395520.0,7131840.0,0.6875,0.6666666666666666
1723,1,160,60,100,20.95,144,48,96,24.0,168448,43392,575616,145536,2,0,51,5,0,250421-090607_Run_1013_Idx_36776,2540,0,5e-05,20000000,3368960.0,867840.0,11512320.0,2910720.0,0.625,0.6666666666666666
1724,1,145,45,100,25.27,45,15,30,24.0,2052352,656512,774672,275424,7,0,51,5,0,250421-092825_Run_1467_Idx_61030,3670,0,5e-05,20000000,41047040.0,13130240.0,15493440.0,5508480.0,0.6896551724137931,0.6666666666666666
1725,1,80,25,55,24.24,18,6,12,21.22,1965216,630688,609232,241456,14,0,51,5,0,250421-092103_Run_720_Idx_89663,1800,0,5e-05,20000000,39304320.0,12613760.0,12184640.0,4829120.0,0.6875,0.6666666666666666
1726,1,80,25,55,26.0,18,6,12,27.0,2292120,722208,1069776,356592,14,0,51,5,0,250421-090217_Run_312_Idx_57146,780,0,5e-05,20000000,45842400.0,14444160.0,21395520.0,7131840.0,0.6875,0.6666666666666666
1727,1,160,59,101,19.99,81,28,53,22.33,509736,164968,728896,184832,4,0,51,5,0,250421-085956_Run_678_Idx_36013,1700,0,5e-05,20000000,10194720.0,3299360.0,14577920.0,3696640.0,0.63125,0.654320987654321
1728,1,160,59,101,23.6,144,48,96,27.0,192792,62680,645120,215040,2,0,51,5,0,250421-093921_Run_1253_Idx_11550,3140,0,5e-05,20000000,3855840.0,1253600.0,12902400.0,4300800.0,0.63125,0.6666666666666666
1729,1,160,48,112,26.3,144,48,96,24.0,226560,70016,575616,145536,2,0,51,5,0,250421-093359_Run_1153_Idx_39758,2890,0,5e-05,20000000,4531200.0,1400320.0,11512320.0,2910720.0,0.7,0.6666666666666666
1730,1,145,46,99,13.52,45,15,30,8.69,734112,195080,35856,11952,7,0,51,5,0,250421-094056_Run_1483_Idx_32731,3710,0,5e-05,20000000,14682240.0,3901600.0,717120.0,239040.0,0.6827586206896552,0.6666666666666666
1731,1,80,25,55,22.86,18,6,12,18.22,1820072,584608,609232,241456,14,0,51,5,0,250421-095352_Run_1808_Idx_57146,4520,0,5e-05,20000000,36401440.0,11692160.0,12184640.0,4829120.0,0.6875,0.6666666666666666
1732,1,160,48,112,26.3,144,48,96,27.0,226560,70016,645120,215040,2,0,51,5,0,250421-085937_Run_441_Idx_25592,1110,0,5e-05,20000000,4531200.0,1400320.0,12902400.0,4300800.0,0.7,0.6666666666666666
1733,1,145,45,100,26.28,45,15,30,27.0,2182272,688992,1099368,366456,7,0,51,5,0,250421-092335_Run_711_Idx_95480,1780,0,5e-05,20000000,43645440.0,13779840.0,21987360.0,7329120.0,0.6896551724137931,0.6666666666666666
1734,1,160,48,112,26.08,81,27,54,24.0,892224,275552,747272,202184,4,0,51,5,0,250421-090922_Run_762_Idx_960,1910,0,5e-05,20000000,17844480.0,5511040.0,14945440.0,4043680.0,0.7,0.6666666666666666
1735,1,160,59,101,19.8,81,30,51,19.77,665248,171488,487664,132824,4,0,51,5,0,250421-092549_Run_942_Idx_56919,2360,0,5e-05,20000000,13304960.0,3429760.0,9753280.0,2656480.0,0.63125,0.6296296296296297
1736,1,160,59,101,22.82,144,48,96,27.0,179928,62680,645120,215040,2,0,51,5,0,250421-093702_Run_1261_Idx_11550,3160,0,5e-05,20000000,3598560.0,1253600.0,12902400.0,4300800.0,0.63125,0.6666666666666666
1737,1,145,48,97,21.99,45,15,30,24.0,1240672,468856,626696,248288,7,0,51,5,0,250421-093102_Run_1163_Idx_40592,2910,0,5e-05,20000000,24813440.0,9377120.0,12533920.0,4965760.0,0.6689655172413793,0.6666666666666666
1738,1,80,25,55,22.2,18,6,12,24.0,1375640,493088,609232,241456,14,0,51,5,0,250421-094256_Run_1240_Idx_66277,3100,0,5e-05,20000000,27512800.0,9861760.0,12184640.0,4829120.0,0.6875,0.6666666666666666
1739,1,160,48,112,25.95,81,27,54,27.0,865984,268992,935928,311976,4,0,51,5,0,250421-085758_Run_566_Idx_75070,1420,0,5e-05,20000000,17319680.0,5379840.0,18718560.0,6239520.0,0.7,0.6666666666666666
1740,1,145,45,100,26.28,45,15,30,27.0,2182272,688992,1099368,366456,7,0,51,5,0,250421-085415_Run_459_Idx_10792,1150,0,5e-05,20000000,43645440.0,13779840.0,21987360.0,7329120.0,0.6896551724137931,0.6666666666666666
1741,1,145,45,100,22.12,45,15,30,27.0,1384672,485312,1099368,366456,7,0,51,5,0,250421-093848_Run_1311_Idx_71006,3280,0,5e-05,20000000,27693440.0,9706240.0,21987360.0,7329120.0,0.6896551724137931,0.6666666666666666
1742,1,145,46,99,24.31,45,15,30,24.0,1949632,554600,981200,248288,7,0,51,5,0,250421-091810_Run_495_Idx_32731,1240,0,5e-05,20000000,38992640.0,11092000.0,19624000.0,4965760.0,0.6827586206896552,0.6666666666666666
1743,1,160,48,112,25.95,81,27,54,24.0,865984,268992,655376,202184,4,0,51,5,0,250421-092016_Run_962_Idx_47915,2410,0,5e-05,20000000,17319680.0,5379840.0,13107520.0,4043680.0,0.7,0.6666666666666666
1744,1,160,62,98,21.32,144,48,96,27.0,152592,56440,645120,215040,2,0,51,5,0,250421-095938_Run_1993_Idx_88807,4990,0,5e-05,20000000,3051840.0,1128800.0,12902400.0,4300800.0,0.6125,0.6666666666666666
1745,1,145,46,99,22.58,45,15,30,19.56,1908832,634280,626696,248288,7,0,51,5,0,250421-094508_Run_1615_Idx_72713,4040,0,5e-05,20000000,38176640.0,12685600.0,12533920.0,4965760.0,0.6827586206896552,0.6666666666666666
1746,1,160,57,103,21.18,81,28,53,19.25,570776,207200,432792,157840,4,0,51,5,0,250421-093411_Run_1210_Idx_63012,3030,0,5e-05,20000000,11415520.0,4144000.0,8655840.0,3156800.0,0.64375,0.654320987654321
1747,1,145,45,100,23.59,45,15,30,24.0,1778432,502432,626696,248288,7,0,51,5,0,250421-093046_Run_1339_Idx_71006,3350,0,5e-05,20000000,35568640.0,10048640.0,12533920.0,4965760.0,0.6896551724137931,0.6666666666666666
1748,1,80,24,56,19.49,18,6,12,21.0,1298616,432856,609232,241456,14,0,51,5,0,250421-095744_Run_1964_Idx_61908,4910,0,5e-05,20000000,25972320.0,8657120.0,12184640.0,4829120.0,0.7,0.6666666666666666
1749,1,145,46,99,26.28,45,15,30,27.0,2182272,706920,1099368,366456,7,0,51,5,0,250421-090149_Run_195_Idx_57481,490,0,5e-05,20000000,43645440.0,14138400.0,21987360.0,7329120.0,0.6827586206896552,0.6666666666666666
1750,1,160,48,112,26.3,144,48,96,27.0,226560,70016,645120,215040,2,0,51,5,0,250421-090731_Run_769_Idx_82062,1930,0,5e-05,20000000,4531200.0,1400320.0,12902400.0,4300800.0,0.7,0.6666666666666666
1751,1,80,24,56,26.0,18,6,12,27.0,2399416,708056,1069776,356592,14,0,51,5,0,250421-092527_Run_588_Idx_61908,1470,0,5e-05,20000000,47988320.0,14161120.0,21395520.0,7131840.0,0.7,0.6666666666666666
1752,1,145,45,100,26.18,45,15,30,27.0,2182272,688992,1099368,366456,7,0,51,5,0,250421-091715_Run_855_Idx_24331,2140,0,5e-05,20000000,43645440.0,13779840.0,21987360.0,7329120.0,0.6896551724137931,0.6666666666666666
1753,1,80,24,56,26.1,18,6,12,27.0,2399416,708056,1069776,356592,14,0,51,5,0,250421-090154_Run_552_Idx_54226,1380,0,5e-05,20000000,47988320.0,14161120.0,21395520.0,7131840.0,0.7,0.6666666666666666
1754,1,80,25,55,24.79,18,6,12,24.0,2252944,683032,781936,241456,14,0,51,5,0,250421-091449_Run_268_Idx_57146,670,0,5e-05,20000000,45058880.0,13660640.0,15638720.0,4829120.0,0.6875,0.6666666666666666
1755,1,145,45,100,24.68,45,15,30,27.0,1881152,536672,1099368,366456,7,0,51,5,0,250421-094429_Run_1587_Idx_71006,3970,0,5e-05,20000000,37623040.0,10733440.0,21987360.0,7329120.0,0.6896551724137931,0.6666666666666666
1756,1,160,48,112,26.3,144,48,96,24.0,226560,70016,497424,145536,2,0,51,5,0,250421-095109_Run_1685_Idx_39758,4220,0,5e-05,20000000,4531200.0,1400320.0,9948480.0,2910720.0,0.7,0.6666666666666666
1757,1,145,50,95,22.49,45,15,30,27.0,1600192,538952,1099368,366456,7,0,51,5,0,250421-091225_Run_751_Idx_39692,1880,0,5e-05,20000000,32003840.0,10779040.0,21987360.0,7329120.0,0.6551724137931034,0.6666666666666666
1758,1,145,45,100,21.96,45,15,30,27.0,1326272,466432,1099368,366456,7,0,51,5,0,250421-095403_Run_1823_Idx_24331,4560,0,5e-05,20000000,26525440.0,9328640.0,21987360.0,7329120.0,0.6896551724137931,0.6666666666666666
1759,1,145,46,99,24.69,45,15,30,24.0,2062432,587080,981200,248288,7,0,51,5,0,250421-093322_Run_1155_Idx_57481,2890,0,5e-05,20000000,41248640.0,11741600.0,19624000.0,4965760.0,0.6827586206896552,0.6666666666666666
1760,1,145,45,100,26.28,45,15,30,27.0,2182272,688992,1099368,366456,7,0,51,5,0,250421-090121_Run_435_Idx_10792,1090,0,5e-05,20000000,43645440.0,13779840.0,21987360.0,7329120.0,0.6896551724137931,0.6666666666666666
1761,1,80,26,54,23.04,18,6,12,27.0,1812456,574056,1069776,356592,14,0,51,5,0,250421-091942_Run_608_Idx_86683,1520,0,5e-05,20000000,36249120.0,11481120.0,21395520.0,7131840.0,0.675,0.6666666666666666
1762,1,160,48,112,26.12,81,27,54,27.0,892224,275552,935928,311976,4,0,51,5,0,250421-090834_Run_886_Idx_85773,2220,0,5e-05,20000000,17844480.0,5511040.0,18718560.0,6239520.0,0.7,0.6666666666666666
1763,1,145,45,100,20.96,45,15,30,23.4,1257792,449312,626696,248288,7,0,51,5,0,250421-095423_Run_1775_Idx_95480,4440,0,5e-05,20000000,25155840.0,8986240.0,12533920.0,4965760.0,0.6896551724137931,0.6666666666666666
1764,1,160,52,108,22.75,81,27,54,24.0,540432,176160,835232,211280,4,0,51,5,0,250421-095526_Run_1818_Idx_52477,4550,0,5e-05,20000000,10808640.0,3523200.0,16704640.0,4225600.0,0.675,0.6666666666666666
1765,1,80,26,54,25.96,18,6,12,27.0,2437264,770088,1069776,356592,14,0,51,5,0,250421-090240_Run_192_Idx_13799,480,0,5e-05,20000000,48745280.0,15401760.0,21395520.0,7131840.0,0.675,0.6666666666666666
1766,1,145,46,99,26.17,45,15,30,27.0,2120832,691560,1099368,366456,7,0,51,5,0,250421-092616_Run_467_Idx_32731,1170,0,5e-05,20000000,42416640.0,13831200.0,21987360.0,7329120.0,0.6827586206896552,0.6666666666666666
1767,1,160,60,100,23.3,81,27,54,27.0,690088,247224,935928,311976,4,0,51,5,0,250421-091324_Run_630_Idx_36013,1580,0,5e-05,20000000,13801760.0,4944480.0,18718560.0,6239520.0,0.625,0.6666666666666666
1768,1,160,48,112,25.38,81,31,50,22.0,892224,275552,558616,177032,4,0,51,5,0,250421-085448_Run_814_Idx_25214,2040,0,5e-05,20000000,17844480.0,5511040.0,11172320.0,3540640.0,0.7,0.6172839506172839
1769,1,80,25,55,24.79,18,7,11,21.0,2252944,683032,666800,185752,14,0,51,5,0,250421-091341_Run_272_Idx_74048,680,0,5e-05,20000000,45058880.0,13660640.0,13336000.0,3715040.0,0.6875,0.6111111111111112
1770,1,160,48,112,26.3,144,48,96,27.0,226560,70016,645120,215040,2,0,51,5,0,250421-091606_Run_145_Idx_39758,370,0,5e-05,20000000,4531200.0,1400320.0,12902400.0,4300800.0,0.7,0.6666666666666666
1771,1,160,48,112,26.0,144,63,81,21.04,212224,66432,497424,147576,2,0,51,5,0,250421-092335_Run_237_Idx_64556,600,0,5e-05,20000000,4244480.0,1328640.0,9948480.0,2951520.0,0.7,0.5625
1772,1,160,48,112,25.0,144,62,82,21.19,212224,66432,484392,143096,2,0,51,5,0,250421-091434_Run_269_Idx_9418,680,0,5e-05,20000000,4244480.0,1328640.0,9687840.0,2861920.0,0.7,0.5694444444444444
1773,1,80,24,56,19.66,18,6,12,21.22,1298616,432856,609232,241456,14,0,51,5,0,250421-095554_Run_1848_Idx_61908,4620,0,5e-05,20000000,25972320.0,8657120.0,12184640.0,4829120.0,0.7,0.6666666666666666
1774,1,160,53,107,22.64,81,30,51,20.15,718224,202960,458216,163456,4,0,51,5,0,250421-094823_Run_1634_Idx_35340,4090,0,5e-05,20000000,14364480.0,4059200.0,9164320.0,3269120.0,0.66875,0.6296296296296297
1775,1,160,48,112,26.3,144,48,96,27.0,226560,70016,645120,215040,2,0,51,5,0,250421-085605_Run_453_Idx_25592,1140,0,5e-05,20000000,4531200.0,1400320.0,12902400.0,4300800.0,0.7,0.6666666666666666
1776,1,160,48,112,25.99,81,27,54,27.0,892224,275552,935928,311976,4,0,51,5,0,250421-092021_Run_130_Idx_34316,330,0,5e-05,20000000,17844480.0,5511040.0,18718560.0,6239520.0,0.7,0.6666666666666666
1777,1,160,59,101,23.6,144,48,96,27.0,192792,62680,645120,215040,2,0,51,5,0,250421-092858_Run_1289_Idx_11550,3230,0,5e-05,20000000,3855840.0,1253600.0,12902400.0,4300800.0,0.63125,0.6666666666666666
1778,1,80,25,55,26.21,18,6,12,27.0,2476440,768288,1069776,356592,14,0,51,5,0,250421-085013_Run_88_Idx_89663,220,0,5e-05,20000000,49528800.0,15365760.0,21395520.0,7131840.0,0.6875,0.6666666666666666
1779,1,160,48,112,25.81,81,27,54,27.0,830272,260064,935928,311976,4,0,51,5,0,250421-085249_Run_2_Idx_28528,10,0,5e-05,20000000,16605440.0,5201280.0,18718560.0,6239520.0,0.7,0.6666666666666666
1780,1,160,48,112,26.3,144,48,96,27.0,226560,70016,645120,215040,2,0,51,5,0,250421-093813_Run_1257_Idx_25592,3150,0,5e-05,20000000,4531200.0,1400320.0,12902400.0,4300800.0,0.7,0.6666666666666666
1781,1,160,48,112,26.2,144,48,96,24.0,219904,68352,575616,145536,2,0,51,5,0,250421-090601_Run_657_Idx_7420,1650,0,5e-05,20000000,4398080.0,1367040.0,11512320.0,2910720.0,0.7,0.6666666666666666
1782,1,160,48,112,25.99,81,27,54,27.0,892224,275552,935928,311976,4,0,51,5,0,250421-091117_Run_162_Idx_34316,410,0,5e-05,20000000,17844480.0,5511040.0,18718560.0,6239520.0,0.7,0.6666666666666666
1783,1,80,25,55,25.9,18,6,12,27.0,2399416,749032,1069776,356592,14,0,51,5,0,250421-085038_Run_100_Idx_65229,250,0,5e-05,20000000,47988320.0,14980640.0,21395520.0,7131840.0,0.6875,0.6666666666666666
1784,1,145,45,100,25.16,45,15,30,24.0,2096672,603392,981200,248288,7,0,51,5,0,250421-090455_Run_423_Idx_10792,1060,0,5e-05,20000000,41933440.0,12067840.0,19624000.0,4965760.0,0.6896551724137931,0.6666666666666666
1785,1,160,53,107,20.55,81,27,54,24.0,489640,169664,616832,202184,4,0,51,5,0,250421-092835_Run_1526_Idx_38164,3820,0,5e-05,20000000,9792800.0,3393280.0,12336640.0,4043680.0,0.66875,0.6666666666666666
1786,1,160,48,112,26.2,144,48,96,27.0,219904,68352,645120,215040,2,0,51,5,0,250421-085018_Run_101_Idx_5687,260,0,5e-05,20000000,4398080.0,1367040.0,12902400.0,4300800.0,0.7,0.6666666666666666
1787,1,80,24,56,19.1,18,6,12,18.22,1358832,432856,494096,126320,14,0,51,5,0,250421-094845_Run_1724_Idx_54226,4310,0,5e-05,20000000,27176640.0,8657120.0,9881920.0,2526400.0,0.7,0.6666666666666666
1788,1,145,46,99,25.97,45,15,30,27.0,2028672,668520,1099368,366456,7,0,51,5,0,250421-091251_Run_275_Idx_72713,690,0,5e-05,20000000,40573440.0,13370400.0,21987360.0,7329120.0,0.6827586206896552,0.6666666666666666
1789,1,80,25,55,19.32,18,6,12,21.0,1310784,467080,609232,241456,14,0,51,5,0,250421-093231_Run_1216_Idx_57146,3040,0,5e-05,20000000,26215680.0,9341600.0,12184640.0,4829120.0,0.6875,0.6666666666666666
1790,1,160,48,112,25.81,81,35,46,21.0,830272,260064,695104,201000,4,0,51,5,0,250421-090037_Run_318_Idx_55670,800,0,5e-05,20000000,16605440.0,5201280.0,13902080.0,4020000.0,0.7,0.5679012345679012
1791,1,145,46,99,25.9,45,15,30,27.0,2113792,672680,1099368,366456,7,0,51,5,0,250421-091458_Run_863_Idx_79281,2160,0,5e-05,20000000,42275840.0,13453600.0,21987360.0,7329120.0,0.6827586206896552,0.6666666666666666
1792,1,145,46,99,21.7,45,15,30,16.47,1560352,487240,636232,250672,7,0,51,5,0,250421-093041_Run_1519_Idx_32731,3800,0,5e-05,20000000,31207040.0,9744800.0,12724640.0,5013440.0,0.6827586206896552,0.6666666666666666
1793,1,160,48,112,25.95,81,27,54,27.0,865984,268992,935928,311976,4,0,51,5,0,250421-090107_Run_1030_Idx_47915,2580,0,5e-05,20000000,17319680.0,5379840.0,18718560.0,6239520.0,0.7,0.6666666666666666
1794,1,145,46,99,26.17,45,15,30,27.0,2120832,691560,1099368,366456,7,0,51,5,0,250421-091228_Run_515_Idx_32731,1290,0,5e-05,20000000,42416640.0,13831200.0,21987360.0,7329120.0,0.6827586206896552,0.6666666666666666
1795,1,160,48,112,24.0,144,56,88,19.99,212224,66432,423576,120560,2,0,51,5,0,250421-093643_Run_1201_Idx_40384,3010,0,5e-05,20000000,4244480.0,1328640.0,8471520.0,2411200.0,0.7,0.6111111111111112
1796,1,160,48,112,26.2,144,48,96,23.13,219904,68352,514800,145536,2,0,51,5,0,250421-085925_Run_561_Idx_81871,1410,0,5e-05,20000000,4398080.0,1367040.0,10296000.0,2910720.0,0.7,0.6666666666666666
1797,1,145,47,98,24.68,45,15,30,27.0,1915392,572528,1099368,366456,7,0,51,5,0,250421-090158_Run_1027_Idx_477,2570,0,5e-05,20000000,38307840.0,11450560.0,21987360.0,7329120.0,0.6758620689655173,0.6666666666666666
1798,1,80,25,55,23.94,18,6,12,21.0,1926040,630688,148688,126320,14,0,51,5,0,250421-094637_Run_1640_Idx_47249,4100,0,5e-05,20000000,38520800.0,12613760.0,2973760.0,2526400.0,0.6875,0.6666666666666666
1799,1,160,48,112,25.81,81,27,54,27.0,830272,260064,935928,311976,4,0,51,5,0,250421-090520_Run_302_Idx_28528,760,0,5e-05,20000000,16605440.0,5201280.0,18718560.0,6239520.0,0.7,0.6666666666666666
1800,1,80,25,55,24.95,18,6,12,24.0,2378016,669864,954640,241456,14,0,51,5,0,250421-095452_Run_1836_Idx_26496,4590,0,5e-05,20000000,47560320.0,13397280.0,19092800.0,4829120.0,0.6875,0.6666666666666666
1801,1,80,25,55,26.21,18,6,12,27.0,2476440,768288,1069776,356592,14,0,51,5,0,250421-085946_Run_796_Idx_89663,1990,0,5e-05,20000000,49528800.0,15365760.0,21395520.0,7131840.0,0.6875,0.6666666666666666
1802,1,160,48,112,26.2,144,48,96,27.0,219904,68352,645120,215040,2,0,51,5,0,250421-090813_Run_649_Idx_7420,1630,0,5e-05,20000000,4398080.0,1367040.0,12902400.0,4300800.0,0.7,0.6666666666666666
1803,1,145,45,100,24.37,45,15,30,21.18,1727072,570912,626696,248288,7,0,51,5,0,250421-093519_Run_1443_Idx_61030,3610,0,5e-05,20000000,34541440.0,11418240.0,12533920.0,4965760.0,0.6896551724137931,0.6666666666666666
1804,1,160,57,103,20.31,81,27,54,27.0,453944,156424,935928,311976,4,0,51,5,0,250421-094811_Run_1574_Idx_90426,3940,0,5e-05,20000000,9078880.0,3128480.0,18718560.0,6239520.0,0.64375,0.6666666666666666
1805,1,80,24,56,24.62,18,6,12,21.0,2242712,668880,609232,241456,14,0,51,5,0,250421-094521_Run_1736_Idx_54226,4340,0,5e-05,20000000,44854240.0,13377600.0,12184640.0,4829120.0,0.7,0.6666666666666666
1806,1,160,48,112,26.3,144,48,96,24.0,226560,70016,575616,145536,2,0,51,5,0,250421-095751_Run_1977_Idx_25592,4950,0,5e-05,20000000,4531200.0,1400320.0,11512320.0,2910720.0,0.7,0.6666666666666666
1807,1,160,48,112,26.0,144,48,96,27.0,212224,66432,645120,215040,2,0,51,5,0,250421-091650_Run_261_Idx_1990,660,0,5e-05,20000000,4244480.0,1328640.0,12902400.0,4300800.0,0.7,0.6666666666666666
1808,1,160,48,112,26.04,81,27,54,27.0,892224,275552,935928,311976,4,0,51,5,0,250421-091604_Run_738_Idx_960,1850,0,5e-05,20000000,17844480.0,5511040.0,18718560.0,6239520.0,0.7,0.6666666666666666
1809,1,80,26,54,25.2,18,6,12,27.0,2358816,710840,1069776,356592,14,0,51,5,0,250421-090201_Run_788_Idx_1625,1970,0,5e-05,20000000,47176320.0,14216800.0,21395520.0,7131840.0,0.675,0.6666666666666666
1810,1,80,25,55,26.12,18,6,12,27.0,2476440,768288,1069776,356592,14,0,51,5,0,250421-090652_Run_892_Idx_47249,2230,0,5e-05,20000000,49528800.0,15365760.0,21395520.0,7131840.0,0.6875,0.6666666666666666
1811,1,160,48,112,25.99,81,27,54,22.46,892224,275552,615944,202184,4,0,51,5,0,250421-094139_Run_1126_Idx_34316,2820,0,5e-05,20000000,17844480.0,5511040.0,12318880.0,4043680.0,0.7,0.6666666666666666
1812,1,80,25,55,23.01,18,6,12,18.22,1888192,611432,609232,241456,14,0,51,5,0,250421-094844_Run_1572_Idx_65229,3930,0,5e-05,20000000,37763840.0,12228640.0,12184640.0,4829120.0,0.6875,0.6666666666666666
1813,1,80,25,55,26.21,18,6,12,27.0,2476440,768288,1069776,356592,14,0,51,5,0,250421-091230_Run_396_Idx_66277,990,0,5e-05,20000000,49528800.0,15365760.0,21395520.0,7131840.0,0.6875,0.6666666666666666
1814,1,160,55,105,23.6,144,48,96,27.0,186360,55992,645120,215040,2,0,51,5,0,250421-095332_Run_1825_Idx_59728,4570,0,5e-05,20000000,3727200.0,1119840.0,12902400.0,4300800.0,0.65625,0.6666666666666666
1815,1,145,45,100,24.9,45,15,30,24.0,2011072,637632,626696,248288,7,0,51,5,0,250421-095224_Run_1619_Idx_24331,4050,0,5e-05,20000000,40221440.0,12752640.0,12533920.0,4965760.0,0.6896551724137931,0.6666666666666666
1816,1,160,48,112,25.81,81,27,54,24.0,830272,260064,835232,211280,4,0,51,5,0,250421-092428_Run_234_Idx_28528,590,0,5e-05,20000000,16605440.0,5201280.0,16704640.0,4225600.0,0.7,0.6666666666666666
1817,1,160,48,112,25.56,81,27,54,27.0,830272,260064,935928,311976,4,0,51,5,0,250421-090627_Run_298_Idx_28528,750,0,5e-05,20000000,16605440.0,5201280.0,18718560.0,6239520.0,0.7,0.6666666666666666
1818,1,145,46,99,25.24,45,15,30,24.0,1881152,605960,877936,261856,7,0,51,5,0,250421-091014_Run_523_Idx_32731,1310,0,5e-05,20000000,37623040.0,12119200.0,17558720.0,5237120.0,0.6827586206896552,0.6666666666666666
1819,1,160,48,112,25.35,81,27,54,24.0,865984,268992,499808,193088,4,0,51,5,0,250421-093753_Run_1494_Idx_75070,3740,0,5e-05,20000000,17319680.0,5379840.0,9996160.0,3861760.0,0.7,0.6666666666666666
1820,1,145,46,99,24.97,45,15,30,24.0,2079552,604200,981200,248288,7,0,51,5,0,250421-085752_Run_447_Idx_15193,1120,0,5e-05,20000000,41591040.0,12084000.0,19624000.0,4965760.0,0.6827586206896552,0.6666666666666666
1821,1,145,45,100,19.59,45,15,30,21.64,1093632,416832,626696,248288,7,0,51,5,0,250421-095609_Run_1847_Idx_61030,4620,0,5e-05,20000000,21872640.0,8336640.0,12533920.0,4965760.0,0.6896551724137931,0.6666666666666666
1822,1,160,48,112,24.2,81,29,52,18.02,892224,275552,442480,157976,4,0,51,5,0,250421-094337_Run_1354_Idx_3531,3390,0,5e-05,20000000,17844480.0,5511040.0,8849600.0,3159520.0,0.7,0.6419753086419753
1823,1,145,44,101,25.72,45,15,30,24.0,1976832,619704,877936,261856,7,0,51,5,0,250421-092140_Run_839_Idx_51592,2100,0,5e-05,20000000,39536640.0,12394080.0,17558720.0,5237120.0,0.696551724137931,0.6666666666666666
1824,1,160,48,112,26.3,144,48,96,27.0,226560,70016,645120,215040,2,0,51,5,0,250421-085140_Run_45_Idx_25592,120,0,5e-05,20000000,4531200.0,1400320.0,12902400.0,4300800.0,0.7,0.6666666666666666
1825,1,145,47,98,26.09,45,15,30,27.0,2165152,707728,1099368,366456,7,0,51,5,0,250421-090741_Run_175_Idx_5328,440,0,5e-05,20000000,43303040.0,14154560.0,21987360.0,7329120.0,0.6758620689655173,0.6666666666666666
1826,1,80,26,54,21.88,18,6,12,24.0,2026664,514808,954640,241456,14,0,51,5,0,250421-091148_Run_992_Idx_76244,2480,0,5e-05,20000000,40533280.0,10296160.0,19092800.0,4829120.0,0.675,0.6666666666666666
1827,1,80,25,55,23.35,18,6,12,21.0,2085040,611432,609232,241456,14,0,51,5,0,250421-092151_Run_956_Idx_65229,2390,0,5e-05,20000000,41700800.0,12228640.0,12184640.0,4829120.0,0.6875,0.6666666666666666
1828,1,145,46,99,19.61,45,18,27,12.51,1504512,383400,508984,133240,7,0,51,5,0,250421-085832_Run_1039_Idx_30737,2600,0,5e-05,20000000,30090240.0,7668000.0,10179680.0,2664800.0,0.6827586206896552,0.6
1829,1,80,25,55,26.3,18,6,12,27.0,2476440,768288,1069776,356592,14,0,51,5,0,250421-092420_Run_116_Idx_26496,290,0,5e-05,20000000,49528800.0,15365760.0,21395520.0,7131840.0,0.6875,0.6666666666666666
1830,1,160,48,112,24.72,81,36,45,20.41,892224,275552,681368,200840,4,0,51,5,0,250421-091158_Run_398_Idx_76800,1000,0,5e-05,20000000,17844480.0,5511040.0,13627360.0,4016800.0,0.7,0.5555555555555556
1831,1,160,48,112,25.95,81,27,54,27.0,865984,268992,935928,311976,4,0,51,5,0,250421-091245_Run_514_Idx_75070,1290,0,5e-05,20000000,17319680.0,5379840.0,18718560.0,6239520.0,0.7,0.6666666666666666
1832,1,160,61,99,23.13,144,48,96,27.0,189576,66024,645120,215040,2,0,51,5,0,250421-091259_Run_749_Idx_63195,1880,0,5e-05,20000000,3791520.0,1320480.0,12902400.0,4300800.0,0.61875,0.6666666666666666
1833,1,160,48,112,23.4,81,27,54,22.96,668224,170112,655376,202184,4,0,51,5,0,250421-093428_Run_1446_Idx_78813,3620,0,5e-05,20000000,13364480.0,3402240.0,13107520.0,4043680.0,0.7,0.6666666666666666
1834,1,145,47,98,25.06,45,15,30,22.33,2000992,606768,850768,261856,7,0,51,5,0,250421-085848_Run_563_Idx_8263,1410,0,5e-05,20000000,40019840.0,12135360.0,17015360.0,5237120.0,0.6758620689655173,0.6666666666666666
1835,1,145,49,96,24.23,45,15,30,27.0,1737152,572384,1099368,366456,7,0,51,5,0,250421-090550_Run_775_Idx_65772,1940,0,5e-05,20000000,34743040.0,11447680.0,21987360.0,7329120.0,0.6620689655172414,0.6666666666666666
1836,1,160,48,112,23.6,144,48,96,23.12,169216,43008,497424,145536,2,0,51,5,0,250421-093447_Run_1445_Idx_7420,3620,0,5e-05,20000000,3384320.0,860160.0,9948480.0,2910720.0,0.7,0.6666666666666666
1837,1,160,53,107,23.42,81,27,54,27.0,558208,196440,935928,311976,4,0,51,5,0,250421-093550_Run_1382_Idx_11742,3460,0,5e-05,20000000,11164160.0,3928800.0,18718560.0,6239520.0,0.66875,0.6666666666666666
1838,1,80,26,54,20.12,18,6,12,19.5,1142976,416480,724368,183888,14,0,51,5,0,250421-085921_Run_680_Idx_86683,1700,0,5e-05,20000000,22859520.0,8329600.0,14487360.0,3677760.0,0.675,0.6666666666666666
1839,1,160,61,99,18.49,144,52,92,21.1,123424,40240,414888,124360,2,0,51,5,0,250421-094458_Run_1677_Idx_36521,4200,0,5e-05,20000000,2468480.0,804800.0,8297760.0,2487200.0,0.61875,0.6388888888888888
1840,1,145,46,99,23.09,45,15,30,18.27,1634912,565800,615376,235600,7,0,51,5,0,250421-095408_Run_1807_Idx_72713,4520,0,5e-05,20000000,32698240.0,11316000.0,12307520.0,4712000.0,0.6827586206896552,0.6666666666666666
1841,1,145,45,100,26.18,45,15,30,27.0,2182272,688992,1099368,366456,7,0,51,5,0,250421-090335_Run_903_Idx_24331,2260,0,5e-05,20000000,43645440.0,13779840.0,21987360.0,7329120.0,0.6896551724137931,0.6666666666666666
1842,1,145,46,99,25.99,45,15,30,27.0,2103712,674440,1099368,366456,7,0,51,5,0,250421-085723_Run_687_Idx_86910,1720,0,5e-05,20000000,42074240.0,13488800.0,21987360.0,7329120.0,0.6827586206896552,0.6666666666666666
1843,1,160,48,112,26.08,81,27,54,27.0,892224,275552,935928,311976,4,0,51,5,0,250421-090021_Run_794_Idx_960,1990,0,5e-05,20000000,17844480.0,5511040.0,18718560.0,6239520.0,0.7,0.6666666666666666
1844,1,145,46,99,26.28,45,15,30,27.0,2182272,706920,1099368,366456,7,0,51,5,0,250421-092004_Run_131_Idx_57481,330,0,5e-05,20000000,43645440.0,14138400.0,21987360.0,7329120.0,0.6827586206896552,0.6666666666666666
1845,1,160,48,112,24.77,81,31,50,16.36,892224,275552,261872,102624,4,0,51,5,0,250421-094740_Run_1758_Idx_81137,4400,0,5e-05,20000000,17844480.0,5511040.0,5237440.0,2052480.0,0.7,0.6172839506172839
1846,1,160,48,112,26.0,81,27,54,27.0,865984,268992,935928,311976,4,0,51,5,0,250421-090902_Run_646_Idx_78813,1620,0,5e-05,20000000,17319680.0,5379840.0,18718560.0,6239520.0,0.7,0.6666666666666666
1847,1,145,46,99,25.99,45,15,30,27.0,2130912,689800,1099368,366456,7,0,51,5,0,250421-093432_Run_1151_Idx_57481,2880,0,5e-05,20000000,42618240.0,13796000.0,21987360.0,7329120.0,0.6827586206896552,0.6666666666666666
1848,1,160,48,112,26.12,81,27,54,27.0,892224,275552,935928,311976,4,0,51,5,0,250421-091632_Run_382_Idx_93338,960,0,5e-05,20000000,17844480.0,5511040.0,18718560.0,6239520.0,0.7,0.6666666666666666
1849,1,160,53,107,18.08,81,27,54,21.17,425024,163144,533144,211280,4,0,51,5,0,250421-095712_Run_1966_Idx_39377,4920,0,5e-05,20000000,8500480.0,3262880.0,10662880.0,4225600.0,0.66875,0.6666666666666666
1850,1,160,48,112,26.08,81,27,54,27.0,892224,275552,935928,311976,4,0,51,5,0,250421-091346_Run_746_Idx_960,1870,0,5e-05,20000000,17844480.0,5511040.0,18718560.0,6239520.0,0.7,0.6666666666666666
1851,1,80,24,56,23.9,18,6,12,27.0,2045864,531280,1069776,356592,14,0,51,5,0,250421-094039_Run_1424_Idx_61908,3560,0,5e-05,20000000,40917280.0,10625600.0,21395520.0,7131840.0,0.7,0.6666666666666666
1852,1,80,25,55,24.86,18,6,12,24.0,2378016,669864,954640,241456,14,0,51,5,0,250421-090423_Run_780_Idx_89663,1950,0,5e-05,20000000,47560320.0,13397280.0,19092800.0,4829120.0,0.6875,0.6666666666666666
1853,1,160,53,107,22.65,81,29,52,22.41,691984,196400,497240,167368,4,0,51,5,0,250421-094430_Run_1470_Idx_19838,3680,0,5e-05,20000000,13839680.0,3928000.0,9944800.0,3347360.0,0.66875,0.6419753086419753
1854,1,160,57,103,20.9,144,48,96,24.0,146160,44864,497424,145536,2,0,51,5,0,250421-093004_Run_1285_Idx_96190,3220,0,5e-05,20000000,2923200.0,897280.0,9948480.0,2910720.0,0.64375,0.6666666666666666
1855,1,80,25,55,25.36,18,6,12,27.0,2281888,709856,1069776,356592,14,0,51,5,0,250421-085331_Run_1056_Idx_65229,2640,0,5e-05,20000000,45637760.0,14197120.0,21395520.0,7131840.0,0.6875,0.6666666666666666
1856,1,160,48,112,26.2,144,48,96,27.0,219904,68352,645120,215040,2,0,51,5,0,250421-092102_Run_485_Idx_81871,1220,0,5e-05,20000000,4398080.0,1367040.0,12902400.0,4300800.0,0.7,0.6666666666666666
1857,1,145,45,100,25.06,45,15,30,24.0,2035232,588032,981200,248288,7,0,51,5,0,250421-091852_Run_611_Idx_61030,1530,0,5e-05,20000000,40704640.0,11760640.0,19624000.0,4965760.0,0.6896551724137931,0.6666666666666666
1858,1,160,48,112,26.0,144,48,96,27.0,212224,66432,645120,215040,2,0,51,5,0,250421-090538_Run_301_Idx_1990,760,0,5e-05,20000000,4244480.0,1328640.0,12902400.0,4300800.0,0.7,0.6666666666666666
1859,1,80,24,56,14.09,18,6,12,6.89,966104,256080,33552,11184,14,0,51,5,0,250421-094041_Run_1484_Idx_54226,3710,0,5e-05,20000000,19322080.0,5121600.0,671040.0,223680.0,0.7,0.6666666666666666
1860,1,145,46,99,22.81,45,15,30,24.0,1874112,484360,981200,248288,7,0,51,5,0,250421-091241_Run_871_Idx_79281,2180,0,5e-05,20000000,37482240.0,9687200.0,19624000.0,4965760.0,0.6827586206896552,0.6666666666666666
1861,1,80,25,55,26.0,18,6,12,27.0,2399416,749032,1069776,356592,14,0,51,5,0,250421-090032_Run_1032_Idx_65229,2580,0,5e-05,20000000,47988320.0,14980640.0,21395520.0,7131840.0,0.6875,0.6666666666666666
1862,1,160,61,99,8.71,144,66,78,3.25,57856,15808,19584,8976,2,0,51,5,0,250421-094959_Run_1597_Idx_64037,4000,0,5e-05,20000000,1157120.0,316160.0,391680.0,179520.0,0.61875,0.5416666666666666
1863,1,145,52,93,24.41,45,15,30,27.0,1959712,643288,1099368,366456,7,0,51,5,0,250421-092154_Run_363_Idx_86234,910,0,5e-05,20000000,39194240.0,12865760.0,21987360.0,7329120.0,0.6413793103448275,0.6666666666666666
1864,1,160,48,112,26.3,144,48,96,27.0,226560,70016,645120,215040,2,0,51,5,0,250421-090146_Run_789_Idx_82062,1980,0,5e-05,20000000,4531200.0,1400320.0,12902400.0,4300800.0,0.7,0.6666666666666666
1865,1,145,50,95,22.19,45,15,30,22.2,1651552,556072,853440,275424,7,0,51,5,0,250421-094037_Run_1067_Idx_39692,2670,0,5e-05,20000000,33031040.0,11121440.0,17068800.0,5508480.0,0.6551724137931034,0.6666666666666666
1866,1,80,25,55,25.7,18,6,12,27.0,2358912,729112,1069776,356592,14,0,51,5,0,250421-085622_Run_928_Idx_47249,2320,0,5e-05,20000000,47178240.0,14582240.0,21395520.0,7131840.0,0.6875,0.6666666666666666
1867,1,160,57,103,23.29,81,27,54,27.0,743064,229208,935928,311976,4,0,51,5,0,250421-093600_Run_1146_Idx_6329,2870,0,5e-05,20000000,14861280.0,4584160.0,18718560.0,6239520.0,0.64375,0.6666666666666666
1868,1,160,57,103,20.76,81,27,54,24.0,691200,177344,835232,211280,4,0,51,5,0,250421-091258_Run_870_Idx_2026,2180,0,5e-05,20000000,13824000.0,3546880.0,16704640.0,4225600.0,0.64375,0.6666666666666666
1869,1,160,60,100,22.78,81,27,54,27.0,716328,253784,935928,311976,4,0,51,5,0,250421-091242_Run_750_Idx_12401,1880,0,5e-05,20000000,14326560.0,5075680.0,18718560.0,6239520.0,0.625,0.6666666666666666
1870,1,145,47,98,19.48,45,15,30,21.0,1120832,416688,615376,235600,7,0,51,5,0,250421-092955_Run_1167_Idx_5328,2920,0,5e-05,20000000,22416640.0,8333760.0,12307520.0,4712000.0,0.6758620689655173,0.6666666666666666
1871,1,160,60,100,23.3,144,48,96,27.0,167200,60768,645120,215040,2,0,51,5,0,250421-090857_Run_289_Idx_84810,730,0,5e-05,20000000,3344000.0,1215360.0,12902400.0,4300800.0,0.625,0.6666666666666666
1872,1,80,25,55,26.0,18,6,12,27.0,2292120,722208,1069776,356592,14,0,51,5,0,250421-091557_Run_264_Idx_57146,660,0,5e-05,20000000,45842400.0,14444160.0,21395520.0,7131840.0,0.6875,0.6666666666666666
1873,1,145,45,100,22.14,45,15,30,15.78,1702912,500672,508984,130576,7,0,51,5,0,250421-094103_Run_1247_Idx_10792,3120,0,5e-05,20000000,34058240.0,10013440.0,10179680.0,2611520.0,0.6896551724137931,0.6666666666666666
1874,1,80,25,55,26.0,18,6,12,27.0,2292120,722208,1069776,356592,14,0,51,5,0,250421-085212_Run_4_Idx_57146,10,0,5e-05,20000000,45842400.0,14444160.0,21395520.0,7131840.0,0.6875,0.6666666666666666
1875,1,145,46,99,25.06,45,15,30,27.0,2011072,604200,1099368,366456,7,0,51,5,0,250421-094455_Run_1707_Idx_57481,4270,0,5e-05,20000000,40221440.0,12084000.0,21987360.0,7329120.0,0.6827586206896552,0.6666666666666666
1876,1,145,51,94,20.65,45,15,30,21.64,1316192,438800,824056,209344,7,0,51,5,0,250421-085938_Run_679_Idx_8831,1700,0,5e-05,20000000,26323840.0,8776000.0,16481120.0,4186880.0,0.6482758620689655,0.6666666666666666
1877,1,160,48,112,26.2,144,48,96,24.0,219904,68352,536520,145536,2,0,51,5,0,250421-085655_Run_1045_Idx_5687,2620,0,5e-05,20000000,4398080.0,1367040.0,10730400.0,2910720.0,0.7,0.6666666666666666
1878,1,160,48,112,26.2,144,48,96,27.0,219904,68352,645120,215040,2,0,51,5,0,250421-091457_Run_981_Idx_5687,2460,0,5e-05,20000000,4398080.0,1367040.0,12902400.0,4300800.0,0.7,0.6666666666666666
1879,1,145,45,100,25.02,45,15,30,24.0,2052352,605152,981200,248288,7,0,51,5,0,250421-094212_Run_1299_Idx_71006,3250,0,5e-05,20000000,41047040.0,12103040.0,19624000.0,4965760.0,0.6896551724137931,0.6666666666666666
1880,1,80,25,55,26.3,18,6,12,27.0,2476440,768288,1069776,356592,14,0,51,5,0,250421-092640_Run_108_Idx_26496,270,0,5e-05,20000000,49528800.0,15365760.0,21395520.0,7131840.0,0.6875,0.6666666666666666
1881,1,80,25,55,26.12,18,6,12,27.0,2476440,768288,1069776,356592,14,0,51,5,0,250421-093845_Run_1372_Idx_47249,3430,0,5e-05,20000000,49528800.0,15365760.0,21395520.0,7131840.0,0.6875,0.6666666666666666
1882,1,160,57,103,22.49,81,27,54,27.0,621008,216168,935928,311976,4,0,51,5,0,250421-093645_Run_1262_Idx_76800,3160,0,5e-05,20000000,12420160.0,4323360.0,18718560.0,6239520.0,0.64375,0.6666666666666666
1883,1,145,46,99,24.88,45,15,30,27.0,1993952,587080,1099368,366456,7,0,51,5,0,250421-093847_Run_1255_Idx_15193,3140,0,5e-05,20000000,39879040.0,11741600.0,21987360.0,7329120.0,0.6827586206896552,0.6666666666666666
1884,1,160,48,112,25.81,81,27,54,27.0,830272,260064,935928,311976,4,0,51,5,0,250421-091053_Run_282_Idx_28528,710,0,5e-05,20000000,16605440.0,5201280.0,18718560.0,6239520.0,0.7,0.6666666666666666
1885,1,160,48,112,25.3,81,27,54,23.33,865984,268992,539240,193088,4,0,51,5,0,250421-094556_Run_1734_Idx_75070,4340,0,5e-05,20000000,17319680.0,5379840.0,10784800.0,3861760.0,0.7,0.6666666666666666
1886,1,80,25,55,22.85,18,6,12,27.0,1651808,552336,1069776,356592,14,0,51,5,0,250421-095646_Run_1940_Idx_47249,4850,0,5e-05,20000000,33036160.0,11046720.0,21395520.0,7131840.0,0.6875,0.6666666666666666
1887,1,145,47,98,25.78,45,15,30,27.0,2011552,669328,1099368,366456,7,0,51,5,0,250421-085542_Run_335_Idx_40177,840,0,5e-05,20000000,40231040.0,13386560.0,21987360.0,7329120.0,0.6758620689655173,0.6666666666666666
1888,1,160,62,98,22.08,144,48,96,27.0,139728,53224,645120,215040,2,0,51,5,0,250421-093500_Run_1385_Idx_52545,3470,0,5e-05,20000000,2794560.0,1064480.0,12902400.0,4300800.0,0.6125,0.6666666666666666
1889,1,160,48,112,26.3,144,48,96,24.0,226560,70016,575616,145536,2,0,51,5,0,250421-092404_Run_117_Idx_39758,300,0,5e-05,20000000,4531200.0,1400320.0,11512320.0,2910720.0,0.7,0.6666666666666666
1890,1,80,24,56,21.01,18,6,12,12.44,1652168,432856,148688,126320,14,0,51,5,0,250421-094629_Run_1732_Idx_54226,4330,0,5e-05,20000000,33043360.0,8657120.0,2973760.0,2526400.0,0.7,0.6666666666666666
1891,1,80,26,54,25.96,18,6,12,27.0,2437264,770088,1069776,356592,14,0,51,5,0,250421-091621_Run_144_Idx_13799,360,0,5e-05,20000000,48745280.0,15401760.0,21395520.0,7131840.0,0.675,0.6666666666666666
1892,1,160,48,112,26.3,144,48,96,22.61,226560,70016,475704,145536,2,0,51,5,0,250421-094157_Run_1125_Idx_39758,2820,0,5e-05,20000000,4531200.0,1400320.0,9514080.0,2910720.0,0.7,0.6666666666666666
1893,1,145,46,99,19.72,45,15,30,21.18,1103712,433000,626696,248288,7,0,51,5,0,250421-095243_Run_1679_Idx_57481,4200,0,5e-05,20000000,22074240.0,8660000.0,12533920.0,4965760.0,0.6827586206896552,0.6666666666666666
1894,1,80,28,52,23.21,18,8,10,18.33,2418744,773592,609232,187616,14,0,51,5,0,250421-091123_Run_400_Idx_65130,1000,0,5e-05,20000000,48374880.0,15471840.0,12184640.0,3752320.0,0.65,0.5555555555555556
1895,1,160,48,112,26.0,144,48,96,27.0,212224,66432,645120,215040,2,0,51,5,0,250421-092225_Run_241_Idx_1990,610,0,5e-05,20000000,4244480.0,1328640.0,12902400.0,4300800.0,0.7,0.6666666666666666
1896,1,160,48,112,26.04,81,27,54,27.0,892224,275552,935928,311976,4,0,51,5,0,250421-091454_Run_742_Idx_960,1860,0,5e-05,20000000,17844480.0,5511040.0,18718560.0,6239520.0,0.7,0.6666666666666666
1897,1,160,48,112,26.3,144,48,96,24.0,226560,70016,562584,145536,2,0,51,5,0,250421-090116_Run_197_Idx_39758,500,0,5e-05,20000000,4531200.0,1400320.0,11251680.0,2910720.0,0.7,0.6666666666666666
1898,1,160,48,112,25.2,81,27,54,24.0,865984,268992,710888,193088,4,0,51,5,0,250421-090103_Run_674_Idx_78813,1690,0,5e-05,20000000,17319680.0,5379840.0,14217760.0,3861760.0,0.7,0.6666666666666666
1899,1,160,48,112,25.99,81,27,54,27.0,892224,275552,935928,311976,4,0,51,5,0,250421-091438_Run_150_Idx_34316,380,0,5e-05,20000000,17844480.0,5511040.0,18718560.0,6239520.0,0.7,0.6666666666666666
1900,1,160,48,112,26.12,81,27,54,24.11,892224,275552,541464,213360,4,0,51,5,0,250421-092320_Run_358_Idx_93338,900,0,5e-05,20000000,17844480.0,5511040.0,10829280.0,4267200.0,0.7,0.6666666666666666
1901,1,160,48,112,25.0,144,53,91,21.0,212224,66432,419232,133184,2,0,51,5,0,250421-094435_Run_1617_Idx_6716,4050,0,5e-05,20000000,4244480.0,1328640.0,8384640.0,2663680.0,0.7,0.6319444444444444
1902,1,145,45,100,20.44,45,15,30,24.0,1257792,397952,981200,248288,7,0,51,5,0,250421-094433_Run_1555_Idx_95480,3890,0,5e-05,20000000,25155840.0,7959040.0,19624000.0,4965760.0,0.6896551724137931,0.6666666666666666
1903,1,80,25,55,25.06,18,6,12,24.0,2242712,709856,781936,241456,14,0,51,5,0,250421-090028_Run_676_Idx_5633,1690,0,5e-05,20000000,44854240.0,14197120.0,15638720.0,4829120.0,0.6875,0.6666666666666666
1904,1,145,45,100,25.72,45,15,30,24.0,2028192,637632,877936,261856,7,0,51,5,0,250421-090905_Run_763_Idx_95480,1910,0,5e-05,20000000,40563840.0,12752640.0,17558720.0,5237120.0,0.6896551724137931,0.6666666666666666
1905,1,145,47,98,24.79,45,15,30,27.0,1976832,587888,1099368,366456,7,0,51,5,0,250421-092247_Run_835_Idx_33549,2090,0,5e-05,20000000,39536640.0,11757760.0,21987360.0,7329120.0,0.6758620689655173,0.6666666666666666
1906,1,160,60,100,21.11,144,54,90,19.05,166840,59472,345384,111600,2,0,51,5,0,250421-095422_Run_1869_Idx_8901,4680,0,5e-05,20000000,3336800.0,1189440.0,6907680.0,2232000.0,0.625,0.625
1907,1,80,24,56,26.1,18,6,12,27.0,2399416,708056,1069776,356592,14,0,51,5,0,250421-091645_Run_500_Idx_54226,1250,0,5e-05,20000000,47988320.0,14161120.0,21395520.0,7131840.0,0.7,0.6666666666666666
1908,1,160,60,100,21.82,81,27,54,22.36,690952,247224,579560,193088,4,0,51,5,0,250421-093210_Run_1334_Idx_71410,3340,0,5e-05,20000000,13819040.0,4944480.0,11591200.0,3861760.0,0.625,0.6666666666666666
1909,1,145,52,93,24.1,45,15,30,27.0,1703392,604888,1099368,366456,7,0,51,5,0,250421-090127_Run_315_Idx_34667,790,0,5e-05,20000000,34067840.0,12097760.0,21987360.0,7329120.0,0.6413793103448275,0.6666666666666666
1910,1,80,25,55,26.21,18,6,12,27.0,2476440,768288,1069776,356592,14,0,51,5,0,250421-091313_Run_748_Idx_89663,1870,0,5e-05,20000000,49528800.0,15365760.0,21395520.0,7131840.0,0.6875,0.6666666666666666
1911,1,145,45,100,21.01,45,15,30,21.0,1155072,380832,508528,130120,7,0,51,5,0,250421-095122_Run_1531_Idx_95480,3830,0,5e-05,20000000,23101440.0,7616640.0,10170560.0,2602400.0,0.6896551724137931,0.6666666666666666
1912,1,145,45,100,23.19,45,15,30,24.0,1299072,416832,981200,248288,7,0,51,5,0,250421-094644_Run_1579_Idx_71006,3950,0,5e-05,20000000,25981440.0,8336640.0,19624000.0,4965760.0,0.6896551724137931,0.6666666666666666
1913,1,160,48,112,25.9,81,27,54,24.0,865984,268992,786704,202184,4,0,51,5,0,250421-092228_Run_598_Idx_78813,1500,0,5e-05,20000000,17319680.0,5379840.0,15734080.0,4043680.0,0.7,0.6666666666666666
1914,1,145,51,94,24.1,45,15,30,27.0,1806112,586960,1099368,366456,7,0,51,5,0,250421-090823_Run_291_Idx_303,730,0,5e-05,20000000,36122240.0,11739200.0,21987360.0,7329120.0,0.6482758620689655,0.6666666666666666
1915,1,160,58,102,18.31,144,50,94,21.14,99304,35224,375792,128432,2,0,51,5,0,250421-095730_Run_1965_Idx_47159,4920,0,5e-05,20000000,1986080.0,704480.0,7515840.0,2568640.0,0.6375,0.6527777777777778
1916,1,160,48,112,25.6,144,67,77,19.5,226560,70016,393168,135088,2,0,51,5,0,250421-094006_Run_1069_Idx_11112,2680,0,5e-05,20000000,4531200.0,1400320.0,7863360.0,2701760.0,0.7,0.5347222222222222
1917,1,160,48,112,23.0,81,28,53,15.41,830272,260064,363136,96576,4,0,51,5,0,250421-095841_Run_1906_Idx_79768,4770,0,5e-05,20000000,16605440.0,5201280.0,7262720.0,1931520.0,0.7,0.654320987654321
1918,1,80,28,52,24.05,18,7,11,21.0,1996944,647512,666800,185752,14,0,51,5,0,250421-090004_Run_320_Idx_5656,800,0,5e-05,20000000,39938880.0,12950240.0,13336000.0,3715040.0,0.65,0.6111111111111112
1919,1,80,24,56,25.56,18,6,12,27.0,2281888,668880,1069776,356592,14,0,51,5,0,250421-093931_Run_1428_Idx_61908,3570,0,5e-05,20000000,45637760.0,13377600.0,21395520.0,7131840.0,0.7,0.6666666666666666
1920,1,145,46,99,25.97,45,15,30,27.0,2028672,668520,1099368,366456,7,0,51,5,0,250421-094359_Run_1175_Idx_72713,2940,0,5e-05,20000000,40573440.0,13370400.0,21987360.0,7329120.0,0.6827586206896552,0.6666666666666666
1921,1,80,26,54,24.31,18,6,12,27.0,1809840,613232,1069776,356592,14,0,51,5,0,250421-092637_Run_584_Idx_86683,1460,0,5e-05,20000000,36196800.0,12264640.0,21395520.0,7131840.0,0.675,0.6666666666666666
1922,1,145,45,100,26.06,45,15,30,27.0,2120832,673632,1099368,366456,7,0,51,5,0,250421-085100_Run_99_Idx_71006,250,0,5e-05,20000000,42416640.0,13472640.0,21987360.0,7329120.0,0.6896551724137931,0.6666666666666666
1923,1,160,48,112,25.95,81,27,54,23.38,865984,268992,675912,193088,4,0,51,5,0,250421-085906_Run_562_Idx_75070,1410,0,5e-05,20000000,17319680.0,5379840.0,13518240.0,3861760.0,0.7,0.6666666666666666
1924,1,160,55,105,23.25,81,27,54,27.0,579008,206264,935928,311976,4,0,51,5,0,250421-093857_Run_1430_Idx_56677,3580,0,5e-05,20000000,11580160.0,4125280.0,18718560.0,6239520.0,0.65625,0.6666666666666666
1925,1,160,48,112,25.4,144,56,88,21.75,219904,68352,419232,129248,2,0,51,5,0,250421-090227_Run_669_Idx_73366,1680,0,5e-05,20000000,4398080.0,1367040.0,8384640.0,2584960.0,0.7,0.6111111111111112
1926,1,160,48,112,26.08,81,27,54,27.0,892224,275552,935928,311976,4,0,51,5,0,250421-091710_Run_734_Idx_960,1840,0,5e-05,20000000,17844480.0,5511040.0,18718560.0,6239520.0,0.7,0.6666666666666666
1927,1,160,53,107,20.18,81,32,49,14.79,532832,189880,424216,167776,4,0,51,5,0,250421-095508_Run_1866_Idx_81044,4670,0,5e-05,20000000,10656640.0,3797600.0,8484320.0,3355520.0,0.66875,0.6049382716049383
1928,1,160,48,112,26.3,144,48,96,27.0,226560,70016,645120,215040,2,0,51,5,0,250421-090601_Run_181_Idx_39758,460,0,5e-05,20000000,4531200.0,1400320.0,12902400.0,4300800.0,0.7,0.6666666666666666
1929,1,160,48,112,24.62,81,28,53,22.67,830272,260064,441184,161888,4,0,51,5,0,250421-094417_Run_1618_Idx_79768,4050,0,5e-05,20000000,16605440.0,5201280.0,8823680.0,3237760.0,0.7,0.654320987654321
1930,1,160,48,112,25.75,81,27,54,27.0,865984,268992,935928,311976,4,0,51,5,0,250421-085415_Run_1054_Idx_47915,2640,0,5e-05,20000000,17319680.0,5379840.0,18718560.0,6239520.0,0.7,0.6666666666666666
1931,1,145,46,99,24.74,45,16,29,21.27,2165152,689800,694536,223800,7,0,51,5,0,250421-091033_Run_403_Idx_51427,1010,0,5e-05,20000000,43303040.0,13796000.0,13890720.0,4476000.0,0.6827586206896552,0.6444444444444445
1932,1,80,24,56,25.52,18,6,12,27.0,2201600,648808,1069776,356592,14,0,51,5,0,250421-091317_Run_512_Idx_54226,1280,0,5e-05,20000000,44032000.0,12976160.0,21395520.0,7131840.0,0.7,0.6666666666666666
1933,1,80,26,54,25.66,18,6,12,27.0,2252944,724008,1069776,356592,14,0,51,5,0,250421-090912_Run_288_Idx_74048,720,0,5e-05,20000000,45058880.0,14480160.0,21395520.0,7131840.0,0.675,0.6666666666666666
1934,1,160,48,112,26.3,144,48,96,24.0,226560,70016,575616,145536,2,0,51,5,0,250421-095053_Run_1533_Idx_82062,3840,0,5e-05,20000000,4531200.0,1400320.0,11512320.0,2910720.0,0.7,0.6666666666666666
1935,1,145,45,100,26.28,45,15,30,27.0,2182272,688992,1099368,366456,7,0,51,5,0,250421-090004_Run_795_Idx_95480,1990,0,5e-05,20000000,43645440.0,13779840.0,21987360.0,7329120.0,0.6896551724137931,0.6666666666666666
1936,1,145,45,100,22.64,45,15,30,24.0,1874112,483552,981200,248288,7,0,51,5,0,250421-095615_Run_1815_Idx_24331,4540,0,5e-05,20000000,37482240.0,9671040.0,19624000.0,4965760.0,0.6896551724137931,0.6666666666666666
1937,1,160,48,112,26.2,144,55,89,19.77,219904,68352,414888,116080,2,0,51,5,0,250421-093702_Run_1437_Idx_21784,3600,0,5e-05,20000000,4398080.0,1367040.0,8297760.0,2321600.0,0.7,0.6180555555555556
1938,1,160,50,110,21.53,81,27,54,27.0,492896,171864,935928,311976,4,0,51,5,0,250421-095420_Run_1822_Idx_3531,4560,0,5e-05,20000000,9857920.0,3437280.0,18718560.0,6239520.0,0.6875,0.6666666666666666
1939,1,145,46,99,26.28,45,15,30,27.0,2182272,706920,1099368,366456,7,0,51,5,0,250421-092438_Run_115_Idx_57481,290,0,5e-05,20000000,43645440.0,14138400.0,21987360.0,7329120.0,0.6827586206896552,0.6666666666666666
1940,1,160,48,112,26.0,144,48,96,24.0,212224,66432,575616,145536,2,0,51,5,0,250421-092446_Run_233_Idx_1990,590,0,5e-05,20000000,4244480.0,1328640.0,11512320.0,2910720.0,0.7,0.6666666666666666
1941,1,160,48,112,26.2,144,48,96,27.0,219904,68352,645120,215040,2,0,51,5,0,250421-093340_Run_1329_Idx_5687,3330,0,5e-05,20000000,4398080.0,1367040.0,12902400.0,4300800.0,0.7,0.6666666666666666
1942,1,160,54,106,21.02,144,48,96,24.0,175104,44672,575616,145536,2,0,51,5,0,250421-095844_Run_1933_Idx_37010,4840,0,5e-05,20000000,3502080.0,893440.0,11512320.0,2910720.0,0.6625,0.6666666666666666
1943,1,160,48,112,25.4,144,53,91,21.94,219904,68352,384480,120152,2,0,51,5,0,250421-092904_Run_1345_Idx_94482,3370,0,5e-05,20000000,4398080.0,1367040.0,7689600.0,2403040.0,0.7,0.6319444444444444
1944,1,80,25,55,25.02,18,6,12,27.0,2318768,669864,1069776,356592,14,0,51,5,0,250421-093126_Run_1100_Idx_89663,2750,0,5e-05,20000000,46375360.0,13397280.0,21395520.0,7131840.0,0.6875,0.6666666666666666
1945,1,160,48,112,26.08,81,27,54,27.0,892224,275552,935928,311976,4,0,51,5,0,250421-085212_Run_82_Idx_960,210,0,5e-05,20000000,17844480.0,5511040.0,18718560.0,6239520.0,0.7,0.6666666666666666
1946,1,160,48,112,25.95,81,27,54,23.33,865984,268992,728896,184696,4,0,51,5,0,250421-091138_Run_518_Idx_75070,1300,0,5e-05,20000000,17319680.0,5379840.0,14577920.0,3693920.0,0.7,0.6666666666666666
1947,1,145,44,101,16.81,45,15,30,18.6,864032,260184,615376,235600,7,0,51,5,0,250421-095927_Run_1971_Idx_89913,4930,0,5e-05,20000000,17280640.0,5203680.0,12307520.0,4712000.0,0.696551724137931,0.6666666666666666
1948,1,160,60,100,23.5,144,48,96,27.0,174880,62688,645120,215040,2,0,51,5,0,250421-091818_Run_969_Idx_36776,2430,0,5e-05,20000000,3497600.0,1253760.0,12902400.0,4300800.0,0.625,0.6666666666666666
1949,1,160,48,112,26.12,81,27,54,27.0,892224,275552,935928,311976,4,0,51,5,0,250421-085435_Run_458_Idx_93338,1150,0,5e-05,20000000,17844480.0,5511040.0,18718560.0,6239520.0,0.7,0.6666666666666666
1950,1,160,59,101,21.09,144,48,96,24.0,144552,44992,510456,145536,2,0,51,5,0,250421-094346_Run_1237_Idx_11550,3100,0,5e-05,20000000,2891040.0,899840.0,10209120.0,2910720.0,0.63125,0.6666666666666666
1951,1,80,25,55,21.94,18,6,12,24.0,2025792,513008,954640,241456,14,0,51,5,0,250421-095412_Run_1792_Idx_65229,4480,0,5e-05,20000000,40515840.0,10260160.0,19092800.0,4829120.0,0.6875,0.6666666666666666
1952,1,145,47,98,24.99,45,16,29,21.04,1942592,622128,745288,262744,7,0,51,5,0,250421-091029_Run_879_Idx_98615,2200,0,5e-05,20000000,38851840.0,12442560.0,14905760.0,5254880.0,0.6758620689655173,0.6444444444444445
1953,1,160,56,104,23.38,81,27,54,27.0,741456,227536,935928,311976,4,0,51,5,0,250421-085547_Run_930_Idx_35340,2330,0,5e-05,20000000,14829120.0,4550720.0,18718560.0,6239520.0,0.65,0.6666666666666666
1954,1,80,25,55,24.61,18,6,12,27.0,1769336,591512,1069776,356592,14,0,51,5,0,250421-093740_Run_1140_Idx_26496,2850,0,5e-05,20000000,35386720.0,11830240.0,21395520.0,7131840.0,0.6875,0.6666666666666666
1955,1,145,45,100,26.28,45,15,30,27.0,2182272,688992,1099368,366456,7,0,51,5,0,250421-085527_Run_455_Idx_10792,1140,0,5e-05,20000000,43645440.0,13779840.0,21987360.0,7329120.0,0.6896551724137931,0.6666666666666666
1956,1,80,25,55,26.21,18,6,12,27.0,2476440,768288,1069776,356592,14,0,51,5,0,250421-094402_Run_1236_Idx_66277,3090,0,5e-05,20000000,49528800.0,15365760.0,21395520.0,7131840.0,0.6875,0.6666666666666666
1957,1,80,25,55,20.55,18,6,12,18.22,1377576,473984,609232,241456,14,0,51,5,0,250421-094923_Run_1752_Idx_66277,4380,0,5e-05,20000000,27551520.0,9479680.0,12184640.0,4829120.0,0.6875,0.6666666666666666
1958,1,80,25,55,25.88,18,6,12,27.0,2358912,729112,1069776,356592,14,0,51,5,0,250421-090745_Run_768_Idx_89663,1920,0,5e-05,20000000,47178240.0,14582240.0,21395520.0,7131840.0,0.6875,0.6666666666666666
1959,1,160,48,112,26.12,81,27,54,27.0,892224,275552,935928,311976,4,0,51,5,0,250421-084954_Run_50_Idx_93338,130,0,5e-05,20000000,17844480.0,5511040.0,18718560.0,6239520.0,0.7,0.6666666666666666
1960,1,145,45,100,16.68,45,15,30,24.0,1093632,279872,981200,248288,7,0,51,5,0,250421-093045_Run_1459_Idx_61030,3650,0,5e-05,20000000,21872640.0,5597440.0,19624000.0,4965760.0,0.6896551724137931,0.6666666666666666
1961,1,80,25,55,24.65,18,6,12,24.0,2300992,650608,954640,241456,14,0,51,5,0,250421-085923_Run_1036_Idx_65229,2590,0,5e-05,20000000,46019840.0,13012160.0,19092800.0,4829120.0,0.6875,0.6666666666666666
1962,1,145,47,98,25.13,45,15,30,24.0,1932512,623888,956704,261856,7,0,51,5,0,250421-092211_Run_599_Idx_47804,1500,0,5e-05,20000000,38650240.0,12477760.0,19134080.0,5237120.0,0.6758620689655173,0.6666666666666666
1963,1,160,57,103,20.8,144,48,96,24.0,168448,43200,575616,145536,2,0,51,5,0,250421-095633_Run_1861_Idx_63770,4660,0,5e-05,20000000,3368960.0,864000.0,11512320.0,2910720.0,0.64375,0.6666666666666666
1964,1,145,48,97,24.19,45,19,26,21.0,1703392,567416,851680,265408,7,0,51,5,0,250421-092258_Run_239_Idx_34667,600,0,5e-05,20000000,34067840.0,11348320.0,17033600.0,5308160.0,0.6689655172413793,0.5777777777777777
1965,1,160,56,104,20.64,81,27,54,24.0,664384,170720,835232,211280,4,0,51,5,0,250421-091909_Run_966_Idx_40263,2420,0,5e-05,20000000,13287680.0,3414400.0,16704640.0,4225600.0,0.65,0.6666666666666666
1966,1,80,25,55,25.29,18,6,12,24.0,2082744,669864,609232,241456,14,0,51,5,0,250421-095018_Run_1688_Idx_26496,4220,0,5e-05,20000000,41654880.0,13397280.0,12184640.0,4829120.0,0.6875,0.6666666666666666
1967,1,160,48,112,26.12,81,27,54,27.0,892224,275552,935928,311976,4,0,51,5,0,250421-085118_Run_46_Idx_93338,120,0,5e-05,20000000,17844480.0,5511040.0,18718560.0,6239520.0,0.7,0.6666666666666666
1968,1,160,48,112,25.25,81,27,54,20.09,892224,275552,448088,114968,4,0,51,5,0,250421-094028_Run_1366_Idx_85773,3420,0,5e-05,20000000,17844480.0,5511040.0,8961760.0,2299360.0,0.7,0.6666666666666666
1969,1,80,25,55,24.11,18,6,12,24.0,2260488,630688,954640,241456,14,0,51,5,0,250421-093259_Run_1392_Idx_47249,3480,0,5e-05,20000000,45209760.0,12613760.0,19092800.0,4829120.0,0.6875,0.6666666666666666
1970,1,160,48,112,25.85,81,27,54,27.0,865984,268992,935928,311976,4,0,51,5,0,250421-085119_Run_98_Idx_47915,250,0,5e-05,20000000,17319680.0,5379840.0,18718560.0,6239520.0,0.7,0.6666666666666666
1971,1,160,48,112,25.95,81,27,54,27.0,865984,268992,935928,311976,4,0,51,5,0,250421-085018_Run_62_Idx_75070,160,0,5e-05,20000000,17319680.0,5379840.0,18718560.0,6239520.0,0.7,0.6666666666666666
1972,1,160,48,112,25.38,81,27,54,22.0,892224,275552,374824,131824,4,0,51,5,0,250421-094606_Run_1642_Idx_85773,4110,0,5e-05,20000000,17844480.0,5511040.0,7496480.0,2636480.0,0.7,0.6666666666666666
1973,1,145,46,99,25.27,45,17,28,22.2,2103712,674440,773304,250944,7,0,51,5,0,250421-090437_Run_543_Idx_87327,1360,0,5e-05,20000000,42074240.0,13488800.0,15466080.0,5018880.0,0.6827586206896552,0.6222222222222222
1974,1,145,47,98,25.34,45,15,30,24.0,2045312,639248,981200,248288,7,0,51,5,0,250421-092328_Run_119_Idx_5328,300,0,5e-05,20000000,40906240.0,12784960.0,19624000.0,4965760.0,0.6758620689655173,0.6666666666666666
1975,1,160,48,112,26.3,144,48,96,24.0,226560,70016,575616,145536,2,0,51,5,0,250421-090532_Run_421_Idx_25592,1060,0,5e-05,20000000,4531200.0,1400320.0,11512320.0,2910720.0,0.7,0.6666666666666666
1976,1,80,25,55,24.84,18,6,12,24.0,2202208,689936,609232,241456,14,0,51,5,0,250421-085411_Run_816_Idx_89663,2040,0,5e-05,20000000,44044160.0,13798720.0,12184640.0,4829120.0,0.6875,0.6666666666666666
1977,1,160,48,112,26.2,144,48,96,24.0,219904,68352,575616,145536,2,0,51,5,0,250421-091927_Run_609_Idx_7420,1530,0,5e-05,20000000,4398080.0,1367040.0,11512320.0,2910720.0,0.7,0.6666666666666666
1978,1,160,48,112,26.0,81,29,52,21.1,865984,268992,567232,185560,4,0,51,5,0,250421-093537_Run_1442_Idx_65049,3610,0,5e-05,20000000,17319680.0,5379840.0,11344640.0,3711200.0,0.7,0.6419753086419753
1979,1,160,52,108,23.21,81,27,54,27.0,566424,201288,935928,311976,4,0,51,5,0,250421-094619_Run_1702_Idx_494,4260,0,5e-05,20000000,11328480.0,4025760.0,18718560.0,6239520.0,0.675,0.6666666666666666
1980,1,80,25,55,24.99,18,6,12,24.0,2232872,662960,954640,241456,14,0,51,5,0,250421-092351_Run_236_Idx_57146,590,0,5e-05,20000000,44657440.0,13259200.0,19092800.0,4829120.0,0.6875,0.6666666666666666
1981,1,160,48,112,25.15,81,28,53,22.33,865984,268992,452576,149448,4,0,51,5,0,250421-092846_Run_1346_Idx_96951,3370,0,5e-05,20000000,17319680.0,5379840.0,9051520.0,2988960.0,0.7,0.654320987654321
1982,1,160,48,112,26.2,144,48,96,27.0,219904,68352,645120,215040,2,0,51,5,0,250421-090126_Run_1029_Idx_5687,2580,0,5e-05,20000000,4398080.0,1367040.0,12902400.0,4300800.0,0.7,0.6666666666666666
1983,1,160,48,112,26.3,144,48,96,27.0,226560,70016,645120,215040,2,0,51,5,0,250421-095858_Run_1973_Idx_25592,4940,0,5e-05,20000000,4531200.0,1400320.0,12902400.0,4300800.0,0.7,0.6666666666666666
1984,1,145,44,101,20.75,45,15,30,14.67,1418912,398904,249552,144144,7,0,51,5,0,250421-094646_Run_1731_Idx_57375,4330,0,5e-05,20000000,28378240.0,7978080.0,4991040.0,2882880.0,0.696551724137931,0.6666666666666666
1985,1,80,25,55,18.66,18,6,12,18.22,1318328,414736,494096,126320,14,0,51,5,0,250421-095027_Run_1748_Idx_66277,4370,0,5e-05,20000000,26366560.0,8294720.0,9881920.0,2526400.0,0.6875,0.6666666666666666
1986,1,160,48,112,26.3,144,48,96,24.11,226560,70016,372736,146944,2,0,51,5,0,250421-091049_Run_757_Idx_82062,1900,0,5e-05,20000000,4531200.0,1400320.0,7454720.0,2938880.0,0.7,0.6666666666666666
1987,1,80,25,55,24.35,18,6,12,21.22,2082744,669864,609232,241456,14,0,51,5,0,250421-094911_Run_1692_Idx_26496,4230,0,5e-05,20000000,41654880.0,13397280.0,12184640.0,4829120.0,0.6875,0.6666666666666666
1988,1,80,25,55,26.3,18,6,12,27.0,2476440,768288,1069776,356592,14,0,51,5,0,250421-091042_Run_164_Idx_26496,410,0,5e-05,20000000,49528800.0,15365760.0,21395520.0,7131840.0,0.6875,0.6666666666666666
1989,1,160,53,107,20.3,144,64,80,15.24,133432,49064,306288,117304,2,0,51,5,0,250421-095649_Run_1913_Idx_25528,4790,0,5e-05,20000000,2668640.0,981280.0,6125760.0,2346080.0,0.66875,0.5555555555555556
1990,1,160,57,103,21.9,144,48,96,21.22,182920,57672,372736,146944,2,0,51,5,0,250421-092754_Run_1349_Idx_75451,3380,0,5e-05,20000000,3658400.0,1153440.0,7454720.0,2938880.0,0.64375,0.6666666666666666
1991,1,160,48,112,25.85,81,27,54,27.0,865984,268992,935928,311976,4,0,51,5,0,250421-091328_Run_986_Idx_47915,2470,0,5e-05,20000000,17319680.0,5379840.0,18718560.0,6239520.0,0.7,0.6666666666666666
1992,1,160,48,112,26.3,144,55,89,21.29,226560,70016,419232,137800,2,0,51,5,0,250421-093115_Run_1281_Idx_29874,3210,0,5e-05,20000000,4531200.0,1400320.0,8384640.0,2756000.0,0.7,0.6180555555555556
1993,1,80,25,55,24.65,18,6,12,27.0,2056096,584608,1069776,356592,14,0,51,5,0,250421-093804_Run_1196_Idx_57146,2990,0,5e-05,20000000,41121920.0,11692160.0,21395520.0,7131840.0,0.6875,0.6666666666666666
1994,1,160,48,112,25.95,81,27,54,24.0,865984,268992,835232,211280,4,0,51,5,0,250421-090658_Run_1010_Idx_47915,2530,0,5e-05,20000000,17319680.0,5379840.0,16704640.0,4225600.0,0.7,0.6666666666666666
1995,1,160,58,102,20.61,81,27,54,24.0,535848,164616,615944,202184,4,0,51,5,0,250421-085745_Run_1042_Idx_34185,2610,0,5e-05,20000000,10716960.0,3292320.0,12318880.0,4043680.0,0.6375,0.6666666666666666
1996,1,145,45,100,26.17,45,15,30,27.0,2120832,673632,1099368,366456,7,0,51,5,0,250421-090411_Run_663_Idx_61030,1660,0,5e-05,20000000,42416640.0,13472640.0,21987360.0,7329120.0,0.6896551724137931,0.6666666666666666
1997,1,160,48,112,26.3,144,48,96,24.0,226560,70016,523488,145536,2,0,51,5,0,250421-092214_Run_837_Idx_13251,2100,0,5e-05,20000000,4531200.0,1400320.0,10469760.0,2910720.0,0.7,0.6666666666666666
1998,1,80,25,55,25.26,18,6,12,24.0,2319736,729112,609232,241456,14,0,51,5,0,250421-092709_Run_820_Idx_47249,2050,0,5e-05,20000000,46394720.0,14582240.0,12184640.0,4829120.0,0.6875,0.6666666666666666
1999,1,80,26,54,25.18,18,6,12,24.0,2437264,770088,954640,241456,14,0,51,5,0,250421-091837_Run_136_Idx_13799,340,0,5e-05,20000000,48745280.0,15401760.0,19092800.0,4829120.0,0.675,0.6666666666666666
