,Unnamed: 0,RNTI,numDLTotal,numDLnew,numReTx_DL,avgMCS_DL,numULTotal,numULnew,numReTx_UL,avgMCS_UL,DL_throughput_bits,DL_goodput_bits,UL_throughput_bits,UL_goodput_bits,TTI,PulseBWoffset,numRBs,NumFrames,pulseAttenuation,prf,FreqOffset,PulseWidth,BW,DL_throughput_bps,DL_goodput_bps,UL_throughput_bps,UL_goodput_bps,DLReTxPrcnt,ULReTxPrcnt
0,0.0,1.0,160.0,48.0,112.0,26.2,144.0,48.0,96.0,27.0,219904.0,68352.0,645120.0,215040.0,2.0,0.0,51.0,5.0,0.0,1730.0,0.0,5e-05,20000000.0,4398080.0,1367040.0,12902400.0,4300800.0,0.7,0.6666666666666666
1,1.0,1.0,80.0,25.0,55.0,25.2,18.0,6.0,12.0,24.0,2417192.0,709040.0,954640.0,241456.0,14.0,0.0,51.0,5.0,0.0,1120.0,0.0,5e-05,20000000.0,48343840.0,14180800.0,19092800.0,4829120.0,0.6875,0.6666666666666666
2,2.0,1.0,160.0,62.0,98.0,23.6,144.0,72.0,72.0,15.32,197616.0,67696.0,354072.0,135768.0,2.0,0.0,51.0,5.0,0.0,3200.0,0.0,5e-05,20000000.0,3952320.0,1353920.0,7081440.0,2715360.0,0.6125,0.5
3,3.0,1.0,145.0,46.0,99.0,21.39,45.0,15.0,30.0,19.96,1491872.0,384520.0,518064.0,132504.0,7.0,0.0,51.0,5.0,0.0,4300.0,0.0,5e-05,20000000.0,29837440.0,7690400.0,10361280.0,2650080.0,0.6827586206896552,0.6666666666666666
4,4.0,1.0,145.0,45.0,100.0,24.63,45.0,15.0,30.0,24.0,2011072.0,586272.0,981200.0,248288.0,7.0,0.0,51.0,5.0,0.0,3480.0,0.0,5e-05,20000000.0,40221440.0,11725440.0,19624000.0,4965760.0,0.6896551724137931,0.6666666666666666
5,5.0,1.0,80.0,26.0,54.0,25.66,18.0,6.0,12.0,27.0,2360240.0,750832.0,1069776.0,356592.0,14.0,0.0,51.0,5.0,0.0,240.0,0.0,5e-05,20000000.0,47204800.0,15016640.0,21395520.0,7131840.0,0.675,0.6666666666666666
6,6.0,1.0,80.0,25.0,55.0,24.12,18.0,6.0,12.0,21.0,1925168.0,590640.0,609232.0,241456.0,14.0,0.0,51.0,5.0,0.0,2200.0,0.0,5e-05,20000000.0,38503360.0,11812800.0,12184640.0,4829120.0,0.6875,0.6666666666666666
7,7.0,1.0,160.0,48.0,112.0,26.3,144.0,57.0,87.0,21.06,226560.0,70016.0,458328.0,133728.0,2.0,0.0,51.0,5.0,0.0,2200.0,0.0,5e-05,20000000.0,4531200.0,1400320.0,9166560.0,2674560.0,0.7,0.6041666666666666
8,8.0,1.0,145.0,45.0,100.0,25.77,45.0,15.0,30.0,27.0,2069472.0,656512.0,1099368.0,366456.0,7.0,0.0,51.0,5.0,0.0,4640.0,0.0,5e-05,20000000.0,41389440.0,13130240.0,21987360.0,7329120.0,0.6896551724137931,0.6666666666666666
9,9.0,1.0,160.0,62.0,98.0,22.39,144.0,48.0,96.0,22.78,184528.0,66032.0,484392.0,145536.0,2.0,0.0,51.0,5.0,0.0,3340.0,0.0,5e-05,20000000.0,3690560.0,1320640.0,9687840.0,2910720.0,0.6125,0.6666666666666666
10,10.0,1.0,160.0,48.0,112.0,26.3,144.0,48.0,96.0,27.0,226560.0,70016.0,645120.0,215040.0,2.0,0.0,51.0,5.0,0.0,1040.0,0.0,5e-05,20000000.0,4531200.0,1400320.0,12902400.0,4300800.0,0.7,0.6666666666666666
11,11.0,1.0,160.0,54.0,106.0,21.75,81.0,27.0,54.0,21.2,699536.0,204592.0,541464.0,213360.0,4.0,0.0,51.0,5.0,0.0,3380.0,0.0,5e-05,20000000.0,13990720.0,4091840.0,10829280.0,4267200.0,0.6625,0.6666666666666666
12,12.0,1.0,160.0,58.0,102.0,23.15,81.0,27.0,54.0,27.0,630008.0,224320.0,935928.0,311976.0,4.0,0.0,51.0,5.0,0.0,2490.0,0.0,5e-05,20000000.0,12600160.0,4486400.0,18718560.0,6239520.0,0.6375,0.6666666666666666
13,13.0,1.0,160.0,58.0,102.0,23.6,144.0,48.0,96.0,27.0,191184.0,61008.0,645120.0,215040.0,2.0,0.0,51.0,5.0,0.0,3440.0,0.0,5e-05,20000000.0,3823680.0,1220160.0,12902400.0,4300800.0,0.6375,0.6666666666666666
14,14.0,1.0,160.0,48.0,112.0,26.12,81.0,27.0,54.0,27.0,892224.0,275552.0,935928.0,311976.0,4.0,0.0,51.0,5.0,0.0,870.0,0.0,5e-05,20000000.0,17844480.0,5511040.0,18718560.0,6239520.0,0.7,0.6666666666666666
15,15.0,1.0,80.0,25.0,55.0,19.86,18.0,6.0,12.0,15.0,1787472.0,473016.0,33552.0,11184.0,14.0,0.0,51.0,5.0,0.0,4420.0,0.0,5e-05,20000000.0,35749440.0,9460320.0,671040.0,223680.0,0.6875,0.6666666666666666
16,16.0,1.0,160.0,48.0,112.0,24.4,81.0,29.0,52.0,16.19,865984.0,268992.0,283520.0,84272.0,4.0,0.0,51.0,5.0,0.0,5000.0,0.0,5e-05,20000000.0,17319680.0,5379840.0,5670400.0,1685440.0,0.7,0.6419753086419753
17,17.0,1.0,80.0,24.0,56.0,26.2,18.0,6.0,12.0,27.0,2399416.0,708056.0,1069776.0,356592.0,14.0,0.0,51.0,5.0,0.0,3790.0,0.0,5e-05,20000000.0,47988320.0,14161120.0,21395520.0,7131840.0,0.7,0.6666666666666666
18,18.0,1.0,160.0,59.0,101.0,20.6,144.0,48.0,96.0,24.0,160768.0,41408.0,575616.0,145536.0,2.0,0.0,51.0,5.0,0.0,4540.0,0.0,5e-05,20000000.0,3215360.0,828160.0,11512320.0,2910720.0,0.63125,0.6666666666666666
19,19.0,1.0,145.0,46.0,99.0,24.5,45.0,15.0,30.0,27.0,1864032.0,537480.0,1099368.0,366456.0,7.0,0.0,51.0,5.0,0.0,2450.0,0.0,5e-05,20000000.0,37280640.0,10749600.0,21987360.0,7329120.0,0.6827586206896552,0.6666666666666666
20,20.0,1.0,160.0,48.0,112.0,26.2,144.0,48.0,96.0,27.0,219904.0,68352.0,645120.0,215040.0,2.0,0.0,51.0,5.0,0.0,2440.0,0.0,5e-05,20000000.0,4398080.0,1367040.0,12902400.0,4300800.0,0.7,0.6666666666666666
21,21.0,1.0,80.0,24.0,56.0,26.2,18.0,6.0,12.0,27.0,2399416.0,708056.0,1069776.0,356592.0,14.0,0.0,51.0,5.0,0.0,1220.0,0.0,5e-05,20000000.0,47988320.0,14161120.0,21395520.0,7131840.0,0.7,0.6666666666666666
22,22.0,1.0,160.0,58.0,102.0,20.95,144.0,48.0,96.0,27.0,149152.0,52912.0,645120.0,215040.0,2.0,0.0,51.0,5.0,0.0,4970.0,0.0,5e-05,20000000.0,2983040.0,1058240.0,12902400.0,4300800.0,0.6375,0.6666666666666666
23,23.0,1.0,80.0,25.0,55.0,26.3,18.0,6.0,12.0,27.0,2476440.0,768288.0,1069776.0,356592.0,14.0,0.0,51.0,5.0,0.0,420.0,0.0,5e-05,20000000.0,49528800.0,15365760.0,21395520.0,7131840.0,0.6875,0.6666666666666666
24,24.0,1.0,160.0,48.0,112.0,26.08,81.0,27.0,54.0,27.0,892224.0,275552.0,935928.0,311976.0,4.0,0.0,51.0,5.0,0.0,2160.0,0.0,5e-05,20000000.0,17844480.0,5511040.0,18718560.0,6239520.0,0.7,0.6666666666666666
25,25.0,1.0,160.0,55.0,105.0,23.6,144.0,48.0,96.0,27.0,157416.0,55992.0,645120.0,215040.0,2.0,0.0,51.0,5.0,0.0,4860.0,0.0,5e-05,20000000.0,3148320.0,1119840.0,12902400.0,4300800.0,0.65625,0.6666666666666666
26,26.0,1.0,145.0,45.0,100.0,26.17,45.0,15.0,30.0,27.0,2120832.0,673632.0,1099368.0,366456.0,7.0,0.0,51.0,5.0,0.0,1470.0,0.0,5e-05,20000000.0,42416640.0,13472640.0,21987360.0,7329120.0,0.6896551724137931,0.6666666666666666
27,27.0,1.0,160.0,48.0,112.0,25.95,81.0,27.0,54.0,27.0,865984.0,268992.0,935928.0,311976.0,4.0,0.0,51.0,5.0,0.0,1270.0,0.0,5e-05,20000000.0,17319680.0,5379840.0,18718560.0,6239520.0,0.7,0.6666666666666666
28,28.0,1.0,145.0,45.0,100.0,26.28,45.0,15.0,30.0,27.0,2182272.0,688992.0,1099368.0,366456.0,7.0,0.0,51.0,5.0,0.0,2220.0,0.0,5e-05,20000000.0,43645440.0,13779840.0,21987360.0,7329120.0,0.6896551724137931,0.6666666666666666
29,29.0,1.0,160.0,67.0,93.0,15.79,144.0,54.0,90.0,18.28,99528.0,35856.0,362760.0,120288.0,2.0,0.0,51.0,5.0,0.0,4610.0,0.0,5e-05,20000000.0,1990560.0,717120.0,7255200.0,2405760.0,0.58125,0.625
30,30.0,1.0,160.0,61.0,99.0,23.11,81.0,27.0,54.0,27.0,645296.0,233448.0,935928.0,311976.0,4.0,0.0,51.0,5.0,0.0,850.0,0.0,5e-05,20000000.0,12905920.0,4668960.0,18718560.0,6239520.0,0.61875,0.6666666666666666
31,31.0,1.0,160.0,48.0,112.0,24.5,81.0,34.0,47.0,19.0,865984.0,268992.0,438136.0,142352.0,4.0,0.0,51.0,5.0,0.0,2380.0,0.0,5e-05,20000000.0,17319680.0,5379840.0,8762720.0,2847040.0,0.7,0.5802469135802469
32,32.0,1.0,145.0,47.0,98.0,26.09,45.0,15.0,30.0,27.0,2165152.0,707728.0,1099368.0,366456.0,7.0,0.0,51.0,5.0,0.0,560.0,0.0,5e-05,20000000.0,43303040.0,14154560.0,21987360.0,7329120.0,0.6758620689655173,0.6666666666666666
33,33.0,1.0,80.0,25.0,55.0,24.61,18.0,6.0,12.0,27.0,1769336.0,591512.0,1069776.0,356592.0,14.0,0.0,51.0,5.0,0.0,2860.0,0.0,5e-05,20000000.0,35386720.0,11830240.0,21395520.0,7131840.0,0.6875,0.6666666666666666
34,34.0,1.0,160.0,48.0,112.0,26.12,81.0,27.0,54.0,27.0,892224.0,275552.0,935928.0,311976.0,4.0,0.0,51.0,5.0,0.0,980.0,0.0,5e-05,20000000.0,17844480.0,5511040.0,18718560.0,6239520.0,0.7,0.6666666666666666
35,35.0,1.0,160.0,58.0,102.0,23.34,81.0,27.0,54.0,27.0,751192.0,237400.0,935928.0,311976.0,4.0,0.0,51.0,5.0,0.0,2780.0,0.0,5e-05,20000000.0,15023840.0,4748000.0,18718560.0,6239520.0,0.6375,0.6666666666666666
36,36.0,1.0,145.0,47.0,98.0,25.78,45.0,15.0,30.0,27.0,2011552.0,669328.0,1099368.0,366456.0,7.0,0.0,51.0,5.0,0.0,720.0,0.0,5e-05,20000000.0,40231040.0,13386560.0,21987360.0,7329120.0,0.6758620689655173,0.6666666666666666
37,37.0,1.0,160.0,48.0,112.0,25.38,81.0,27.0,54.0,22.67,892224.0,275552.0,536672.0,149312.0,4.0,0.0,51.0,5.0,0.0,4100.0,0.0,5e-05,20000000.0,17844480.0,5511040.0,10733440.0,2986240.0,0.7,0.6666666666666666
38,38.0,1.0,160.0,48.0,112.0,26.3,144.0,48.0,96.0,27.0,226560.0,70016.0,645120.0,215040.0,2.0,0.0,51.0,5.0,0.0,960.0,0.0,5e-05,20000000.0,4531200.0,1400320.0,12902400.0,4300800.0,0.7,0.6666666666666666
39,39.0,1.0,160.0,57.0,103.0,23.6,144.0,48.0,96.0,27.0,189576.0,59336.0,645120.0,215040.0,2.0,0.0,51.0,5.0,0.0,4270.0,0.0,5e-05,20000000.0,3791520.0,1186720.0,12902400.0,4300800.0,0.64375,0.6666666666666666
40,40.0,1.0,160.0,48.0,112.0,25.42,81.0,33.0,48.0,20.67,892224.0,275552.0,500808.0,177600.0,4.0,0.0,51.0,5.0,0.0,2680.0,0.0,5e-05,20000000.0,17844480.0,5511040.0,10016160.0,3552000.0,0.7,0.5925925925925926
41,41.0,1.0,145.0,46.0,99.0,24.28,45.0,15.0,30.0,27.0,1864032.0,537480.0,1099368.0,366456.0,7.0,0.0,51.0,5.0,0.0,3260.0,0.0,5e-05,20000000.0,37280640.0,10749600.0,21987360.0,7329120.0,0.6827586206896552,0.6666666666666666
42,42.0,1.0,160.0,48.0,112.0,26.0,81.0,27.0,54.0,27.0,865984.0,268992.0,935928.0,311976.0,4.0,0.0,51.0,5.0,0.0,1570.0,0.0,5e-05,20000000.0,17319680.0,5379840.0,18718560.0,6239520.0,0.7,0.6666666666666666
43,43.0,1.0,80.0,25.0,55.0,26.0,18.0,6.0,12.0,27.0,2292120.0,722208.0,1069776.0,356592.0,14.0,0.0,51.0,5.0,0.0,570.0,0.0,5e-05,20000000.0,45842400.0,14444160.0,21395520.0,7131840.0,0.6875,0.6666666666666666
44,44.0,1.0,80.0,25.0,55.0,26.21,18.0,6.0,12.0,27.0,2476440.0,768288.0,1069776.0,356592.0,14.0,0.0,51.0,5.0,0.0,1860.0,0.0,5e-05,20000000.0,49528800.0,15365760.0,21395520.0,7131840.0,0.6875,0.6666666666666666
45,45.0,1.0,160.0,48.0,112.0,26.2,144.0,48.0,96.0,27.0,219904.0,68352.0,645120.0,215040.0,2.0,0.0,51.0,5.0,0.0,4290.0,0.0,5e-05,20000000.0,4398080.0,1367040.0,12902400.0,4300800.0,0.7,0.6666666666666666
46,46.0,1.0,80.0,25.0,55.0,23.7,18.0,6.0,12.0,18.0,2319736.0,729112.0,609232.0,241456.0,14.0,0.0,51.0,5.0,0.0,3390.0,0.0,5e-05,20000000.0,46394720.0,14582240.0,12184640.0,4829120.0,0.6875,0.6666666666666666
47,47.0,1.0,160.0,48.0,112.0,25.85,81.0,27.0,54.0,27.0,865984.0,268992.0,935928.0,311976.0,4.0,0.0,51.0,5.0,0.0,4290.0,0.0,5e-05,20000000.0,17319680.0,5379840.0,18718560.0,6239520.0,0.7,0.6666666666666666
48,48.0,1.0,80.0,24.0,56.0,24.26,18.0,6.0,12.0,21.67,2242712.0,668880.0,609232.0,241456.0,14.0,0.0,51.0,5.0,0.0,3750.0,0.0,5e-05,20000000.0,44854240.0,13377600.0,12184640.0,4829120.0,0.7,0.6666666666666666
49,49.0,1.0,160.0,48.0,112.0,26.3,144.0,48.0,96.0,27.0,226560.0,70016.0,645120.0,215040.0,2.0,0.0,51.0,5.0,0.0,3450.0,0.0,5e-05,20000000.0,4531200.0,1400320.0,12902400.0,4300800.0,0.7,0.6666666666666666
50,50.0,1.0,160.0,48.0,112.0,26.2,144.0,48.0,96.0,27.0,219904.0,68352.0,645120.0,215040.0,2.0,0.0,51.0,5.0,0.0,1490.0,0.0,5e-05,20000000.0,4398080.0,1367040.0,12902400.0,4300800.0,0.7,0.6666666666666666
51,51.0,1.0,160.0,48.0,112.0,26.0,144.0,48.0,96.0,24.0,212224.0,66432.0,575616.0,145536.0,2.0,0.0,51.0,5.0,0.0,650.0,0.0,5e-05,20000000.0,4244480.0,1328640.0,11512320.0,2910720.0,0.7,0.6666666666666666
52,52.0,1.0,80.0,25.0,55.0,23.6,18.0,6.0,12.0,24.0,2044536.0,591512.0,609232.0,241456.0,14.0,0.0,51.0,5.0,0.0,4090.0,0.0,5e-05,20000000.0,40890720.0,11830240.0,12184640.0,4829120.0,0.6875,0.6666666666666666
53,53.0,1.0,160.0,48.0,112.0,26.04,81.0,27.0,54.0,27.0,892224.0,275552.0,935928.0,311976.0,4.0,0.0,51.0,5.0,0.0,3850.0,0.0,5e-05,20000000.0,17844480.0,5511040.0,18718560.0,6239520.0,0.7,0.6666666666666666
54,54.0,1.0,160.0,65.0,95.0,11.35,144.0,75.0,69.0,4.89,90016.0,32144.0,89088.0,44952.0,2.0,0.0,51.0,5.0,0.0,4010.0,0.0,5e-05,20000000.0,1800320.0,642880.0,1781760.0,899040.0,0.59375,0.4791666666666667
55,55.0,1.0,145.0,45.0,100.0,25.43,45.0,15.0,30.0,24.0,1898272.0,605152.0,877936.0,261856.0,7.0,0.0,51.0,5.0,0.0,2620.0,0.0,5e-05,20000000.0,37965440.0,12103040.0,17558720.0,5237120.0,0.6896551724137931,0.6666666666666666
56,56.0,1.0,145.0,45.0,100.0,21.34,45.0,15.0,30.0,13.2,1634432.0,483552.0,35856.0,11952.0,7.0,0.0,51.0,5.0,0.0,5000.0,0.0,5e-05,20000000.0,32688640.0,9671040.0,717120.0,239040.0,0.6896551724137931,0.6666666666666666
57,57.0,1.0,160.0,48.0,112.0,26.3,144.0,48.0,96.0,24.0,226560.0,70016.0,523488.0,145536.0,2.0,0.0,51.0,5.0,0.0,3510.0,0.0,5e-05,20000000.0,4531200.0,1400320.0,10469760.0,2910720.0,0.7,0.6666666666666666
58,58.0,1.0,160.0,48.0,112.0,26.08,81.0,27.0,54.0,24.0,892224.0,275552.0,835232.0,211280.0,4.0,0.0,51.0,5.0,0.0,4950.0,0.0,5e-05,20000000.0,17844480.0,5511040.0,16704640.0,4225600.0,0.7,0.6666666666666666
59,59.0,1.0,145.0,44.0,101.0,24.44,45.0,16.0,29.0,19.2,2052352.0,638584.0,590424.0,171288.0,7.0,0.0,51.0,5.0,0.0,2380.0,0.0,5e-05,20000000.0,41047040.0,12771680.0,11808480.0,3425760.0,0.696551724137931,0.6444444444444445
60,60.0,1.0,160.0,49.0,111.0,20.87,81.0,27.0,54.0,23.67,481096.0,170192.0,540128.0,193088.0,4.0,0.0,51.0,5.0,0.0,4740.0,0.0,5e-05,20000000.0,9621920.0,3403840.0,10802560.0,3861760.0,0.69375,0.6666666666666666
61,61.0,1.0,145.0,45.0,100.0,26.17,45.0,15.0,30.0,27.0,2120832.0,673632.0,1099368.0,366456.0,7.0,0.0,51.0,5.0,0.0,2580.0,0.0,5e-05,20000000.0,42416640.0,13472640.0,21987360.0,7329120.0,0.6896551724137931,0.6666666666666666
62,62.0,1.0,80.0,24.0,56.0,24.29,18.0,6.0,12.0,24.0,2044896.0,609632.0,609232.0,241456.0,14.0,0.0,51.0,5.0,0.0,3690.0,0.0,5e-05,20000000.0,40897920.0,12192640.0,12184640.0,4829120.0,0.7,0.6666666666666666
63,63.0,1.0,80.0,24.0,56.0,25.9,18.0,6.0,12.0,27.0,2399416.0,708056.0,1069776.0,356592.0,14.0,0.0,51.0,5.0,0.0,1540.0,0.0,5e-05,20000000.0,47988320.0,14161120.0,21395520.0,7131840.0,0.7,0.6666666666666666
64,64.0,1.0,80.0,26.0,54.0,25.66,18.0,6.0,12.0,27.0,2252944.0,724008.0,1069776.0,356592.0,14.0,0.0,51.0,5.0,0.0,760.0,0.0,5e-05,20000000.0,45058880.0,14480160.0,21395520.0,7131840.0,0.675,0.6666666666666666
65,65.0,1.0,160.0,57.0,103.0,22.9,144.0,48.0,96.0,23.42,167064.0,59336.0,523488.0,145536.0,2.0,0.0,51.0,5.0,0.0,2740.0,0.0,5e-05,20000000.0,3341280.0,1186720.0,10469760.0,2910720.0,0.64375,0.6666666666666666
66,66.0,1.0,80.0,24.0,56.0,17.86,18.0,6.0,12.0,21.0,1181088.0,393680.0,609232.0,241456.0,14.0,0.0,51.0,5.0,0.0,4680.0,0.0,5e-05,20000000.0,23621760.0,7873600.0,12184640.0,4829120.0,0.7,0.6666666666666666
67,67.0,1.0,160.0,48.0,112.0,26.12,81.0,27.0,54.0,27.0,892224.0,275552.0,935928.0,311976.0,4.0,0.0,51.0,5.0,0.0,2230.0,0.0,5e-05,20000000.0,17844480.0,5511040.0,18718560.0,6239520.0,0.7,0.6666666666666666
68,68.0,1.0,160.0,48.0,112.0,26.3,144.0,48.0,96.0,24.0,226560.0,70016.0,575616.0,145536.0,2.0,0.0,51.0,5.0,0.0,3130.0,0.0,5e-05,20000000.0,4531200.0,1400320.0,11512320.0,2910720.0,0.7,0.6666666666666666
69,69.0,1.0,160.0,48.0,112.0,26.2,144.0,48.0,96.0,27.0,219904.0,68352.0,645120.0,215040.0,2.0,0.0,51.0,5.0,0.0,1540.0,0.0,5e-05,20000000.0,4398080.0,1367040.0,12902400.0,4300800.0,0.7,0.6666666666666666
70,70.0,1.0,145.0,46.0,99.0,25.97,45.0,15.0,30.0,27.0,2028672.0,668520.0,1099368.0,366456.0,7.0,0.0,51.0,5.0,0.0,810.0,0.0,5e-05,20000000.0,40573440.0,13370400.0,21987360.0,7329120.0,0.6827586206896552,0.6666666666666666
71,71.0,1.0,80.0,25.0,55.0,22.14,18.0,6.0,12.0,18.0,1827616.0,532264.0,33552.0,11184.0,14.0,0.0,51.0,5.0,0.0,2710.0,0.0,5e-05,20000000.0,36552320.0,10645280.0,671040.0,223680.0,0.6875,0.6666666666666666
72,72.0,1.0,80.0,25.0,55.0,25.11,18.0,6.0,12.0,24.0,2082744.0,669864.0,609232.0,241456.0,14.0,0.0,51.0,5.0,0.0,2100.0,0.0,5e-05,20000000.0,41654880.0,13397280.0,12184640.0,4829120.0,0.6875,0.6666666666666666
73,73.0,1.0,160.0,48.0,112.0,26.2,144.0,48.0,96.0,27.0,219904.0,68352.0,645120.0,215040.0,2.0,0.0,51.0,5.0,0.0,4170.0,0.0,5e-05,20000000.0,4398080.0,1367040.0,12902400.0,4300800.0,0.7,0.6666666666666666
74,74.0,1.0,160.0,54.0,106.0,23.25,81.0,27.0,54.0,27.0,699824.0,204592.0,935928.0,311976.0,4.0,0.0,51.0,5.0,0.0,3560.0,0.0,5e-05,20000000.0,13996480.0,4091840.0,18718560.0,6239520.0,0.6625,0.6666666666666666
75,75.0,1.0,160.0,48.0,112.0,26.2,144.0,48.0,96.0,27.0,219904.0,68352.0,645120.0,215040.0,2.0,0.0,51.0,5.0,0.0,2560.0,0.0,5e-05,20000000.0,4398080.0,1367040.0,12902400.0,4300800.0,0.7,0.6666666666666666
76,76.0,1.0,160.0,48.0,112.0,25.95,81.0,27.0,54.0,24.0,865984.0,268992.0,835232.0,211280.0,4.0,0.0,51.0,5.0,0.0,1240.0,0.0,5e-05,20000000.0,17319680.0,5379840.0,16704640.0,4225600.0,0.7,0.6666666666666666
77,77.0,1.0,160.0,57.0,103.0,23.38,81.0,27.0,54.0,22.69,743064.0,229208.0,655376.0,202184.0,4.0,0.0,51.0,5.0,0.0,3110.0,0.0,5e-05,20000000.0,14861280.0,4584160.0,13107520.0,4043680.0,0.64375,0.6666666666666666
78,78.0,1.0,160.0,48.0,112.0,26.0,144.0,48.0,96.0,27.0,212224.0,66432.0,645120.0,215040.0,2.0,0.0,51.0,5.0,0.0,3090.0,0.0,5e-05,20000000.0,4244480.0,1328640.0,12902400.0,4300800.0,0.7,0.6666666666666666
79,79.0,1.0,80.0,25.0,55.0,17.15,18.0,6.0,12.0,18.0,1139616.0,355488.0,609232.0,241456.0,14.0,0.0,51.0,5.0,0.0,4930.0,0.0,5e-05,20000000.0,22792320.0,7109760.0,12184640.0,4829120.0,0.6875,0.6666666666666666
80,80.0,1.0,160.0,48.0,112.0,25.6,144.0,48.0,96.0,24.0,226560.0,70016.0,536520.0,145536.0,2.0,0.0,51.0,5.0,0.0,2340.0,0.0,5e-05,20000000.0,4531200.0,1400320.0,10730400.0,2910720.0,0.7,0.6666666666666666
81,81.0,1.0,160.0,61.0,99.0,23.03,144.0,48.0,96.0,27.0,184528.0,64360.0,645120.0,215040.0,2.0,0.0,51.0,5.0,0.0,1640.0,0.0,5e-05,20000000.0,3690560.0,1287200.0,12902400.0,4300800.0,0.61875,0.6666666666666666
82,82.0,1.0,160.0,48.0,112.0,26.0,81.0,27.0,54.0,27.0,865984.0,268992.0,935928.0,311976.0,4.0,0.0,51.0,5.0,0.0,1490.0,0.0,5e-05,20000000.0,17319680.0,5379840.0,18718560.0,6239520.0,0.7,0.6666666666666666
83,83.0,1.0,80.0,25.0,55.0,23.45,18.0,6.0,12.0,21.0,2017888.0,643856.0,609232.0,241456.0,14.0,0.0,51.0,5.0,0.0,4760.0,0.0,5e-05,20000000.0,40357760.0,12877120.0,12184640.0,4829120.0,0.6875,0.6666666666666666
84,84.0,1.0,160.0,48.0,112.0,25.85,81.0,27.0,54.0,24.0,865984.0,268992.0,835232.0,211280.0,4.0,0.0,51.0,5.0,0.0,3240.0,0.0,5e-05,20000000.0,17319680.0,5379840.0,16704640.0,4225600.0,0.7,0.6666666666666666
85,85.0,1.0,160.0,48.0,112.0,26.08,81.0,27.0,54.0,27.0,892224.0,275552.0,935928.0,311976.0,4.0,0.0,51.0,5.0,0.0,1920.0,0.0,5e-05,20000000.0,17844480.0,5511040.0,18718560.0,6239520.0,0.7,0.6666666666666666
86,86.0,1.0,160.0,48.0,112.0,26.08,81.0,27.0,54.0,27.0,892224.0,275552.0,935928.0,311976.0,4.0,0.0,51.0,5.0,0.0,1090.0,0.0,5e-05,20000000.0,17844480.0,5511040.0,18718560.0,6239520.0,0.7,0.6666666666666666
87,87.0,1.0,145.0,45.0,100.0,26.18,45.0,15.0,30.0,27.0,2182272.0,688992.0,1099368.0,366456.0,7.0,0.0,51.0,5.0,0.0,1130.0,0.0,5e-05,20000000.0,43645440.0,13779840.0,21987360.0,7329120.0,0.6896551724137931,0.6666666666666666
88,88.0,1.0,80.0,25.0,55.0,22.91,18.0,6.0,12.0,18.22,1888192.0,611432.0,609232.0,241456.0,14.0,0.0,51.0,5.0,0.0,2520.0,0.0,5e-05,20000000.0,37763840.0,12228640.0,12184640.0,4829120.0,0.6875,0.6666666666666666
89,89.0,1.0,80.0,26.0,54.0,24.31,18.0,6.0,12.0,27.0,1822688.0,586408.0,1069776.0,356592.0,14.0,0.0,51.0,5.0,0.0,790.0,0.0,5e-05,20000000.0,36453760.0,11728160.0,21395520.0,7131840.0,0.675,0.6666666666666666
90,90.0,1.0,160.0,58.0,102.0,15.7,81.0,27.0,54.0,20.36,343696.0,131360.0,506560.0,184696.0,4.0,0.0,51.0,5.0,0.0,4810.0,0.0,5e-05,20000000.0,6873920.0,2627200.0,10131200.0,3693920.0,0.6375,0.6666666666666666
91,91.0,1.0,160.0,48.0,112.0,26.2,144.0,48.0,96.0,24.0,219904.0,68352.0,510456.0,145536.0,2.0,0.0,51.0,5.0,0.0,2500.0,0.0,5e-05,20000000.0,4398080.0,1367040.0,10209120.0,2910720.0,0.7,0.6666666666666666
92,92.0,1.0,80.0,26.0,54.0,24.79,18.0,6.0,12.0,24.0,2123248.0,691584.0,781936.0,241456.0,14.0,0.0,51.0,5.0,0.0,1500.0,0.0,5e-05,20000000.0,42464960.0,13831680.0,15638720.0,4829120.0,0.675,0.6666666666666666
93,93.0,1.0,160.0,48.0,112.0,26.08,81.0,32.0,49.0,21.05,892224.0,275552.0,655672.0,186560.0,4.0,0.0,51.0,5.0,0.0,1800.0,0.0,5e-05,20000000.0,17844480.0,5511040.0,13113440.0,3731200.0,0.7,0.6049382716049383
94,94.0,1.0,80.0,25.0,55.0,22.31,18.0,6.0,12.0,27.0,1574784.0,533080.0,1069776.0,356592.0,14.0,0.0,51.0,5.0,0.0,3280.0,0.0,5e-05,20000000.0,31495680.0,10661600.0,21395520.0,7131840.0,0.6875,0.6666666666666666
95,95.0,1.0,145.0,45.0,100.0,22.37,45.0,15.0,30.0,27.0,1189312.0,363712.0,1099368.0,366456.0,7.0,0.0,51.0,5.0,0.0,3470.0,0.0,5e-05,20000000.0,23786240.0,7274240.0,21987360.0,7329120.0,0.6896551724137931,0.6666666666666666
96,96.0,1.0,80.0,24.0,56.0,19.98,18.0,7.0,11.0,21.0,1241112.0,413656.0,666800.0,185752.0,14.0,0.0,51.0,5.0,0.0,1400.0,0.0,5e-05,20000000.0,24822240.0,8273120.0,13336000.0,3715040.0,0.7,0.6111111111111112
97,97.0,1.0,160.0,48.0,112.0,26.3,144.0,48.0,96.0,27.0,226560.0,70016.0,645120.0,215040.0,2.0,0.0,51.0,5.0,0.0,470.0,0.0,5e-05,20000000.0,4531200.0,1400320.0,12902400.0,4300800.0,0.7,0.6666666666666666
98,98.0,1.0,160.0,48.0,112.0,26.0,81.0,27.0,54.0,24.0,865984.0,268992.0,835232.0,211280.0,4.0,0.0,51.0,5.0,0.0,1530.0,0.0,5e-05,20000000.0,17319680.0,5379840.0,16704640.0,4225600.0,0.7,0.6666666666666666
99,99.0,1.0,80.0,24.0,56.0,26.2,18.0,6.0,12.0,27.0,2399416.0,708056.0,1069776.0,356592.0,14.0,0.0,51.0,5.0,0.0,1290.0,0.0,5e-05,20000000.0,47988320.0,14161120.0,21395520.0,7131840.0,0.7,0.6666666666666666
100,100.0,1.0,80.0,24.0,56.0,24.88,18.0,6.0,12.0,22.5,2222640.0,648808.0,724368.0,183888.0,14.0,0.0,51.0,5.0,0.0,1300.0,0.0,5e-05,20000000.0,44452800.0,12976160.0,14487360.0,3677760.0,0.7,0.6666666666666666
101,101.0,1.0,160.0,48.0,112.0,25.99,81.0,27.0,54.0,27.0,892224.0,275552.0,935928.0,311976.0,4.0,0.0,51.0,5.0,0.0,470.0,0.0,5e-05,20000000.0,17844480.0,5511040.0,18718560.0,6239520.0,0.7,0.6666666666666666
102,102.0,1.0,160.0,56.0,104.0,21.18,81.0,28.0,53.0,18.12,679792.0,212048.0,359384.0,109720.0,4.0,0.0,51.0,5.0,0.0,3020.0,0.0,5e-05,20000000.0,13595840.0,4240960.0,7187680.0,2194400.0,0.65,0.654320987654321
103,103.0,1.0,80.0,26.0,54.0,22.15,18.0,6.0,12.0,24.0,2103688.0,534064.0,954640.0,241456.0,14.0,0.0,51.0,5.0,0.0,2120.0,0.0,5e-05,20000000.0,42073760.0,10681280.0,19092800.0,4829120.0,0.675,0.6666666666666666
104,104.0,1.0,145.0,44.0,101.0,23.33,45.0,15.0,30.0,17.62,1874560.0,568792.0,251664.0,67488.0,7.0,0.0,51.0,5.0,0.0,3420.0,0.0,5e-05,20000000.0,37491200.0,11375840.0,5033280.0,1349760.0,0.696551724137931,0.6666666666666666
105,105.0,1.0,145.0,46.0,99.0,24.79,45.0,15.0,30.0,24.0,2062432.0,587080.0,981200.0,248288.0,7.0,0.0,51.0,5.0,0.0,2830.0,0.0,5e-05,20000000.0,41248640.0,11741600.0,19624000.0,4965760.0,0.6827586206896552,0.6666666666666666
106,106.0,1.0,160.0,48.0,112.0,26.12,81.0,27.0,54.0,27.0,892224.0,275552.0,935928.0,311976.0,4.0,0.0,51.0,5.0,0.0,990.0,0.0,5e-05,20000000.0,17844480.0,5511040.0,18718560.0,6239520.0,0.7,0.6666666666666666
107,107.0,1.0,160.0,58.0,102.0,20.98,144.0,48.0,96.0,24.0,160632.0,44928.0,575616.0,145536.0,2.0,0.0,51.0,5.0,0.0,3890.0,0.0,5e-05,20000000.0,3212640.0,898560.0,11512320.0,2910720.0,0.6375,0.6666666666666666
108,108.0,1.0,80.0,24.0,56.0,25.52,18.0,6.0,12.0,24.0,2379344.0,687984.0,954640.0,241456.0,14.0,0.0,51.0,5.0,0.0,4950.0,0.0,5e-05,20000000.0,47586880.0,13759680.0,19092800.0,4829120.0,0.7,0.6666666666666666
109,109.0,1.0,160.0,63.0,97.0,23.11,81.0,27.0,54.0,27.0,693200.0,249832.0,935928.0,311976.0,4.0,0.0,51.0,5.0,0.0,790.0,0.0,5e-05,20000000.0,13864000.0,4996640.0,18718560.0,6239520.0,0.60625,0.6666666666666666
110,110.0,1.0,145.0,46.0,99.0,26.06,45.0,15.0,30.0,27.0,2120832.0,691560.0,1099368.0,366456.0,7.0,0.0,51.0,5.0,0.0,1380.0,0.0,5e-05,20000000.0,42416640.0,13831200.0,21987360.0,7329120.0,0.6827586206896552,0.6666666666666666
111,111.0,1.0,145.0,45.0,100.0,25.06,45.0,15.0,30.0,24.0,2035232.0,588032.0,981200.0,248288.0,7.0,0.0,51.0,5.0,0.0,3540.0,0.0,5e-05,20000000.0,40704640.0,11760640.0,19624000.0,4965760.0,0.6896551724137931,0.6666666666666666
112,112.0,1.0,145.0,45.0,100.0,25.06,45.0,15.0,30.0,24.0,2035232.0,588032.0,981200.0,248288.0,7.0,0.0,51.0,5.0,0.0,1650.0,0.0,5e-05,20000000.0,40704640.0,11760640.0,19624000.0,4965760.0,0.6896551724137931,0.6666666666666666
113,113.0,1.0,160.0,48.0,112.0,26.2,144.0,52.0,92.0,21.1,219904.0,68352.0,397512.0,124360.0,2.0,0.0,51.0,5.0,0.0,3920.0,0.0,5e-05,20000000.0,4398080.0,1367040.0,7950240.0,2487200.0,0.7,0.6388888888888888
114,114.0,1.0,160.0,48.0,112.0,26.0,144.0,48.0,96.0,24.0,212224.0,66432.0,575616.0,145536.0,2.0,0.0,51.0,5.0,0.0,2950.0,0.0,5e-05,20000000.0,4244480.0,1328640.0,11512320.0,2910720.0,0.7,0.6666666666666666
115,115.0,1.0,145.0,48.0,97.0,24.41,45.0,15.0,30.0,27.0,1651552.0,571576.0,1099368.0,366456.0,7.0,0.0,51.0,5.0,0.0,2850.0,0.0,5e-05,20000000.0,33031040.0,11431520.0,21987360.0,7329120.0,0.6689655172413793,0.6666666666666666
116,116.0,1.0,160.0,59.0,101.0,23.42,81.0,27.0,54.0,27.0,679768.0,239072.0,935928.0,311976.0,4.0,0.0,51.0,5.0,0.0,2070.0,0.0,5e-05,20000000.0,13595360.0,4781440.0,18718560.0,6239520.0,0.63125,0.6666666666666666
117,117.0,1.0,80.0,25.0,55.0,21.96,18.0,6.0,12.0,18.0,1807544.0,532264.0,609232.0,241456.0,14.0,0.0,51.0,5.0,0.0,4210.0,0.0,5e-05,20000000.0,36150880.0,10645280.0,12184640.0,4829120.0,0.6875,0.6666666666666666
118,118.0,1.0,80.0,25.0,55.0,22.42,18.0,6.0,12.0,21.67,1781864.0,506256.0,609232.0,241456.0,14.0,0.0,51.0,5.0,0.0,3080.0,0.0,5e-05,20000000.0,35637280.0,10125120.0,12184640.0,4829120.0,0.6875,0.6666666666666666
119,119.0,1.0,80.0,24.0,56.0,25.32,18.0,6.0,12.0,24.0,2379344.0,687984.0,954640.0,241456.0,14.0,0.0,51.0,5.0,0.0,1590.0,0.0,5e-05,20000000.0,47586880.0,13759680.0,19092800.0,4829120.0,0.7,0.6666666666666666
120,120.0,1.0,80.0,26.0,54.0,25.52,18.0,6.0,12.0,27.0,2420072.0,750736.0,1069776.0,356592.0,14.0,0.0,51.0,5.0,0.0,160.0,0.0,5e-05,20000000.0,48401440.0,15014720.0,21395520.0,7131840.0,0.675,0.6666666666666666
121,121.0,1.0,160.0,57.0,103.0,23.25,81.0,27.0,54.0,27.0,605624.0,216128.0,935928.0,311976.0,4.0,0.0,51.0,5.0,0.0,2430.0,0.0,5e-05,20000000.0,12112480.0,4322560.0,18718560.0,6239520.0,0.64375,0.6666666666666666
122,122.0,1.0,80.0,24.0,56.0,25.66,18.0,6.0,12.0,27.0,2281888.0,668880.0,1069776.0,356592.0,14.0,0.0,51.0,5.0,0.0,1560.0,0.0,5e-05,20000000.0,45637760.0,13377600.0,21395520.0,7131840.0,0.7,0.6666666666666666
123,123.0,1.0,145.0,47.0,98.0,23.23,45.0,15.0,30.0,21.64,1497472.0,502288.0,773304.0,275424.0,7.0,0.0,51.0,5.0,0.0,2730.0,0.0,5e-05,20000000.0,29949440.0,10045760.0,15466080.0,5508480.0,0.6758620689655173,0.6666666666666666
124,124.0,1.0,160.0,56.0,104.0,18.92,81.0,27.0,54.0,24.0,470616.0,128344.0,835232.0,211280.0,4.0,0.0,51.0,5.0,0.0,3530.0,0.0,5e-05,20000000.0,9412320.0,2566880.0,16704640.0,4225600.0,0.65,0.6666666666666666
125,125.0,1.0,80.0,25.0,55.0,19.79,18.0,6.0,12.0,21.0,1258112.0,453912.0,609232.0,241456.0,14.0,0.0,51.0,5.0,0.0,2920.0,0.0,5e-05,20000000.0,25162240.0,9078240.0,12184640.0,4829120.0,0.6875,0.6666666666666666
126,126.0,1.0,80.0,24.0,56.0,26.2,18.0,6.0,12.0,27.0,2399416.0,708056.0,1069776.0,356592.0,14.0,0.0,51.0,5.0,0.0,1210.0,0.0,5e-05,20000000.0,47988320.0,14161120.0,21395520.0,7131840.0,0.7,0.6666666666666666
127,127.0,1.0,160.0,48.0,112.0,25.99,81.0,27.0,54.0,27.0,892224.0,275552.0,935928.0,311976.0,4.0,0.0,51.0,5.0,0.0,280.0,0.0,5e-05,20000000.0,17844480.0,5511040.0,18718560.0,6239520.0,0.7,0.6666666666666666
128,128.0,1.0,80.0,25.0,55.0,26.0,18.0,6.0,12.0,27.0,2399416.0,749032.0,1069776.0,356592.0,14.0,0.0,51.0,5.0,0.0,230.0,0.0,5e-05,20000000.0,47988320.0,14980640.0,21395520.0,7131840.0,0.6875,0.6666666666666666
129,129.0,1.0,160.0,58.0,102.0,20.98,144.0,56.0,88.0,17.86,175104.0,44928.0,388824.0,107528.0,2.0,0.0,51.0,5.0,0.0,4120.0,0.0,5e-05,20000000.0,3502080.0,898560.0,7776480.0,2150560.0,0.6375,0.6111111111111112
130,130.0,1.0,80.0,24.0,56.0,25.06,18.0,6.0,12.0,24.0,2262688.0,688856.0,781936.0,241456.0,14.0,0.0,51.0,5.0,0.0,1370.0,0.0,5e-05,20000000.0,45253760.0,13777120.0,15638720.0,4829120.0,0.7,0.6666666666666666
131,131.0,1.0,160.0,48.0,112.0,26.3,144.0,48.0,96.0,27.0,226560.0,70016.0,645120.0,215040.0,2.0,0.0,51.0,5.0,0.0,330.0,0.0,5e-05,20000000.0,4531200.0,1400320.0,12902400.0,4300800.0,0.7,0.6666666666666666
132,132.0,1.0,160.0,48.0,112.0,25.35,81.0,29.0,52.0,23.0,865984.0,268992.0,510384.0,180512.0,4.0,0.0,51.0,5.0,0.0,3690.0,0.0,5e-05,20000000.0,17319680.0,5379840.0,10207680.0,3610240.0,0.7,0.6419753086419753
133,133.0,1.0,80.0,25.0,55.0,25.7,18.0,6.0,12.0,27.0,2358912.0,729112.0,1069776.0,356592.0,14.0,0.0,51.0,5.0,0.0,2760.0,0.0,5e-05,20000000.0,47178240.0,14582240.0,21395520.0,7131840.0,0.6875,0.6666666666666666
134,134.0,1.0,80.0,24.0,56.0,26.0,18.0,6.0,12.0,27.0,2399416.0,708056.0,1069776.0,356592.0,14.0,0.0,51.0,5.0,0.0,1490.0,0.0,5e-05,20000000.0,47988320.0,14161120.0,21395520.0,7131840.0,0.7,0.6666666666666666
135,135.0,1.0,145.0,46.0,99.0,26.28,45.0,15.0,30.0,27.0,2182272.0,706920.0,1099368.0,366456.0,7.0,0.0,51.0,5.0,0.0,420.0,0.0,5e-05,20000000.0,43645440.0,14138400.0,21987360.0,7329120.0,0.6827586206896552,0.6666666666666666
136,136.0,1.0,145.0,45.0,100.0,26.17,45.0,15.0,30.0,27.0,2120832.0,673632.0,1099368.0,366456.0,7.0,0.0,51.0,5.0,0.0,3330.0,0.0,5e-05,20000000.0,42416640.0,13472640.0,21987360.0,7329120.0,0.6896551724137931,0.6666666666666666
137,137.0,1.0,145.0,45.0,100.0,26.28,45.0,15.0,30.0,27.0,2182272.0,688992.0,1099368.0,366456.0,7.0,0.0,51.0,5.0,0.0,930.0,0.0,5e-05,20000000.0,43645440.0,13779840.0,21987360.0,7329120.0,0.6896551724137931,0.6666666666666666
138,138.0,1.0,80.0,25.0,55.0,26.04,18.0,6.0,12.0,27.0,2476440.0,768288.0,1069776.0,356592.0,14.0,0.0,51.0,5.0,0.0,1750.0,0.0,5e-05,20000000.0,49528800.0,15365760.0,21395520.0,7131840.0,0.6875,0.6666666666666666
139,139.0,1.0,160.0,56.0,104.0,22.9,144.0,48.0,96.0,24.11,187968.0,57664.0,372736.0,146944.0,2.0,0.0,51.0,5.0,0.0,4450.0,0.0,5e-05,20000000.0,3759360.0,1153280.0,7454720.0,2938880.0,0.65,0.6666666666666666
140,140.0,1.0,160.0,48.0,112.0,25.99,81.0,27.0,54.0,27.0,892224.0,275552.0,935928.0,311976.0,4.0,0.0,51.0,5.0,0.0,550.0,0.0,5e-05,20000000.0,17844480.0,5511040.0,18718560.0,6239520.0,0.7,0.6666666666666666
141,141.0,1.0,80.0,25.0,55.0,24.44,18.0,6.0,12.0,27.0,1769336.0,591512.0,1069776.0,356592.0,14.0,0.0,51.0,5.0,0.0,3460.0,0.0,5e-05,20000000.0,35386720.0,11830240.0,21395520.0,7131840.0,0.6875,0.6666666666666666
142,142.0,1.0,80.0,25.0,55.0,20.49,18.0,6.0,12.0,15.22,1544872.0,447008.0,148688.0,126320.0,14.0,0.0,51.0,5.0,0.0,3020.0,0.0,5e-05,20000000.0,30897440.0,8940160.0,2973760.0,2526400.0,0.6875,0.6666666666666666
143,143.0,1.0,80.0,25.0,55.0,24.89,18.0,6.0,12.0,24.0,2005720.0,650608.0,609232.0,241456.0,14.0,0.0,51.0,5.0,0.0,2620.0,0.0,5e-05,20000000.0,40114400.0,13012160.0,12184640.0,4829120.0,0.6875,0.6666666666666666
144,144.0,1.0,160.0,48.0,112.0,25.3,81.0,27.0,54.0,22.15,865984.0,268992.0,471520.0,174896.0,4.0,0.0,51.0,5.0,0.0,4350.0,0.0,5e-05,20000000.0,17319680.0,5379840.0,9430400.0,3497920.0,0.7,0.6666666666666666
145,145.0,1.0,160.0,48.0,112.0,26.2,144.0,48.0,96.0,27.0,219904.0,68352.0,645120.0,215040.0,2.0,0.0,51.0,5.0,0.0,190.0,0.0,5e-05,20000000.0,4398080.0,1367040.0,12902400.0,4300800.0,0.7,0.6666666666666666
146,146.0,1.0,160.0,48.0,112.0,26.04,81.0,27.0,54.0,27.0,892224.0,275552.0,935928.0,311976.0,4.0,0.0,51.0,5.0,0.0,2140.0,0.0,5e-05,20000000.0,17844480.0,5511040.0,18718560.0,6239520.0,0.7,0.6666666666666666
147,147.0,1.0,160.0,52.0,108.0,19.26,81.0,27.0,54.0,23.67,493720.0,163080.0,537080.0,202184.0,4.0,0.0,51.0,5.0,0.0,4910.0,0.0,5e-05,20000000.0,9874400.0,3261600.0,10741600.0,4043680.0,0.675,0.6666666666666666
148,148.0,1.0,145.0,46.0,99.0,22.78,45.0,15.0,30.0,27.0,1326272.0,433000.0,1099368.0,366456.0,7.0,0.0,51.0,5.0,0.0,4870.0,0.0,5e-05,20000000.0,26525440.0,8660000.0,21987360.0,7329120.0,0.6827586206896552,0.6666666666666666
149,149.0,1.0,145.0,51.0,94.0,24.46,45.0,19.0,26.0,21.0,1976832.0,642480.0,824968.0,238696.0,7.0,0.0,51.0,5.0,0.0,400.0,0.0,5e-05,20000000.0,39536640.0,12849600.0,16499360.0,4773920.0,0.6482758620689655,0.5777777777777777
150,150.0,1.0,160.0,57.0,103.0,19.54,144.0,54.0,90.0,17.24,152592.0,44864.0,314976.0,85536.0,2.0,0.0,51.0,5.0,0.0,4370.0,0.0,5e-05,20000000.0,3051840.0,897280.0,6299520.0,1710720.0,0.64375,0.625
151,151.0,1.0,80.0,25.0,55.0,25.02,18.0,6.0,12.0,27.0,2318768.0,669864.0,1069776.0,356592.0,14.0,0.0,51.0,5.0,0.0,2330.0,0.0,5e-05,20000000.0,46375360.0,13397280.0,21395520.0,7131840.0,0.6875,0.6666666666666666
152,152.0,1.0,160.0,48.0,112.0,24.75,81.0,27.0,54.0,22.33,830272.0,260064.0,570872.0,144968.0,4.0,0.0,51.0,5.0,0.0,3070.0,0.0,5e-05,20000000.0,16605440.0,5201280.0,11417440.0,2899360.0,0.7,0.6666666666666666
153,153.0,1.0,160.0,60.0,100.0,19.14,144.0,48.0,96.0,24.0,133072.0,35352.0,575616.0,145536.0,2.0,0.0,51.0,5.0,0.0,3770.0,0.0,5e-05,20000000.0,2661440.0,707040.0,11512320.0,2910720.0,0.625,0.6666666666666666
154,154.0,1.0,145.0,45.0,100.0,20.17,45.0,15.0,30.0,15.87,1565952.0,397952.0,508528.0,130120.0,7.0,0.0,51.0,5.0,0.0,4120.0,0.0,5e-05,20000000.0,31319040.0,7959040.0,10170560.0,2602400.0,0.6896551724137931,0.6666666666666666
155,155.0,1.0,145.0,45.0,100.0,24.91,45.0,15.0,30.0,21.04,1846912.0,605152.0,626696.0,248288.0,7.0,0.0,51.0,5.0,0.0,3920.0,0.0,5e-05,20000000.0,36938240.0,12103040.0,12533920.0,4965760.0,0.6896551724137931,0.6666666666666666
156,156.0,1.0,80.0,24.0,56.0,23.44,18.0,6.0,12.0,24.0,1672240.0,511208.0,954640.0,241456.0,14.0,0.0,51.0,5.0,0.0,4190.0,0.0,5e-05,20000000.0,33444800.0,10224160.0,19092800.0,4829120.0,0.7,0.6666666666666666
157,157.0,1.0,160.0,60.0,100.0,23.3,144.0,48.0,96.0,27.0,180064.0,60768.0,645120.0,215040.0,2.0,0.0,51.0,5.0,0.0,2990.0,0.0,5e-05,20000000.0,3601280.0,1215360.0,12902400.0,4300800.0,0.625,0.6666666666666666
158,158.0,1.0,145.0,45.0,100.0,26.28,45.0,15.0,30.0,27.0,2182272.0,688992.0,1099368.0,366456.0,7.0,0.0,51.0,5.0,0.0,980.0,0.0,5e-05,20000000.0,43645440.0,13779840.0,21987360.0,7329120.0,0.6896551724137931,0.6666666666666666
159,159.0,1.0,160.0,48.0,112.0,26.3,144.0,48.0,96.0,27.0,226560.0,70016.0,645120.0,215040.0,2.0,0.0,51.0,5.0,0.0,90.0,0.0,5e-05,20000000.0,4531200.0,1400320.0,12902400.0,4300800.0,0.7,0.6666666666666666
160,160.0,1.0,160.0,48.0,112.0,25.81,81.0,27.0,54.0,27.0,830272.0,260064.0,935928.0,311976.0,4.0,0.0,51.0,5.0,0.0,3980.0,0.0,5e-05,20000000.0,16605440.0,5201280.0,18718560.0,6239520.0,0.7,0.6666666666666666
161,161.0,1.0,160.0,48.0,112.0,26.3,144.0,48.0,96.0,27.0,226560.0,70016.0,645120.0,215040.0,2.0,0.0,51.0,5.0,0.0,950.0,0.0,5e-05,20000000.0,4531200.0,1400320.0,12902400.0,4300800.0,0.7,0.6666666666666666
162,162.0,1.0,145.0,45.0,100.0,25.32,45.0,15.0,30.0,24.0,1898272.0,605152.0,719032.0,261856.0,7.0,0.0,51.0,5.0,0.0,2500.0,0.0,5e-05,20000000.0,37965440.0,12103040.0,14380640.0,5237120.0,0.6896551724137931,0.6666666666666666
163,163.0,1.0,80.0,25.0,55.0,26.21,18.0,6.0,12.0,27.0,2476440.0,768288.0,1069776.0,356592.0,14.0,0.0,51.0,5.0,0.0,3860.0,0.0,5e-05,20000000.0,49528800.0,15365760.0,21395520.0,7131840.0,0.6875,0.6666666666666666
164,164.0,1.0,80.0,25.0,55.0,26.21,18.0,6.0,12.0,27.0,2476440.0,768288.0,1069776.0,356592.0,14.0,0.0,51.0,5.0,0.0,1790.0,0.0,5e-05,20000000.0,49528800.0,15365760.0,21395520.0,7131840.0,0.6875,0.6666666666666666
165,165.0,1.0,145.0,46.0,99.0,25.97,45.0,15.0,30.0,27.0,2028672.0,668520.0,1099368.0,366456.0,7.0,0.0,51.0,5.0,0.0,780.0,0.0,5e-05,20000000.0,40573440.0,13370400.0,21987360.0,7329120.0,0.6827586206896552,0.6666666666666666
166,166.0,1.0,160.0,48.0,112.0,26.12,81.0,27.0,54.0,27.0,892224.0,275552.0,935928.0,311976.0,4.0,0.0,51.0,5.0,0.0,920.0,0.0,5e-05,20000000.0,17844480.0,5511040.0,18718560.0,6239520.0,0.7,0.6666666666666666
167,167.0,1.0,160.0,48.0,112.0,26.0,144.0,56.0,88.0,18.11,212224.0,66432.0,362760.0,116216.0,2.0,0.0,51.0,5.0,0.0,4520.0,0.0,5e-05,20000000.0,4244480.0,1328640.0,7255200.0,2324320.0,0.7,0.6111111111111112
168,168.0,1.0,80.0,25.0,55.0,24.61,18.0,6.0,12.0,27.0,2201240.0,630688.0,1069776.0,356592.0,14.0,0.0,51.0,5.0,0.0,2840.0,0.0,5e-05,20000000.0,44024800.0,12613760.0,21395520.0,7131840.0,0.6875,0.6666666666666666
169,169.0,1.0,145.0,47.0,98.0,24.47,45.0,15.0,30.0,21.78,1874112.0,622128.0,626696.0,248288.0,7.0,0.0,51.0,5.0,0.0,2820.0,0.0,5e-05,20000000.0,37482240.0,12442560.0,12533920.0,4965760.0,0.6758620689655173,0.6666666666666666
170,170.0,1.0,160.0,48.0,112.0,25.99,81.0,27.0,54.0,27.0,892224.0,275552.0,935928.0,311976.0,4.0,0.0,51.0,5.0,0.0,320.0,0.0,5e-05,20000000.0,17844480.0,5511040.0,18718560.0,6239520.0,0.7,0.6666666666666666
171,171.0,1.0,80.0,25.0,55.0,24.19,18.0,6.0,12.0,24.0,2260488.0,630688.0,954640.0,241456.0,14.0,0.0,51.0,5.0,0.0,3840.0,0.0,5e-05,20000000.0,45209760.0,12613760.0,19092800.0,4829120.0,0.6875,0.6666666666666666
172,172.0,1.0,145.0,45.0,100.0,25.62,45.0,15.0,30.0,24.0,1976832.0,637632.0,626696.0,248288.0,7.0,0.0,51.0,5.0,0.0,3510.0,0.0,5e-05,20000000.0,39536640.0,12752640.0,12533920.0,4965760.0,0.6896551724137931,0.6666666666666666
173,173.0,1.0,80.0,25.0,55.0,26.3,18.0,6.0,12.0,27.0,2476440.0,768288.0,1069776.0,356592.0,14.0,0.0,51.0,5.0,0.0,60.0,0.0,5e-05,20000000.0,49528800.0,15365760.0,21395520.0,7131840.0,0.6875,0.6666666666666666
174,174.0,1.0,160.0,52.0,108.0,23.05,81.0,27.0,54.0,22.46,690664.0,194728.0,616832.0,202184.0,4.0,0.0,51.0,5.0,0.0,4630.0,0.0,5e-05,20000000.0,13813280.0,3894560.0,12336640.0,4043680.0,0.675,0.6666666666666666
175,175.0,1.0,160.0,48.0,112.0,25.6,144.0,48.0,96.0,22.88,226560.0,70016.0,445296.0,119472.0,2.0,0.0,51.0,5.0,0.0,4100.0,0.0,5e-05,20000000.0,4531200.0,1400320.0,8905920.0,2389440.0,0.7,0.6666666666666666
176,176.0,1.0,145.0,46.0,99.0,17.09,45.0,15.0,30.0,18.4,1103712.0,433000.0,626696.0,248288.0,7.0,0.0,51.0,5.0,0.0,4610.0,0.0,5e-05,20000000.0,22074240.0,8660000.0,12533920.0,4965760.0,0.6827586206896552,0.6666666666666666
177,177.0,1.0,145.0,46.0,99.0,23.66,45.0,15.0,30.0,20.44,1908832.0,634280.0,668280.0,249168.0,7.0,0.0,51.0,5.0,0.0,4760.0,0.0,5e-05,20000000.0,38176640.0,12685600.0,13365600.0,4983360.0,0.6827586206896552,0.6666666666666666
178,178.0,1.0,160.0,48.0,112.0,25.95,81.0,27.0,54.0,27.0,865984.0,268992.0,935928.0,311976.0,4.0,0.0,51.0,5.0,0.0,1190.0,0.0,5e-05,20000000.0,17319680.0,5379840.0,18718560.0,6239520.0,0.7,0.6666666666666666
179,179.0,1.0,160.0,48.0,112.0,26.12,81.0,27.0,54.0,27.0,892224.0,275552.0,935928.0,311976.0,4.0,0.0,51.0,5.0,0.0,1030.0,0.0,5e-05,20000000.0,17844480.0,5511040.0,18718560.0,6239520.0,0.7,0.6666666666666666
180,180.0,1.0,160.0,48.0,112.0,26.2,144.0,48.0,96.0,27.0,219904.0,68352.0,645120.0,215040.0,2.0,0.0,51.0,5.0,0.0,1420.0,0.0,5e-05,20000000.0,4398080.0,1367040.0,12902400.0,4300800.0,0.7,0.6666666666666666
181,181.0,1.0,80.0,25.0,55.0,25.66,18.0,6.0,12.0,27.0,2281888.0,709856.0,1069776.0,356592.0,14.0,0.0,51.0,5.0,0.0,3330.0,0.0,5e-05,20000000.0,45637760.0,14197120.0,21395520.0,7131840.0,0.6875,0.6666666666666666
182,182.0,1.0,160.0,62.0,98.0,23.42,81.0,27.0,54.0,27.0,730768.0,257128.0,935928.0,311976.0,4.0,0.0,51.0,5.0,0.0,910.0,0.0,5e-05,20000000.0,14615360.0,5142560.0,18718560.0,6239520.0,0.6125,0.6666666666666666
183,183.0,1.0,160.0,52.0,108.0,22.58,81.0,27.0,54.0,24.0,514192.0,169600.0,835232.0,211280.0,4.0,0.0,51.0,5.0,0.0,4190.0,0.0,5e-05,20000000.0,10283840.0,3392000.0,16704640.0,4225600.0,0.675,0.6666666666666666
184,184.0,1.0,160.0,56.0,104.0,22.16,81.0,27.0,54.0,27.0,578992.0,212048.0,935928.0,311976.0,4.0,0.0,51.0,5.0,0.0,2980.0,0.0,5e-05,20000000.0,11579840.0,4240960.0,18718560.0,6239520.0,0.65,0.6666666666666666
185,185.0,1.0,145.0,45.0,100.0,25.9,45.0,15.0,30.0,27.0,2079552.0,654752.0,1099368.0,366456.0,7.0,0.0,51.0,5.0,0.0,3490.0,0.0,5e-05,20000000.0,41591040.0,13095040.0,21987360.0,7329120.0,0.6896551724137931,0.6666666666666666
186,186.0,1.0,80.0,25.0,55.0,21.32,18.0,6.0,12.0,15.22,1760824.0,525360.0,494096.0,126320.0,14.0,0.0,51.0,5.0,0.0,4530.0,0.0,5e-05,20000000.0,35216480.0,10507200.0,9881920.0,2526400.0,0.6875,0.6666666666666666
187,187.0,1.0,80.0,25.0,55.0,23.0,18.0,6.0,12.0,24.0,2143320.0,552184.0,954640.0,241456.0,14.0,0.0,51.0,5.0,0.0,2420.0,0.0,5e-05,20000000.0,42866400.0,11043680.0,19092800.0,4829120.0,0.6875,0.6666666666666666
188,188.0,1.0,80.0,25.0,55.0,23.98,18.0,6.0,12.0,27.0,1938568.0,545432.0,1069776.0,356592.0,14.0,0.0,51.0,5.0,0.0,2960.0,0.0,5e-05,20000000.0,38771360.0,10908640.0,21395520.0,7131840.0,0.6875,0.6666666666666666
189,189.0,1.0,160.0,48.0,112.0,25.4,144.0,60.0,84.0,21.38,219904.0,68352.0,462672.0,138480.0,2.0,0.0,51.0,5.0,0.0,1360.0,0.0,5e-05,20000000.0,4398080.0,1367040.0,9253440.0,2769600.0,0.7,0.5833333333333334
190,190.0,1.0,160.0,48.0,112.0,26.3,144.0,48.0,96.0,27.0,226560.0,70016.0,645120.0,215040.0,2.0,0.0,51.0,5.0,0.0,490.0,0.0,5e-05,20000000.0,4531200.0,1400320.0,12902400.0,4300800.0,0.7,0.6666666666666666
191,191.0,1.0,80.0,25.0,55.0,26.3,18.0,6.0,12.0,27.0,2476440.0,768288.0,1069776.0,356592.0,14.0,0.0,51.0,5.0,0.0,390.0,0.0,5e-05,20000000.0,49528800.0,15365760.0,21395520.0,7131840.0,0.6875,0.6666666666666666
192,192.0,1.0,160.0,57.0,103.0,20.89,144.0,48.0,96.0,24.0,168448.0,43200.0,575616.0,145536.0,2.0,0.0,51.0,5.0,0.0,4960.0,0.0,5e-05,20000000.0,3368960.0,864000.0,11512320.0,2910720.0,0.64375,0.6666666666666666
193,193.0,1.0,160.0,54.0,106.0,23.25,81.0,27.0,54.0,27.0,700112.0,204592.0,935928.0,311976.0,4.0,0.0,51.0,5.0,0.0,3970.0,0.0,5e-05,20000000.0,14002240.0,4091840.0,18718560.0,6239520.0,0.6625,0.6666666666666666
194,194.0,1.0,80.0,24.0,56.0,25.12,18.0,6.0,12.0,24.0,2379344.0,687984.0,954640.0,241456.0,14.0,0.0,51.0,5.0,0.0,3660.0,0.0,5e-05,20000000.0,47586880.0,13759680.0,19092800.0,4829120.0,0.7,0.6666666666666666
195,195.0,1.0,160.0,58.0,102.0,22.56,144.0,48.0,96.0,27.0,170056.0,59344.0,645120.0,215040.0,2.0,0.0,51.0,5.0,0.0,3280.0,0.0,5e-05,20000000.0,3401120.0,1186880.0,12902400.0,4300800.0,0.6375,0.6666666666666666
196,196.0,1.0,160.0,57.0,103.0,20.8,81.0,27.0,54.0,24.0,691200.0,177344.0,835232.0,211280.0,4.0,0.0,51.0,5.0,0.0,2120.0,0.0,5e-05,20000000.0,13824000.0,3546880.0,16704640.0,4225600.0,0.64375,0.6666666666666666
197,197.0,1.0,160.0,61.0,99.0,23.6,144.0,48.0,96.0,27.0,196008.0,66024.0,645120.0,215040.0,2.0,0.0,51.0,5.0,0.0,2780.0,0.0,5e-05,20000000.0,3920160.0,1320480.0,12902400.0,4300800.0,0.61875,0.6666666666666666
198,198.0,1.0,145.0,48.0,97.0,24.79,45.0,15.0,30.0,27.0,1993952.0,605816.0,1099368.0,366456.0,7.0,0.0,51.0,5.0,0.0,1970.0,0.0,5e-05,20000000.0,39879040.0,12116320.0,21987360.0,7329120.0,0.6689655172413793,0.6666666666666666
199,199.0,1.0,160.0,48.0,112.0,25.6,144.0,48.0,96.0,23.25,226560.0,70016.0,506112.0,128160.0,2.0,0.0,51.0,5.0,0.0,2700.0,0.0,5e-05,20000000.0,4531200.0,1400320.0,10122240.0,2563200.0,0.7,0.6666666666666666
200,200.0,1.0,160.0,60.0,100.0,23.5,144.0,48.0,96.0,27.0,174880.0,62688.0,645120.0,215040.0,2.0,0.0,51.0,5.0,0.0,1460.0,0.0,5e-05,20000000.0,3497600.0,1253760.0,12902400.0,4300800.0,0.625,0.6666666666666666
201,201.0,1.0,160.0,59.0,101.0,23.5,144.0,48.0,96.0,23.13,186136.0,61016.0,510456.0,145536.0,2.0,0.0,51.0,5.0,0.0,2510.0,0.0,5e-05,20000000.0,3722720.0,1220320.0,10209120.0,2910720.0,0.63125,0.6666666666666666
202,202.0,1.0,145.0,45.0,100.0,26.17,45.0,15.0,30.0,27.0,2120832.0,673632.0,1099368.0,366456.0,7.0,0.0,51.0,5.0,0.0,2460.0,0.0,5e-05,20000000.0,42416640.0,13472640.0,21987360.0,7329120.0,0.6896551724137931,0.6666666666666666
203,203.0,1.0,160.0,56.0,104.0,20.11,81.0,27.0,54.0,21.07,560688.0,197168.0,443888.0,149312.0,4.0,0.0,51.0,5.0,0.0,4680.0,0.0,5e-05,20000000.0,11213760.0,3943360.0,8877760.0,2986240.0,0.65,0.6666666666666666
204,204.0,1.0,145.0,46.0,99.0,26.17,45.0,15.0,30.0,27.0,2120832.0,691560.0,1099368.0,366456.0,7.0,0.0,51.0,5.0,0.0,1210.0,0.0,5e-05,20000000.0,42416640.0,13831200.0,21987360.0,7329120.0,0.6827586206896552,0.6666666666666666
205,205.0,1.0,160.0,48.0,112.0,25.99,81.0,27.0,54.0,27.0,892224.0,275552.0,935928.0,311976.0,4.0,0.0,51.0,5.0,0.0,460.0,0.0,5e-05,20000000.0,17844480.0,5511040.0,18718560.0,6239520.0,0.7,0.6666666666666666
206,206.0,1.0,80.0,25.0,55.0,25.88,18.0,6.0,12.0,27.0,2358912.0,729112.0,1069776.0,356592.0,14.0,0.0,51.0,5.0,0.0,1960.0,0.0,5e-05,20000000.0,47178240.0,14582240.0,21395520.0,7131840.0,0.6875,0.6666666666666666
207,207.0,1.0,145.0,45.0,100.0,23.43,45.0,15.0,30.0,21.22,1908352.0,552032.0,626696.0,248288.0,7.0,0.0,51.0,5.0,0.0,4390.0,0.0,5e-05,20000000.0,38167040.0,11040640.0,12533920.0,4965760.0,0.6896551724137931,0.6666666666666666
208,208.0,1.0,160.0,59.0,101.0,21.86,144.0,48.0,96.0,23.25,170056.0,61016.0,523488.0,145536.0,2.0,0.0,51.0,5.0,0.0,2370.0,0.0,5e-05,20000000.0,3401120.0,1220320.0,10469760.0,2910720.0,0.63125,0.6666666666666666
209,209.0,1.0,145.0,45.0,100.0,24.88,45.0,15.0,30.0,24.0,2018112.0,588032.0,981200.0,248288.0,7.0,0.0,51.0,5.0,0.0,2530.0,0.0,5e-05,20000000.0,40362240.0,11760640.0,19624000.0,4965760.0,0.6896551724137931,0.6666666666666666
210,210.0,1.0,160.0,48.0,112.0,25.3,81.0,31.0,50.0,15.58,865984.0,268992.0,281336.0,89184.0,4.0,0.0,51.0,5.0,0.0,3720.0,0.0,5e-05,20000000.0,17319680.0,5379840.0,5626720.0,1783680.0,0.7,0.6172839506172839
211,211.0,1.0,80.0,25.0,55.0,23.09,18.0,6.0,12.0,27.0,1611664.0,493088.0,1069776.0,356592.0,14.0,0.0,51.0,5.0,0.0,3470.0,0.0,5e-05,20000000.0,32233280.0,9861760.0,21395520.0,7131840.0,0.6875,0.6666666666666666
212,212.0,1.0,160.0,48.0,112.0,25.99,81.0,27.0,54.0,27.0,892224.0,275552.0,935928.0,311976.0,4.0,0.0,51.0,5.0,0.0,360.0,0.0,5e-05,20000000.0,17844480.0,5511040.0,18718560.0,6239520.0,0.7,0.6666666666666666
213,213.0,1.0,145.0,45.0,100.0,23.92,45.0,18.0,27.0,18.27,2113792.0,671872.0,694536.0,251832.0,7.0,0.0,51.0,5.0,0.0,2020.0,0.0,5e-05,20000000.0,42275840.0,13437440.0,13890720.0,5036640.0,0.6896551724137931,0.6
214,214.0,1.0,160.0,57.0,103.0,22.72,81.0,27.0,54.0,24.0,743064.0,229208.0,632024.0,193088.0,4.0,0.0,51.0,5.0,0.0,2690.0,0.0,5e-05,20000000.0,14861280.0,4584160.0,12640480.0,3861760.0,0.64375,0.6666666666666666
215,215.0,1.0,160.0,48.0,112.0,26.12,81.0,27.0,54.0,24.0,892224.0,275552.0,707840.0,202184.0,4.0,0.0,51.0,5.0,0.0,2100.0,0.0,5e-05,20000000.0,17844480.0,5511040.0,14156800.0,4043680.0,0.7,0.6666666666666666
216,216.0,1.0,160.0,56.0,104.0,23.5,144.0,48.0,96.0,22.61,181312.0,56000.0,471360.0,145536.0,2.0,0.0,51.0,5.0,0.0,3910.0,0.0,5e-05,20000000.0,3626240.0,1120000.0,9427200.0,2910720.0,0.65,0.6666666666666666
217,217.0,1.0,160.0,48.0,112.0,25.81,81.0,27.0,54.0,27.0,830272.0,260064.0,935928.0,311976.0,4.0,0.0,51.0,5.0,0.0,620.0,0.0,5e-05,20000000.0,16605440.0,5201280.0,18718560.0,6239520.0,0.7,0.6666666666666666
218,218.0,1.0,160.0,57.0,103.0,22.51,144.0,48.0,96.0,27.0,168672.0,59336.0,645120.0,215040.0,2.0,0.0,51.0,5.0,0.0,4850.0,0.0,5e-05,20000000.0,3373440.0,1186720.0,12902400.0,4300800.0,0.64375,0.6666666666666666
219,219.0,1.0,160.0,53.0,107.0,23.42,81.0,27.0,54.0,27.0,718224.0,202960.0,935928.0,311976.0,4.0,0.0,51.0,5.0,0.0,4570.0,0.0,5e-05,20000000.0,14364480.0,4059200.0,18718560.0,6239520.0,0.66875,0.6666666666666666
220,220.0,1.0,80.0,25.0,55.0,26.21,18.0,6.0,12.0,27.0,2476440.0,768288.0,1069776.0,356592.0,14.0,0.0,51.0,5.0,0.0,980.0,0.0,5e-05,20000000.0,49528800.0,15365760.0,21395520.0,7131840.0,0.6875,0.6666666666666666
221,221.0,1.0,160.0,48.0,112.0,25.85,81.0,27.0,54.0,27.0,865984.0,268992.0,935928.0,311976.0,4.0,0.0,51.0,5.0,0.0,1380.0,0.0,5e-05,20000000.0,17319680.0,5379840.0,18718560.0,6239520.0,0.7,0.6666666666666666
222,222.0,1.0,145.0,46.0,99.0,26.17,45.0,15.0,30.0,27.0,2120832.0,691560.0,1099368.0,366456.0,7.0,0.0,51.0,5.0,0.0,1190.0,0.0,5e-05,20000000.0,42416640.0,13831200.0,21987360.0,7329120.0,0.6827586206896552,0.6666666666666666
223,223.0,1.0,160.0,56.0,104.0,21.92,81.0,29.0,52.0,21.37,679792.0,212048.0,496352.0,167368.0,4.0,0.0,51.0,5.0,0.0,3080.0,0.0,5e-05,20000000.0,13595840.0,4240960.0,9927040.0,3347360.0,0.65,0.6419753086419753
224,224.0,1.0,80.0,25.0,55.0,23.22,18.0,6.0,12.0,21.67,1612632.0,552336.0,609232.0,241456.0,14.0,0.0,51.0,5.0,0.0,2740.0,0.0,5e-05,20000000.0,32252640.0,11046720.0,12184640.0,4829120.0,0.6875,0.6666666666666666
225,225.0,1.0,160.0,58.0,102.0,20.98,144.0,48.0,96.0,24.0,157416.0,44928.0,575616.0,145536.0,2.0,0.0,51.0,5.0,0.0,4250.0,0.0,5e-05,20000000.0,3148320.0,898560.0,11512320.0,2910720.0,0.6375,0.6666666666666666
226,226.0,1.0,160.0,62.0,98.0,22.59,144.0,48.0,96.0,23.13,191184.0,67696.0,510456.0,145536.0,2.0,0.0,51.0,5.0,0.0,2670.0,0.0,5e-05,20000000.0,3823680.0,1353920.0,10209120.0,2910720.0,0.6125,0.6666666666666666
227,227.0,1.0,160.0,48.0,112.0,25.42,81.0,27.0,54.0,24.0,892224.0,275552.0,710888.0,193088.0,4.0,0.0,51.0,5.0,0.0,1020.0,0.0,5e-05,20000000.0,17844480.0,5511040.0,14217760.0,3861760.0,0.7,0.6666666666666666
228,228.0,1.0,145.0,47.0,98.0,26.09,45.0,15.0,30.0,27.0,2165152.0,707728.0,1099368.0,366456.0,7.0,0.0,51.0,5.0,0.0,40.0,0.0,5e-05,20000000.0,43303040.0,14154560.0,21987360.0,7329120.0,0.6758620689655173,0.6666666666666666
229,229.0,1.0,80.0,25.0,55.0,26.3,18.0,6.0,12.0,27.0,2476440.0,768288.0,1069776.0,356592.0,14.0,0.0,51.0,5.0,0.0,4580.0,0.0,5e-05,20000000.0,49528800.0,15365760.0,21395520.0,7131840.0,0.6875,0.6666666666666666
230,230.0,1.0,145.0,45.0,100.0,22.32,45.0,15.0,30.0,24.0,1206432.0,432192.0,720400.0,261856.0,7.0,0.0,51.0,5.0,0.0,3100.0,0.0,5e-05,20000000.0,24128640.0,8643840.0,14408000.0,5237120.0,0.6896551724137931,0.6666666666666666
231,231.0,1.0,145.0,46.0,99.0,16.88,45.0,15.0,30.0,18.22,1042272.0,417640.0,626696.0,248288.0,7.0,0.0,51.0,5.0,0.0,4320.0,0.0,5e-05,20000000.0,20845440.0,8352800.0,12533920.0,4965760.0,0.6827586206896552,0.6666666666666666
232,232.0,1.0,145.0,46.0,99.0,24.99,45.0,16.0,29.0,21.04,1891232.0,604200.0,694144.0,210232.0,7.0,0.0,51.0,5.0,0.0,1800.0,0.0,5e-05,20000000.0,37824640.0,12084000.0,13882880.0,4204640.0,0.6827586206896552,0.6444444444444445
233,233.0,1.0,160.0,48.0,112.0,25.4,144.0,48.0,96.0,22.5,219904.0,68352.0,480048.0,145536.0,2.0,0.0,51.0,5.0,0.0,4340.0,0.0,5e-05,20000000.0,4398080.0,1367040.0,9600960.0,2910720.0,0.7,0.6666666666666666
234,234.0,1.0,160.0,48.0,112.0,25.99,81.0,27.0,54.0,27.0,892224.0,275552.0,935928.0,311976.0,4.0,0.0,51.0,5.0,0.0,430.0,0.0,5e-05,20000000.0,17844480.0,5511040.0,18718560.0,6239520.0,0.7,0.6666666666666666
235,235.0,1.0,160.0,48.0,112.0,26.3,144.0,48.0,96.0,24.0,226560.0,70016.0,575616.0,145536.0,2.0,0.0,51.0,5.0,0.0,1830.0,0.0,5e-05,20000000.0,4531200.0,1400320.0,11512320.0,2910720.0,0.7,0.6666666666666666
236,236.0,1.0,160.0,48.0,112.0,25.81,81.0,27.0,54.0,27.0,830272.0,260064.0,935928.0,311976.0,4.0,0.0,51.0,5.0,0.0,740.0,0.0,5e-05,20000000.0,16605440.0,5201280.0,18718560.0,6239520.0,0.7,0.6666666666666666
237,237.0,1.0,160.0,48.0,112.0,25.99,81.0,27.0,54.0,27.0,892224.0,275552.0,935928.0,311976.0,4.0,0.0,51.0,5.0,0.0,50.0,0.0,5e-05,20000000.0,17844480.0,5511040.0,18718560.0,6239520.0,0.7,0.6666666666666666
238,238.0,1.0,160.0,60.0,100.0,23.11,81.0,27.0,54.0,27.0,655240.0,238296.0,935928.0,311976.0,4.0,0.0,51.0,5.0,0.0,730.0,0.0,5e-05,20000000.0,13104800.0,4765920.0,18718560.0,6239520.0,0.625,0.6666666666666666
239,239.0,1.0,160.0,48.0,112.0,24.9,144.0,56.0,88.0,15.83,226560.0,70016.0,193344.0,59744.0,2.0,0.0,51.0,5.0,0.0,5000.0,0.0,5e-05,20000000.0,4531200.0,1400320.0,3866880.0,1194880.0,0.7,0.6111111111111112
240,240.0,1.0,145.0,45.0,100.0,25.77,45.0,15.0,30.0,27.0,2069472.0,656512.0,1099368.0,366456.0,7.0,0.0,51.0,5.0,0.0,4160.0,0.0,5e-05,20000000.0,41389440.0,13130240.0,21987360.0,7329120.0,0.6896551724137931,0.6666666666666666
241,241.0,1.0,160.0,52.0,108.0,15.76,81.0,28.0,53.0,18.74,307880.0,92648.0,493416.0,171984.0,4.0,0.0,51.0,5.0,0.0,4930.0,0.0,5e-05,20000000.0,6157600.0,1852960.0,9868320.0,3439680.0,0.675,0.654320987654321
242,242.0,1.0,80.0,24.0,56.0,22.3,18.0,6.0,12.0,27.0,1535608.0,492104.0,1069776.0,356592.0,14.0,0.0,51.0,5.0,0.0,4980.0,0.0,5e-05,20000000.0,30712160.0,9842080.0,21395520.0,7131840.0,0.7,0.6666666666666666
243,243.0,1.0,160.0,61.0,99.0,20.8,144.0,48.0,96.0,24.0,168448.0,43456.0,575616.0,145536.0,2.0,0.0,51.0,5.0,0.0,2480.0,0.0,5e-05,20000000.0,3368960.0,869120.0,11512320.0,2910720.0,0.61875,0.6666666666666666
244,244.0,1.0,145.0,45.0,100.0,26.28,45.0,15.0,30.0,27.0,2182272.0,688992.0,1099368.0,366456.0,7.0,0.0,51.0,5.0,0.0,210.0,0.0,5e-05,20000000.0,43645440.0,13779840.0,21987360.0,7329120.0,0.6896551724137931,0.6666666666666666
245,245.0,1.0,160.0,48.0,112.0,25.99,81.0,27.0,54.0,27.0,892224.0,275552.0,935928.0,311976.0,4.0,0.0,51.0,5.0,0.0,420.0,0.0,5e-05,20000000.0,17844480.0,5511040.0,18718560.0,6239520.0,0.7,0.6666666666666666
246,246.0,1.0,145.0,44.0,101.0,25.27,45.0,15.0,30.0,24.0,2052352.0,638584.0,932208.0,275424.0,7.0,0.0,51.0,5.0,0.0,1670.0,0.0,5e-05,20000000.0,41047040.0,12771680.0,18644160.0,5508480.0,0.696551724137931,0.6666666666666666
247,247.0,1.0,80.0,25.0,55.0,25.66,18.0,6.0,12.0,27.0,2174592.0,683032.0,1069776.0,356592.0,14.0,0.0,51.0,5.0,0.0,560.0,0.0,5e-05,20000000.0,43491840.0,13660640.0,21395520.0,7131840.0,0.6875,0.6666666666666666
248,248.0,1.0,80.0,25.0,55.0,24.69,18.0,6.0,12.0,24.0,2378016.0,669864.0,954640.0,241456.0,14.0,0.0,51.0,5.0,0.0,1890.0,0.0,5e-05,20000000.0,47560320.0,13397280.0,19092800.0,4829120.0,0.6875,0.6666666666666666
249,249.0,1.0,160.0,48.0,112.0,26.12,81.0,27.0,54.0,24.0,892224.0,275552.0,706952.0,202184.0,4.0,0.0,51.0,5.0,0.0,2110.0,0.0,5e-05,20000000.0,17844480.0,5511040.0,14139040.0,4043680.0,0.7,0.6666666666666666
250,250.0,1.0,145.0,46.0,99.0,26.06,45.0,15.0,30.0,27.0,2120832.0,691560.0,1099368.0,366456.0,7.0,0.0,51.0,5.0,0.0,1260.0,0.0,5e-05,20000000.0,42416640.0,13831200.0,21987360.0,7329120.0,0.6827586206896552,0.6666666666666666
251,251.0,1.0,145.0,46.0,99.0,25.27,45.0,15.0,30.0,24.0,2052352.0,674440.0,626696.0,248288.0,7.0,0.0,51.0,5.0,0.0,3740.0,0.0,5e-05,20000000.0,41047040.0,13488800.0,12533920.0,4965760.0,0.6827586206896552,0.6666666666666666
252,252.0,1.0,145.0,46.0,99.0,9.27,45.0,15.0,30.0,3.73,590592.0,154920.0,39504.0,12864.0,7.0,0.0,51.0,5.0,0.0,4000.0,0.0,5e-05,20000000.0,11811840.0,3098400.0,790080.0,257280.0,0.6827586206896552,0.6666666666666666
253,253.0,1.0,160.0,48.0,112.0,25.4,144.0,52.0,92.0,20.25,219904.0,68352.0,349728.0,93952.0,2.0,0.0,51.0,5.0,0.0,3360.0,0.0,5e-05,20000000.0,4398080.0,1367040.0,6994560.0,1879040.0,0.7,0.6388888888888888
254,254.0,1.0,160.0,48.0,112.0,26.3,144.0,48.0,96.0,27.0,226560.0,70016.0,645120.0,215040.0,2.0,0.0,51.0,5.0,0.0,4580.0,0.0,5e-05,20000000.0,4531200.0,1400320.0,12902400.0,4300800.0,0.7,0.6666666666666666
255,255.0,1.0,80.0,25.0,55.0,24.61,18.0,6.0,12.0,27.0,1769336.0,591512.0,1069776.0,356592.0,14.0,0.0,51.0,5.0,0.0,2790.0,0.0,5e-05,20000000.0,35386720.0,11830240.0,21395520.0,7131840.0,0.6875,0.6666666666666666
256,256.0,1.0,80.0,25.0,55.0,24.11,18.0,6.0,12.0,27.0,1692312.0,572256.0,1069776.0,356592.0,14.0,0.0,51.0,5.0,0.0,2490.0,0.0,5e-05,20000000.0,33846240.0,11445120.0,21395520.0,7131840.0,0.6875,0.6666666666666666
257,257.0,1.0,160.0,48.0,112.0,26.04,81.0,27.0,54.0,27.0,892224.0,275552.0,935928.0,311976.0,4.0,0.0,51.0,5.0,0.0,4460.0,0.0,5e-05,20000000.0,17844480.0,5511040.0,18718560.0,6239520.0,0.7,0.6666666666666666
258,258.0,1.0,80.0,25.0,55.0,26.0,18.0,6.0,12.0,27.0,2292120.0,722208.0,1069776.0,356592.0,14.0,0.0,51.0,5.0,0.0,30.0,0.0,5e-05,20000000.0,45842400.0,14444160.0,21395520.0,7131840.0,0.6875,0.6666666666666666
259,259.0,1.0,160.0,48.0,112.0,26.2,144.0,64.0,80.0,21.0,219904.0,68352.0,506112.0,147712.0,2.0,0.0,51.0,5.0,0.0,200.0,0.0,5e-05,20000000.0,4398080.0,1367040.0,10122240.0,2954240.0,0.7,0.5555555555555556
260,260.0,1.0,145.0,45.0,100.0,25.34,45.0,15.0,30.0,24.0,2113792.0,620512.0,981200.0,248288.0,7.0,0.0,51.0,5.0,0.0,1830.0,0.0,5e-05,20000000.0,42275840.0,12410240.0,19624000.0,4965760.0,0.6896551724137931,0.6666666666666666
261,261.0,1.0,80.0,24.0,56.0,25.8,18.0,6.0,12.0,27.0,2399416.0,708056.0,1069776.0,356592.0,14.0,0.0,51.0,5.0,0.0,3630.0,0.0,5e-05,20000000.0,47988320.0,14161120.0,21395520.0,7131840.0,0.7,0.6666666666666666
262,262.0,1.0,160.0,48.0,112.0,25.38,81.0,27.0,54.0,23.0,892224.0,275552.0,628680.0,162456.0,4.0,0.0,51.0,5.0,0.0,2700.0,0.0,5e-05,20000000.0,17844480.0,5511040.0,12573600.0,3249120.0,0.7,0.6666666666666666
263,263.0,1.0,160.0,48.0,112.0,26.0,81.0,36.0,45.0,21.0,865984.0,268992.0,734536.0,214576.0,4.0,0.0,51.0,5.0,0.0,200.0,0.0,5e-05,20000000.0,17319680.0,5379840.0,14690720.0,4291520.0,0.7,0.5555555555555556
264,264.0,1.0,145.0,45.0,100.0,24.94,45.0,15.0,30.0,24.0,2035232.0,588032.0,981200.0,248288.0,7.0,0.0,51.0,5.0,0.0,3660.0,0.0,5e-05,20000000.0,40704640.0,11760640.0,19624000.0,4965760.0,0.6896551724137931,0.6666666666666666
265,265.0,1.0,160.0,70.0,90.0,12.08,81.0,30.0,51.0,12.6,348856.0,139960.0,179568.0,71264.0,4.0,0.0,51.0,5.0,0.0,3410.0,0.0,5e-05,20000000.0,6977120.0,2799200.0,3591360.0,1425280.0,0.5625,0.6296296296296297
266,266.0,1.0,160.0,48.0,112.0,25.99,81.0,27.0,54.0,24.0,892224.0,275552.0,835232.0,211280.0,4.0,0.0,51.0,5.0,0.0,4590.0,0.0,5e-05,20000000.0,17844480.0,5511040.0,16704640.0,4225600.0,0.7,0.6666666666666666
267,267.0,1.0,145.0,45.0,100.0,24.31,45.0,15.0,30.0,27.0,1436032.0,502432.0,1099368.0,366456.0,7.0,0.0,51.0,5.0,0.0,3580.0,0.0,5e-05,20000000.0,28720640.0,10048640.0,21987360.0,7329120.0,0.6896551724137931,0.6666666666666666
268,268.0,1.0,80.0,25.0,55.0,24.86,18.0,6.0,12.0,24.0,2378016.0,669864.0,954640.0,241456.0,14.0,0.0,51.0,5.0,0.0,1770.0,0.0,5e-05,20000000.0,47560320.0,13397280.0,19092800.0,4829120.0,0.6875,0.6666666666666666
269,269.0,1.0,80.0,25.0,55.0,26.21,18.0,6.0,12.0,27.0,2476440.0,768288.0,1069776.0,356592.0,14.0,0.0,51.0,5.0,0.0,1980.0,0.0,5e-05,20000000.0,49528800.0,15365760.0,21395520.0,7131840.0,0.6875,0.6666666666666666
270,270.0,1.0,160.0,53.0,107.0,23.29,81.0,27.0,54.0,20.36,718224.0,202960.0,492416.0,162456.0,4.0,0.0,51.0,5.0,0.0,4210.0,0.0,5e-05,20000000.0,14364480.0,4059200.0,9848320.0,3249120.0,0.66875,0.6666666666666666
271,271.0,1.0,80.0,25.0,55.0,23.56,18.0,6.0,12.0,21.0,2003424.0,571440.0,609232.0,241456.0,14.0,0.0,51.0,5.0,0.0,3110.0,0.0,5e-05,20000000.0,40068480.0,11428800.0,12184640.0,4829120.0,0.6875,0.6666666666666666
272,272.0,1.0,160.0,48.0,112.0,26.08,81.0,27.0,54.0,27.0,892224.0,275552.0,935928.0,311976.0,4.0,0.0,51.0,5.0,0.0,2170.0,0.0,5e-05,20000000.0,17844480.0,5511040.0,18718560.0,6239520.0,0.7,0.6666666666666666
273,273.0,1.0,160.0,48.0,112.0,25.95,81.0,27.0,54.0,27.0,892224.0,275552.0,935928.0,311976.0,4.0,0.0,51.0,5.0,0.0,310.0,0.0,5e-05,20000000.0,17844480.0,5511040.0,18718560.0,6239520.0,0.7,0.6666666666666666
274,274.0,1.0,160.0,48.0,112.0,25.91,81.0,27.0,54.0,27.0,892224.0,275552.0,935928.0,311976.0,4.0,0.0,51.0,5.0,0.0,2880.0,0.0,5e-05,20000000.0,17844480.0,5511040.0,18718560.0,6239520.0,0.7,0.6666666666666666
275,275.0,1.0,80.0,24.0,56.0,20.1,18.0,6.0,12.0,15.0,1222200.0,413752.0,148688.0,126320.0,14.0,0.0,51.0,5.0,0.0,3700.0,0.0,5e-05,20000000.0,24444000.0,8275040.0,2973760.0,2526400.0,0.7,0.6666666666666666
276,276.0,1.0,160.0,63.0,97.0,23.6,144.0,48.0,96.0,27.0,196008.0,69368.0,645120.0,215040.0,2.0,0.0,51.0,5.0,0.0,970.0,0.0,5e-05,20000000.0,3920160.0,1387360.0,12902400.0,4300800.0,0.60625,0.6666666666666666
277,277.0,1.0,160.0,63.0,97.0,16.92,144.0,52.0,92.0,19.5,105736.0,32328.0,401856.0,111328.0,2.0,0.0,51.0,5.0,0.0,4130.0,0.0,5e-05,20000000.0,2114720.0,646560.0,8037120.0,2226560.0,0.60625,0.6388888888888888
278,278.0,1.0,160.0,62.0,98.0,21.55,144.0,48.0,96.0,27.0,152368.0,56384.0,645120.0,215040.0,2.0,0.0,51.0,5.0,0.0,3940.0,0.0,5e-05,20000000.0,3047360.0,1127680.0,12902400.0,4300800.0,0.6125,0.6666666666666666
279,279.0,1.0,145.0,45.0,100.0,26.28,45.0,15.0,30.0,27.0,2182272.0,688992.0,1099368.0,366456.0,7.0,0.0,51.0,5.0,0.0,3090.0,0.0,5e-05,20000000.0,43645440.0,13779840.0,21987360.0,7329120.0,0.6896551724137931,0.6666666666666666
280,280.0,1.0,145.0,46.0,99.0,26.28,45.0,15.0,30.0,27.0,2182272.0,706920.0,1099368.0,366456.0,7.0,0.0,51.0,5.0,0.0,450.0,0.0,5e-05,20000000.0,43645440.0,14138400.0,21987360.0,7329120.0,0.6827586206896552,0.6666666666666666
281,281.0,1.0,145.0,45.0,100.0,25.06,45.0,15.0,30.0,24.0,2035232.0,588032.0,981200.0,248288.0,7.0,0.0,51.0,5.0,0.0,1590.0,0.0,5e-05,20000000.0,40704640.0,11760640.0,19624000.0,4965760.0,0.6896551724137931,0.6666666666666666
282,282.0,1.0,145.0,45.0,100.0,19.62,45.0,15.0,30.0,20.51,1053248.0,278336.0,518064.0,132504.0,7.0,0.0,51.0,5.0,0.0,4060.0,0.0,5e-05,20000000.0,21064960.0,5566720.0,10361280.0,2650080.0,0.6896551724137931,0.6666666666666666
283,283.0,1.0,160.0,48.0,112.0,26.3,144.0,48.0,96.0,27.0,226560.0,70016.0,645120.0,215040.0,2.0,0.0,51.0,5.0,0.0,1990.0,0.0,5e-05,20000000.0,4531200.0,1400320.0,12902400.0,4300800.0,0.7,0.6666666666666666
284,284.0,1.0,160.0,57.0,103.0,23.5,144.0,48.0,96.0,27.0,182920.0,57672.0,645120.0,215040.0,2.0,0.0,51.0,5.0,0.0,4150.0,0.0,5e-05,20000000.0,3658400.0,1153440.0,12902400.0,4300800.0,0.64375,0.6666666666666666
285,285.0,1.0,160.0,48.0,112.0,26.3,144.0,48.0,96.0,27.0,226560.0,70016.0,645120.0,215040.0,2.0,0.0,51.0,5.0,0.0,2760.0,0.0,5e-05,20000000.0,4531200.0,1400320.0,12902400.0,4300800.0,0.7,0.6666666666666666
286,286.0,1.0,160.0,48.0,112.0,26.3,144.0,48.0,96.0,27.0,226560.0,70016.0,645120.0,215040.0,2.0,0.0,51.0,5.0,0.0,550.0,0.0,5e-05,20000000.0,4531200.0,1400320.0,12902400.0,4300800.0,0.7,0.6666666666666666
287,287.0,1.0,145.0,45.0,100.0,21.18,45.0,15.0,30.0,23.4,1360512.0,483552.0,626696.0,248288.0,7.0,0.0,51.0,5.0,0.0,4740.0,0.0,5e-05,20000000.0,27210240.0,9671040.0,12533920.0,4965760.0,0.6896551724137931,0.6666666666666666
288,288.0,1.0,160.0,48.0,112.0,26.2,144.0,48.0,96.0,27.0,219904.0,68352.0,645120.0,215040.0,2.0,0.0,51.0,5.0,0.0,1570.0,0.0,5e-05,20000000.0,4398080.0,1367040.0,12902400.0,4300800.0,0.7,0.6666666666666666
289,289.0,1.0,80.0,25.0,55.0,21.55,18.0,6.0,12.0,27.0,1611664.0,493088.0,1069776.0,356592.0,14.0,0.0,51.0,5.0,0.0,4990.0,0.0,5e-05,20000000.0,32233280.0,9861760.0,21395520.0,7131840.0,0.6875,0.6666666666666666
290,290.0,1.0,145.0,51.0,94.0,22.97,45.0,15.0,30.0,27.0,1692832.0,575760.0,1099368.0,366456.0,7.0,0.0,51.0,5.0,0.0,1640.0,0.0,5e-05,20000000.0,33856640.0,11515200.0,21987360.0,7329120.0,0.6482758620689655,0.6666666666666666
291,291.0,1.0,160.0,48.0,112.0,25.99,81.0,27.0,54.0,27.0,892224.0,275552.0,935928.0,311976.0,4.0,0.0,51.0,5.0,0.0,350.0,0.0,5e-05,20000000.0,17844480.0,5511040.0,18718560.0,6239520.0,0.7,0.6666666666666666
292,292.0,1.0,80.0,24.0,56.0,25.22,18.0,6.0,12.0,24.0,2379344.0,687984.0,954640.0,241456.0,14.0,0.0,51.0,5.0,0.0,3540.0,0.0,5e-05,20000000.0,47586880.0,13759680.0,19092800.0,4829120.0,0.7,0.6666666666666666
293,293.0,1.0,160.0,48.0,112.0,25.95,81.0,27.0,54.0,27.0,865984.0,268992.0,935928.0,311976.0,4.0,0.0,51.0,5.0,0.0,1440.0,0.0,5e-05,20000000.0,17319680.0,5379840.0,18718560.0,6239520.0,0.7,0.6666666666666666
294,294.0,1.0,160.0,56.0,104.0,23.21,81.0,27.0,54.0,22.78,741744.0,227536.0,541464.0,213360.0,4.0,0.0,51.0,5.0,0.0,2900.0,0.0,5e-05,20000000.0,14834880.0,4550720.0,10829280.0,4267200.0,0.65,0.6666666666666666
295,295.0,1.0,160.0,48.0,112.0,26.2,144.0,48.0,96.0,27.0,219904.0,68352.0,645120.0,215040.0,2.0,0.0,51.0,5.0,0.0,1230.0,0.0,5e-05,20000000.0,4398080.0,1367040.0,12902400.0,4300800.0,0.7,0.6666666666666666
296,296.0,1.0,145.0,45.0,100.0,26.17,45.0,15.0,30.0,27.0,2120832.0,673632.0,1099368.0,366456.0,7.0,0.0,51.0,5.0,0.0,3960.0,0.0,5e-05,20000000.0,42416640.0,13472640.0,21987360.0,7329120.0,0.6896551724137931,0.6666666666666666
297,297.0,1.0,160.0,48.0,112.0,25.99,81.0,27.0,54.0,27.0,892224.0,275552.0,935928.0,311976.0,4.0,0.0,51.0,5.0,0.0,510.0,0.0,5e-05,20000000.0,17844480.0,5511040.0,18718560.0,6239520.0,0.7,0.6666666666666666
298,298.0,1.0,145.0,50.0,95.0,24.19,45.0,19.0,26.0,21.0,1788992.0,603272.0,824968.0,238696.0,7.0,0.0,51.0,5.0,0.0,800.0,0.0,5e-05,20000000.0,35779840.0,12065440.0,16499360.0,4773920.0,0.6551724137931034,0.5777777777777777
299,299.0,1.0,160.0,48.0,112.0,26.0,81.0,27.0,54.0,27.0,865984.0,268992.0,935928.0,311976.0,4.0,0.0,51.0,5.0,0.0,170.0,0.0,5e-05,20000000.0,17319680.0,5379840.0,18718560.0,6239520.0,0.7,0.6666666666666666
300,300.0,1.0,160.0,52.0,108.0,19.21,81.0,27.0,54.0,20.69,524920.0,185320.0,457920.0,162456.0,4.0,0.0,51.0,5.0,0.0,4080.0,0.0,5e-05,20000000.0,10498400.0,3706400.0,9158400.0,3249120.0,0.675,0.6666666666666666
301,301.0,1.0,160.0,56.0,104.0,20.05,144.0,71.0,73.0,14.85,155584.0,56000.0,323664.0,131288.0,2.0,0.0,51.0,5.0,0.0,4670.0,0.0,5e-05,20000000.0,3111680.0,1120000.0,6473280.0,2625760.0,0.65,0.5069444444444444
302,302.0,1.0,160.0,55.0,105.0,20.8,144.0,48.0,96.0,21.11,168448.0,43072.0,303232.0,77440.0,2.0,0.0,51.0,5.0,0.0,4300.0,0.0,5e-05,20000000.0,3368960.0,861440.0,6064640.0,1548800.0,0.65625,0.6666666666666666
303,303.0,1.0,160.0,53.0,107.0,23.15,81.0,27.0,54.0,22.38,691696.0,196400.0,615056.0,202184.0,4.0,0.0,51.0,5.0,0.0,3910.0,0.0,5e-05,20000000.0,13833920.0,3928000.0,12301120.0,4043680.0,0.66875,0.6666666666666666
304,304.0,1.0,80.0,24.0,56.0,25.42,18.0,6.0,12.0,24.0,2379344.0,687984.0,954640.0,241456.0,14.0,0.0,51.0,5.0,0.0,3780.0,0.0,5e-05,20000000.0,47586880.0,13759680.0,19092800.0,4829120.0,0.7,0.6666666666666666
305,305.0,1.0,160.0,53.0,107.0,23.38,81.0,27.0,54.0,27.0,717360.0,202960.0,935928.0,311976.0,4.0,0.0,51.0,5.0,0.0,3230.0,0.0,5e-05,20000000.0,14347200.0,4059200.0,18718560.0,6239520.0,0.66875,0.6666666666666666
306,306.0,1.0,160.0,59.0,101.0,23.6,144.0,48.0,96.0,23.44,192792.0,62680.0,536520.0,145536.0,2.0,0.0,51.0,5.0,0.0,2210.0,0.0,5e-05,20000000.0,3855840.0,1253600.0,10730400.0,2910720.0,0.63125,0.6666666666666666
307,307.0,1.0,80.0,24.0,56.0,26.2,18.0,6.0,12.0,27.0,2399416.0,708056.0,1069776.0,356592.0,14.0,0.0,51.0,5.0,0.0,1270.0,0.0,5e-05,20000000.0,47988320.0,14161120.0,21395520.0,7131840.0,0.7,0.6666666666666666
308,308.0,1.0,160.0,48.0,112.0,25.6,144.0,48.0,96.0,22.19,226560.0,70016.0,275056.0,102976.0,2.0,0.0,51.0,5.0,0.0,4700.0,0.0,5e-05,20000000.0,4531200.0,1400320.0,5501120.0,2059520.0,0.7,0.6666666666666666
309,309.0,1.0,145.0,46.0,99.0,25.28,45.0,15.0,30.0,24.0,2148032.0,672680.0,626696.0,248288.0,7.0,0.0,51.0,5.0,0.0,2680.0,0.0,5e-05,20000000.0,42960640.0,13453600.0,12533920.0,4965760.0,0.6827586206896552,0.6666666666666666
310,310.0,1.0,80.0,25.0,55.0,19.25,18.0,6.0,12.0,12.22,1544872.0,447008.0,148688.0,126320.0,14.0,0.0,51.0,5.0,0.0,4030.0,0.0,5e-05,20000000.0,30897440.0,8940160.0,2973760.0,2526400.0,0.6875,0.6666666666666666
311,311.0,1.0,160.0,48.0,112.0,26.3,144.0,62.0,82.0,16.56,226560.0,70016.0,358416.0,108344.0,2.0,0.0,51.0,5.0,0.0,3120.0,0.0,5e-05,20000000.0,4531200.0,1400320.0,7168320.0,2166880.0,0.7,0.5694444444444444
312,312.0,1.0,160.0,48.0,112.0,26.08,81.0,27.0,54.0,27.0,892224.0,275552.0,935928.0,311976.0,4.0,0.0,51.0,5.0,0.0,1960.0,0.0,5e-05,20000000.0,17844480.0,5511040.0,18718560.0,6239520.0,0.7,0.6666666666666666
313,313.0,1.0,145.0,45.0,100.0,23.26,45.0,15.0,30.0,24.11,1772288.0,500896.0,636232.0,250672.0,7.0,0.0,51.0,5.0,0.0,4450.0,0.0,5e-05,20000000.0,35445760.0,10017920.0,12724640.0,5013440.0,0.6896551724137931,0.6666666666666666
314,314.0,1.0,145.0,46.0,99.0,26.28,45.0,15.0,30.0,27.0,2182272.0,706920.0,1099368.0,366456.0,7.0,0.0,51.0,5.0,0.0,270.0,0.0,5e-05,20000000.0,43645440.0,14138400.0,21987360.0,7329120.0,0.6827586206896552,0.6666666666666666
315,315.0,1.0,145.0,45.0,100.0,25.46,45.0,15.0,30.0,24.0,2165152.0,671872.0,1009608.0,275424.0,7.0,0.0,51.0,5.0,0.0,340.0,0.0,5e-05,20000000.0,43303040.0,13437440.0,20192160.0,5508480.0,0.6896551724137931,0.6666666666666666
316,316.0,1.0,160.0,48.0,112.0,26.0,144.0,53.0,91.0,16.33,212224.0,66432.0,341040.0,98432.0,2.0,0.0,51.0,5.0,0.0,4530.0,0.0,5e-05,20000000.0,4244480.0,1328640.0,6820800.0,1968640.0,0.7,0.6319444444444444
317,317.0,1.0,80.0,25.0,55.0,26.0,18.0,6.0,12.0,27.0,2292120.0,722208.0,1069776.0,356592.0,14.0,0.0,51.0,5.0,0.0,620.0,0.0,5e-05,20000000.0,45842400.0,14444160.0,21395520.0,7131840.0,0.6875,0.6666666666666666
318,318.0,1.0,160.0,59.0,101.0,22.52,144.0,48.0,96.0,27.0,162376.0,59096.0,645120.0,215040.0,2.0,0.0,51.0,5.0,0.0,2980.0,0.0,5e-05,20000000.0,3247520.0,1181920.0,12902400.0,4300800.0,0.63125,0.6666666666666666
319,319.0,1.0,160.0,57.0,103.0,22.72,81.0,31.0,50.0,19.41,742776.0,229208.0,356336.0,106968.0,4.0,0.0,51.0,5.0,0.0,2720.0,0.0,5e-05,20000000.0,14855520.0,4584160.0,7126720.0,2139360.0,0.64375,0.6172839506172839
320,320.0,1.0,145.0,45.0,100.0,19.06,45.0,15.0,30.0,18.78,1292032.0,397952.0,508528.0,130120.0,7.0,0.0,51.0,5.0,0.0,4370.0,0.0,5e-05,20000000.0,25840640.0,7959040.0,10170560.0,2602400.0,0.6896551724137931,0.6666666666666666
321,321.0,1.0,160.0,60.0,100.0,22.62,144.0,48.0,96.0,27.0,167200.0,60768.0,645120.0,215040.0,2.0,0.0,51.0,5.0,0.0,2970.0,0.0,5e-05,20000000.0,3344000.0,1215360.0,12902400.0,4300800.0,0.625,0.6666666666666666
322,322.0,1.0,160.0,48.0,112.0,25.9,81.0,27.0,54.0,24.0,865984.0,268992.0,835232.0,211280.0,4.0,0.0,51.0,5.0,0.0,4890.0,0.0,5e-05,20000000.0,17319680.0,5379840.0,16704640.0,4225600.0,0.7,0.6666666666666666
323,323.0,1.0,160.0,48.0,112.0,26.2,144.0,48.0,96.0,21.11,219904.0,68352.0,303232.0,77440.0,2.0,0.0,51.0,5.0,0.0,3300.0,0.0,5e-05,20000000.0,4398080.0,1367040.0,6064640.0,1548800.0,0.7,0.6666666666666666
324,324.0,1.0,160.0,55.0,105.0,17.04,81.0,41.0,40.0,9.54,467568.0,170120.0,186280.0,79176.0,4.0,0.0,51.0,5.0,0.0,3400.0,0.0,5e-05,20000000.0,9351360.0,3402400.0,3725600.0,1583520.0,0.65625,0.4938271604938271
325,325.0,1.0,160.0,48.0,112.0,26.12,81.0,27.0,54.0,24.0,892224.0,275552.0,835232.0,211280.0,4.0,0.0,51.0,5.0,0.0,1120.0,0.0,5e-05,20000000.0,17844480.0,5511040.0,16704640.0,4225600.0,0.7,0.6666666666666666
326,326.0,1.0,80.0,25.0,55.0,24.89,18.0,6.0,12.0,24.0,2085136.0,630632.0,609232.0,241456.0,14.0,0.0,51.0,5.0,0.0,2500.0,0.0,5e-05,20000000.0,41702720.0,12612640.0,12184640.0,4829120.0,0.6875,0.6666666666666666
327,327.0,1.0,160.0,48.0,112.0,26.08,81.0,27.0,54.0,24.0,892224.0,275552.0,835232.0,211280.0,4.0,0.0,51.0,5.0,0.0,3840.0,0.0,5e-05,20000000.0,17844480.0,5511040.0,16704640.0,4225600.0,0.7,0.6666666666666666
328,328.0,1.0,145.0,44.0,101.0,25.27,45.0,15.0,30.0,24.0,2052352.0,638584.0,930840.0,275424.0,7.0,0.0,51.0,5.0,0.0,1690.0,0.0,5e-05,20000000.0,41047040.0,12771680.0,18616800.0,5508480.0,0.696551724137931,0.6666666666666666
329,329.0,1.0,145.0,45.0,100.0,26.28,45.0,15.0,30.0,27.0,2182272.0,688992.0,1099368.0,366456.0,7.0,0.0,51.0,5.0,0.0,1870.0,0.0,5e-05,20000000.0,43645440.0,13779840.0,21987360.0,7329120.0,0.6896551724137931,0.6666666666666666
330,330.0,1.0,80.0,25.0,55.0,26.0,18.0,6.0,12.0,27.0,2292120.0,722208.0,1069776.0,356592.0,14.0,0.0,51.0,5.0,0.0,580.0,0.0,5e-05,20000000.0,45842400.0,14444160.0,21395520.0,7131840.0,0.6875,0.6666666666666666
331,331.0,1.0,80.0,25.0,55.0,21.82,18.0,6.0,12.0,24.0,1375640.0,493088.0,609232.0,241456.0,14.0,0.0,51.0,5.0,0.0,3220.0,0.0,5e-05,20000000.0,27512800.0,9861760.0,12184640.0,4829120.0,0.6875,0.6666666666666666
332,332.0,1.0,160.0,48.0,112.0,26.2,144.0,48.0,96.0,27.0,219904.0,68352.0,645120.0,215040.0,2.0,0.0,51.0,5.0,0.0,1250.0,0.0,5e-05,20000000.0,4398080.0,1367040.0,12902400.0,4300800.0,0.7,0.6666666666666666
333,333.0,1.0,160.0,48.0,112.0,25.35,81.0,27.0,54.0,24.0,865984.0,268992.0,710888.0,193088.0,4.0,0.0,51.0,5.0,0.0,1350.0,0.0,5e-05,20000000.0,17319680.0,5379840.0,14217760.0,3861760.0,0.7,0.6666666666666666
334,334.0,1.0,160.0,48.0,112.0,26.3,144.0,48.0,96.0,27.0,226560.0,70016.0,645120.0,215040.0,2.0,0.0,51.0,5.0,0.0,2290.0,0.0,5e-05,20000000.0,4531200.0,1400320.0,12902400.0,4300800.0,0.7,0.6666666666666666
335,335.0,1.0,80.0,25.0,55.0,23.39,18.0,6.0,12.0,21.11,1908808.0,553696.0,496320.0,128544.0,14.0,0.0,51.0,5.0,0.0,3900.0,0.0,5e-05,20000000.0,38176160.0,11073920.0,9926400.0,2570880.0,0.6875,0.6666666666666666
336,336.0,1.0,80.0,25.0,55.0,19.79,18.0,6.0,12.0,21.22,1415880.0,473112.0,609232.0,241456.0,14.0,0.0,51.0,5.0,0.0,2310.0,0.0,5e-05,20000000.0,28317600.0,9462240.0,12184640.0,4829120.0,0.6875,0.6666666666666666
337,337.0,1.0,160.0,48.0,112.0,26.3,144.0,48.0,96.0,24.0,226560.0,70016.0,575616.0,145536.0,2.0,0.0,51.0,5.0,0.0,3190.0,0.0,5e-05,20000000.0,4531200.0,1400320.0,11512320.0,2910720.0,0.7,0.6666666666666666
338,338.0,1.0,80.0,24.0,56.0,26.2,18.0,6.0,12.0,27.0,2399416.0,708056.0,1069776.0,356592.0,14.0,0.0,51.0,5.0,0.0,1170.0,0.0,5e-05,20000000.0,47988320.0,14161120.0,21395520.0,7131840.0,0.7,0.6666666666666666
339,339.0,1.0,80.0,25.0,55.0,10.32,18.0,6.0,12.0,4.0,845312.0,217888.0,33552.0,11184.0,14.0,0.0,51.0,5.0,0.0,2000.0,0.0,5e-05,20000000.0,16906240.0,4357760.0,671040.0,223680.0,0.6875,0.6666666666666666
340,340.0,1.0,160.0,48.0,112.0,26.2,144.0,48.0,96.0,27.0,219904.0,68352.0,645120.0,215040.0,2.0,0.0,51.0,5.0,0.0,1470.0,0.0,5e-05,20000000.0,4398080.0,1367040.0,12902400.0,4300800.0,0.7,0.6666666666666666
341,341.0,1.0,80.0,25.0,55.0,26.04,18.0,6.0,12.0,27.0,2476440.0,768288.0,1069776.0,356592.0,14.0,0.0,51.0,5.0,0.0,1130.0,0.0,5e-05,20000000.0,49528800.0,15365760.0,21395520.0,7131840.0,0.6875,0.6666666666666666
342,342.0,1.0,160.0,48.0,112.0,25.95,81.0,27.0,54.0,21.11,865984.0,268992.0,440768.0,112664.0,4.0,0.0,51.0,5.0,0.0,3300.0,0.0,5e-05,20000000.0,17319680.0,5379840.0,8815360.0,2253280.0,0.7,0.6666666666666666
343,343.0,1.0,160.0,48.0,112.0,26.04,81.0,27.0,54.0,27.0,892224.0,275552.0,935928.0,311976.0,4.0,0.0,51.0,5.0,0.0,880.0,0.0,5e-05,20000000.0,17844480.0,5511040.0,18718560.0,6239520.0,0.7,0.6666666666666666
344,344.0,1.0,80.0,25.0,55.0,16.52,18.0,6.0,12.0,18.0,1023416.0,336232.0,609232.0,241456.0,14.0,0.0,51.0,5.0,0.0,4810.0,0.0,5e-05,20000000.0,20468320.0,6724640.0,12184640.0,4829120.0,0.6875,0.6666666666666666
345,345.0,1.0,145.0,45.0,100.0,26.28,45.0,15.0,30.0,27.0,2182272.0,688992.0,1099368.0,366456.0,7.0,0.0,51.0,5.0,0.0,70.0,0.0,5e-05,20000000.0,43645440.0,13779840.0,21987360.0,7329120.0,0.6896551724137931,0.6666666666666666
346,346.0,1.0,160.0,52.0,108.0,20.46,81.0,27.0,54.0,24.0,461208.0,163080.0,576512.0,202184.0,4.0,0.0,51.0,5.0,0.0,4500.0,0.0,5e-05,20000000.0,9224160.0,3261600.0,11530240.0,4043680.0,0.675,0.6666666666666666
347,347.0,1.0,145.0,48.0,97.0,24.39,45.0,18.0,27.0,21.0,1795552.0,590456.0,772912.0,238264.0,7.0,0.0,51.0,5.0,0.0,1200.0,0.0,5e-05,20000000.0,35911040.0,11809120.0,15458240.0,4765280.0,0.6689655172413793,0.6
348,348.0,1.0,145.0,46.0,99.0,21.31,45.0,15.0,30.0,15.31,1515072.0,445960.0,508528.0,130120.0,7.0,0.0,51.0,5.0,0.0,4530.0,0.0,5e-05,20000000.0,30301440.0,8919200.0,10170560.0,2602400.0,0.6827586206896552,0.6666666666666666
349,349.0,1.0,160.0,48.0,112.0,25.6,144.0,56.0,88.0,21.94,226560.0,70016.0,423576.0,133592.0,2.0,0.0,51.0,5.0,0.0,2040.0,0.0,5e-05,20000000.0,4531200.0,1400320.0,8471520.0,2671840.0,0.7,0.6111111111111112
350,350.0,1.0,80.0,25.0,55.0,25.52,18.0,6.0,12.0,27.0,2341720.0,709760.0,1069776.0,356592.0,14.0,0.0,51.0,5.0,0.0,1440.0,0.0,5e-05,20000000.0,46834400.0,14195200.0,21395520.0,7131840.0,0.6875,0.6666666666666666
351,351.0,1.0,145.0,44.0,101.0,19.85,45.0,15.0,30.0,15.0,1367552.0,467384.0,669648.0,249168.0,7.0,0.0,51.0,5.0,0.0,4670.0,0.0,5e-05,20000000.0,27351040.0,9347680.0,13392960.0,4983360.0,0.696551724137931,0.6666666666666666
352,352.0,1.0,80.0,25.0,55.0,26.0,18.0,6.0,12.0,27.0,2292120.0,722208.0,1069776.0,356592.0,14.0,0.0,51.0,5.0,0.0,710.0,0.0,5e-05,20000000.0,45842400.0,14444160.0,21395520.0,7131840.0,0.6875,0.6666666666666666
353,353.0,1.0,160.0,48.0,112.0,26.08,81.0,27.0,54.0,27.0,892224.0,275552.0,935928.0,311976.0,4.0,0.0,51.0,5.0,0.0,1780.0,0.0,5e-05,20000000.0,17844480.0,5511040.0,18718560.0,6239520.0,0.7,0.6666666666666666
354,354.0,1.0,145.0,46.0,99.0,24.48,45.0,15.0,30.0,24.0,1908832.0,548680.0,981200.0,248288.0,7.0,0.0,51.0,5.0,0.0,590.0,0.0,5e-05,20000000.0,38176640.0,10973600.0,19624000.0,4965760.0,0.6827586206896552,0.6666666666666666
355,355.0,1.0,160.0,62.0,98.0,23.19,144.0,48.0,96.0,27.0,186136.0,66032.0,645120.0,215040.0,2.0,0.0,51.0,5.0,0.0,1520.0,0.0,5e-05,20000000.0,3722720.0,1320640.0,12902400.0,4300800.0,0.6125,0.6666666666666666
356,356.0,1.0,80.0,25.0,55.0,19.2,18.0,6.0,12.0,15.22,1840144.0,486184.0,494096.0,126320.0,14.0,0.0,51.0,5.0,0.0,4780.0,0.0,5e-05,20000000.0,36802880.0,9723680.0,9881920.0,2526400.0,0.6875,0.6666666666666666
357,357.0,1.0,145.0,45.0,100.0,24.68,45.0,15.0,30.0,27.0,1881152.0,536672.0,1099368.0,366456.0,7.0,0.0,51.0,5.0,0.0,3290.0,0.0,5e-05,20000000.0,37623040.0,10733440.0,21987360.0,7329120.0,0.6896551724137931,0.6666666666666666
358,358.0,1.0,160.0,54.0,106.0,20.92,144.0,48.0,96.0,24.0,136288.0,43008.0,471360.0,145536.0,2.0,0.0,51.0,5.0,0.0,4500.0,0.0,5e-05,20000000.0,2725760.0,860160.0,9427200.0,2910720.0,0.6625,0.6666666666666666
359,359.0,1.0,160.0,48.0,112.0,26.2,144.0,59.0,85.0,18.11,219904.0,68352.0,362760.0,116624.0,2.0,0.0,51.0,5.0,0.0,3930.0,0.0,5e-05,20000000.0,4398080.0,1367040.0,7255200.0,2332480.0,0.7,0.5902777777777778
360,360.0,1.0,80.0,24.0,56.0,25.36,18.0,6.0,12.0,27.0,2281888.0,668880.0,1069776.0,356592.0,14.0,0.0,51.0,5.0,0.0,4640.0,0.0,5e-05,20000000.0,45637760.0,13377600.0,21395520.0,7131840.0,0.7,0.6666666666666666
361,361.0,1.0,80.0,25.0,55.0,26.0,18.0,6.0,12.0,27.0,2292120.0,722208.0,1069776.0,356592.0,14.0,0.0,51.0,5.0,0.0,810.0,0.0,5e-05,20000000.0,45842400.0,14444160.0,21395520.0,7131840.0,0.6875,0.6666666666666666
362,362.0,1.0,160.0,58.0,102.0,21.81,144.0,48.0,96.0,24.0,149152.0,43264.0,575616.0,145536.0,2.0,0.0,51.0,5.0,0.0,4190.0,0.0,5e-05,20000000.0,2983040.0,865280.0,11512320.0,2910720.0,0.6375,0.6666666666666666
363,363.0,1.0,145.0,45.0,100.0,24.76,45.0,15.0,30.0,27.0,1915392.0,553792.0,1099368.0,366456.0,7.0,0.0,51.0,5.0,0.0,4150.0,0.0,5e-05,20000000.0,38307840.0,11075840.0,21987360.0,7329120.0,0.6896551724137931,0.6666666666666666
364,364.0,1.0,145.0,46.0,99.0,26.09,45.0,15.0,30.0,27.0,2165152.0,689800.0,1099368.0,366456.0,7.0,0.0,51.0,5.0,0.0,1080.0,0.0,5e-05,20000000.0,43303040.0,13796000.0,21987360.0,7329120.0,0.6827586206896552,0.6666666666666666
365,365.0,1.0,160.0,48.0,112.0,26.3,144.0,48.0,96.0,27.0,226560.0,70016.0,645120.0,215040.0,2.0,0.0,51.0,5.0,0.0,2080.0,0.0,5e-05,20000000.0,4531200.0,1400320.0,12902400.0,4300800.0,0.7,0.6666666666666666
366,366.0,1.0,145.0,48.0,97.0,24.12,45.0,15.0,30.0,27.0,1521632.0,539096.0,1099368.0,366456.0,7.0,0.0,51.0,5.0,0.0,2430.0,0.0,5e-05,20000000.0,30432640.0,10781920.0,21987360.0,7329120.0,0.6689655172413793,0.6666666666666666
367,367.0,1.0,160.0,48.0,112.0,25.95,81.0,27.0,54.0,27.0,865984.0,268992.0,935928.0,311976.0,4.0,0.0,51.0,5.0,0.0,240.0,0.0,5e-05,20000000.0,17319680.0,5379840.0,18718560.0,6239520.0,0.7,0.6666666666666666
368,368.0,1.0,80.0,24.0,56.0,20.96,18.0,6.0,12.0,9.67,1868120.0,550384.0,33552.0,11184.0,14.0,0.0,51.0,5.0,0.0,3720.0,0.0,5e-05,20000000.0,37362400.0,11007680.0,671040.0,223680.0,0.7,0.6666666666666666
369,369.0,1.0,145.0,45.0,100.0,26.28,45.0,15.0,30.0,27.0,2182272.0,688992.0,1099368.0,366456.0,7.0,0.0,51.0,5.0,0.0,1050.0,0.0,5e-05,20000000.0,43645440.0,13779840.0,21987360.0,7329120.0,0.6896551724137931,0.6666666666666666
370,370.0,1.0,160.0,48.0,112.0,24.9,144.0,53.0,91.0,18.9,226560.0,70016.0,288912.0,107120.0,2.0,0.0,51.0,5.0,0.0,4760.0,0.0,5e-05,20000000.0,4531200.0,1400320.0,5778240.0,2142400.0,0.7,0.6319444444444444
371,371.0,1.0,160.0,48.0,112.0,26.08,81.0,27.0,54.0,24.0,892224.0,275552.0,835232.0,211280.0,4.0,0.0,51.0,5.0,0.0,1950.0,0.0,5e-05,20000000.0,17844480.0,5511040.0,16704640.0,4225600.0,0.7,0.6666666666666666
372,372.0,1.0,160.0,48.0,112.0,26.2,144.0,48.0,96.0,24.0,219904.0,68352.0,575616.0,145536.0,2.0,0.0,51.0,5.0,0.0,3780.0,0.0,5e-05,20000000.0,4398080.0,1367040.0,11512320.0,2910720.0,0.7,0.6666666666666666
373,373.0,1.0,160.0,48.0,112.0,26.2,144.0,48.0,96.0,24.0,219904.0,68352.0,575616.0,145536.0,2.0,0.0,51.0,5.0,0.0,3240.0,0.0,5e-05,20000000.0,4398080.0,1367040.0,11512320.0,2910720.0,0.7,0.6666666666666666
374,374.0,1.0,160.0,57.0,103.0,23.25,81.0,27.0,54.0,27.0,743064.0,229208.0,935928.0,311976.0,4.0,0.0,51.0,5.0,0.0,2930.0,0.0,5e-05,20000000.0,14861280.0,4584160.0,18718560.0,6239520.0,0.64375,0.6666666666666666
375,375.0,1.0,160.0,60.0,100.0,23.6,144.0,48.0,96.0,27.0,181536.0,64352.0,645120.0,215040.0,2.0,0.0,51.0,5.0,0.0,2850.0,0.0,5e-05,20000000.0,3630720.0,1287040.0,12902400.0,4300800.0,0.625,0.6666666666666666
376,376.0,1.0,160.0,60.0,100.0,23.6,144.0,48.0,96.0,27.0,194400.0,64352.0,645120.0,215040.0,2.0,0.0,51.0,5.0,0.0,2150.0,0.0,5e-05,20000000.0,3888000.0,1287040.0,12902400.0,4300800.0,0.625,0.6666666666666666
377,377.0,1.0,145.0,46.0,99.0,25.43,45.0,15.0,30.0,24.0,1898272.0,623080.0,720400.0,261856.0,7.0,0.0,51.0,5.0,0.0,2410.0,0.0,5e-05,20000000.0,37965440.0,12461600.0,14408000.0,5237120.0,0.6827586206896552,0.6666666666666666
378,378.0,1.0,145.0,47.0,98.0,26.09,45.0,15.0,30.0,27.0,2165152.0,707728.0,1099368.0,366456.0,7.0,0.0,51.0,5.0,0.0,480.0,0.0,5e-05,20000000.0,43303040.0,14154560.0,21987360.0,7329120.0,0.6758620689655173,0.6666666666666666
379,379.0,1.0,145.0,45.0,100.0,26.17,45.0,15.0,30.0,27.0,2120832.0,673632.0,1099368.0,366456.0,7.0,0.0,51.0,5.0,0.0,2560.0,0.0,5e-05,20000000.0,42416640.0,13472640.0,21987360.0,7329120.0,0.6896551724137931,0.6666666666666666
380,380.0,1.0,80.0,24.0,56.0,26.2,18.0,6.0,12.0,27.0,2399416.0,708056.0,1069776.0,356592.0,14.0,0.0,51.0,5.0,0.0,1190.0,0.0,5e-05,20000000.0,47988320.0,14161120.0,21395520.0,7131840.0,0.7,0.6666666666666666
381,381.0,1.0,160.0,57.0,103.0,23.6,144.0,48.0,96.0,27.0,167064.0,59336.0,645120.0,215040.0,2.0,0.0,51.0,5.0,0.0,2790.0,0.0,5e-05,20000000.0,3341280.0,1186720.0,12902400.0,4300800.0,0.64375,0.6666666666666666
382,382.0,1.0,80.0,28.0,52.0,24.31,18.0,6.0,12.0,27.0,2097696.0,688336.0,1069776.0,356592.0,14.0,0.0,51.0,5.0,0.0,730.0,0.0,5e-05,20000000.0,41953920.0,13766720.0,21395520.0,7131840.0,0.65,0.6666666666666666
383,383.0,1.0,145.0,45.0,100.0,24.57,45.0,15.0,30.0,24.0,1983872.0,570912.0,981200.0,248288.0,7.0,0.0,51.0,5.0,0.0,4890.0,0.0,5e-05,20000000.0,39677440.0,11418240.0,19624000.0,4965760.0,0.6896551724137931,0.6666666666666666
384,384.0,1.0,160.0,60.0,100.0,14.18,81.0,29.0,52.0,17.27,332352.0,88040.0,448048.0,114904.0,4.0,0.0,51.0,5.0,0.0,3710.0,0.0,5e-05,20000000.0,6647040.0,1760800.0,8960960.0,2298080.0,0.625,0.6419753086419753
385,385.0,1.0,160.0,58.0,102.0,20.96,144.0,57.0,87.0,19.32,170056.0,59344.0,406200.0,133728.0,2.0,0.0,51.0,5.0,0.0,3760.0,0.0,5e-05,20000000.0,3401120.0,1186880.0,8124000.0,2674560.0,0.6375,0.6041666666666666
386,386.0,1.0,160.0,48.0,112.0,26.2,144.0,48.0,96.0,24.0,219904.0,68352.0,562584.0,145536.0,2.0,0.0,51.0,5.0,0.0,1500.0,0.0,5e-05,20000000.0,4398080.0,1367040.0,11251680.0,2910720.0,0.7,0.6666666666666666
387,387.0,1.0,160.0,48.0,112.0,26.12,81.0,27.0,54.0,27.0,892224.0,275552.0,935928.0,311976.0,4.0,0.0,51.0,5.0,0.0,110.0,0.0,5e-05,20000000.0,17844480.0,5511040.0,18718560.0,6239520.0,0.7,0.6666666666666666
388,388.0,1.0,145.0,45.0,100.0,26.06,45.0,15.0,30.0,27.0,2120832.0,673632.0,1099368.0,366456.0,7.0,0.0,51.0,5.0,0.0,3630.0,0.0,5e-05,20000000.0,42416640.0,13472640.0,21987360.0,7329120.0,0.6896551724137931,0.6666666666666666
389,389.0,1.0,160.0,50.0,110.0,20.18,81.0,28.0,53.0,14.65,691200.0,175456.0,150304.0,44408.0,4.0,0.0,51.0,5.0,0.0,4720.0,0.0,5e-05,20000000.0,13824000.0,3509120.0,3006080.0,888160.0,0.6875,0.654320987654321
390,390.0,1.0,145.0,45.0,100.0,24.07,45.0,15.0,30.0,27.0,1839872.0,517792.0,1099368.0,366456.0,7.0,0.0,51.0,5.0,0.0,4570.0,0.0,5e-05,20000000.0,36797440.0,10355840.0,21987360.0,7329120.0,0.6896551724137931,0.6666666666666666
391,391.0,1.0,160.0,48.0,112.0,25.38,81.0,27.0,54.0,24.0,892224.0,275552.0,671456.0,193088.0,4.0,0.0,51.0,5.0,0.0,2050.0,0.0,5e-05,20000000.0,17844480.0,5511040.0,13429120.0,3861760.0,0.7,0.6666666666666666
392,392.0,1.0,160.0,48.0,112.0,26.08,81.0,27.0,54.0,27.0,892224.0,275552.0,935928.0,311976.0,4.0,0.0,51.0,5.0,0.0,4940.0,0.0,5e-05,20000000.0,17844480.0,5511040.0,18718560.0,6239520.0,0.7,0.6666666666666666
393,393.0,1.0,160.0,48.0,112.0,26.0,81.0,27.0,54.0,27.0,865984.0,268992.0,935928.0,311976.0,4.0,0.0,51.0,5.0,0.0,1480.0,0.0,5e-05,20000000.0,17319680.0,5379840.0,18718560.0,6239520.0,0.7,0.6666666666666666
394,394.0,1.0,160.0,48.0,112.0,26.2,144.0,48.0,96.0,27.0,219904.0,68352.0,645120.0,215040.0,2.0,0.0,51.0,5.0,0.0,150.0,0.0,5e-05,20000000.0,4398080.0,1367040.0,12902400.0,4300800.0,0.7,0.6666666666666666
395,395.0,1.0,145.0,45.0,100.0,24.72,45.0,15.0,30.0,21.78,1812672.0,588032.0,720400.0,261856.0,7.0,0.0,51.0,5.0,0.0,4820.0,0.0,5e-05,20000000.0,36253440.0,11760640.0,14408000.0,5237120.0,0.6896551724137931,0.6666666666666666
396,396.0,1.0,80.0,25.0,55.0,26.21,18.0,6.0,12.0,27.0,2476440.0,768288.0,1069776.0,356592.0,14.0,0.0,51.0,5.0,0.0,930.0,0.0,5e-05,20000000.0,49528800.0,15365760.0,21395520.0,7131840.0,0.6875,0.6666666666666666
397,397.0,1.0,145.0,45.0,100.0,25.34,45.0,15.0,30.0,24.0,1839872.0,603392.0,720400.0,261856.0,7.0,0.0,51.0,5.0,0.0,4220.0,0.0,5e-05,20000000.0,36797440.0,12067840.0,14408000.0,5237120.0,0.6896551724137931,0.6666666666666666
398,398.0,1.0,145.0,45.0,100.0,22.5,45.0,15.0,30.0,27.0,1446112.0,500672.0,1099368.0,366456.0,7.0,0.0,51.0,5.0,0.0,3160.0,0.0,5e-05,20000000.0,28922240.0,10013440.0,21987360.0,7329120.0,0.6896551724137931,0.6666666666666666
399,399.0,1.0,160.0,60.0,100.0,22.06,81.0,27.0,54.0,22.69,717192.0,253784.0,618992.0,193088.0,4.0,0.0,51.0,5.0,0.0,2670.0,0.0,5e-05,20000000.0,14343840.0,5075680.0,12379840.0,3861760.0,0.625,0.6666666666666666
400,400.0,1.0,160.0,48.0,112.0,25.4,144.0,48.0,96.0,24.0,219904.0,68352.0,471360.0,145536.0,2.0,0.0,51.0,5.0,0.0,3740.0,0.0,5e-05,20000000.0,4398080.0,1367040.0,9427200.0,2910720.0,0.7,0.6666666666666666
401,401.0,1.0,145.0,47.0,98.0,25.99,45.0,15.0,30.0,27.0,2103712.0,692368.0,1099368.0,366456.0,7.0,0.0,51.0,5.0,0.0,1320.0,0.0,5e-05,20000000.0,42074240.0,13847360.0,21987360.0,7329120.0,0.6758620689655173,0.6666666666666666
402,402.0,1.0,160.0,56.0,104.0,23.25,81.0,27.0,54.0,27.0,715216.0,220976.0,935928.0,311976.0,4.0,0.0,51.0,5.0,0.0,2570.0,0.0,5e-05,20000000.0,14304320.0,4419520.0,18718560.0,6239520.0,0.65,0.6666666666666666
403,403.0,1.0,160.0,55.0,105.0,23.29,81.0,27.0,54.0,27.0,604384.0,212824.0,935928.0,311976.0,4.0,0.0,51.0,5.0,0.0,2850.0,0.0,5e-05,20000000.0,12087680.0,4256480.0,18718560.0,6239520.0,0.65625,0.6666666666666666
404,404.0,1.0,160.0,48.0,112.0,25.91,81.0,27.0,54.0,27.0,892224.0,275552.0,935928.0,311976.0,4.0,0.0,51.0,5.0,0.0,4880.0,0.0,5e-05,20000000.0,17844480.0,5511040.0,18718560.0,6239520.0,0.7,0.6666666666666666
405,405.0,1.0,160.0,48.0,112.0,25.25,81.0,27.0,54.0,24.0,865984.0,268992.0,671456.0,193088.0,4.0,0.0,51.0,5.0,0.0,1670.0,0.0,5e-05,20000000.0,17319680.0,5379840.0,13429120.0,3861760.0,0.7,0.6666666666666666
406,406.0,1.0,160.0,48.0,112.0,26.3,144.0,48.0,96.0,27.0,226560.0,70016.0,645120.0,215040.0,2.0,0.0,51.0,5.0,0.0,2280.0,0.0,5e-05,20000000.0,4531200.0,1400320.0,12902400.0,4300800.0,0.7,0.6666666666666666
407,407.0,1.0,145.0,48.0,97.0,23.12,45.0,15.0,30.0,22.8,1675712.0,504856.0,799168.0,261856.0,7.0,0.0,51.0,5.0,0.0,2510.0,0.0,5e-05,20000000.0,33514240.0,10097120.0,15983360.0,5237120.0,0.6689655172413793,0.6666666666666666
408,408.0,1.0,160.0,57.0,103.0,23.5,144.0,48.0,96.0,27.0,182920.0,57672.0,645120.0,215040.0,2.0,0.0,51.0,5.0,0.0,3560.0,0.0,5e-05,20000000.0,3658400.0,1153440.0,12902400.0,4300800.0,0.64375,0.6666666666666666
409,409.0,1.0,160.0,48.0,112.0,25.99,81.0,27.0,54.0,27.0,892224.0,275552.0,935928.0,311976.0,4.0,0.0,51.0,5.0,0.0,490.0,0.0,5e-05,20000000.0,17844480.0,5511040.0,18718560.0,6239520.0,0.7,0.6666666666666666
410,410.0,1.0,160.0,48.0,112.0,26.3,144.0,48.0,96.0,27.0,226560.0,70016.0,645120.0,215040.0,2.0,0.0,51.0,5.0,0.0,1070.0,0.0,5e-05,20000000.0,4531200.0,1400320.0,12902400.0,4300800.0,0.7,0.6666666666666666
411,411.0,1.0,160.0,55.0,105.0,21.93,81.0,27.0,54.0,27.0,542432.0,197336.0,935928.0,311976.0,4.0,0.0,51.0,5.0,0.0,2970.0,0.0,5e-05,20000000.0,10848640.0,3946720.0,18718560.0,6239520.0,0.65625,0.6666666666666666
412,412.0,1.0,160.0,48.0,112.0,26.2,144.0,48.0,96.0,27.0,219904.0,68352.0,645120.0,215040.0,2.0,0.0,51.0,5.0,0.0,1270.0,0.0,5e-05,20000000.0,4398080.0,1367040.0,12902400.0,4300800.0,0.7,0.6666666666666666
413,413.0,1.0,145.0,46.0,99.0,25.97,45.0,15.0,30.0,27.0,2028672.0,668520.0,1099368.0,366456.0,7.0,0.0,51.0,5.0,0.0,30.0,0.0,5e-05,20000000.0,40573440.0,13370400.0,21987360.0,7329120.0,0.6827586206896552,0.6666666666666666
414,414.0,1.0,160.0,56.0,104.0,19.99,81.0,28.0,53.0,18.05,479528.0,164200.0,374528.0,131960.0,4.0,0.0,51.0,5.0,0.0,3700.0,0.0,5e-05,20000000.0,9590560.0,3284000.0,7490560.0,2639200.0,0.65,0.654320987654321
415,415.0,1.0,160.0,48.0,112.0,25.99,81.0,27.0,54.0,27.0,892224.0,275552.0,935928.0,311976.0,4.0,0.0,51.0,5.0,0.0,480.0,0.0,5e-05,20000000.0,17844480.0,5511040.0,18718560.0,6239520.0,0.7,0.6666666666666666
416,416.0,1.0,145.0,45.0,100.0,26.17,45.0,15.0,30.0,27.0,2120832.0,673632.0,1099368.0,366456.0,7.0,0.0,51.0,5.0,0.0,1490.0,0.0,5e-05,20000000.0,42416640.0,13472640.0,21987360.0,7329120.0,0.6896551724137931,0.6666666666666666
417,417.0,1.0,145.0,45.0,100.0,23.8,45.0,15.0,30.0,24.0,1856992.0,534912.0,626696.0,248288.0,7.0,0.0,51.0,5.0,0.0,4690.0,0.0,5e-05,20000000.0,37139840.0,10698240.0,12533920.0,4965760.0,0.6896551724137931,0.6666666666666666
418,418.0,1.0,145.0,45.0,100.0,24.46,45.0,15.0,30.0,21.11,1775872.0,587392.0,163560.0,132504.0,7.0,0.0,51.0,5.0,0.0,4700.0,0.0,5e-05,20000000.0,35517440.0,11747840.0,3271200.0,2650080.0,0.6896551724137931,0.6666666666666666
419,419.0,1.0,160.0,48.0,112.0,26.2,144.0,48.0,96.0,27.0,219904.0,68352.0,645120.0,215040.0,2.0,0.0,51.0,5.0,0.0,1290.0,0.0,5e-05,20000000.0,4398080.0,1367040.0,12902400.0,4300800.0,0.7,0.6666666666666666
420,420.0,1.0,160.0,48.0,112.0,26.3,144.0,48.0,96.0,27.0,226560.0,70016.0,645120.0,215040.0,2.0,0.0,51.0,5.0,0.0,320.0,0.0,5e-05,20000000.0,4531200.0,1400320.0,12902400.0,4300800.0,0.7,0.6666666666666666
421,421.0,1.0,145.0,45.0,100.0,26.28,45.0,15.0,30.0,27.0,2182272.0,688992.0,1099368.0,366456.0,7.0,0.0,51.0,5.0,0.0,990.0,0.0,5e-05,20000000.0,43645440.0,13779840.0,21987360.0,7329120.0,0.6896551724137931,0.6666666666666666
422,422.0,1.0,80.0,25.0,55.0,22.29,18.0,6.0,12.0,15.67,1925072.0,532264.0,609232.0,241456.0,14.0,0.0,51.0,5.0,0.0,3200.0,0.0,5e-05,20000000.0,38501440.0,10645280.0,12184640.0,4829120.0,0.6875,0.6666666666666666
423,423.0,1.0,80.0,25.0,55.0,24.6,18.0,6.0,12.0,24.0,2378016.0,669864.0,954640.0,241456.0,14.0,0.0,51.0,5.0,0.0,2770.0,0.0,5e-05,20000000.0,47560320.0,13397280.0,19092800.0,4829120.0,0.6875,0.6666666666666666
424,424.0,1.0,80.0,25.0,55.0,17.77,18.0,6.0,12.0,15.22,1101408.0,414736.0,148688.0,126320.0,14.0,0.0,51.0,5.0,0.0,4730.0,0.0,5e-05,20000000.0,22028160.0,8294720.0,2973760.0,2526400.0,0.6875,0.6666666666666666
425,425.0,1.0,160.0,56.0,104.0,23.29,81.0,27.0,54.0,23.67,741456.0,227536.0,667520.0,202184.0,4.0,0.0,51.0,5.0,0.0,2810.0,0.0,5e-05,20000000.0,14829120.0,4550720.0,13350400.0,4043680.0,0.65,0.6666666666666666
426,426.0,1.0,80.0,25.0,55.0,21.41,18.0,6.0,12.0,12.33,1830912.0,533112.0,35776.0,13408.0,14.0,0.0,51.0,5.0,0.0,1710.0,0.0,5e-05,20000000.0,36618240.0,10662240.0,715520.0,268160.0,0.6875,0.6666666666666666
427,427.0,1.0,160.0,48.0,112.0,25.95,81.0,27.0,54.0,27.0,865984.0,268992.0,935928.0,311976.0,4.0,0.0,51.0,5.0,0.0,2440.0,0.0,5e-05,20000000.0,17319680.0,5379840.0,18718560.0,6239520.0,0.7,0.6666666666666666
428,428.0,1.0,160.0,60.0,100.0,20.9,144.0,48.0,96.0,24.0,154200.0,45056.0,510456.0,145536.0,2.0,0.0,51.0,5.0,0.0,2910.0,0.0,5e-05,20000000.0,3084000.0,901120.0,10209120.0,2910720.0,0.625,0.6666666666666666
429,429.0,1.0,80.0,25.0,55.0,26.04,18.0,6.0,12.0,27.0,2476440.0,768288.0,1069776.0,356592.0,14.0,0.0,51.0,5.0,0.0,2140.0,0.0,5e-05,20000000.0,49528800.0,15365760.0,21395520.0,7131840.0,0.6875,0.6666666666666666
430,430.0,1.0,80.0,25.0,55.0,22.5,18.0,6.0,12.0,27.0,1651808.0,552336.0,1069776.0,356592.0,14.0,0.0,51.0,5.0,0.0,3880.0,0.0,5e-05,20000000.0,33036160.0,11046720.0,21395520.0,7131840.0,0.6875,0.6666666666666666
431,431.0,1.0,160.0,48.0,112.0,26.0,144.0,48.0,96.0,24.11,212224.0,66432.0,372736.0,146944.0,2.0,0.0,51.0,5.0,0.0,700.0,0.0,5e-05,20000000.0,4244480.0,1328640.0,7454720.0,2938880.0,0.7,0.6666666666666666
432,432.0,1.0,145.0,48.0,97.0,24.79,45.0,15.0,30.0,27.0,1993952.0,622936.0,1099368.0,366456.0,7.0,0.0,51.0,5.0,0.0,2840.0,0.0,5e-05,20000000.0,39879040.0,12458720.0,21987360.0,7329120.0,0.6689655172413793,0.6666666666666666
433,433.0,1.0,160.0,55.0,105.0,22.06,81.0,27.0,54.0,27.0,596872.0,206264.0,935928.0,311976.0,4.0,0.0,51.0,5.0,0.0,3280.0,0.0,5e-05,20000000.0,11937440.0,4125280.0,18718560.0,6239520.0,0.65625,0.6666666666666666
434,434.0,1.0,145.0,46.0,99.0,22.45,45.0,15.0,30.0,24.0,1839872.0,467240.0,981200.0,248288.0,7.0,0.0,51.0,5.0,0.0,4240.0,0.0,5e-05,20000000.0,36797440.0,9344800.0,19624000.0,4965760.0,0.6827586206896552,0.6666666666666666
435,435.0,1.0,80.0,25.0,55.0,22.31,18.0,6.0,12.0,27.0,1612632.0,552336.0,1069776.0,356592.0,14.0,0.0,51.0,5.0,0.0,3160.0,0.0,5e-05,20000000.0,32252640.0,11046720.0,21395520.0,7131840.0,0.6875,0.6666666666666666
436,436.0,1.0,145.0,45.0,100.0,26.28,45.0,15.0,30.0,27.0,2182272.0,688992.0,1099368.0,366456.0,7.0,0.0,51.0,5.0,0.0,3870.0,0.0,5e-05,20000000.0,43645440.0,13779840.0,21987360.0,7329120.0,0.6896551724137931,0.6666666666666666
437,437.0,1.0,160.0,48.0,112.0,26.2,144.0,48.0,96.0,24.0,219904.0,68352.0,510456.0,145536.0,2.0,0.0,51.0,5.0,0.0,2410.0,0.0,5e-05,20000000.0,4398080.0,1367040.0,10209120.0,2910720.0,0.7,0.6666666666666666
438,438.0,1.0,145.0,45.0,100.0,25.16,45.0,15.0,30.0,24.0,2096672.0,603392.0,981200.0,248288.0,7.0,0.0,51.0,5.0,0.0,4950.0,0.0,5e-05,20000000.0,41933440.0,12067840.0,19624000.0,4965760.0,0.6896551724137931,0.6666666666666666
439,439.0,1.0,145.0,45.0,100.0,22.88,45.0,15.0,30.0,18.0,1685792.0,500672.0,35856.0,11952.0,7.0,0.0,51.0,5.0,0.0,4710.0,0.0,5e-05,20000000.0,33715840.0,10013440.0,717120.0,239040.0,0.6896551724137931,0.6666666666666666
440,440.0,1.0,160.0,59.0,101.0,20.78,81.0,27.0,54.0,24.0,691200.0,178048.0,835232.0,211280.0,4.0,0.0,51.0,5.0,0.0,2060.0,0.0,5e-05,20000000.0,13824000.0,3560960.0,16704640.0,4225600.0,0.63125,0.6666666666666666
441,441.0,1.0,80.0,25.0,55.0,22.92,18.0,6.0,12.0,18.0,2023496.0,610616.0,33552.0,11184.0,14.0,0.0,51.0,5.0,0.0,4710.0,0.0,5e-05,20000000.0,40469920.0,12212320.0,671040.0,223680.0,0.6875,0.6666666666666666
442,442.0,1.0,80.0,24.0,56.0,19.31,18.0,6.0,12.0,15.0,1378904.0,452928.0,609232.0,241456.0,14.0,0.0,51.0,5.0,0.0,4670.0,0.0,5e-05,20000000.0,27578080.0,9058560.0,12184640.0,4829120.0,0.7,0.6666666666666666
443,443.0,1.0,160.0,58.0,102.0,23.6,144.0,48.0,96.0,22.96,191184.0,61008.0,497424.0,145536.0,2.0,0.0,51.0,5.0,0.0,3110.0,0.0,5e-05,20000000.0,3823680.0,1220160.0,9948480.0,2910720.0,0.6375,0.6666666666666666
444,444.0,1.0,145.0,46.0,99.0,23.77,45.0,15.0,30.0,24.0,1788992.0,548680.0,626696.0,248288.0,7.0,0.0,51.0,5.0,0.0,3050.0,0.0,5e-05,20000000.0,35779840.0,10973600.0,12533920.0,4965760.0,0.6827586206896552,0.6666666666666666
445,445.0,1.0,145.0,46.0,99.0,24.61,45.0,15.0,30.0,27.0,1942592.0,569960.0,1099368.0,366456.0,7.0,0.0,51.0,5.0,0.0,3170.0,0.0,5e-05,20000000.0,38851840.0,11399200.0,21987360.0,7329120.0,0.6827586206896552,0.6666666666666666
446,446.0,1.0,160.0,48.0,112.0,24.81,81.0,32.0,49.0,21.1,892224.0,275552.0,518568.0,159272.0,4.0,0.0,51.0,5.0,0.0,1010.0,0.0,5e-05,20000000.0,17844480.0,5511040.0,10371360.0,3185440.0,0.7,0.6049382716049383
447,447.0,1.0,145.0,45.0,100.0,22.69,45.0,15.0,30.0,18.18,1641472.0,485312.0,508528.0,130120.0,7.0,0.0,51.0,5.0,0.0,3600.0,0.0,5e-05,20000000.0,32829440.0,9706240.0,10170560.0,2602400.0,0.6896551724137931,0.6666666666666666
448,448.0,1.0,160.0,48.0,112.0,26.3,144.0,48.0,96.0,27.0,226560.0,70016.0,645120.0,215040.0,2.0,0.0,51.0,5.0,0.0,1780.0,0.0,5e-05,20000000.0,4531200.0,1400320.0,12902400.0,4300800.0,0.7,0.6666666666666666
449,449.0,1.0,80.0,24.0,56.0,21.31,18.0,6.0,12.0,24.0,1945504.0,491136.0,954640.0,241456.0,14.0,0.0,51.0,5.0,0.0,4960.0,0.0,5e-05,20000000.0,38910080.0,9822720.0,19092800.0,4829120.0,0.7,0.6666666666666666
450,450.0,1.0,80.0,25.0,55.0,24.5,18.0,6.0,12.0,21.0,2202208.0,689936.0,609232.0,241456.0,14.0,0.0,51.0,5.0,0.0,4050.0,0.0,5e-05,20000000.0,44044160.0,13798720.0,12184640.0,4829120.0,0.6875,0.6666666666666666
451,451.0,1.0,160.0,48.0,112.0,26.3,144.0,48.0,96.0,27.0,226560.0,70016.0,645120.0,215040.0,2.0,0.0,51.0,5.0,0.0,1030.0,0.0,5e-05,20000000.0,4531200.0,1400320.0,12902400.0,4300800.0,0.7,0.6666666666666666
452,452.0,1.0,145.0,45.0,100.0,19.08,45.0,15.0,30.0,21.6,1257792.0,449312.0,626696.0,248288.0,7.0,0.0,51.0,5.0,0.0,4080.0,0.0,5e-05,20000000.0,25155840.0,8986240.0,12533920.0,4965760.0,0.6896551724137931,0.6666666666666666
453,453.0,1.0,160.0,57.0,103.0,20.8,81.0,28.0,53.0,21.12,691200.0,177344.0,676912.0,171688.0,4.0,0.0,51.0,5.0,0.0,2300.0,0.0,5e-05,20000000.0,13824000.0,3546880.0,13538240.0,3433760.0,0.64375,0.654320987654321
454,454.0,1.0,160.0,48.0,112.0,25.95,81.0,27.0,54.0,27.0,892224.0,275552.0,935928.0,311976.0,4.0,0.0,51.0,5.0,0.0,2940.0,0.0,5e-05,20000000.0,17844480.0,5511040.0,18718560.0,6239520.0,0.7,0.6666666666666666
455,455.0,1.0,80.0,24.0,56.0,24.05,18.0,7.0,11.0,21.33,1868120.0,550384.0,724368.0,243320.0,14.0,0.0,51.0,5.0,0.0,1600.0,0.0,5e-05,20000000.0,37362400.0,11007680.0,14487360.0,4866400.0,0.7,0.6111111111111112
456,456.0,1.0,160.0,48.0,112.0,26.3,144.0,48.0,96.0,24.0,226560.0,70016.0,575616.0,145536.0,2.0,0.0,51.0,5.0,0.0,1890.0,0.0,5e-05,20000000.0,4531200.0,1400320.0,11512320.0,2910720.0,0.7,0.6666666666666666
457,457.0,1.0,80.0,24.0,56.0,26.2,18.0,6.0,12.0,27.0,2399416.0,708056.0,1069776.0,356592.0,14.0,0.0,51.0,5.0,0.0,1420.0,0.0,5e-05,20000000.0,47988320.0,14161120.0,21395520.0,7131840.0,0.7,0.6666666666666666
458,458.0,1.0,160.0,48.0,112.0,26.0,144.0,48.0,96.0,27.0,212224.0,66432.0,645120.0,215040.0,2.0,0.0,51.0,5.0,0.0,830.0,0.0,5e-05,20000000.0,4244480.0,1328640.0,12902400.0,4300800.0,0.7,0.6666666666666666
459,459.0,1.0,160.0,54.0,106.0,23.3,144.0,48.0,96.0,22.26,170416.0,50736.0,445296.0,145536.0,2.0,0.0,51.0,5.0,0.0,4510.0,0.0,5e-05,20000000.0,3408320.0,1014720.0,8905920.0,2910720.0,0.6625,0.6666666666666666
460,460.0,1.0,145.0,48.0,97.0,24.12,45.0,15.0,30.0,27.0,1521632.0,539096.0,1099368.0,366456.0,7.0,0.0,51.0,5.0,0.0,2490.0,0.0,5e-05,20000000.0,30432640.0,10781920.0,21987360.0,7329120.0,0.6689655172413793,0.6666666666666666
461,461.0,1.0,160.0,48.0,112.0,26.2,144.0,48.0,96.0,27.0,219904.0,68352.0,645120.0,215040.0,2.0,0.0,51.0,5.0,0.0,1740.0,0.0,5e-05,20000000.0,4398080.0,1367040.0,12902400.0,4300800.0,0.7,0.6666666666666666
462,462.0,1.0,160.0,48.0,112.0,26.04,81.0,27.0,54.0,24.0,892224.0,275552.0,667520.0,202184.0,4.0,0.0,51.0,5.0,0.0,3510.0,0.0,5e-05,20000000.0,17844480.0,5511040.0,13350400.0,4043680.0,0.7,0.6666666666666666
463,463.0,1.0,145.0,46.0,99.0,26.09,45.0,15.0,30.0,27.0,2165152.0,689800.0,1099368.0,366456.0,7.0,0.0,51.0,5.0,0.0,120.0,0.0,5e-05,20000000.0,43303040.0,13796000.0,21987360.0,7329120.0,0.6827586206896552,0.6666666666666666
464,464.0,1.0,160.0,48.0,112.0,26.0,81.0,28.0,53.0,19.46,865984.0,268992.0,485504.0,127912.0,4.0,0.0,51.0,5.0,0.0,3600.0,0.0,5e-05,20000000.0,17319680.0,5379840.0,9710080.0,2558240.0,0.7,0.654320987654321
465,465.0,1.0,145.0,46.0,99.0,25.97,45.0,15.0,30.0,27.0,2028672.0,668520.0,1099368.0,366456.0,7.0,0.0,51.0,5.0,0.0,820.0,0.0,5e-05,20000000.0,40573440.0,13370400.0,21987360.0,7329120.0,0.6827586206896552,0.6666666666666666
466,466.0,1.0,145.0,45.0,100.0,17.31,45.0,15.0,30.0,18.0,956672.0,314112.0,508528.0,130120.0,7.0,0.0,51.0,5.0,0.0,4130.0,0.0,5e-05,20000000.0,19133440.0,6282240.0,10170560.0,2602400.0,0.6896551724137931,0.6666666666666666
467,467.0,1.0,160.0,48.0,112.0,26.12,81.0,27.0,54.0,27.0,892224.0,275552.0,935928.0,311976.0,4.0,0.0,51.0,5.0,0.0,1140.0,0.0,5e-05,20000000.0,17844480.0,5511040.0,18718560.0,6239520.0,0.7,0.6666666666666666
468,468.0,1.0,145.0,46.0,99.0,26.17,45.0,15.0,30.0,27.0,2120832.0,691560.0,1099368.0,366456.0,7.0,0.0,51.0,5.0,0.0,140.0,0.0,5e-05,20000000.0,42416640.0,13831200.0,21987360.0,7329120.0,0.6827586206896552,0.6666666666666666
469,469.0,1.0,160.0,48.0,112.0,26.2,144.0,48.0,96.0,24.0,219904.0,68352.0,575616.0,145536.0,2.0,0.0,51.0,5.0,0.0,4650.0,0.0,5e-05,20000000.0,4398080.0,1367040.0,11512320.0,2910720.0,0.7,0.6666666666666666
470,470.0,1.0,80.0,25.0,55.0,25.11,18.0,6.0,12.0,27.0,2318768.0,669864.0,1069776.0,356592.0,14.0,0.0,51.0,5.0,0.0,2150.0,0.0,5e-05,20000000.0,46375360.0,13397280.0,21395520.0,7131840.0,0.6875,0.6666666666666666
471,471.0,1.0,145.0,50.0,95.0,24.31,45.0,15.0,30.0,27.0,1744192.0,592072.0,1099368.0,366456.0,7.0,0.0,51.0,5.0,0.0,1460.0,0.0,5e-05,20000000.0,34883840.0,11841440.0,21987360.0,7329120.0,0.6551724137931034,0.6666666666666666
472,472.0,1.0,160.0,48.0,112.0,26.3,144.0,48.0,96.0,27.0,226560.0,70016.0,645120.0,215040.0,2.0,0.0,51.0,5.0,0.0,870.0,0.0,5e-05,20000000.0,4531200.0,1400320.0,12902400.0,4300800.0,0.7,0.6666666666666666
473,473.0,1.0,145.0,45.0,100.0,25.24,45.0,15.0,30.0,24.0,2052352.0,605152.0,981200.0,248288.0,7.0,0.0,51.0,5.0,0.0,3240.0,0.0,5e-05,20000000.0,41047040.0,12103040.0,19624000.0,4965760.0,0.6896551724137931,0.6666666666666666
474,474.0,1.0,145.0,45.0,100.0,26.17,45.0,15.0,30.0,27.0,2120832.0,673632.0,1099368.0,366456.0,7.0,0.0,51.0,5.0,0.0,1550.0,0.0,5e-05,20000000.0,42416640.0,13472640.0,21987360.0,7329120.0,0.6896551724137931,0.6666666666666666
475,475.0,1.0,145.0,46.0,99.0,25.97,45.0,15.0,30.0,27.0,2028672.0,668520.0,1099368.0,366456.0,7.0,0.0,51.0,5.0,0.0,740.0,0.0,5e-05,20000000.0,40573440.0,13370400.0,21987360.0,7329120.0,0.6827586206896552,0.6666666666666666
476,476.0,1.0,80.0,25.0,55.0,17.02,18.0,6.0,12.0,9.67,1101408.0,414736.0,148688.0,126320.0,14.0,0.0,51.0,5.0,0.0,3400.0,0.0,5e-05,20000000.0,22028160.0,8294720.0,2973760.0,2526400.0,0.6875,0.6666666666666666
477,477.0,1.0,80.0,25.0,55.0,24.06,18.0,6.0,12.0,21.22,2082744.0,669864.0,609232.0,241456.0,14.0,0.0,51.0,5.0,0.0,4820.0,0.0,5e-05,20000000.0,41654880.0,13397280.0,12184640.0,4829120.0,0.6875,0.6666666666666666
478,478.0,1.0,80.0,25.0,55.0,24.05,18.0,7.0,11.0,21.33,1859248.0,584608.0,724368.0,243320.0,14.0,0.0,51.0,5.0,0.0,600.0,0.0,5e-05,20000000.0,37184960.0,11692160.0,14487360.0,4866400.0,0.6875,0.6111111111111112
479,479.0,1.0,160.0,59.0,101.0,23.6,144.0,48.0,96.0,27.0,192792.0,62680.0,645120.0,215040.0,2.0,0.0,51.0,5.0,0.0,2930.0,0.0,5e-05,20000000.0,3855840.0,1253600.0,12902400.0,4300800.0,0.63125,0.6666666666666666
480,480.0,1.0,80.0,25.0,55.0,25.66,18.0,6.0,12.0,27.0,2174592.0,683032.0,1069776.0,356592.0,14.0,0.0,51.0,5.0,0.0,640.0,0.0,5e-05,20000000.0,43491840.0,13660640.0,21395520.0,7131840.0,0.6875,0.6666666666666666
481,481.0,1.0,80.0,24.0,56.0,25.56,18.0,6.0,12.0,27.0,2281888.0,668880.0,1069776.0,356592.0,14.0,0.0,51.0,5.0,0.0,4170.0,0.0,5e-05,20000000.0,45637760.0,13377600.0,21395520.0,7131840.0,0.7,0.6666666666666666
482,482.0,1.0,160.0,48.0,112.0,26.3,144.0,48.0,96.0,27.0,226560.0,70016.0,645120.0,215040.0,2.0,0.0,51.0,5.0,0.0,3870.0,0.0,5e-05,20000000.0,4531200.0,1400320.0,12902400.0,4300800.0,0.7,0.6666666666666666
483,483.0,1.0,145.0,45.0,100.0,22.72,45.0,15.0,30.0,24.0,1812672.0,468192.0,981200.0,248288.0,7.0,0.0,51.0,5.0,0.0,4480.0,0.0,5e-05,20000000.0,36253440.0,9363840.0,19624000.0,4965760.0,0.6896551724137931,0.6666666666666666
484,484.0,1.0,145.0,45.0,100.0,26.17,45.0,15.0,30.0,27.0,2120832.0,673632.0,1099368.0,366456.0,7.0,0.0,51.0,5.0,0.0,3550.0,0.0,5e-05,20000000.0,42416640.0,13472640.0,21987360.0,7329120.0,0.6896551724137931,0.6666666666666666
485,485.0,1.0,160.0,48.0,112.0,25.6,144.0,48.0,96.0,22.5,226560.0,70016.0,436608.0,110784.0,2.0,0.0,51.0,5.0,0.0,4710.0,0.0,5e-05,20000000.0,4531200.0,1400320.0,8732160.0,2215680.0,0.7,0.6666666666666666
486,486.0,1.0,160.0,48.0,112.0,25.6,144.0,48.0,96.0,24.0,226560.0,70016.0,536520.0,145536.0,2.0,0.0,51.0,5.0,0.0,1020.0,0.0,5e-05,20000000.0,4531200.0,1400320.0,10730400.0,2910720.0,0.7,0.6666666666666666
487,487.0,1.0,160.0,54.0,106.0,21.71,81.0,27.0,54.0,20.0,545424.0,170056.0,466608.0,118680.0,4.0,0.0,51.0,5.0,0.0,4070.0,0.0,5e-05,20000000.0,10908480.0,3401120.0,9332160.0,2373600.0,0.6625,0.6666666666666666
488,488.0,1.0,160.0,48.0,112.0,25.95,81.0,27.0,54.0,27.0,865984.0,268992.0,935928.0,311976.0,4.0,0.0,51.0,5.0,0.0,4170.0,0.0,5e-05,20000000.0,17319680.0,5379840.0,18718560.0,6239520.0,0.7,0.6666666666666666
489,489.0,1.0,145.0,46.0,99.0,26.17,45.0,15.0,30.0,27.0,2120832.0,691560.0,1099368.0,366456.0,7.0,0.0,51.0,5.0,0.0,3790.0,0.0,5e-05,20000000.0,42416640.0,13831200.0,21987360.0,7329120.0,0.6827586206896552,0.6666666666666666
490,490.0,1.0,160.0,59.0,101.0,22.59,81.0,27.0,54.0,27.0,679768.0,239072.0,935928.0,311976.0,4.0,0.0,51.0,5.0,0.0,1760.0,0.0,5e-05,20000000.0,13595360.0,4781440.0,18718560.0,6239520.0,0.63125,0.6666666666666666
491,491.0,1.0,145.0,46.0,99.0,26.28,45.0,15.0,30.0,27.0,2182272.0,706920.0,1099368.0,366456.0,7.0,0.0,51.0,5.0,0.0,50.0,0.0,5e-05,20000000.0,43645440.0,14138400.0,21987360.0,7329120.0,0.6827586206896552,0.6666666666666666
492,492.0,1.0,80.0,25.0,55.0,22.9,18.0,6.0,12.0,24.11,1931120.0,572952.0,618128.0,243680.0,14.0,0.0,51.0,5.0,0.0,2900.0,0.0,5e-05,20000000.0,38622400.0,11459040.0,12362560.0,4873600.0,0.6875,0.6666666666666666
493,493.0,1.0,145.0,44.0,101.0,25.72,45.0,15.0,30.0,24.0,1976832.0,619704.0,799168.0,261856.0,7.0,0.0,51.0,5.0,0.0,1810.0,0.0,5e-05,20000000.0,39536640.0,12394080.0,15983360.0,5237120.0,0.696551724137931,0.6666666666666666
494,494.0,1.0,160.0,63.0,97.0,18.35,144.0,53.0,91.0,21.07,117216.0,37208.0,401856.0,120152.0,2.0,0.0,51.0,5.0,0.0,2920.0,0.0,5e-05,20000000.0,2344320.0,744160.0,8037120.0,2403040.0,0.60625,0.6319444444444444
495,495.0,1.0,80.0,25.0,55.0,25.26,18.0,6.0,12.0,24.0,2319736.0,729112.0,609232.0,241456.0,14.0,0.0,51.0,5.0,0.0,2340.0,0.0,5e-05,20000000.0,46394720.0,14582240.0,12184640.0,4829120.0,0.6875,0.6666666666666666
496,496.0,1.0,80.0,25.0,55.0,25.29,18.0,6.0,12.0,27.0,2318768.0,669864.0,1069776.0,356592.0,14.0,0.0,51.0,5.0,0.0,2870.0,0.0,5e-05,20000000.0,46375360.0,13397280.0,21395520.0,7131840.0,0.6875,0.6666666666666666
497,497.0,1.0,160.0,48.0,112.0,25.91,81.0,27.0,54.0,24.0,892224.0,275552.0,786704.0,202184.0,4.0,0.0,51.0,5.0,0.0,500.0,0.0,5e-05,20000000.0,17844480.0,5511040.0,15734080.0,4043680.0,0.7,0.6666666666666666
498,498.0,1.0,160.0,48.0,112.0,26.2,144.0,48.0,96.0,24.0,219904.0,68352.0,575616.0,145536.0,2.0,0.0,51.0,5.0,0.0,1240.0,0.0,5e-05,20000000.0,4398080.0,1367040.0,11512320.0,2910720.0,0.7,0.6666666666666666
499,499.0,1.0,145.0,51.0,94.0,23.25,45.0,15.0,30.0,27.0,1658592.0,575760.0,1099368.0,366456.0,7.0,0.0,51.0,5.0,0.0,1520.0,0.0,5e-05,20000000.0,33171840.0,11515200.0,21987360.0,7329120.0,0.6482758620689655,0.6666666666666666
500,500.0,1.0,80.0,25.0,55.0,25.2,18.0,6.0,12.0,24.0,2082744.0,669864.0,609232.0,241456.0,14.0,0.0,51.0,5.0,0.0,1910.0,0.0,5e-05,20000000.0,41654880.0,13397280.0,12184640.0,4829120.0,0.6875,0.6666666666666666
501,501.0,1.0,160.0,48.0,112.0,26.12,81.0,27.0,54.0,27.0,892224.0,275552.0,935928.0,311976.0,4.0,0.0,51.0,5.0,0.0,890.0,0.0,5e-05,20000000.0,17844480.0,5511040.0,18718560.0,6239520.0,0.7,0.6666666666666666
502,502.0,1.0,145.0,44.0,101.0,23.45,45.0,15.0,30.0,22.93,1761312.0,484504.0,669648.0,249168.0,7.0,0.0,51.0,5.0,0.0,3680.0,0.0,5e-05,20000000.0,35226240.0,9690080.0,13392960.0,4983360.0,0.696551724137931,0.6666666666666666
503,503.0,1.0,80.0,25.0,55.0,25.88,18.0,6.0,12.0,27.0,2292120.0,722208.0,1069776.0,356592.0,14.0,0.0,51.0,5.0,0.0,630.0,0.0,5e-05,20000000.0,45842400.0,14444160.0,21395520.0,7131840.0,0.6875,0.6666666666666666
504,504.0,1.0,145.0,45.0,100.0,26.28,45.0,15.0,30.0,27.0,2182272.0,688992.0,1099368.0,366456.0,7.0,0.0,51.0,5.0,0.0,3430.0,0.0,5e-05,20000000.0,43645440.0,13779840.0,21987360.0,7329120.0,0.6896551724137931,0.6666666666666666
505,505.0,1.0,80.0,25.0,55.0,20.91,18.0,6.0,12.0,24.0,1553384.0,453912.0,954640.0,241456.0,14.0,0.0,51.0,5.0,0.0,4250.0,0.0,5e-05,20000000.0,31067680.0,9078240.0,19092800.0,4829120.0,0.6875,0.6666666666666666
506,506.0,1.0,160.0,48.0,112.0,26.2,144.0,48.0,96.0,27.0,219904.0,68352.0,645120.0,215040.0,2.0,0.0,51.0,5.0,0.0,1720.0,0.0,5e-05,20000000.0,4398080.0,1367040.0,12902400.0,4300800.0,0.7,0.6666666666666666
507,507.0,1.0,160.0,48.0,112.0,26.0,81.0,27.0,54.0,27.0,865984.0,268992.0,935928.0,311976.0,4.0,0.0,51.0,5.0,0.0,1660.0,0.0,5e-05,20000000.0,17319680.0,5379840.0,18718560.0,6239520.0,0.7,0.6666666666666666
508,508.0,1.0,160.0,48.0,112.0,26.0,144.0,48.0,96.0,27.0,212224.0,66432.0,645120.0,215040.0,2.0,0.0,51.0,5.0,0.0,630.0,0.0,5e-05,20000000.0,4244480.0,1328640.0,12902400.0,4300800.0,0.7,0.6666666666666666
509,509.0,1.0,160.0,48.0,112.0,25.95,81.0,34.0,47.0,21.07,865984.0,268992.0,659720.0,191472.0,4.0,0.0,51.0,5.0,0.0,1200.0,0.0,5e-05,20000000.0,17319680.0,5379840.0,13194400.0,3829440.0,0.7,0.5802469135802469
510,510.0,1.0,160.0,51.0,109.0,20.76,81.0,27.0,54.0,27.0,312584.0,93904.0,935928.0,311976.0,4.0,0.0,51.0,5.0,0.0,4870.0,0.0,5e-05,20000000.0,6251680.0,1878080.0,18718560.0,6239520.0,0.68125,0.6666666666666666
511,511.0,1.0,160.0,48.0,112.0,24.75,81.0,27.0,54.0,24.0,830272.0,260064.0,710888.0,193088.0,4.0,0.0,51.0,5.0,0.0,670.0,0.0,5e-05,20000000.0,16605440.0,5201280.0,14217760.0,3861760.0,0.7,0.6666666666666666
512,512.0,1.0,160.0,56.0,104.0,23.5,144.0,48.0,96.0,22.61,181312.0,56000.0,471360.0,145536.0,2.0,0.0,51.0,5.0,0.0,4630.0,0.0,5e-05,20000000.0,3626240.0,1120000.0,9427200.0,2910720.0,0.65,0.6666666666666666
513,513.0,1.0,160.0,48.0,112.0,26.0,81.0,27.0,54.0,27.0,865984.0,268992.0,935928.0,311976.0,4.0,0.0,51.0,5.0,0.0,1740.0,0.0,5e-05,20000000.0,17319680.0,5379840.0,18718560.0,6239520.0,0.7,0.6666666666666666
514,514.0,1.0,160.0,48.0,112.0,26.0,81.0,27.0,54.0,27.0,865984.0,268992.0,935928.0,311976.0,4.0,0.0,51.0,5.0,0.0,1560.0,0.0,5e-05,20000000.0,17319680.0,5379840.0,18718560.0,6239520.0,0.7,0.6666666666666666
515,515.0,1.0,160.0,48.0,112.0,25.99,81.0,27.0,54.0,27.0,892224.0,275552.0,935928.0,311976.0,4.0,0.0,51.0,5.0,0.0,560.0,0.0,5e-05,20000000.0,17844480.0,5511040.0,18718560.0,6239520.0,0.7,0.6666666666666666
516,516.0,1.0,80.0,25.0,55.0,25.24,18.0,6.0,12.0,24.11,2088792.0,671376.0,618128.0,243680.0,14.0,0.0,51.0,5.0,0.0,1900.0,0.0,5e-05,20000000.0,41775840.0,13427520.0,12362560.0,4873600.0,0.6875,0.6666666666666666
517,517.0,1.0,160.0,48.0,112.0,26.2,144.0,62.0,82.0,21.04,219904.0,68352.0,484392.0,143096.0,2.0,0.0,51.0,5.0,0.0,1200.0,0.0,5e-05,20000000.0,4398080.0,1367040.0,9687840.0,2861920.0,0.7,0.5694444444444444
518,518.0,1.0,80.0,25.0,55.0,24.35,18.0,6.0,12.0,27.0,1769336.0,591512.0,1069776.0,356592.0,14.0,0.0,51.0,5.0,0.0,2250.0,0.0,5e-05,20000000.0,35386720.0,11830240.0,21395520.0,7131840.0,0.6875,0.6666666666666666
519,519.0,1.0,80.0,25.0,55.0,21.86,18.0,6.0,12.0,18.67,1730520.0,513008.0,609232.0,241456.0,14.0,0.0,51.0,5.0,0.0,3320.0,0.0,5e-05,20000000.0,34610400.0,10260160.0,12184640.0,4829120.0,0.6875,0.6666666666666666
520,520.0,1.0,145.0,44.0,101.0,24.73,45.0,15.0,30.0,21.6,1908352.0,602584.0,354576.0,170400.0,7.0,0.0,51.0,5.0,0.0,4100.0,0.0,5e-05,20000000.0,38167040.0,12051680.0,7091520.0,3408000.0,0.696551724137931,0.6666666666666666
521,521.0,1.0,80.0,25.0,55.0,10.71,18.0,6.0,12.0,3.22,897016.0,309408.0,33552.0,11184.0,14.0,0.0,51.0,5.0,0.0,4010.0,0.0,5e-05,20000000.0,17940320.0,6188160.0,671040.0,223680.0,0.6875,0.6666666666666666
522,522.0,1.0,145.0,48.0,97.0,24.46,45.0,15.0,30.0,27.0,1932512.0,590456.0,1099368.0,366456.0,7.0,0.0,51.0,5.0,0.0,2630.0,0.0,5e-05,20000000.0,38650240.0,11809120.0,21987360.0,7329120.0,0.6689655172413793,0.6666666666666666
523,523.0,1.0,145.0,45.0,100.0,21.44,45.0,15.0,30.0,19.51,1771392.0,449312.0,508528.0,130120.0,7.0,0.0,51.0,5.0,0.0,4360.0,0.0,5e-05,20000000.0,35427840.0,8986240.0,10170560.0,2602400.0,0.6896551724137931,0.6666666666666666
524,524.0,1.0,145.0,46.0,99.0,24.48,45.0,15.0,30.0,24.0,1908832.0,548680.0,981200.0,248288.0,7.0,0.0,51.0,5.0,0.0,650.0,0.0,5e-05,20000000.0,38176640.0,10973600.0,19624000.0,4965760.0,0.6827586206896552,0.6666666666666666
525,525.0,1.0,160.0,48.0,112.0,26.3,144.0,48.0,96.0,27.0,226560.0,70016.0,645120.0,215040.0,2.0,0.0,51.0,5.0,0.0,410.0,0.0,5e-05,20000000.0,4531200.0,1400320.0,12902400.0,4300800.0,0.7,0.6666666666666666
526,526.0,1.0,160.0,48.0,112.0,25.81,81.0,27.0,54.0,27.0,830272.0,260064.0,935928.0,311976.0,4.0,0.0,51.0,5.0,0.0,690.0,0.0,5e-05,20000000.0,16605440.0,5201280.0,18718560.0,6239520.0,0.7,0.6666666666666666
527,527.0,1.0,160.0,48.0,112.0,26.3,144.0,48.0,96.0,27.0,226560.0,70016.0,645120.0,215040.0,2.0,0.0,51.0,5.0,0.0,310.0,0.0,5e-05,20000000.0,4531200.0,1400320.0,12902400.0,4300800.0,0.7,0.6666666666666666
528,528.0,1.0,145.0,44.0,101.0,19.59,45.0,15.0,30.0,22.84,1316192.0,450264.0,669648.0,249168.0,7.0,0.0,51.0,5.0,0.0,4680.0,0.0,5e-05,20000000.0,26323840.0,9005280.0,13392960.0,4983360.0,0.696551724137931,0.6666666666666666
529,529.0,1.0,160.0,48.0,112.0,25.56,81.0,27.0,54.0,15.47,830272.0,260064.0,433040.0,110288.0,4.0,0.0,51.0,5.0,0.0,4530.0,0.0,5e-05,20000000.0,16605440.0,5201280.0,8660800.0,2205760.0,0.7,0.6666666666666666
530,530.0,1.0,80.0,25.0,55.0,23.18,18.0,6.0,12.0,21.0,1612632.0,552336.0,609232.0,241456.0,14.0,0.0,51.0,5.0,0.0,2730.0,0.0,5e-05,20000000.0,32252640.0,11046720.0,12184640.0,4829120.0,0.6875,0.6666666666666666
531,531.0,1.0,160.0,56.0,104.0,22.7,144.0,58.0,86.0,18.02,181312.0,56000.0,341040.0,112144.0,2.0,0.0,51.0,5.0,0.0,4330.0,0.0,5e-05,20000000.0,3626240.0,1120000.0,6820800.0,2242880.0,0.65,0.5972222222222222
532,532.0,1.0,80.0,25.0,55.0,25.79,18.0,6.0,12.0,27.0,2358912.0,729112.0,1069776.0,356592.0,14.0,0.0,51.0,5.0,0.0,3490.0,0.0,5e-05,20000000.0,47178240.0,14582240.0,21395520.0,7131840.0,0.6875,0.6666666666666666
533,533.0,1.0,160.0,48.0,112.0,25.81,81.0,27.0,54.0,27.0,830272.0,260064.0,935928.0,311976.0,4.0,0.0,51.0,5.0,0.0,780.0,0.0,5e-05,20000000.0,16605440.0,5201280.0,18718560.0,6239520.0,0.7,0.6666666666666666
534,534.0,1.0,145.0,45.0,100.0,22.89,45.0,15.0,30.0,24.0,1829792.0,468192.0,981200.0,248288.0,7.0,0.0,51.0,5.0,0.0,4180.0,0.0,5e-05,20000000.0,36595840.0,9363840.0,19624000.0,4965760.0,0.6896551724137931,0.6666666666666666
535,535.0,1.0,80.0,25.0,55.0,24.86,18.0,6.0,12.0,27.0,2240416.0,630688.0,1069776.0,356592.0,14.0,0.0,51.0,5.0,0.0,3230.0,0.0,5e-05,20000000.0,44808320.0,12613760.0,21395520.0,7131840.0,0.6875,0.6666666666666666
536,536.0,1.0,145.0,47.0,98.0,20.75,45.0,15.0,30.0,15.82,1480832.0,463888.0,246360.0,143688.0,7.0,0.0,51.0,5.0,0.0,3020.0,0.0,5e-05,20000000.0,29616640.0,9277760.0,4927200.0,2873760.0,0.6758620689655173,0.6666666666666666
537,537.0,1.0,80.0,24.0,56.0,23.06,18.0,6.0,12.0,24.0,2143320.0,550384.0,954640.0,241456.0,14.0,0.0,51.0,5.0,0.0,4660.0,0.0,5e-05,20000000.0,42866400.0,11007680.0,19092800.0,4829120.0,0.7,0.6666666666666666
538,538.0,1.0,160.0,54.0,106.0,20.8,144.0,48.0,96.0,24.0,137896.0,43008.0,575616.0,145536.0,2.0,0.0,51.0,5.0,0.0,4490.0,0.0,5e-05,20000000.0,2757920.0,860160.0,11512320.0,2910720.0,0.6625,0.6666666666666666
539,539.0,1.0,160.0,52.0,108.0,18.69,81.0,28.0,53.0,21.37,431168.0,156272.0,507336.0,176032.0,4.0,0.0,51.0,5.0,0.0,4800.0,0.0,5e-05,20000000.0,8623360.0,3125440.0,10146720.0,3520640.0,0.675,0.654320987654321
540,540.0,1.0,145.0,47.0,98.0,20.74,45.0,17.0,28.0,15.53,1549312.0,481008.0,302064.0,93408.0,7.0,0.0,51.0,5.0,0.0,3000.0,0.0,5e-05,20000000.0,30986240.0,9620160.0,6041280.0,1868160.0,0.6758620689655173,0.6222222222222222
541,541.0,1.0,160.0,48.0,112.0,26.0,144.0,48.0,96.0,27.0,212224.0,66432.0,645120.0,215040.0,2.0,0.0,51.0,5.0,0.0,770.0,0.0,5e-05,20000000.0,4244480.0,1328640.0,12902400.0,4300800.0,0.7,0.6666666666666666
542,542.0,1.0,160.0,48.0,112.0,26.3,144.0,48.0,96.0,27.0,226560.0,70016.0,645120.0,215040.0,2.0,0.0,51.0,5.0,0.0,510.0,0.0,5e-05,20000000.0,4531200.0,1400320.0,12902400.0,4300800.0,0.7,0.6666666666666666
543,543.0,1.0,145.0,45.0,100.0,26.17,45.0,15.0,30.0,27.0,2120832.0,673632.0,1099368.0,366456.0,7.0,0.0,51.0,5.0,0.0,2440.0,0.0,5e-05,20000000.0,42416640.0,13472640.0,21987360.0,7329120.0,0.6896551724137931,0.6666666666666666
544,544.0,1.0,160.0,53.0,107.0,20.96,81.0,27.0,54.0,24.0,527592.0,163184.0,835232.0,211280.0,4.0,0.0,51.0,5.0,0.0,4250.0,0.0,5e-05,20000000.0,10551840.0,3263680.0,16704640.0,4225600.0,0.66875,0.6666666666666666
545,545.0,1.0,145.0,51.0,94.0,19.44,45.0,19.0,26.0,21.0,1059392.0,387440.0,824968.0,238696.0,7.0,0.0,51.0,5.0,0.0,1400.0,0.0,5e-05,20000000.0,21187840.0,7748800.0,16499360.0,4773920.0,0.6482758620689655,0.5777777777777777
546,546.0,1.0,145.0,51.0,94.0,24.41,45.0,15.0,30.0,27.0,1908352.0,625360.0,1099368.0,366456.0,7.0,0.0,51.0,5.0,0.0,970.0,0.0,5e-05,20000000.0,38167040.0,12507200.0,21987360.0,7329120.0,0.6482758620689655,0.6666666666666666
547,547.0,1.0,80.0,25.0,55.0,25.02,18.0,6.0,12.0,24.0,2082744.0,669864.0,609232.0,241456.0,14.0,0.0,51.0,5.0,0.0,3510.0,0.0,5e-05,20000000.0,41654880.0,13397280.0,12184640.0,4829120.0,0.6875,0.6666666666666666
548,548.0,1.0,160.0,48.0,112.0,25.35,81.0,32.0,49.0,21.67,865984.0,268992.0,557616.0,168368.0,4.0,0.0,51.0,5.0,0.0,1360.0,0.0,5e-05,20000000.0,17319680.0,5379840.0,11152320.0,3367360.0,0.7,0.6049382716049383
549,549.0,1.0,145.0,44.0,101.0,25.08,45.0,15.0,30.0,24.0,2052352.0,638584.0,774672.0,275424.0,7.0,0.0,51.0,5.0,0.0,4340.0,0.0,5e-05,20000000.0,41047040.0,12771680.0,15493440.0,5508480.0,0.696551724137931,0.6666666666666666
550,550.0,1.0,80.0,28.0,52.0,24.35,18.0,7.0,11.0,21.0,2181264.0,693592.0,666800.0,185752.0,14.0,0.0,51.0,5.0,0.0,400.0,0.0,5e-05,20000000.0,43625280.0,13871840.0,13336000.0,3715040.0,0.65,0.6111111111111112
551,551.0,1.0,80.0,25.0,55.0,26.21,18.0,6.0,12.0,27.0,2476440.0,768288.0,1069776.0,356592.0,14.0,0.0,51.0,5.0,0.0,950.0,0.0,5e-05,20000000.0,49528800.0,15365760.0,21395520.0,7131840.0,0.6875,0.6666666666666666
552,552.0,1.0,160.0,59.0,101.0,20.78,81.0,27.0,54.0,24.0,691200.0,178048.0,835232.0,211280.0,4.0,0.0,51.0,5.0,0.0,2240.0,0.0,5e-05,20000000.0,13824000.0,3560960.0,16704640.0,4225600.0,0.63125,0.6666666666666666
553,553.0,1.0,80.0,25.0,55.0,26.3,18.0,6.0,12.0,27.0,2476440.0,768288.0,1069776.0,356592.0,14.0,0.0,51.0,5.0,0.0,460.0,0.0,5e-05,20000000.0,49528800.0,15365760.0,21395520.0,7131840.0,0.6875,0.6666666666666666
554,554.0,1.0,80.0,25.0,55.0,19.88,18.0,6.0,12.0,21.67,1181088.0,434656.0,609232.0,241456.0,14.0,0.0,51.0,5.0,0.0,4800.0,0.0,5e-05,20000000.0,23621760.0,8693120.0,12184640.0,4829120.0,0.6875,0.6666666666666666
555,555.0,1.0,160.0,48.0,112.0,26.08,81.0,27.0,54.0,27.0,892224.0,275552.0,935928.0,311976.0,4.0,0.0,51.0,5.0,0.0,1980.0,0.0,5e-05,20000000.0,17844480.0,5511040.0,18718560.0,6239520.0,0.7,0.6666666666666666
556,556.0,1.0,160.0,53.0,107.0,21.11,81.0,28.0,53.0,23.0,557344.0,196440.0,495464.0,193224.0,4.0,0.0,51.0,5.0,0.0,4440.0,0.0,5e-05,20000000.0,11146880.0,3928800.0,9909280.0,3864480.0,0.66875,0.654320987654321
557,557.0,1.0,160.0,48.0,112.0,25.99,81.0,27.0,54.0,27.0,892224.0,275552.0,935928.0,311976.0,4.0,0.0,51.0,5.0,0.0,520.0,0.0,5e-05,20000000.0,17844480.0,5511040.0,18718560.0,6239520.0,0.7,0.6666666666666666
558,558.0,1.0,80.0,25.0,55.0,25.88,18.0,6.0,12.0,27.0,2358912.0,729112.0,1069776.0,356592.0,14.0,0.0,51.0,5.0,0.0,2880.0,0.0,5e-05,20000000.0,47178240.0,14582240.0,21395520.0,7131840.0,0.6875,0.6666666666666666
559,559.0,1.0,160.0,48.0,112.0,26.3,144.0,48.0,96.0,27.0,226560.0,70016.0,645120.0,215040.0,2.0,0.0,51.0,5.0,0.0,890.0,0.0,5e-05,20000000.0,4531200.0,1400320.0,12902400.0,4300800.0,0.7,0.6666666666666666
560,560.0,1.0,145.0,47.0,98.0,24.23,45.0,15.0,30.0,27.0,1583072.0,536528.0,1099368.0,366456.0,7.0,0.0,51.0,5.0,0.0,2070.0,0.0,5e-05,20000000.0,31661440.0,10730560.0,21987360.0,7329120.0,0.6758620689655173,0.6666666666666666
561,561.0,1.0,80.0,24.0,56.0,24.11,18.0,6.0,12.0,27.0,1692312.0,531280.0,1069776.0,356592.0,14.0,0.0,51.0,5.0,0.0,3580.0,0.0,5e-05,20000000.0,33846240.0,10625600.0,21395520.0,7131840.0,0.7,0.6666666666666666
562,562.0,1.0,160.0,59.0,101.0,22.2,144.0,58.0,86.0,18.85,192792.0,62680.0,328008.0,107800.0,2.0,0.0,51.0,5.0,0.0,4390.0,0.0,5e-05,20000000.0,3855840.0,1253600.0,6560160.0,2156000.0,0.63125,0.5972222222222222
563,563.0,1.0,160.0,58.0,102.0,23.42,81.0,27.0,54.0,27.0,656248.0,230880.0,935928.0,311976.0,4.0,0.0,51.0,5.0,0.0,2190.0,0.0,5e-05,20000000.0,13124960.0,4617600.0,18718560.0,6239520.0,0.6375,0.6666666666666666
564,564.0,1.0,80.0,24.0,56.0,26.2,18.0,6.0,12.0,27.0,2399416.0,708056.0,1069776.0,356592.0,14.0,0.0,51.0,5.0,0.0,150.0,0.0,5e-05,20000000.0,47988320.0,14161120.0,21395520.0,7131840.0,0.7,0.6666666666666666
565,565.0,1.0,160.0,48.0,112.0,25.4,144.0,52.0,92.0,22.12,219904.0,68352.0,375792.0,120016.0,2.0,0.0,51.0,5.0,0.0,3690.0,0.0,5e-05,20000000.0,4398080.0,1367040.0,7515840.0,2400320.0,0.7,0.6388888888888888
566,566.0,1.0,160.0,48.0,112.0,24.0,144.0,60.0,84.0,17.75,212224.0,66432.0,314976.0,95040.0,2.0,0.0,51.0,5.0,0.0,3000.0,0.0,5e-05,20000000.0,4244480.0,1328640.0,6299520.0,1900800.0,0.7,0.5833333333333334
567,567.0,1.0,145.0,46.0,99.0,21.38,45.0,15.0,30.0,24.0,1001472.0,411720.0,626696.0,248288.0,7.0,0.0,51.0,5.0,0.0,4500.0,0.0,5e-05,20000000.0,20029440.0,8234400.0,12533920.0,4965760.0,0.6827586206896552,0.6666666666666666
568,568.0,1.0,80.0,25.0,55.0,24.69,18.0,6.0,12.0,27.0,2240416.0,630688.0,1069776.0,356592.0,14.0,0.0,51.0,5.0,0.0,3140.0,0.0,5e-05,20000000.0,44808320.0,12613760.0,21395520.0,7131840.0,0.6875,0.6666666666666666
569,569.0,1.0,160.0,48.0,112.0,26.2,144.0,58.0,86.0,21.12,219904.0,68352.0,440952.0,133864.0,2.0,0.0,51.0,5.0,0.0,2400.0,0.0,5e-05,20000000.0,4398080.0,1367040.0,8819040.0,2677280.0,0.7,0.5972222222222222
570,570.0,1.0,80.0,25.0,55.0,25.88,18.0,6.0,12.0,27.0,2398088.0,729112.0,1069776.0,356592.0,14.0,0.0,51.0,5.0,0.0,1040.0,0.0,5e-05,20000000.0,47961760.0,14582240.0,21395520.0,7131840.0,0.6875,0.6666666666666666
571,571.0,1.0,145.0,45.0,100.0,22.88,45.0,15.0,30.0,24.0,1812672.0,468192.0,981200.0,248288.0,7.0,0.0,51.0,5.0,0.0,2540.0,0.0,5e-05,20000000.0,36253440.0,9363840.0,19624000.0,4965760.0,0.6896551724137931,0.6666666666666666
572,572.0,1.0,145.0,52.0,93.0,22.61,45.0,15.0,30.0,27.0,1634432.0,557688.0,1099368.0,366456.0,7.0,0.0,51.0,5.0,0.0,1760.0,0.0,5e-05,20000000.0,32688640.0,11153760.0,21987360.0,7329120.0,0.6413793103448275,0.6666666666666666
573,573.0,1.0,160.0,48.0,112.0,25.95,81.0,27.0,54.0,27.0,865984.0,268992.0,935928.0,311976.0,4.0,0.0,51.0,5.0,0.0,2560.0,0.0,5e-05,20000000.0,17319680.0,5379840.0,18718560.0,6239520.0,0.7,0.6666666666666666
574,574.0,1.0,160.0,55.0,105.0,21.01,144.0,67.0,77.0,12.4,175104.0,44736.0,297600.0,78616.0,2.0,0.0,51.0,5.0,0.0,4600.0,0.0,5e-05,20000000.0,3502080.0,894720.0,5952000.0,1572320.0,0.65625,0.5347222222222222
575,575.0,1.0,80.0,25.0,55.0,24.34,18.0,6.0,12.0,27.0,2124216.0,611432.0,1069776.0,356592.0,14.0,0.0,51.0,5.0,0.0,3970.0,0.0,5e-05,20000000.0,42484320.0,12228640.0,21395520.0,7131840.0,0.6875,0.6666666666666666
576,576.0,1.0,80.0,25.0,55.0,24.86,18.0,6.0,12.0,24.0,2378016.0,669864.0,954640.0,241456.0,14.0,0.0,51.0,5.0,0.0,2890.0,0.0,5e-05,20000000.0,47560320.0,13397280.0,19092800.0,4829120.0,0.6875,0.6666666666666666
577,577.0,1.0,160.0,48.0,112.0,25.6,144.0,48.0,96.0,24.0,226560.0,70016.0,497424.0,145536.0,2.0,0.0,51.0,5.0,0.0,2350.0,0.0,5e-05,20000000.0,4531200.0,1400320.0,9948480.0,2910720.0,0.7,0.6666666666666666
578,578.0,1.0,145.0,45.0,100.0,19.41,45.0,15.0,30.0,21.16,1103712.0,415072.0,626696.0,248288.0,7.0,0.0,51.0,5.0,0.0,4920.0,0.0,5e-05,20000000.0,22074240.0,8301440.0,12533920.0,4965760.0,0.6896551724137931,0.6666666666666666
579,579.0,1.0,160.0,48.0,112.0,26.2,144.0,48.0,96.0,27.0,219904.0,68352.0,645120.0,215040.0,2.0,0.0,51.0,5.0,0.0,1390.0,0.0,5e-05,20000000.0,4398080.0,1367040.0,12902400.0,4300800.0,0.7,0.6666666666666666
580,580.0,1.0,145.0,45.0,100.0,18.03,45.0,15.0,30.0,15.78,1052352.0,397952.0,154024.0,130120.0,7.0,0.0,51.0,5.0,0.0,4730.0,0.0,5e-05,20000000.0,21047040.0,7959040.0,3080480.0,2602400.0,0.6896551724137931,0.6666666666666666
581,581.0,1.0,80.0,24.0,56.0,20.64,18.0,6.0,12.0,27.0,1574784.0,492104.0,1069776.0,356592.0,14.0,0.0,51.0,5.0,0.0,3640.0,0.0,5e-05,20000000.0,31495680.0,9842080.0,21395520.0,7131840.0,0.7,0.6666666666666666
582,582.0,1.0,80.0,24.0,56.0,25.66,18.0,6.0,12.0,27.0,2281888.0,668880.0,1069776.0,356592.0,14.0,0.0,51.0,5.0,0.0,1480.0,0.0,5e-05,20000000.0,45637760.0,13377600.0,21395520.0,7131840.0,0.7,0.6666666666666666
583,583.0,1.0,80.0,25.0,55.0,24.99,18.0,6.0,12.0,24.0,2232872.0,662960.0,954640.0,241456.0,14.0,0.0,51.0,5.0,0.0,650.0,0.0,5e-05,20000000.0,44657440.0,13259200.0,19092800.0,4829120.0,0.6875,0.6666666666666666
584,584.0,1.0,160.0,48.0,112.0,26.12,81.0,27.0,54.0,27.0,892224.0,275552.0,935928.0,311976.0,4.0,0.0,51.0,5.0,0.0,1110.0,0.0,5e-05,20000000.0,17844480.0,5511040.0,18718560.0,6239520.0,0.7,0.6666666666666666
585,585.0,1.0,145.0,47.0,98.0,25.99,45.0,15.0,30.0,27.0,2103712.0,692368.0,1099368.0,366456.0,7.0,0.0,51.0,5.0,0.0,160.0,0.0,5e-05,20000000.0,42074240.0,13847360.0,21987360.0,7329120.0,0.6758620689655173,0.6666666666666666
586,586.0,1.0,160.0,48.0,112.0,26.3,144.0,48.0,96.0,27.0,226560.0,70016.0,645120.0,215040.0,2.0,0.0,51.0,5.0,0.0,4460.0,0.0,5e-05,20000000.0,4531200.0,1400320.0,12902400.0,4300800.0,0.7,0.6666666666666666
587,587.0,1.0,80.0,25.0,55.0,24.46,18.0,6.0,12.0,27.0,2201240.0,630688.0,1069776.0,356592.0,14.0,0.0,51.0,5.0,0.0,4570.0,0.0,5e-05,20000000.0,44024800.0,12613760.0,21395520.0,7131840.0,0.6875,0.6666666666666666
588,588.0,1.0,145.0,45.0,100.0,21.14,45.0,15.0,30.0,24.0,1299072.0,416832.0,981200.0,248288.0,7.0,0.0,51.0,5.0,0.0,4490.0,0.0,5e-05,20000000.0,25981440.0,8336640.0,19624000.0,4965760.0,0.6896551724137931,0.6666666666666666
589,589.0,1.0,80.0,24.0,56.0,20.96,18.0,6.0,12.0,24.0,1436216.0,373608.0,954640.0,241456.0,14.0,0.0,51.0,5.0,0.0,3590.0,0.0,5e-05,20000000.0,28724320.0,7472160.0,19092800.0,4829120.0,0.7,0.6666666666666666
590,590.0,1.0,160.0,50.0,110.0,20.3,81.0,30.0,51.0,15.2,444392.0,162896.0,430040.0,167208.0,4.0,0.0,51.0,5.0,0.0,4790.0,0.0,5e-05,20000000.0,8887840.0,3257920.0,8600800.0,3344160.0,0.6875,0.6296296296296297
591,591.0,1.0,145.0,45.0,100.0,23.14,45.0,15.0,30.0,21.0,1607232.0,468192.0,626696.0,248288.0,7.0,0.0,51.0,5.0,0.0,3910.0,0.0,5e-05,20000000.0,32144640.0,9363840.0,12533920.0,4965760.0,0.6896551724137931,0.6666666666666666
592,592.0,1.0,160.0,48.0,112.0,25.81,81.0,27.0,54.0,27.0,830272.0,260064.0,935928.0,311976.0,4.0,0.0,51.0,5.0,0.0,640.0,0.0,5e-05,20000000.0,16605440.0,5201280.0,18718560.0,6239520.0,0.7,0.6666666666666666
593,593.0,1.0,145.0,45.0,100.0,25.16,45.0,15.0,30.0,24.0,2096672.0,603392.0,981200.0,248288.0,7.0,0.0,51.0,5.0,0.0,3180.0,0.0,5e-05,20000000.0,41933440.0,12067840.0,19624000.0,4965760.0,0.6896551724137931,0.6666666666666666
594,594.0,1.0,160.0,58.0,102.0,22.9,144.0,48.0,96.0,22.78,171888.0,61008.0,484392.0,145536.0,2.0,0.0,51.0,5.0,0.0,2730.0,0.0,5e-05,20000000.0,3437760.0,1220160.0,9687840.0,2910720.0,0.6375,0.6666666666666666
595,595.0,1.0,145.0,46.0,99.0,26.09,45.0,15.0,30.0,27.0,2165152.0,689800.0,1099368.0,366456.0,7.0,0.0,51.0,5.0,0.0,1040.0,0.0,5e-05,20000000.0,43303040.0,13796000.0,21987360.0,7329120.0,0.6827586206896552,0.6666666666666666
596,596.0,1.0,80.0,25.0,55.0,26.0,18.0,6.0,12.0,27.0,2292120.0,722208.0,1069776.0,356592.0,14.0,0.0,51.0,5.0,0.0,20.0,0.0,5e-05,20000000.0,45842400.0,14444160.0,21395520.0,7131840.0,0.6875,0.6666666666666666
597,597.0,1.0,160.0,48.0,112.0,25.56,81.0,27.0,54.0,27.0,830272.0,260064.0,935928.0,311976.0,4.0,0.0,51.0,5.0,0.0,630.0,0.0,5e-05,20000000.0,16605440.0,5201280.0,18718560.0,6239520.0,0.7,0.6666666666666666
598,598.0,1.0,160.0,48.0,112.0,26.12,81.0,27.0,54.0,27.0,892224.0,275552.0,935928.0,311976.0,4.0,0.0,51.0,5.0,0.0,2080.0,0.0,5e-05,20000000.0,17844480.0,5511040.0,18718560.0,6239520.0,0.7,0.6666666666666666
599,599.0,1.0,145.0,45.0,100.0,19.69,45.0,15.0,30.0,17.4,1480352.0,380832.0,35856.0,11952.0,7.0,0.0,51.0,5.0,0.0,4420.0,0.0,5e-05,20000000.0,29607040.0,7616640.0,717120.0,239040.0,0.6896551724137931,0.6666666666666666
600,600.0,1.0,160.0,58.0,102.0,22.66,144.0,48.0,96.0,27.0,175104.0,61008.0,645120.0,215040.0,2.0,0.0,51.0,5.0,0.0,3880.0,0.0,5e-05,20000000.0,3502080.0,1220160.0,12902400.0,4300800.0,0.6375,0.6666666666666666
601,601.0,1.0,160.0,54.0,106.0,11.37,81.0,33.0,48.0,4.7,348048.0,119992.0,88856.0,41928.0,4.0,0.0,51.0,5.0,0.0,4010.0,0.0,5e-05,20000000.0,6960960.0,2399840.0,1777120.0,838560.0,0.6625,0.5925925925925926
602,602.0,1.0,80.0,25.0,55.0,19.9,18.0,6.0,12.0,15.44,1826648.0,473016.0,494096.0,126320.0,14.0,0.0,51.0,5.0,0.0,2300.0,0.0,5e-05,20000000.0,36532960.0,9460320.0,9881920.0,2526400.0,0.6875,0.6666666666666666
603,603.0,1.0,160.0,57.0,103.0,23.6,144.0,48.0,96.0,27.0,167064.0,59336.0,645120.0,215040.0,2.0,0.0,51.0,5.0,0.0,3460.0,0.0,5e-05,20000000.0,3341280.0,1186720.0,12902400.0,4300800.0,0.64375,0.6666666666666666
604,604.0,1.0,145.0,45.0,100.0,25.9,45.0,15.0,30.0,27.0,2079552.0,654752.0,1099368.0,366456.0,7.0,0.0,51.0,5.0,0.0,3850.0,0.0,5e-05,20000000.0,41591040.0,13095040.0,21987360.0,7329120.0,0.6896551724137931,0.6666666666666666
605,605.0,1.0,145.0,46.0,99.0,26.28,45.0,15.0,30.0,27.0,2182272.0,706920.0,1099368.0,366456.0,7.0,0.0,51.0,5.0,0.0,550.0,0.0,5e-05,20000000.0,43645440.0,14138400.0,21987360.0,7329120.0,0.6827586206896552,0.6666666666666666
606,606.0,1.0,160.0,48.0,112.0,26.2,144.0,48.0,96.0,27.0,219904.0,68352.0,645120.0,215040.0,2.0,0.0,51.0,5.0,0.0,1320.0,0.0,5e-05,20000000.0,4398080.0,1367040.0,12902400.0,4300800.0,0.7,0.6666666666666666
607,607.0,1.0,80.0,26.0,54.0,25.29,18.0,6.0,12.0,24.0,2237896.0,690864.0,954640.0,241456.0,14.0,0.0,51.0,5.0,0.0,300.0,0.0,5e-05,20000000.0,44757920.0,13817280.0,19092800.0,4829120.0,0.675,0.6666666666666666
608,608.0,1.0,160.0,53.0,107.0,20.67,81.0,27.0,54.0,24.0,546744.0,169704.0,835232.0,211280.0,4.0,0.0,51.0,5.0,0.0,3890.0,0.0,5e-05,20000000.0,10934880.0,3394080.0,16704640.0,4225600.0,0.66875,0.6666666666666666
609,609.0,1.0,80.0,25.0,55.0,25.2,18.0,6.0,12.0,24.0,2417192.0,709040.0,954640.0,241456.0,14.0,0.0,51.0,5.0,0.0,1060.0,0.0,5e-05,20000000.0,48343840.0,14180800.0,19092800.0,4829120.0,0.6875,0.6666666666666666
610,610.0,1.0,160.0,48.0,112.0,26.2,144.0,48.0,96.0,27.0,219904.0,68352.0,645120.0,215040.0,2.0,0.0,51.0,5.0,0.0,140.0,0.0,5e-05,20000000.0,4398080.0,1367040.0,12902400.0,4300800.0,0.7,0.6666666666666666
611,611.0,1.0,160.0,56.0,104.0,22.11,81.0,27.0,54.0,24.0,679504.0,212048.0,632024.0,193088.0,4.0,0.0,51.0,5.0,0.0,3050.0,0.0,5e-05,20000000.0,13590080.0,4240960.0,12640480.0,3861760.0,0.65,0.6666666666666666
612,612.0,1.0,145.0,45.0,100.0,18.63,45.0,15.0,30.0,12.96,1428992.0,363712.0,35856.0,11952.0,7.0,0.0,51.0,5.0,0.0,4720.0,0.0,5e-05,20000000.0,28579840.0,7274240.0,717120.0,239040.0,0.6896551724137931,0.6666666666666666
613,613.0,1.0,160.0,48.0,112.0,25.4,144.0,48.0,96.0,22.44,219904.0,68352.0,471360.0,145536.0,2.0,0.0,51.0,5.0,0.0,4350.0,0.0,5e-05,20000000.0,4398080.0,1367040.0,9427200.0,2910720.0,0.7,0.6666666666666666
614,614.0,1.0,80.0,25.0,55.0,20.68,18.0,6.0,12.0,15.67,1650840.0,493088.0,148688.0,126320.0,14.0,0.0,51.0,5.0,0.0,2720.0,0.0,5e-05,20000000.0,33016800.0,9861760.0,2973760.0,2526400.0,0.6875,0.6666666666666666
615,615.0,1.0,80.0,25.0,55.0,24.16,18.0,6.0,12.0,24.0,2162064.0,630688.0,609232.0,241456.0,14.0,0.0,51.0,5.0,0.0,2030.0,0.0,5e-05,20000000.0,43241280.0,12613760.0,12184640.0,4829120.0,0.6875,0.6666666666666666
616,616.0,1.0,80.0,24.0,56.0,23.16,18.0,6.0,12.0,21.67,1773328.0,474152.0,609232.0,241456.0,14.0,0.0,51.0,5.0,0.0,3620.0,0.0,5e-05,20000000.0,35466560.0,9483040.0,12184640.0,4829120.0,0.7,0.6666666666666666
617,617.0,1.0,145.0,46.0,99.0,25.83,45.0,15.0,30.0,27.0,2028672.0,668520.0,1099368.0,366456.0,7.0,0.0,51.0,5.0,0.0,630.0,0.0,5e-05,20000000.0,40573440.0,13370400.0,21987360.0,7329120.0,0.6827586206896552,0.6666666666666666
618,618.0,1.0,145.0,45.0,100.0,26.28,45.0,15.0,30.0,27.0,2182272.0,688992.0,1099368.0,366456.0,7.0,0.0,51.0,5.0,0.0,940.0,0.0,5e-05,20000000.0,43645440.0,13779840.0,21987360.0,7329120.0,0.6896551724137931,0.6666666666666666
619,619.0,1.0,160.0,55.0,105.0,22.07,81.0,27.0,54.0,24.0,537456.0,163848.0,835232.0,211280.0,4.0,0.0,51.0,5.0,0.0,3950.0,0.0,5e-05,20000000.0,10749120.0,3276960.0,16704640.0,4225600.0,0.65625,0.6666666666666666
620,620.0,1.0,160.0,48.0,112.0,26.3,144.0,48.0,96.0,27.0,226560.0,70016.0,645120.0,215040.0,2.0,0.0,51.0,5.0,0.0,3850.0,0.0,5e-05,20000000.0,4531200.0,1400320.0,12902400.0,4300800.0,0.7,0.6666666666666666
621,621.0,1.0,80.0,25.0,55.0,26.3,18.0,6.0,12.0,27.0,2476440.0,768288.0,1069776.0,356592.0,14.0,0.0,51.0,5.0,0.0,50.0,0.0,5e-05,20000000.0,49528800.0,15365760.0,21395520.0,7131840.0,0.6875,0.6666666666666666
622,622.0,1.0,160.0,48.0,112.0,26.3,144.0,60.0,84.0,21.03,226560.0,70016.0,480048.0,138480.0,2.0,0.0,51.0,5.0,0.0,1800.0,0.0,5e-05,20000000.0,4531200.0,1400320.0,9600960.0,2769600.0,0.7,0.5833333333333334
623,623.0,1.0,160.0,48.0,112.0,26.3,144.0,48.0,96.0,24.0,226560.0,70016.0,536520.0,145536.0,2.0,0.0,51.0,5.0,0.0,1810.0,0.0,5e-05,20000000.0,4531200.0,1400320.0,10730400.0,2910720.0,0.7,0.6666666666666666
624,624.0,1.0,160.0,48.0,112.0,25.35,81.0,27.0,54.0,24.0,865984.0,268992.0,750320.0,193088.0,4.0,0.0,51.0,5.0,0.0,1370.0,0.0,5e-05,20000000.0,17319680.0,5379840.0,15006400.0,3861760.0,0.7,0.6666666666666666
625,625.0,1.0,80.0,25.0,55.0,24.39,18.0,6.0,12.0,22.5,2143224.0,670584.0,551664.0,183888.0,14.0,0.0,51.0,5.0,0.0,1360.0,0.0,5e-05,20000000.0,42864480.0,13411680.0,11033280.0,3677760.0,0.6875,0.6666666666666666
626,626.0,1.0,160.0,48.0,112.0,26.2,144.0,48.0,96.0,27.0,219904.0,68352.0,645120.0,215040.0,2.0,0.0,51.0,5.0,0.0,3550.0,0.0,5e-05,20000000.0,4398080.0,1367040.0,12902400.0,4300800.0,0.7,0.6666666666666666
627,627.0,1.0,80.0,25.0,55.0,26.12,18.0,6.0,12.0,27.0,2476440.0,768288.0,1069776.0,356592.0,14.0,0.0,51.0,5.0,0.0,90.0,0.0,5e-05,20000000.0,49528800.0,15365760.0,21395520.0,7131840.0,0.6875,0.6666666666666666
628,628.0,1.0,160.0,54.0,106.0,19.92,81.0,27.0,54.0,22.0,473344.0,143320.0,554680.0,140920.0,4.0,0.0,51.0,5.0,0.0,3830.0,0.0,5e-05,20000000.0,9466880.0,2866400.0,11093600.0,2818400.0,0.6625,0.6666666666666666
629,629.0,1.0,160.0,48.0,112.0,26.2,144.0,48.0,96.0,27.0,219904.0,68352.0,645120.0,215040.0,2.0,0.0,51.0,5.0,0.0,1450.0,0.0,5e-05,20000000.0,4398080.0,1367040.0,12902400.0,4300800.0,0.7,0.6666666666666666
630,630.0,1.0,160.0,60.0,100.0,20.85,144.0,76.0,68.0,12.37,168448.0,43392.0,297600.0,79840.0,2.0,0.0,51.0,5.0,0.0,2600.0,0.0,5e-05,20000000.0,3368960.0,867840.0,5952000.0,1596800.0,0.625,0.4722222222222222
631,631.0,1.0,80.0,25.0,55.0,26.21,18.0,6.0,12.0,27.0,2476440.0,768288.0,1069776.0,356592.0,14.0,0.0,51.0,5.0,0.0,1930.0,0.0,5e-05,20000000.0,49528800.0,15365760.0,21395520.0,7131840.0,0.6875,0.6666666666666666
632,632.0,1.0,80.0,24.0,56.0,24.08,18.0,6.0,12.0,24.0,2181528.0,628736.0,954640.0,241456.0,14.0,0.0,51.0,5.0,0.0,4650.0,0.0,5e-05,20000000.0,43630560.0,12574720.0,19092800.0,4829120.0,0.7,0.6666666666666666
633,633.0,1.0,80.0,25.0,55.0,20.4,18.0,6.0,12.0,24.0,1476360.0,434656.0,954640.0,241456.0,14.0,0.0,51.0,5.0,0.0,4490.0,0.0,5e-05,20000000.0,29527200.0,8693120.0,19092800.0,4829120.0,0.6875,0.6666666666666666
634,634.0,1.0,80.0,25.0,55.0,21.6,18.0,6.0,12.0,19.22,2024464.0,532264.0,494096.0,126320.0,14.0,0.0,51.0,5.0,0.0,4360.0,0.0,5e-05,20000000.0,40489280.0,10645280.0,9881920.0,2526400.0,0.6875,0.6666666666666666
635,635.0,1.0,145.0,45.0,100.0,24.06,45.0,15.0,30.0,20.4,1908352.0,569152.0,508528.0,130120.0,7.0,0.0,51.0,5.0,0.0,4830.0,0.0,5e-05,20000000.0,38167040.0,11383040.0,10170560.0,2602400.0,0.6896551724137931,0.6666666666666666
636,636.0,1.0,160.0,48.0,112.0,25.81,81.0,27.0,54.0,27.0,830272.0,260064.0,935928.0,311976.0,4.0,0.0,51.0,5.0,0.0,830.0,0.0,5e-05,20000000.0,16605440.0,5201280.0,18718560.0,6239520.0,0.7,0.6666666666666666
637,637.0,1.0,80.0,25.0,55.0,26.12,18.0,6.0,12.0,27.0,2476440.0,768288.0,1069776.0,356592.0,14.0,0.0,51.0,5.0,0.0,2220.0,0.0,5e-05,20000000.0,49528800.0,15365760.0,21395520.0,7131840.0,0.6875,0.6666666666666666
638,638.0,1.0,160.0,48.0,112.0,25.99,81.0,27.0,54.0,27.0,892224.0,275552.0,935928.0,311976.0,4.0,0.0,51.0,5.0,0.0,70.0,0.0,5e-05,20000000.0,17844480.0,5511040.0,18718560.0,6239520.0,0.7,0.6666666666666666
639,639.0,1.0,160.0,59.0,101.0,23.6,144.0,48.0,96.0,27.0,192792.0,62680.0,645120.0,215040.0,2.0,0.0,51.0,5.0,0.0,3170.0,0.0,5e-05,20000000.0,3855840.0,1253600.0,12902400.0,4300800.0,0.63125,0.6666666666666666
640,640.0,1.0,160.0,48.0,112.0,26.12,81.0,27.0,54.0,27.0,892224.0,275552.0,935928.0,311976.0,4.0,0.0,51.0,5.0,0.0,950.0,0.0,5e-05,20000000.0,17844480.0,5511040.0,18718560.0,6239520.0,0.7,0.6666666666666666
641,641.0,1.0,160.0,50.0,110.0,20.02,81.0,27.0,54.0,20.0,691488.0,175456.0,290616.0,74904.0,4.0,0.0,51.0,5.0,0.0,4420.0,0.0,5e-05,20000000.0,13829760.0,3509120.0,5812320.0,1498080.0,0.6875,0.6666666666666666
642,642.0,1.0,160.0,63.0,97.0,18.14,81.0,34.0,47.0,21.0,486336.0,157960.0,654784.0,187424.0,4.0,0.0,51.0,5.0,0.0,1400.0,0.0,5e-05,20000000.0,9726720.0,3159200.0,13095680.0,3748480.0,0.60625,0.5802469135802469
643,643.0,1.0,80.0,25.0,55.0,18.51,18.0,6.0,12.0,12.67,1709120.0,433840.0,494096.0,126320.0,14.0,0.0,51.0,5.0,0.0,4600.0,0.0,5e-05,20000000.0,34182400.0,8676800.0,9881920.0,2526400.0,0.6875,0.6666666666666666
644,644.0,1.0,160.0,48.0,112.0,26.3,144.0,48.0,96.0,27.0,226560.0,70016.0,645120.0,215040.0,2.0,0.0,51.0,5.0,0.0,540.0,0.0,5e-05,20000000.0,4531200.0,1400320.0,12902400.0,4300800.0,0.7,0.6666666666666666
645,645.0,1.0,160.0,61.0,99.0,23.42,81.0,27.0,54.0,27.0,708112.0,248936.0,935928.0,311976.0,4.0,0.0,51.0,5.0,0.0,970.0,0.0,5e-05,20000000.0,14162240.0,4978720.0,18718560.0,6239520.0,0.61875,0.6666666666666666
646,646.0,1.0,145.0,46.0,99.0,26.17,45.0,15.0,30.0,27.0,2120832.0,691560.0,1099368.0,366456.0,7.0,0.0,51.0,5.0,0.0,1330.0,0.0,5e-05,20000000.0,42416640.0,13831200.0,21987360.0,7329120.0,0.6827586206896552,0.6666666666666666
647,647.0,1.0,80.0,24.0,56.0,25.52,18.0,6.0,12.0,24.0,2379344.0,687984.0,954640.0,241456.0,14.0,0.0,51.0,5.0,0.0,1180.0,0.0,5e-05,20000000.0,47586880.0,13759680.0,19092800.0,4829120.0,0.7,0.6666666666666666
648,648.0,1.0,160.0,48.0,112.0,25.85,81.0,27.0,54.0,27.0,865984.0,268992.0,935928.0,311976.0,4.0,0.0,51.0,5.0,0.0,1260.0,0.0,5e-05,20000000.0,17319680.0,5379840.0,18718560.0,6239520.0,0.7,0.6666666666666666
649,649.0,1.0,160.0,48.0,112.0,26.0,81.0,27.0,54.0,24.0,865984.0,268992.0,835232.0,211280.0,4.0,0.0,51.0,5.0,0.0,1590.0,0.0,5e-05,20000000.0,17319680.0,5379840.0,16704640.0,4225600.0,0.7,0.6666666666666666
650,650.0,1.0,80.0,25.0,55.0,25.88,18.0,6.0,12.0,27.0,2292120.0,722208.0,1069776.0,356592.0,14.0,0.0,51.0,5.0,0.0,750.0,0.0,5e-05,20000000.0,45842400.0,14444160.0,21395520.0,7131840.0,0.6875,0.6666666666666666
651,651.0,1.0,80.0,28.0,52.0,24.19,18.0,6.0,12.0,27.0,2085360.0,675264.0,1069776.0,356592.0,14.0,0.0,51.0,5.0,0.0,910.0,0.0,5e-05,20000000.0,41707200.0,13505280.0,21395520.0,7131840.0,0.65,0.6666666666666666
652,652.0,1.0,160.0,48.0,112.0,25.4,144.0,54.0,90.0,21.08,219904.0,68352.0,419232.0,128976.0,2.0,0.0,51.0,5.0,0.0,3730.0,0.0,5e-05,20000000.0,4398080.0,1367040.0,8384640.0,2579520.0,0.7,0.625
653,653.0,1.0,80.0,24.0,56.0,21.86,18.0,6.0,12.0,21.11,1989048.0,511816.0,502992.0,128544.0,14.0,0.0,51.0,5.0,0.0,4300.0,0.0,5e-05,20000000.0,39780960.0,10236320.0,10059840.0,2570880.0,0.7,0.6666666666666666
654,654.0,1.0,160.0,48.0,112.0,25.95,81.0,27.0,54.0,27.0,865984.0,268992.0,935928.0,311976.0,4.0,0.0,51.0,5.0,0.0,1430.0,0.0,5e-05,20000000.0,17319680.0,5379840.0,18718560.0,6239520.0,0.7,0.6666666666666666
655,655.0,1.0,160.0,48.0,112.0,25.38,81.0,27.0,54.0,20.67,892224.0,275552.0,342304.0,88048.0,4.0,0.0,51.0,5.0,0.0,2710.0,0.0,5e-05,20000000.0,17844480.0,5511040.0,6846080.0,1760960.0,0.7,0.6666666666666666
656,656.0,1.0,160.0,48.0,112.0,25.85,81.0,27.0,54.0,24.0,865984.0,268992.0,655376.0,202184.0,4.0,0.0,51.0,5.0,0.0,2500.0,0.0,5e-05,20000000.0,17319680.0,5379840.0,13107520.0,4043680.0,0.7,0.6666666666666666
657,657.0,1.0,80.0,25.0,55.0,23.7,18.0,6.0,12.0,24.0,2183464.0,611432.0,954640.0,241456.0,14.0,0.0,51.0,5.0,0.0,3250.0,0.0,5e-05,20000000.0,43669280.0,12228640.0,19092800.0,4829120.0,0.6875,0.6666666666666666
658,658.0,1.0,160.0,61.0,99.0,19.62,144.0,48.0,96.0,24.0,123424.0,32200.0,575616.0,145536.0,2.0,0.0,51.0,5.0,0.0,3590.0,0.0,5e-05,20000000.0,2468480.0,644000.0,11512320.0,2910720.0,0.61875,0.6666666666666666
659,659.0,1.0,160.0,51.0,109.0,20.73,81.0,31.0,50.0,12.54,691488.0,175808.0,433336.0,111424.0,4.0,0.0,51.0,5.0,0.0,4600.0,0.0,5e-05,20000000.0,13829760.0,3516160.0,8666720.0,2228480.0,0.68125,0.6172839506172839
660,660.0,1.0,80.0,25.0,55.0,24.69,18.0,6.0,12.0,24.0,2378016.0,669864.0,954640.0,241456.0,14.0,0.0,51.0,5.0,0.0,2650.0,0.0,5e-05,20000000.0,47560320.0,13397280.0,19092800.0,4829120.0,0.6875,0.6666666666666666
661,661.0,1.0,80.0,25.0,55.0,26.21,18.0,6.0,12.0,27.0,2476440.0,768288.0,1069776.0,356592.0,14.0,0.0,51.0,5.0,0.0,1780.0,0.0,5e-05,20000000.0,49528800.0,15365760.0,21395520.0,7131840.0,0.6875,0.6666666666666666
662,662.0,1.0,160.0,48.0,112.0,26.2,144.0,48.0,96.0,27.0,219904.0,68352.0,645120.0,215040.0,2.0,0.0,51.0,5.0,0.0,3960.0,0.0,5e-05,20000000.0,4398080.0,1367040.0,12902400.0,4300800.0,0.7,0.6666666666666666
663,663.0,1.0,145.0,46.0,99.0,26.28,45.0,15.0,30.0,27.0,2182272.0,706920.0,1099368.0,366456.0,7.0,0.0,51.0,5.0,0.0,350.0,0.0,5e-05,20000000.0,43645440.0,14138400.0,21987360.0,7329120.0,0.6827586206896552,0.6666666666666666
664,664.0,1.0,80.0,27.0,53.0,22.8,18.0,6.0,12.0,27.0,1849432.0,594240.0,1069776.0,356592.0,14.0,0.0,51.0,5.0,0.0,1760.0,0.0,5e-05,20000000.0,36988640.0,11884800.0,21395520.0,7131840.0,0.6625,0.6666666666666666
665,665.0,1.0,80.0,25.0,55.0,26.12,18.0,6.0,12.0,27.0,2476440.0,768288.0,1069776.0,356592.0,14.0,0.0,51.0,5.0,0.0,70.0,0.0,5e-05,20000000.0,49528800.0,15365760.0,21395520.0,7131840.0,0.6875,0.6666666666666666
666,666.0,1.0,160.0,48.0,112.0,26.2,144.0,48.0,96.0,27.0,219904.0,68352.0,645120.0,215040.0,2.0,0.0,51.0,5.0,0.0,4280.0,0.0,5e-05,20000000.0,4398080.0,1367040.0,12902400.0,4300800.0,0.7,0.6666666666666666
667,667.0,1.0,80.0,25.0,55.0,25.79,18.0,6.0,12.0,27.0,2358912.0,729112.0,1069776.0,356592.0,14.0,0.0,51.0,5.0,0.0,2280.0,0.0,5e-05,20000000.0,47178240.0,14582240.0,21395520.0,7131840.0,0.6875,0.6666666666666666
668,668.0,1.0,160.0,48.0,112.0,25.95,81.0,27.0,54.0,27.0,865984.0,268992.0,935928.0,311976.0,4.0,0.0,51.0,5.0,0.0,1550.0,0.0,5e-05,20000000.0,17319680.0,5379840.0,18718560.0,6239520.0,0.7,0.6666666666666666
669,669.0,1.0,80.0,24.0,56.0,26.0,18.0,6.0,12.0,27.0,2399416.0,708056.0,1069776.0,356592.0,14.0,0.0,51.0,5.0,0.0,190.0,0.0,5e-05,20000000.0,47988320.0,14161120.0,21395520.0,7131840.0,0.7,0.6666666666666666
670,670.0,1.0,145.0,44.0,101.0,19.54,45.0,15.0,30.0,21.4,1120832.0,397144.0,615376.0,235600.0,7.0,0.0,51.0,5.0,0.0,3520.0,0.0,5e-05,20000000.0,22416640.0,7942880.0,12307520.0,4712000.0,0.696551724137931,0.6666666666666666
671,671.0,1.0,80.0,26.0,54.0,25.26,18.0,6.0,12.0,24.0,2437264.0,770088.0,781936.0,241456.0,14.0,0.0,51.0,5.0,0.0,1020.0,0.0,5e-05,20000000.0,48745280.0,15401760.0,15638720.0,4829120.0,0.675,0.6666666666666666
672,672.0,1.0,160.0,48.0,112.0,26.2,144.0,48.0,96.0,27.0,219904.0,68352.0,645120.0,215040.0,2.0,0.0,51.0,5.0,0.0,1280.0,0.0,5e-05,20000000.0,4398080.0,1367040.0,12902400.0,4300800.0,0.7,0.6666666666666666
673,673.0,1.0,80.0,25.0,55.0,23.9,18.0,6.0,12.0,24.0,2183464.0,611432.0,954640.0,241456.0,14.0,0.0,51.0,5.0,0.0,3240.0,0.0,5e-05,20000000.0,43669280.0,12228640.0,19092800.0,4829120.0,0.6875,0.6666666666666666
674,674.0,1.0,145.0,47.0,98.0,22.34,45.0,15.0,30.0,17.93,1685792.0,468048.0,141336.0,117432.0,7.0,0.0,51.0,5.0,0.0,2720.0,0.0,5e-05,20000000.0,33715840.0,9360960.0,2826720.0,2348640.0,0.6758620689655173,0.6666666666666666
675,675.0,1.0,160.0,58.0,102.0,21.91,81.0,27.0,54.0,27.0,519096.0,179016.0,935928.0,311976.0,4.0,0.0,51.0,5.0,0.0,3470.0,0.0,5e-05,20000000.0,10381920.0,3580320.0,18718560.0,6239520.0,0.6375,0.6666666666666666
676,676.0,1.0,160.0,48.0,112.0,25.81,81.0,27.0,54.0,27.0,830272.0,260064.0,935928.0,311976.0,4.0,0.0,51.0,5.0,0.0,610.0,0.0,5e-05,20000000.0,16605440.0,5201280.0,18718560.0,6239520.0,0.7,0.6666666666666666
677,677.0,1.0,145.0,44.0,101.0,20.39,45.0,15.0,30.0,18.0,1316192.0,450264.0,564624.0,222912.0,7.0,0.0,51.0,5.0,0.0,3760.0,0.0,5e-05,20000000.0,26323840.0,9005280.0,11292480.0,4458240.0,0.696551724137931,0.6666666666666666
678,678.0,1.0,160.0,48.0,112.0,26.2,144.0,68.0,76.0,18.04,219904.0,68352.0,414888.0,139568.0,2.0,0.0,51.0,5.0,0.0,2520.0,0.0,5e-05,20000000.0,4398080.0,1367040.0,8297760.0,2791360.0,0.7,0.5277777777777778
679,679.0,1.0,160.0,48.0,112.0,26.2,144.0,48.0,96.0,27.0,219904.0,68352.0,645120.0,215040.0,2.0,0.0,51.0,5.0,0.0,160.0,0.0,5e-05,20000000.0,4398080.0,1367040.0,12902400.0,4300800.0,0.7,0.6666666666666666
680,680.0,1.0,145.0,44.0,101.0,24.73,45.0,15.0,30.0,21.6,1908352.0,602584.0,354576.0,170400.0,7.0,0.0,51.0,5.0,0.0,4110.0,0.0,5e-05,20000000.0,38167040.0,12051680.0,7091520.0,3408000.0,0.696551724137931,0.6666666666666666
681,681.0,1.0,145.0,46.0,99.0,24.14,45.0,15.0,30.0,22.8,1812672.0,537480.0,824056.0,209344.0,7.0,0.0,51.0,5.0,0.0,1300.0,0.0,5e-05,20000000.0,36253440.0,10749600.0,16481120.0,4186880.0,0.6827586206896552,0.6666666666666666
682,682.0,1.0,160.0,48.0,112.0,26.08,81.0,27.0,54.0,27.0,892224.0,275552.0,935928.0,311976.0,4.0,0.0,51.0,5.0,0.0,220.0,0.0,5e-05,20000000.0,17844480.0,5511040.0,18718560.0,6239520.0,0.7,0.6666666666666666
683,683.0,1.0,160.0,48.0,112.0,26.0,144.0,48.0,96.0,27.0,212224.0,66432.0,645120.0,215040.0,2.0,0.0,51.0,5.0,0.0,860.0,0.0,5e-05,20000000.0,4244480.0,1328640.0,12902400.0,4300800.0,0.7,0.6666666666666666
684,684.0,1.0,160.0,48.0,112.0,25.81,81.0,27.0,54.0,27.0,830272.0,260064.0,935928.0,311976.0,4.0,0.0,51.0,5.0,0.0,860.0,0.0,5e-05,20000000.0,16605440.0,5201280.0,18718560.0,6239520.0,0.7,0.6666666666666666
685,685.0,1.0,160.0,48.0,112.0,26.3,144.0,48.0,96.0,27.0,226560.0,70016.0,645120.0,215040.0,2.0,0.0,51.0,5.0,0.0,1080.0,0.0,5e-05,20000000.0,4531200.0,1400320.0,12902400.0,4300800.0,0.7,0.6666666666666666
686,686.0,1.0,80.0,25.0,55.0,25.96,18.0,6.0,12.0,27.0,2358912.0,729112.0,1069776.0,356592.0,14.0,0.0,51.0,5.0,0.0,320.0,0.0,5e-05,20000000.0,47178240.0,14582240.0,21395520.0,7131840.0,0.6875,0.6666666666666666
687,687.0,1.0,160.0,48.0,112.0,25.99,81.0,27.0,54.0,27.0,892224.0,275552.0,935928.0,311976.0,4.0,0.0,51.0,5.0,0.0,60.0,0.0,5e-05,20000000.0,17844480.0,5511040.0,18718560.0,6239520.0,0.7,0.6666666666666666
688,688.0,1.0,80.0,25.0,55.0,22.68,18.0,6.0,12.0,27.0,1651808.0,552336.0,1069776.0,356592.0,14.0,0.0,51.0,5.0,0.0,1880.0,0.0,5e-05,20000000.0,33036160.0,11046720.0,21395520.0,7131840.0,0.6875,0.6666666666666666
689,689.0,1.0,145.0,46.0,99.0,21.63,45.0,16.0,29.0,19.84,1778432.0,451880.0,563256.0,145032.0,7.0,0.0,51.0,5.0,0.0,2360.0,0.0,5e-05,20000000.0,35568640.0,9037600.0,11265120.0,2900640.0,0.6827586206896552,0.6444444444444445
690,690.0,1.0,160.0,48.0,112.0,25.99,81.0,27.0,54.0,27.0,892224.0,275552.0,935928.0,311976.0,4.0,0.0,51.0,5.0,0.0,40.0,0.0,5e-05,20000000.0,17844480.0,5511040.0,18718560.0,6239520.0,0.7,0.6666666666666666
691,691.0,1.0,80.0,25.0,55.0,21.46,18.0,6.0,12.0,21.0,1612632.0,552336.0,609232.0,241456.0,14.0,0.0,51.0,5.0,0.0,4740.0,0.0,5e-05,20000000.0,32252640.0,11046720.0,12184640.0,4829120.0,0.6875,0.6666666666666666
692,692.0,1.0,160.0,61.0,99.0,23.6,144.0,48.0,96.0,27.0,186360.0,66024.0,645120.0,215040.0,2.0,0.0,51.0,5.0,0.0,1940.0,0.0,5e-05,20000000.0,3727200.0,1320480.0,12902400.0,4300800.0,0.61875,0.6666666666666666
693,693.0,1.0,145.0,45.0,100.0,25.09,45.0,16.0,29.0,22.8,2045312.0,637632.0,720792.0,250056.0,7.0,0.0,51.0,5.0,0.0,2040.0,0.0,5e-05,20000000.0,40906240.0,12752640.0,14415840.0,5001120.0,0.6896551724137931,0.6444444444444445
694,694.0,1.0,145.0,46.0,99.0,26.17,45.0,15.0,30.0,27.0,2120832.0,691560.0,1099368.0,366456.0,7.0,0.0,51.0,5.0,0.0,1390.0,0.0,5e-05,20000000.0,42416640.0,13831200.0,21987360.0,7329120.0,0.6827586206896552,0.6666666666666666
695,695.0,1.0,80.0,25.0,55.0,25.7,18.0,6.0,12.0,27.0,2358912.0,729112.0,1069776.0,356592.0,14.0,0.0,51.0,5.0,0.0,2160.0,0.0,5e-05,20000000.0,47178240.0,14582240.0,21395520.0,7131840.0,0.6875,0.6666666666666666
696,696.0,1.0,160.0,48.0,112.0,25.95,81.0,27.0,54.0,21.75,892224.0,275552.0,503640.0,129312.0,4.0,0.0,51.0,5.0,0.0,3900.0,0.0,5e-05,20000000.0,17844480.0,5511040.0,10072800.0,2586240.0,0.7,0.6666666666666666
697,697.0,1.0,80.0,25.0,55.0,26.0,18.0,6.0,12.0,27.0,2292120.0,722208.0,1069776.0,356592.0,14.0,0.0,51.0,5.0,0.0,740.0,0.0,5e-05,20000000.0,45842400.0,14444160.0,21395520.0,7131840.0,0.6875,0.6666666666666666
698,698.0,1.0,145.0,45.0,100.0,22.76,45.0,15.0,30.0,15.04,1720032.0,569152.0,154024.0,130120.0,7.0,0.0,51.0,5.0,0.0,4400.0,0.0,5e-05,20000000.0,34400640.0,11383040.0,3080480.0,2602400.0,0.6896551724137931,0.6666666666666666
699,699.0,1.0,160.0,48.0,112.0,26.12,81.0,27.0,54.0,27.0,892224.0,275552.0,935928.0,311976.0,4.0,0.0,51.0,5.0,0.0,1050.0,0.0,5e-05,20000000.0,17844480.0,5511040.0,18718560.0,6239520.0,0.7,0.6666666666666666
700,700.0,1.0,160.0,58.0,102.0,23.5,144.0,48.0,96.0,27.0,165232.0,59344.0,645120.0,215040.0,2.0,0.0,51.0,5.0,0.0,3580.0,0.0,5e-05,20000000.0,3304640.0,1186880.0,12902400.0,4300800.0,0.6375,0.6666666666666666
701,701.0,1.0,80.0,24.0,56.0,25.66,18.0,6.0,12.0,27.0,2281888.0,668880.0,1069776.0,356592.0,14.0,0.0,51.0,5.0,0.0,1720.0,0.0,5e-05,20000000.0,45637760.0,13377600.0,21395520.0,7131840.0,0.7,0.6666666666666666
702,702.0,1.0,145.0,45.0,100.0,26.28,45.0,15.0,30.0,27.0,2182272.0,688992.0,1099368.0,366456.0,7.0,0.0,51.0,5.0,0.0,90.0,0.0,5e-05,20000000.0,43645440.0,13779840.0,21987360.0,7329120.0,0.6896551724137931,0.6666666666666666
703,703.0,1.0,160.0,60.0,100.0,22.58,81.0,27.0,54.0,27.0,715792.0,247224.0,935928.0,311976.0,4.0,0.0,51.0,5.0,0.0,1640.0,0.0,5e-05,20000000.0,14315840.0,4944480.0,18718560.0,6239520.0,0.625,0.6666666666666666
704,704.0,1.0,160.0,48.0,112.0,25.95,81.0,27.0,54.0,24.0,865984.0,268992.0,835232.0,211280.0,4.0,0.0,51.0,5.0,0.0,2590.0,0.0,5e-05,20000000.0,17319680.0,5379840.0,16704640.0,4225600.0,0.7,0.6666666666666666
705,705.0,1.0,160.0,56.0,104.0,23.29,81.0,27.0,54.0,27.0,641808.0,227536.0,935928.0,311976.0,4.0,0.0,51.0,5.0,0.0,2860.0,0.0,5e-05,20000000.0,12836160.0,4550720.0,18718560.0,6239520.0,0.65,0.6666666666666666
706,706.0,1.0,160.0,53.0,107.0,21.51,81.0,27.0,54.0,27.0,574344.0,196440.0,935928.0,311976.0,4.0,0.0,51.0,5.0,0.0,3880.0,0.0,5e-05,20000000.0,11486880.0,3928800.0,18718560.0,6239520.0,0.66875,0.6666666666666666
707,707.0,1.0,80.0,25.0,55.0,25.19,18.0,7.0,11.0,21.33,2185016.0,670584.0,724368.0,243320.0,14.0,0.0,51.0,5.0,0.0,1200.0,0.0,5e-05,20000000.0,43700320.0,13411680.0,14487360.0,4866400.0,0.6875,0.6111111111111112
708,708.0,1.0,160.0,62.0,98.0,20.08,144.0,49.0,95.0,22.89,147544.0,43520.0,540864.0,136984.0,2.0,0.0,51.0,5.0,0.0,1700.0,0.0,5e-05,20000000.0,2950880.0,870400.0,10817280.0,2739680.0,0.6125,0.6597222222222222
709,709.0,1.0,160.0,48.0,112.0,24.2,144.0,60.0,84.0,18.1,226560.0,70016.0,354072.0,121104.0,2.0,0.0,51.0,5.0,0.0,3390.0,0.0,5e-05,20000000.0,4531200.0,1400320.0,7081440.0,2422080.0,0.7,0.5833333333333334
710,710.0,1.0,160.0,48.0,112.0,26.3,144.0,48.0,96.0,24.0,226560.0,70016.0,575616.0,145536.0,2.0,0.0,51.0,5.0,0.0,1770.0,0.0,5e-05,20000000.0,4531200.0,1400320.0,11512320.0,2910720.0,0.7,0.6666666666666666
711,711.0,1.0,160.0,48.0,112.0,26.3,144.0,48.0,96.0,27.0,226560.0,70016.0,645120.0,215040.0,2.0,0.0,51.0,5.0,0.0,450.0,0.0,5e-05,20000000.0,4531200.0,1400320.0,12902400.0,4300800.0,0.7,0.6666666666666666
712,712.0,1.0,160.0,48.0,112.0,26.3,144.0,48.0,96.0,27.0,226560.0,70016.0,645120.0,215040.0,2.0,0.0,51.0,5.0,0.0,80.0,0.0,5e-05,20000000.0,4531200.0,1400320.0,12902400.0,4300800.0,0.7,0.6666666666666666
713,713.0,1.0,160.0,53.0,107.0,20.85,81.0,30.0,51.0,17.48,690912.0,176224.0,524048.0,141920.0,4.0,0.0,51.0,5.0,0.0,4120.0,0.0,5e-05,20000000.0,13818240.0,3524480.0,10480960.0,2838400.0,0.66875,0.6296296296296297
714,714.0,1.0,145.0,47.0,98.0,26.09,45.0,15.0,30.0,27.0,2165152.0,707728.0,1099368.0,366456.0,7.0,0.0,51.0,5.0,0.0,280.0,0.0,5e-05,20000000.0,43303040.0,14154560.0,21987360.0,7329120.0,0.6758620689655173,0.6666666666666666
715,715.0,1.0,80.0,25.0,55.0,24.84,18.0,6.0,12.0,24.0,2202208.0,689936.0,609232.0,241456.0,14.0,0.0,51.0,5.0,0.0,2680.0,0.0,5e-05,20000000.0,44044160.0,13798720.0,12184640.0,4829120.0,0.6875,0.6666666666666666
716,716.0,1.0,160.0,48.0,112.0,26.3,144.0,48.0,96.0,24.11,226560.0,70016.0,372736.0,146944.0,2.0,0.0,51.0,5.0,0.0,1100.0,0.0,5e-05,20000000.0,4531200.0,1400320.0,7454720.0,2938880.0,0.7,0.6666666666666666
717,717.0,1.0,160.0,59.0,101.0,23.6,144.0,48.0,96.0,27.0,176712.0,62680.0,645120.0,215040.0,2.0,0.0,51.0,5.0,0.0,2860.0,0.0,5e-05,20000000.0,3534240.0,1253600.0,12902400.0,4300800.0,0.63125,0.6666666666666666
718,718.0,1.0,80.0,25.0,55.0,22.88,18.0,6.0,12.0,21.22,2005360.0,552336.0,609232.0,241456.0,14.0,0.0,51.0,5.0,0.0,4390.0,0.0,5e-05,20000000.0,40107200.0,11046720.0,12184640.0,4829120.0,0.6875,0.6666666666666666
719,719.0,1.0,80.0,25.0,55.0,22.14,18.0,6.0,12.0,24.0,2102816.0,532264.0,954640.0,241456.0,14.0,0.0,51.0,5.0,0.0,4840.0,0.0,5e-05,20000000.0,42056320.0,10645280.0,19092800.0,4829120.0,0.6875,0.6666666666666666
720,720.0,1.0,160.0,48.0,112.0,25.4,144.0,48.0,96.0,24.0,219904.0,68352.0,536520.0,145536.0,2.0,0.0,51.0,5.0,0.0,1350.0,0.0,5e-05,20000000.0,4398080.0,1367040.0,10730400.0,2910720.0,0.7,0.6666666666666666
721,721.0,1.0,80.0,25.0,55.0,21.11,18.0,6.0,12.0,21.0,1869088.0,473832.0,494096.0,126320.0,14.0,0.0,51.0,5.0,0.0,2360.0,0.0,5e-05,20000000.0,37381760.0,9476640.0,9881920.0,2526400.0,0.6875,0.6666666666666666
722,722.0,1.0,80.0,26.0,54.0,18.26,18.0,6.0,12.0,12.78,1632096.0,416384.0,494096.0,126320.0,14.0,0.0,51.0,5.0,0.0,2600.0,0.0,5e-05,20000000.0,32641920.0,8327680.0,9881920.0,2526400.0,0.675,0.6666666666666666
723,723.0,1.0,160.0,62.0,98.0,23.6,144.0,48.0,96.0,27.0,197616.0,67696.0,645120.0,215040.0,2.0,0.0,51.0,5.0,0.0,2270.0,0.0,5e-05,20000000.0,3952320.0,1353920.0,12902400.0,4300800.0,0.6125,0.6666666666666666
724,724.0,1.0,160.0,57.0,103.0,23.42,81.0,27.0,54.0,23.67,743064.0,229208.0,706952.0,202184.0,4.0,0.0,51.0,5.0,0.0,2210.0,0.0,5e-05,20000000.0,14861280.0,4584160.0,14139040.0,4043680.0,0.64375,0.6666666666666666
725,725.0,1.0,145.0,45.0,100.0,26.17,45.0,15.0,30.0,27.0,2120832.0,673632.0,1099368.0,366456.0,7.0,0.0,51.0,5.0,0.0,190.0,0.0,5e-05,20000000.0,42416640.0,13472640.0,21987360.0,7329120.0,0.6896551724137931,0.6666666666666666
726,726.0,1.0,160.0,48.0,112.0,26.0,144.0,48.0,96.0,27.0,212224.0,66432.0,645120.0,215040.0,2.0,0.0,51.0,5.0,0.0,720.0,0.0,5e-05,20000000.0,4244480.0,1328640.0,12902400.0,4300800.0,0.7,0.6666666666666666
727,727.0,1.0,160.0,48.0,112.0,25.4,144.0,48.0,96.0,24.0,219904.0,68352.0,536520.0,145536.0,2.0,0.0,51.0,5.0,0.0,1340.0,0.0,5e-05,20000000.0,4398080.0,1367040.0,10730400.0,2910720.0,0.7,0.6666666666666666
728,728.0,1.0,160.0,48.0,112.0,26.2,144.0,48.0,96.0,27.0,219904.0,68352.0,645120.0,215040.0,2.0,0.0,51.0,5.0,0.0,3570.0,0.0,5e-05,20000000.0,4398080.0,1367040.0,12902400.0,4300800.0,0.7,0.6666666666666666
729,729.0,1.0,160.0,48.0,112.0,26.3,144.0,48.0,96.0,27.0,226560.0,70016.0,645120.0,215040.0,2.0,0.0,51.0,5.0,0.0,480.0,0.0,5e-05,20000000.0,4531200.0,1400320.0,12902400.0,4300800.0,0.7,0.6666666666666666
730,730.0,1.0,80.0,25.0,55.0,8.98,18.0,6.0,12.0,4.0,660992.0,171808.0,33552.0,11184.0,14.0,0.0,51.0,5.0,0.0,4000.0,0.0,5e-05,20000000.0,13219840.0,3436160.0,671040.0,223680.0,0.6875,0.6666666666666666
731,731.0,1.0,145.0,46.0,99.0,22.76,45.0,15.0,30.0,27.0,1436032.0,520360.0,1099368.0,366456.0,7.0,0.0,51.0,5.0,0.0,4980.0,0.0,5e-05,20000000.0,28720640.0,10407200.0,21987360.0,7329120.0,0.6827586206896552,0.6666666666666666
732,732.0,1.0,80.0,24.0,56.0,25.8,18.0,6.0,12.0,27.0,2399416.0,708056.0,1069776.0,356592.0,14.0,0.0,51.0,5.0,0.0,1630.0,0.0,5e-05,20000000.0,47988320.0,14161120.0,21395520.0,7131840.0,0.7,0.6666666666666666
733,733.0,1.0,145.0,46.0,99.0,18.93,45.0,15.0,30.0,12.62,1497472.0,381640.0,508528.0,130120.0,7.0,0.0,51.0,5.0,0.0,4600.0,0.0,5e-05,20000000.0,29949440.0,7632800.0,10170560.0,2602400.0,0.6827586206896552,0.6666666666666666
734,734.0,1.0,160.0,60.0,100.0,23.6,144.0,48.0,96.0,27.0,181536.0,64352.0,645120.0,215040.0,2.0,0.0,51.0,5.0,0.0,1820.0,0.0,5e-05,20000000.0,3630720.0,1287040.0,12902400.0,4300800.0,0.625,0.6666666666666666
735,735.0,1.0,160.0,48.0,112.0,25.95,81.0,27.0,54.0,24.0,892224.0,275552.0,835232.0,211280.0,4.0,0.0,51.0,5.0,0.0,1890.0,0.0,5e-05,20000000.0,17844480.0,5511040.0,16704640.0,4225600.0,0.7,0.6666666666666666
736,736.0,1.0,160.0,48.0,112.0,26.2,144.0,48.0,96.0,24.0,219904.0,68352.0,575616.0,145536.0,2.0,0.0,51.0,5.0,0.0,3250.0,0.0,5e-05,20000000.0,4398080.0,1367040.0,11512320.0,2910720.0,0.7,0.6666666666666666
737,737.0,1.0,160.0,59.0,101.0,23.6,144.0,48.0,96.0,27.0,192792.0,62680.0,645120.0,215040.0,2.0,0.0,51.0,5.0,0.0,2090.0,0.0,5e-05,20000000.0,3855840.0,1253600.0,12902400.0,4300800.0,0.63125,0.6666666666666666
738,738.0,1.0,80.0,28.0,52.0,24.26,18.0,8.0,10.0,21.0,2181264.0,693592.0,839504.0,245184.0,14.0,0.0,51.0,5.0,0.0,200.0,0.0,5e-05,20000000.0,43625280.0,13871840.0,16790080.0,4903680.0,0.65,0.5555555555555556
739,739.0,1.0,160.0,48.0,112.0,25.95,81.0,27.0,54.0,27.0,865984.0,268992.0,935928.0,311976.0,4.0,0.0,51.0,5.0,0.0,260.0,0.0,5e-05,20000000.0,17319680.0,5379840.0,18718560.0,6239520.0,0.7,0.6666666666666666
740,740.0,1.0,80.0,26.0,54.0,21.69,18.0,6.0,12.0,21.0,1655752.0,574056.0,609232.0,241456.0,14.0,0.0,51.0,5.0,0.0,2370.0,0.0,5e-05,20000000.0,33115040.0,11481120.0,12184640.0,4829120.0,0.675,0.6666666666666666
741,741.0,1.0,145.0,46.0,99.0,25.99,45.0,15.0,30.0,27.0,2165152.0,689800.0,1099368.0,366456.0,7.0,0.0,51.0,5.0,0.0,880.0,0.0,5e-05,20000000.0,43303040.0,13796000.0,21987360.0,7329120.0,0.6827586206896552,0.6666666666666666
742,742.0,1.0,160.0,55.0,105.0,21.01,144.0,48.0,96.0,24.0,175104.0,44736.0,575616.0,145536.0,2.0,0.0,51.0,5.0,0.0,4240.0,0.0,5e-05,20000000.0,3502080.0,894720.0,11512320.0,2910720.0,0.65625,0.6666666666666666
743,743.0,1.0,160.0,48.0,112.0,25.99,81.0,27.0,54.0,24.0,892224.0,275552.0,835232.0,211280.0,4.0,0.0,51.0,5.0,0.0,530.0,0.0,5e-05,20000000.0,17844480.0,5511040.0,16704640.0,4225600.0,0.7,0.6666666666666666
744,744.0,1.0,80.0,25.0,55.0,24.65,18.0,6.0,12.0,24.0,2300992.0,650608.0,954640.0,241456.0,14.0,0.0,51.0,5.0,0.0,2530.0,0.0,5e-05,20000000.0,46019840.0,13012160.0,19092800.0,4829120.0,0.6875,0.6666666666666666
745,745.0,1.0,145.0,46.0,99.0,26.28,45.0,15.0,30.0,27.0,2182272.0,706920.0,1099368.0,366456.0,7.0,0.0,51.0,5.0,0.0,310.0,0.0,5e-05,20000000.0,43645440.0,14138400.0,21987360.0,7329120.0,0.6827586206896552,0.6666666666666666
746,746.0,1.0,145.0,46.0,99.0,26.17,45.0,15.0,30.0,27.0,2120832.0,691560.0,1099368.0,366456.0,7.0,0.0,51.0,5.0,0.0,1420.0,0.0,5e-05,20000000.0,42416640.0,13831200.0,21987360.0,7329120.0,0.6827586206896552,0.6666666666666666
747,747.0,1.0,145.0,45.0,100.0,26.28,45.0,15.0,30.0,27.0,2182272.0,688992.0,1099368.0,366456.0,7.0,0.0,51.0,5.0,0.0,1850.0,0.0,5e-05,20000000.0,43645440.0,13779840.0,21987360.0,7329120.0,0.6896551724137931,0.6666666666666666
748,748.0,1.0,160.0,52.0,108.0,20.66,81.0,28.0,53.0,20.48,567288.0,201288.0,421240.0,153496.0,4.0,0.0,51.0,5.0,0.0,4380.0,0.0,5e-05,20000000.0,11345760.0,4025760.0,8424800.0,3069920.0,0.675,0.654320987654321
749,749.0,1.0,145.0,46.0,99.0,24.57,45.0,15.0,30.0,24.0,2000992.0,571720.0,981200.0,248288.0,7.0,0.0,51.0,5.0,0.0,3780.0,0.0,5e-05,20000000.0,40019840.0,11434400.0,19624000.0,4965760.0,0.6827586206896552,0.6666666666666666
750,750.0,1.0,160.0,55.0,105.0,23.42,81.0,27.0,54.0,27.0,733616.0,219344.0,935928.0,311976.0,4.0,0.0,51.0,5.0,0.0,3440.0,0.0,5e-05,20000000.0,14672320.0,4386880.0,18718560.0,6239520.0,0.65625,0.6666666666666666
751,751.0,1.0,80.0,25.0,55.0,25.66,18.0,6.0,12.0,27.0,2281888.0,709856.0,1069776.0,356592.0,14.0,0.0,51.0,5.0,0.0,2560.0,0.0,5e-05,20000000.0,45637760.0,14197120.0,21395520.0,7131840.0,0.6875,0.6666666666666666
752,752.0,1.0,145.0,45.0,100.0,18.32,45.0,15.0,30.0,24.0,1093632.0,279872.0,981200.0,248288.0,7.0,0.0,51.0,5.0,0.0,3530.0,0.0,5e-05,20000000.0,21872640.0,5597440.0,19624000.0,4965760.0,0.6896551724137931,0.6666666666666666
753,753.0,1.0,160.0,64.0,96.0,23.3,144.0,48.0,96.0,27.0,186496.0,67456.0,645120.0,215040.0,2.0,0.0,51.0,5.0,0.0,850.0,0.0,5e-05,20000000.0,3729920.0,1349120.0,12902400.0,4300800.0,0.6,0.6666666666666666
754,754.0,1.0,160.0,48.0,112.0,26.3,144.0,48.0,96.0,27.0,226560.0,70016.0,645120.0,215040.0,2.0,0.0,51.0,5.0,0.0,70.0,0.0,5e-05,20000000.0,4531200.0,1400320.0,12902400.0,4300800.0,0.7,0.6666666666666666
755,755.0,1.0,80.0,26.0,54.0,25.96,18.0,6.0,12.0,27.0,2437264.0,770088.0,1069776.0,356592.0,14.0,0.0,51.0,5.0,0.0,520.0,0.0,5e-05,20000000.0,48745280.0,15401760.0,21395520.0,7131840.0,0.675,0.6666666666666666
756,756.0,1.0,80.0,25.0,55.0,22.62,18.0,6.0,12.0,27.0,1585016.0,545432.0,1069776.0,356592.0,14.0,0.0,51.0,5.0,0.0,2970.0,0.0,5e-05,20000000.0,31700320.0,10908640.0,21395520.0,7131840.0,0.6875,0.6666666666666666
757,757.0,1.0,145.0,46.0,99.0,26.17,45.0,15.0,30.0,27.0,2120832.0,691560.0,1099368.0,366456.0,7.0,0.0,51.0,5.0,0.0,1270.0,0.0,5e-05,20000000.0,42416640.0,13831200.0,21987360.0,7329120.0,0.6827586206896552,0.6666666666666666
758,758.0,1.0,160.0,48.0,112.0,26.2,144.0,48.0,96.0,24.0,219904.0,68352.0,575616.0,145536.0,2.0,0.0,51.0,5.0,0.0,3540.0,0.0,5e-05,20000000.0,4398080.0,1367040.0,11512320.0,2910720.0,0.7,0.6666666666666666
759,759.0,1.0,160.0,48.0,112.0,25.0,144.0,48.0,96.0,24.0,212224.0,66432.0,549552.0,145536.0,2.0,0.0,51.0,5.0,0.0,670.0,0.0,5e-05,20000000.0,4244480.0,1328640.0,10991040.0,2910720.0,0.7,0.6666666666666666
760,760.0,1.0,160.0,48.0,112.0,26.2,144.0,48.0,96.0,27.0,219904.0,68352.0,645120.0,215040.0,2.0,0.0,51.0,5.0,0.0,3270.0,0.0,5e-05,20000000.0,4398080.0,1367040.0,12902400.0,4300800.0,0.7,0.6666666666666666
761,761.0,1.0,160.0,48.0,112.0,25.9,81.0,27.0,54.0,24.0,865984.0,268992.0,835232.0,211280.0,4.0,0.0,51.0,5.0,0.0,3660.0,0.0,5e-05,20000000.0,17319680.0,5379840.0,16704640.0,4225600.0,0.7,0.6666666666666666
762,762.0,1.0,160.0,58.0,102.0,18.29,81.0,27.0,54.0,24.0,452504.0,122200.0,835232.0,211280.0,4.0,0.0,51.0,5.0,0.0,3770.0,0.0,5e-05,20000000.0,9050080.0,2444000.0,16704640.0,4225600.0,0.6375,0.6666666666666666
763,763.0,1.0,160.0,48.0,112.0,26.0,144.0,48.0,96.0,27.0,212224.0,66432.0,645120.0,215040.0,2.0,0.0,51.0,5.0,0.0,640.0,0.0,5e-05,20000000.0,4244480.0,1328640.0,12902400.0,4300800.0,0.7,0.6666666666666666
764,764.0,1.0,160.0,48.0,112.0,26.3,144.0,48.0,96.0,27.0,226560.0,70016.0,645120.0,215040.0,2.0,0.0,51.0,5.0,0.0,930.0,0.0,5e-05,20000000.0,4531200.0,1400320.0,12902400.0,4300800.0,0.7,0.6666666666666666
765,765.0,1.0,145.0,46.0,99.0,20.85,45.0,15.0,30.0,27.0,1384672.0,503240.0,1099368.0,366456.0,7.0,0.0,51.0,5.0,0.0,4970.0,0.0,5e-05,20000000.0,27693440.0,10064800.0,21987360.0,7329120.0,0.6827586206896552,0.6666666666666666
766,766.0,1.0,160.0,48.0,112.0,23.0,81.0,29.0,52.0,13.58,830272.0,260064.0,230736.0,105512.0,4.0,0.0,51.0,5.0,0.0,4020.0,0.0,5e-05,20000000.0,16605440.0,5201280.0,4614720.0,2110240.0,0.7,0.6419753086419753
767,767.0,1.0,145.0,46.0,99.0,26.28,45.0,15.0,30.0,27.0,2182272.0,706920.0,1099368.0,366456.0,7.0,0.0,51.0,5.0,0.0,540.0,0.0,5e-05,20000000.0,43645440.0,14138400.0,21987360.0,7329120.0,0.6827586206896552,0.6666666666666666
768,768.0,1.0,160.0,48.0,112.0,26.3,144.0,48.0,96.0,27.0,226560.0,70016.0,645120.0,215040.0,2.0,0.0,51.0,5.0,0.0,430.0,0.0,5e-05,20000000.0,4531200.0,1400320.0,12902400.0,4300800.0,0.7,0.6666666666666666
769,769.0,1.0,145.0,45.0,100.0,25.29,45.0,15.0,30.0,21.78,2113792.0,671872.0,626696.0,248288.0,7.0,0.0,51.0,5.0,0.0,4350.0,0.0,5e-05,20000000.0,42275840.0,13437440.0,12533920.0,4965760.0,0.6896551724137931,0.6666666666666666
770,770.0,1.0,160.0,48.0,112.0,26.12,81.0,27.0,54.0,21.67,892224.0,275552.0,502992.0,127776.0,4.0,0.0,51.0,5.0,0.0,4830.0,0.0,5e-05,20000000.0,17844480.0,5511040.0,10059840.0,2555520.0,0.7,0.6666666666666666
771,771.0,1.0,145.0,44.0,101.0,21.3,45.0,15.0,30.0,15.22,1367552.0,467384.0,669648.0,249168.0,7.0,0.0,51.0,5.0,0.0,4790.0,0.0,5e-05,20000000.0,27351040.0,9347680.0,13392960.0,4983360.0,0.696551724137931,0.6666666666666666
772,772.0,1.0,145.0,46.0,99.0,24.79,45.0,15.0,30.0,24.0,2062432.0,587080.0,981200.0,248288.0,7.0,0.0,51.0,5.0,0.0,530.0,0.0,5e-05,20000000.0,41248640.0,11741600.0,19624000.0,4965760.0,0.6827586206896552,0.6666666666666666
773,773.0,1.0,160.0,48.0,112.0,26.0,144.0,48.0,96.0,27.0,212224.0,66432.0,645120.0,215040.0,2.0,0.0,51.0,5.0,0.0,580.0,0.0,5e-05,20000000.0,4244480.0,1328640.0,12902400.0,4300800.0,0.7,0.6666666666666666
774,774.0,1.0,80.0,25.0,55.0,23.04,18.0,6.0,12.0,21.0,2026760.0,572256.0,494096.0,126320.0,14.0,0.0,51.0,5.0,0.0,3360.0,0.0,5e-05,20000000.0,40535200.0,11445120.0,9881920.0,2526400.0,0.6875,0.6666666666666666
775,775.0,1.0,80.0,25.0,55.0,26.04,18.0,6.0,12.0,27.0,2476440.0,768288.0,1069776.0,356592.0,14.0,0.0,51.0,5.0,0.0,2260.0,0.0,5e-05,20000000.0,49528800.0,15365760.0,21395520.0,7131840.0,0.6875,0.6666666666666666
776,776.0,1.0,145.0,45.0,100.0,19.86,45.0,15.0,30.0,15.64,1086592.0,363712.0,35856.0,11952.0,7.0,0.0,51.0,5.0,0.0,4430.0,0.0,5e-05,20000000.0,21731840.0,7274240.0,717120.0,239040.0,0.6896551724137931,0.6666666666666666
777,777.0,1.0,160.0,48.0,112.0,25.85,81.0,27.0,54.0,24.0,865984.0,268992.0,707840.0,202184.0,4.0,0.0,51.0,5.0,0.0,2620.0,0.0,5e-05,20000000.0,17319680.0,5379840.0,14156800.0,4043680.0,0.7,0.6666666666666666
778,778.0,1.0,145.0,46.0,99.0,25.99,45.0,15.0,30.0,27.0,2069472.0,674440.0,1099368.0,366456.0,7.0,0.0,51.0,5.0,0.0,1280.0,0.0,5e-05,20000000.0,41389440.0,13488800.0,21987360.0,7329120.0,0.6827586206896552,0.6666666666666666
779,779.0,1.0,160.0,48.0,112.0,24.69,81.0,34.0,47.0,21.33,830272.0,260064.0,623336.0,182376.0,4.0,0.0,51.0,5.0,0.0,680.0,0.0,5e-05,20000000.0,16605440.0,5201280.0,12466720.0,3647520.0,0.7,0.5802469135802469
780,780.0,1.0,145.0,45.0,100.0,24.2,45.0,15.0,30.0,27.0,1436032.0,502432.0,1099368.0,366456.0,7.0,0.0,51.0,5.0,0.0,4140.0,0.0,5e-05,20000000.0,28720640.0,10048640.0,21987360.0,7329120.0,0.6896551724137931,0.6666666666666666
781,781.0,1.0,160.0,48.0,112.0,26.3,144.0,48.0,96.0,27.0,226560.0,70016.0,645120.0,215040.0,2.0,0.0,51.0,5.0,0.0,420.0,0.0,5e-05,20000000.0,4531200.0,1400320.0,12902400.0,4300800.0,0.7,0.6666666666666666
782,782.0,1.0,80.0,24.0,56.0,24.45,18.0,6.0,12.0,24.0,2261816.0,648808.0,954640.0,241456.0,14.0,0.0,51.0,5.0,0.0,4890.0,0.0,5e-05,20000000.0,45236320.0,12976160.0,19092800.0,4829120.0,0.7,0.6666666666666666
783,783.0,1.0,80.0,26.0,54.0,25.52,18.0,6.0,12.0,27.0,2420072.0,750736.0,1069776.0,356592.0,14.0,0.0,51.0,5.0,0.0,1320.0,0.0,5e-05,20000000.0,48401440.0,15014720.0,21395520.0,7131840.0,0.675,0.6666666666666666
784,784.0,1.0,80.0,25.0,55.0,22.05,18.0,6.0,12.0,24.0,1298616.0,473832.0,609232.0,241456.0,14.0,0.0,51.0,5.0,0.0,2610.0,0.0,5e-05,20000000.0,25972320.0,9476640.0,12184640.0,4829120.0,0.6875,0.6666666666666666
785,785.0,1.0,160.0,48.0,112.0,26.12,81.0,27.0,54.0,24.0,892224.0,275552.0,835232.0,211280.0,4.0,0.0,51.0,5.0,0.0,3190.0,0.0,5e-05,20000000.0,17844480.0,5511040.0,16704640.0,4225600.0,0.7,0.6666666666666666
786,786.0,1.0,160.0,60.0,100.0,18.18,81.0,30.0,51.0,21.07,480184.0,155912.0,579968.0,163456.0,4.0,0.0,51.0,5.0,0.0,2800.0,0.0,5e-05,20000000.0,9603680.0,3118240.0,11599360.0,3269120.0,0.625,0.6296296296296297
787,787.0,1.0,160.0,48.0,112.0,25.4,144.0,48.0,96.0,24.0,219904.0,68352.0,536520.0,145536.0,2.0,0.0,51.0,5.0,0.0,1690.0,0.0,5e-05,20000000.0,4398080.0,1367040.0,10730400.0,2910720.0,0.7,0.6666666666666666
788,788.0,1.0,160.0,48.0,112.0,26.0,81.0,27.0,54.0,24.0,865984.0,268992.0,835232.0,211280.0,4.0,0.0,51.0,5.0,0.0,1650.0,0.0,5e-05,20000000.0,17319680.0,5379840.0,16704640.0,4225600.0,0.7,0.6666666666666666
789,789.0,1.0,160.0,48.0,112.0,26.2,144.0,48.0,96.0,27.0,219904.0,68352.0,645120.0,215040.0,2.0,0.0,51.0,5.0,0.0,1260.0,0.0,5e-05,20000000.0,4398080.0,1367040.0,12902400.0,4300800.0,0.7,0.6666666666666666
790,790.0,1.0,160.0,60.0,100.0,23.3,81.0,27.0,54.0,27.0,690952.0,247224.0,935928.0,311976.0,4.0,0.0,51.0,5.0,0.0,1460.0,0.0,5e-05,20000000.0,13819040.0,4944480.0,18718560.0,6239520.0,0.625,0.6666666666666666
791,791.0,1.0,160.0,48.0,112.0,25.9,81.0,27.0,54.0,27.0,865984.0,268992.0,935928.0,311976.0,4.0,0.0,51.0,5.0,0.0,3630.0,0.0,5e-05,20000000.0,17319680.0,5379840.0,18718560.0,6239520.0,0.7,0.6666666666666666
792,792.0,1.0,160.0,56.0,104.0,23.05,81.0,27.0,54.0,27.0,715216.0,220976.0,935928.0,311976.0,4.0,0.0,51.0,5.0,0.0,2630.0,0.0,5e-05,20000000.0,14304320.0,4419520.0,18718560.0,6239520.0,0.65,0.6666666666666666
793,793.0,1.0,80.0,24.0,56.0,19.51,18.0,6.0,12.0,15.0,1749624.0,451960.0,494096.0,126320.0,14.0,0.0,51.0,5.0,0.0,4900.0,0.0,5e-05,20000000.0,34992480.0,9039200.0,9881920.0,2526400.0,0.7,0.6666666666666666
794,794.0,1.0,145.0,45.0,100.0,23.26,45.0,15.0,30.0,22.13,1575680.0,469760.0,626696.0,248288.0,7.0,0.0,51.0,5.0,0.0,3620.0,0.0,5e-05,20000000.0,31513600.0,9395200.0,12533920.0,4965760.0,0.6896551724137931,0.6666666666666666
795,795.0,1.0,160.0,57.0,103.0,20.3,144.0,58.0,86.0,14.95,175240.0,55752.0,284568.0,90424.0,2.0,0.0,51.0,5.0,0.0,4030.0,0.0,5e-05,20000000.0,3504800.0,1115040.0,5691360.0,1808480.0,0.64375,0.5972222222222222
796,796.0,1.0,160.0,48.0,112.0,26.3,144.0,48.0,96.0,24.0,226560.0,70016.0,575616.0,145536.0,2.0,0.0,51.0,5.0,0.0,3180.0,0.0,5e-05,20000000.0,4531200.0,1400320.0,11512320.0,2910720.0,0.7,0.6666666666666666
797,797.0,1.0,80.0,25.0,55.0,21.66,18.0,6.0,12.0,18.11,1428312.0,506256.0,609232.0,241456.0,14.0,0.0,51.0,5.0,0.0,3030.0,0.0,5e-05,20000000.0,28566240.0,10125120.0,12184640.0,4829120.0,0.6875,0.6666666666666666
798,798.0,1.0,160.0,54.0,106.0,15.63,81.0,27.0,54.0,18.4,419448.0,144928.0,513768.0,188744.0,4.0,0.0,51.0,5.0,0.0,4610.0,0.0,5e-05,20000000.0,8388960.0,2898560.0,10275360.0,3774880.0,0.6625,0.6666666666666666
799,799.0,1.0,145.0,47.0,98.0,23.23,45.0,15.0,30.0,23.07,1446112.0,502288.0,853440.0,275424.0,7.0,0.0,51.0,5.0,0.0,2740.0,0.0,5e-05,20000000.0,28922240.0,10045760.0,17068800.0,5508480.0,0.6758620689655173,0.6666666666666666
800,800.0,1.0,160.0,58.0,102.0,21.09,144.0,56.0,88.0,18.11,167064.0,59400.0,354072.0,120560.0,2.0,0.0,51.0,5.0,0.0,4380.0,0.0,5e-05,20000000.0,3341280.0,1188000.0,7081440.0,2411200.0,0.6375,0.6111111111111112
801,801.0,1.0,80.0,24.0,56.0,26.2,18.0,6.0,12.0,27.0,2399416.0,708056.0,1069776.0,356592.0,14.0,0.0,51.0,5.0,0.0,1450.0,0.0,5e-05,20000000.0,47988320.0,14161120.0,21395520.0,7131840.0,0.7,0.6666666666666666
802,802.0,1.0,160.0,59.0,101.0,21.0,144.0,55.0,89.0,19.68,168672.0,59464.0,367104.0,129112.0,2.0,0.0,51.0,5.0,0.0,4080.0,0.0,5e-05,20000000.0,3373440.0,1189280.0,7342080.0,2582240.0,0.63125,0.6180555555555556
803,803.0,1.0,145.0,45.0,100.0,25.9,45.0,15.0,30.0,27.0,2079552.0,654752.0,1099368.0,366456.0,7.0,0.0,51.0,5.0,0.0,2280.0,0.0,5e-05,20000000.0,41591040.0,13095040.0,21987360.0,7329120.0,0.6896551724137931,0.6666666666666666
804,804.0,1.0,160.0,48.0,112.0,25.81,81.0,27.0,54.0,27.0,830272.0,260064.0,935928.0,311976.0,4.0,0.0,51.0,5.0,0.0,660.0,0.0,5e-05,20000000.0,16605440.0,5201280.0,18718560.0,6239520.0,0.7,0.6666666666666666
805,805.0,1.0,160.0,48.0,112.0,26.0,81.0,27.0,54.0,27.0,865984.0,268992.0,935928.0,311976.0,4.0,0.0,51.0,5.0,0.0,1720.0,0.0,5e-05,20000000.0,17319680.0,5379840.0,18718560.0,6239520.0,0.7,0.6666666666666666
806,806.0,1.0,145.0,46.0,99.0,25.9,45.0,15.0,30.0,27.0,2113792.0,672680.0,1099368.0,366456.0,7.0,0.0,51.0,5.0,0.0,1920.0,0.0,5e-05,20000000.0,42275840.0,13453600.0,21987360.0,7329120.0,0.6827586206896552,0.6666666666666666
807,807.0,1.0,145.0,46.0,99.0,24.48,45.0,15.0,30.0,21.78,1839872.0,621320.0,626696.0,248288.0,7.0,0.0,51.0,5.0,0.0,4230.0,0.0,5e-05,20000000.0,36797440.0,12426400.0,12533920.0,4965760.0,0.6827586206896552,0.6666666666666666
808,808.0,1.0,160.0,48.0,112.0,25.99,81.0,27.0,54.0,24.0,892224.0,275552.0,835232.0,211280.0,4.0,0.0,51.0,5.0,0.0,300.0,0.0,5e-05,20000000.0,17844480.0,5511040.0,16704640.0,4225600.0,0.7,0.6666666666666666
809,809.0,1.0,80.0,25.0,55.0,21.64,18.0,6.0,12.0,19.22,1465872.0,456640.0,609232.0,241456.0,14.0,0.0,51.0,5.0,0.0,4750.0,0.0,5e-05,20000000.0,29317440.0,9132800.0,12184640.0,4829120.0,0.6875,0.6666666666666666
810,810.0,1.0,160.0,48.0,112.0,26.0,81.0,27.0,54.0,27.0,865984.0,268992.0,935928.0,311976.0,4.0,0.0,51.0,5.0,0.0,180.0,0.0,5e-05,20000000.0,17319680.0,5379840.0,18718560.0,6239520.0,0.7,0.6666666666666666
811,811.0,1.0,80.0,26.0,54.0,25.54,18.0,6.0,12.0,24.0,2437168.0,750016.0,954640.0,241456.0,14.0,0.0,51.0,5.0,0.0,100.0,0.0,5e-05,20000000.0,48743360.0,15000320.0,19092800.0,4829120.0,0.675,0.6666666666666666
812,812.0,1.0,160.0,48.0,112.0,25.85,81.0,27.0,54.0,27.0,865984.0,268992.0,935928.0,311976.0,4.0,0.0,51.0,5.0,0.0,1250.0,0.0,5e-05,20000000.0,17319680.0,5379840.0,18718560.0,6239520.0,0.7,0.6666666666666666
813,813.0,1.0,145.0,45.0,100.0,24.04,45.0,15.0,30.0,27.0,1839872.0,517792.0,1099368.0,366456.0,7.0,0.0,51.0,5.0,0.0,3440.0,0.0,5e-05,20000000.0,36797440.0,10355840.0,21987360.0,7329120.0,0.6896551724137931,0.6666666666666666
814,814.0,1.0,160.0,48.0,112.0,25.2,81.0,27.0,54.0,22.35,865984.0,268992.0,594656.0,153152.0,4.0,0.0,51.0,5.0,0.0,1710.0,0.0,5e-05,20000000.0,17319680.0,5379840.0,11893120.0,3063040.0,0.7,0.6666666666666666
815,815.0,1.0,80.0,25.0,55.0,26.04,18.0,6.0,12.0,27.0,2476440.0,768288.0,1069776.0,356592.0,14.0,0.0,51.0,5.0,0.0,3150.0,0.0,5e-05,20000000.0,49528800.0,15365760.0,21395520.0,7131840.0,0.6875,0.6666666666666666
816,816.0,1.0,80.0,25.0,55.0,26.3,18.0,6.0,12.0,27.0,2476440.0,768288.0,1069776.0,356592.0,14.0,0.0,51.0,5.0,0.0,310.0,0.0,5e-05,20000000.0,49528800.0,15365760.0,21395520.0,7131840.0,0.6875,0.6666666666666666
817,817.0,1.0,145.0,45.0,100.0,21.07,45.0,15.0,30.0,19.47,1130688.0,349056.0,626696.0,248288.0,7.0,0.0,51.0,5.0,0.0,4750.0,0.0,5e-05,20000000.0,22613760.0,6981120.0,12533920.0,4965760.0,0.6896551724137931,0.6666666666666666
818,818.0,1.0,160.0,48.0,112.0,26.2,144.0,48.0,96.0,27.0,219904.0,68352.0,645120.0,215040.0,2.0,0.0,51.0,5.0,0.0,1170.0,0.0,5e-05,20000000.0,4398080.0,1367040.0,12902400.0,4300800.0,0.7,0.6666666666666666
819,819.0,1.0,80.0,24.0,56.0,26.0,18.0,6.0,12.0,27.0,2399416.0,708056.0,1069776.0,356592.0,14.0,0.0,51.0,5.0,0.0,1660.0,0.0,5e-05,20000000.0,47988320.0,14161120.0,21395520.0,7131840.0,0.7,0.6666666666666666
820,820.0,1.0,145.0,45.0,100.0,24.2,45.0,15.0,30.0,21.11,1779328.0,537568.0,510912.0,132504.0,7.0,0.0,51.0,5.0,0.0,3900.0,0.0,5e-05,20000000.0,35586560.0,10751360.0,10218240.0,2650080.0,0.6896551724137931,0.6666666666666666
821,821.0,1.0,80.0,25.0,55.0,24.99,18.0,6.0,12.0,27.0,2241744.0,650608.0,1069776.0,356592.0,14.0,0.0,51.0,5.0,0.0,2570.0,0.0,5e-05,20000000.0,44834880.0,13012160.0,21395520.0,7131840.0,0.6875,0.6666666666666666
822,822.0,1.0,160.0,58.0,102.0,23.38,81.0,27.0,54.0,27.0,657112.0,230880.0,935928.0,311976.0,4.0,0.0,51.0,5.0,0.0,1940.0,0.0,5e-05,20000000.0,13142240.0,4617600.0,18718560.0,6239520.0,0.6375,0.6666666666666666
823,823.0,1.0,160.0,57.0,103.0,21.98,144.0,48.0,96.0,24.0,145936.0,43200.0,575616.0,145536.0,2.0,0.0,51.0,5.0,0.0,3950.0,0.0,5e-05,20000000.0,2918720.0,864000.0,11512320.0,2910720.0,0.64375,0.6666666666666666
824,824.0,1.0,160.0,57.0,103.0,20.48,144.0,48.0,96.0,22.5,142944.0,40040.0,436608.0,110784.0,2.0,0.0,51.0,5.0,0.0,3830.0,0.0,5e-05,20000000.0,2858880.0,800800.0,8732160.0,2215680.0,0.64375,0.6666666666666666
825,825.0,1.0,160.0,59.0,101.0,22.9,144.0,61.0,83.0,19.4,192792.0,62680.0,388824.0,125584.0,2.0,0.0,51.0,5.0,0.0,2720.0,0.0,5e-05,20000000.0,3855840.0,1253600.0,7776480.0,2511680.0,0.63125,0.5763888888888888
826,826.0,1.0,145.0,45.0,100.0,26.28,45.0,15.0,30.0,27.0,2182272.0,688992.0,1099368.0,366456.0,7.0,0.0,51.0,5.0,0.0,220.0,0.0,5e-05,20000000.0,43645440.0,13779840.0,21987360.0,7329120.0,0.6896551724137931,0.6666666666666666
827,827.0,1.0,80.0,25.0,55.0,23.78,18.0,6.0,12.0,21.0,2076168.0,623784.0,494096.0,126320.0,14.0,0.0,51.0,5.0,0.0,3070.0,0.0,5e-05,20000000.0,41523360.0,12475680.0,9881920.0,2526400.0,0.6875,0.6666666666666666
828,828.0,1.0,80.0,25.0,55.0,26.12,18.0,6.0,12.0,27.0,2476440.0,768288.0,1069776.0,356592.0,14.0,0.0,51.0,5.0,0.0,2290.0,0.0,5e-05,20000000.0,49528800.0,15365760.0,21395520.0,7131840.0,0.6875,0.6666666666666666
829,829.0,1.0,160.0,48.0,112.0,25.95,81.0,27.0,54.0,27.0,865984.0,268992.0,935928.0,311976.0,4.0,0.0,51.0,5.0,0.0,3550.0,0.0,5e-05,20000000.0,17319680.0,5379840.0,18718560.0,6239520.0,0.7,0.6666666666666666
830,830.0,1.0,160.0,60.0,100.0,23.6,144.0,48.0,96.0,27.0,194400.0,64352.0,645120.0,215040.0,2.0,0.0,51.0,5.0,0.0,2330.0,0.0,5e-05,20000000.0,3888000.0,1287040.0,12902400.0,4300800.0,0.625,0.6666666666666666
831,831.0,1.0,145.0,46.0,99.0,26.06,45.0,15.0,30.0,27.0,2120832.0,691560.0,1099368.0,366456.0,7.0,0.0,51.0,5.0,0.0,1250.0,0.0,5e-05,20000000.0,42416640.0,13831200.0,21987360.0,7329120.0,0.6827586206896552,0.6666666666666666
832,832.0,1.0,80.0,25.0,55.0,26.21,18.0,6.0,12.0,27.0,2476440.0,768288.0,1069776.0,356592.0,14.0,0.0,51.0,5.0,0.0,4940.0,0.0,5e-05,20000000.0,49528800.0,15365760.0,21395520.0,7131840.0,0.6875,0.6666666666666666
833,833.0,1.0,145.0,47.0,98.0,24.48,45.0,15.0,30.0,27.0,1823232.0,566608.0,1099368.0,366456.0,7.0,0.0,51.0,5.0,0.0,2960.0,0.0,5e-05,20000000.0,36464640.0,11332160.0,21987360.0,7329120.0,0.6758620689655173,0.6666666666666666
834,834.0,1.0,160.0,56.0,104.0,18.19,81.0,27.0,54.0,20.78,394368.0,103216.0,440768.0,112664.0,4.0,0.0,51.0,5.0,0.0,4060.0,0.0,5e-05,20000000.0,7887360.0,2064320.0,8815360.0,2253280.0,0.65,0.6666666666666666
835,835.0,1.0,160.0,48.0,112.0,25.81,81.0,27.0,54.0,24.0,830272.0,260064.0,835232.0,211280.0,4.0,0.0,51.0,5.0,0.0,650.0,0.0,5e-05,20000000.0,16605440.0,5201280.0,16704640.0,4225600.0,0.7,0.6666666666666666
836,836.0,1.0,80.0,24.0,56.0,25.32,18.0,6.0,12.0,24.0,2379344.0,687984.0,954640.0,241456.0,14.0,0.0,51.0,5.0,0.0,1530.0,0.0,5e-05,20000000.0,47586880.0,13759680.0,19092800.0,4829120.0,0.7,0.6666666666666666
837,837.0,1.0,160.0,48.0,112.0,25.25,81.0,30.0,51.0,22.0,865984.0,268992.0,518296.0,163456.0,4.0,0.0,51.0,5.0,0.0,1680.0,0.0,5e-05,20000000.0,17319680.0,5379840.0,10365920.0,3269120.0,0.7,0.6296296296296297
838,838.0,1.0,80.0,25.0,55.0,24.02,18.0,6.0,12.0,21.0,1888192.0,611432.0,609232.0,241456.0,14.0,0.0,51.0,5.0,0.0,3920.0,0.0,5e-05,20000000.0,37763840.0,12228640.0,12184640.0,4829120.0,0.6875,0.6666666666666666
839,839.0,1.0,80.0,24.0,56.0,22.94,18.0,6.0,12.0,24.0,2143320.0,550384.0,954640.0,241456.0,14.0,0.0,51.0,5.0,0.0,4180.0,0.0,5e-05,20000000.0,42866400.0,11007680.0,19092800.0,4829120.0,0.7,0.6666666666666666
840,840.0,1.0,80.0,24.0,56.0,25.32,18.0,6.0,12.0,24.0,2379344.0,687984.0,954640.0,241456.0,14.0,0.0,51.0,5.0,0.0,1650.0,0.0,5e-05,20000000.0,47586880.0,13759680.0,19092800.0,4829120.0,0.7,0.6666666666666666
841,841.0,1.0,160.0,60.0,100.0,23.6,144.0,48.0,96.0,27.0,181536.0,64352.0,645120.0,215040.0,2.0,0.0,51.0,5.0,0.0,2130.0,0.0,5e-05,20000000.0,3630720.0,1287040.0,12902400.0,4300800.0,0.625,0.6666666666666666
842,842.0,1.0,80.0,28.0,52.0,24.31,18.0,6.0,12.0,27.0,2017792.0,668360.0,1069776.0,356592.0,14.0,0.0,51.0,5.0,0.0,850.0,0.0,5e-05,20000000.0,40355840.0,13367200.0,21395520.0,7131840.0,0.65,0.6666666666666666
843,843.0,1.0,160.0,48.0,112.0,26.3,144.0,48.0,96.0,27.0,226560.0,70016.0,645120.0,215040.0,2.0,0.0,51.0,5.0,0.0,1150.0,0.0,5e-05,20000000.0,4531200.0,1400320.0,12902400.0,4300800.0,0.7,0.6666666666666666
844,844.0,1.0,145.0,45.0,100.0,24.6,45.0,15.0,30.0,24.0,2011072.0,586272.0,981200.0,248288.0,7.0,0.0,51.0,5.0,0.0,3840.0,0.0,5e-05,20000000.0,40221440.0,11725440.0,19624000.0,4965760.0,0.6896551724137931,0.6666666666666666
845,845.0,1.0,145.0,45.0,100.0,26.28,45.0,15.0,30.0,27.0,2182272.0,688992.0,1099368.0,366456.0,7.0,0.0,51.0,5.0,0.0,890.0,0.0,5e-05,20000000.0,43645440.0,13779840.0,21987360.0,7329120.0,0.6896551724137931,0.6666666666666666
846,846.0,1.0,160.0,48.0,112.0,26.3,144.0,48.0,96.0,27.0,226560.0,70016.0,645120.0,215040.0,2.0,0.0,51.0,5.0,0.0,2230.0,0.0,5e-05,20000000.0,4531200.0,1400320.0,12902400.0,4300800.0,0.7,0.6666666666666666
847,847.0,1.0,80.0,25.0,55.0,21.56,18.0,6.0,12.0,21.0,1495104.0,513160.0,609232.0,241456.0,14.0,0.0,51.0,5.0,0.0,4440.0,0.0,5e-05,20000000.0,29902080.0,10263200.0,12184640.0,4829120.0,0.6875,0.6666666666666666
848,848.0,1.0,160.0,60.0,100.0,23.6,144.0,48.0,96.0,27.0,181536.0,64352.0,645120.0,215040.0,2.0,0.0,51.0,5.0,0.0,2250.0,0.0,5e-05,20000000.0,3630720.0,1287040.0,12902400.0,4300800.0,0.625,0.6666666666666666
849,849.0,1.0,160.0,48.0,112.0,25.95,81.0,27.0,54.0,27.0,865984.0,268992.0,935928.0,311976.0,4.0,0.0,51.0,5.0,0.0,1230.0,0.0,5e-05,20000000.0,17319680.0,5379840.0,18718560.0,6239520.0,0.7,0.6666666666666666
850,850.0,1.0,80.0,25.0,55.0,24.34,18.0,6.0,12.0,27.0,2124216.0,611432.0,1069776.0,356592.0,14.0,0.0,51.0,5.0,0.0,3290.0,0.0,5e-05,20000000.0,42484320.0,12228640.0,21395520.0,7131840.0,0.6875,0.6666666666666666
851,851.0,1.0,160.0,58.0,102.0,23.42,81.0,27.0,54.0,27.0,750904.0,237400.0,935928.0,311976.0,4.0,0.0,51.0,5.0,0.0,2090.0,0.0,5e-05,20000000.0,15018080.0,4748000.0,18718560.0,6239520.0,0.6375,0.6666666666666666
852,852.0,1.0,145.0,46.0,99.0,23.39,45.0,15.0,30.0,21.0,1840352.0,531560.0,508528.0,130120.0,7.0,0.0,51.0,5.0,0.0,3070.0,0.0,5e-05,20000000.0,36807040.0,10631200.0,10170560.0,2602400.0,0.6827586206896552,0.6666666666666666
853,853.0,1.0,160.0,48.0,112.0,25.75,81.0,27.0,54.0,27.0,865984.0,268992.0,935928.0,311976.0,4.0,0.0,51.0,5.0,0.0,3270.0,0.0,5e-05,20000000.0,17319680.0,5379840.0,18718560.0,6239520.0,0.7,0.6666666666666666
854,854.0,1.0,160.0,48.0,112.0,26.12,81.0,28.0,53.0,21.35,892224.0,275552.0,567824.0,185128.0,4.0,0.0,51.0,5.0,0.0,3210.0,0.0,5e-05,20000000.0,17844480.0,5511040.0,11356480.0,3702560.0,0.7,0.654320987654321
855,855.0,1.0,145.0,46.0,99.0,21.46,45.0,16.0,29.0,18.04,1583552.0,480200.0,512112.0,145032.0,7.0,0.0,51.0,5.0,0.0,3010.0,0.0,5e-05,20000000.0,31671040.0,9604000.0,10242240.0,2900640.0,0.6827586206896552,0.6444444444444445
856,856.0,1.0,80.0,26.0,54.0,25.02,18.0,6.0,12.0,27.0,2358816.0,710840.0,1069776.0,356592.0,14.0,0.0,51.0,5.0,0.0,2270.0,0.0,5e-05,20000000.0,47176320.0,14216800.0,21395520.0,7131840.0,0.675,0.6666666666666666
857,857.0,1.0,80.0,26.0,54.0,24.56,18.0,6.0,12.0,21.33,2437264.0,770088.0,551664.0,183888.0,14.0,0.0,51.0,5.0,0.0,1010.0,0.0,5e-05,20000000.0,48745280.0,15401760.0,11033280.0,3677760.0,0.675,0.6666666666666666
858,858.0,1.0,160.0,54.0,106.0,23.2,81.0,27.0,54.0,27.0,555488.0,198072.0,935928.0,311976.0,4.0,0.0,51.0,5.0,0.0,4140.0,0.0,5e-05,20000000.0,11109760.0,3961440.0,18718560.0,6239520.0,0.6625,0.6666666666666666
859,859.0,1.0,145.0,45.0,100.0,26.28,45.0,15.0,30.0,27.0,2182272.0,688992.0,1099368.0,366456.0,7.0,0.0,51.0,5.0,0.0,1860.0,0.0,5e-05,20000000.0,43645440.0,13779840.0,21987360.0,7329120.0,0.6896551724137931,0.6666666666666666
860,860.0,1.0,80.0,25.0,55.0,24.61,18.0,6.0,12.0,27.0,1769336.0,591512.0,1069776.0,356592.0,14.0,0.0,51.0,5.0,0.0,4860.0,0.0,5e-05,20000000.0,35386720.0,11830240.0,21395520.0,7131840.0,0.6875,0.6666666666666666
861,861.0,1.0,145.0,46.0,99.0,25.27,45.0,15.0,30.0,24.0,2103712.0,674440.0,930840.0,275424.0,7.0,0.0,51.0,5.0,0.0,1350.0,0.0,5e-05,20000000.0,42074240.0,13488800.0,18616800.0,5508480.0,0.6827586206896552,0.6666666666666666
862,862.0,1.0,160.0,57.0,103.0,20.89,144.0,48.0,96.0,24.0,168448.0,43200.0,575616.0,145536.0,2.0,0.0,51.0,5.0,0.0,2420.0,0.0,5e-05,20000000.0,3368960.0,864000.0,11512320.0,2910720.0,0.64375,0.6666666666666666
863,863.0,1.0,80.0,25.0,55.0,25.2,18.0,6.0,12.0,27.0,2318768.0,669864.0,1069776.0,356592.0,14.0,0.0,51.0,5.0,0.0,4270.0,0.0,5e-05,20000000.0,46375360.0,13397280.0,21395520.0,7131840.0,0.6875,0.6666666666666666
864,864.0,1.0,80.0,25.0,55.0,26.21,18.0,6.0,12.0,27.0,2476440.0,768288.0,1069776.0,356592.0,14.0,0.0,51.0,5.0,0.0,1090.0,0.0,5e-05,20000000.0,49528800.0,15365760.0,21395520.0,7131840.0,0.6875,0.6666666666666666
865,865.0,1.0,160.0,48.0,112.0,26.3,144.0,48.0,96.0,27.0,226560.0,70016.0,645120.0,215040.0,2.0,0.0,51.0,5.0,0.0,280.0,0.0,5e-05,20000000.0,4531200.0,1400320.0,12902400.0,4300800.0,0.7,0.6666666666666666
866,866.0,1.0,145.0,46.0,99.0,26.28,45.0,15.0,30.0,27.0,2182272.0,706920.0,1099368.0,366456.0,7.0,0.0,51.0,5.0,0.0,370.0,0.0,5e-05,20000000.0,43645440.0,14138400.0,21987360.0,7329120.0,0.6827586206896552,0.6666666666666666
867,867.0,1.0,160.0,48.0,112.0,25.95,81.0,27.0,54.0,27.0,865984.0,268992.0,935928.0,311976.0,4.0,0.0,51.0,5.0,0.0,1540.0,0.0,5e-05,20000000.0,17319680.0,5379840.0,18718560.0,6239520.0,0.7,0.6666666666666666
868,868.0,1.0,160.0,48.0,112.0,25.99,81.0,27.0,54.0,27.0,892224.0,275552.0,935928.0,311976.0,4.0,0.0,51.0,5.0,0.0,370.0,0.0,5e-05,20000000.0,17844480.0,5511040.0,18718560.0,6239520.0,0.7,0.6666666666666666
869,869.0,1.0,145.0,46.0,99.0,24.79,45.0,15.0,30.0,24.0,2062432.0,587080.0,981200.0,248288.0,7.0,0.0,51.0,5.0,0.0,4590.0,0.0,5e-05,20000000.0,41248640.0,11741600.0,19624000.0,4965760.0,0.6827586206896552,0.6666666666666666
870,870.0,1.0,160.0,56.0,104.0,23.34,81.0,27.0,54.0,27.0,641808.0,227536.0,935928.0,311976.0,4.0,0.0,51.0,5.0,0.0,2790.0,0.0,5e-05,20000000.0,12836160.0,4550720.0,18718560.0,6239520.0,0.65,0.6666666666666666
871,871.0,1.0,145.0,45.0,100.0,26.17,45.0,15.0,30.0,27.0,2120832.0,673632.0,1099368.0,366456.0,7.0,0.0,51.0,5.0,0.0,170.0,0.0,5e-05,20000000.0,42416640.0,13472640.0,21987360.0,7329120.0,0.6896551724137931,0.6666666666666666
872,872.0,1.0,160.0,48.0,112.0,25.95,81.0,27.0,54.0,27.0,865984.0,268992.0,935928.0,311976.0,4.0,0.0,51.0,5.0,0.0,3960.0,0.0,5e-05,20000000.0,17319680.0,5379840.0,18718560.0,6239520.0,0.7,0.6666666666666666
873,873.0,1.0,160.0,48.0,112.0,25.42,81.0,27.0,54.0,20.67,892224.0,275552.0,379280.0,96848.0,4.0,0.0,51.0,5.0,0.0,4710.0,0.0,5e-05,20000000.0,17844480.0,5511040.0,7585600.0,1936960.0,0.7,0.6666666666666666
874,874.0,1.0,80.0,25.0,55.0,19.36,18.0,6.0,12.0,12.44,1787472.0,473016.0,33552.0,11184.0,14.0,0.0,51.0,5.0,0.0,4720.0,0.0,5e-05,20000000.0,35749440.0,9460320.0,671040.0,223680.0,0.6875,0.6666666666666666
875,875.0,1.0,145.0,47.0,98.0,23.81,45.0,15.0,30.0,22.91,1690272.0,537648.0,636232.0,250672.0,7.0,0.0,51.0,5.0,0.0,2900.0,0.0,5e-05,20000000.0,33805440.0,10752960.0,12724640.0,5013440.0,0.6758620689655173,0.6666666666666666
876,876.0,1.0,160.0,67.0,93.0,18.46,144.0,54.0,90.0,21.17,118824.0,42288.0,393168.0,120288.0,2.0,0.0,51.0,5.0,0.0,3520.0,0.0,5e-05,20000000.0,2376480.0,845760.0,7863360.0,2405760.0,0.58125,0.625
877,877.0,1.0,160.0,48.0,112.0,25.75,81.0,27.0,54.0,27.0,865984.0,268992.0,935928.0,311976.0,4.0,0.0,51.0,5.0,0.0,4160.0,0.0,5e-05,20000000.0,17319680.0,5379840.0,18718560.0,6239520.0,0.7,0.6666666666666666
878,878.0,1.0,160.0,48.0,112.0,26.3,144.0,48.0,96.0,27.0,226560.0,70016.0,645120.0,215040.0,2.0,0.0,51.0,5.0,0.0,520.0,0.0,5e-05,20000000.0,4531200.0,1400320.0,12902400.0,4300800.0,0.7,0.6666666666666666
879,879.0,1.0,145.0,45.0,100.0,25.9,45.0,15.0,30.0,27.0,2079552.0,654752.0,1099368.0,366456.0,7.0,0.0,51.0,5.0,0.0,3450.0,0.0,5e-05,20000000.0,41591040.0,13095040.0,21987360.0,7329120.0,0.6896551724137931,0.6666666666666666
880,880.0,1.0,160.0,59.0,101.0,23.5,144.0,48.0,96.0,27.0,186136.0,61016.0,645120.0,215040.0,2.0,0.0,51.0,5.0,0.0,2630.0,0.0,5e-05,20000000.0,3722720.0,1220320.0,12902400.0,4300800.0,0.63125,0.6666666666666666
881,881.0,1.0,80.0,25.0,55.0,20.0,18.0,6.0,12.0,21.22,1258112.0,453912.0,609232.0,241456.0,14.0,0.0,51.0,5.0,0.0,4200.0,0.0,5e-05,20000000.0,25162240.0,9078240.0,12184640.0,4829120.0,0.6875,0.6666666666666666
882,882.0,1.0,145.0,45.0,100.0,25.1,45.0,15.0,30.0,24.0,2052352.0,656512.0,626696.0,248288.0,7.0,0.0,51.0,5.0,0.0,3370.0,0.0,5e-05,20000000.0,41047040.0,13130240.0,12533920.0,4965760.0,0.6896551724137931,0.6666666666666666
883,883.0,1.0,80.0,24.0,56.0,21.52,18.0,6.0,12.0,13.33,1868120.0,550384.0,33552.0,11184.0,14.0,0.0,51.0,5.0,0.0,5000.0,0.0,5e-05,20000000.0,37362400.0,11007680.0,671040.0,223680.0,0.7,0.6666666666666666
884,884.0,1.0,160.0,48.0,112.0,24.2,81.0,32.0,49.0,16.1,892224.0,275552.0,424032.0,137440.0,4.0,0.0,51.0,5.0,0.0,2010.0,0.0,5e-05,20000000.0,17844480.0,5511040.0,8480640.0,2748800.0,0.7,0.6049382716049383
885,885.0,1.0,145.0,47.0,98.0,25.78,45.0,15.0,30.0,27.0,2011552.0,669328.0,1099368.0,366456.0,7.0,0.0,51.0,5.0,0.0,760.0,0.0,5e-05,20000000.0,40231040.0,13386560.0,21987360.0,7329120.0,0.6758620689655173,0.6666666666666666
886,886.0,1.0,145.0,46.0,99.0,26.28,45.0,15.0,30.0,27.0,2182272.0,706920.0,1099368.0,366456.0,7.0,0.0,51.0,5.0,0.0,430.0,0.0,5e-05,20000000.0,43645440.0,14138400.0,21987360.0,7329120.0,0.6827586206896552,0.6666666666666666
887,887.0,1.0,145.0,47.0,98.0,23.3,45.0,15.0,30.0,24.0,1702912.0,502288.0,799168.0,261856.0,7.0,0.0,51.0,5.0,0.0,2810.0,0.0,5e-05,20000000.0,34058240.0,10045760.0,15983360.0,5237120.0,0.6758620689655173,0.6666666666666666
888,888.0,1.0,160.0,59.0,101.0,23.38,81.0,27.0,54.0,27.0,679768.0,239072.0,935928.0,311976.0,4.0,0.0,51.0,5.0,0.0,1820.0,0.0,5e-05,20000000.0,13595360.0,4781440.0,18718560.0,6239520.0,0.63125,0.6666666666666666
889,889.0,1.0,145.0,46.0,99.0,26.28,45.0,15.0,30.0,27.0,2182272.0,706920.0,1099368.0,366456.0,7.0,0.0,51.0,5.0,0.0,60.0,0.0,5e-05,20000000.0,43645440.0,14138400.0,21987360.0,7329120.0,0.6827586206896552,0.6666666666666666
890,890.0,1.0,160.0,50.0,110.0,20.88,81.0,27.0,54.0,24.0,690912.0,175456.0,835232.0,211280.0,4.0,0.0,51.0,5.0,0.0,4840.0,0.0,5e-05,20000000.0,13818240.0,3509120.0,16704640.0,4225600.0,0.6875,0.6666666666666666
891,891.0,1.0,160.0,48.0,112.0,26.2,144.0,48.0,96.0,24.0,219904.0,68352.0,575616.0,145536.0,2.0,0.0,51.0,5.0,0.0,1590.0,0.0,5e-05,20000000.0,4398080.0,1367040.0,11512320.0,2910720.0,0.7,0.6666666666666666
892,892.0,1.0,160.0,48.0,112.0,26.2,144.0,48.0,96.0,27.0,219904.0,68352.0,645120.0,215040.0,2.0,0.0,51.0,5.0,0.0,4640.0,0.0,5e-05,20000000.0,4398080.0,1367040.0,12902400.0,4300800.0,0.7,0.6666666666666666
893,893.0,1.0,160.0,50.0,110.0,17.28,81.0,27.0,54.0,16.48,447264.0,154288.0,103552.0,61760.0,4.0,0.0,51.0,5.0,0.0,4730.0,0.0,5e-05,20000000.0,8945280.0,3085760.0,2071040.0,1235200.0,0.6875,0.6666666666666666
894,894.0,1.0,160.0,48.0,112.0,25.6,144.0,48.0,96.0,22.31,226560.0,70016.0,419232.0,106440.0,2.0,0.0,51.0,5.0,0.0,2710.0,0.0,5e-05,20000000.0,4531200.0,1400320.0,8384640.0,2128800.0,0.7,0.6666666666666666
895,895.0,1.0,80.0,24.0,56.0,24.11,18.0,6.0,12.0,27.0,1692312.0,531280.0,1069776.0,356592.0,14.0,0.0,51.0,5.0,0.0,4140.0,0.0,5e-05,20000000.0,33846240.0,10625600.0,21395520.0,7131840.0,0.7,0.6666666666666666
896,896.0,1.0,160.0,48.0,112.0,25.81,81.0,27.0,54.0,27.0,830272.0,260064.0,935928.0,311976.0,4.0,0.0,51.0,5.0,0.0,30.0,0.0,5e-05,20000000.0,16605440.0,5201280.0,18718560.0,6239520.0,0.7,0.6666666666666666
897,897.0,1.0,160.0,59.0,101.0,21.7,81.0,31.0,50.0,21.0,732792.0,239032.0,521232.0,158840.0,4.0,0.0,51.0,5.0,0.0,2390.0,0.0,5e-05,20000000.0,14655840.0,4780640.0,10424640.0,3176800.0,0.63125,0.6172839506172839
898,898.0,1.0,145.0,46.0,99.0,26.28,45.0,15.0,30.0,27.0,2182272.0,706920.0,1099368.0,366456.0,7.0,0.0,51.0,5.0,0.0,470.0,0.0,5e-05,20000000.0,43645440.0,14138400.0,21987360.0,7329120.0,0.6827586206896552,0.6666666666666666
899,899.0,1.0,160.0,56.0,104.0,19.26,81.0,29.0,52.0,20.36,538928.0,196080.0,465720.0,167072.0,4.0,0.0,51.0,5.0,0.0,3040.0,0.0,5e-05,20000000.0,10778560.0,3921600.0,9314400.0,3341440.0,0.65,0.6419753086419753
900,900.0,1.0,160.0,61.0,99.0,20.84,144.0,48.0,96.0,24.0,155584.0,43456.0,484392.0,145536.0,2.0,0.0,51.0,5.0,0.0,2610.0,0.0,5e-05,20000000.0,3111680.0,869120.0,9687840.0,2910720.0,0.61875,0.6666666666666666
901,901.0,1.0,80.0,25.0,55.0,25.52,18.0,6.0,12.0,21.22,2301864.0,690656.0,609232.0,241456.0,14.0,0.0,51.0,5.0,0.0,1410.0,0.0,5e-05,20000000.0,46037280.0,13813120.0,12184640.0,4829120.0,0.6875,0.6666666666666666
902,902.0,1.0,160.0,48.0,112.0,26.2,144.0,48.0,96.0,27.0,219904.0,68352.0,645120.0,215040.0,2.0,0.0,51.0,5.0,0.0,1440.0,0.0,5e-05,20000000.0,4398080.0,1367040.0,12902400.0,4300800.0,0.7,0.6666666666666666
903,903.0,1.0,160.0,57.0,103.0,23.25,81.0,27.0,54.0,27.0,716824.0,222648.0,935928.0,311976.0,4.0,0.0,51.0,5.0,0.0,2450.0,0.0,5e-05,20000000.0,14336480.0,4452960.0,18718560.0,6239520.0,0.64375,0.6666666666666666
904,904.0,1.0,80.0,25.0,55.0,25.88,18.0,6.0,12.0,27.0,2358912.0,729112.0,1069776.0,356592.0,14.0,0.0,51.0,5.0,0.0,4880.0,0.0,5e-05,20000000.0,47178240.0,14582240.0,21395520.0,7131840.0,0.6875,0.6666666666666666
905,905.0,1.0,160.0,55.0,105.0,20.94,81.0,27.0,54.0,24.0,513608.0,170408.0,667520.0,202184.0,4.0,0.0,51.0,5.0,0.0,3100.0,0.0,5e-05,20000000.0,10272160.0,3408160.0,13350400.0,4043680.0,0.65625,0.6666666666666666
906,906.0,1.0,160.0,48.0,112.0,25.81,81.0,27.0,54.0,27.0,830272.0,260064.0,935928.0,311976.0,4.0,0.0,51.0,5.0,0.0,840.0,0.0,5e-05,20000000.0,16605440.0,5201280.0,18718560.0,6239520.0,0.7,0.6666666666666666
907,907.0,1.0,160.0,53.0,107.0,23.2,81.0,27.0,54.0,27.0,691984.0,196400.0,935928.0,311976.0,4.0,0.0,51.0,5.0,0.0,4150.0,0.0,5e-05,20000000.0,13839680.0,3928000.0,18718560.0,6239520.0,0.66875,0.6666666666666666
908,908.0,1.0,160.0,56.0,104.0,16.79,81.0,27.0,54.0,19.33,401048.0,129624.0,484912.0,127776.0,4.0,0.0,51.0,5.0,0.0,4130.0,0.0,5e-05,20000000.0,8020960.0,2592480.0,9698240.0,2555520.0,0.65,0.6666666666666666
909,909.0,1.0,160.0,52.0,108.0,22.74,81.0,27.0,54.0,21.72,654664.0,185800.0,536192.0,202184.0,4.0,0.0,51.0,5.0,0.0,4510.0,0.0,5e-05,20000000.0,13093280.0,3716000.0,10723840.0,4043680.0,0.675,0.6666666666666666
910,910.0,1.0,160.0,48.0,112.0,26.0,144.0,48.0,96.0,27.0,212224.0,66432.0,645120.0,215040.0,2.0,0.0,51.0,5.0,0.0,10.0,0.0,5e-05,20000000.0,4244480.0,1328640.0,12902400.0,4300800.0,0.7,0.6666666666666666
911,911.0,1.0,80.0,25.0,55.0,25.88,18.0,6.0,12.0,27.0,2358912.0,729112.0,1069776.0,356592.0,14.0,0.0,51.0,5.0,0.0,3850.0,0.0,5e-05,20000000.0,47178240.0,14582240.0,21395520.0,7131840.0,0.6875,0.6666666666666666
912,912.0,1.0,160.0,48.0,112.0,26.3,144.0,48.0,96.0,27.0,226560.0,70016.0,645120.0,215040.0,2.0,0.0,51.0,5.0,0.0,3490.0,0.0,5e-05,20000000.0,4531200.0,1400320.0,12902400.0,4300800.0,0.7,0.6666666666666666
913,913.0,1.0,160.0,48.0,112.0,25.95,81.0,27.0,54.0,24.0,892224.0,275552.0,835232.0,211280.0,4.0,0.0,51.0,5.0,0.0,2650.0,0.0,5e-05,20000000.0,17844480.0,5511040.0,16704640.0,4225600.0,0.7,0.6666666666666666
914,914.0,1.0,145.0,45.0,100.0,21.5,45.0,15.0,30.0,15.98,1583072.0,466432.0,626696.0,248288.0,7.0,0.0,51.0,5.0,0.0,3200.0,0.0,5e-05,20000000.0,31661440.0,9328640.0,12533920.0,4965760.0,0.6896551724137931,0.6666666666666666
915,915.0,1.0,160.0,48.0,112.0,23.94,81.0,34.0,47.0,18.37,830272.0,260064.0,444480.0,133960.0,4.0,0.0,51.0,5.0,0.0,3000.0,0.0,5e-05,20000000.0,16605440.0,5201280.0,8889600.0,2679200.0,0.7,0.5802469135802469
916,916.0,1.0,160.0,56.0,104.0,20.9,144.0,48.0,96.0,24.0,168448.0,43136.0,575616.0,145536.0,2.0,0.0,51.0,5.0,0.0,4480.0,0.0,5e-05,20000000.0,3368960.0,862720.0,11512320.0,2910720.0,0.65,0.6666666666666666
917,917.0,1.0,145.0,46.0,99.0,25.88,45.0,15.0,30.0,27.0,2069472.0,674440.0,1099368.0,366456.0,7.0,0.0,51.0,5.0,0.0,4280.0,0.0,5e-05,20000000.0,41389440.0,13488800.0,21987360.0,7329120.0,0.6827586206896552,0.6666666666666666
918,918.0,1.0,160.0,48.0,112.0,26.3,144.0,48.0,96.0,27.0,226560.0,70016.0,645120.0,215040.0,2.0,0.0,51.0,5.0,0.0,920.0,0.0,5e-05,20000000.0,4531200.0,1400320.0,12902400.0,4300800.0,0.7,0.6666666666666666
919,919.0,1.0,160.0,54.0,106.0,17.6,81.0,29.0,52.0,15.53,629824.0,161088.0,318064.0,83272.0,4.0,0.0,51.0,5.0,0.0,4780.0,0.0,5e-05,20000000.0,12596480.0,3221760.0,6361280.0,1665440.0,0.6625,0.6419753086419753
920,920.0,1.0,80.0,25.0,55.0,22.65,18.0,6.0,12.0,27.0,1585016.0,545432.0,1069776.0,356592.0,14.0,0.0,51.0,5.0,0.0,2980.0,0.0,5e-05,20000000.0,31700320.0,10908640.0,21395520.0,7131840.0,0.6875,0.6666666666666666
921,921.0,1.0,145.0,45.0,100.0,22.86,45.0,15.0,30.0,22.33,1572992.0,468192.0,720400.0,261856.0,7.0,0.0,51.0,5.0,0.0,4630.0,0.0,5e-05,20000000.0,31459840.0,9363840.0,14408000.0,5237120.0,0.6896551724137931,0.6666666666666666
922,922.0,1.0,160.0,60.0,100.0,22.9,144.0,48.0,96.0,24.0,194400.0,64352.0,497424.0,145536.0,2.0,0.0,51.0,5.0,0.0,2690.0,0.0,5e-05,20000000.0,3888000.0,1287040.0,9948480.0,2910720.0,0.625,0.6666666666666666
923,923.0,1.0,160.0,55.0,105.0,22.72,81.0,27.0,54.0,22.94,604384.0,212824.0,631136.0,193088.0,4.0,0.0,51.0,5.0,0.0,2740.0,0.0,5e-05,20000000.0,12087680.0,4256480.0,12622720.0,3861760.0,0.65625,0.6666666666666666
924,924.0,1.0,160.0,48.0,112.0,26.2,144.0,48.0,96.0,24.0,219904.0,68352.0,575616.0,145536.0,2.0,0.0,51.0,5.0,0.0,2530.0,0.0,5e-05,20000000.0,4398080.0,1367040.0,11512320.0,2910720.0,0.7,0.6666666666666666
925,925.0,1.0,160.0,48.0,112.0,26.2,144.0,61.0,83.0,21.12,219904.0,68352.0,480048.0,147304.0,2.0,0.0,51.0,5.0,0.0,1600.0,0.0,5e-05,20000000.0,4398080.0,1367040.0,9600960.0,2946080.0,0.7,0.5763888888888888
926,926.0,1.0,80.0,25.0,55.0,26.0,18.0,6.0,12.0,27.0,2292120.0,722208.0,1069776.0,356592.0,14.0,0.0,51.0,5.0,0.0,770.0,0.0,5e-05,20000000.0,45842400.0,14444160.0,21395520.0,7131840.0,0.6875,0.6666666666666666
927,927.0,1.0,80.0,25.0,55.0,26.04,18.0,6.0,12.0,27.0,2476440.0,768288.0,1069776.0,356592.0,14.0,0.0,51.0,5.0,0.0,880.0,0.0,5e-05,20000000.0,49528800.0,15365760.0,21395520.0,7131840.0,0.6875,0.6666666666666666
928,928.0,1.0,160.0,48.0,112.0,26.12,81.0,27.0,54.0,27.0,892224.0,275552.0,935928.0,311976.0,4.0,0.0,51.0,5.0,0.0,940.0,0.0,5e-05,20000000.0,17844480.0,5511040.0,18718560.0,6239520.0,0.7,0.6666666666666666
929,929.0,1.0,160.0,48.0,112.0,26.3,144.0,48.0,96.0,27.0,226560.0,70016.0,645120.0,215040.0,2.0,0.0,51.0,5.0,0.0,2260.0,0.0,5e-05,20000000.0,4531200.0,1400320.0,12902400.0,4300800.0,0.7,0.6666666666666666
930,930.0,1.0,160.0,48.0,112.0,25.95,81.0,30.0,51.0,21.22,865984.0,268992.0,554680.0,172552.0,4.0,0.0,51.0,5.0,0.0,2400.0,0.0,5e-05,20000000.0,17319680.0,5379840.0,11093600.0,3451040.0,0.7,0.6296296296296297
931,931.0,1.0,80.0,25.0,55.0,23.44,18.0,6.0,12.0,24.0,1899392.0,545432.0,609232.0,241456.0,14.0,0.0,51.0,5.0,0.0,3050.0,0.0,5e-05,20000000.0,37987840.0,10908640.0,12184640.0,4829120.0,0.6875,0.6666666666666666
932,932.0,1.0,160.0,56.0,104.0,22.25,144.0,48.0,96.0,24.0,149376.0,44800.0,575616.0,145536.0,2.0,0.0,51.0,5.0,0.0,4550.0,0.0,5e-05,20000000.0,2987520.0,896000.0,11512320.0,2910720.0,0.65,0.6666666666666666
933,933.0,1.0,160.0,56.0,104.0,23.6,144.0,48.0,96.0,27.0,162240.0,57664.0,645120.0,215040.0,2.0,0.0,51.0,5.0,0.0,4260.0,0.0,5e-05,20000000.0,3244800.0,1153280.0,12902400.0,4300800.0,0.65,0.6666666666666666
934,934.0,1.0,160.0,55.0,105.0,20.7,81.0,30.0,51.0,18.67,579464.0,206264.0,430336.0,154360.0,4.0,0.0,51.0,5.0,0.0,3760.0,0.0,5e-05,20000000.0,11589280.0,4125280.0,8606720.0,3087200.0,0.65625,0.6296296296296297
935,935.0,1.0,160.0,58.0,102.0,22.7,144.0,48.0,96.0,24.0,184528.0,59344.0,510456.0,145536.0,2.0,0.0,51.0,5.0,0.0,3350.0,0.0,5e-05,20000000.0,3690560.0,1186880.0,10209120.0,2910720.0,0.6375,0.6666666666666666
936,936.0,1.0,160.0,48.0,112.0,25.81,81.0,35.0,46.0,21.07,830272.0,260064.0,699152.0,205048.0,4.0,0.0,51.0,5.0,0.0,600.0,0.0,5e-05,20000000.0,16605440.0,5201280.0,13983040.0,4100960.0,0.7,0.5679012345679012
937,937.0,1.0,145.0,45.0,100.0,26.06,45.0,15.0,30.0,27.0,2120832.0,673632.0,1099368.0,366456.0,7.0,0.0,51.0,5.0,0.0,1750.0,0.0,5e-05,20000000.0,42416640.0,13472640.0,21987360.0,7329120.0,0.6896551724137931,0.6666666666666666
938,938.0,1.0,145.0,46.0,99.0,25.07,45.0,15.0,30.0,24.11,1690752.0,584040.0,636232.0,250672.0,7.0,0.0,51.0,5.0,0.0,700.0,0.0,5e-05,20000000.0,33815040.0,11680800.0,12724640.0,5013440.0,0.6827586206896552,0.6666666666666666
939,939.0,1.0,160.0,54.0,106.0,19.36,81.0,27.0,54.0,27.0,331504.0,112152.0,935928.0,311976.0,4.0,0.0,51.0,5.0,0.0,4990.0,0.0,5e-05,20000000.0,6630080.0,2243040.0,18718560.0,6239520.0,0.6625,0.6666666666666666
940,940.0,1.0,160.0,48.0,112.0,25.95,81.0,27.0,54.0,27.0,865984.0,268992.0,935928.0,311976.0,4.0,0.0,51.0,5.0,0.0,1390.0,0.0,5e-05,20000000.0,17319680.0,5379840.0,18718560.0,6239520.0,0.7,0.6666666666666666
941,941.0,1.0,80.0,25.0,55.0,24.41,18.0,6.0,12.0,21.11,2086360.0,670768.0,157584.0,128544.0,14.0,0.0,51.0,5.0,0.0,4700.0,0.0,5e-05,20000000.0,41727200.0,13415360.0,3151680.0,2570880.0,0.6875,0.6666666666666666
942,942.0,1.0,80.0,24.0,56.0,25.9,18.0,6.0,12.0,27.0,2399416.0,708056.0,1069776.0,356592.0,14.0,0.0,51.0,5.0,0.0,1550.0,0.0,5e-05,20000000.0,47988320.0,14161120.0,21395520.0,7131840.0,0.7,0.6666666666666666
943,943.0,1.0,160.0,48.0,112.0,26.3,144.0,63.0,81.0,21.0,226560.0,70016.0,493080.0,143232.0,2.0,0.0,51.0,5.0,0.0,400.0,0.0,5e-05,20000000.0,4531200.0,1400320.0,9861600.0,2864640.0,0.7,0.5625
944,944.0,1.0,160.0,48.0,112.0,25.99,81.0,27.0,54.0,22.46,892224.0,275552.0,611192.0,193088.0,4.0,0.0,51.0,5.0,0.0,4230.0,0.0,5e-05,20000000.0,17844480.0,5511040.0,12223840.0,3861760.0,0.7,0.6666666666666666
945,945.0,1.0,160.0,54.0,106.0,19.09,81.0,27.0,54.0,21.81,447256.0,163496.0,531144.0,193088.0,4.0,0.0,51.0,5.0,0.0,4620.0,0.0,5e-05,20000000.0,8945120.0,3269920.0,10622880.0,3861760.0,0.6625,0.6666666666666666
946,946.0,1.0,160.0,83.0,77.0,9.01,81.0,57.0,24.0,1.78,290880.0,83968.0,29664.0,19296.0,4.0,0.0,51.0,5.0,0.0,2000.0,0.0,5e-05,20000000.0,5817600.0,1679360.0,593280.0,385920.0,0.48125,0.2962962962962963
947,947.0,1.0,80.0,25.0,55.0,26.0,18.0,6.0,12.0,27.0,2292120.0,722208.0,1069776.0,356592.0,14.0,0.0,51.0,5.0,0.0,610.0,0.0,5e-05,20000000.0,45842400.0,14444160.0,21395520.0,7131840.0,0.6875,0.6666666666666666
948,948.0,1.0,145.0,45.0,100.0,21.96,45.0,15.0,30.0,27.0,1326272.0,466432.0,1099368.0,366456.0,7.0,0.0,51.0,5.0,0.0,4850.0,0.0,5e-05,20000000.0,26525440.0,9328640.0,21987360.0,7329120.0,0.6896551724137931,0.6666666666666666
949,949.0,1.0,80.0,25.0,55.0,26.21,18.0,6.0,12.0,27.0,2476440.0,768288.0,1069776.0,356592.0,14.0,0.0,51.0,5.0,0.0,870.0,0.0,5e-05,20000000.0,49528800.0,15365760.0,21395520.0,7131840.0,0.6875,0.6666666666666666
950,950.0,1.0,145.0,45.0,100.0,26.28,45.0,15.0,30.0,27.0,2182272.0,688992.0,1099368.0,366456.0,7.0,0.0,51.0,5.0,0.0,4460.0,0.0,5e-05,20000000.0,43645440.0,13779840.0,21987360.0,7329120.0,0.6896551724137931,0.6666666666666666
951,951.0,1.0,160.0,48.0,112.0,26.2,144.0,48.0,96.0,27.0,219904.0,68352.0,645120.0,215040.0,2.0,0.0,51.0,5.0,0.0,1560.0,0.0,5e-05,20000000.0,4398080.0,1367040.0,12902400.0,4300800.0,0.7,0.6666666666666666
952,952.0,1.0,160.0,71.0,89.0,15.58,144.0,54.0,90.0,18.25,99304.0,37664.0,341040.0,111600.0,2.0,0.0,51.0,5.0,0.0,4320.0,0.0,5e-05,20000000.0,1986080.0,753280.0,6820800.0,2232000.0,0.55625,0.625
953,953.0,1.0,160.0,57.0,103.0,16.11,81.0,27.0,54.0,24.0,400928.0,104560.0,835232.0,211280.0,4.0,0.0,51.0,5.0,0.0,3650.0,0.0,5e-05,20000000.0,8018560.0,2091200.0,16704640.0,4225600.0,0.64375,0.6666666666666666
954,954.0,1.0,145.0,46.0,99.0,25.97,45.0,15.0,30.0,27.0,2028672.0,668520.0,1099368.0,366456.0,7.0,0.0,51.0,5.0,0.0,20.0,0.0,5e-05,20000000.0,40573440.0,13370400.0,21987360.0,7329120.0,0.6827586206896552,0.6666666666666666
955,955.0,1.0,145.0,45.0,100.0,25.06,45.0,15.0,30.0,24.0,2096672.0,603392.0,981200.0,248288.0,7.0,0.0,51.0,5.0,0.0,3130.0,0.0,5e-05,20000000.0,41933440.0,12067840.0,19624000.0,4965760.0,0.6896551724137931,0.6666666666666666
956,956.0,1.0,80.0,24.0,56.0,23.98,18.0,6.0,12.0,21.22,2044896.0,609632.0,609232.0,241456.0,14.0,0.0,51.0,5.0,0.0,3730.0,0.0,5e-05,20000000.0,40897920.0,12192640.0,12184640.0,4829120.0,0.7,0.6666666666666666
957,957.0,1.0,80.0,25.0,55.0,20.84,18.0,6.0,12.0,24.0,1553384.0,453912.0,954640.0,241456.0,14.0,0.0,51.0,5.0,0.0,3890.0,0.0,5e-05,20000000.0,31067680.0,9078240.0,19092800.0,4829120.0,0.6875,0.6666666666666666
958,958.0,1.0,160.0,57.0,103.0,23.6,144.0,48.0,96.0,27.0,189576.0,59336.0,645120.0,215040.0,2.0,0.0,51.0,5.0,0.0,2870.0,0.0,5e-05,20000000.0,3791520.0,1186720.0,12902400.0,4300800.0,0.64375,0.6666666666666666
959,959.0,1.0,145.0,48.0,97.0,24.23,45.0,15.0,30.0,27.0,1685792.0,554456.0,1099368.0,366456.0,7.0,0.0,51.0,5.0,0.0,1820.0,0.0,5e-05,20000000.0,33715840.0,11089120.0,21987360.0,7329120.0,0.6689655172413793,0.6666666666666666
960,960.0,1.0,160.0,56.0,104.0,20.72,81.0,27.0,54.0,24.0,491120.0,164240.0,668408.0,202184.0,4.0,0.0,51.0,5.0,0.0,3220.0,0.0,5e-05,20000000.0,9822400.0,3284800.0,13368160.0,4043680.0,0.65,0.6666666666666666
961,961.0,1.0,80.0,25.0,55.0,26.21,18.0,6.0,12.0,27.0,2476440.0,768288.0,1069776.0,356592.0,14.0,0.0,51.0,5.0,0.0,1080.0,0.0,5e-05,20000000.0,49528800.0,15365760.0,21395520.0,7131840.0,0.6875,0.6666666666666666
962,962.0,1.0,80.0,24.0,56.0,26.0,18.0,6.0,12.0,27.0,2399416.0,708056.0,1069776.0,356592.0,14.0,0.0,51.0,5.0,0.0,1620.0,0.0,5e-05,20000000.0,47988320.0,14161120.0,21395520.0,7131840.0,0.7,0.6666666666666666
963,963.0,1.0,80.0,25.0,55.0,22.96,18.0,6.0,12.0,24.0,1593888.0,473832.0,954640.0,241456.0,14.0,0.0,51.0,5.0,0.0,3950.0,0.0,5e-05,20000000.0,31877760.0,9476640.0,19092800.0,4829120.0,0.6875,0.6666666666666666
964,964.0,1.0,145.0,46.0,99.0,25.16,45.0,15.0,30.0,27.0,2011072.0,604200.0,1099368.0,366456.0,7.0,0.0,51.0,5.0,0.0,2930.0,0.0,5e-05,20000000.0,40221440.0,12084000.0,21987360.0,7329120.0,0.6827586206896552,0.6666666666666666
965,965.0,1.0,145.0,45.0,100.0,25.99,45.0,15.0,30.0,27.0,2069472.0,656512.0,1099368.0,366456.0,7.0,0.0,51.0,5.0,0.0,1560.0,0.0,5e-05,20000000.0,41389440.0,13130240.0,21987360.0,7329120.0,0.6896551724137931,0.6666666666666666
966,966.0,1.0,160.0,48.0,112.0,26.3,144.0,48.0,96.0,27.0,226560.0,70016.0,645120.0,215040.0,2.0,0.0,51.0,5.0,0.0,1790.0,0.0,5e-05,20000000.0,4531200.0,1400320.0,12902400.0,4300800.0,0.7,0.6666666666666666
967,967.0,1.0,145.0,46.0,99.0,19.43,45.0,15.0,30.0,15.22,1669152.0,428840.0,508528.0,130120.0,7.0,0.0,51.0,5.0,0.0,4780.0,0.0,5e-05,20000000.0,33383040.0,8576800.0,10170560.0,2602400.0,0.6827586206896552,0.6666666666666666
968,968.0,1.0,160.0,48.0,112.0,26.3,144.0,48.0,96.0,24.11,226560.0,70016.0,372736.0,146944.0,2.0,0.0,51.0,5.0,0.0,900.0,0.0,5e-05,20000000.0,4531200.0,1400320.0,7454720.0,2938880.0,0.7,0.6666666666666666
969,969.0,1.0,80.0,25.0,55.0,23.68,18.0,6.0,12.0,21.11,1913344.0,553696.0,502992.0,128544.0,14.0,0.0,51.0,5.0,0.0,3300.0,0.0,5e-05,20000000.0,38266880.0,11073920.0,10059840.0,2570880.0,0.6875,0.6666666666666666
970,970.0,1.0,160.0,60.0,100.0,23.6,144.0,48.0,96.0,24.11,194400.0,64352.0,372736.0,146944.0,2.0,0.0,51.0,5.0,0.0,2900.0,0.0,5e-05,20000000.0,3888000.0,1287040.0,7454720.0,2938880.0,0.625,0.6666666666666666
971,971.0,1.0,160.0,48.0,112.0,25.81,81.0,27.0,54.0,27.0,830272.0,260064.0,935928.0,311976.0,4.0,0.0,51.0,5.0,0.0,3990.0,0.0,5e-05,20000000.0,16605440.0,5201280.0,18718560.0,6239520.0,0.7,0.6666666666666666
972,972.0,1.0,160.0,53.0,107.0,20.09,81.0,27.0,54.0,27.0,539896.0,194792.0,935928.0,311976.0,4.0,0.0,51.0,5.0,0.0,4970.0,0.0,5e-05,20000000.0,10797920.0,3895840.0,18718560.0,6239520.0,0.66875,0.6666666666666666
973,973.0,1.0,160.0,58.0,102.0,20.61,81.0,34.0,47.0,12.46,665248.0,171136.0,432448.0,112720.0,4.0,0.0,51.0,5.0,0.0,2600.0,0.0,5e-05,20000000.0,13304960.0,3422720.0,8648960.0,2254400.0,0.6375,0.5802469135802469
974,974.0,1.0,80.0,25.0,55.0,23.7,18.0,6.0,12.0,18.11,2319736.0,729112.0,609232.0,241456.0,14.0,0.0,51.0,5.0,0.0,2020.0,0.0,5e-05,20000000.0,46394720.0,14582240.0,12184640.0,4829120.0,0.6875,0.6666666666666666
975,975.0,1.0,160.0,48.0,112.0,26.3,144.0,48.0,96.0,20.81,226560.0,70016.0,427920.0,110784.0,2.0,0.0,51.0,5.0,0.0,4830.0,0.0,5e-05,20000000.0,4531200.0,1400320.0,8558400.0,2215680.0,0.7,0.6666666666666666
976,976.0,1.0,160.0,48.0,112.0,26.12,81.0,31.0,50.0,21.0,892224.0,275552.0,595000.0,186128.0,4.0,0.0,51.0,5.0,0.0,2200.0,0.0,5e-05,20000000.0,17844480.0,5511040.0,11900000.0,3722560.0,0.7,0.6172839506172839
977,977.0,1.0,80.0,25.0,55.0,21.5,18.0,6.0,12.0,21.0,1535608.0,533080.0,609232.0,241456.0,14.0,0.0,51.0,5.0,0.0,3340.0,0.0,5e-05,20000000.0,30712160.0,10661600.0,12184640.0,4829120.0,0.6875,0.6666666666666666
978,978.0,1.0,160.0,48.0,112.0,26.08,81.0,27.0,54.0,27.0,892224.0,275552.0,935928.0,311976.0,4.0,0.0,51.0,5.0,0.0,230.0,0.0,5e-05,20000000.0,17844480.0,5511040.0,18718560.0,6239520.0,0.7,0.6666666666666666
979,979.0,1.0,160.0,48.0,112.0,26.3,144.0,48.0,96.0,24.0,226560.0,70016.0,575616.0,145536.0,2.0,0.0,51.0,5.0,0.0,4590.0,0.0,5e-05,20000000.0,4531200.0,1400320.0,11512320.0,2910720.0,0.7,0.6666666666666666
980,980.0,1.0,145.0,45.0,100.0,24.17,45.0,15.0,30.0,18.18,1812672.0,588032.0,615376.0,235600.0,7.0,0.0,51.0,5.0,0.0,3930.0,0.0,5e-05,20000000.0,36253440.0,11760640.0,12307520.0,4712000.0,0.6896551724137931,0.6666666666666666
981,981.0,1.0,80.0,25.0,55.0,20.5,18.0,6.0,12.0,21.0,1277216.0,394664.0,494096.0,126320.0,14.0,0.0,51.0,5.0,0.0,3830.0,0.0,5e-05,20000000.0,25544320.0,7893280.0,9881920.0,2526400.0,0.6875,0.6666666666666666
982,982.0,1.0,80.0,24.0,56.0,26.2,18.0,6.0,12.0,27.0,2399416.0,708056.0,1069776.0,356592.0,14.0,0.0,51.0,5.0,0.0,140.0,0.0,5e-05,20000000.0,47988320.0,14161120.0,21395520.0,7131840.0,0.7,0.6666666666666666
983,983.0,1.0,160.0,48.0,112.0,26.3,144.0,48.0,96.0,22.78,226560.0,70016.0,497424.0,145536.0,2.0,0.0,51.0,5.0,0.0,4230.0,0.0,5e-05,20000000.0,4531200.0,1400320.0,9948480.0,2910720.0,0.7,0.6666666666666666
984,984.0,1.0,160.0,48.0,112.0,26.3,144.0,48.0,96.0,27.0,226560.0,70016.0,645120.0,215040.0,2.0,0.0,51.0,5.0,0.0,210.0,0.0,5e-05,20000000.0,4531200.0,1400320.0,12902400.0,4300800.0,0.7,0.6666666666666666
985,985.0,1.0,160.0,48.0,112.0,24.45,81.0,27.0,54.0,21.41,865984.0,268992.0,470176.0,175600.0,4.0,0.0,51.0,5.0,0.0,3750.0,0.0,5e-05,20000000.0,17319680.0,5379840.0,9403520.0,3512000.0,0.7,0.6666666666666666
986,986.0,1.0,145.0,45.0,100.0,20.21,45.0,15.0,30.0,27.0,1093632.0,331232.0,1099368.0,366456.0,7.0,0.0,51.0,5.0,0.0,4990.0,0.0,5e-05,20000000.0,21872640.0,6624640.0,21987360.0,7329120.0,0.6896551724137931,0.6666666666666666
987,987.0,1.0,145.0,47.0,98.0,23.79,45.0,15.0,30.0,24.0,1891232.0,553648.0,852072.0,275424.0,7.0,0.0,51.0,5.0,0.0,2030.0,0.0,5e-05,20000000.0,37824640.0,11072960.0,17041440.0,5508480.0,0.6758620689655173,0.6666666666666666
988,988.0,1.0,160.0,59.0,101.0,23.6,144.0,48.0,96.0,19.44,192792.0,62680.0,372736.0,146944.0,2.0,0.0,51.0,5.0,0.0,3500.0,0.0,5e-05,20000000.0,3855840.0,1253600.0,7454720.0,2938880.0,0.63125,0.6666666666666666
989,989.0,1.0,80.0,25.0,55.0,24.35,18.0,6.0,12.0,27.0,1769336.0,591512.0,1069776.0,356592.0,14.0,0.0,51.0,5.0,0.0,2130.0,0.0,5e-05,20000000.0,35386720.0,11830240.0,21395520.0,7131840.0,0.6875,0.6666666666666666
990,990.0,1.0,145.0,45.0,100.0,26.17,45.0,15.0,30.0,27.0,2120832.0,673632.0,1099368.0,366456.0,7.0,0.0,51.0,5.0,0.0,1620.0,0.0,5e-05,20000000.0,42416640.0,13472640.0,21987360.0,7329120.0,0.6896551724137931,0.6666666666666666
991,991.0,1.0,160.0,48.0,112.0,26.08,81.0,27.0,54.0,27.0,892224.0,275552.0,935928.0,311976.0,4.0,0.0,51.0,5.0,0.0,1790.0,0.0,5e-05,20000000.0,17844480.0,5511040.0,18718560.0,6239520.0,0.7,0.6666666666666666
992,992.0,1.0,160.0,48.0,112.0,26.2,144.0,48.0,96.0,24.0,219904.0,68352.0,536520.0,145536.0,2.0,0.0,51.0,5.0,0.0,1310.0,0.0,5e-05,20000000.0,4398080.0,1367040.0,10730400.0,2910720.0,0.7,0.6666666666666666
993,993.0,1.0,160.0,48.0,112.0,26.08,81.0,27.0,54.0,24.11,892224.0,275552.0,541464.0,213360.0,4.0,0.0,51.0,5.0,0.0,1900.0,0.0,5e-05,20000000.0,17844480.0,5511040.0,10829280.0,4267200.0,0.7,0.6666666666666666
994,994.0,1.0,145.0,47.0,98.0,26.09,45.0,15.0,30.0,27.0,2165152.0,707728.0,1099368.0,366456.0,7.0,0.0,51.0,5.0,0.0,360.0,0.0,5e-05,20000000.0,43303040.0,14154560.0,21987360.0,7329120.0,0.6758620689655173,0.6666666666666666
995,995.0,1.0,80.0,25.0,55.0,24.44,18.0,6.0,12.0,27.0,2201240.0,630688.0,1069776.0,356592.0,14.0,0.0,51.0,5.0,0.0,3440.0,0.0,5e-05,20000000.0,44024800.0,12613760.0,21395520.0,7131840.0,0.6875,0.6666666666666666
996,996.0,1.0,145.0,45.0,100.0,23.92,45.0,15.0,30.0,18.04,2113792.0,671872.0,642936.0,249168.0,7.0,0.0,51.0,5.0,0.0,3390.0,0.0,5e-05,20000000.0,42275840.0,13437440.0,12858720.0,4983360.0,0.6896551724137931,0.6666666666666666
997,997.0,1.0,160.0,48.0,112.0,25.9,81.0,27.0,54.0,27.0,865984.0,268992.0,935928.0,311976.0,4.0,0.0,51.0,5.0,0.0,1630.0,0.0,5e-05,20000000.0,17319680.0,5379840.0,18718560.0,6239520.0,0.7,0.6666666666666666
998,998.0,1.0,160.0,48.0,112.0,26.12,81.0,27.0,54.0,24.0,892224.0,275552.0,835232.0,211280.0,4.0,0.0,51.0,5.0,0.0,3480.0,0.0,5e-05,20000000.0,17844480.0,5511040.0,16704640.0,4225600.0,0.7,0.6666666666666666
999,999.0,1.0,145.0,46.0,99.0,25.97,45.0,15.0,30.0,27.0,2028672.0,668520.0,1099368.0,366456.0,7.0,0.0,51.0,5.0,0.0,770.0,0.0,5e-05,20000000.0,40573440.0,13370400.0,21987360.0,7329120.0,0.6827586206896552,0.6666666666666666
1000,1000.0,1.0,160.0,51.0,109.0,19.78,81.0,27.0,54.0,19.02,493104.0,159840.0,343192.0,88048.0,4.0,0.0,51.0,5.0,0.0,4430.0,0.0,5e-05,20000000.0,9862080.0,3196800.0,6863840.0,1760960.0,0.68125,0.6666666666666666
1001,1001.0,1.0,160.0,61.0,99.0,20.94,144.0,48.0,96.0,24.0,175104.0,45120.0,575616.0,145536.0,2.0,0.0,51.0,5.0,0.0,2240.0,0.0,5e-05,20000000.0,3502080.0,902400.0,11512320.0,2910720.0,0.61875,0.6666666666666666
1002,1002.0,1.0,160.0,60.0,100.0,23.42,81.0,36.0,45.0,15.58,766872.0,253784.0,493416.0,174552.0,4.0,0.0,51.0,5.0,0.0,3200.0,0.0,5e-05,20000000.0,15337440.0,5075680.0,9868320.0,3491040.0,0.625,0.5555555555555556
1003,1003.0,1.0,80.0,25.0,55.0,23.09,18.0,6.0,12.0,21.0,1925072.0,571440.0,609232.0,241456.0,14.0,0.0,51.0,5.0,0.0,2210.0,0.0,5e-05,20000000.0,38501440.0,11428800.0,12184640.0,4829120.0,0.6875,0.6666666666666666
1004,1004.0,1.0,160.0,48.0,112.0,25.95,81.0,29.0,52.0,21.02,865984.0,268992.0,531848.0,176464.0,4.0,0.0,51.0,5.0,0.0,3810.0,0.0,5e-05,20000000.0,17319680.0,5379840.0,10636960.0,3529280.0,0.7,0.6419753086419753
1005,1005.0,1.0,160.0,48.0,112.0,26.04,81.0,27.0,54.0,27.0,892224.0,275552.0,935928.0,311976.0,4.0,0.0,51.0,5.0,0.0,3860.0,0.0,5e-05,20000000.0,17844480.0,5511040.0,18718560.0,6239520.0,0.7,0.6666666666666666
1006,1006.0,1.0,80.0,25.0,55.0,23.52,18.0,6.0,12.0,24.11,2046968.0,592120.0,618128.0,243680.0,14.0,0.0,51.0,5.0,0.0,4450.0,0.0,5e-05,20000000.0,40939360.0,11842400.0,12362560.0,4873600.0,0.6875,0.6666666666666666
1007,1007.0,1.0,160.0,48.0,112.0,26.12,81.0,27.0,54.0,27.0,892224.0,275552.0,935928.0,311976.0,4.0,0.0,51.0,5.0,0.0,3490.0,0.0,5e-05,20000000.0,17844480.0,5511040.0,18718560.0,6239520.0,0.7,0.6666666666666666
1008,1008.0,1.0,160.0,56.0,104.0,22.68,81.0,27.0,54.0,23.02,640944.0,227536.0,618992.0,193088.0,4.0,0.0,51.0,5.0,0.0,2730.0,0.0,5e-05,20000000.0,12818880.0,4550720.0,12379840.0,3861760.0,0.65,0.6666666666666666
1009,1009.0,1.0,80.0,24.0,56.0,26.2,18.0,6.0,12.0,27.0,2399416.0,708056.0,1069776.0,356592.0,14.0,0.0,51.0,5.0,0.0,1390.0,0.0,5e-05,20000000.0,47988320.0,14161120.0,21395520.0,7131840.0,0.7,0.6666666666666666
1010,1010.0,1.0,160.0,48.0,112.0,25.95,81.0,27.0,54.0,27.0,865984.0,268992.0,935928.0,311976.0,4.0,0.0,51.0,5.0,0.0,150.0,0.0,5e-05,20000000.0,17319680.0,5379840.0,18718560.0,6239520.0,0.7,0.6666666666666666
1011,1011.0,1.0,145.0,45.0,100.0,24.9,45.0,16.0,29.0,22.8,1983872.0,622272.0,720792.0,250056.0,7.0,0.0,51.0,5.0,0.0,1680.0,0.0,5e-05,20000000.0,39677440.0,12445440.0,14415840.0,5001120.0,0.6896551724137931,0.6444444444444445
1012,1012.0,1.0,160.0,48.0,112.0,26.12,81.0,27.0,54.0,24.11,892224.0,275552.0,541464.0,213360.0,4.0,0.0,51.0,5.0,0.0,1100.0,0.0,5e-05,20000000.0,17844480.0,5511040.0,10829280.0,4267200.0,0.7,0.6666666666666666
1013,1013.0,1.0,160.0,58.0,102.0,23.5,144.0,48.0,96.0,27.0,184528.0,59344.0,645120.0,215040.0,2.0,0.0,51.0,5.0,0.0,2570.0,0.0,5e-05,20000000.0,3690560.0,1186880.0,12902400.0,4300800.0,0.6375,0.6666666666666666
1014,1014.0,1.0,160.0,61.0,99.0,23.6,144.0,48.0,96.0,23.06,196008.0,66024.0,510456.0,145536.0,2.0,0.0,51.0,5.0,0.0,2810.0,0.0,5e-05,20000000.0,3920160.0,1320480.0,10209120.0,2910720.0,0.61875,0.6666666666666666
1015,1015.0,1.0,160.0,48.0,112.0,26.3,144.0,48.0,96.0,24.0,226560.0,70016.0,575616.0,145536.0,2.0,0.0,51.0,5.0,0.0,3480.0,0.0,5e-05,20000000.0,4531200.0,1400320.0,11512320.0,2910720.0,0.7,0.6666666666666666
1016,1016.0,1.0,145.0,45.0,100.0,26.06,45.0,15.0,30.0,27.0,2120832.0,673632.0,1099368.0,366456.0,7.0,0.0,51.0,5.0,0.0,1630.0,0.0,5e-05,20000000.0,42416640.0,13472640.0,21987360.0,7329120.0,0.6896551724137931,0.6666666666666666
1017,1017.0,1.0,80.0,24.0,56.0,18.31,18.0,6.0,12.0,24.0,1318688.0,334432.0,954640.0,241456.0,14.0,0.0,51.0,5.0,0.0,3530.0,0.0,5e-05,20000000.0,26373760.0,6688640.0,19092800.0,4829120.0,0.7,0.6666666666666666
1018,1018.0,1.0,160.0,48.0,112.0,24.9,144.0,58.0,86.0,17.81,226560.0,70016.0,306288.0,99112.0,2.0,0.0,51.0,5.0,0.0,4400.0,0.0,5e-05,20000000.0,4531200.0,1400320.0,6125760.0,1982240.0,0.7,0.5972222222222222
1019,1019.0,1.0,80.0,25.0,55.0,21.42,18.0,6.0,12.0,27.0,1534640.0,473832.0,1069776.0,356592.0,14.0,0.0,51.0,5.0,0.0,3940.0,0.0,5e-05,20000000.0,30692800.0,9476640.0,21395520.0,7131840.0,0.6875,0.6666666666666666
1020,1020.0,1.0,145.0,46.0,99.0,20.8,45.0,15.0,30.0,12.84,1617792.0,565800.0,154024.0,130120.0,7.0,0.0,51.0,5.0,0.0,4020.0,0.0,5e-05,20000000.0,32355840.0,11316000.0,3080480.0,2602400.0,0.6827586206896552,0.6666666666666666
1021,1021.0,1.0,145.0,46.0,99.0,26.17,45.0,15.0,30.0,27.0,2120832.0,691560.0,1099368.0,366456.0,7.0,0.0,51.0,5.0,0.0,1230.0,0.0,5e-05,20000000.0,42416640.0,13831200.0,21987360.0,7329120.0,0.6827586206896552,0.6666666666666666
1022,1022.0,1.0,160.0,48.0,112.0,24.2,144.0,64.0,80.0,16.41,226560.0,70016.0,358416.0,112960.0,2.0,0.0,51.0,5.0,0.0,2010.0,0.0,5e-05,20000000.0,4531200.0,1400320.0,7168320.0,2259200.0,0.7,0.5555555555555556
1023,1023.0,1.0,145.0,45.0,100.0,26.28,45.0,15.0,30.0,27.0,2182272.0,688992.0,1099368.0,366456.0,7.0,0.0,51.0,5.0,0.0,1110.0,0.0,5e-05,20000000.0,43645440.0,13779840.0,21987360.0,7329120.0,0.6896551724137931,0.6666666666666666
1024,1024.0,1.0,160.0,48.0,112.0,26.2,144.0,48.0,96.0,27.0,219904.0,68352.0,645120.0,215040.0,2.0,0.0,51.0,5.0,0.0,1550.0,0.0,5e-05,20000000.0,4398080.0,1367040.0,12902400.0,4300800.0,0.7,0.6666666666666666
1025,1025.0,1.0,160.0,56.0,104.0,20.9,144.0,48.0,96.0,24.0,168448.0,43136.0,575616.0,145536.0,2.0,0.0,51.0,5.0,0.0,4180.0,0.0,5e-05,20000000.0,3368960.0,862720.0,11512320.0,2910720.0,0.65,0.6666666666666666
1026,1026.0,1.0,145.0,46.0,99.0,25.9,45.0,15.0,30.0,27.0,2113792.0,672680.0,1099368.0,366456.0,7.0,0.0,51.0,5.0,0.0,1840.0,0.0,5e-05,20000000.0,42275840.0,13453600.0,21987360.0,7329120.0,0.6827586206896552,0.6666666666666666
1027,1027.0,1.0,145.0,46.0,99.0,25.99,45.0,15.0,30.0,27.0,2130912.0,689800.0,1099368.0,366456.0,7.0,0.0,51.0,5.0,0.0,4880.0,0.0,5e-05,20000000.0,42618240.0,13796000.0,21987360.0,7329120.0,0.6827586206896552,0.6666666666666666
1028,1028.0,1.0,145.0,45.0,100.0,26.28,45.0,15.0,30.0,27.0,2182272.0,688992.0,1099368.0,366456.0,7.0,0.0,51.0,5.0,0.0,2290.0,0.0,5e-05,20000000.0,43645440.0,13779840.0,21987360.0,7329120.0,0.6896551724137931,0.6666666666666666
1029,1029.0,1.0,160.0,48.0,112.0,26.12,81.0,27.0,54.0,27.0,892224.0,275552.0,935928.0,311976.0,4.0,0.0,51.0,5.0,0.0,80.0,0.0,5e-05,20000000.0,17844480.0,5511040.0,18718560.0,6239520.0,0.7,0.6666666666666666
1030,1030.0,1.0,80.0,25.0,55.0,22.16,18.0,6.0,12.0,24.0,2102816.0,532264.0,954640.0,241456.0,14.0,0.0,51.0,5.0,0.0,2240.0,0.0,5e-05,20000000.0,42056320.0,10645280.0,19092800.0,4829120.0,0.6875,0.6666666666666666
1031,1031.0,1.0,145.0,47.0,98.0,24.08,45.0,15.0,30.0,27.0,1583072.0,536528.0,1099368.0,366456.0,7.0,0.0,51.0,5.0,0.0,2250.0,0.0,5e-05,20000000.0,31661440.0,10730560.0,21987360.0,7329120.0,0.6758620689655173,0.6666666666666666
1032,1032.0,1.0,80.0,25.0,55.0,25.2,18.0,6.0,12.0,27.0,2318768.0,669864.0,1069776.0,356592.0,14.0,0.0,51.0,5.0,0.0,2780.0,0.0,5e-05,20000000.0,46375360.0,13397280.0,21395520.0,7131840.0,0.6875,0.6666666666666666
1033,1033.0,1.0,145.0,45.0,100.0,24.69,45.0,15.0,30.0,27.0,1942592.0,552032.0,1099368.0,366456.0,7.0,0.0,51.0,5.0,0.0,2750.0,0.0,5e-05,20000000.0,38851840.0,11040640.0,21987360.0,7329120.0,0.6896551724137931,0.6666666666666666
1034,1034.0,1.0,160.0,61.0,99.0,20.94,144.0,48.0,96.0,24.0,175104.0,45120.0,575616.0,145536.0,2.0,0.0,51.0,5.0,0.0,2060.0,0.0,5e-05,20000000.0,3502080.0,902400.0,11512320.0,2910720.0,0.61875,0.6666666666666666
1035,1035.0,1.0,80.0,25.0,55.0,26.3,18.0,6.0,12.0,27.0,2476440.0,768288.0,1069776.0,356592.0,14.0,0.0,51.0,5.0,0.0,330.0,0.0,5e-05,20000000.0,49528800.0,15365760.0,21395520.0,7131840.0,0.6875,0.6666666666666666
1036,1036.0,1.0,160.0,48.0,112.0,26.2,144.0,48.0,96.0,27.0,219904.0,68352.0,645120.0,215040.0,2.0,0.0,51.0,5.0,0.0,180.0,0.0,5e-05,20000000.0,4398080.0,1367040.0,12902400.0,4300800.0,0.7,0.6666666666666666
1037,1037.0,1.0,80.0,25.0,55.0,26.04,18.0,6.0,12.0,27.0,2476440.0,768288.0,1069776.0,356592.0,14.0,0.0,51.0,5.0,0.0,2170.0,0.0,5e-05,20000000.0,49528800.0,15365760.0,21395520.0,7131840.0,0.6875,0.6666666666666666
1038,1038.0,1.0,145.0,45.0,100.0,26.28,45.0,15.0,30.0,27.0,2182272.0,688992.0,1099368.0,366456.0,7.0,0.0,51.0,5.0,0.0,110.0,0.0,5e-05,20000000.0,43645440.0,13779840.0,21987360.0,7329120.0,0.6896551724137931,0.6666666666666666
1039,1039.0,1.0,160.0,48.0,112.0,26.3,144.0,48.0,96.0,27.0,226560.0,70016.0,645120.0,215040.0,2.0,0.0,51.0,5.0,0.0,2940.0,0.0,5e-05,20000000.0,4531200.0,1400320.0,12902400.0,4300800.0,0.7,0.6666666666666666
1040,1040.0,1.0,80.0,25.0,55.0,23.11,18.0,6.0,12.0,24.0,2143320.0,552184.0,954640.0,241456.0,14.0,0.0,51.0,5.0,0.0,2540.0,0.0,5e-05,20000000.0,42866400.0,11043680.0,19092800.0,4829120.0,0.6875,0.6666666666666666
1041,1041.0,1.0,145.0,47.0,98.0,24.41,45.0,15.0,30.0,27.0,1600192.0,553648.0,1099368.0,366456.0,7.0,0.0,51.0,5.0,0.0,2860.0,0.0,5e-05,20000000.0,32003840.0,11072960.0,21987360.0,7329120.0,0.6758620689655173,0.6666666666666666
1042,1042.0,1.0,80.0,25.0,55.0,25.11,18.0,6.0,12.0,27.0,2318768.0,669864.0,1069776.0,356592.0,14.0,0.0,51.0,5.0,0.0,2090.0,0.0,5e-05,20000000.0,46375360.0,13397280.0,21395520.0,7131840.0,0.6875,0.6666666666666666
1043,1043.0,1.0,160.0,48.0,112.0,26.3,144.0,48.0,96.0,27.0,226560.0,70016.0,645120.0,215040.0,2.0,0.0,51.0,5.0,0.0,230.0,0.0,5e-05,20000000.0,4531200.0,1400320.0,12902400.0,4300800.0,0.7,0.6666666666666666
1044,1044.0,1.0,145.0,46.0,99.0,22.23,45.0,15.0,30.0,20.44,1617312.0,501480.0,626696.0,248288.0,7.0,0.0,51.0,5.0,0.0,4210.0,0.0,5e-05,20000000.0,32346240.0,10029600.0,12533920.0,4965760.0,0.6827586206896552,0.6666666666666666
1045,1045.0,1.0,145.0,46.0,99.0,24.09,45.0,15.0,30.0,24.0,1949632.0,554600.0,981200.0,248288.0,7.0,0.0,51.0,5.0,0.0,4650.0,0.0,5e-05,20000000.0,38992640.0,11092000.0,19624000.0,4965760.0,0.6827586206896552,0.6666666666666666
1046,1046.0,1.0,145.0,47.0,98.0,22.9,45.0,15.0,30.0,27.0,1446592.0,515248.0,1099368.0,366456.0,7.0,0.0,51.0,5.0,0.0,2980.0,0.0,5e-05,20000000.0,28931840.0,10304960.0,21987360.0,7329120.0,0.6758620689655173,0.6666666666666666
1047,1047.0,1.0,160.0,48.0,112.0,26.3,144.0,48.0,96.0,24.0,226560.0,70016.0,575616.0,145536.0,2.0,0.0,51.0,5.0,0.0,530.0,0.0,5e-05,20000000.0,4531200.0,1400320.0,11512320.0,2910720.0,0.7,0.6666666666666666
1048,1048.0,1.0,160.0,48.0,112.0,26.08,81.0,27.0,54.0,24.0,892224.0,275552.0,835232.0,211280.0,4.0,0.0,51.0,5.0,0.0,1770.0,0.0,5e-05,20000000.0,17844480.0,5511040.0,16704640.0,4225600.0,0.7,0.6666666666666666
1049,1049.0,1.0,160.0,52.0,108.0,19.56,81.0,30.0,51.0,18.84,542160.0,176160.0,430448.0,119384.0,4.0,0.0,51.0,5.0,0.0,4370.0,0.0,5e-05,20000000.0,10843200.0,3523200.0,8608960.0,2387680.0,0.675,0.6296296296296297
1050,1050.0,1.0,160.0,48.0,112.0,26.0,144.0,48.0,96.0,27.0,212224.0,66432.0,645120.0,215040.0,2.0,0.0,51.0,5.0,0.0,40.0,0.0,5e-05,20000000.0,4244480.0,1328640.0,12902400.0,4300800.0,0.7,0.6666666666666666
1051,1051.0,1.0,145.0,48.0,97.0,21.72,45.0,15.0,30.0,24.0,1771392.0,451736.0,981200.0,248288.0,7.0,0.0,51.0,5.0,0.0,2120.0,0.0,5e-05,20000000.0,35427840.0,9034720.0,19624000.0,4965760.0,0.6689655172413793,0.6666666666666666
1052,1052.0,1.0,160.0,48.0,112.0,25.95,81.0,27.0,54.0,27.0,865984.0,268992.0,935928.0,311976.0,4.0,0.0,51.0,5.0,0.0,3790.0,0.0,5e-05,20000000.0,17319680.0,5379840.0,18718560.0,6239520.0,0.7,0.6666666666666666
1053,1053.0,1.0,160.0,48.0,112.0,26.0,144.0,48.0,96.0,27.0,212224.0,66432.0,645120.0,215040.0,2.0,0.0,51.0,5.0,0.0,620.0,0.0,5e-05,20000000.0,4244480.0,1328640.0,12902400.0,4300800.0,0.7,0.6666666666666666
1054,1054.0,1.0,160.0,48.0,112.0,26.3,144.0,48.0,96.0,24.0,226560.0,70016.0,575616.0,145536.0,2.0,0.0,51.0,5.0,0.0,2830.0,0.0,5e-05,20000000.0,4531200.0,1400320.0,11512320.0,2910720.0,0.7,0.6666666666666666
1055,1055.0,1.0,160.0,48.0,112.0,25.81,81.0,27.0,54.0,27.0,830272.0,260064.0,935928.0,311976.0,4.0,0.0,51.0,5.0,0.0,570.0,0.0,5e-05,20000000.0,16605440.0,5201280.0,18718560.0,6239520.0,0.7,0.6666666666666666
1056,1056.0,1.0,160.0,52.0,108.0,20.71,81.0,27.0,54.0,24.0,691488.0,176160.0,835232.0,211280.0,4.0,0.0,51.0,5.0,0.0,4240.0,0.0,5e-05,20000000.0,13829760.0,3523200.0,16704640.0,4225600.0,0.675,0.6666666666666666
1057,1057.0,1.0,160.0,48.0,112.0,26.2,144.0,48.0,96.0,27.0,219904.0,68352.0,645120.0,215040.0,2.0,0.0,51.0,5.0,0.0,170.0,0.0,5e-05,20000000.0,4398080.0,1367040.0,12902400.0,4300800.0,0.7,0.6666666666666666
1058,1058.0,1.0,80.0,24.0,56.0,22.15,18.0,6.0,12.0,24.0,1378904.0,452928.0,609232.0,241456.0,14.0,0.0,51.0,5.0,0.0,3820.0,0.0,5e-05,20000000.0,27578080.0,9058560.0,12184640.0,4829120.0,0.7,0.6666666666666666
1059,1059.0,1.0,145.0,45.0,100.0,24.23,45.0,15.0,30.0,27.0,1480352.0,500672.0,1099368.0,366456.0,7.0,0.0,51.0,5.0,0.0,3460.0,0.0,5e-05,20000000.0,29607040.0,10013440.0,21987360.0,7329120.0,0.6896551724137931,0.6666666666666666
1060,1060.0,1.0,145.0,44.0,101.0,25.27,45.0,15.0,30.0,24.0,2052352.0,638584.0,773304.0,275424.0,7.0,0.0,51.0,5.0,0.0,2350.0,0.0,5e-05,20000000.0,41047040.0,12771680.0,15466080.0,5508480.0,0.696551724137931,0.6666666666666666
1061,1061.0,1.0,80.0,25.0,55.0,26.0,18.0,6.0,12.0,27.0,2399416.0,749032.0,1069776.0,356592.0,14.0,0.0,51.0,5.0,0.0,2460.0,0.0,5e-05,20000000.0,47988320.0,14980640.0,21395520.0,7131840.0,0.6875,0.6666666666666666
1062,1062.0,1.0,80.0,24.0,56.0,19.27,18.0,6.0,12.0,18.0,1181088.0,393680.0,609232.0,241456.0,14.0,0.0,51.0,5.0,0.0,3760.0,0.0,5e-05,20000000.0,23621760.0,7873600.0,12184640.0,4829120.0,0.7,0.6666666666666666
1063,1063.0,1.0,160.0,56.0,104.0,23.5,144.0,48.0,96.0,27.0,181312.0,56000.0,645120.0,215040.0,2.0,0.0,51.0,5.0,0.0,3260.0,0.0,5e-05,20000000.0,3626240.0,1120000.0,12902400.0,4300800.0,0.65,0.6666666666666666
1064,1064.0,1.0,160.0,62.0,98.0,23.3,144.0,48.0,96.0,27.0,176848.0,64112.0,645120.0,215040.0,2.0,0.0,51.0,5.0,0.0,790.0,0.0,5e-05,20000000.0,3536960.0,1282240.0,12902400.0,4300800.0,0.6125,0.6666666666666666
1065,1065.0,1.0,145.0,50.0,95.0,24.31,45.0,15.0,30.0,27.0,1692832.0,592072.0,1099368.0,366456.0,7.0,0.0,51.0,5.0,0.0,1580.0,0.0,5e-05,20000000.0,33856640.0,11841440.0,21987360.0,7329120.0,0.6551724137931034,0.6666666666666666
1066,1066.0,1.0,145.0,45.0,100.0,20.57,45.0,15.0,30.0,27.0,1384672.0,485312.0,1099368.0,366456.0,7.0,0.0,51.0,5.0,0.0,3640.0,0.0,5e-05,20000000.0,27693440.0,9706240.0,21987360.0,7329120.0,0.6896551724137931,0.6666666666666666
1067,1067.0,1.0,80.0,24.0,56.0,26.0,18.0,6.0,12.0,27.0,2399416.0,708056.0,1069776.0,356592.0,14.0,0.0,51.0,5.0,0.0,170.0,0.0,5e-05,20000000.0,47988320.0,14161120.0,21395520.0,7131840.0,0.7,0.6666666666666666
1068,1068.0,1.0,160.0,48.0,112.0,25.4,144.0,48.0,96.0,24.0,219904.0,68352.0,562584.0,145536.0,2.0,0.0,51.0,5.0,0.0,1370.0,0.0,5e-05,20000000.0,4398080.0,1367040.0,11251680.0,2910720.0,0.7,0.6666666666666666
1069,1069.0,1.0,160.0,55.0,105.0,23.34,81.0,27.0,54.0,22.91,733904.0,219344.0,541464.0,213360.0,4.0,0.0,51.0,5.0,0.0,3500.0,0.0,5e-05,20000000.0,14678080.0,4386880.0,10829280.0,4267200.0,0.65625,0.6666666666666666
1070,1070.0,1.0,160.0,48.0,112.0,26.3,144.0,48.0,96.0,24.0,226560.0,70016.0,536520.0,145536.0,2.0,0.0,51.0,5.0,0.0,2110.0,0.0,5e-05,20000000.0,4531200.0,1400320.0,10730400.0,2910720.0,0.7,0.6666666666666666
1071,1071.0,1.0,145.0,45.0,100.0,20.21,45.0,15.0,30.0,27.0,1093632.0,331232.0,1099368.0,366456.0,7.0,0.0,51.0,5.0,0.0,3940.0,0.0,5e-05,20000000.0,21872640.0,6624640.0,21987360.0,7329120.0,0.6896551724137931,0.6666666666666666
1072,1072.0,1.0,80.0,25.0,55.0,26.3,18.0,6.0,12.0,27.0,2476440.0,768288.0,1069776.0,356592.0,14.0,0.0,51.0,5.0,0.0,490.0,0.0,5e-05,20000000.0,49528800.0,15365760.0,21395520.0,7131840.0,0.6875,0.6666666666666666
1073,1073.0,1.0,145.0,46.0,99.0,25.78,45.0,15.0,30.0,27.0,1977312.0,651400.0,1099368.0,366456.0,7.0,0.0,51.0,5.0,0.0,640.0,0.0,5e-05,20000000.0,39546240.0,13028000.0,21987360.0,7329120.0,0.6827586206896552,0.6666666666666666
1074,1074.0,1.0,160.0,48.0,112.0,25.81,81.0,27.0,54.0,24.0,830272.0,260064.0,835232.0,211280.0,4.0,0.0,51.0,5.0,0.0,2950.0,0.0,5e-05,20000000.0,16605440.0,5201280.0,16704640.0,4225600.0,0.7,0.6666666666666666
1075,1075.0,1.0,80.0,24.0,56.0,26.0,18.0,6.0,12.0,27.0,2399416.0,708056.0,1069776.0,356592.0,14.0,0.0,51.0,5.0,0.0,1570.0,0.0,5e-05,20000000.0,47988320.0,14161120.0,21395520.0,7131840.0,0.7,0.6666666666666666
1076,1076.0,1.0,160.0,48.0,112.0,26.3,144.0,48.0,96.0,24.0,226560.0,70016.0,575616.0,145536.0,2.0,0.0,51.0,5.0,0.0,1950.0,0.0,5e-05,20000000.0,4531200.0,1400320.0,11512320.0,2910720.0,0.7,0.6666666666666666
1077,1077.0,1.0,80.0,25.0,55.0,22.76,18.0,6.0,12.0,21.0,1701576.0,486184.0,609232.0,241456.0,14.0,0.0,51.0,5.0,0.0,4510.0,0.0,5e-05,20000000.0,34031520.0,9723680.0,12184640.0,4829120.0,0.6875,0.6666666666666666
1078,1078.0,1.0,160.0,48.0,112.0,25.99,81.0,27.0,54.0,27.0,892224.0,275552.0,935928.0,311976.0,4.0,0.0,51.0,5.0,0.0,390.0,0.0,5e-05,20000000.0,17844480.0,5511040.0,18718560.0,6239520.0,0.7,0.6666666666666666
1079,1079.0,1.0,80.0,25.0,55.0,23.04,18.0,6.0,12.0,24.0,2220344.0,571440.0,954640.0,241456.0,14.0,0.0,51.0,5.0,0.0,2180.0,0.0,5e-05,20000000.0,44406880.0,11428800.0,19092800.0,4829120.0,0.6875,0.6666666666666666
1080,1080.0,1.0,80.0,25.0,55.0,20.29,18.0,6.0,12.0,21.11,1358968.0,356096.0,502992.0,128544.0,14.0,0.0,51.0,5.0,0.0,4060.0,0.0,5e-05,20000000.0,27179360.0,7121920.0,10059840.0,2570880.0,0.6875,0.6666666666666666
1081,1081.0,1.0,145.0,46.0,99.0,25.99,45.0,15.0,30.0,27.0,2103712.0,674440.0,1099368.0,366456.0,7.0,0.0,51.0,5.0,0.0,1480.0,0.0,5e-05,20000000.0,42074240.0,13488800.0,21987360.0,7329120.0,0.6827586206896552,0.6666666666666666
1082,1082.0,1.0,145.0,46.0,99.0,26.28,45.0,15.0,30.0,27.0,2182272.0,706920.0,1099368.0,366456.0,7.0,0.0,51.0,5.0,0.0,390.0,0.0,5e-05,20000000.0,43645440.0,14138400.0,21987360.0,7329120.0,0.6827586206896552,0.6666666666666666
1083,1083.0,1.0,160.0,52.0,108.0,18.84,81.0,27.0,54.0,19.44,321096.0,102408.0,470176.0,175600.0,4.0,0.0,51.0,5.0,0.0,4750.0,0.0,5e-05,20000000.0,6421920.0,2048160.0,9403520.0,3512000.0,0.675,0.6666666666666666
1084,1084.0,1.0,80.0,25.0,55.0,26.21,18.0,6.0,12.0,27.0,2476440.0,768288.0,1069776.0,356592.0,14.0,0.0,51.0,5.0,0.0,3870.0,0.0,5e-05,20000000.0,49528800.0,15365760.0,21395520.0,7131840.0,0.6875,0.6666666666666666
1085,1085.0,1.0,160.0,48.0,112.0,25.95,81.0,27.0,54.0,24.0,865984.0,268992.0,835232.0,211280.0,4.0,0.0,51.0,5.0,0.0,3540.0,0.0,5e-05,20000000.0,17319680.0,5379840.0,16704640.0,4225600.0,0.7,0.6666666666666666
1086,1086.0,1.0,160.0,57.0,103.0,23.6,144.0,48.0,96.0,27.0,189576.0,59336.0,645120.0,215040.0,2.0,0.0,51.0,5.0,0.0,2840.0,0.0,5e-05,20000000.0,3791520.0,1186720.0,12902400.0,4300800.0,0.64375,0.6666666666666666
1087,1087.0,1.0,80.0,25.0,55.0,24.55,18.0,6.0,12.0,24.0,2338840.0,669864.0,954640.0,241456.0,14.0,0.0,51.0,5.0,0.0,3190.0,0.0,5e-05,20000000.0,46776800.0,13397280.0,19092800.0,4829120.0,0.6875,0.6666666666666666
1088,1088.0,1.0,145.0,45.0,100.0,23.26,45.0,15.0,30.0,24.0,1771392.0,500672.0,626696.0,248288.0,7.0,0.0,51.0,5.0,0.0,4090.0,0.0,5e-05,20000000.0,35427840.0,10013440.0,12533920.0,4965760.0,0.6896551724137931,0.6666666666666666
1089,1089.0,1.0,145.0,45.0,100.0,26.09,45.0,15.0,30.0,27.0,2130912.0,671872.0,1099368.0,366456.0,7.0,0.0,51.0,5.0,0.0,920.0,0.0,5e-05,20000000.0,42618240.0,13437440.0,21987360.0,7329120.0,0.6896551724137931,0.6666666666666666
1090,1090.0,1.0,145.0,47.0,98.0,25.99,45.0,15.0,30.0,27.0,2103712.0,692368.0,1099368.0,366456.0,7.0,0.0,51.0,5.0,0.0,1160.0,0.0,5e-05,20000000.0,42074240.0,13847360.0,21987360.0,7329120.0,0.6758620689655173,0.6666666666666666
1091,1091.0,1.0,160.0,53.0,107.0,23.29,81.0,27.0,54.0,27.0,717648.0,202960.0,935928.0,311976.0,4.0,0.0,51.0,5.0,0.0,2840.0,0.0,5e-05,20000000.0,14352960.0,4059200.0,18718560.0,6239520.0,0.66875,0.6666666666666666
1092,1092.0,1.0,160.0,48.0,112.0,26.0,144.0,48.0,96.0,27.0,212224.0,66432.0,645120.0,215040.0,2.0,0.0,51.0,5.0,0.0,820.0,0.0,5e-05,20000000.0,4244480.0,1328640.0,12902400.0,4300800.0,0.7,0.6666666666666666
1093,1093.0,1.0,160.0,48.0,112.0,24.9,144.0,60.0,84.0,21.08,226560.0,70016.0,462672.0,138480.0,2.0,0.0,51.0,5.0,0.0,1010.0,0.0,5e-05,20000000.0,4531200.0,1400320.0,9253440.0,2769600.0,0.7,0.5833333333333334
1094,1094.0,1.0,80.0,25.0,55.0,26.3,18.0,6.0,12.0,27.0,2476440.0,768288.0,1069776.0,356592.0,14.0,0.0,51.0,5.0,0.0,370.0,0.0,5e-05,20000000.0,49528800.0,15365760.0,21395520.0,7131840.0,0.6875,0.6666666666666666
1095,1095.0,1.0,145.0,45.0,100.0,16.5,45.0,15.0,30.0,21.04,853952.0,279872.0,626696.0,248288.0,7.0,0.0,51.0,5.0,0.0,4810.0,0.0,5e-05,20000000.0,17079040.0,5597440.0,12533920.0,4965760.0,0.6896551724137931,0.6666666666666666
1096,1096.0,1.0,145.0,46.0,99.0,24.68,45.0,15.0,30.0,24.0,2000992.0,571720.0,981200.0,248288.0,7.0,0.0,51.0,5.0,0.0,1180.0,0.0,5e-05,20000000.0,40019840.0,11434400.0,19624000.0,4965760.0,0.6827586206896552,0.6666666666666666
1097,1097.0,1.0,160.0,48.0,112.0,26.3,144.0,48.0,96.0,22.74,226560.0,70016.0,454600.0,115744.0,2.0,0.0,51.0,5.0,0.0,3900.0,0.0,5e-05,20000000.0,4531200.0,1400320.0,9092000.0,2314880.0,0.7,0.6666666666666666
1098,1098.0,1.0,145.0,47.0,98.0,24.88,45.0,15.0,30.0,24.0,2011552.0,669328.0,930840.0,275424.0,7.0,0.0,51.0,5.0,0.0,670.0,0.0,5e-05,20000000.0,40231040.0,13386560.0,18616800.0,5508480.0,0.6758620689655173,0.6666666666666666
1099,1099.0,1.0,145.0,50.0,95.0,22.92,45.0,19.0,26.0,21.0,1976832.0,624552.0,863488.0,251840.0,7.0,0.0,51.0,5.0,0.0,1000.0,0.0,5e-05,20000000.0,39536640.0,12491040.0,17269760.0,5036800.0,0.6551724137931034,0.5777777777777777
1100,1100.0,1.0,160.0,59.0,101.0,22.3,144.0,55.0,89.0,20.27,178456.0,59096.0,401856.0,129112.0,2.0,0.0,51.0,5.0,0.0,3080.0,0.0,5e-05,20000000.0,3569120.0,1181920.0,8037120.0,2582240.0,0.63125,0.6180555555555556
1101,1101.0,1.0,160.0,64.0,96.0,16.62,144.0,83.0,61.0,9.53,118824.0,42096.0,158592.0,67760.0,2.0,0.0,51.0,5.0,0.0,3400.0,0.0,5e-05,20000000.0,2376480.0,841920.0,3171840.0,1355200.0,0.6,0.4236111111111111
1102,1102.0,1.0,160.0,60.0,100.0,20.05,144.0,49.0,95.0,20.78,145936.0,43392.0,436608.0,119608.0,2.0,0.0,51.0,5.0,0.0,3700.0,0.0,5e-05,20000000.0,2918720.0,867840.0,8732160.0,2392160.0,0.625,0.6597222222222222
1103,1103.0,1.0,145.0,52.0,93.0,24.1,45.0,15.0,30.0,27.0,1754752.0,604888.0,1099368.0,366456.0,7.0,0.0,51.0,5.0,0.0,850.0,0.0,5e-05,20000000.0,35095040.0,12097760.0,21987360.0,7329120.0,0.6413793103448275,0.6666666666666666
1104,1104.0,1.0,145.0,46.0,99.0,20.73,45.0,15.0,30.0,24.0,1326272.0,398760.0,981200.0,248288.0,7.0,0.0,51.0,5.0,0.0,4250.0,0.0,5e-05,20000000.0,26525440.0,7975200.0,19624000.0,4965760.0,0.6827586206896552,0.6666666666666666
1105,1105.0,1.0,80.0,25.0,55.0,25.9,18.0,6.0,12.0,27.0,2399416.0,749032.0,1069776.0,356592.0,14.0,0.0,51.0,5.0,0.0,4460.0,0.0,5e-05,20000000.0,47988320.0,14980640.0,21395520.0,7131840.0,0.6875,0.6666666666666666
1106,1106.0,1.0,145.0,45.0,100.0,25.25,45.0,15.0,30.0,24.0,2113792.0,620512.0,981200.0,248288.0,7.0,0.0,51.0,5.0,0.0,2650.0,0.0,5e-05,20000000.0,42275840.0,12410240.0,19624000.0,4965760.0,0.6896551724137931,0.6666666666666666
1107,1107.0,1.0,145.0,45.0,100.0,22.72,45.0,15.0,30.0,24.0,1812672.0,468192.0,981200.0,248288.0,7.0,0.0,51.0,5.0,0.0,2420.0,0.0,5e-05,20000000.0,36253440.0,9363840.0,19624000.0,4965760.0,0.6896551724137931,0.6666666666666666
1108,1108.0,1.0,160.0,48.0,112.0,25.95,81.0,27.0,54.0,27.0,865984.0,268992.0,935928.0,311976.0,4.0,0.0,51.0,5.0,0.0,1320.0,0.0,5e-05,20000000.0,17319680.0,5379840.0,18718560.0,6239520.0,0.7,0.6666666666666666
1109,1109.0,1.0,145.0,46.0,99.0,25.27,45.0,15.0,30.0,24.0,2103712.0,674440.0,773304.0,275424.0,7.0,0.0,51.0,5.0,0.0,1340.0,0.0,5e-05,20000000.0,42074240.0,13488800.0,15466080.0,5508480.0,0.6827586206896552,0.6666666666666666
1110,1110.0,1.0,80.0,25.0,55.0,25.79,18.0,6.0,12.0,27.0,2358912.0,729112.0,1069776.0,356592.0,14.0,0.0,51.0,5.0,0.0,2080.0,0.0,5e-05,20000000.0,47178240.0,14582240.0,21395520.0,7131840.0,0.6875,0.6666666666666666
1111,1111.0,1.0,80.0,24.0,56.0,25.86,18.0,6.0,12.0,24.0,2242712.0,668880.0,609232.0,241456.0,14.0,0.0,51.0,5.0,0.0,1310.0,0.0,5e-05,20000000.0,44854240.0,13377600.0,12184640.0,4829120.0,0.7,0.6666666666666666
1112,1112.0,1.0,80.0,25.0,55.0,24.52,18.0,6.0,12.0,27.0,1769336.0,591512.0,1069776.0,356592.0,14.0,0.0,51.0,5.0,0.0,1820.0,0.0,5e-05,20000000.0,35386720.0,11830240.0,21395520.0,7131840.0,0.6875,0.6666666666666666
1113,1113.0,1.0,80.0,25.0,55.0,19.29,18.0,6.0,12.0,15.22,1709120.0,433840.0,494096.0,126320.0,14.0,0.0,51.0,5.0,0.0,4120.0,0.0,5e-05,20000000.0,34182400.0,8676800.0,9881920.0,2526400.0,0.6875,0.6666666666666666
1114,1114.0,1.0,160.0,48.0,112.0,26.3,144.0,48.0,96.0,27.0,226560.0,70016.0,645120.0,215040.0,2.0,0.0,51.0,5.0,0.0,390.0,0.0,5e-05,20000000.0,4531200.0,1400320.0,12902400.0,4300800.0,0.7,0.6666666666666666
1115,1115.0,1.0,145.0,45.0,100.0,26.17,45.0,15.0,30.0,27.0,2120832.0,673632.0,1099368.0,366456.0,7.0,0.0,51.0,5.0,0.0,180.0,0.0,5e-05,20000000.0,42416640.0,13472640.0,21987360.0,7329120.0,0.6896551724137931,0.6666666666666666
1116,1116.0,1.0,160.0,60.0,100.0,16.29,144.0,53.0,91.0,19.35,91488.0,28976.0,397512.0,124496.0,2.0,0.0,51.0,5.0,0.0,4930.0,0.0,5e-05,20000000.0,1829760.0,579520.0,7950240.0,2489920.0,0.625,0.6319444444444444
1117,1117.0,1.0,160.0,48.0,112.0,26.3,144.0,48.0,96.0,27.0,226560.0,70016.0,645120.0,215040.0,2.0,0.0,51.0,5.0,0.0,1920.0,0.0,5e-05,20000000.0,4531200.0,1400320.0,12902400.0,4300800.0,0.7,0.6666666666666666
1118,1118.0,1.0,145.0,46.0,99.0,22.78,45.0,15.0,30.0,21.64,1515072.0,480200.0,626696.0,248288.0,7.0,0.0,51.0,5.0,0.0,4510.0,0.0,5e-05,20000000.0,30301440.0,9604000.0,12533920.0,4965760.0,0.6827586206896552,0.6666666666666666
1119,1119.0,1.0,80.0,25.0,55.0,24.52,18.0,6.0,12.0,27.0,1769336.0,591512.0,1069776.0,356592.0,14.0,0.0,51.0,5.0,0.0,4260.0,0.0,5e-05,20000000.0,35386720.0,11830240.0,21395520.0,7131840.0,0.6875,0.6666666666666666
1120,1120.0,1.0,160.0,48.0,112.0,25.81,81.0,27.0,54.0,27.0,830272.0,260064.0,935928.0,311976.0,4.0,0.0,51.0,5.0,0.0,810.0,0.0,5e-05,20000000.0,16605440.0,5201280.0,18718560.0,6239520.0,0.7,0.6666666666666666
1121,1121.0,1.0,160.0,48.0,112.0,26.2,144.0,48.0,96.0,27.0,219904.0,68352.0,645120.0,215040.0,2.0,0.0,51.0,5.0,0.0,1660.0,0.0,5e-05,20000000.0,4398080.0,1367040.0,12902400.0,4300800.0,0.7,0.6666666666666666
1122,1122.0,1.0,160.0,48.0,112.0,26.3,144.0,48.0,96.0,27.0,226560.0,70016.0,645120.0,215040.0,2.0,0.0,51.0,5.0,0.0,60.0,0.0,5e-05,20000000.0,4531200.0,1400320.0,12902400.0,4300800.0,0.7,0.6666666666666666
1123,1123.0,1.0,160.0,48.0,112.0,25.99,81.0,27.0,54.0,27.0,892224.0,275552.0,935928.0,311976.0,4.0,0.0,51.0,5.0,0.0,450.0,0.0,5e-05,20000000.0,17844480.0,5511040.0,18718560.0,6239520.0,0.7,0.6666666666666666
1124,1124.0,1.0,80.0,25.0,55.0,22.95,18.0,6.0,12.0,15.0,2082744.0,669864.0,148688.0,126320.0,14.0,0.0,51.0,5.0,0.0,4400.0,0.0,5e-05,20000000.0,41654880.0,13397280.0,2973760.0,2526400.0,0.6875,0.6666666666666666
1125,1125.0,1.0,80.0,25.0,55.0,25.02,18.0,6.0,12.0,24.0,2417192.0,709040.0,954640.0,241456.0,14.0,0.0,51.0,5.0,0.0,3130.0,0.0,5e-05,20000000.0,48343840.0,14180800.0,19092800.0,4829120.0,0.6875,0.6666666666666666
1126,1126.0,1.0,145.0,45.0,100.0,25.74,45.0,15.0,30.0,24.11,1979520.0,638304.0,636232.0,250672.0,7.0,0.0,51.0,5.0,0.0,1900.0,0.0,5e-05,20000000.0,39590400.0,12766080.0,12724640.0,5013440.0,0.6896551724137931,0.6666666666666666
1127,1127.0,1.0,80.0,25.0,55.0,26.21,18.0,6.0,12.0,27.0,2476440.0,768288.0,1069776.0,356592.0,14.0,0.0,51.0,5.0,0.0,130.0,0.0,5e-05,20000000.0,49528800.0,15365760.0,21395520.0,7131840.0,0.6875,0.6666666666666666
1128,1128.0,1.0,145.0,44.0,101.0,21.99,45.0,15.0,30.0,24.0,1155072.0,414264.0,720400.0,261856.0,7.0,0.0,51.0,5.0,0.0,3220.0,0.0,5e-05,20000000.0,23101440.0,8285280.0,14408000.0,5237120.0,0.696551724137931,0.6666666666666666
1129,1129.0,1.0,160.0,48.0,112.0,26.3,144.0,48.0,96.0,27.0,226560.0,70016.0,645120.0,215040.0,2.0,0.0,51.0,5.0,0.0,2220.0,0.0,5e-05,20000000.0,4531200.0,1400320.0,12902400.0,4300800.0,0.7,0.6666666666666666
1130,1130.0,1.0,160.0,52.0,108.0,20.68,81.0,27.0,54.0,24.0,665536.0,169600.0,835232.0,211280.0,4.0,0.0,51.0,5.0,0.0,4960.0,0.0,5e-05,20000000.0,13310720.0,3392000.0,16704640.0,4225600.0,0.675,0.6666666666666666
1131,1131.0,1.0,145.0,45.0,100.0,24.06,45.0,15.0,30.0,18.18,1812672.0,588032.0,589120.0,209344.0,7.0,0.0,51.0,5.0,0.0,2520.0,0.0,5e-05,20000000.0,36253440.0,11760640.0,11782400.0,4186880.0,0.6896551724137931,0.6666666666666666
1132,1132.0,1.0,145.0,46.0,99.0,25.9,45.0,15.0,30.0,27.0,2113792.0,672680.0,1099368.0,366456.0,7.0,0.0,51.0,5.0,0.0,2320.0,0.0,5e-05,20000000.0,42275840.0,13453600.0,21987360.0,7329120.0,0.6827586206896552,0.6666666666666666
1133,1133.0,1.0,80.0,24.0,56.0,22.71,18.0,6.0,12.0,21.22,1769696.0,472032.0,609232.0,241456.0,14.0,0.0,51.0,5.0,0.0,4630.0,0.0,5e-05,20000000.0,35393920.0,9440640.0,12184640.0,4829120.0,0.7,0.6666666666666666
1134,1134.0,1.0,160.0,62.0,98.0,23.34,144.0,48.0,96.0,27.0,191184.0,67696.0,645120.0,215040.0,2.0,0.0,51.0,5.0,0.0,1760.0,0.0,5e-05,20000000.0,3823680.0,1353920.0,12902400.0,4300800.0,0.6125,0.6666666666666666
1135,1135.0,1.0,145.0,47.0,98.0,21.73,45.0,15.0,30.0,24.0,1771392.0,450928.0,981200.0,248288.0,7.0,0.0,51.0,5.0,0.0,2240.0,0.0,5e-05,20000000.0,35427840.0,9018560.0,19624000.0,4965760.0,0.6758620689655173,0.6666666666666666
1136,1136.0,1.0,160.0,48.0,112.0,25.99,81.0,27.0,54.0,27.0,892224.0,275552.0,935928.0,311976.0,4.0,0.0,51.0,5.0,0.0,540.0,0.0,5e-05,20000000.0,17844480.0,5511040.0,18718560.0,6239520.0,0.7,0.6666666666666666
1137,1137.0,1.0,80.0,24.0,56.0,26.0,18.0,6.0,12.0,27.0,2399416.0,708056.0,1069776.0,356592.0,14.0,0.0,51.0,5.0,0.0,1740.0,0.0,5e-05,20000000.0,47988320.0,14161120.0,21395520.0,7131840.0,0.7,0.6666666666666666
1138,1138.0,1.0,80.0,25.0,55.0,24.86,18.0,6.0,12.0,27.0,2240416.0,630688.0,1069776.0,356592.0,14.0,0.0,51.0,5.0,0.0,3170.0,0.0,5e-05,20000000.0,44808320.0,12613760.0,21395520.0,7131840.0,0.6875,0.6666666666666666
1139,1139.0,1.0,145.0,47.0,98.0,24.88,45.0,18.0,27.0,21.6,2011552.0,669328.0,825816.0,251832.0,7.0,0.0,51.0,5.0,0.0,680.0,0.0,5e-05,20000000.0,40231040.0,13386560.0,16516320.0,5036640.0,0.6758620689655173,0.6
1140,1140.0,1.0,160.0,48.0,112.0,26.3,144.0,48.0,96.0,27.0,226560.0,70016.0,645120.0,215040.0,2.0,0.0,51.0,5.0,0.0,290.0,0.0,5e-05,20000000.0,4531200.0,1400320.0,12902400.0,4300800.0,0.7,0.6666666666666666
1141,1141.0,1.0,160.0,50.0,110.0,22.72,81.0,28.0,53.0,23.02,700648.0,184904.0,483320.0,188880.0,4.0,0.0,51.0,5.0,0.0,4690.0,0.0,5e-05,20000000.0,14012960.0,3698080.0,9666400.0,3777600.0,0.6875,0.654320987654321
1142,1142.0,1.0,80.0,25.0,55.0,23.09,18.0,6.0,12.0,24.0,1670912.0,493088.0,954640.0,241456.0,14.0,0.0,51.0,5.0,0.0,4550.0,0.0,5e-05,20000000.0,33418240.0,9861760.0,19092800.0,4829120.0,0.6875,0.6666666666666666
1143,1143.0,1.0,160.0,48.0,112.0,26.2,144.0,48.0,96.0,24.0,219904.0,68352.0,549552.0,145536.0,2.0,0.0,51.0,5.0,0.0,1510.0,0.0,5e-05,20000000.0,4398080.0,1367040.0,10991040.0,2910720.0,0.7,0.6666666666666666
1144,1144.0,1.0,160.0,48.0,112.0,26.08,81.0,27.0,54.0,27.0,892224.0,275552.0,935928.0,311976.0,4.0,0.0,51.0,5.0,0.0,3090.0,0.0,5e-05,20000000.0,17844480.0,5511040.0,18718560.0,6239520.0,0.7,0.6666666666666666
1145,1145.0,1.0,145.0,46.0,99.0,26.28,45.0,15.0,30.0,27.0,2182272.0,706920.0,1099368.0,366456.0,7.0,0.0,51.0,5.0,0.0,410.0,0.0,5e-05,20000000.0,43645440.0,14138400.0,21987360.0,7329120.0,0.6827586206896552,0.6666666666666666
1146,1146.0,1.0,80.0,25.0,55.0,24.35,18.0,6.0,12.0,21.22,2082744.0,669864.0,609232.0,241456.0,14.0,0.0,51.0,5.0,0.0,2820.0,0.0,5e-05,20000000.0,41654880.0,13397280.0,12184640.0,4829120.0,0.6875,0.6666666666666666
1147,1147.0,1.0,145.0,46.0,99.0,25.9,45.0,15.0,30.0,27.0,2113792.0,672680.0,1099368.0,366456.0,7.0,0.0,51.0,5.0,0.0,2080.0,0.0,5e-05,20000000.0,42275840.0,13453600.0,21987360.0,7329120.0,0.6827586206896552,0.6666666666666666
1148,1148.0,1.0,145.0,47.0,98.0,24.79,45.0,15.0,30.0,27.0,1976832.0,587888.0,1099368.0,366456.0,7.0,0.0,51.0,5.0,0.0,2660.0,0.0,5e-05,20000000.0,39536640.0,11757760.0,21987360.0,7329120.0,0.6758620689655173,0.6666666666666666
1149,1149.0,1.0,80.0,25.0,55.0,20.04,18.0,6.0,12.0,13.33,1604120.0,486184.0,33552.0,11184.0,14.0,0.0,51.0,5.0,0.0,3000.0,0.0,5e-05,20000000.0,32082400.0,9723680.0,671040.0,223680.0,0.6875,0.6666666666666666
1150,1150.0,1.0,145.0,45.0,100.0,26.17,45.0,15.0,30.0,27.0,2120832.0,673632.0,1099368.0,366456.0,7.0,0.0,51.0,5.0,0.0,2470.0,0.0,5e-05,20000000.0,42416640.0,13472640.0,21987360.0,7329120.0,0.6896551724137931,0.6666666666666666
1151,1151.0,1.0,160.0,48.0,112.0,26.0,144.0,48.0,96.0,27.0,212224.0,66432.0,645120.0,215040.0,2.0,0.0,51.0,5.0,0.0,750.0,0.0,5e-05,20000000.0,4244480.0,1328640.0,12902400.0,4300800.0,0.7,0.6666666666666666
1152,1152.0,1.0,80.0,25.0,55.0,22.94,18.0,6.0,12.0,21.0,1848048.0,552184.0,609232.0,241456.0,14.0,0.0,51.0,5.0,0.0,2510.0,0.0,5e-05,20000000.0,36960960.0,11043680.0,12184640.0,4829120.0,0.6875,0.6666666666666666
1153,1153.0,1.0,145.0,47.0,98.0,25.25,45.0,15.0,30.0,24.0,2096672.0,639248.0,956704.0,261856.0,7.0,0.0,51.0,5.0,0.0,500.0,0.0,5e-05,20000000.0,41933440.0,12784960.0,19134080.0,5237120.0,0.6758620689655173,0.6666666666666666
1154,1154.0,1.0,160.0,48.0,112.0,25.47,81.0,27.0,54.0,24.0,892224.0,275552.0,750320.0,193088.0,4.0,0.0,51.0,5.0,0.0,340.0,0.0,5e-05,20000000.0,17844480.0,5511040.0,15006400.0,3861760.0,0.7,0.6666666666666666
1155,1155.0,1.0,80.0,25.0,55.0,22.21,18.0,6.0,12.0,27.0,1653136.0,533080.0,1069776.0,356592.0,14.0,0.0,51.0,5.0,0.0,1640.0,0.0,5e-05,20000000.0,33062720.0,10661600.0,21395520.0,7131840.0,0.6875,0.6666666666666666
1156,1156.0,1.0,145.0,48.0,97.0,24.12,45.0,15.0,30.0,27.0,1521632.0,539096.0,1099368.0,366456.0,7.0,0.0,51.0,5.0,0.0,2550.0,0.0,5e-05,20000000.0,30432640.0,10781920.0,21987360.0,7329120.0,0.6689655172413793,0.6666666666666666
1157,1157.0,1.0,145.0,46.0,99.0,26.09,45.0,15.0,30.0,27.0,2130912.0,689800.0,1099368.0,366456.0,7.0,0.0,51.0,5.0,0.0,320.0,0.0,5e-05,20000000.0,42618240.0,13796000.0,21987360.0,7329120.0,0.6827586206896552,0.6666666666666666
1158,1158.0,1.0,160.0,48.0,112.0,24.2,144.0,67.0,77.0,18.23,226560.0,70016.0,375792.0,126400.0,2.0,0.0,51.0,5.0,0.0,2020.0,0.0,5e-05,20000000.0,4531200.0,1400320.0,7515840.0,2528000.0,0.7,0.5347222222222222
1159,1159.0,1.0,160.0,48.0,112.0,25.95,81.0,27.0,54.0,27.0,865984.0,268992.0,935928.0,311976.0,4.0,0.0,51.0,5.0,0.0,1330.0,0.0,5e-05,20000000.0,17319680.0,5379840.0,18718560.0,6239520.0,0.7,0.6666666666666666
1160,1160.0,1.0,80.0,25.0,55.0,25.11,18.0,6.0,12.0,24.0,2082744.0,669864.0,609232.0,241456.0,14.0,0.0,51.0,5.0,0.0,2110.0,0.0,5e-05,20000000.0,41654880.0,13397280.0,12184640.0,4829120.0,0.6875,0.6666666666666666
1161,1161.0,1.0,80.0,25.0,55.0,26.21,18.0,6.0,12.0,27.0,2476440.0,768288.0,1069776.0,356592.0,14.0,0.0,51.0,5.0,0.0,1140.0,0.0,5e-05,20000000.0,49528800.0,15365760.0,21395520.0,7131840.0,0.6875,0.6666666666666666
1162,1162.0,1.0,80.0,25.0,55.0,24.86,18.0,6.0,12.0,24.0,2378016.0,669864.0,954640.0,241456.0,14.0,0.0,51.0,5.0,0.0,1830.0,0.0,5e-05,20000000.0,47560320.0,13397280.0,19092800.0,4829120.0,0.6875,0.6666666666666666
1163,1163.0,1.0,160.0,48.0,112.0,25.6,144.0,48.0,96.0,22.33,226560.0,70016.0,497424.0,136848.0,2.0,0.0,51.0,5.0,0.0,3420.0,0.0,5e-05,20000000.0,4531200.0,1400320.0,9948480.0,2736960.0,0.7,0.6666666666666666
1164,1164.0,1.0,145.0,47.0,98.0,26.09,45.0,15.0,30.0,27.0,2165152.0,707728.0,1099368.0,366456.0,7.0,0.0,51.0,5.0,0.0,520.0,0.0,5e-05,20000000.0,43303040.0,14154560.0,21987360.0,7329120.0,0.6758620689655173,0.6666666666666666
1165,1165.0,1.0,160.0,48.0,112.0,26.2,144.0,48.0,96.0,27.0,219904.0,68352.0,645120.0,215040.0,2.0,0.0,51.0,5.0,0.0,3630.0,0.0,5e-05,20000000.0,4398080.0,1367040.0,12902400.0,4300800.0,0.7,0.6666666666666666
1166,1166.0,1.0,160.0,48.0,112.0,26.12,81.0,27.0,54.0,27.0,892224.0,275552.0,935928.0,311976.0,4.0,0.0,51.0,5.0,0.0,3450.0,0.0,5e-05,20000000.0,17844480.0,5511040.0,18718560.0,6239520.0,0.7,0.6666666666666666
1167,1167.0,1.0,145.0,45.0,100.0,24.53,45.0,15.0,30.0,19.2,2028192.0,620512.0,248184.0,65376.0,7.0,0.0,51.0,5.0,0.0,2710.0,0.0,5e-05,20000000.0,40563840.0,12410240.0,4963680.0,1307520.0,0.6896551724137931,0.6666666666666666
1168,1168.0,1.0,145.0,45.0,100.0,24.37,45.0,15.0,30.0,21.0,1727072.0,570912.0,615376.0,235600.0,7.0,0.0,51.0,5.0,0.0,3810.0,0.0,5e-05,20000000.0,34541440.0,11418240.0,12307520.0,4712000.0,0.6896551724137931,0.6666666666666666
1169,1169.0,1.0,160.0,48.0,112.0,26.08,81.0,27.0,54.0,27.0,892224.0,275552.0,935928.0,311976.0,4.0,0.0,51.0,5.0,0.0,1930.0,0.0,5e-05,20000000.0,17844480.0,5511040.0,18718560.0,6239520.0,0.7,0.6666666666666666
1170,1170.0,1.0,145.0,46.0,99.0,24.91,45.0,15.0,30.0,21.78,2000992.0,657320.0,626696.0,248288.0,7.0,0.0,51.0,5.0,0.0,3730.0,0.0,5e-05,20000000.0,40019840.0,13146400.0,12533920.0,4965760.0,0.6827586206896552,0.6666666666666666
1171,1171.0,1.0,145.0,46.0,99.0,25.97,45.0,15.0,30.0,27.0,2028672.0,668520.0,1099368.0,366456.0,7.0,0.0,51.0,5.0,0.0,620.0,0.0,5e-05,20000000.0,40573440.0,13370400.0,21987360.0,7329120.0,0.6827586206896552,0.6666666666666666
1172,1172.0,1.0,160.0,48.0,112.0,25.75,81.0,27.0,54.0,24.0,865984.0,268992.0,835232.0,211280.0,4.0,0.0,51.0,5.0,0.0,3250.0,0.0,5e-05,20000000.0,17319680.0,5379840.0,16704640.0,4225600.0,0.7,0.6666666666666666
1173,1173.0,1.0,80.0,25.0,55.0,26.0,18.0,6.0,12.0,27.0,2292120.0,722208.0,1069776.0,356592.0,14.0,0.0,51.0,5.0,0.0,830.0,0.0,5e-05,20000000.0,45842400.0,14444160.0,21395520.0,7131840.0,0.6875,0.6666666666666666
1174,1174.0,1.0,160.0,48.0,112.0,26.0,81.0,27.0,54.0,27.0,865984.0,268992.0,935928.0,311976.0,4.0,0.0,51.0,5.0,0.0,1470.0,0.0,5e-05,20000000.0,17319680.0,5379840.0,18718560.0,6239520.0,0.7,0.6666666666666666
1175,1175.0,1.0,145.0,45.0,100.0,25.38,45.0,15.0,30.0,24.11,1844352.0,604512.0,636232.0,250672.0,7.0,0.0,51.0,5.0,0.0,900.0,0.0,5e-05,20000000.0,36887040.0,12090240.0,12724640.0,5013440.0,0.6896551724137931,0.6666666666666666
1176,1176.0,1.0,80.0,25.0,55.0,24.99,18.0,6.0,12.0,24.0,2232872.0,662960.0,954640.0,241456.0,14.0,0.0,51.0,5.0,0.0,2950.0,0.0,5e-05,20000000.0,44657440.0,13259200.0,19092800.0,4829120.0,0.6875,0.6666666666666666
1177,1177.0,1.0,80.0,25.0,55.0,26.21,18.0,6.0,12.0,27.0,2476440.0,768288.0,1069776.0,356592.0,14.0,0.0,51.0,5.0,0.0,110.0,0.0,5e-05,20000000.0,49528800.0,15365760.0,21395520.0,7131840.0,0.6875,0.6666666666666666
1178,1178.0,1.0,160.0,48.0,112.0,25.95,81.0,27.0,54.0,24.0,865984.0,268992.0,707840.0,202184.0,4.0,0.0,51.0,5.0,0.0,1310.0,0.0,5e-05,20000000.0,17319680.0,5379840.0,14156800.0,4043680.0,0.7,0.6666666666666666
1179,1179.0,1.0,160.0,51.0,109.0,21.69,81.0,27.0,54.0,27.0,503624.0,180016.0,935928.0,311976.0,4.0,0.0,51.0,5.0,0.0,4980.0,0.0,5e-05,20000000.0,10072480.0,3600320.0,18718560.0,6239520.0,0.68125,0.6666666666666666
1180,1180.0,1.0,145.0,45.0,100.0,26.28,45.0,15.0,30.0,27.0,2182272.0,688992.0,1099368.0,366456.0,7.0,0.0,51.0,5.0,0.0,2230.0,0.0,5e-05,20000000.0,43645440.0,13779840.0,21987360.0,7329120.0,0.6896551724137931,0.6666666666666666
1181,1181.0,1.0,160.0,48.0,112.0,26.12,81.0,27.0,54.0,24.0,892224.0,275552.0,835232.0,211280.0,4.0,0.0,51.0,5.0,0.0,3180.0,0.0,5e-05,20000000.0,17844480.0,5511040.0,16704640.0,4225600.0,0.7,0.6666666666666666
1182,1182.0,1.0,80.0,25.0,55.0,24.86,18.0,6.0,12.0,21.22,2319736.0,729112.0,609232.0,241456.0,14.0,0.0,51.0,5.0,0.0,4350.0,0.0,5e-05,20000000.0,46394720.0,14582240.0,12184640.0,4829120.0,0.6875,0.6666666666666666
1183,1183.0,1.0,160.0,55.0,105.0,22.7,144.0,54.0,90.0,20.69,179704.0,54328.0,345384.0,124632.0,2.0,0.0,51.0,5.0,0.0,4690.0,0.0,5e-05,20000000.0,3594080.0,1086560.0,6907680.0,2492640.0,0.65625,0.625
1184,1184.0,1.0,145.0,45.0,100.0,20.58,45.0,15.0,30.0,16.29,1025152.0,399712.0,247728.0,143688.0,7.0,0.0,51.0,5.0,0.0,3700.0,0.0,5e-05,20000000.0,20503040.0,7994240.0,4954560.0,2873760.0,0.6896551724137931,0.6666666666666666
1185,1185.0,1.0,160.0,59.0,101.0,23.3,144.0,48.0,96.0,27.0,178456.0,59096.0,645120.0,215040.0,2.0,0.0,51.0,5.0,0.0,2960.0,0.0,5e-05,20000000.0,3569120.0,1181920.0,12902400.0,4300800.0,0.63125,0.6666666666666666
1186,1186.0,1.0,160.0,48.0,112.0,25.4,144.0,48.0,96.0,22.89,219904.0,68352.0,523488.0,136848.0,2.0,0.0,51.0,5.0,0.0,1710.0,0.0,5e-05,20000000.0,4398080.0,1367040.0,10469760.0,2736960.0,0.7,0.6666666666666666
1187,1187.0,1.0,80.0,25.0,55.0,22.3,18.0,6.0,12.0,24.11,1931120.0,572952.0,618128.0,243680.0,14.0,0.0,51.0,5.0,0.0,3500.0,0.0,5e-05,20000000.0,38622400.0,11459040.0,12362560.0,4873600.0,0.6875,0.6666666666666666
1188,1188.0,1.0,160.0,48.0,112.0,25.38,81.0,27.0,54.0,24.0,892224.0,275552.0,670568.0,193088.0,4.0,0.0,51.0,5.0,0.0,2340.0,0.0,5e-05,20000000.0,17844480.0,5511040.0,13411360.0,3861760.0,0.7,0.6666666666666666
1189,1189.0,1.0,145.0,47.0,98.0,22.61,45.0,15.0,30.0,27.0,1446592.0,515248.0,1099368.0,366456.0,7.0,0.0,51.0,5.0,0.0,2970.0,0.0,5e-05,20000000.0,28931840.0,10304960.0,21987360.0,7329120.0,0.6758620689655173,0.6666666666666666
1190,1190.0,1.0,145.0,45.0,100.0,20.61,45.0,15.0,30.0,24.0,1144992.0,296992.0,981200.0,248288.0,7.0,0.0,51.0,5.0,0.0,3590.0,0.0,5e-05,20000000.0,22899840.0,5939840.0,19624000.0,4965760.0,0.6896551724137931,0.6666666666666666
1191,1191.0,1.0,80.0,24.0,56.0,24.72,18.0,6.0,12.0,24.0,2125184.0,629704.0,609232.0,241456.0,14.0,0.0,51.0,5.0,0.0,1680.0,0.0,5e-05,20000000.0,42503680.0,12594080.0,12184640.0,4829120.0,0.7,0.6666666666666666
1192,1192.0,1.0,160.0,48.0,112.0,25.75,81.0,27.0,54.0,24.0,865984.0,268992.0,835232.0,211280.0,4.0,0.0,51.0,5.0,0.0,4650.0,0.0,5e-05,20000000.0,17319680.0,5379840.0,16704640.0,4225600.0,0.7,0.6666666666666666
1193,1193.0,1.0,80.0,25.0,55.0,25.56,18.0,6.0,12.0,24.11,2243064.0,709944.0,618128.0,243680.0,14.0,0.0,51.0,5.0,0.0,900.0,0.0,5e-05,20000000.0,44861280.0,14198880.0,12362560.0,4873600.0,0.6875,0.6666666666666666
1194,1194.0,1.0,145.0,45.0,100.0,25.9,45.0,15.0,30.0,27.0,2079552.0,654752.0,1099368.0,366456.0,7.0,0.0,51.0,5.0,0.0,1960.0,0.0,5e-05,20000000.0,41591040.0,13095040.0,21987360.0,7329120.0,0.6896551724137931,0.6666666666666666
1195,1195.0,1.0,160.0,48.0,112.0,26.3,144.0,48.0,96.0,27.0,226560.0,70016.0,645120.0,215040.0,2.0,0.0,51.0,5.0,0.0,940.0,0.0,5e-05,20000000.0,4531200.0,1400320.0,12902400.0,4300800.0,0.7,0.6666666666666666
1196,1196.0,1.0,160.0,48.0,112.0,25.95,81.0,27.0,54.0,27.0,865984.0,268992.0,935928.0,311976.0,4.0,0.0,51.0,5.0,0.0,1280.0,0.0,5e-05,20000000.0,17319680.0,5379840.0,18718560.0,6239520.0,0.7,0.6666666666666666
1197,1197.0,1.0,145.0,44.0,101.0,22.76,45.0,15.0,30.0,15.36,1720032.0,551224.0,142704.0,117432.0,7.0,0.0,51.0,5.0,0.0,4410.0,0.0,5e-05,20000000.0,34400640.0,11024480.0,2854080.0,2348640.0,0.696551724137931,0.6666666666666666
1198,1198.0,1.0,160.0,63.0,97.0,17.44,144.0,48.0,96.0,24.0,123424.0,32328.0,575616.0,145536.0,2.0,0.0,51.0,5.0,0.0,3650.0,0.0,5e-05,20000000.0,2468480.0,646560.0,11512320.0,2910720.0,0.60625,0.6666666666666666
1199,1199.0,1.0,160.0,55.0,105.0,20.64,81.0,27.0,54.0,24.0,691488.0,176928.0,835232.0,211280.0,4.0,0.0,51.0,5.0,0.0,4540.0,0.0,5e-05,20000000.0,13829760.0,3538560.0,16704640.0,4225600.0,0.65625,0.6666666666666666
1200,1200.0,1.0,80.0,24.0,56.0,22.66,18.0,6.0,12.0,15.44,1811304.0,472640.0,618128.0,243680.0,14.0,0.0,51.0,5.0,0.0,3800.0,0.0,5e-05,20000000.0,36226080.0,9452800.0,12362560.0,4873600.0,0.7,0.6666666666666666
1201,1201.0,1.0,160.0,59.0,101.0,22.67,81.0,27.0,54.0,27.0,670816.0,232512.0,935928.0,311976.0,4.0,0.0,51.0,5.0,0.0,1520.0,0.0,5e-05,20000000.0,13416320.0,4650240.0,18718560.0,6239520.0,0.63125,0.6666666666666666
1202,1202.0,1.0,145.0,45.0,100.0,21.72,45.0,15.0,30.0,27.0,1326272.0,466432.0,1099368.0,366456.0,7.0,0.0,51.0,5.0,0.0,3880.0,0.0,5e-05,20000000.0,26525440.0,9328640.0,21987360.0,7329120.0,0.6896551724137931,0.6666666666666666
1203,1203.0,1.0,160.0,57.0,103.0,20.59,81.0,27.0,54.0,24.0,537704.0,170824.0,667520.0,202184.0,4.0,0.0,51.0,5.0,0.0,2910.0,0.0,5e-05,20000000.0,10754080.0,3416480.0,13350400.0,4043680.0,0.64375,0.6666666666666666
1204,1204.0,1.0,145.0,46.0,99.0,25.72,45.0,15.0,30.0,24.0,2130912.0,655560.0,981200.0,248288.0,7.0,0.0,51.0,5.0,0.0,100.0,0.0,5e-05,20000000.0,42618240.0,13111200.0,19624000.0,4965760.0,0.6827586206896552,0.6666666666666666
1205,1205.0,1.0,80.0,25.0,55.0,26.3,18.0,6.0,12.0,27.0,2476440.0,768288.0,1069776.0,356592.0,14.0,0.0,51.0,5.0,0.0,540.0,0.0,5e-05,20000000.0,49528800.0,15365760.0,21395520.0,7131840.0,0.6875,0.6666666666666666
1206,1206.0,1.0,80.0,24.0,56.0,17.06,18.0,6.0,12.0,24.0,1081696.0,275184.0,954640.0,241456.0,14.0,0.0,51.0,5.0,0.0,3770.0,0.0,5e-05,20000000.0,21633920.0,5503680.0,19092800.0,4829120.0,0.7,0.6666666666666666
1207,1207.0,1.0,160.0,53.0,107.0,20.3,81.0,30.0,51.0,14.46,655408.0,187472.0,276584.0,105944.0,4.0,0.0,51.0,5.0,0.0,4030.0,0.0,5e-05,20000000.0,13108160.0,3749440.0,5531680.0,2118880.0,0.66875,0.6296296296296297
1208,1208.0,1.0,160.0,60.0,100.0,21.58,144.0,48.0,96.0,27.0,158800.0,56256.0,645120.0,215040.0,2.0,0.0,51.0,5.0,0.0,3640.0,0.0,5e-05,20000000.0,3176000.0,1125120.0,12902400.0,4300800.0,0.625,0.6666666666666666
1209,1209.0,1.0,160.0,53.0,107.0,20.66,81.0,27.0,54.0,24.0,664960.0,169664.0,835232.0,211280.0,4.0,0.0,51.0,5.0,0.0,4180.0,0.0,5e-05,20000000.0,13299200.0,3393280.0,16704640.0,4225600.0,0.66875,0.6666666666666666
1210,1210.0,1.0,145.0,45.0,100.0,20.87,45.0,15.0,30.0,20.62,1428992.0,500672.0,626696.0,248288.0,7.0,0.0,51.0,5.0,0.0,4380.0,0.0,5e-05,20000000.0,28579840.0,10013440.0,12533920.0,4965760.0,0.6896551724137931,0.6666666666666666
1211,1211.0,1.0,160.0,48.0,112.0,26.3,144.0,48.0,96.0,27.0,226560.0,70016.0,645120.0,215040.0,2.0,0.0,51.0,5.0,0.0,270.0,0.0,5e-05,20000000.0,4531200.0,1400320.0,12902400.0,4300800.0,0.7,0.6666666666666666
1212,1212.0,1.0,160.0,48.0,112.0,26.3,144.0,48.0,96.0,27.0,226560.0,70016.0,645120.0,215040.0,2.0,0.0,51.0,5.0,0.0,1130.0,0.0,5e-05,20000000.0,4531200.0,1400320.0,12902400.0,4300800.0,0.7,0.6666666666666666
1213,1213.0,1.0,160.0,48.0,112.0,24.9,144.0,64.0,80.0,20.33,226560.0,70016.0,471360.0,139024.0,2.0,0.0,51.0,5.0,0.0,1000.0,0.0,5e-05,20000000.0,4531200.0,1400320.0,9427200.0,2780480.0,0.7,0.5555555555555556
1214,1214.0,1.0,160.0,48.0,112.0,26.3,144.0,48.0,96.0,27.0,226560.0,70016.0,645120.0,215040.0,2.0,0.0,51.0,5.0,0.0,2170.0,0.0,5e-05,20000000.0,4531200.0,1400320.0,12902400.0,4300800.0,0.7,0.6666666666666666
1215,1215.0,1.0,145.0,49.0,96.0,24.08,45.0,15.0,30.0,27.0,1634432.0,572384.0,1099368.0,366456.0,7.0,0.0,51.0,5.0,0.0,2130.0,0.0,5e-05,20000000.0,32688640.0,11447680.0,21987360.0,7329120.0,0.6620689655172414,0.6666666666666666
1216,1216.0,1.0,160.0,59.0,101.0,23.34,81.0,27.0,54.0,27.0,679768.0,239072.0,935928.0,311976.0,4.0,0.0,51.0,5.0,0.0,2250.0,0.0,5e-05,20000000.0,13595360.0,4781440.0,18718560.0,6239520.0,0.63125,0.6666666666666666
1217,1217.0,1.0,80.0,26.0,54.0,23.11,18.0,6.0,12.0,24.0,2221216.0,573240.0,954640.0,241456.0,14.0,0.0,51.0,5.0,0.0,2060.0,0.0,5e-05,20000000.0,44424320.0,11464800.0,19092800.0,4829120.0,0.675,0.6666666666666666
1218,1218.0,1.0,160.0,48.0,112.0,26.0,144.0,48.0,96.0,27.0,212224.0,66432.0,645120.0,215040.0,2.0,0.0,51.0,5.0,0.0,840.0,0.0,5e-05,20000000.0,4244480.0,1328640.0,12902400.0,4300800.0,0.7,0.6666666666666666
1219,1219.0,1.0,80.0,25.0,55.0,22.94,18.0,6.0,12.0,21.0,1848048.0,552184.0,609232.0,241456.0,14.0,0.0,51.0,5.0,0.0,3910.0,0.0,5e-05,20000000.0,36960960.0,11043680.0,12184640.0,4829120.0,0.6875,0.6666666666666666
1220,1220.0,1.0,80.0,24.0,56.0,17.0,18.0,6.0,12.0,18.44,1181088.0,393680.0,609232.0,241456.0,14.0,0.0,51.0,5.0,0.0,4610.0,0.0,5e-05,20000000.0,23621760.0,7873600.0,12184640.0,4829120.0,0.7,0.6666666666666666
1221,1221.0,1.0,145.0,45.0,100.0,25.2,45.0,15.0,30.0,24.0,2113792.0,620512.0,981200.0,248288.0,7.0,0.0,51.0,5.0,0.0,2770.0,0.0,5e-05,20000000.0,42275840.0,12410240.0,19624000.0,4965760.0,0.6896551724137931,0.6666666666666666
1222,1222.0,1.0,160.0,55.0,105.0,22.07,81.0,30.0,51.0,20.46,734192.0,219344.0,434976.0,167208.0,4.0,0.0,51.0,5.0,0.0,4390.0,0.0,5e-05,20000000.0,14683840.0,4386880.0,8699520.0,3344160.0,0.65625,0.6296296296296297
1223,1223.0,1.0,145.0,46.0,99.0,26.17,45.0,15.0,30.0,27.0,2120832.0,691560.0,1099368.0,366456.0,7.0,0.0,51.0,5.0,0.0,150.0,0.0,5e-05,20000000.0,42416640.0,13831200.0,21987360.0,7329120.0,0.6827586206896552,0.6666666666666666
1224,1224.0,1.0,160.0,48.0,112.0,26.12,81.0,27.0,54.0,24.0,892224.0,275552.0,835232.0,211280.0,4.0,0.0,51.0,5.0,0.0,1060.0,0.0,5e-05,20000000.0,17844480.0,5511040.0,16704640.0,4225600.0,0.7,0.6666666666666666
1225,1225.0,1.0,160.0,58.0,102.0,23.6,144.0,48.0,96.0,27.0,191184.0,61008.0,645120.0,215040.0,2.0,0.0,51.0,5.0,0.0,2660.0,0.0,5e-05,20000000.0,3823680.0,1220160.0,12902400.0,4300800.0,0.6375,0.6666666666666666
1226,1226.0,1.0,145.0,46.0,99.0,22.81,45.0,15.0,30.0,18.53,1624352.0,486120.0,626696.0,248288.0,7.0,0.0,51.0,5.0,0.0,3320.0,0.0,5e-05,20000000.0,32487040.0,9722400.0,12533920.0,4965760.0,0.6827586206896552,0.6666666666666666
1227,1227.0,1.0,145.0,45.0,100.0,25.34,45.0,15.0,30.0,24.0,2113792.0,620512.0,981200.0,248288.0,7.0,0.0,51.0,5.0,0.0,1770.0,0.0,5e-05,20000000.0,42275840.0,12410240.0,19624000.0,4965760.0,0.6896551724137931,0.6666666666666666
1228,1228.0,1.0,160.0,48.0,112.0,25.4,144.0,48.0,96.0,24.0,219904.0,68352.0,497424.0,145536.0,2.0,0.0,51.0,5.0,0.0,3670.0,0.0,5e-05,20000000.0,4398080.0,1367040.0,9948480.0,2910720.0,0.7,0.6666666666666666
1229,1229.0,1.0,160.0,51.0,109.0,20.5,81.0,27.0,54.0,16.38,665248.0,169248.0,448936.0,114336.0,4.0,0.0,51.0,5.0,0.0,4900.0,0.0,5e-05,20000000.0,13304960.0,3384960.0,8978720.0,2286720.0,0.68125,0.6666666666666666
1230,1230.0,1.0,80.0,25.0,55.0,20.91,18.0,6.0,12.0,15.0,1958640.0,584608.0,494096.0,126320.0,14.0,0.0,51.0,5.0,0.0,4770.0,0.0,5e-05,20000000.0,39172800.0,11692160.0,9881920.0,2526400.0,0.6875,0.6666666666666666
1231,1231.0,1.0,160.0,62.0,98.0,18.54,144.0,56.0,88.0,21.06,130080.0,40360.0,436608.0,129248.0,2.0,0.0,51.0,5.0,0.0,2800.0,0.0,5e-05,20000000.0,2601600.0,807200.0,8732160.0,2584960.0,0.6125,0.6111111111111112
1232,1232.0,1.0,145.0,45.0,100.0,26.17,45.0,15.0,30.0,27.0,2120832.0,673632.0,1099368.0,366456.0,7.0,0.0,51.0,5.0,0.0,1730.0,0.0,5e-05,20000000.0,42416640.0,13472640.0,21987360.0,7329120.0,0.6896551724137931,0.6666666666666666
1233,1233.0,1.0,160.0,48.0,112.0,23.88,81.0,28.0,53.0,20.38,830272.0,260064.0,478272.0,180080.0,4.0,0.0,51.0,5.0,0.0,4760.0,0.0,5e-05,20000000.0,16605440.0,5201280.0,9565440.0,3601600.0,0.7,0.654320987654321
1234,1234.0,1.0,160.0,48.0,112.0,25.0,144.0,48.0,96.0,22.88,212224.0,66432.0,471360.0,119472.0,2.0,0.0,51.0,5.0,0.0,3060.0,0.0,5e-05,20000000.0,4244480.0,1328640.0,9427200.0,2389440.0,0.7,0.6666666666666666
1235,1235.0,1.0,80.0,25.0,55.0,26.21,18.0,6.0,12.0,27.0,2476440.0,768288.0,1069776.0,356592.0,14.0,0.0,51.0,5.0,0.0,960.0,0.0,5e-05,20000000.0,49528800.0,15365760.0,21395520.0,7131840.0,0.6875,0.6666666666666666
1236,1236.0,1.0,160.0,48.0,112.0,26.12,81.0,27.0,54.0,27.0,892224.0,275552.0,935928.0,311976.0,4.0,0.0,51.0,5.0,0.0,90.0,0.0,5e-05,20000000.0,17844480.0,5511040.0,18718560.0,6239520.0,0.7,0.6666666666666666
1237,1237.0,1.0,160.0,48.0,112.0,26.3,144.0,48.0,96.0,27.0,226560.0,70016.0,645120.0,215040.0,2.0,0.0,51.0,5.0,0.0,220.0,0.0,5e-05,20000000.0,4531200.0,1400320.0,12902400.0,4300800.0,0.7,0.6666666666666666
1238,1238.0,1.0,160.0,48.0,112.0,25.3,81.0,27.0,54.0,24.0,865984.0,268992.0,632024.0,193088.0,4.0,0.0,51.0,5.0,0.0,3670.0,0.0,5e-05,20000000.0,17319680.0,5379840.0,12640480.0,3861760.0,0.7,0.6666666666666666
1239,1239.0,1.0,80.0,25.0,55.0,25.02,18.0,6.0,12.0,24.11,1943040.0,625296.0,618128.0,243680.0,14.0,0.0,51.0,5.0,0.0,700.0,0.0,5e-05,20000000.0,38860800.0,12505920.0,12362560.0,4873600.0,0.6875,0.6666666666666666
1240,1240.0,1.0,80.0,24.0,56.0,25.06,18.0,6.0,12.0,24.0,2242712.0,668880.0,609232.0,241456.0,14.0,0.0,51.0,5.0,0.0,1670.0,0.0,5e-05,20000000.0,44854240.0,13377600.0,12184640.0,4829120.0,0.7,0.6666666666666666
1241,1241.0,1.0,160.0,48.0,112.0,26.2,144.0,48.0,96.0,24.0,219904.0,68352.0,471360.0,145536.0,2.0,0.0,51.0,5.0,0.0,3310.0,0.0,5e-05,20000000.0,4398080.0,1367040.0,9427200.0,2910720.0,0.7,0.6666666666666666
1242,1242.0,1.0,160.0,48.0,112.0,26.2,144.0,48.0,96.0,27.0,219904.0,68352.0,645120.0,215040.0,2.0,0.0,51.0,5.0,0.0,1330.0,0.0,5e-05,20000000.0,4398080.0,1367040.0,12902400.0,4300800.0,0.7,0.6666666666666666
1243,1243.0,1.0,80.0,25.0,55.0,22.95,18.0,6.0,12.0,15.44,2082744.0,669864.0,148688.0,126320.0,14.0,0.0,51.0,5.0,0.0,4410.0,0.0,5e-05,20000000.0,41654880.0,13397280.0,2973760.0,2526400.0,0.6875,0.6666666666666666
1244,1244.0,1.0,160.0,48.0,112.0,25.6,144.0,48.0,96.0,24.0,226560.0,70016.0,549552.0,145536.0,2.0,0.0,51.0,5.0,0.0,2050.0,0.0,5e-05,20000000.0,4531200.0,1400320.0,10991040.0,2910720.0,0.7,0.6666666666666666
1245,1245.0,1.0,80.0,25.0,55.0,23.0,18.0,6.0,12.0,24.0,2220344.0,571440.0,954640.0,241456.0,14.0,0.0,51.0,5.0,0.0,4540.0,0.0,5e-05,20000000.0,44406880.0,11428800.0,19092800.0,4829120.0,0.6875,0.6666666666666666
1246,1246.0,1.0,160.0,48.0,112.0,25.85,81.0,27.0,54.0,24.0,865984.0,268992.0,835232.0,211280.0,4.0,0.0,51.0,5.0,0.0,4470.0,0.0,5e-05,20000000.0,17319680.0,5379840.0,16704640.0,4225600.0,0.7,0.6666666666666666
1247,1247.0,1.0,160.0,55.0,105.0,22.09,144.0,48.0,96.0,27.0,150760.0,54328.0,645120.0,215040.0,2.0,0.0,51.0,5.0,0.0,4980.0,0.0,5e-05,20000000.0,3015200.0,1086560.0,12902400.0,4300800.0,0.65625,0.6666666666666666
1248,1248.0,1.0,160.0,48.0,112.0,26.3,144.0,48.0,96.0,27.0,226560.0,70016.0,645120.0,215040.0,2.0,0.0,51.0,5.0,0.0,1870.0,0.0,5e-05,20000000.0,4531200.0,1400320.0,12902400.0,4300800.0,0.7,0.6666666666666666
1249,1249.0,1.0,160.0,50.0,110.0,23.25,81.0,27.0,54.0,15.68,674696.0,178344.0,541464.0,213360.0,4.0,0.0,51.0,5.0,0.0,3800.0,0.0,5e-05,20000000.0,13493920.0,3566880.0,10829280.0,4267200.0,0.6875,0.6666666666666666
1250,1250.0,1.0,160.0,59.0,101.0,22.12,144.0,51.0,93.0,21.0,181536.0,62680.0,375792.0,128568.0,2.0,0.0,51.0,5.0,0.0,4440.0,0.0,5e-05,20000000.0,3630720.0,1253600.0,7515840.0,2571360.0,0.63125,0.6458333333333334
1251,1251.0,1.0,80.0,25.0,55.0,20.96,18.0,6.0,12.0,12.33,1829128.0,533776.0,35776.0,13408.0,14.0,0.0,51.0,5.0,0.0,3420.0,0.0,5e-05,20000000.0,36582560.0,10675520.0,715520.0,268160.0,0.6875,0.6666666666666666
1252,1252.0,1.0,160.0,54.0,106.0,21.21,144.0,48.0,96.0,22.5,152592.0,54320.0,471360.0,145536.0,2.0,0.0,51.0,5.0,0.0,4740.0,0.0,5e-05,20000000.0,3051840.0,1086400.0,9427200.0,2910720.0,0.6625,0.6666666666666666
1253,1253.0,1.0,80.0,25.0,55.0,23.78,18.0,6.0,12.0,21.0,2076168.0,623784.0,494096.0,126320.0,14.0,0.0,51.0,5.0,0.0,3060.0,0.0,5e-05,20000000.0,41523360.0,12475680.0,9881920.0,2526400.0,0.6875,0.6666666666666666
1254,1254.0,1.0,80.0,25.0,55.0,25.2,18.0,6.0,12.0,24.0,2417192.0,709040.0,954640.0,241456.0,14.0,0.0,51.0,5.0,0.0,3180.0,0.0,5e-05,20000000.0,48343840.0,14180800.0,19092800.0,4829120.0,0.6875,0.6666666666666666
1255,1255.0,1.0,160.0,48.0,112.0,26.08,81.0,27.0,54.0,24.0,892224.0,275552.0,835232.0,211280.0,4.0,0.0,51.0,5.0,0.0,1830.0,0.0,5e-05,20000000.0,17844480.0,5511040.0,16704640.0,4225600.0,0.7,0.6666666666666666
1256,1256.0,1.0,160.0,48.0,112.0,26.3,144.0,48.0,96.0,24.0,226560.0,70016.0,575616.0,145536.0,2.0,0.0,51.0,5.0,0.0,1120.0,0.0,5e-05,20000000.0,4531200.0,1400320.0,11512320.0,2910720.0,0.7,0.6666666666666666
1257,1257.0,1.0,145.0,48.0,97.0,24.39,45.0,18.0,27.0,21.13,1795552.0,590456.0,797800.0,264520.0,7.0,0.0,51.0,5.0,0.0,1600.0,0.0,5e-05,20000000.0,35911040.0,11809120.0,15956000.0,5290400.0,0.6689655172413793,0.6
1258,1258.0,1.0,145.0,46.0,99.0,25.97,45.0,15.0,30.0,27.0,2028672.0,668520.0,1099368.0,366456.0,7.0,0.0,51.0,5.0,0.0,710.0,0.0,5e-05,20000000.0,40573440.0,13370400.0,21987360.0,7329120.0,0.6827586206896552,0.6666666666666666
1259,1259.0,1.0,160.0,48.0,112.0,25.95,81.0,27.0,54.0,24.0,865984.0,268992.0,575624.0,202184.0,4.0,0.0,51.0,5.0,0.0,3310.0,0.0,5e-05,20000000.0,17319680.0,5379840.0,11512480.0,4043680.0,0.7,0.6666666666666666
1260,1260.0,1.0,160.0,48.0,112.0,25.99,81.0,27.0,54.0,27.0,892224.0,275552.0,935928.0,311976.0,4.0,0.0,51.0,5.0,0.0,440.0,0.0,5e-05,20000000.0,17844480.0,5511040.0,18718560.0,6239520.0,0.7,0.6666666666666666
1261,1261.0,1.0,160.0,74.0,86.0,12.39,144.0,67.0,77.0,11.24,89880.0,37912.0,202032.0,74272.0,2.0,0.0,51.0,5.0,0.0,3410.0,0.0,5e-05,20000000.0,1797600.0,758240.0,4040640.0,1485440.0,0.5375,0.5347222222222222
1262,1262.0,1.0,145.0,45.0,100.0,25.34,45.0,15.0,30.0,24.0,2113792.0,620512.0,981200.0,248288.0,7.0,0.0,51.0,5.0,0.0,1950.0,0.0,5e-05,20000000.0,42275840.0,12410240.0,19624000.0,4965760.0,0.6896551724137931,0.6666666666666666
1263,1263.0,1.0,160.0,48.0,112.0,25.99,81.0,27.0,54.0,24.0,892224.0,275552.0,835232.0,211280.0,4.0,0.0,51.0,5.0,0.0,2830.0,0.0,5e-05,20000000.0,17844480.0,5511040.0,16704640.0,4225600.0,0.7,0.6666666666666666
1264,1264.0,1.0,145.0,46.0,99.0,24.41,45.0,15.0,30.0,27.0,1497472.0,535720.0,1099368.0,366456.0,7.0,0.0,51.0,5.0,0.0,4860.0,0.0,5e-05,20000000.0,29949440.0,10714400.0,21987360.0,7329120.0,0.6827586206896552,0.6666666666666666
1265,1265.0,1.0,80.0,25.0,55.0,21.61,18.0,6.0,12.0,21.0,1612632.0,552336.0,609232.0,241456.0,14.0,0.0,51.0,5.0,0.0,2670.0,0.0,5e-05,20000000.0,32252640.0,11046720.0,12184640.0,4829120.0,0.6875,0.6666666666666666
1266,1266.0,1.0,160.0,48.0,112.0,25.99,81.0,27.0,54.0,27.0,892224.0,275552.0,935928.0,311976.0,4.0,0.0,51.0,5.0,0.0,4580.0,0.0,5e-05,20000000.0,17844480.0,5511040.0,18718560.0,6239520.0,0.7,0.6666666666666666
1267,1267.0,1.0,160.0,48.0,112.0,26.2,144.0,48.0,96.0,27.0,219904.0,68352.0,645120.0,215040.0,2.0,0.0,51.0,5.0,0.0,1430.0,0.0,5e-05,20000000.0,4398080.0,1367040.0,12902400.0,4300800.0,0.7,0.6666666666666666
1268,1268.0,1.0,160.0,56.0,104.0,22.35,144.0,48.0,96.0,27.0,165456.0,57664.0,645120.0,215040.0,2.0,0.0,51.0,5.0,0.0,4560.0,0.0,5e-05,20000000.0,3309120.0,1153280.0,12902400.0,4300800.0,0.65,0.6666666666666666
1269,1269.0,1.0,80.0,24.0,56.0,25.52,18.0,6.0,12.0,27.0,2201600.0,648808.0,1069776.0,356592.0,14.0,0.0,51.0,5.0,0.0,1160.0,0.0,5e-05,20000000.0,44032000.0,12976160.0,21395520.0,7131840.0,0.7,0.6666666666666666
1270,1270.0,1.0,160.0,57.0,103.0,23.5,144.0,48.0,96.0,27.0,182920.0,57672.0,645120.0,215040.0,2.0,0.0,51.0,5.0,0.0,3970.0,0.0,5e-05,20000000.0,3658400.0,1153440.0,12902400.0,4300800.0,0.64375,0.6666666666666666
1271,1271.0,1.0,145.0,47.0,98.0,25.24,45.0,15.0,30.0,24.0,1932512.0,623888.0,877936.0,261856.0,7.0,0.0,51.0,5.0,0.0,1610.0,0.0,5e-05,20000000.0,38650240.0,12477760.0,17558720.0,5237120.0,0.6758620689655173,0.6666666666666666
1272,1272.0,1.0,160.0,48.0,112.0,25.78,81.0,27.0,54.0,24.0,892224.0,275552.0,835232.0,211280.0,4.0,0.0,51.0,5.0,0.0,2770.0,0.0,5e-05,20000000.0,17844480.0,5511040.0,16704640.0,4225600.0,0.7,0.6666666666666666
1273,1273.0,1.0,80.0,25.0,55.0,25.2,18.0,6.0,12.0,24.0,2082744.0,669864.0,609232.0,241456.0,14.0,0.0,51.0,5.0,0.0,1810.0,0.0,5e-05,20000000.0,41654880.0,13397280.0,12184640.0,4829120.0,0.6875,0.6666666666666666
1274,1274.0,1.0,160.0,48.0,112.0,26.12,81.0,27.0,54.0,24.0,892224.0,275552.0,835232.0,211280.0,4.0,0.0,51.0,5.0,0.0,100.0,0.0,5e-05,20000000.0,17844480.0,5511040.0,16704640.0,4225600.0,0.7,0.6666666666666666
1275,1275.0,1.0,145.0,46.0,99.0,25.97,45.0,15.0,30.0,27.0,2028672.0,668520.0,1099368.0,366456.0,7.0,0.0,51.0,5.0,0.0,3990.0,0.0,5e-05,20000000.0,40573440.0,13370400.0,21987360.0,7329120.0,0.6827586206896552,0.6666666666666666
1276,1276.0,1.0,160.0,58.0,102.0,21.91,144.0,48.0,96.0,27.0,126864.0,44928.0,645120.0,215040.0,2.0,0.0,51.0,5.0,0.0,4870.0,0.0,5e-05,20000000.0,2537280.0,898560.0,12902400.0,4300800.0,0.6375,0.6666666666666666
1277,1277.0,1.0,145.0,47.0,98.0,25.9,45.0,15.0,30.0,27.0,2148032.0,690608.0,1099368.0,366456.0,7.0,0.0,51.0,5.0,0.0,80.0,0.0,5e-05,20000000.0,42960640.0,13812160.0,21987360.0,7329120.0,0.6758620689655173,0.6666666666666666
1278,1278.0,1.0,80.0,25.0,55.0,25.56,18.0,6.0,12.0,24.11,2243064.0,709944.0,618128.0,243680.0,14.0,0.0,51.0,5.0,0.0,1100.0,0.0,5e-05,20000000.0,44861280.0,14198880.0,12362560.0,4873600.0,0.6875,0.6666666666666666
1279,1279.0,1.0,80.0,25.0,55.0,24.36,18.0,6.0,12.0,21.0,2242712.0,709856.0,609232.0,241456.0,14.0,0.0,51.0,5.0,0.0,2380.0,0.0,5e-05,20000000.0,44854240.0,14197120.0,12184640.0,4829120.0,0.6875,0.6666666666666666
1280,1280.0,1.0,160.0,58.0,102.0,20.2,144.0,52.0,92.0,17.86,175104.0,44928.0,323664.0,85264.0,2.0,0.0,51.0,5.0,0.0,4360.0,0.0,5e-05,20000000.0,3502080.0,898560.0,6473280.0,1705280.0,0.6375,0.6388888888888888
1281,1281.0,1.0,145.0,45.0,100.0,22.99,45.0,15.0,30.0,16.24,1993952.0,620512.0,511200.0,196656.0,7.0,0.0,51.0,5.0,0.0,2010.0,0.0,5e-05,20000000.0,39879040.0,12410240.0,10224000.0,3933120.0,0.6896551724137931,0.6666666666666666
1282,1282.0,1.0,160.0,54.0,106.0,23.05,81.0,27.0,54.0,27.0,699536.0,204592.0,935928.0,311976.0,4.0,0.0,51.0,5.0,0.0,3260.0,0.0,5e-05,20000000.0,13990720.0,4091840.0,18718560.0,6239520.0,0.6625,0.6666666666666666
1283,1283.0,1.0,145.0,48.0,97.0,22.89,45.0,15.0,30.0,22.22,1847584.0,556888.0,775200.0,197184.0,7.0,0.0,51.0,5.0,0.0,1710.0,0.0,5e-05,20000000.0,36951680.0,11137760.0,15504000.0,3943680.0,0.6689655172413793,0.6666666666666666
1284,1284.0,1.0,80.0,25.0,55.0,26.21,18.0,6.0,12.0,27.0,2476440.0,768288.0,1069776.0,356592.0,14.0,0.0,51.0,5.0,0.0,940.0,0.0,5e-05,20000000.0,49528800.0,15365760.0,21395520.0,7131840.0,0.6875,0.6666666666666666
1285,1285.0,1.0,160.0,48.0,112.0,26.2,144.0,48.0,96.0,22.44,219904.0,68352.0,475704.0,145536.0,2.0,0.0,51.0,5.0,0.0,4820.0,0.0,5e-05,20000000.0,4398080.0,1367040.0,9514080.0,2910720.0,0.7,0.6666666666666666
1286,1286.0,1.0,80.0,25.0,55.0,21.15,18.0,6.0,12.0,15.22,1535608.0,533080.0,609232.0,241456.0,14.0,0.0,51.0,5.0,0.0,4790.0,0.0,5e-05,20000000.0,30712160.0,10661600.0,12184640.0,4829120.0,0.6875,0.6666666666666666
1287,1287.0,1.0,145.0,46.0,99.0,25.97,45.0,15.0,30.0,27.0,2028672.0,668520.0,1099368.0,366456.0,7.0,0.0,51.0,5.0,0.0,580.0,0.0,5e-05,20000000.0,40573440.0,13370400.0,21987360.0,7329120.0,0.6827586206896552,0.6666666666666666
1288,1288.0,1.0,160.0,48.0,112.0,25.95,81.0,27.0,54.0,27.0,865984.0,268992.0,935928.0,311976.0,4.0,0.0,51.0,5.0,0.0,2460.0,0.0,5e-05,20000000.0,17319680.0,5379840.0,18718560.0,6239520.0,0.7,0.6666666666666666
1289,1289.0,1.0,160.0,48.0,112.0,26.0,144.0,48.0,96.0,27.0,212224.0,66432.0,645120.0,215040.0,2.0,0.0,51.0,5.0,0.0,3990.0,0.0,5e-05,20000000.0,4244480.0,1328640.0,12902400.0,4300800.0,0.7,0.6666666666666666
1290,1290.0,1.0,160.0,48.0,112.0,26.0,81.0,27.0,54.0,27.0,865984.0,268992.0,935928.0,311976.0,4.0,0.0,51.0,5.0,0.0,1730.0,0.0,5e-05,20000000.0,17319680.0,5379840.0,18718560.0,6239520.0,0.7,0.6666666666666666
1291,1291.0,1.0,145.0,45.0,100.0,26.17,45.0,15.0,30.0,27.0,2120832.0,673632.0,1099368.0,366456.0,7.0,0.0,51.0,5.0,0.0,260.0,0.0,5e-05,20000000.0,42416640.0,13472640.0,21987360.0,7329120.0,0.6896551724137931,0.6666666666666666
1292,1292.0,1.0,160.0,48.0,112.0,25.95,81.0,27.0,54.0,24.0,865984.0,268992.0,835232.0,211280.0,4.0,0.0,51.0,5.0,0.0,1180.0,0.0,5e-05,20000000.0,17319680.0,5379840.0,16704640.0,4225600.0,0.7,0.6666666666666666
1293,1293.0,1.0,160.0,48.0,112.0,26.12,81.0,27.0,54.0,27.0,892224.0,275552.0,935928.0,311976.0,4.0,0.0,51.0,5.0,0.0,2280.0,0.0,5e-05,20000000.0,17844480.0,5511040.0,18718560.0,6239520.0,0.7,0.6666666666666666
1294,1294.0,1.0,80.0,26.0,54.0,24.31,18.0,6.0,12.0,27.0,1812456.0,613232.0,1069776.0,356592.0,14.0,0.0,51.0,5.0,0.0,2550.0,0.0,5e-05,20000000.0,36249120.0,12264640.0,21395520.0,7131840.0,0.675,0.6666666666666666
1295,1295.0,1.0,160.0,55.0,105.0,23.6,144.0,55.0,89.0,19.22,186360.0,55992.0,410544.0,137800.0,2.0,0.0,51.0,5.0,0.0,4210.0,0.0,5e-05,20000000.0,3727200.0,1119840.0,8210880.0,2756000.0,0.65625,0.6180555555555556
1296,1296.0,1.0,80.0,24.0,56.0,25.42,18.0,6.0,12.0,27.0,2201600.0,648808.0,1069776.0,356592.0,14.0,0.0,51.0,5.0,0.0,4290.0,0.0,5e-05,20000000.0,44032000.0,12976160.0,21395520.0,7131840.0,0.7,0.6666666666666666
1297,1297.0,1.0,160.0,50.0,110.0,20.35,81.0,27.0,54.0,24.0,664960.0,168896.0,835232.0,211280.0,4.0,0.0,51.0,5.0,0.0,4660.0,0.0,5e-05,20000000.0,13299200.0,3377920.0,16704640.0,4225600.0,0.6875,0.6666666666666666
1298,1298.0,1.0,160.0,60.0,100.0,22.9,144.0,48.0,96.0,24.0,194400.0,64352.0,510456.0,145536.0,2.0,0.0,51.0,5.0,0.0,2030.0,0.0,5e-05,20000000.0,3888000.0,1287040.0,10209120.0,2910720.0,0.625,0.6666666666666666
1299,1299.0,1.0,145.0,49.0,96.0,22.77,45.0,15.0,30.0,24.0,1874112.0,486784.0,981200.0,248288.0,7.0,0.0,51.0,5.0,0.0,2060.0,0.0,5e-05,20000000.0,37482240.0,9735680.0,19624000.0,4965760.0,0.6620689655172414,0.6666666666666666
1300,1300.0,1.0,145.0,48.0,97.0,23.41,45.0,15.0,30.0,24.0,1874112.0,537336.0,773304.0,275424.0,7.0,0.0,51.0,5.0,0.0,2690.0,0.0,5e-05,20000000.0,37482240.0,10746720.0,15466080.0,5508480.0,0.6689655172413793,0.6666666666666666
1301,1301.0,1.0,145.0,45.0,100.0,21.68,45.0,15.0,30.0,22.2,1418912.0,485312.0,774672.0,275424.0,7.0,0.0,51.0,5.0,0.0,3340.0,0.0,5e-05,20000000.0,28378240.0,9706240.0,15493440.0,5508480.0,0.6896551724137931,0.6666666666666666
1302,1302.0,1.0,80.0,24.0,56.0,25.06,18.0,6.0,12.0,24.0,2262688.0,688856.0,781936.0,241456.0,14.0,0.0,51.0,5.0,0.0,1350.0,0.0,5e-05,20000000.0,45253760.0,13777120.0,15638720.0,4829120.0,0.7,0.6666666666666666
1303,1303.0,1.0,145.0,46.0,99.0,17.92,45.0,15.0,30.0,18.78,973792.0,314920.0,508528.0,130120.0,7.0,0.0,51.0,5.0,0.0,4310.0,0.0,5e-05,20000000.0,19475840.0,6298400.0,10170560.0,2602400.0,0.6827586206896552,0.6666666666666666
1304,1304.0,1.0,160.0,54.0,106.0,23.25,81.0,27.0,54.0,27.0,699536.0,204592.0,935928.0,311976.0,4.0,0.0,51.0,5.0,0.0,3290.0,0.0,5e-05,20000000.0,13990720.0,4091840.0,18718560.0,6239520.0,0.6625,0.6666666666666666
1305,1305.0,1.0,145.0,45.0,100.0,26.28,45.0,15.0,30.0,27.0,2182272.0,688992.0,1099368.0,366456.0,7.0,0.0,51.0,5.0,0.0,230.0,0.0,5e-05,20000000.0,43645440.0,13779840.0,21987360.0,7329120.0,0.6896551724137931,0.6666666666666666
1306,1306.0,1.0,160.0,58.0,102.0,22.72,81.0,27.0,54.0,24.0,750616.0,237400.0,631136.0,193088.0,4.0,0.0,51.0,5.0,0.0,2030.0,0.0,5e-05,20000000.0,15012320.0,4748000.0,12622720.0,3861760.0,0.6375,0.6666666666666666
1307,1307.0,1.0,145.0,46.0,99.0,20.92,45.0,15.0,30.0,15.04,1788992.0,514440.0,508528.0,130120.0,7.0,0.0,51.0,5.0,0.0,4770.0,0.0,5e-05,20000000.0,35779840.0,10288800.0,10170560.0,2602400.0,0.6827586206896552,0.6666666666666666
1308,1308.0,1.0,80.0,25.0,55.0,22.24,18.0,6.0,12.0,19.22,2017888.0,643856.0,609232.0,241456.0,14.0,0.0,51.0,5.0,0.0,4040.0,0.0,5e-05,20000000.0,40357760.0,12877120.0,12184640.0,4829120.0,0.6875,0.6666666666666666
1309,1309.0,1.0,80.0,25.0,55.0,24.05,18.0,6.0,12.0,24.0,2085040.0,611432.0,609232.0,241456.0,14.0,0.0,51.0,5.0,0.0,3350.0,0.0,5e-05,20000000.0,41700800.0,12228640.0,12184640.0,4829120.0,0.6875,0.6666666666666666
1310,1310.0,1.0,145.0,46.0,99.0,25.08,45.0,15.0,30.0,24.0,2000992.0,657320.0,626696.0,248288.0,7.0,0.0,51.0,5.0,0.0,3690.0,0.0,5e-05,20000000.0,40019840.0,13146400.0,12533920.0,4965760.0,0.6827586206896552,0.6666666666666666
1311,1311.0,1.0,160.0,57.0,103.0,23.11,81.0,27.0,54.0,27.0,681112.0,213720.0,935928.0,311976.0,4.0,0.0,51.0,5.0,0.0,2990.0,0.0,5e-05,20000000.0,13622240.0,4274400.0,18718560.0,6239520.0,0.64375,0.6666666666666666
1312,1312.0,1.0,160.0,59.0,101.0,20.96,144.0,48.0,96.0,24.0,175104.0,44992.0,575616.0,145536.0,2.0,0.0,51.0,5.0,0.0,2120.0,0.0,5e-05,20000000.0,3502080.0,899840.0,11512320.0,2910720.0,0.63125,0.6666666666666666
1313,1313.0,1.0,145.0,46.0,99.0,22.6,45.0,15.0,30.0,24.0,1829792.0,469000.0,981200.0,248288.0,7.0,0.0,51.0,5.0,0.0,4660.0,0.0,5e-05,20000000.0,36595840.0,9380000.0,19624000.0,4965760.0,0.6827586206896552,0.6666666666666666
1314,1314.0,1.0,145.0,45.0,100.0,24.97,45.0,15.0,30.0,27.0,1976832.0,569152.0,1099368.0,366456.0,7.0,0.0,51.0,5.0,0.0,3230.0,0.0,5e-05,20000000.0,39536640.0,11383040.0,21987360.0,7329120.0,0.6896551724137931,0.6666666666666666
1315,1315.0,1.0,145.0,47.0,98.0,21.73,45.0,15.0,30.0,23.4,1453152.0,504048.0,773304.0,275424.0,7.0,0.0,51.0,5.0,0.0,2370.0,0.0,5e-05,20000000.0,29063040.0,10080960.0,15466080.0,5508480.0,0.6758620689655173,0.6666666666666666
1316,1316.0,1.0,145.0,45.0,100.0,26.28,45.0,15.0,30.0,27.0,2182272.0,688992.0,1099368.0,366456.0,7.0,0.0,51.0,5.0,0.0,2170.0,0.0,5e-05,20000000.0,43645440.0,13779840.0,21987360.0,7329120.0,0.6896551724137931,0.6666666666666666
1317,1317.0,1.0,160.0,53.0,107.0,20.55,81.0,27.0,54.0,19.83,664960.0,169664.0,440768.0,112664.0,4.0,0.0,51.0,5.0,0.0,4300.0,0.0,5e-05,20000000.0,13299200.0,3393280.0,8815360.0,2253280.0,0.66875,0.6666666666666666
1318,1318.0,1.0,160.0,56.0,104.0,23.5,144.0,48.0,96.0,16.56,181312.0,56000.0,372736.0,146944.0,2.0,0.0,51.0,5.0,0.0,3800.0,0.0,5e-05,20000000.0,3626240.0,1120000.0,7454720.0,2938880.0,0.65,0.6666666666666666
1319,1319.0,1.0,160.0,61.0,99.0,23.5,144.0,48.0,96.0,27.0,179704.0,64360.0,645120.0,215040.0,2.0,0.0,51.0,5.0,0.0,1580.0,0.0,5e-05,20000000.0,3594080.0,1287200.0,12902400.0,4300800.0,0.61875,0.6666666666666666
1320,1320.0,1.0,80.0,25.0,55.0,18.94,18.0,6.0,12.0,15.0,1120512.0,355488.0,33552.0,11184.0,14.0,0.0,51.0,5.0,0.0,4430.0,0.0,5e-05,20000000.0,22410240.0,7109760.0,671040.0,223680.0,0.6875,0.6666666666666666
1321,1321.0,1.0,80.0,24.0,56.0,17.1,18.0,6.0,12.0,18.22,1181088.0,393680.0,609232.0,241456.0,14.0,0.0,51.0,5.0,0.0,4320.0,0.0,5e-05,20000000.0,23621760.0,7873600.0,12184640.0,4829120.0,0.7,0.6666666666666666
1322,1322.0,1.0,145.0,45.0,100.0,19.86,45.0,15.0,30.0,15.69,1487392.0,382592.0,508528.0,130120.0,7.0,0.0,51.0,5.0,0.0,4900.0,0.0,5e-05,20000000.0,29747840.0,7651840.0,10170560.0,2602400.0,0.6896551724137931,0.6666666666666666
1323,1323.0,1.0,160.0,48.0,112.0,26.3,144.0,48.0,96.0,24.0,226560.0,70016.0,575616.0,145536.0,2.0,0.0,51.0,5.0,0.0,2650.0,0.0,5e-05,20000000.0,4531200.0,1400320.0,11512320.0,2910720.0,0.7,0.6666666666666666
1324,1324.0,1.0,80.0,25.0,55.0,24.69,18.0,6.0,12.0,27.0,2241744.0,650608.0,1069776.0,356592.0,14.0,0.0,51.0,5.0,0.0,3260.0,0.0,5e-05,20000000.0,44834880.0,13012160.0,21395520.0,7131840.0,0.6875,0.6666666666666666
1325,1325.0,1.0,160.0,48.0,112.0,26.2,144.0,48.0,96.0,24.0,219904.0,68352.0,575616.0,145536.0,2.0,0.0,51.0,5.0,0.0,1180.0,0.0,5e-05,20000000.0,4398080.0,1367040.0,11512320.0,2910720.0,0.7,0.6666666666666666
1326,1326.0,1.0,160.0,57.0,103.0,23.38,81.0,27.0,54.0,27.0,742776.0,229208.0,935928.0,311976.0,4.0,0.0,51.0,5.0,0.0,2660.0,0.0,5e-05,20000000.0,14855520.0,4584160.0,18718560.0,6239520.0,0.64375,0.6666666666666666
1327,1327.0,1.0,145.0,45.0,100.0,24.17,45.0,15.0,30.0,21.0,1983872.0,588032.0,508528.0,130120.0,7.0,0.0,51.0,5.0,0.0,3360.0,0.0,5e-05,20000000.0,39677440.0,11760640.0,10170560.0,2602400.0,0.6896551724137931,0.6666666666666666
1328,1328.0,1.0,160.0,60.0,100.0,23.34,81.0,27.0,54.0,27.0,766872.0,253784.0,935928.0,311976.0,4.0,0.0,51.0,5.0,0.0,2270.0,0.0,5e-05,20000000.0,15337440.0,5075680.0,18718560.0,6239520.0,0.625,0.6666666666666666
1329,1329.0,1.0,145.0,45.0,100.0,26.17,45.0,15.0,30.0,27.0,2120832.0,673632.0,1099368.0,366456.0,7.0,0.0,51.0,5.0,0.0,1570.0,0.0,5e-05,20000000.0,42416640.0,13472640.0,21987360.0,7329120.0,0.6896551724137931,0.6666666666666666
1330,1330.0,1.0,145.0,47.0,98.0,25.46,45.0,15.0,30.0,24.0,2165152.0,707728.0,930840.0,275424.0,7.0,0.0,51.0,5.0,0.0,1020.0,0.0,5e-05,20000000.0,43303040.0,14154560.0,18616800.0,5508480.0,0.6758620689655173,0.6666666666666666
1331,1331.0,1.0,160.0,48.0,112.0,25.81,81.0,27.0,54.0,24.11,830272.0,260064.0,541464.0,213360.0,4.0,0.0,51.0,5.0,0.0,700.0,0.0,5e-05,20000000.0,16605440.0,5201280.0,10829280.0,4267200.0,0.7,0.6666666666666666
1332,1332.0,1.0,145.0,48.0,97.0,24.23,45.0,15.0,30.0,27.0,1634432.0,554456.0,1099368.0,366456.0,7.0,0.0,51.0,5.0,0.0,2190.0,0.0,5e-05,20000000.0,32688640.0,11089120.0,21987360.0,7329120.0,0.6689655172413793,0.6666666666666666
1333,1333.0,1.0,145.0,47.0,98.0,24.85,45.0,15.0,30.0,27.0,1874592.0,583728.0,1099368.0,366456.0,7.0,0.0,51.0,5.0,0.0,2990.0,0.0,5e-05,20000000.0,37491840.0,11674560.0,21987360.0,7329120.0,0.6758620689655173,0.6666666666666666
1334,1334.0,1.0,160.0,48.0,112.0,25.81,81.0,27.0,54.0,27.0,830272.0,260064.0,935928.0,311976.0,4.0,0.0,51.0,5.0,0.0,580.0,0.0,5e-05,20000000.0,16605440.0,5201280.0,18718560.0,6239520.0,0.7,0.6666666666666666
1335,1335.0,1.0,80.0,25.0,55.0,24.31,18.0,6.0,12.0,27.0,1692312.0,572256.0,1069776.0,356592.0,14.0,0.0,51.0,5.0,0.0,2430.0,0.0,5e-05,20000000.0,33846240.0,11445120.0,21395520.0,7131840.0,0.6875,0.6666666666666666
1336,1336.0,1.0,160.0,48.0,112.0,26.0,144.0,48.0,96.0,27.0,212224.0,66432.0,645120.0,215040.0,2.0,0.0,51.0,5.0,0.0,690.0,0.0,5e-05,20000000.0,4244480.0,1328640.0,12902400.0,4300800.0,0.7,0.6666666666666666
1337,1337.0,1.0,80.0,25.0,55.0,25.06,18.0,6.0,12.0,24.0,2242712.0,709856.0,609232.0,241456.0,14.0,0.0,51.0,5.0,0.0,2350.0,0.0,5e-05,20000000.0,44854240.0,14197120.0,12184640.0,4829120.0,0.6875,0.6666666666666666
1338,1338.0,1.0,80.0,25.0,55.0,26.21,18.0,6.0,12.0,27.0,2476440.0,768288.0,1069776.0,356592.0,14.0,0.0,51.0,5.0,0.0,920.0,0.0,5e-05,20000000.0,49528800.0,15365760.0,21395520.0,7131840.0,0.6875,0.6666666666666666
1339,1339.0,1.0,160.0,59.0,101.0,23.5,144.0,48.0,96.0,27.0,170056.0,61016.0,645120.0,215040.0,2.0,0.0,51.0,5.0,0.0,2490.0,0.0,5e-05,20000000.0,3401120.0,1220320.0,12902400.0,4300800.0,0.63125,0.6666666666666666
1340,1340.0,1.0,145.0,44.0,101.0,25.46,45.0,15.0,30.0,24.0,2113792.0,653944.0,853440.0,275424.0,7.0,0.0,51.0,5.0,0.0,2340.0,0.0,5e-05,20000000.0,42275840.0,13078880.0,17068800.0,5508480.0,0.696551724137931,0.6666666666666666
1341,1341.0,1.0,80.0,25.0,55.0,23.26,18.0,6.0,12.0,21.0,1925072.0,571440.0,609232.0,241456.0,14.0,0.0,51.0,5.0,0.0,2810.0,0.0,5e-05,20000000.0,38501440.0,11428800.0,12184640.0,4829120.0,0.6875,0.6666666666666666
1342,1342.0,1.0,145.0,46.0,99.0,21.89,45.0,15.0,30.0,24.0,1093632.0,434760.0,626696.0,248288.0,7.0,0.0,51.0,5.0,0.0,3820.0,0.0,5e-05,20000000.0,21872640.0,8695200.0,12533920.0,4965760.0,0.6827586206896552,0.6666666666666666
1343,1343.0,1.0,80.0,25.0,55.0,24.85,18.0,6.0,12.0,24.0,2341720.0,709760.0,954640.0,241456.0,14.0,0.0,51.0,5.0,0.0,1240.0,0.0,5e-05,20000000.0,46834400.0,14195200.0,19092800.0,4829120.0,0.6875,0.6666666666666666
1344,1344.0,1.0,80.0,26.0,54.0,24.79,18.0,6.0,12.0,24.0,2123248.0,691584.0,781936.0,241456.0,14.0,0.0,51.0,5.0,0.0,1510.0,0.0,5e-05,20000000.0,42464960.0,13831680.0,15638720.0,4829120.0,0.675,0.6666666666666666
1345,1345.0,1.0,80.0,25.0,55.0,25.96,18.0,6.0,12.0,27.0,2358912.0,729112.0,1069776.0,356592.0,14.0,0.0,51.0,5.0,0.0,280.0,0.0,5e-05,20000000.0,47178240.0,14582240.0,21395520.0,7131840.0,0.6875,0.6666666666666666
1346,1346.0,1.0,145.0,46.0,99.0,25.72,45.0,15.0,30.0,24.0,2079552.0,655560.0,799168.0,261856.0,7.0,0.0,51.0,5.0,0.0,2110.0,0.0,5e-05,20000000.0,41591040.0,13111200.0,15983360.0,5237120.0,0.6827586206896552,0.6666666666666666
1347,1347.0,1.0,160.0,48.0,112.0,26.04,81.0,27.0,54.0,27.0,892224.0,275552.0,935928.0,311976.0,4.0,0.0,51.0,5.0,0.0,1130.0,0.0,5e-05,20000000.0,17844480.0,5511040.0,18718560.0,6239520.0,0.7,0.6666666666666666
1348,1348.0,1.0,145.0,45.0,100.0,25.95,45.0,15.0,30.0,27.0,2120832.0,673632.0,1099368.0,366456.0,7.0,0.0,51.0,5.0,0.0,2640.0,0.0,5e-05,20000000.0,42416640.0,13472640.0,21987360.0,7329120.0,0.6896551724137931,0.6666666666666666
1349,1349.0,1.0,145.0,46.0,99.0,26.28,45.0,15.0,30.0,27.0,2182272.0,706920.0,1099368.0,366456.0,7.0,0.0,51.0,5.0,0.0,4580.0,0.0,5e-05,20000000.0,43645440.0,14138400.0,21987360.0,7329120.0,0.6827586206896552,0.6666666666666666
1350,1350.0,1.0,160.0,48.0,112.0,26.0,144.0,48.0,96.0,27.0,212224.0,66432.0,645120.0,215040.0,2.0,0.0,51.0,5.0,0.0,30.0,0.0,5e-05,20000000.0,4244480.0,1328640.0,12902400.0,4300800.0,0.7,0.6666666666666666
1351,1351.0,1.0,160.0,56.0,104.0,18.92,144.0,51.0,93.0,21.33,105736.0,39920.0,371448.0,124224.0,2.0,0.0,51.0,5.0,0.0,4800.0,0.0,5e-05,20000000.0,2114720.0,798400.0,7428960.0,2484480.0,0.65,0.6458333333333334
1352,1352.0,1.0,145.0,47.0,98.0,24.79,45.0,15.0,30.0,27.0,1976832.0,587888.0,1099368.0,366456.0,7.0,0.0,51.0,5.0,0.0,2150.0,0.0,5e-05,20000000.0,39536640.0,11757760.0,21987360.0,7329120.0,0.6758620689655173,0.6666666666666666
1353,1353.0,1.0,160.0,48.0,112.0,25.95,81.0,27.0,54.0,27.0,892224.0,275552.0,935928.0,311976.0,4.0,0.0,51.0,5.0,0.0,2760.0,0.0,5e-05,20000000.0,17844480.0,5511040.0,18718560.0,6239520.0,0.7,0.6666666666666666
1354,1354.0,1.0,160.0,48.0,112.0,25.0,144.0,48.0,96.0,23.06,212224.0,66432.0,488736.0,123816.0,2.0,0.0,51.0,5.0,0.0,3070.0,0.0,5e-05,20000000.0,4244480.0,1328640.0,9774720.0,2476320.0,0.7,0.6666666666666666
1355,1355.0,1.0,80.0,25.0,55.0,22.44,18.0,6.0,12.0,18.0,1984320.0,571440.0,494096.0,126320.0,14.0,0.0,51.0,5.0,0.0,4830.0,0.0,5e-05,20000000.0,39686400.0,11428800.0,9881920.0,2526400.0,0.6875,0.6666666666666666
1356,1356.0,1.0,145.0,47.0,98.0,19.73,45.0,15.0,30.0,21.64,1275392.0,481008.0,626696.0,248288.0,7.0,0.0,51.0,5.0,0.0,3040.0,0.0,5e-05,20000000.0,25507840.0,9620160.0,12533920.0,4965760.0,0.6758620689655173,0.6666666666666666
1357,1357.0,1.0,160.0,48.0,112.0,25.81,81.0,27.0,54.0,27.0,830272.0,260064.0,935928.0,311976.0,4.0,0.0,51.0,5.0,0.0,770.0,0.0,5e-05,20000000.0,16605440.0,5201280.0,18718560.0,6239520.0,0.7,0.6666666666666666
1358,1358.0,1.0,160.0,55.0,105.0,17.5,144.0,53.0,91.0,17.03,122040.0,43128.0,202032.0,72368.0,2.0,0.0,51.0,5.0,0.0,4730.0,0.0,5e-05,20000000.0,2440800.0,862560.0,4040640.0,1447360.0,0.65625,0.6319444444444444
1359,1359.0,1.0,160.0,48.0,112.0,24.2,81.0,35.0,46.0,18.3,892224.0,275552.0,443456.0,151176.0,4.0,0.0,51.0,5.0,0.0,2020.0,0.0,5e-05,20000000.0,17844480.0,5511040.0,8869120.0,3023520.0,0.7,0.5679012345679012
1360,1360.0,1.0,160.0,48.0,112.0,26.0,144.0,48.0,96.0,27.0,212224.0,66432.0,645120.0,215040.0,2.0,0.0,51.0,5.0,0.0,810.0,0.0,5e-05,20000000.0,4244480.0,1328640.0,12902400.0,4300800.0,0.7,0.6666666666666666
1361,1361.0,1.0,145.0,45.0,100.0,25.99,45.0,15.0,30.0,27.0,2069472.0,656512.0,1099368.0,366456.0,7.0,0.0,51.0,5.0,0.0,4170.0,0.0,5e-05,20000000.0,41389440.0,13130240.0,21987360.0,7329120.0,0.6896551724137931,0.6666666666666666
1362,1362.0,1.0,160.0,61.0,99.0,20.29,144.0,48.0,96.0,24.0,157416.0,41904.0,575616.0,145536.0,2.0,0.0,51.0,5.0,0.0,3530.0,0.0,5e-05,20000000.0,3148320.0,838080.0,11512320.0,2910720.0,0.61875,0.6666666666666666
1363,1363.0,1.0,160.0,48.0,112.0,26.12,81.0,27.0,54.0,27.0,892224.0,275552.0,935928.0,311976.0,4.0,0.0,51.0,5.0,0.0,1040.0,0.0,5e-05,20000000.0,17844480.0,5511040.0,18718560.0,6239520.0,0.7,0.6666666666666666
1364,1364.0,1.0,145.0,45.0,100.0,25.09,45.0,15.0,30.0,22.2,2028192.0,637632.0,694536.0,196656.0,7.0,0.0,51.0,5.0,0.0,2700.0,0.0,5e-05,20000000.0,40563840.0,12752640.0,13890720.0,3933120.0,0.6896551724137931,0.6666666666666666
1365,1365.0,1.0,80.0,25.0,55.0,26.3,18.0,6.0,12.0,27.0,2476440.0,768288.0,1069776.0,356592.0,14.0,0.0,51.0,5.0,0.0,510.0,0.0,5e-05,20000000.0,49528800.0,15365760.0,21395520.0,7131840.0,0.6875,0.6666666666666666
1366,1366.0,1.0,160.0,48.0,112.0,25.81,81.0,27.0,54.0,27.0,830272.0,260064.0,935928.0,311976.0,4.0,0.0,51.0,5.0,0.0,20.0,0.0,5e-05,20000000.0,16605440.0,5201280.0,18718560.0,6239520.0,0.7,0.6666666666666666
1367,1367.0,1.0,80.0,24.0,56.0,25.36,18.0,6.0,12.0,27.0,2281888.0,668880.0,1069776.0,356592.0,14.0,0.0,51.0,5.0,0.0,4160.0,0.0,5e-05,20000000.0,45637760.0,13377600.0,21395520.0,7131840.0,0.7,0.6666666666666666
1368,1368.0,1.0,80.0,24.0,56.0,19.44,18.0,6.0,12.0,27.0,1337792.0,432856.0,1069776.0,356592.0,14.0,0.0,51.0,5.0,0.0,4970.0,0.0,5e-05,20000000.0,26755840.0,8657120.0,21395520.0,7131840.0,0.7,0.6666666666666666
1369,1369.0,1.0,160.0,48.0,112.0,26.3,144.0,48.0,96.0,27.0,226560.0,70016.0,645120.0,215040.0,2.0,0.0,51.0,5.0,0.0,1860.0,0.0,5e-05,20000000.0,4531200.0,1400320.0,12902400.0,4300800.0,0.7,0.6666666666666666
1370,1370.0,1.0,80.0,24.0,56.0,26.2,18.0,6.0,12.0,27.0,2399416.0,708056.0,1069776.0,356592.0,14.0,0.0,51.0,5.0,0.0,1430.0,0.0,5e-05,20000000.0,47988320.0,14161120.0,21395520.0,7131840.0,0.7,0.6666666666666666
1371,1371.0,1.0,160.0,48.0,112.0,25.95,81.0,27.0,54.0,27.0,865984.0,268992.0,935928.0,311976.0,4.0,0.0,51.0,5.0,0.0,3570.0,0.0,5e-05,20000000.0,17319680.0,5379840.0,18718560.0,6239520.0,0.7,0.6666666666666666
1372,1372.0,1.0,160.0,48.0,112.0,25.15,81.0,27.0,54.0,24.0,865984.0,268992.0,618992.0,193088.0,4.0,0.0,51.0,5.0,0.0,2350.0,0.0,5e-05,20000000.0,17319680.0,5379840.0,12379840.0,3861760.0,0.7,0.6666666666666666
1373,1373.0,1.0,160.0,72.0,88.0,9.5,144.0,96.0,48.0,2.0,72192.0,20096.0,19584.0,13056.0,2.0,0.0,51.0,5.0,0.0,2000.0,0.0,5e-05,20000000.0,1443840.0,401920.0,391680.0,261120.0,0.55,0.3333333333333333
1374,1374.0,1.0,160.0,57.0,103.0,19.71,144.0,48.0,96.0,21.94,141112.0,43200.0,436608.0,145536.0,2.0,0.0,51.0,5.0,0.0,4910.0,0.0,5e-05,20000000.0,2822240.0,864000.0,8732160.0,2910720.0,0.64375,0.6666666666666666
1375,1375.0,1.0,160.0,48.0,112.0,25.81,81.0,27.0,54.0,27.0,830272.0,260064.0,935928.0,311976.0,4.0,0.0,51.0,5.0,0.0,720.0,0.0,5e-05,20000000.0,16605440.0,5201280.0,18718560.0,6239520.0,0.7,0.6666666666666666
1376,1376.0,1.0,145.0,46.0,99.0,24.32,45.0,15.0,30.0,27.0,1497472.0,535720.0,1099368.0,366456.0,7.0,0.0,51.0,5.0,0.0,4260.0,0.0,5e-05,20000000.0,29949440.0,10714400.0,21987360.0,7329120.0,0.6827586206896552,0.6666666666666666
1377,1377.0,1.0,80.0,25.0,55.0,24.44,18.0,6.0,12.0,27.0,1769336.0,591512.0,1069776.0,356592.0,14.0,0.0,51.0,5.0,0.0,2070.0,0.0,5e-05,20000000.0,35386720.0,11830240.0,21395520.0,7131840.0,0.6875,0.6666666666666666
1378,1378.0,1.0,160.0,60.0,100.0,23.6,144.0,48.0,96.0,27.0,194400.0,64352.0,645120.0,215040.0,2.0,0.0,51.0,5.0,0.0,2750.0,0.0,5e-05,20000000.0,3888000.0,1287040.0,12902400.0,4300800.0,0.625,0.6666666666666666
1379,1379.0,1.0,145.0,45.0,100.0,21.73,45.0,15.0,30.0,24.0,1771392.0,449312.0,981200.0,248288.0,7.0,0.0,51.0,5.0,0.0,4840.0,0.0,5e-05,20000000.0,35427840.0,8986240.0,19624000.0,4965760.0,0.6896551724137931,0.6666666666666666
1380,1380.0,1.0,160.0,58.0,102.0,19.81,81.0,27.0,54.0,22.75,577768.0,171176.0,672568.0,202184.0,4.0,0.0,51.0,5.0,0.0,2310.0,0.0,5e-05,20000000.0,11555360.0,3423520.0,13451360.0,4043680.0,0.6375,0.6666666666666666
1381,1381.0,1.0,160.0,62.0,98.0,23.6,144.0,48.0,96.0,27.0,191184.0,67696.0,645120.0,215040.0,2.0,0.0,51.0,5.0,0.0,2070.0,0.0,5e-05,20000000.0,3823680.0,1353920.0,12902400.0,4300800.0,0.6125,0.6666666666666666
1382,1382.0,1.0,160.0,48.0,112.0,26.3,144.0,48.0,96.0,27.0,226560.0,70016.0,645120.0,215040.0,2.0,0.0,51.0,5.0,0.0,130.0,0.0,5e-05,20000000.0,4531200.0,1400320.0,12902400.0,4300800.0,0.7,0.6666666666666666
1383,1383.0,1.0,160.0,48.0,112.0,26.08,81.0,27.0,54.0,27.0,892224.0,275552.0,935928.0,311976.0,4.0,0.0,51.0,5.0,0.0,1080.0,0.0,5e-05,20000000.0,17844480.0,5511040.0,18718560.0,6239520.0,0.7,0.6666666666666666
1384,1384.0,1.0,160.0,48.0,112.0,26.0,144.0,48.0,96.0,27.0,212224.0,66432.0,645120.0,215040.0,2.0,0.0,51.0,5.0,0.0,740.0,0.0,5e-05,20000000.0,4244480.0,1328640.0,12902400.0,4300800.0,0.7,0.6666666666666666
1385,1385.0,1.0,160.0,61.0,99.0,21.3,144.0,56.0,88.0,19.72,172024.0,62440.0,410544.0,137936.0,2.0,0.0,51.0,5.0,0.0,3030.0,0.0,5e-05,20000000.0,3440480.0,1248800.0,8210880.0,2758720.0,0.61875,0.6111111111111112
1386,1386.0,1.0,80.0,25.0,55.0,26.21,18.0,6.0,12.0,27.0,2476440.0,768288.0,1069776.0,356592.0,14.0,0.0,51.0,5.0,0.0,1070.0,0.0,5e-05,20000000.0,49528800.0,15365760.0,21395520.0,7131840.0,0.6875,0.6666666666666666
1387,1387.0,1.0,145.0,46.0,99.0,26.28,45.0,15.0,30.0,27.0,2182272.0,706920.0,1099368.0,366456.0,7.0,0.0,51.0,5.0,0.0,460.0,0.0,5e-05,20000000.0,43645440.0,14138400.0,21987360.0,7329120.0,0.6827586206896552,0.6666666666666666
1388,1388.0,1.0,160.0,58.0,102.0,20.74,81.0,27.0,54.0,24.0,665248.0,171136.0,835232.0,211280.0,4.0,0.0,51.0,5.0,0.0,2540.0,0.0,5e-05,20000000.0,13304960.0,3422720.0,16704640.0,4225600.0,0.6375,0.6666666666666666
1389,1389.0,1.0,160.0,57.0,103.0,19.61,144.0,48.0,96.0,20.91,139728.0,38432.0,401856.0,102096.0,2.0,0.0,51.0,5.0,0.0,4430.0,0.0,5e-05,20000000.0,2794560.0,768640.0,8037120.0,2041920.0,0.64375,0.6666666666666666
1390,1390.0,1.0,160.0,48.0,112.0,26.3,144.0,48.0,96.0,27.0,226560.0,70016.0,645120.0,215040.0,2.0,0.0,51.0,5.0,0.0,360.0,0.0,5e-05,20000000.0,4531200.0,1400320.0,12902400.0,4300800.0,0.7,0.6666666666666666
1391,1391.0,1.0,145.0,45.0,100.0,26.28,45.0,15.0,30.0,27.0,2182272.0,688992.0,1099368.0,366456.0,7.0,0.0,51.0,5.0,0.0,4940.0,0.0,5e-05,20000000.0,43645440.0,13779840.0,21987360.0,7329120.0,0.6896551724137931,0.6666666666666666
1392,1392.0,1.0,80.0,24.0,56.0,26.1,18.0,6.0,12.0,27.0,2399416.0,708056.0,1069776.0,356592.0,14.0,0.0,51.0,5.0,0.0,1260.0,0.0,5e-05,20000000.0,47988320.0,14161120.0,21395520.0,7131840.0,0.7,0.6666666666666666
1393,1393.0,1.0,160.0,48.0,112.0,26.08,81.0,27.0,54.0,27.0,892224.0,275552.0,935928.0,311976.0,4.0,0.0,51.0,5.0,0.0,930.0,0.0,5e-05,20000000.0,17844480.0,5511040.0,18718560.0,6239520.0,0.7,0.6666666666666666
1394,1394.0,1.0,160.0,48.0,112.0,23.81,81.0,30.0,51.0,19.41,830272.0,260064.0,484592.0,136576.0,4.0,0.0,51.0,5.0,0.0,3010.0,0.0,5e-05,20000000.0,16605440.0,5201280.0,9691840.0,2731520.0,0.7,0.6296296296296297
1395,1395.0,1.0,160.0,48.0,112.0,25.95,81.0,27.0,54.0,27.0,865984.0,268992.0,935928.0,311976.0,4.0,0.0,51.0,5.0,0.0,1220.0,0.0,5e-05,20000000.0,17319680.0,5379840.0,18718560.0,6239520.0,0.7,0.6666666666666666
1396,1396.0,1.0,160.0,58.0,102.0,23.15,81.0,27.0,54.0,23.02,724664.0,230840.0,667520.0,202184.0,4.0,0.0,51.0,5.0,0.0,2510.0,0.0,5e-05,20000000.0,14493280.0,4616800.0,13350400.0,4043680.0,0.6375,0.6666666666666666
1397,1397.0,1.0,80.0,25.0,55.0,25.88,18.0,6.0,12.0,27.0,2358912.0,729112.0,1069776.0,356592.0,14.0,0.0,51.0,5.0,0.0,1840.0,0.0,5e-05,20000000.0,47178240.0,14582240.0,21395520.0,7131840.0,0.6875,0.6666666666666666
1398,1398.0,1.0,145.0,44.0,101.0,22.99,45.0,15.0,30.0,21.6,1600192.0,448504.0,720400.0,261856.0,7.0,0.0,51.0,5.0,0.0,3110.0,0.0,5e-05,20000000.0,32003840.0,8970080.0,14408000.0,5237120.0,0.696551724137931,0.6666666666666666
1399,1399.0,1.0,80.0,25.0,55.0,19.74,18.0,6.0,12.0,21.67,1258112.0,453912.0,609232.0,241456.0,14.0,0.0,51.0,5.0,0.0,3520.0,0.0,5e-05,20000000.0,25162240.0,9078240.0,12184640.0,4829120.0,0.6875,0.6666666666666666
1400,1400.0,1.0,80.0,25.0,55.0,20.09,18.0,6.0,12.0,21.0,1495104.0,513160.0,609232.0,241456.0,14.0,0.0,51.0,5.0,0.0,4080.0,0.0,5e-05,20000000.0,29902080.0,10263200.0,12184640.0,4829120.0,0.6875,0.6666666666666666
1401,1401.0,1.0,160.0,48.0,112.0,25.95,81.0,27.0,54.0,27.0,865984.0,268992.0,935928.0,311976.0,4.0,0.0,51.0,5.0,0.0,1450.0,0.0,5e-05,20000000.0,17319680.0,5379840.0,18718560.0,6239520.0,0.7,0.6666666666666666
1402,1402.0,1.0,80.0,26.0,54.0,25.2,18.0,6.0,12.0,24.0,2378016.0,710840.0,781936.0,241456.0,14.0,0.0,51.0,5.0,0.0,500.0,0.0,5e-05,20000000.0,47560320.0,14216800.0,15638720.0,4829120.0,0.675,0.6666666666666666
1403,1403.0,1.0,80.0,25.0,55.0,26.3,18.0,6.0,12.0,27.0,2476440.0,768288.0,1069776.0,356592.0,14.0,0.0,51.0,5.0,0.0,470.0,0.0,5e-05,20000000.0,49528800.0,15365760.0,21395520.0,7131840.0,0.6875,0.6666666666666666
1404,1404.0,1.0,160.0,58.0,102.0,23.5,144.0,48.0,96.0,27.0,165232.0,59344.0,645120.0,215040.0,2.0,0.0,51.0,5.0,0.0,2550.0,0.0,5e-05,20000000.0,3304640.0,1186880.0,12902400.0,4300800.0,0.6375,0.6666666666666666
1405,1405.0,1.0,160.0,53.0,107.0,23.21,81.0,27.0,54.0,27.0,717936.0,202960.0,935928.0,311976.0,4.0,0.0,51.0,5.0,0.0,4270.0,0.0,5e-05,20000000.0,14358720.0,4059200.0,18718560.0,6239520.0,0.66875,0.6666666666666666
1406,1406.0,1.0,160.0,48.0,112.0,26.3,144.0,48.0,96.0,27.0,226560.0,70016.0,645120.0,215040.0,2.0,0.0,51.0,5.0,0.0,3860.0,0.0,5e-05,20000000.0,4531200.0,1400320.0,12902400.0,4300800.0,0.7,0.6666666666666666
1407,1407.0,1.0,160.0,48.0,112.0,26.3,144.0,48.0,96.0,27.0,226560.0,70016.0,645120.0,215040.0,2.0,0.0,51.0,5.0,0.0,3430.0,0.0,5e-05,20000000.0,4531200.0,1400320.0,12902400.0,4300800.0,0.7,0.6666666666666666
1408,1408.0,1.0,160.0,48.0,112.0,26.2,144.0,55.0,89.0,21.08,219904.0,68352.0,440952.0,133456.0,2.0,0.0,51.0,5.0,0.0,3810.0,0.0,5e-05,20000000.0,4398080.0,1367040.0,8819040.0,2669120.0,0.7,0.6180555555555556
1409,1409.0,1.0,145.0,46.0,99.0,25.97,45.0,15.0,30.0,27.0,2028672.0,668520.0,1099368.0,366456.0,7.0,0.0,51.0,5.0,0.0,10.0,0.0,5e-05,20000000.0,40573440.0,13370400.0,21987360.0,7329120.0,0.6827586206896552,0.6666666666666666
1410,1410.0,1.0,160.0,61.0,99.0,20.31,144.0,48.0,96.0,23.13,159024.0,45120.0,523488.0,145536.0,2.0,0.0,51.0,5.0,0.0,2310.0,0.0,5e-05,20000000.0,3180480.0,902400.0,10469760.0,2910720.0,0.61875,0.6666666666666666
1411,1411.0,1.0,160.0,48.0,112.0,26.2,144.0,48.0,96.0,27.0,219904.0,68352.0,645120.0,215040.0,2.0,0.0,51.0,5.0,0.0,2640.0,0.0,5e-05,20000000.0,4398080.0,1367040.0,12902400.0,4300800.0,0.7,0.6666666666666666
1412,1412.0,1.0,80.0,25.0,55.0,26.21,18.0,6.0,12.0,27.0,2476440.0,768288.0,1069776.0,356592.0,14.0,0.0,51.0,5.0,0.0,1150.0,0.0,5e-05,20000000.0,49528800.0,15365760.0,21395520.0,7131840.0,0.6875,0.6666666666666666
1413,1413.0,1.0,160.0,48.0,112.0,25.42,81.0,27.0,54.0,21.43,892224.0,275552.0,157720.0,107344.0,4.0,0.0,51.0,5.0,0.0,4700.0,0.0,5e-05,20000000.0,17844480.0,5511040.0,3154400.0,2146880.0,0.7,0.6666666666666666
1414,1414.0,1.0,80.0,25.0,55.0,23.58,18.0,6.0,12.0,24.0,2005360.0,552336.0,609232.0,241456.0,14.0,0.0,51.0,5.0,0.0,4690.0,0.0,5e-05,20000000.0,40107200.0,11046720.0,12184640.0,4829120.0,0.6875,0.6666666666666666
1415,1415.0,1.0,145.0,48.0,97.0,21.01,45.0,16.0,29.0,18.78,1668672.0,434616.0,719488.0,183976.0,7.0,0.0,51.0,5.0,0.0,2300.0,0.0,5e-05,20000000.0,33373440.0,8692320.0,14389760.0,3679520.0,0.6689655172413793,0.6444444444444445
1416,1416.0,1.0,145.0,46.0,99.0,25.97,45.0,15.0,30.0,27.0,2028672.0,668520.0,1099368.0,366456.0,7.0,0.0,51.0,5.0,0.0,3980.0,0.0,5e-05,20000000.0,40573440.0,13370400.0,21987360.0,7329120.0,0.6827586206896552,0.6666666666666666
1417,1417.0,1.0,80.0,25.0,55.0,22.62,18.0,6.0,12.0,15.22,2101848.0,610616.0,494096.0,126320.0,14.0,0.0,51.0,5.0,0.0,3120.0,0.0,5e-05,20000000.0,42036960.0,12212320.0,9881920.0,2526400.0,0.6875,0.6666666666666666
1418,1418.0,1.0,80.0,24.0,56.0,25.42,18.0,6.0,12.0,27.0,2201600.0,648808.0,1069776.0,356592.0,14.0,0.0,51.0,5.0,0.0,4280.0,0.0,5e-05,20000000.0,44032000.0,12976160.0,21395520.0,7131840.0,0.7,0.6666666666666666
1419,1419.0,1.0,145.0,45.0,100.0,26.28,45.0,15.0,30.0,27.0,2182272.0,688992.0,1099368.0,366456.0,7.0,0.0,51.0,5.0,0.0,1030.0,0.0,5e-05,20000000.0,43645440.0,13779840.0,21987360.0,7329120.0,0.6896551724137931,0.6666666666666666
1420,1420.0,1.0,145.0,44.0,101.0,12.83,45.0,15.0,30.0,11.84,778432.0,225944.0,142704.0,117432.0,7.0,0.0,51.0,5.0,0.0,3410.0,0.0,5e-05,20000000.0,15568640.0,4518880.0,2854080.0,2348640.0,0.696551724137931,0.6666666666666666
1421,1421.0,1.0,80.0,25.0,55.0,24.99,18.0,6.0,12.0,24.0,2005720.0,650608.0,609232.0,241456.0,14.0,0.0,51.0,5.0,0.0,3310.0,0.0,5e-05,20000000.0,40114400.0,13012160.0,12184640.0,4829120.0,0.6875,0.6666666666666666
1422,1422.0,1.0,145.0,45.0,100.0,25.99,45.0,15.0,30.0,27.0,2069472.0,656512.0,1099368.0,366456.0,7.0,0.0,51.0,5.0,0.0,3570.0,0.0,5e-05,20000000.0,41389440.0,13130240.0,21987360.0,7329120.0,0.6896551724137931,0.6666666666666666
1423,1423.0,1.0,160.0,48.0,112.0,25.6,144.0,48.0,96.0,24.0,226560.0,70016.0,562584.0,145536.0,2.0,0.0,51.0,5.0,0.0,340.0,0.0,5e-05,20000000.0,4531200.0,1400320.0,11251680.0,2910720.0,0.7,0.6666666666666666
1424,1424.0,1.0,80.0,25.0,55.0,26.3,18.0,6.0,12.0,27.0,2476440.0,768288.0,1069776.0,356592.0,14.0,0.0,51.0,5.0,0.0,450.0,0.0,5e-05,20000000.0,49528800.0,15365760.0,21395520.0,7131840.0,0.6875,0.6666666666666666
1425,1425.0,1.0,160.0,48.0,112.0,26.2,144.0,48.0,96.0,27.0,219904.0,68352.0,645120.0,215040.0,2.0,0.0,51.0,5.0,0.0,1380.0,0.0,5e-05,20000000.0,4398080.0,1367040.0,12902400.0,4300800.0,0.7,0.6666666666666666
1426,1426.0,1.0,160.0,48.0,112.0,26.0,144.0,48.0,96.0,27.0,212224.0,66432.0,645120.0,215040.0,2.0,0.0,51.0,5.0,0.0,570.0,0.0,5e-05,20000000.0,4244480.0,1328640.0,12902400.0,4300800.0,0.7,0.6666666666666666
1427,1427.0,1.0,160.0,48.0,112.0,26.0,144.0,63.0,81.0,21.0,212224.0,66432.0,493080.0,143232.0,2.0,0.0,51.0,5.0,0.0,800.0,0.0,5e-05,20000000.0,4244480.0,1328640.0,9861600.0,2864640.0,0.7,0.5625
1428,1428.0,1.0,160.0,58.0,102.0,20.45,81.0,27.0,54.0,24.0,665248.0,171136.0,835232.0,211280.0,4.0,0.0,51.0,5.0,0.0,2480.0,0.0,5e-05,20000000.0,13304960.0,3422720.0,16704640.0,4225600.0,0.6375,0.6666666666666666
1429,1429.0,1.0,145.0,46.0,99.0,25.83,45.0,15.0,30.0,27.0,2028672.0,668520.0,1099368.0,366456.0,7.0,0.0,51.0,5.0,0.0,750.0,0.0,5e-05,20000000.0,40573440.0,13370400.0,21987360.0,7329120.0,0.6827586206896552,0.6666666666666666
1430,1430.0,1.0,80.0,25.0,55.0,26.21,18.0,6.0,12.0,27.0,2476440.0,768288.0,1069776.0,356592.0,14.0,0.0,51.0,5.0,0.0,1850.0,0.0,5e-05,20000000.0,49528800.0,15365760.0,21395520.0,7131840.0,0.6875,0.6666666666666666
1431,1431.0,1.0,145.0,47.0,98.0,24.69,45.0,15.0,30.0,27.0,1976832.0,587888.0,1099368.0,366456.0,7.0,0.0,51.0,5.0,0.0,2270.0,0.0,5e-05,20000000.0,39536640.0,11757760.0,21987360.0,7329120.0,0.6758620689655173,0.6666666666666666
1432,1432.0,1.0,145.0,45.0,100.0,22.31,45.0,15.0,30.0,18.64,1292032.0,415072.0,508528.0,130120.0,7.0,0.0,51.0,5.0,0.0,4070.0,0.0,5e-05,20000000.0,25840640.0,8301440.0,10170560.0,2602400.0,0.6896551724137931,0.6666666666666666
1433,1433.0,1.0,80.0,24.0,56.0,26.0,18.0,6.0,12.0,27.0,2399416.0,708056.0,1069776.0,356592.0,14.0,0.0,51.0,5.0,0.0,1730.0,0.0,5e-05,20000000.0,47988320.0,14161120.0,21395520.0,7131840.0,0.7,0.6666666666666666
1434,1434.0,1.0,80.0,28.0,52.0,24.19,18.0,6.0,12.0,27.0,2085360.0,675264.0,1069776.0,356592.0,14.0,0.0,51.0,5.0,0.0,970.0,0.0,5e-05,20000000.0,41707200.0,13505280.0,21395520.0,7131840.0,0.65,0.6666666666666666
1435,1435.0,1.0,160.0,48.0,112.0,26.0,144.0,48.0,96.0,27.0,212224.0,66432.0,645120.0,215040.0,2.0,0.0,51.0,5.0,0.0,780.0,0.0,5e-05,20000000.0,4244480.0,1328640.0,12902400.0,4300800.0,0.7,0.6666666666666666
1436,1436.0,1.0,160.0,53.0,107.0,19.08,81.0,27.0,54.0,20.46,472432.0,147176.0,510200.0,131824.0,4.0,0.0,51.0,5.0,0.0,4310.0,0.0,5e-05,20000000.0,9448640.0,2943520.0,10204000.0,2636480.0,0.66875,0.6666666666666666
1437,1437.0,1.0,80.0,25.0,55.0,26.21,18.0,6.0,12.0,27.0,2476440.0,768288.0,1069776.0,356592.0,14.0,0.0,51.0,5.0,0.0,210.0,0.0,5e-05,20000000.0,49528800.0,15365760.0,21395520.0,7131840.0,0.6875,0.6666666666666666
1438,1438.0,1.0,160.0,56.0,104.0,16.9,144.0,60.0,84.0,17.28,86592.0,32320.0,332352.0,112416.0,2.0,0.0,51.0,5.0,0.0,4750.0,0.0,5e-05,20000000.0,1731840.0,646400.0,6647040.0,2248320.0,0.65,0.5833333333333334
1439,1439.0,1.0,80.0,25.0,55.0,26.0,18.0,6.0,12.0,27.0,2292120.0,722208.0,1069776.0,356592.0,14.0,0.0,51.0,5.0,0.0,820.0,0.0,5e-05,20000000.0,45842400.0,14444160.0,21395520.0,7131840.0,0.6875,0.6666666666666666
1440,1440.0,1.0,160.0,54.0,106.0,20.32,144.0,53.0,91.0,16.03,175104.0,44672.0,215064.0,63680.0,2.0,0.0,51.0,5.0,0.0,4720.0,0.0,5e-05,20000000.0,3502080.0,893440.0,4301280.0,1273600.0,0.6625,0.6319444444444444
1441,1441.0,1.0,80.0,24.0,56.0,22.41,18.0,6.0,12.0,24.0,1808872.0,472032.0,609232.0,241456.0,14.0,0.0,51.0,5.0,0.0,3680.0,0.0,5e-05,20000000.0,36177440.0,9440640.0,12184640.0,4829120.0,0.7,0.6666666666666666
1442,1442.0,1.0,160.0,48.0,112.0,23.0,144.0,55.0,89.0,15.94,212224.0,66432.0,310632.0,94360.0,2.0,0.0,51.0,5.0,0.0,4770.0,0.0,5e-05,20000000.0,4244480.0,1328640.0,6212640.0,1887200.0,0.7,0.6180555555555556
1443,1443.0,1.0,145.0,47.0,98.0,23.67,45.0,15.0,30.0,24.0,1771392.0,519408.0,877936.0,261856.0,7.0,0.0,51.0,5.0,0.0,2210.0,0.0,5e-05,20000000.0,35427840.0,10388160.0,17558720.0,5237120.0,0.6758620689655173,0.6666666666666666
1444,1444.0,1.0,80.0,25.0,55.0,24.99,18.0,6.0,12.0,24.0,2043344.0,630632.0,609232.0,241456.0,14.0,0.0,51.0,5.0,0.0,1610.0,0.0,5e-05,20000000.0,40866880.0,12612640.0,12184640.0,4829120.0,0.6875,0.6666666666666666
1445,1445.0,1.0,80.0,24.0,56.0,26.2,18.0,6.0,12.0,27.0,2399416.0,708056.0,1069776.0,356592.0,14.0,0.0,51.0,5.0,0.0,1230.0,0.0,5e-05,20000000.0,47988320.0,14161120.0,21395520.0,7131840.0,0.7,0.6666666666666666
1446,1446.0,1.0,160.0,48.0,112.0,25.95,81.0,27.0,54.0,27.0,865984.0,268992.0,935928.0,311976.0,4.0,0.0,51.0,5.0,0.0,1160.0,0.0,5e-05,20000000.0,17319680.0,5379840.0,18718560.0,6239520.0,0.7,0.6666666666666666
1447,1447.0,1.0,145.0,48.0,97.0,20.35,45.0,15.0,30.0,22.24,1377632.0,451736.0,745288.0,261856.0,7.0,0.0,51.0,5.0,0.0,2310.0,0.0,5e-05,20000000.0,27552640.0,9034720.0,14905760.0,5237120.0,0.6689655172413793,0.6666666666666666
1448,1448.0,1.0,160.0,48.0,112.0,26.2,144.0,48.0,96.0,24.0,219904.0,68352.0,575616.0,145536.0,2.0,0.0,51.0,5.0,0.0,4470.0,0.0,5e-05,20000000.0,4398080.0,1367040.0,11512320.0,2910720.0,0.7,0.6666666666666666
1449,1449.0,1.0,145.0,46.0,99.0,23.39,45.0,15.0,30.0,21.6,1840352.0,531560.0,668280.0,170400.0,7.0,0.0,51.0,5.0,0.0,3060.0,0.0,5e-05,20000000.0,36807040.0,10631200.0,13365600.0,3408000.0,0.6827586206896552,0.6666666666666666
1450,1450.0,1.0,160.0,48.0,112.0,26.3,144.0,48.0,96.0,27.0,226560.0,70016.0,645120.0,215040.0,2.0,0.0,51.0,5.0,0.0,2320.0,0.0,5e-05,20000000.0,4531200.0,1400320.0,12902400.0,4300800.0,0.7,0.6666666666666666
1451,1451.0,1.0,160.0,59.0,101.0,21.3,144.0,54.0,90.0,19.29,178456.0,59096.0,375792.0,111600.0,2.0,0.0,51.0,5.0,0.0,3020.0,0.0,5e-05,20000000.0,3569120.0,1181920.0,7515840.0,2232000.0,0.63125,0.625
1452,1452.0,1.0,145.0,45.0,100.0,26.09,45.0,15.0,30.0,27.0,2130912.0,671872.0,1099368.0,366456.0,7.0,0.0,51.0,5.0,0.0,960.0,0.0,5e-05,20000000.0,42618240.0,13437440.0,21987360.0,7329120.0,0.6896551724137931,0.6666666666666666
1453,1453.0,1.0,160.0,58.0,102.0,20.98,144.0,49.0,95.0,22.38,175104.0,44928.0,523488.0,132640.0,2.0,0.0,51.0,5.0,0.0,2300.0,0.0,5e-05,20000000.0,3502080.0,898560.0,10469760.0,2652800.0,0.6375,0.6597222222222222
1454,1454.0,1.0,160.0,48.0,112.0,25.95,81.0,27.0,54.0,27.0,865984.0,268992.0,935928.0,311976.0,4.0,0.0,51.0,5.0,0.0,140.0,0.0,5e-05,20000000.0,17319680.0,5379840.0,18718560.0,6239520.0,0.7,0.6666666666666666
1455,1455.0,1.0,145.0,46.0,99.0,24.48,45.0,15.0,30.0,24.0,1908832.0,548680.0,981200.0,248288.0,7.0,0.0,51.0,5.0,0.0,2950.0,0.0,5e-05,20000000.0,38176640.0,10973600.0,19624000.0,4965760.0,0.6827586206896552,0.6666666666666666
1456,1456.0,1.0,160.0,48.0,112.0,26.3,144.0,48.0,96.0,27.0,226560.0,70016.0,645120.0,215040.0,2.0,0.0,51.0,5.0,0.0,440.0,0.0,5e-05,20000000.0,4531200.0,1400320.0,12902400.0,4300800.0,0.7,0.6666666666666666
1457,1457.0,1.0,160.0,48.0,112.0,26.3,144.0,48.0,96.0,27.0,226560.0,70016.0,645120.0,215040.0,2.0,0.0,51.0,5.0,0.0,4880.0,0.0,5e-05,20000000.0,4531200.0,1400320.0,12902400.0,4300800.0,0.7,0.6666666666666666
1458,1458.0,1.0,145.0,45.0,100.0,23.19,45.0,15.0,30.0,24.0,1350432.0,416832.0,981200.0,248288.0,7.0,0.0,51.0,5.0,0.0,4190.0,0.0,5e-05,20000000.0,27008640.0,8336640.0,19624000.0,4965760.0,0.6896551724137931,0.6666666666666666
1459,1459.0,1.0,160.0,48.0,112.0,26.3,144.0,48.0,96.0,27.0,226560.0,70016.0,645120.0,215040.0,2.0,0.0,51.0,5.0,0.0,1160.0,0.0,5e-05,20000000.0,4531200.0,1400320.0,12902400.0,4300800.0,0.7,0.6666666666666666
1460,1460.0,1.0,160.0,53.0,107.0,19.94,81.0,27.0,54.0,19.15,691488.0,176224.0,394880.0,101192.0,4.0,0.0,51.0,5.0,0.0,4360.0,0.0,5e-05,20000000.0,13829760.0,3524480.0,7897600.0,2023840.0,0.66875,0.6666666666666666
1461,1461.0,1.0,160.0,61.0,99.0,21.9,144.0,58.0,86.0,21.04,189352.0,64360.0,458328.0,133864.0,2.0,0.0,51.0,5.0,0.0,2390.0,0.0,5e-05,20000000.0,3787040.0,1287200.0,9166560.0,2677280.0,0.61875,0.5972222222222222
1462,1462.0,1.0,145.0,45.0,100.0,26.28,45.0,15.0,30.0,27.0,2182272.0,688992.0,1099368.0,366456.0,7.0,0.0,51.0,5.0,0.0,1930.0,0.0,5e-05,20000000.0,43645440.0,13779840.0,21987360.0,7329120.0,0.6896551724137931,0.6666666666666666
1463,1463.0,1.0,160.0,57.0,103.0,21.38,144.0,48.0,96.0,21.47,152592.0,44864.0,453984.0,115128.0,2.0,0.0,51.0,5.0,0.0,4070.0,0.0,5e-05,20000000.0,3051840.0,897280.0,9079680.0,2302560.0,0.64375,0.6666666666666666
1464,1464.0,1.0,145.0,45.0,100.0,23.3,45.0,15.0,30.0,24.0,1360512.0,432192.0,981200.0,248288.0,7.0,0.0,51.0,5.0,0.0,4550.0,0.0,5e-05,20000000.0,27210240.0,8643840.0,19624000.0,4965760.0,0.6896551724137931,0.6666666666666666
1465,1465.0,1.0,80.0,24.0,56.0,24.0,18.0,6.0,12.0,21.22,1888192.0,570456.0,609232.0,241456.0,14.0,0.0,51.0,5.0,0.0,3610.0,0.0,5e-05,20000000.0,37763840.0,11409120.0,12184640.0,4829120.0,0.7,0.6666666666666666
1466,1466.0,1.0,80.0,25.0,55.0,26.0,18.0,6.0,12.0,27.0,2292120.0,722208.0,1069776.0,356592.0,14.0,0.0,51.0,5.0,0.0,3990.0,0.0,5e-05,20000000.0,45842400.0,14444160.0,21395520.0,7131840.0,0.6875,0.6666666666666666
1467,1467.0,1.0,80.0,24.0,56.0,24.45,18.0,6.0,12.0,27.0,2163392.0,570456.0,1069776.0,356592.0,14.0,0.0,51.0,5.0,0.0,4150.0,0.0,5e-05,20000000.0,43267840.0,11409120.0,21395520.0,7131840.0,0.7,0.6666666666666666
1468,1468.0,1.0,80.0,25.0,55.0,26.21,18.0,6.0,12.0,27.0,2476440.0,768288.0,1069776.0,356592.0,14.0,0.0,51.0,5.0,0.0,860.0,0.0,5e-05,20000000.0,49528800.0,15365760.0,21395520.0,7131840.0,0.6875,0.6666666666666666
1469,1469.0,1.0,80.0,25.0,55.0,24.55,18.0,6.0,12.0,24.0,2300992.0,650608.0,954640.0,241456.0,14.0,0.0,51.0,5.0,0.0,4470.0,0.0,5e-05,20000000.0,46019840.0,13012160.0,19092800.0,4829120.0,0.6875,0.6666666666666666
1470,1470.0,1.0,160.0,48.0,112.0,26.3,144.0,48.0,96.0,27.0,226560.0,70016.0,645120.0,215040.0,2.0,0.0,51.0,5.0,0.0,1090.0,0.0,5e-05,20000000.0,4531200.0,1400320.0,12902400.0,4300800.0,0.7,0.6666666666666666
1471,1471.0,1.0,80.0,25.0,55.0,25.66,18.0,6.0,12.0,27.0,2281888.0,709856.0,1069776.0,356592.0,14.0,0.0,51.0,5.0,0.0,3960.0,0.0,5e-05,20000000.0,45637760.0,14197120.0,21395520.0,7131840.0,0.6875,0.6666666666666666
1472,1472.0,1.0,160.0,48.0,112.0,25.85,81.0,27.0,54.0,27.0,865984.0,268992.0,935928.0,311976.0,4.0,0.0,51.0,5.0,0.0,4280.0,0.0,5e-05,20000000.0,17319680.0,5379840.0,18718560.0,6239520.0,0.7,0.6666666666666666
1473,1473.0,1.0,160.0,48.0,112.0,26.3,144.0,48.0,96.0,27.0,226560.0,70016.0,645120.0,215040.0,2.0,0.0,51.0,5.0,0.0,1850.0,0.0,5e-05,20000000.0,4531200.0,1400320.0,12902400.0,4300800.0,0.7,0.6666666666666666
1474,1474.0,1.0,145.0,44.0,101.0,25.46,45.0,15.0,30.0,24.0,2113792.0,653944.0,852072.0,275424.0,7.0,0.0,51.0,5.0,0.0,2050.0,0.0,5e-05,20000000.0,42275840.0,13078880.0,17041440.0,5508480.0,0.696551724137931,0.6666666666666666
1475,1475.0,1.0,145.0,47.0,98.0,25.99,45.0,15.0,30.0,27.0,2103712.0,692368.0,1099368.0,366456.0,7.0,0.0,51.0,5.0,0.0,1440.0,0.0,5e-05,20000000.0,42074240.0,13847360.0,21987360.0,7329120.0,0.6758620689655173,0.6666666666666666
1476,1476.0,1.0,80.0,25.0,55.0,26.3,18.0,6.0,12.0,27.0,2476440.0,768288.0,1069776.0,356592.0,14.0,0.0,51.0,5.0,0.0,430.0,0.0,5e-05,20000000.0,49528800.0,15365760.0,21395520.0,7131840.0,0.6875,0.6666666666666666
1477,1477.0,1.0,160.0,61.0,99.0,20.94,144.0,48.0,96.0,24.0,175104.0,45120.0,575616.0,145536.0,2.0,0.0,51.0,5.0,0.0,2180.0,0.0,5e-05,20000000.0,3502080.0,902400.0,11512320.0,2910720.0,0.61875,0.6666666666666666
1478,1478.0,1.0,160.0,48.0,112.0,26.2,144.0,48.0,96.0,27.0,219904.0,68352.0,645120.0,215040.0,2.0,0.0,51.0,5.0,0.0,4160.0,0.0,5e-05,20000000.0,4398080.0,1367040.0,12902400.0,4300800.0,0.7,0.6666666666666666
1479,1479.0,1.0,145.0,45.0,100.0,23.06,45.0,15.0,30.0,21.64,1703392.0,496512.0,643392.0,222912.0,7.0,0.0,51.0,5.0,0.0,3080.0,0.0,5e-05,20000000.0,34067840.0,9930240.0,12867840.0,4458240.0,0.6896551724137931,0.6666666666666666
1480,1480.0,1.0,160.0,48.0,112.0,25.75,81.0,27.0,54.0,27.0,865984.0,268992.0,935928.0,311976.0,4.0,0.0,51.0,5.0,0.0,4640.0,0.0,5e-05,20000000.0,17319680.0,5379840.0,18718560.0,6239520.0,0.7,0.6666666666666666
1481,1481.0,1.0,145.0,45.0,100.0,25.24,45.0,15.0,30.0,24.0,2052352.0,605152.0,981200.0,248288.0,7.0,0.0,51.0,5.0,0.0,2590.0,0.0,5e-05,20000000.0,41047040.0,12103040.0,19624000.0,4965760.0,0.6896551724137931,0.6666666666666666
1482,1482.0,1.0,80.0,25.0,55.0,24.95,18.0,6.0,12.0,24.0,2378016.0,669864.0,954640.0,241456.0,14.0,0.0,51.0,5.0,0.0,530.0,0.0,5e-05,20000000.0,47560320.0,13397280.0,19092800.0,4829120.0,0.6875,0.6666666666666666
1483,1483.0,1.0,160.0,48.0,112.0,26.3,144.0,48.0,96.0,27.0,226560.0,70016.0,645120.0,215040.0,2.0,0.0,51.0,5.0,0.0,50.0,0.0,5e-05,20000000.0,4531200.0,1400320.0,12902400.0,4300800.0,0.7,0.6666666666666666
1484,1484.0,1.0,80.0,26.0,54.0,25.96,18.0,6.0,12.0,27.0,2437264.0,770088.0,1069776.0,356592.0,14.0,0.0,51.0,5.0,0.0,40.0,0.0,5e-05,20000000.0,48745280.0,15401760.0,21395520.0,7131840.0,0.675,0.6666666666666666
1485,1485.0,1.0,80.0,25.0,55.0,21.14,18.0,6.0,12.0,15.0,1721648.0,525360.0,33552.0,11184.0,14.0,0.0,51.0,5.0,0.0,3010.0,0.0,5e-05,20000000.0,34432960.0,10507200.0,671040.0,223680.0,0.6875,0.6666666666666666
1486,1486.0,1.0,80.0,25.0,55.0,24.12,18.0,6.0,12.0,21.67,1888192.0,611432.0,609232.0,241456.0,14.0,0.0,51.0,5.0,0.0,2400.0,0.0,5e-05,20000000.0,37763840.0,12228640.0,12184640.0,4829120.0,0.6875,0.6666666666666666
1487,1487.0,1.0,80.0,26.0,54.0,24.31,18.0,6.0,12.0,27.0,1812456.0,613232.0,1069776.0,356592.0,14.0,0.0,51.0,5.0,0.0,1580.0,0.0,5e-05,20000000.0,36249120.0,12264640.0,21395520.0,7131840.0,0.675,0.6666666666666666
1488,1488.0,1.0,80.0,24.0,56.0,24.96,18.0,6.0,12.0,24.0,2242712.0,668880.0,609232.0,241456.0,14.0,0.0,51.0,5.0,0.0,1340.0,0.0,5e-05,20000000.0,44854240.0,13377600.0,12184640.0,4829120.0,0.7,0.6666666666666666
1489,1489.0,1.0,160.0,55.0,105.0,23.25,81.0,27.0,54.0,18.65,707664.0,212784.0,481160.0,158408.0,4.0,0.0,51.0,5.0,0.0,3320.0,0.0,5e-05,20000000.0,14153280.0,4255680.0,9623200.0,3168160.0,0.65625,0.6666666666666666
1490,1490.0,1.0,80.0,25.0,55.0,25.79,18.0,6.0,12.0,27.0,2358912.0,729112.0,1069776.0,356592.0,14.0,0.0,51.0,5.0,0.0,3450.0,0.0,5e-05,20000000.0,47178240.0,14582240.0,21395520.0,7131840.0,0.6875,0.6666666666666666
1491,1491.0,1.0,145.0,45.0,100.0,26.28,45.0,15.0,30.0,27.0,2182272.0,688992.0,1099368.0,366456.0,7.0,0.0,51.0,5.0,0.0,1790.0,0.0,5e-05,20000000.0,43645440.0,13779840.0,21987360.0,7329120.0,0.6896551724137931,0.6666666666666666
1492,1492.0,1.0,145.0,45.0,100.0,26.17,45.0,15.0,30.0,27.0,2120832.0,673632.0,1099368.0,366456.0,7.0,0.0,51.0,5.0,0.0,1540.0,0.0,5e-05,20000000.0,42416640.0,13472640.0,21987360.0,7329120.0,0.6896551724137931,0.6666666666666666
1493,1493.0,1.0,160.0,48.0,112.0,25.85,81.0,27.0,54.0,24.0,865984.0,268992.0,835232.0,211280.0,4.0,0.0,51.0,5.0,0.0,3780.0,0.0,5e-05,20000000.0,17319680.0,5379840.0,16704640.0,4225600.0,0.7,0.6666666666666666
1494,1494.0,1.0,145.0,46.0,99.0,26.17,45.0,15.0,30.0,27.0,2120832.0,691560.0,1099368.0,366456.0,7.0,0.0,51.0,5.0,0.0,1220.0,0.0,5e-05,20000000.0,42416640.0,13831200.0,21987360.0,7329120.0,0.6827586206896552,0.6666666666666666
1495,1495.0,1.0,145.0,45.0,100.0,26.28,45.0,15.0,30.0,27.0,2182272.0,688992.0,1099368.0,366456.0,7.0,0.0,51.0,5.0,0.0,3860.0,0.0,5e-05,20000000.0,43645440.0,13779840.0,21987360.0,7329120.0,0.6896551724137931,0.6666666666666666
1496,1496.0,1.0,160.0,48.0,112.0,26.2,144.0,48.0,96.0,24.0,219904.0,68352.0,575616.0,145536.0,2.0,0.0,51.0,5.0,0.0,2590.0,0.0,5e-05,20000000.0,4398080.0,1367040.0,11512320.0,2910720.0,0.7,0.6666666666666666
1497,1497.0,1.0,160.0,57.0,103.0,23.5,144.0,52.0,92.0,19.12,182920.0,57672.0,380136.0,133048.0,2.0,0.0,51.0,5.0,0.0,3320.0,0.0,5e-05,20000000.0,3658400.0,1153440.0,7602720.0,2660960.0,0.64375,0.6388888888888888
1498,1498.0,1.0,80.0,24.0,56.0,25.9,18.0,6.0,12.0,27.0,2399416.0,708056.0,1069776.0,356592.0,14.0,0.0,51.0,5.0,0.0,3550.0,0.0,5e-05,20000000.0,47988320.0,14161120.0,21395520.0,7131840.0,0.7,0.6666666666666666
1499,1499.0,1.0,160.0,56.0,104.0,23.25,81.0,27.0,54.0,27.0,741744.0,227536.0,935928.0,311976.0,4.0,0.0,51.0,5.0,0.0,2750.0,0.0,5e-05,20000000.0,14834880.0,4550720.0,18718560.0,6239520.0,0.65,0.6666666666666666
1500,1500.0,1.0,160.0,57.0,103.0,21.61,81.0,27.0,54.0,24.0,605624.0,216128.0,671456.0,193088.0,4.0,0.0,51.0,5.0,0.0,2370.0,0.0,5e-05,20000000.0,12112480.0,4322560.0,13429120.0,3861760.0,0.64375,0.6666666666666666
1501,1501.0,1.0,145.0,46.0,99.0,24.44,45.0,15.0,30.0,21.67,2052352.0,674440.0,626696.0,248288.0,7.0,0.0,51.0,5.0,0.0,3750.0,0.0,5e-05,20000000.0,41047040.0,13488800.0,12533920.0,4965760.0,0.6827586206896552,0.6666666666666666
1502,1502.0,1.0,80.0,25.0,55.0,25.88,18.0,6.0,12.0,27.0,2398088.0,729112.0,1069776.0,356592.0,14.0,0.0,51.0,5.0,0.0,890.0,0.0,5e-05,20000000.0,47961760.0,14582240.0,21395520.0,7131840.0,0.6875,0.6666666666666666
1503,1503.0,1.0,160.0,48.0,112.0,26.3,144.0,48.0,96.0,27.0,226560.0,70016.0,645120.0,215040.0,2.0,0.0,51.0,5.0,0.0,1840.0,0.0,5e-05,20000000.0,4531200.0,1400320.0,12902400.0,4300800.0,0.7,0.6666666666666666
1504,1504.0,1.0,160.0,48.0,112.0,26.2,144.0,48.0,96.0,24.0,219904.0,68352.0,536520.0,145536.0,2.0,0.0,51.0,5.0,0.0,1610.0,0.0,5e-05,20000000.0,4398080.0,1367040.0,10730400.0,2910720.0,0.7,0.6666666666666666
1505,1505.0,1.0,80.0,25.0,55.0,22.25,18.0,6.0,12.0,24.0,1375640.0,493088.0,609232.0,241456.0,14.0,0.0,51.0,5.0,0.0,2910.0,0.0,5e-05,20000000.0,27512800.0,9861760.0,12184640.0,4829120.0,0.6875,0.6666666666666666
1506,1506.0,1.0,160.0,48.0,112.0,24.81,81.0,27.0,54.0,22.67,830272.0,260064.0,588248.0,149312.0,4.0,0.0,51.0,5.0,0.0,3060.0,0.0,5e-05,20000000.0,16605440.0,5201280.0,11764960.0,2986240.0,0.7,0.6666666666666666
1507,1507.0,1.0,160.0,48.0,112.0,26.2,144.0,48.0,96.0,24.0,219904.0,68352.0,575616.0,145536.0,2.0,0.0,51.0,5.0,0.0,3660.0,0.0,5e-05,20000000.0,4398080.0,1367040.0,11512320.0,2910720.0,0.7,0.6666666666666666
1508,1508.0,1.0,160.0,56.0,104.0,23.42,81.0,27.0,54.0,27.0,742032.0,227536.0,935928.0,311976.0,4.0,0.0,51.0,5.0,0.0,3170.0,0.0,5e-05,20000000.0,14840640.0,4550720.0,18718560.0,6239520.0,0.65,0.6666666666666666
1509,1509.0,1.0,145.0,45.0,100.0,26.28,45.0,15.0,30.0,27.0,2182272.0,688992.0,1099368.0,366456.0,7.0,0.0,51.0,5.0,0.0,130.0,0.0,5e-05,20000000.0,43645440.0,13779840.0,21987360.0,7329120.0,0.6896551724137931,0.6666666666666666
1510,1510.0,1.0,145.0,45.0,100.0,26.17,45.0,15.0,30.0,27.0,2120832.0,673632.0,1099368.0,366456.0,7.0,0.0,51.0,5.0,0.0,1740.0,0.0,5e-05,20000000.0,42416640.0,13472640.0,21987360.0,7329120.0,0.6896551724137931,0.6666666666666666
1511,1511.0,1.0,80.0,25.0,55.0,25.66,18.0,6.0,12.0,27.0,2174592.0,683032.0,1069776.0,356592.0,14.0,0.0,51.0,5.0,0.0,840.0,0.0,5e-05,20000000.0,43491840.0,13660640.0,21395520.0,7131840.0,0.6875,0.6666666666666666
1512,1512.0,1.0,160.0,58.0,102.0,8.56,81.0,34.0,47.0,3.19,230656.0,61408.0,31736.0,11432.0,4.0,0.0,51.0,5.0,0.0,4000.0,0.0,5e-05,20000000.0,4613120.0,1228160.0,634720.0,228640.0,0.6375,0.5802469135802469
1513,1513.0,1.0,145.0,47.0,98.0,25.16,45.0,15.0,30.0,27.0,2028192.0,622128.0,1099368.0,366456.0,7.0,0.0,51.0,5.0,0.0,2870.0,0.0,5e-05,20000000.0,40563840.0,12442560.0,21987360.0,7329120.0,0.6758620689655173,0.6666666666666666
1514,1514.0,1.0,160.0,48.0,112.0,25.95,81.0,27.0,54.0,27.0,865984.0,268992.0,935928.0,311976.0,4.0,0.0,51.0,5.0,0.0,1210.0,0.0,5e-05,20000000.0,17319680.0,5379840.0,18718560.0,6239520.0,0.7,0.6666666666666666
1515,1515.0,1.0,160.0,57.0,103.0,23.5,144.0,48.0,96.0,27.0,182920.0,57672.0,645120.0,215040.0,2.0,0.0,51.0,5.0,0.0,3290.0,0.0,5e-05,20000000.0,3658400.0,1153440.0,12902400.0,4300800.0,0.64375,0.6666666666666666
1516,1516.0,1.0,80.0,25.0,55.0,20.0,18.0,6.0,12.0,21.22,1258112.0,453912.0,609232.0,241456.0,14.0,0.0,51.0,5.0,0.0,2800.0,0.0,5e-05,20000000.0,25162240.0,9078240.0,12184640.0,4829120.0,0.6875,0.6666666666666666
1517,1517.0,1.0,160.0,48.0,112.0,25.85,81.0,35.0,46.0,18.1,865984.0,268992.0,559024.0,178464.0,4.0,0.0,51.0,5.0,0.0,2520.0,0.0,5e-05,20000000.0,17319680.0,5379840.0,11180480.0,3569280.0,0.7,0.5679012345679012
1518,1518.0,1.0,145.0,46.0,99.0,19.68,45.0,16.0,29.0,21.13,1086592.0,415880.0,692776.0,262744.0,7.0,0.0,51.0,5.0,0.0,2800.0,0.0,5e-05,20000000.0,21731840.0,8317600.0,13855520.0,5254880.0,0.6827586206896552,0.6444444444444445
1519,1519.0,1.0,145.0,45.0,100.0,26.28,45.0,15.0,30.0,27.0,2182272.0,688992.0,1099368.0,366456.0,7.0,0.0,51.0,5.0,0.0,870.0,0.0,5e-05,20000000.0,43645440.0,13779840.0,21987360.0,7329120.0,0.6896551724137931,0.6666666666666666
1520,1520.0,1.0,160.0,48.0,112.0,26.12,81.0,27.0,54.0,27.0,892224.0,275552.0,935928.0,311976.0,4.0,0.0,51.0,5.0,0.0,1070.0,0.0,5e-05,20000000.0,17844480.0,5511040.0,18718560.0,6239520.0,0.7,0.6666666666666666
1521,1521.0,1.0,80.0,25.0,55.0,26.3,18.0,6.0,12.0,27.0,2476440.0,768288.0,1069776.0,356592.0,14.0,0.0,51.0,5.0,0.0,350.0,0.0,5e-05,20000000.0,49528800.0,15365760.0,21395520.0,7131840.0,0.6875,0.6666666666666666
1522,1522.0,1.0,160.0,48.0,112.0,25.9,81.0,27.0,54.0,27.0,865984.0,268992.0,935928.0,311976.0,4.0,0.0,51.0,5.0,0.0,1750.0,0.0,5e-05,20000000.0,17319680.0,5379840.0,18718560.0,6239520.0,0.7,0.6666666666666666
1523,1523.0,1.0,160.0,67.0,93.0,16.51,144.0,51.0,93.0,19.05,107344.0,40624.0,388824.0,124224.0,2.0,0.0,51.0,5.0,0.0,4810.0,0.0,5e-05,20000000.0,2146880.0,812480.0,7776480.0,2484480.0,0.58125,0.6458333333333334
1524,1524.0,1.0,160.0,48.0,112.0,25.4,144.0,48.0,96.0,24.0,219904.0,68352.0,536520.0,145536.0,2.0,0.0,51.0,5.0,0.0,1670.0,0.0,5e-05,20000000.0,4398080.0,1367040.0,10730400.0,2910720.0,0.7,0.6666666666666666
1525,1525.0,1.0,80.0,25.0,55.0,24.72,18.0,6.0,12.0,24.0,2125184.0,670680.0,609232.0,241456.0,14.0,0.0,51.0,5.0,0.0,3370.0,0.0,5e-05,20000000.0,42503680.0,13413600.0,12184640.0,4829120.0,0.6875,0.6666666666666666
1526,1526.0,1.0,160.0,48.0,112.0,26.0,144.0,48.0,96.0,27.0,212224.0,66432.0,645120.0,215040.0,2.0,0.0,51.0,5.0,0.0,3980.0,0.0,5e-05,20000000.0,4244480.0,1328640.0,12902400.0,4300800.0,0.7,0.6666666666666666
1527,1527.0,1.0,145.0,54.0,91.0,10.18,45.0,30.0,15.0,1.2,744192.0,199784.0,39504.0,26184.0,7.0,0.0,51.0,5.0,0.0,2000.0,0.0,5e-05,20000000.0,14883840.0,3995680.0,790080.0,523680.0,0.6275862068965518,0.3333333333333333
1528,1528.0,1.0,145.0,45.0,100.0,24.99,45.0,16.0,29.0,21.13,1846912.0,605152.0,641632.0,210232.0,7.0,0.0,51.0,5.0,0.0,2400.0,0.0,5e-05,20000000.0,36938240.0,12103040.0,12832640.0,4204640.0,0.6896551724137931,0.6444444444444445
1529,1529.0,1.0,160.0,48.0,112.0,26.12,81.0,27.0,54.0,27.0,892224.0,275552.0,935928.0,311976.0,4.0,0.0,51.0,5.0,0.0,2290.0,0.0,5e-05,20000000.0,17844480.0,5511040.0,18718560.0,6239520.0,0.7,0.6666666666666666
1530,1530.0,1.0,80.0,24.0,56.0,17.36,18.0,6.0,12.0,18.0,1161016.0,373608.0,494096.0,126320.0,14.0,0.0,51.0,5.0,0.0,4130.0,0.0,5e-05,20000000.0,23220320.0,7472160.0,9881920.0,2526400.0,0.7,0.6666666666666666
1531,1531.0,1.0,160.0,48.0,112.0,26.0,81.0,34.0,47.0,21.15,865984.0,268992.0,672864.0,204616.0,4.0,0.0,51.0,5.0,0.0,1600.0,0.0,5e-05,20000000.0,17319680.0,5379840.0,13457280.0,4092320.0,0.7,0.5802469135802469
1532,1532.0,1.0,160.0,48.0,112.0,23.0,144.0,53.0,91.0,16.97,212224.0,66432.0,252984.0,90536.0,2.0,0.0,51.0,5.0,0.0,4040.0,0.0,5e-05,20000000.0,4244480.0,1328640.0,5059680.0,1810720.0,0.7,0.6319444444444444
1533,1533.0,1.0,145.0,48.0,97.0,24.79,45.0,15.0,30.0,27.0,1993952.0,605816.0,1099368.0,366456.0,7.0,0.0,51.0,5.0,0.0,2780.0,0.0,5e-05,20000000.0,39879040.0,12116320.0,21987360.0,7329120.0,0.6689655172413793,0.6666666666666666
1534,1534.0,1.0,145.0,45.0,100.0,26.28,45.0,15.0,30.0,27.0,2182272.0,688992.0,1099368.0,366456.0,7.0,0.0,51.0,5.0,0.0,1070.0,0.0,5e-05,20000000.0,43645440.0,13779840.0,21987360.0,7329120.0,0.6896551724137931,0.6666666666666666
1535,1535.0,1.0,160.0,52.0,108.0,20.79,81.0,27.0,54.0,24.0,503624.0,163080.0,835232.0,211280.0,4.0,0.0,51.0,5.0,0.0,4490.0,0.0,5e-05,20000000.0,10072480.0,3261600.0,16704640.0,4225600.0,0.675,0.6666666666666666
1536,1536.0,1.0,145.0,45.0,100.0,26.28,45.0,15.0,30.0,27.0,2182272.0,688992.0,1099368.0,366456.0,7.0,0.0,51.0,5.0,0.0,1980.0,0.0,5e-05,20000000.0,43645440.0,13779840.0,21987360.0,7329120.0,0.6896551724137931,0.6666666666666666
1537,1537.0,1.0,160.0,55.0,105.0,15.44,81.0,29.0,52.0,18.17,388840.0,144952.0,488664.0,163024.0,4.0,0.0,51.0,5.0,0.0,4320.0,0.0,5e-05,20000000.0,7776800.0,2899040.0,9773280.0,3260480.0,0.65625,0.6419753086419753
1538,1538.0,1.0,145.0,45.0,100.0,26.18,45.0,15.0,30.0,27.0,2182272.0,688992.0,1099368.0,366456.0,7.0,0.0,51.0,5.0,0.0,3150.0,0.0,5e-05,20000000.0,43645440.0,13779840.0,21987360.0,7329120.0,0.6896551724137931,0.6666666666666666
1539,1539.0,1.0,80.0,25.0,55.0,24.99,18.0,6.0,12.0,27.0,2241744.0,650608.0,1069776.0,356592.0,14.0,0.0,51.0,5.0,0.0,2450.0,0.0,5e-05,20000000.0,44834880.0,13012160.0,21395520.0,7131840.0,0.6875,0.6666666666666666
1540,1540.0,1.0,160.0,58.0,102.0,19.62,144.0,48.0,96.0,22.26,137896.0,43264.0,458328.0,145536.0,2.0,0.0,51.0,5.0,0.0,4620.0,0.0,5e-05,20000000.0,2757920.0,865280.0,9166560.0,2910720.0,0.6375,0.6666666666666666
1541,1541.0,1.0,145.0,46.0,99.0,19.67,45.0,15.0,30.0,12.82,1446592.0,463080.0,154024.0,130120.0,7.0,0.0,51.0,5.0,0.0,4030.0,0.0,5e-05,20000000.0,28931840.0,9261600.0,3080480.0,2602400.0,0.6827586206896552,0.6666666666666666
1542,1542.0,1.0,145.0,46.0,99.0,25.97,45.0,15.0,30.0,27.0,2028672.0,668520.0,1099368.0,366456.0,7.0,0.0,51.0,5.0,0.0,610.0,0.0,5e-05,20000000.0,40573440.0,13370400.0,21987360.0,7329120.0,0.6827586206896552,0.6666666666666666
1543,1543.0,1.0,145.0,45.0,100.0,25.38,45.0,15.0,30.0,24.11,1844352.0,604512.0,636232.0,250672.0,7.0,0.0,51.0,5.0,0.0,1100.0,0.0,5e-05,20000000.0,36887040.0,12090240.0,12724640.0,5013440.0,0.6896551724137931,0.6666666666666666
1544,1544.0,1.0,145.0,45.0,100.0,25.43,45.0,15.0,30.0,24.0,1846912.0,605152.0,626696.0,248288.0,7.0,0.0,51.0,5.0,0.0,3310.0,0.0,5e-05,20000000.0,36938240.0,12103040.0,12533920.0,4965760.0,0.6896551724137931,0.6666666666666666
1545,1545.0,1.0,80.0,25.0,55.0,26.21,18.0,6.0,12.0,27.0,2476440.0,768288.0,1069776.0,356592.0,14.0,0.0,51.0,5.0,0.0,120.0,0.0,5e-05,20000000.0,49528800.0,15365760.0,21395520.0,7131840.0,0.6875,0.6666666666666666
1546,1546.0,1.0,160.0,48.0,112.0,25.91,81.0,27.0,54.0,24.0,892224.0,275552.0,835232.0,211280.0,4.0,0.0,51.0,5.0,0.0,2890.0,0.0,5e-05,20000000.0,17844480.0,5511040.0,16704640.0,4225600.0,0.7,0.6666666666666666
1547,1547.0,1.0,160.0,48.0,112.0,26.2,144.0,48.0,96.0,27.0,219904.0,68352.0,645120.0,215040.0,2.0,0.0,51.0,5.0,0.0,1210.0,0.0,5e-05,20000000.0,4398080.0,1367040.0,12902400.0,4300800.0,0.7,0.6666666666666666
1548,1548.0,1.0,160.0,60.0,100.0,23.6,144.0,48.0,96.0,27.0,181536.0,64352.0,645120.0,215040.0,2.0,0.0,51.0,5.0,0.0,2190.0,0.0,5e-05,20000000.0,3630720.0,1287040.0,12902400.0,4300800.0,0.625,0.6666666666666666
1549,1549.0,1.0,80.0,25.0,55.0,24.99,18.0,6.0,12.0,24.0,2005720.0,650608.0,609232.0,241456.0,14.0,0.0,51.0,5.0,0.0,2410.0,0.0,5e-05,20000000.0,40114400.0,13012160.0,12184640.0,4829120.0,0.6875,0.6666666666666666
1550,1550.0,1.0,160.0,48.0,112.0,24.6,144.0,52.0,92.0,21.29,219904.0,68352.0,380136.0,124360.0,2.0,0.0,51.0,5.0,0.0,3750.0,0.0,5e-05,20000000.0,4398080.0,1367040.0,7602720.0,2487200.0,0.7,0.6388888888888888
1551,1551.0,1.0,80.0,25.0,55.0,12.35,18.0,6.0,12.0,6.44,943736.0,316312.0,148688.0,126320.0,14.0,0.0,51.0,5.0,0.0,3410.0,0.0,5e-05,20000000.0,18874720.0,6326240.0,2973760.0,2526400.0,0.6875,0.6666666666666666
1552,1552.0,1.0,160.0,48.0,112.0,23.0,144.0,59.0,85.0,15.6,212224.0,66432.0,297600.0,94904.0,2.0,0.0,51.0,5.0,0.0,4020.0,0.0,5e-05,20000000.0,4244480.0,1328640.0,5952000.0,1898080.0,0.7,0.5902777777777778
1553,1553.0,1.0,160.0,57.0,103.0,18.74,81.0,27.0,54.0,24.0,369856.0,96720.0,835232.0,211280.0,4.0,0.0,51.0,5.0,0.0,3590.0,0.0,5e-05,20000000.0,7397120.0,1934400.0,16704640.0,4225600.0,0.64375,0.6666666666666666
1554,1554.0,1.0,160.0,48.0,112.0,26.2,144.0,48.0,96.0,27.0,219904.0,68352.0,645120.0,215040.0,2.0,0.0,51.0,5.0,0.0,1750.0,0.0,5e-05,20000000.0,4398080.0,1367040.0,12902400.0,4300800.0,0.7,0.6666666666666666
1555,1555.0,1.0,145.0,45.0,100.0,19.28,45.0,15.0,30.0,23.4,1093632.0,416832.0,626696.0,248288.0,7.0,0.0,51.0,5.0,0.0,4910.0,0.0,5e-05,20000000.0,21872640.0,8336640.0,12533920.0,4965760.0,0.6896551724137931,0.6666666666666666
1556,1556.0,1.0,145.0,46.0,99.0,10.82,45.0,15.0,30.0,3.91,761792.0,257640.0,39504.0,12864.0,7.0,0.0,51.0,5.0,0.0,4010.0,0.0,5e-05,20000000.0,15235840.0,5152800.0,790080.0,257280.0,0.6827586206896552,0.6666666666666666
1557,1557.0,1.0,160.0,48.0,112.0,25.99,81.0,27.0,54.0,24.0,892224.0,275552.0,615056.0,202184.0,4.0,0.0,51.0,5.0,0.0,4220.0,0.0,5e-05,20000000.0,17844480.0,5511040.0,12301120.0,4043680.0,0.7,0.6666666666666666
1558,1558.0,1.0,160.0,56.0,104.0,22.7,144.0,54.0,90.0,21.88,181312.0,56000.0,406200.0,133320.0,2.0,0.0,51.0,5.0,0.0,3680.0,0.0,5e-05,20000000.0,3626240.0,1120000.0,8124000.0,2666400.0,0.65,0.625
1559,1559.0,1.0,160.0,48.0,112.0,26.08,81.0,27.0,54.0,24.0,892224.0,275552.0,747272.0,202184.0,4.0,0.0,51.0,5.0,0.0,1810.0,0.0,5e-05,20000000.0,17844480.0,5511040.0,14945440.0,4043680.0,0.7,0.6666666666666666
1560,1560.0,1.0,80.0,25.0,55.0,23.29,18.0,6.0,12.0,27.0,1611664.0,493088.0,1069776.0,356592.0,14.0,0.0,51.0,5.0,0.0,4870.0,0.0,5e-05,20000000.0,32233280.0,9861760.0,21395520.0,7131840.0,0.6875,0.6666666666666666
1561,1561.0,1.0,80.0,25.0,55.0,26.3,18.0,6.0,12.0,27.0,2476440.0,768288.0,1069776.0,356592.0,14.0,0.0,51.0,5.0,0.0,550.0,0.0,5e-05,20000000.0,49528800.0,15365760.0,21395520.0,7131840.0,0.6875,0.6666666666666666
1562,1562.0,1.0,160.0,48.0,112.0,26.2,144.0,48.0,96.0,27.0,219904.0,68352.0,645120.0,215040.0,2.0,0.0,51.0,5.0,0.0,1620.0,0.0,5e-05,20000000.0,4398080.0,1367040.0,12902400.0,4300800.0,0.7,0.6666666666666666
1563,1563.0,1.0,160.0,53.0,107.0,18.41,81.0,29.0,52.0,21.12,443632.0,155304.0,573056.0,189608.0,4.0,0.0,51.0,5.0,0.0,4200.0,0.0,5e-05,20000000.0,8872640.0,3106080.0,11461120.0,3792160.0,0.66875,0.6419753086419753
1564,1564.0,1.0,80.0,24.0,56.0,25.19,18.0,6.0,12.0,21.0,2044896.0,609632.0,609232.0,241456.0,14.0,0.0,51.0,5.0,0.0,3810.0,0.0,5e-05,20000000.0,40897920.0,12192640.0,12184640.0,4829120.0,0.7,0.6666666666666666
1565,1565.0,1.0,145.0,46.0,99.0,25.81,45.0,15.0,30.0,27.0,2113792.0,672680.0,1099368.0,366456.0,7.0,0.0,51.0,5.0,0.0,2760.0,0.0,5e-05,20000000.0,42275840.0,13453600.0,21987360.0,7329120.0,0.6827586206896552,0.6666666666666666
1566,1566.0,1.0,145.0,46.0,99.0,25.97,45.0,15.0,30.0,27.0,2028672.0,668520.0,1099368.0,366456.0,7.0,0.0,51.0,5.0,0.0,830.0,0.0,5e-05,20000000.0,40573440.0,13370400.0,21987360.0,7329120.0,0.6827586206896552,0.6666666666666666
1567,1567.0,1.0,80.0,25.0,55.0,26.0,18.0,6.0,12.0,27.0,2292120.0,722208.0,1069776.0,356592.0,14.0,0.0,51.0,5.0,0.0,2940.0,0.0,5e-05,20000000.0,45842400.0,14444160.0,21395520.0,7131840.0,0.6875,0.6666666666666666
1568,1568.0,1.0,160.0,48.0,112.0,26.3,144.0,48.0,96.0,27.0,226560.0,70016.0,645120.0,215040.0,2.0,0.0,51.0,5.0,0.0,880.0,0.0,5e-05,20000000.0,4531200.0,1400320.0,12902400.0,4300800.0,0.7,0.6666666666666666
1569,1569.0,1.0,80.0,24.0,56.0,26.2,18.0,6.0,12.0,27.0,2399416.0,708056.0,1069776.0,356592.0,14.0,0.0,51.0,5.0,0.0,1330.0,0.0,5e-05,20000000.0,47988320.0,14161120.0,21395520.0,7131840.0,0.7,0.6666666666666666
1570,1570.0,1.0,160.0,57.0,103.0,17.6,144.0,64.0,80.0,14.63,160768.0,41280.0,275880.0,78208.0,2.0,0.0,51.0,5.0,0.0,4780.0,0.0,5e-05,20000000.0,3215360.0,825600.0,5517600.0,1564160.0,0.64375,0.5555555555555556
1571,1571.0,1.0,160.0,48.0,112.0,26.3,144.0,48.0,96.0,24.0,226560.0,70016.0,549552.0,145536.0,2.0,0.0,51.0,5.0,0.0,1910.0,0.0,5e-05,20000000.0,4531200.0,1400320.0,10991040.0,2910720.0,0.7,0.6666666666666666
1572,1572.0,1.0,160.0,48.0,112.0,26.04,81.0,27.0,54.0,27.0,892224.0,275552.0,935928.0,311976.0,4.0,0.0,51.0,5.0,0.0,2260.0,0.0,5e-05,20000000.0,17844480.0,5511040.0,18718560.0,6239520.0,0.7,0.6666666666666666
1573,1573.0,1.0,160.0,58.0,102.0,18.09,81.0,28.0,53.0,21.02,410912.0,137920.0,554680.0,171984.0,4.0,0.0,51.0,5.0,0.0,2920.0,0.0,5e-05,20000000.0,8218240.0,2758400.0,11093600.0,3439680.0,0.6375,0.654320987654321
1574,1574.0,1.0,160.0,48.0,112.0,25.99,81.0,35.0,46.0,21.0,892224.0,275552.0,695104.0,201000.0,4.0,0.0,51.0,5.0,0.0,400.0,0.0,5e-05,20000000.0,17844480.0,5511040.0,13902080.0,4020000.0,0.7,0.5679012345679012
1575,1575.0,1.0,160.0,48.0,112.0,25.99,81.0,27.0,54.0,27.0,892224.0,275552.0,935928.0,311976.0,4.0,0.0,51.0,5.0,0.0,290.0,0.0,5e-05,20000000.0,17844480.0,5511040.0,18718560.0,6239520.0,0.7,0.6666666666666666
1576,1576.0,1.0,80.0,25.0,55.0,23.94,18.0,6.0,12.0,21.0,1926040.0,630688.0,148688.0,126320.0,14.0,0.0,51.0,5.0,0.0,4110.0,0.0,5e-05,20000000.0,38520800.0,12613760.0,2973760.0,2526400.0,0.6875,0.6666666666666666
1577,1577.0,1.0,160.0,52.0,108.0,20.56,81.0,27.0,54.0,24.0,665248.0,169600.0,835232.0,211280.0,4.0,0.0,51.0,5.0,0.0,4480.0,0.0,5e-05,20000000.0,13304960.0,3392000.0,16704640.0,4225600.0,0.675,0.6666666666666666
1578,1578.0,1.0,80.0,25.0,55.0,25.28,18.0,6.0,12.0,21.67,2239448.0,709040.0,609232.0,241456.0,14.0,0.0,51.0,5.0,0.0,3210.0,0.0,5e-05,20000000.0,44788960.0,14180800.0,12184640.0,4829120.0,0.6875,0.6666666666666666
1579,1579.0,1.0,160.0,53.0,107.0,23.29,81.0,27.0,54.0,27.0,557344.0,196440.0,935928.0,311976.0,4.0,0.0,51.0,5.0,0.0,4860.0,0.0,5e-05,20000000.0,11146880.0,3928800.0,18718560.0,6239520.0,0.66875,0.6666666666666666
1580,1580.0,1.0,145.0,45.0,100.0,23.28,45.0,15.0,30.0,23.09,1739840.0,501344.0,636232.0,250672.0,7.0,0.0,51.0,5.0,0.0,3500.0,0.0,5e-05,20000000.0,34796800.0,10026880.0,12724640.0,5013440.0,0.6896551724137931,0.6666666666666666
1581,1581.0,1.0,160.0,58.0,102.0,23.42,81.0,27.0,54.0,27.0,750904.0,237400.0,935928.0,311976.0,4.0,0.0,51.0,5.0,0.0,2150.0,0.0,5e-05,20000000.0,15018080.0,4748000.0,18718560.0,6239520.0,0.6375,0.6666666666666666
1582,1582.0,1.0,80.0,25.0,55.0,21.69,18.0,6.0,12.0,12.0,1966280.0,610712.0,148688.0,126320.0,14.0,0.0,51.0,5.0,0.0,2010.0,0.0,5e-05,20000000.0,39325600.0,12214240.0,2973760.0,2526400.0,0.6875,0.6666666666666666
1583,1583.0,1.0,160.0,54.0,106.0,20.2,144.0,48.0,96.0,21.38,175104.0,44672.0,384480.0,97752.0,2.0,0.0,51.0,5.0,0.0,4420.0,0.0,5e-05,20000000.0,3502080.0,893440.0,7689600.0,1955040.0,0.6625,0.6666666666666666
1584,1584.0,1.0,145.0,48.0,97.0,24.79,45.0,15.0,30.0,27.0,1993952.0,605816.0,1099368.0,366456.0,7.0,0.0,51.0,5.0,0.0,2330.0,0.0,5e-05,20000000.0,39879040.0,12116320.0,21987360.0,7329120.0,0.6689655172413793,0.6666666666666666
1585,1585.0,1.0,160.0,48.0,112.0,26.0,81.0,27.0,54.0,27.0,865984.0,268992.0,935928.0,311976.0,4.0,0.0,51.0,5.0,0.0,190.0,0.0,5e-05,20000000.0,17319680.0,5379840.0,18718560.0,6239520.0,0.7,0.6666666666666666
1586,1586.0,1.0,145.0,50.0,95.0,24.97,45.0,20.0,25.0,21.0,2062432.0,658792.0,863032.0,252272.0,7.0,0.0,51.0,5.0,0.0,200.0,0.0,5e-05,20000000.0,41248640.0,13175840.0,17260640.0,5045440.0,0.6551724137931034,0.5555555555555556
1587,1587.0,1.0,160.0,48.0,112.0,26.3,144.0,48.0,96.0,27.0,226560.0,70016.0,645120.0,215040.0,2.0,0.0,51.0,5.0,0.0,980.0,0.0,5e-05,20000000.0,4531200.0,1400320.0,12902400.0,4300800.0,0.7,0.6666666666666666
1588,1588.0,1.0,160.0,48.0,112.0,25.95,81.0,27.0,54.0,27.0,865984.0,268992.0,935928.0,311976.0,4.0,0.0,51.0,5.0,0.0,1170.0,0.0,5e-05,20000000.0,17319680.0,5379840.0,18718560.0,6239520.0,0.7,0.6666666666666666
1589,1589.0,1.0,145.0,45.0,100.0,24.52,45.0,15.0,30.0,21.11,1782016.0,537568.0,518064.0,132504.0,7.0,0.0,51.0,5.0,0.0,3300.0,0.0,5e-05,20000000.0,35640320.0,10751360.0,10361280.0,2650080.0,0.6896551724137931,0.6666666666666666
1590,1590.0,1.0,160.0,61.0,99.0,17.2,144.0,50.0,94.0,18.1,129856.0,33808.0,384480.0,98024.0,2.0,0.0,51.0,5.0,0.0,3710.0,0.0,5e-05,20000000.0,2597120.0,676160.0,7689600.0,1960480.0,0.61875,0.6527777777777778
1591,1591.0,1.0,160.0,48.0,112.0,25.81,81.0,27.0,54.0,27.0,830272.0,260064.0,935928.0,311976.0,4.0,0.0,51.0,5.0,0.0,820.0,0.0,5e-05,20000000.0,16605440.0,5201280.0,18718560.0,6239520.0,0.7,0.6666666666666666
1592,1592.0,1.0,145.0,47.0,98.0,22.63,45.0,15.0,30.0,24.0,1812672.0,469808.0,981200.0,248288.0,7.0,0.0,51.0,5.0,0.0,2480.0,0.0,5e-05,20000000.0,36253440.0,9396160.0,19624000.0,4965760.0,0.6758620689655173,0.6666666666666666
1593,1593.0,1.0,80.0,26.0,54.0,24.69,18.0,6.0,12.0,27.0,2281792.0,691584.0,1069776.0,356592.0,14.0,0.0,51.0,5.0,0.0,2630.0,0.0,5e-05,20000000.0,45635840.0,13831680.0,21395520.0,7131840.0,0.675,0.6666666666666666
1594,1594.0,1.0,145.0,47.0,98.0,21.68,45.0,15.0,30.0,18.29,1395232.0,498128.0,668280.0,249168.0,7.0,0.0,51.0,5.0,0.0,3030.0,0.0,5e-05,20000000.0,27904640.0,9962560.0,13365600.0,4983360.0,0.6758620689655173,0.6666666666666666
1595,1595.0,1.0,160.0,56.0,104.0,23.11,81.0,27.0,54.0,27.0,679792.0,212048.0,935928.0,311976.0,4.0,0.0,51.0,5.0,0.0,2960.0,0.0,5e-05,20000000.0,13595840.0,4240960.0,18718560.0,6239520.0,0.65,0.6666666666666666
1596,1596.0,1.0,160.0,48.0,112.0,26.3,144.0,48.0,96.0,27.0,226560.0,70016.0,645120.0,215040.0,2.0,0.0,51.0,5.0,0.0,110.0,0.0,5e-05,20000000.0,4531200.0,1400320.0,12902400.0,4300800.0,0.7,0.6666666666666666
1597,1597.0,1.0,80.0,25.0,55.0,23.9,18.0,6.0,12.0,21.0,1926040.0,630688.0,148688.0,126320.0,14.0,0.0,51.0,5.0,0.0,2700.0,0.0,5e-05,20000000.0,38520800.0,12613760.0,2973760.0,2526400.0,0.6875,0.6666666666666666
1598,1598.0,1.0,80.0,25.0,55.0,25.7,18.0,6.0,12.0,27.0,2399416.0,749032.0,1069776.0,356592.0,14.0,0.0,51.0,5.0,0.0,3270.0,0.0,5e-05,20000000.0,47988320.0,14980640.0,21395520.0,7131840.0,0.6875,0.6666666666666666
1599,1599.0,1.0,160.0,48.0,112.0,26.3,144.0,48.0,96.0,27.0,226560.0,70016.0,645120.0,215040.0,2.0,0.0,51.0,5.0,0.0,990.0,0.0,5e-05,20000000.0,4531200.0,1400320.0,12902400.0,4300800.0,0.7,0.6666666666666666
1600,1600.0,1.0,160.0,48.0,112.0,26.08,81.0,27.0,54.0,27.0,892224.0,275552.0,935928.0,311976.0,4.0,0.0,51.0,5.0,0.0,2320.0,0.0,5e-05,20000000.0,17844480.0,5511040.0,18718560.0,6239520.0,0.7,0.6666666666666666
1601,1601.0,1.0,160.0,60.0,100.0,23.5,144.0,48.0,96.0,27.0,187744.0,62688.0,645120.0,215040.0,2.0,0.0,51.0,5.0,0.0,2450.0,0.0,5e-05,20000000.0,3754880.0,1253760.0,12902400.0,4300800.0,0.625,0.6666666666666666
1602,1602.0,1.0,160.0,56.0,104.0,22.9,144.0,59.0,85.0,19.61,187968.0,57664.0,345384.0,125312.0,2.0,0.0,51.0,5.0,0.0,4090.0,0.0,5e-05,20000000.0,3759360.0,1153280.0,6907680.0,2506240.0,0.65,0.5902777777777778
1603,1603.0,1.0,160.0,48.0,112.0,26.3,144.0,48.0,96.0,27.0,226560.0,70016.0,645120.0,215040.0,2.0,0.0,51.0,5.0,0.0,2140.0,0.0,5e-05,20000000.0,4531200.0,1400320.0,12902400.0,4300800.0,0.7,0.6666666666666666
1604,1604.0,1.0,160.0,48.0,112.0,25.3,81.0,27.0,54.0,24.0,865984.0,268992.0,671456.0,193088.0,4.0,0.0,51.0,5.0,0.0,1340.0,0.0,5e-05,20000000.0,17319680.0,5379840.0,13429120.0,3861760.0,0.7,0.6666666666666666
1605,1605.0,1.0,80.0,25.0,55.0,26.0,18.0,6.0,12.0,27.0,2292120.0,722208.0,1069776.0,356592.0,14.0,0.0,51.0,5.0,0.0,3980.0,0.0,5e-05,20000000.0,45842400.0,14444160.0,21395520.0,7131840.0,0.6875,0.6666666666666666
1606,1606.0,1.0,160.0,48.0,112.0,24.77,81.0,28.0,53.0,15.91,892224.0,275552.0,107304.0,65944.0,4.0,0.0,51.0,5.0,0.0,4410.0,0.0,5e-05,20000000.0,17844480.0,5511040.0,2146080.0,1318880.0,0.7,0.654320987654321
1607,1607.0,1.0,160.0,52.0,108.0,22.6,81.0,29.0,52.0,16.25,690376.0,194728.0,249408.0,92368.0,4.0,0.0,51.0,5.0,0.0,4330.0,0.0,5e-05,20000000.0,13807520.0,3894560.0,4988160.0,1847360.0,0.675,0.6419753086419753
1608,1608.0,1.0,160.0,48.0,112.0,25.6,144.0,48.0,96.0,22.69,226560.0,70016.0,414888.0,115128.0,2.0,0.0,51.0,5.0,0.0,4110.0,0.0,5e-05,20000000.0,4531200.0,1400320.0,8297760.0,2302560.0,0.7,0.6666666666666666
1609,1609.0,1.0,80.0,25.0,55.0,25.29,18.0,6.0,12.0,27.0,2318768.0,669864.0,1069776.0,356592.0,14.0,0.0,51.0,5.0,0.0,2930.0,0.0,5e-05,20000000.0,46375360.0,13397280.0,21395520.0,7131840.0,0.6875,0.6666666666666666
1610,1610.0,1.0,160.0,48.0,112.0,26.3,144.0,48.0,96.0,27.0,226560.0,70016.0,645120.0,215040.0,2.0,0.0,51.0,5.0,0.0,380.0,0.0,5e-05,20000000.0,4531200.0,1400320.0,12902400.0,4300800.0,0.7,0.6666666666666666
1611,1611.0,1.0,160.0,48.0,112.0,26.2,144.0,54.0,90.0,21.08,219904.0,68352.0,419232.0,128976.0,2.0,0.0,51.0,5.0,0.0,3610.0,0.0,5e-05,20000000.0,4398080.0,1367040.0,8384640.0,2579520.0,0.7,0.625
1612,1612.0,1.0,80.0,24.0,56.0,25.06,18.0,6.0,12.0,24.0,2242712.0,668880.0,609232.0,241456.0,14.0,0.0,51.0,5.0,0.0,3670.0,0.0,5e-05,20000000.0,44854240.0,13377600.0,12184640.0,4829120.0,0.7,0.6666666666666666
1613,1613.0,1.0,160.0,61.0,99.0,23.6,144.0,48.0,96.0,27.0,196008.0,66024.0,645120.0,215040.0,2.0,0.0,51.0,5.0,0.0,1970.0,0.0,5e-05,20000000.0,3920160.0,1320480.0,12902400.0,4300800.0,0.61875,0.6666666666666666
1614,1614.0,1.0,145.0,46.0,99.0,26.28,45.0,15.0,30.0,27.0,2182272.0,706920.0,1099368.0,366456.0,7.0,0.0,51.0,5.0,0.0,380.0,0.0,5e-05,20000000.0,43645440.0,14138400.0,21987360.0,7329120.0,0.6827586206896552,0.6666666666666666
1615,1615.0,1.0,145.0,45.0,100.0,26.17,45.0,15.0,30.0,27.0,2120832.0,673632.0,1099368.0,366456.0,7.0,0.0,51.0,5.0,0.0,240.0,0.0,5e-05,20000000.0,42416640.0,13472640.0,21987360.0,7329120.0,0.6896551724137931,0.6666666666666666
1616,1616.0,1.0,145.0,45.0,100.0,24.51,45.0,15.0,30.0,27.0,1864032.0,536672.0,1099368.0,366456.0,7.0,0.0,51.0,5.0,0.0,3560.0,0.0,5e-05,20000000.0,37280640.0,10733440.0,21987360.0,7329120.0,0.6896551724137931,0.6666666666666666
1617,1617.0,1.0,80.0,24.0,56.0,22.31,18.0,6.0,12.0,18.22,1868120.0,550384.0,494096.0,126320.0,14.0,0.0,51.0,5.0,0.0,3600.0,0.0,5e-05,20000000.0,37362400.0,11007680.0,9881920.0,2526400.0,0.7,0.6666666666666666
1618,1618.0,1.0,145.0,46.0,99.0,25.27,45.0,15.0,30.0,24.0,2103712.0,674440.0,1010976.0,275424.0,7.0,0.0,51.0,5.0,0.0,1370.0,0.0,5e-05,20000000.0,42074240.0,13488800.0,20219520.0,5508480.0,0.6827586206896552,0.6666666666666666
1619,1619.0,1.0,160.0,55.0,105.0,23.25,81.0,27.0,54.0,27.0,578144.0,206264.0,935928.0,311976.0,4.0,0.0,51.0,5.0,0.0,2550.0,0.0,5e-05,20000000.0,11562880.0,4125280.0,18718560.0,6239520.0,0.65625,0.6666666666666666
1620,1620.0,1.0,160.0,48.0,112.0,23.0,81.0,29.0,52.0,17.57,830272.0,260064.0,328320.0,124496.0,4.0,0.0,51.0,5.0,0.0,4040.0,0.0,5e-05,20000000.0,16605440.0,5201280.0,6566400.0,2489920.0,0.7,0.6419753086419753
1621,1621.0,1.0,160.0,48.0,112.0,25.85,81.0,27.0,54.0,21.84,865984.0,268992.0,557728.0,193088.0,4.0,0.0,51.0,5.0,0.0,4820.0,0.0,5e-05,20000000.0,17319680.0,5379840.0,11154560.0,3861760.0,0.7,0.6666666666666666
1622,1622.0,1.0,145.0,49.0,96.0,23.14,45.0,16.0,29.0,21.04,1932512.0,608384.0,800472.0,276312.0,7.0,0.0,51.0,5.0,0.0,2390.0,0.0,5e-05,20000000.0,38650240.0,12167680.0,16009440.0,5526240.0,0.6620689655172414,0.6444444444444445
1623,1623.0,1.0,160.0,48.0,112.0,26.3,144.0,48.0,96.0,27.0,226560.0,70016.0,645120.0,215040.0,2.0,0.0,51.0,5.0,0.0,2880.0,0.0,5e-05,20000000.0,4531200.0,1400320.0,12902400.0,4300800.0,0.7,0.6666666666666666
1624,1624.0,1.0,80.0,25.0,55.0,26.21,18.0,6.0,12.0,27.0,2476440.0,768288.0,1069776.0,356592.0,14.0,0.0,51.0,5.0,0.0,1110.0,0.0,5e-05,20000000.0,49528800.0,15365760.0,21395520.0,7131840.0,0.6875,0.6666666666666666
1625,1625.0,1.0,160.0,48.0,112.0,25.15,81.0,28.0,53.0,20.67,865984.0,268992.0,408800.0,105672.0,4.0,0.0,51.0,5.0,0.0,3360.0,0.0,5e-05,20000000.0,17319680.0,5379840.0,8176000.0,2113440.0,0.7,0.654320987654321
1626,1626.0,1.0,160.0,48.0,112.0,26.2,144.0,48.0,96.0,27.0,219904.0,68352.0,645120.0,215040.0,2.0,0.0,51.0,5.0,0.0,2470.0,0.0,5e-05,20000000.0,4398080.0,1367040.0,12902400.0,4300800.0,0.7,0.6666666666666666
1627,1627.0,1.0,80.0,25.0,55.0,20.27,18.0,6.0,12.0,12.22,1780896.0,584608.0,148688.0,126320.0,14.0,0.0,51.0,5.0,0.0,4020.0,0.0,5e-05,20000000.0,35617920.0,11692160.0,2973760.0,2526400.0,0.6875,0.6666666666666666
1628,1628.0,1.0,160.0,48.0,112.0,25.95,81.0,27.0,54.0,27.0,865984.0,268992.0,935928.0,311976.0,4.0,0.0,51.0,5.0,0.0,3330.0,0.0,5e-05,20000000.0,17319680.0,5379840.0,18718560.0,6239520.0,0.7,0.6666666666666666
1629,1629.0,1.0,80.0,25.0,55.0,24.95,18.0,6.0,12.0,24.0,2378016.0,669864.0,954640.0,241456.0,14.0,0.0,51.0,5.0,0.0,2830.0,0.0,5e-05,20000000.0,47560320.0,13397280.0,19092800.0,4829120.0,0.6875,0.6666666666666666
1630,1630.0,1.0,80.0,26.0,54.0,24.44,18.0,6.0,12.0,27.0,1889480.0,632488.0,1069776.0,356592.0,14.0,0.0,51.0,5.0,0.0,2190.0,0.0,5e-05,20000000.0,37789600.0,12649760.0,21395520.0,7131840.0,0.675,0.6666666666666666
1631,1631.0,1.0,160.0,62.0,98.0,20.7,144.0,59.0,85.0,19.44,162376.0,59288.0,362760.0,125312.0,2.0,0.0,51.0,5.0,0.0,3040.0,0.0,5e-05,20000000.0,3247520.0,1185760.0,7255200.0,2506240.0,0.6125,0.5902777777777778
1632,1632.0,1.0,80.0,25.0,55.0,22.35,18.0,6.0,12.0,24.0,2102816.0,532264.0,954640.0,241456.0,14.0,0.0,51.0,5.0,0.0,4240.0,0.0,5e-05,20000000.0,42056320.0,10645280.0,19092800.0,4829120.0,0.6875,0.6666666666666666
1633,1633.0,1.0,80.0,25.0,55.0,22.85,18.0,6.0,12.0,27.0,1651808.0,552336.0,1069776.0,356592.0,14.0,0.0,51.0,5.0,0.0,4560.0,0.0,5e-05,20000000.0,33036160.0,11046720.0,21395520.0,7131840.0,0.6875,0.6666666666666666
1634,1634.0,1.0,80.0,25.0,55.0,26.3,18.0,6.0,12.0,27.0,2476440.0,768288.0,1069776.0,356592.0,14.0,0.0,51.0,5.0,0.0,380.0,0.0,5e-05,20000000.0,49528800.0,15365760.0,21395520.0,7131840.0,0.6875,0.6666666666666666
1635,1635.0,1.0,160.0,57.0,103.0,23.5,144.0,48.0,96.0,27.0,160408.0,57672.0,645120.0,215040.0,2.0,0.0,51.0,5.0,0.0,4140.0,0.0,5e-05,20000000.0,3208160.0,1153440.0,12902400.0,4300800.0,0.64375,0.6666666666666666
1636,1636.0,1.0,160.0,48.0,112.0,24.9,144.0,53.0,91.0,17.46,226560.0,70016.0,254160.0,76712.0,2.0,0.0,51.0,5.0,0.0,4410.0,0.0,5e-05,20000000.0,4531200.0,1400320.0,5083200.0,1534240.0,0.7,0.6319444444444444
1637,1637.0,1.0,145.0,45.0,100.0,25.16,45.0,15.0,30.0,24.0,2096672.0,603392.0,981200.0,248288.0,7.0,0.0,51.0,5.0,0.0,3190.0,0.0,5e-05,20000000.0,41933440.0,12067840.0,19624000.0,4965760.0,0.6896551724137931,0.6666666666666666
1638,1638.0,1.0,160.0,48.0,112.0,26.3,144.0,48.0,96.0,27.0,226560.0,70016.0,645120.0,215040.0,2.0,0.0,51.0,5.0,0.0,560.0,0.0,5e-05,20000000.0,4531200.0,1400320.0,12902400.0,4300800.0,0.7,0.6666666666666666
1639,1639.0,1.0,160.0,48.0,112.0,25.3,81.0,28.0,53.0,21.15,865984.0,268992.0,486664.0,166936.0,4.0,0.0,51.0,5.0,0.0,3730.0,0.0,5e-05,20000000.0,17319680.0,5379840.0,9733280.0,3338720.0,0.7,0.654320987654321
1640,1640.0,1.0,145.0,46.0,99.0,25.97,45.0,15.0,30.0,27.0,2028672.0,668520.0,1099368.0,366456.0,7.0,0.0,51.0,5.0,0.0,660.0,0.0,5e-05,20000000.0,40573440.0,13370400.0,21987360.0,7329120.0,0.6827586206896552,0.6666666666666666
1641,1641.0,1.0,160.0,48.0,112.0,26.2,144.0,48.0,96.0,27.0,219904.0,68352.0,645120.0,215040.0,2.0,0.0,51.0,5.0,0.0,240.0,0.0,5e-05,20000000.0,4398080.0,1367040.0,12902400.0,4300800.0,0.7,0.6666666666666666
1642,1642.0,1.0,80.0,24.0,56.0,16.84,18.0,6.0,12.0,24.0,1318688.0,334432.0,954640.0,241456.0,14.0,0.0,51.0,5.0,0.0,3650.0,0.0,5e-05,20000000.0,26373760.0,6688640.0,19092800.0,4829120.0,0.7,0.6666666666666666
1643,1643.0,1.0,160.0,60.0,100.0,22.3,144.0,48.0,96.0,24.0,180064.0,60768.0,484392.0,145536.0,2.0,0.0,51.0,5.0,0.0,3050.0,0.0,5e-05,20000000.0,3601280.0,1215360.0,9687840.0,2910720.0,0.625,0.6666666666666666
1644,1644.0,1.0,160.0,48.0,112.0,25.4,144.0,60.0,84.0,14.99,219904.0,68352.0,271536.0,90696.0,2.0,0.0,51.0,5.0,0.0,3720.0,0.0,5e-05,20000000.0,4398080.0,1367040.0,5430720.0,1813920.0,0.7,0.5833333333333334
1645,1645.0,1.0,145.0,45.0,100.0,20.05,45.0,15.0,30.0,21.53,1093632.0,416832.0,626696.0,248288.0,7.0,0.0,51.0,5.0,0.0,4800.0,0.0,5e-05,20000000.0,21872640.0,8336640.0,12533920.0,4965760.0,0.6896551724137931,0.6666666666666666
1646,1646.0,1.0,80.0,25.0,55.0,25.66,18.0,6.0,12.0,27.0,2281888.0,709856.0,1069776.0,356592.0,14.0,0.0,51.0,5.0,0.0,2440.0,0.0,5e-05,20000000.0,45637760.0,14197120.0,21395520.0,7131840.0,0.6875,0.6666666666666666
1647,1647.0,1.0,160.0,48.0,112.0,26.2,144.0,48.0,96.0,27.0,219904.0,68352.0,645120.0,215040.0,2.0,0.0,51.0,5.0,0.0,3790.0,0.0,5e-05,20000000.0,4398080.0,1367040.0,12902400.0,4300800.0,0.7,0.6666666666666666
1648,1648.0,1.0,80.0,25.0,55.0,21.91,18.0,6.0,12.0,18.0,1514208.0,453912.0,494096.0,126320.0,14.0,0.0,51.0,5.0,0.0,4070.0,0.0,5e-05,20000000.0,30284160.0,9078240.0,9881920.0,2526400.0,0.6875,0.6666666666666666
1649,1649.0,1.0,80.0,25.0,55.0,25.9,18.0,6.0,12.0,27.0,2399416.0,749032.0,1069776.0,356592.0,14.0,0.0,51.0,5.0,0.0,2470.0,0.0,5e-05,20000000.0,47988320.0,14980640.0,21395520.0,7131840.0,0.6875,0.6666666666666666
1650,1650.0,1.0,160.0,68.0,92.0,18.34,144.0,62.0,82.0,21.0,133072.0,42296.0,480048.0,138752.0,2.0,0.0,51.0,5.0,0.0,1400.0,0.0,5e-05,20000000.0,2661440.0,845920.0,9600960.0,2775040.0,0.575,0.5694444444444444
1651,1651.0,1.0,160.0,51.0,109.0,21.86,81.0,27.0,54.0,27.0,554992.0,186576.0,935928.0,311976.0,4.0,0.0,51.0,5.0,0.0,4850.0,0.0,5e-05,20000000.0,11099840.0,3731520.0,18718560.0,6239520.0,0.68125,0.6666666666666666
1652,1652.0,1.0,160.0,48.0,112.0,26.2,144.0,48.0,96.0,27.0,219904.0,68352.0,645120.0,215040.0,2.0,0.0,51.0,5.0,0.0,1480.0,0.0,5e-05,20000000.0,4398080.0,1367040.0,12902400.0,4300800.0,0.7,0.6666666666666666
1653,1653.0,1.0,160.0,48.0,112.0,26.12,81.0,27.0,54.0,27.0,892224.0,275552.0,935928.0,311976.0,4.0,0.0,51.0,5.0,0.0,3430.0,0.0,5e-05,20000000.0,17844480.0,5511040.0,18718560.0,6239520.0,0.7,0.6666666666666666
1654,1654.0,1.0,80.0,25.0,55.0,21.68,18.0,6.0,12.0,24.0,1230496.0,447008.0,609232.0,241456.0,14.0,0.0,51.0,5.0,0.0,4500.0,0.0,5e-05,20000000.0,24609920.0,8940160.0,12184640.0,4829120.0,0.6875,0.6666666666666666
1655,1655.0,1.0,145.0,48.0,97.0,21.8,45.0,15.0,30.0,24.0,1281952.0,436376.0,626696.0,248288.0,7.0,0.0,51.0,5.0,0.0,2610.0,0.0,5e-05,20000000.0,25639040.0,8727520.0,12533920.0,4965760.0,0.6689655172413793,0.6666666666666666
1656,1656.0,1.0,80.0,25.0,55.0,24.16,18.0,6.0,12.0,24.0,2162064.0,630688.0,609232.0,241456.0,14.0,0.0,51.0,5.0,0.0,2690.0,0.0,5e-05,20000000.0,43241280.0,12613760.0,12184640.0,4829120.0,0.6875,0.6666666666666666
1657,1657.0,1.0,160.0,48.0,112.0,26.0,144.0,48.0,96.0,27.0,212224.0,66432.0,645120.0,215040.0,2.0,0.0,51.0,5.0,0.0,20.0,0.0,5e-05,20000000.0,4244480.0,1328640.0,12902400.0,4300800.0,0.7,0.6666666666666666
1658,1658.0,1.0,145.0,45.0,100.0,24.87,45.0,15.0,30.0,24.0,2018112.0,588032.0,981200.0,248288.0,7.0,0.0,51.0,5.0,0.0,4470.0,0.0,5e-05,20000000.0,40362240.0,11760640.0,19624000.0,4965760.0,0.6896551724137931,0.6666666666666666
1659,1659.0,1.0,160.0,51.0,109.0,22.68,81.0,27.0,54.0,24.11,708488.0,193096.0,541464.0,213360.0,4.0,0.0,51.0,5.0,0.0,4450.0,0.0,5e-05,20000000.0,14169760.0,3861920.0,10829280.0,4267200.0,0.68125,0.6666666666666666
1660,1660.0,1.0,160.0,62.0,98.0,23.6,144.0,48.0,96.0,27.0,191184.0,67696.0,645120.0,215040.0,2.0,0.0,51.0,5.0,0.0,910.0,0.0,5e-05,20000000.0,3823680.0,1353920.0,12902400.0,4300800.0,0.6125,0.6666666666666666
1661,1661.0,1.0,160.0,48.0,112.0,26.04,81.0,27.0,54.0,24.0,892224.0,275552.0,835232.0,211280.0,4.0,0.0,51.0,5.0,0.0,3130.0,0.0,5e-05,20000000.0,17844480.0,5511040.0,16704640.0,4225600.0,0.7,0.6666666666666666
1662,1662.0,1.0,160.0,48.0,112.0,26.3,144.0,48.0,96.0,24.0,226560.0,70016.0,575616.0,145536.0,2.0,0.0,51.0,5.0,0.0,100.0,0.0,5e-05,20000000.0,4531200.0,1400320.0,11512320.0,2910720.0,0.7,0.6666666666666666
1663,1663.0,1.0,80.0,25.0,55.0,25.2,18.0,6.0,12.0,27.0,2318768.0,669864.0,1069776.0,356592.0,14.0,0.0,51.0,5.0,0.0,2660.0,0.0,5e-05,20000000.0,46375360.0,13397280.0,21395520.0,7131840.0,0.6875,0.6666666666666666
1664,1664.0,1.0,160.0,60.0,100.0,19.24,144.0,48.0,96.0,21.11,136512.0,35408.0,303232.0,77440.0,2.0,0.0,51.0,5.0,0.0,4060.0,0.0,5e-05,20000000.0,2730240.0,708160.0,6064640.0,1548800.0,0.625,0.6666666666666666
1665,1665.0,1.0,160.0,54.0,106.0,23.34,81.0,27.0,54.0,27.0,725776.0,211152.0,935928.0,311976.0,4.0,0.0,51.0,5.0,0.0,3140.0,0.0,5e-05,20000000.0,14515520.0,4223040.0,18718560.0,6239520.0,0.6625,0.6666666666666666
1666,1666.0,1.0,160.0,48.0,112.0,26.3,144.0,48.0,96.0,27.0,226560.0,70016.0,645120.0,215040.0,2.0,0.0,51.0,5.0,0.0,350.0,0.0,5e-05,20000000.0,4531200.0,1400320.0,12902400.0,4300800.0,0.7,0.6666666666666666
1667,1667.0,1.0,80.0,25.0,55.0,26.21,18.0,6.0,12.0,27.0,2476440.0,768288.0,1069776.0,356592.0,14.0,0.0,51.0,5.0,0.0,1030.0,0.0,5e-05,20000000.0,49528800.0,15365760.0,21395520.0,7131840.0,0.6875,0.6666666666666666
1668,1668.0,1.0,160.0,48.0,112.0,26.12,81.0,30.0,51.0,16.2,892224.0,275552.0,466832.0,128480.0,4.0,0.0,51.0,5.0,0.0,3120.0,0.0,5e-05,20000000.0,17844480.0,5511040.0,9336640.0,2569600.0,0.7,0.6296296296296297
1669,1669.0,1.0,145.0,45.0,100.0,26.28,45.0,15.0,30.0,27.0,2182272.0,688992.0,1099368.0,366456.0,7.0,0.0,51.0,5.0,0.0,860.0,0.0,5e-05,20000000.0,43645440.0,13779840.0,21987360.0,7329120.0,0.6896551724137931,0.6666666666666666
1670,1670.0,1.0,80.0,26.0,54.0,25.79,18.0,6.0,12.0,27.0,2437264.0,770088.0,1069776.0,356592.0,14.0,0.0,51.0,5.0,0.0,80.0,0.0,5e-05,20000000.0,48745280.0,15401760.0,21395520.0,7131840.0,0.675,0.6666666666666666
1671,1671.0,1.0,160.0,48.0,112.0,25.9,81.0,27.0,54.0,24.0,865984.0,268992.0,786704.0,202184.0,4.0,0.0,51.0,5.0,0.0,1510.0,0.0,5e-05,20000000.0,17319680.0,5379840.0,15734080.0,4043680.0,0.7,0.6666666666666666
1672,1672.0,1.0,80.0,24.0,56.0,24.96,18.0,6.0,12.0,24.0,2242712.0,668880.0,609232.0,241456.0,14.0,0.0,51.0,5.0,0.0,3740.0,0.0,5e-05,20000000.0,44854240.0,13377600.0,12184640.0,4829120.0,0.7,0.6666666666666666
1673,1673.0,1.0,145.0,45.0,100.0,22.96,45.0,15.0,30.0,21.2,1813568.0,519776.0,636232.0,250672.0,7.0,0.0,51.0,5.0,0.0,3380.0,0.0,5e-05,20000000.0,36271360.0,10395520.0,12724640.0,5013440.0,0.6896551724137931,0.6666666666666666
1674,1674.0,1.0,160.0,48.0,112.0,26.2,144.0,48.0,96.0,27.0,219904.0,68352.0,645120.0,215040.0,2.0,0.0,51.0,5.0,0.0,1190.0,0.0,5e-05,20000000.0,4398080.0,1367040.0,12902400.0,4300800.0,0.7,0.6666666666666666
1675,1675.0,1.0,145.0,45.0,100.0,25.25,45.0,15.0,30.0,24.0,2113792.0,620512.0,981200.0,248288.0,7.0,0.0,51.0,5.0,0.0,1890.0,0.0,5e-05,20000000.0,42275840.0,12410240.0,19624000.0,4965760.0,0.6896551724137931,0.6666666666666666
1676,1676.0,1.0,160.0,55.0,105.0,22.45,81.0,27.0,54.0,24.0,707664.0,212784.0,619880.0,193088.0,4.0,0.0,51.0,5.0,0.0,3350.0,0.0,5e-05,20000000.0,14153280.0,4255680.0,12397600.0,3861760.0,0.65625,0.6666666666666666
1677,1677.0,1.0,145.0,47.0,98.0,24.23,45.0,15.0,30.0,27.0,1583072.0,536528.0,1099368.0,366456.0,7.0,0.0,51.0,5.0,0.0,2790.0,0.0,5e-05,20000000.0,31661440.0,10730560.0,21987360.0,7329120.0,0.6758620689655173,0.6666666666666666
1678,1678.0,1.0,160.0,56.0,104.0,18.27,81.0,27.0,54.0,21.27,434432.0,153184.0,475040.0,154064.0,4.0,0.0,51.0,5.0,0.0,3520.0,0.0,5e-05,20000000.0,8688640.0,3063680.0,9500800.0,3081280.0,0.65,0.6666666666666666
1679,1679.0,1.0,160.0,61.0,99.0,20.04,144.0,57.0,87.0,19.58,168448.0,43456.0,388824.0,107664.0,2.0,0.0,51.0,5.0,0.0,2360.0,0.0,5e-05,20000000.0,3368960.0,869120.0,7776480.0,2153280.0,0.61875,0.6041666666666666
1680,1680.0,1.0,145.0,46.0,99.0,25.97,45.0,15.0,30.0,27.0,2028672.0,668520.0,1099368.0,366456.0,7.0,0.0,51.0,5.0,0.0,570.0,0.0,5e-05,20000000.0,40573440.0,13370400.0,21987360.0,7329120.0,0.6827586206896552,0.6666666666666666
1681,1681.0,1.0,80.0,25.0,55.0,26.0,18.0,6.0,12.0,27.0,2292120.0,722208.0,1069776.0,356592.0,14.0,0.0,51.0,5.0,0.0,690.0,0.0,5e-05,20000000.0,45842400.0,14444160.0,21395520.0,7131840.0,0.6875,0.6666666666666666
1682,1682.0,1.0,80.0,25.0,55.0,19.48,18.0,6.0,12.0,21.22,1375640.0,493088.0,609232.0,241456.0,14.0,0.0,51.0,5.0,0.0,4920.0,0.0,5e-05,20000000.0,27512800.0,9861760.0,12184640.0,4829120.0,0.6875,0.6666666666666666
1683,1683.0,1.0,160.0,48.0,112.0,26.3,144.0,48.0,96.0,27.0,226560.0,70016.0,645120.0,215040.0,2.0,0.0,51.0,5.0,0.0,1960.0,0.0,5e-05,20000000.0,4531200.0,1400320.0,12902400.0,4300800.0,0.7,0.6666666666666666
1684,1684.0,1.0,145.0,46.0,99.0,22.34,45.0,15.0,30.0,24.0,1778432.0,451880.0,981200.0,248288.0,7.0,0.0,51.0,5.0,0.0,4960.0,0.0,5e-05,20000000.0,35568640.0,9037600.0,19624000.0,4965760.0,0.6827586206896552,0.6666666666666666
1685,1685.0,1.0,160.0,48.0,112.0,26.2,144.0,48.0,96.0,27.0,219904.0,68352.0,645120.0,215040.0,2.0,0.0,51.0,5.0,0.0,250.0,0.0,5e-05,20000000.0,4398080.0,1367040.0,12902400.0,4300800.0,0.7,0.6666666666666666
1686,1686.0,1.0,145.0,47.0,98.0,25.13,45.0,15.0,30.0,24.0,1881152.0,623888.0,956704.0,261856.0,7.0,0.0,51.0,5.0,0.0,1510.0,0.0,5e-05,20000000.0,37623040.0,12477760.0,19134080.0,5237120.0,0.6758620689655173,0.6666666666666666
1687,1687.0,1.0,160.0,48.0,112.0,24.6,144.0,61.0,83.0,19.12,219904.0,68352.0,358416.0,112552.0,2.0,0.0,51.0,5.0,0.0,2380.0,0.0,5e-05,20000000.0,4398080.0,1367040.0,7168320.0,2251040.0,0.7,0.5763888888888888
1688,1688.0,1.0,160.0,48.0,112.0,26.3,144.0,48.0,96.0,24.0,226560.0,70016.0,575616.0,145536.0,2.0,0.0,51.0,5.0,0.0,4890.0,0.0,5e-05,20000000.0,4531200.0,1400320.0,11512320.0,2910720.0,0.7,0.6666666666666666
1689,1689.0,1.0,80.0,25.0,55.0,26.0,18.0,6.0,12.0,27.0,2399416.0,749032.0,1069776.0,356592.0,14.0,0.0,51.0,5.0,0.0,260.0,0.0,5e-05,20000000.0,47988320.0,14980640.0,21395520.0,7131840.0,0.6875,0.6666666666666666
1690,1690.0,1.0,160.0,48.0,112.0,25.99,81.0,27.0,54.0,27.0,892224.0,275552.0,935928.0,311976.0,4.0,0.0,51.0,5.0,0.0,270.0,0.0,5e-05,20000000.0,17844480.0,5511040.0,18718560.0,6239520.0,0.7,0.6666666666666666
1691,1691.0,1.0,160.0,48.0,112.0,26.3,144.0,48.0,96.0,27.0,226560.0,70016.0,645120.0,215040.0,2.0,0.0,51.0,5.0,0.0,1050.0,0.0,5e-05,20000000.0,4531200.0,1400320.0,12902400.0,4300800.0,0.7,0.6666666666666666
1692,1692.0,1.0,145.0,46.0,99.0,25.88,45.0,15.0,30.0,27.0,2069472.0,674440.0,1099368.0,366456.0,7.0,0.0,51.0,5.0,0.0,4290.0,0.0,5e-05,20000000.0,41389440.0,13488800.0,21987360.0,7329120.0,0.6827586206896552,0.6666666666666666
1693,1693.0,1.0,160.0,48.0,112.0,25.95,81.0,30.0,51.0,18.12,865984.0,268992.0,498352.0,159408.0,4.0,0.0,51.0,5.0,0.0,3930.0,0.0,5e-05,20000000.0,17319680.0,5379840.0,9967040.0,3188160.0,0.7,0.6296296296296297
1694,1694.0,1.0,160.0,48.0,112.0,26.3,144.0,48.0,96.0,27.0,226560.0,70016.0,645120.0,215040.0,2.0,0.0,51.0,5.0,0.0,2160.0,0.0,5e-05,20000000.0,4531200.0,1400320.0,12902400.0,4300800.0,0.7,0.6666666666666666
1695,1695.0,1.0,160.0,56.0,104.0,20.8,144.0,50.0,94.0,18.6,168448.0,43136.0,401856.0,102368.0,2.0,0.0,51.0,5.0,0.0,4900.0,0.0,5e-05,20000000.0,3368960.0,862720.0,8037120.0,2047360.0,0.65,0.6527777777777778
1696,1696.0,1.0,160.0,48.0,112.0,26.0,144.0,48.0,96.0,27.0,212224.0,66432.0,645120.0,215040.0,2.0,0.0,51.0,5.0,0.0,710.0,0.0,5e-05,20000000.0,4244480.0,1328640.0,12902400.0,4300800.0,0.7,0.6666666666666666
1697,1697.0,1.0,145.0,45.0,100.0,26.28,45.0,15.0,30.0,27.0,2182272.0,688992.0,1099368.0,366456.0,7.0,0.0,51.0,5.0,0.0,950.0,0.0,5e-05,20000000.0,43645440.0,13779840.0,21987360.0,7329120.0,0.6896551724137931,0.6666666666666666
1698,1698.0,1.0,160.0,56.0,104.0,20.8,144.0,48.0,96.0,24.0,137896.0,43136.0,484392.0,145536.0,2.0,0.0,51.0,5.0,0.0,3820.0,0.0,5e-05,20000000.0,2757920.0,862720.0,9687840.0,2910720.0,0.65,0.6666666666666666
1699,1699.0,1.0,80.0,26.0,54.0,25.96,18.0,6.0,12.0,27.0,2437264.0,770088.0,1069776.0,356592.0,14.0,0.0,51.0,5.0,0.0,440.0,0.0,5e-05,20000000.0,48745280.0,15401760.0,21395520.0,7131840.0,0.675,0.6666666666666666
1700,1700.0,1.0,160.0,48.0,112.0,26.3,144.0,48.0,96.0,24.0,226560.0,70016.0,575616.0,145536.0,2.0,0.0,51.0,5.0,0.0,2770.0,0.0,5e-05,20000000.0,4531200.0,1400320.0,11512320.0,2910720.0,0.7,0.6666666666666666
1701,1701.0,1.0,80.0,25.0,55.0,23.56,18.0,6.0,12.0,21.22,2164496.0,631296.0,618128.0,243680.0,14.0,0.0,51.0,5.0,0.0,3380.0,0.0,5e-05,20000000.0,43289920.0,12625920.0,12362560.0,4873600.0,0.6875,0.6666666666666666
1702,1702.0,1.0,80.0,26.0,54.0,24.52,18.0,6.0,12.0,27.0,1889480.0,632488.0,1069776.0,356592.0,14.0,0.0,51.0,5.0,0.0,1940.0,0.0,5e-05,20000000.0,37789600.0,12649760.0,21395520.0,7131840.0,0.675,0.6666666666666666
1703,1703.0,1.0,160.0,48.0,112.0,26.04,81.0,27.0,54.0,27.0,892224.0,275552.0,935928.0,311976.0,4.0,0.0,51.0,5.0,0.0,3150.0,0.0,5e-05,20000000.0,17844480.0,5511040.0,18718560.0,6239520.0,0.7,0.6666666666666666
1704,1704.0,1.0,145.0,45.0,100.0,24.58,45.0,15.0,30.0,21.53,1788512.0,586272.0,626696.0,248288.0,7.0,0.0,51.0,5.0,0.0,3210.0,0.0,5e-05,20000000.0,35770240.0,11725440.0,12533920.0,4965760.0,0.6896551724137931,0.6666666666666666
1705,1705.0,1.0,160.0,48.0,112.0,26.04,81.0,27.0,54.0,27.0,892224.0,275552.0,935928.0,311976.0,4.0,0.0,51.0,5.0,0.0,3870.0,0.0,5e-05,20000000.0,17844480.0,5511040.0,18718560.0,6239520.0,0.7,0.6666666666666666
1706,1706.0,1.0,80.0,24.0,56.0,26.0,18.0,6.0,12.0,27.0,2399416.0,708056.0,1069776.0,356592.0,14.0,0.0,51.0,5.0,0.0,180.0,0.0,5e-05,20000000.0,47988320.0,14161120.0,21395520.0,7131840.0,0.7,0.6666666666666666
1707,1707.0,1.0,145.0,46.0,99.0,20.48,45.0,15.0,30.0,12.11,1538752.0,451880.0,35856.0,11952.0,7.0,0.0,51.0,5.0,0.0,3720.0,0.0,5e-05,20000000.0,30775040.0,9037600.0,717120.0,239040.0,0.6827586206896552,0.6666666666666666
1708,1708.0,1.0,160.0,59.0,101.0,23.34,81.0,27.0,54.0,27.0,680632.0,239072.0,935928.0,311976.0,4.0,0.0,51.0,5.0,0.0,2130.0,0.0,5e-05,20000000.0,13612640.0,4781440.0,18718560.0,6239520.0,0.63125,0.6666666666666666
1709,1709.0,1.0,145.0,46.0,99.0,18.24,45.0,15.0,30.0,24.0,1093632.0,280680.0,981200.0,248288.0,7.0,0.0,51.0,5.0,0.0,3770.0,0.0,5e-05,20000000.0,21872640.0,5613600.0,19624000.0,4965760.0,0.6827586206896552,0.6666666666666666
1710,1710.0,1.0,145.0,46.0,99.0,26.28,45.0,15.0,30.0,27.0,2182272.0,706920.0,1099368.0,366456.0,7.0,0.0,51.0,5.0,0.0,510.0,0.0,5e-05,20000000.0,43645440.0,14138400.0,21987360.0,7329120.0,0.6827586206896552,0.6666666666666666
1711,1711.0,1.0,160.0,48.0,112.0,26.0,81.0,27.0,54.0,24.0,865984.0,268992.0,747272.0,202184.0,4.0,0.0,51.0,5.0,0.0,1610.0,0.0,5e-05,20000000.0,17319680.0,5379840.0,14945440.0,4043680.0,0.7,0.6666666666666666
1712,1712.0,1.0,145.0,44.0,101.0,17.25,45.0,15.0,30.0,9.53,1052352.0,380024.0,142704.0,117432.0,7.0,0.0,51.0,5.0,0.0,3400.0,0.0,5e-05,20000000.0,21047040.0,7600480.0,2854080.0,2348640.0,0.696551724137931,0.6666666666666666
1713,1713.0,1.0,160.0,56.0,104.0,19.62,144.0,48.0,96.0,21.49,142720.0,39920.0,453984.0,119472.0,2.0,0.0,51.0,5.0,0.0,4310.0,0.0,5e-05,20000000.0,2854400.0,798400.0,9079680.0,2389440.0,0.65,0.6666666666666666
1714,1714.0,1.0,160.0,59.0,101.0,23.38,81.0,27.0,54.0,27.0,759032.0,245592.0,935928.0,311976.0,4.0,0.0,51.0,5.0,0.0,1970.0,0.0,5e-05,20000000.0,15180640.0,4911840.0,18718560.0,6239520.0,0.63125,0.6666666666666666
1715,1715.0,1.0,145.0,46.0,99.0,26.17,45.0,15.0,30.0,27.0,2120832.0,691560.0,1099368.0,366456.0,7.0,0.0,51.0,5.0,0.0,1430.0,0.0,5e-05,20000000.0,42416640.0,13831200.0,21987360.0,7329120.0,0.6827586206896552,0.6666666666666666
1716,1716.0,1.0,160.0,48.0,112.0,25.56,81.0,29.0,52.0,18.3,830272.0,260064.0,501216.0,176168.0,4.0,0.0,51.0,5.0,0.0,4520.0,0.0,5e-05,20000000.0,16605440.0,5201280.0,10024320.0,3523360.0,0.7,0.6419753086419753
1717,1717.0,1.0,160.0,48.0,112.0,26.2,144.0,48.0,96.0,23.62,219904.0,68352.0,540864.0,136848.0,2.0,0.0,51.0,5.0,0.0,1300.0,0.0,5e-05,20000000.0,4398080.0,1367040.0,10817280.0,2736960.0,0.7,0.6666666666666666
1718,1718.0,1.0,145.0,45.0,100.0,25.77,45.0,15.0,30.0,27.0,2086592.0,656512.0,1099368.0,366456.0,7.0,0.0,51.0,5.0,0.0,3270.0,0.0,5e-05,20000000.0,41731840.0,13130240.0,21987360.0,7329120.0,0.6896551724137931,0.6666666666666666
1719,1719.0,1.0,160.0,48.0,112.0,25.95,81.0,28.0,53.0,21.0,865984.0,268992.0,506448.0,176032.0,4.0,0.0,51.0,5.0,0.0,3920.0,0.0,5e-05,20000000.0,17319680.0,5379840.0,10128960.0,3520640.0,0.7,0.654320987654321
1720,1720.0,1.0,160.0,56.0,104.0,20.66,81.0,27.0,54.0,27.0,559536.0,197168.0,935928.0,311976.0,4.0,0.0,51.0,5.0,0.0,3640.0,0.0,5e-05,20000000.0,11190720.0,3943360.0,18718560.0,6239520.0,0.65,0.6666666666666666
1721,1721.0,1.0,145.0,46.0,99.0,26.17,45.0,15.0,30.0,27.0,2120832.0,691560.0,1099368.0,366456.0,7.0,0.0,51.0,5.0,0.0,1450.0,0.0,5e-05,20000000.0,42416640.0,13831200.0,21987360.0,7329120.0,0.6827586206896552,0.6666666666666666
1722,1722.0,1.0,80.0,25.0,55.0,26.21,18.0,6.0,12.0,27.0,2476440.0,768288.0,1069776.0,356592.0,14.0,0.0,51.0,5.0,0.0,1050.0,0.0,5e-05,20000000.0,49528800.0,15365760.0,21395520.0,7131840.0,0.6875,0.6666666666666666
1723,1723.0,1.0,160.0,60.0,100.0,20.95,144.0,48.0,96.0,24.0,168448.0,43392.0,575616.0,145536.0,2.0,0.0,51.0,5.0,0.0,2540.0,0.0,5e-05,20000000.0,3368960.0,867840.0,11512320.0,2910720.0,0.625,0.6666666666666666
1724,1724.0,1.0,145.0,45.0,100.0,25.27,45.0,15.0,30.0,24.0,2052352.0,656512.0,774672.0,275424.0,7.0,0.0,51.0,5.0,0.0,3670.0,0.0,5e-05,20000000.0,41047040.0,13130240.0,15493440.0,5508480.0,0.6896551724137931,0.6666666666666666
1725,1725.0,1.0,80.0,25.0,55.0,24.24,18.0,6.0,12.0,21.22,1965216.0,630688.0,609232.0,241456.0,14.0,0.0,51.0,5.0,0.0,1800.0,0.0,5e-05,20000000.0,39304320.0,12613760.0,12184640.0,4829120.0,0.6875,0.6666666666666666
1726,1726.0,1.0,80.0,25.0,55.0,26.0,18.0,6.0,12.0,27.0,2292120.0,722208.0,1069776.0,356592.0,14.0,0.0,51.0,5.0,0.0,780.0,0.0,5e-05,20000000.0,45842400.0,14444160.0,21395520.0,7131840.0,0.6875,0.6666666666666666
1727,1727.0,1.0,160.0,59.0,101.0,19.99,81.0,28.0,53.0,22.33,509736.0,164968.0,728896.0,184832.0,4.0,0.0,51.0,5.0,0.0,1700.0,0.0,5e-05,20000000.0,10194720.0,3299360.0,14577920.0,3696640.0,0.63125,0.654320987654321
1728,1728.0,1.0,160.0,59.0,101.0,23.6,144.0,48.0,96.0,27.0,192792.0,62680.0,645120.0,215040.0,2.0,0.0,51.0,5.0,0.0,3140.0,0.0,5e-05,20000000.0,3855840.0,1253600.0,12902400.0,4300800.0,0.63125,0.6666666666666666
1729,1729.0,1.0,160.0,48.0,112.0,26.3,144.0,48.0,96.0,24.0,226560.0,70016.0,575616.0,145536.0,2.0,0.0,51.0,5.0,0.0,2890.0,0.0,5e-05,20000000.0,4531200.0,1400320.0,11512320.0,2910720.0,0.7,0.6666666666666666
1730,1730.0,1.0,145.0,46.0,99.0,13.52,45.0,15.0,30.0,8.69,734112.0,195080.0,35856.0,11952.0,7.0,0.0,51.0,5.0,0.0,3710.0,0.0,5e-05,20000000.0,14682240.0,3901600.0,717120.0,239040.0,0.6827586206896552,0.6666666666666666
1731,1731.0,1.0,80.0,25.0,55.0,22.86,18.0,6.0,12.0,18.22,1820072.0,584608.0,609232.0,241456.0,14.0,0.0,51.0,5.0,0.0,4520.0,0.0,5e-05,20000000.0,36401440.0,11692160.0,12184640.0,4829120.0,0.6875,0.6666666666666666
1732,1732.0,1.0,160.0,48.0,112.0,26.3,144.0,48.0,96.0,27.0,226560.0,70016.0,645120.0,215040.0,2.0,0.0,51.0,5.0,0.0,1110.0,0.0,5e-05,20000000.0,4531200.0,1400320.0,12902400.0,4300800.0,0.7,0.6666666666666666
1733,1733.0,1.0,145.0,45.0,100.0,26.28,45.0,15.0,30.0,27.0,2182272.0,688992.0,1099368.0,366456.0,7.0,0.0,51.0,5.0,0.0,1780.0,0.0,5e-05,20000000.0,43645440.0,13779840.0,21987360.0,7329120.0,0.6896551724137931,0.6666666666666666
1734,1734.0,1.0,160.0,48.0,112.0,26.08,81.0,27.0,54.0,24.0,892224.0,275552.0,747272.0,202184.0,4.0,0.0,51.0,5.0,0.0,1910.0,0.0,5e-05,20000000.0,17844480.0,5511040.0,14945440.0,4043680.0,0.7,0.6666666666666666
1735,1735.0,1.0,160.0,59.0,101.0,19.8,81.0,30.0,51.0,19.77,665248.0,171488.0,487664.0,132824.0,4.0,0.0,51.0,5.0,0.0,2360.0,0.0,5e-05,20000000.0,13304960.0,3429760.0,9753280.0,2656480.0,0.63125,0.6296296296296297
1736,1736.0,1.0,160.0,59.0,101.0,22.82,144.0,48.0,96.0,27.0,179928.0,62680.0,645120.0,215040.0,2.0,0.0,51.0,5.0,0.0,3160.0,0.0,5e-05,20000000.0,3598560.0,1253600.0,12902400.0,4300800.0,0.63125,0.6666666666666666
1737,1737.0,1.0,145.0,48.0,97.0,21.99,45.0,15.0,30.0,24.0,1240672.0,468856.0,626696.0,248288.0,7.0,0.0,51.0,5.0,0.0,2910.0,0.0,5e-05,20000000.0,24813440.0,9377120.0,12533920.0,4965760.0,0.6689655172413793,0.6666666666666666
1738,1738.0,1.0,80.0,25.0,55.0,22.2,18.0,6.0,12.0,24.0,1375640.0,493088.0,609232.0,241456.0,14.0,0.0,51.0,5.0,0.0,3100.0,0.0,5e-05,20000000.0,27512800.0,9861760.0,12184640.0,4829120.0,0.6875,0.6666666666666666
1739,1739.0,1.0,160.0,48.0,112.0,25.95,81.0,27.0,54.0,27.0,865984.0,268992.0,935928.0,311976.0,4.0,0.0,51.0,5.0,0.0,1420.0,0.0,5e-05,20000000.0,17319680.0,5379840.0,18718560.0,6239520.0,0.7,0.6666666666666666
1740,1740.0,1.0,145.0,45.0,100.0,26.28,45.0,15.0,30.0,27.0,2182272.0,688992.0,1099368.0,366456.0,7.0,0.0,51.0,5.0,0.0,1150.0,0.0,5e-05,20000000.0,43645440.0,13779840.0,21987360.0,7329120.0,0.6896551724137931,0.6666666666666666
1741,1741.0,1.0,145.0,45.0,100.0,22.12,45.0,15.0,30.0,27.0,1384672.0,485312.0,1099368.0,366456.0,7.0,0.0,51.0,5.0,0.0,3280.0,0.0,5e-05,20000000.0,27693440.0,9706240.0,21987360.0,7329120.0,0.6896551724137931,0.6666666666666666
1742,1742.0,1.0,145.0,46.0,99.0,24.31,45.0,15.0,30.0,24.0,1949632.0,554600.0,981200.0,248288.0,7.0,0.0,51.0,5.0,0.0,1240.0,0.0,5e-05,20000000.0,38992640.0,11092000.0,19624000.0,4965760.0,0.6827586206896552,0.6666666666666666
1743,1743.0,1.0,160.0,48.0,112.0,25.95,81.0,27.0,54.0,24.0,865984.0,268992.0,655376.0,202184.0,4.0,0.0,51.0,5.0,0.0,2410.0,0.0,5e-05,20000000.0,17319680.0,5379840.0,13107520.0,4043680.0,0.7,0.6666666666666666
1744,1744.0,1.0,160.0,62.0,98.0,21.32,144.0,48.0,96.0,27.0,152592.0,56440.0,645120.0,215040.0,2.0,0.0,51.0,5.0,0.0,4990.0,0.0,5e-05,20000000.0,3051840.0,1128800.0,12902400.0,4300800.0,0.6125,0.6666666666666666
1745,1745.0,1.0,145.0,46.0,99.0,22.58,45.0,15.0,30.0,19.56,1908832.0,634280.0,626696.0,248288.0,7.0,0.0,51.0,5.0,0.0,4040.0,0.0,5e-05,20000000.0,38176640.0,12685600.0,12533920.0,4965760.0,0.6827586206896552,0.6666666666666666
1746,1746.0,1.0,160.0,57.0,103.0,21.18,81.0,28.0,53.0,19.25,570776.0,207200.0,432792.0,157840.0,4.0,0.0,51.0,5.0,0.0,3030.0,0.0,5e-05,20000000.0,11415520.0,4144000.0,8655840.0,3156800.0,0.64375,0.654320987654321
1747,1747.0,1.0,145.0,45.0,100.0,23.59,45.0,15.0,30.0,24.0,1778432.0,502432.0,626696.0,248288.0,7.0,0.0,51.0,5.0,0.0,3350.0,0.0,5e-05,20000000.0,35568640.0,10048640.0,12533920.0,4965760.0,0.6896551724137931,0.6666666666666666
1748,1748.0,1.0,80.0,24.0,56.0,19.49,18.0,6.0,12.0,21.0,1298616.0,432856.0,609232.0,241456.0,14.0,0.0,51.0,5.0,0.0,4910.0,0.0,5e-05,20000000.0,25972320.0,8657120.0,12184640.0,4829120.0,0.7,0.6666666666666666
1749,1749.0,1.0,145.0,46.0,99.0,26.28,45.0,15.0,30.0,27.0,2182272.0,706920.0,1099368.0,366456.0,7.0,0.0,51.0,5.0,0.0,490.0,0.0,5e-05,20000000.0,43645440.0,14138400.0,21987360.0,7329120.0,0.6827586206896552,0.6666666666666666
1750,1750.0,1.0,160.0,48.0,112.0,26.3,144.0,48.0,96.0,27.0,226560.0,70016.0,645120.0,215040.0,2.0,0.0,51.0,5.0,0.0,1930.0,0.0,5e-05,20000000.0,4531200.0,1400320.0,12902400.0,4300800.0,0.7,0.6666666666666666
1751,1751.0,1.0,80.0,24.0,56.0,26.0,18.0,6.0,12.0,27.0,2399416.0,708056.0,1069776.0,356592.0,14.0,0.0,51.0,5.0,0.0,1470.0,0.0,5e-05,20000000.0,47988320.0,14161120.0,21395520.0,7131840.0,0.7,0.6666666666666666
1752,1752.0,1.0,145.0,45.0,100.0,26.18,45.0,15.0,30.0,27.0,2182272.0,688992.0,1099368.0,366456.0,7.0,0.0,51.0,5.0,0.0,2140.0,0.0,5e-05,20000000.0,43645440.0,13779840.0,21987360.0,7329120.0,0.6896551724137931,0.6666666666666666
1753,1753.0,1.0,80.0,24.0,56.0,26.1,18.0,6.0,12.0,27.0,2399416.0,708056.0,1069776.0,356592.0,14.0,0.0,51.0,5.0,0.0,1380.0,0.0,5e-05,20000000.0,47988320.0,14161120.0,21395520.0,7131840.0,0.7,0.6666666666666666
1754,1754.0,1.0,80.0,25.0,55.0,24.79,18.0,6.0,12.0,24.0,2252944.0,683032.0,781936.0,241456.0,14.0,0.0,51.0,5.0,0.0,670.0,0.0,5e-05,20000000.0,45058880.0,13660640.0,15638720.0,4829120.0,0.6875,0.6666666666666666
1755,1755.0,1.0,145.0,45.0,100.0,24.68,45.0,15.0,30.0,27.0,1881152.0,536672.0,1099368.0,366456.0,7.0,0.0,51.0,5.0,0.0,3970.0,0.0,5e-05,20000000.0,37623040.0,10733440.0,21987360.0,7329120.0,0.6896551724137931,0.6666666666666666
1756,1756.0,1.0,160.0,48.0,112.0,26.3,144.0,48.0,96.0,24.0,226560.0,70016.0,497424.0,145536.0,2.0,0.0,51.0,5.0,0.0,4220.0,0.0,5e-05,20000000.0,4531200.0,1400320.0,9948480.0,2910720.0,0.7,0.6666666666666666
1757,1757.0,1.0,145.0,50.0,95.0,22.49,45.0,15.0,30.0,27.0,1600192.0,538952.0,1099368.0,366456.0,7.0,0.0,51.0,5.0,0.0,1880.0,0.0,5e-05,20000000.0,32003840.0,10779040.0,21987360.0,7329120.0,0.6551724137931034,0.6666666666666666
1758,1758.0,1.0,145.0,45.0,100.0,21.96,45.0,15.0,30.0,27.0,1326272.0,466432.0,1099368.0,366456.0,7.0,0.0,51.0,5.0,0.0,4560.0,0.0,5e-05,20000000.0,26525440.0,9328640.0,21987360.0,7329120.0,0.6896551724137931,0.6666666666666666
1759,1759.0,1.0,145.0,46.0,99.0,24.69,45.0,15.0,30.0,24.0,2062432.0,587080.0,981200.0,248288.0,7.0,0.0,51.0,5.0,0.0,2890.0,0.0,5e-05,20000000.0,41248640.0,11741600.0,19624000.0,4965760.0,0.6827586206896552,0.6666666666666666
1760,1760.0,1.0,145.0,45.0,100.0,26.28,45.0,15.0,30.0,27.0,2182272.0,688992.0,1099368.0,366456.0,7.0,0.0,51.0,5.0,0.0,1090.0,0.0,5e-05,20000000.0,43645440.0,13779840.0,21987360.0,7329120.0,0.6896551724137931,0.6666666666666666
1761,1761.0,1.0,80.0,26.0,54.0,23.04,18.0,6.0,12.0,27.0,1812456.0,574056.0,1069776.0,356592.0,14.0,0.0,51.0,5.0,0.0,1520.0,0.0,5e-05,20000000.0,36249120.0,11481120.0,21395520.0,7131840.0,0.675,0.6666666666666666
1762,1762.0,1.0,160.0,48.0,112.0,26.12,81.0,27.0,54.0,27.0,892224.0,275552.0,935928.0,311976.0,4.0,0.0,51.0,5.0,0.0,2220.0,0.0,5e-05,20000000.0,17844480.0,5511040.0,18718560.0,6239520.0,0.7,0.6666666666666666
1763,1763.0,1.0,145.0,45.0,100.0,20.96,45.0,15.0,30.0,23.4,1257792.0,449312.0,626696.0,248288.0,7.0,0.0,51.0,5.0,0.0,4440.0,0.0,5e-05,20000000.0,25155840.0,8986240.0,12533920.0,4965760.0,0.6896551724137931,0.6666666666666666
1764,1764.0,1.0,160.0,52.0,108.0,22.75,81.0,27.0,54.0,24.0,540432.0,176160.0,835232.0,211280.0,4.0,0.0,51.0,5.0,0.0,4550.0,0.0,5e-05,20000000.0,10808640.0,3523200.0,16704640.0,4225600.0,0.675,0.6666666666666666
1765,1765.0,1.0,80.0,26.0,54.0,25.96,18.0,6.0,12.0,27.0,2437264.0,770088.0,1069776.0,356592.0,14.0,0.0,51.0,5.0,0.0,480.0,0.0,5e-05,20000000.0,48745280.0,15401760.0,21395520.0,7131840.0,0.675,0.6666666666666666
1766,1766.0,1.0,145.0,46.0,99.0,26.17,45.0,15.0,30.0,27.0,2120832.0,691560.0,1099368.0,366456.0,7.0,0.0,51.0,5.0,0.0,1170.0,0.0,5e-05,20000000.0,42416640.0,13831200.0,21987360.0,7329120.0,0.6827586206896552,0.6666666666666666
1767,1767.0,1.0,160.0,60.0,100.0,23.3,81.0,27.0,54.0,27.0,690088.0,247224.0,935928.0,311976.0,4.0,0.0,51.0,5.0,0.0,1580.0,0.0,5e-05,20000000.0,13801760.0,4944480.0,18718560.0,6239520.0,0.625,0.6666666666666666
1768,1768.0,1.0,160.0,48.0,112.0,25.38,81.0,31.0,50.0,22.0,892224.0,275552.0,558616.0,177032.0,4.0,0.0,51.0,5.0,0.0,2040.0,0.0,5e-05,20000000.0,17844480.0,5511040.0,11172320.0,3540640.0,0.7,0.6172839506172839
1769,1769.0,1.0,80.0,25.0,55.0,24.79,18.0,7.0,11.0,21.0,2252944.0,683032.0,666800.0,185752.0,14.0,0.0,51.0,5.0,0.0,680.0,0.0,5e-05,20000000.0,45058880.0,13660640.0,13336000.0,3715040.0,0.6875,0.6111111111111112
1770,1770.0,1.0,160.0,48.0,112.0,26.3,144.0,48.0,96.0,27.0,226560.0,70016.0,645120.0,215040.0,2.0,0.0,51.0,5.0,0.0,370.0,0.0,5e-05,20000000.0,4531200.0,1400320.0,12902400.0,4300800.0,0.7,0.6666666666666666
1771,1771.0,1.0,160.0,48.0,112.0,26.0,144.0,63.0,81.0,21.04,212224.0,66432.0,497424.0,147576.0,2.0,0.0,51.0,5.0,0.0,600.0,0.0,5e-05,20000000.0,4244480.0,1328640.0,9948480.0,2951520.0,0.7,0.5625
1772,1772.0,1.0,160.0,48.0,112.0,25.0,144.0,62.0,82.0,21.19,212224.0,66432.0,484392.0,143096.0,2.0,0.0,51.0,5.0,0.0,680.0,0.0,5e-05,20000000.0,4244480.0,1328640.0,9687840.0,2861920.0,0.7,0.5694444444444444
1773,1773.0,1.0,80.0,24.0,56.0,19.66,18.0,6.0,12.0,21.22,1298616.0,432856.0,609232.0,241456.0,14.0,0.0,51.0,5.0,0.0,4620.0,0.0,5e-05,20000000.0,25972320.0,8657120.0,12184640.0,4829120.0,0.7,0.6666666666666666
1774,1774.0,1.0,160.0,53.0,107.0,22.64,81.0,30.0,51.0,20.15,718224.0,202960.0,458216.0,163456.0,4.0,0.0,51.0,5.0,0.0,4090.0,0.0,5e-05,20000000.0,14364480.0,4059200.0,9164320.0,3269120.0,0.66875,0.6296296296296297
1775,1775.0,1.0,160.0,48.0,112.0,26.3,144.0,48.0,96.0,27.0,226560.0,70016.0,645120.0,215040.0,2.0,0.0,51.0,5.0,0.0,1140.0,0.0,5e-05,20000000.0,4531200.0,1400320.0,12902400.0,4300800.0,0.7,0.6666666666666666
1776,1776.0,1.0,160.0,48.0,112.0,25.99,81.0,27.0,54.0,27.0,892224.0,275552.0,935928.0,311976.0,4.0,0.0,51.0,5.0,0.0,330.0,0.0,5e-05,20000000.0,17844480.0,5511040.0,18718560.0,6239520.0,0.7,0.6666666666666666
1777,1777.0,1.0,160.0,59.0,101.0,23.6,144.0,48.0,96.0,27.0,192792.0,62680.0,645120.0,215040.0,2.0,0.0,51.0,5.0,0.0,3230.0,0.0,5e-05,20000000.0,3855840.0,1253600.0,12902400.0,4300800.0,0.63125,0.6666666666666666
1778,1778.0,1.0,80.0,25.0,55.0,26.21,18.0,6.0,12.0,27.0,2476440.0,768288.0,1069776.0,356592.0,14.0,0.0,51.0,5.0,0.0,220.0,0.0,5e-05,20000000.0,49528800.0,15365760.0,21395520.0,7131840.0,0.6875,0.6666666666666666
1779,1779.0,1.0,160.0,48.0,112.0,25.81,81.0,27.0,54.0,27.0,830272.0,260064.0,935928.0,311976.0,4.0,0.0,51.0,5.0,0.0,10.0,0.0,5e-05,20000000.0,16605440.0,5201280.0,18718560.0,6239520.0,0.7,0.6666666666666666
1780,1780.0,1.0,160.0,48.0,112.0,26.3,144.0,48.0,96.0,27.0,226560.0,70016.0,645120.0,215040.0,2.0,0.0,51.0,5.0,0.0,3150.0,0.0,5e-05,20000000.0,4531200.0,1400320.0,12902400.0,4300800.0,0.7,0.6666666666666666
1781,1781.0,1.0,160.0,48.0,112.0,26.2,144.0,48.0,96.0,24.0,219904.0,68352.0,575616.0,145536.0,2.0,0.0,51.0,5.0,0.0,1650.0,0.0,5e-05,20000000.0,4398080.0,1367040.0,11512320.0,2910720.0,0.7,0.6666666666666666
1782,1782.0,1.0,160.0,48.0,112.0,25.99,81.0,27.0,54.0,27.0,892224.0,275552.0,935928.0,311976.0,4.0,0.0,51.0,5.0,0.0,410.0,0.0,5e-05,20000000.0,17844480.0,5511040.0,18718560.0,6239520.0,0.7,0.6666666666666666
1783,1783.0,1.0,80.0,25.0,55.0,25.9,18.0,6.0,12.0,27.0,2399416.0,749032.0,1069776.0,356592.0,14.0,0.0,51.0,5.0,0.0,250.0,0.0,5e-05,20000000.0,47988320.0,14980640.0,21395520.0,7131840.0,0.6875,0.6666666666666666
1784,1784.0,1.0,145.0,45.0,100.0,25.16,45.0,15.0,30.0,24.0,2096672.0,603392.0,981200.0,248288.0,7.0,0.0,51.0,5.0,0.0,1060.0,0.0,5e-05,20000000.0,41933440.0,12067840.0,19624000.0,4965760.0,0.6896551724137931,0.6666666666666666
1785,1785.0,1.0,160.0,53.0,107.0,20.55,81.0,27.0,54.0,24.0,489640.0,169664.0,616832.0,202184.0,4.0,0.0,51.0,5.0,0.0,3820.0,0.0,5e-05,20000000.0,9792800.0,3393280.0,12336640.0,4043680.0,0.66875,0.6666666666666666
1786,1786.0,1.0,160.0,48.0,112.0,26.2,144.0,48.0,96.0,27.0,219904.0,68352.0,645120.0,215040.0,2.0,0.0,51.0,5.0,0.0,260.0,0.0,5e-05,20000000.0,4398080.0,1367040.0,12902400.0,4300800.0,0.7,0.6666666666666666
1787,1787.0,1.0,80.0,24.0,56.0,19.1,18.0,6.0,12.0,18.22,1358832.0,432856.0,494096.0,126320.0,14.0,0.0,51.0,5.0,0.0,4310.0,0.0,5e-05,20000000.0,27176640.0,8657120.0,9881920.0,2526400.0,0.7,0.6666666666666666
1788,1788.0,1.0,145.0,46.0,99.0,25.97,45.0,15.0,30.0,27.0,2028672.0,668520.0,1099368.0,366456.0,7.0,0.0,51.0,5.0,0.0,690.0,0.0,5e-05,20000000.0,40573440.0,13370400.0,21987360.0,7329120.0,0.6827586206896552,0.6666666666666666
1789,1789.0,1.0,80.0,25.0,55.0,19.32,18.0,6.0,12.0,21.0,1310784.0,467080.0,609232.0,241456.0,14.0,0.0,51.0,5.0,0.0,3040.0,0.0,5e-05,20000000.0,26215680.0,9341600.0,12184640.0,4829120.0,0.6875,0.6666666666666666
1790,1790.0,1.0,160.0,48.0,112.0,25.81,81.0,35.0,46.0,21.0,830272.0,260064.0,695104.0,201000.0,4.0,0.0,51.0,5.0,0.0,800.0,0.0,5e-05,20000000.0,16605440.0,5201280.0,13902080.0,4020000.0,0.7,0.5679012345679012
1791,1791.0,1.0,145.0,46.0,99.0,25.9,45.0,15.0,30.0,27.0,2113792.0,672680.0,1099368.0,366456.0,7.0,0.0,51.0,5.0,0.0,2160.0,0.0,5e-05,20000000.0,42275840.0,13453600.0,21987360.0,7329120.0,0.6827586206896552,0.6666666666666666
1792,1792.0,1.0,145.0,46.0,99.0,21.7,45.0,15.0,30.0,16.47,1560352.0,487240.0,636232.0,250672.0,7.0,0.0,51.0,5.0,0.0,3800.0,0.0,5e-05,20000000.0,31207040.0,9744800.0,12724640.0,5013440.0,0.6827586206896552,0.6666666666666666
1793,1793.0,1.0,160.0,48.0,112.0,25.95,81.0,27.0,54.0,27.0,865984.0,268992.0,935928.0,311976.0,4.0,0.0,51.0,5.0,0.0,2580.0,0.0,5e-05,20000000.0,17319680.0,5379840.0,18718560.0,6239520.0,0.7,0.6666666666666666
1794,1794.0,1.0,145.0,46.0,99.0,26.17,45.0,15.0,30.0,27.0,2120832.0,691560.0,1099368.0,366456.0,7.0,0.0,51.0,5.0,0.0,1290.0,0.0,5e-05,20000000.0,42416640.0,13831200.0,21987360.0,7329120.0,0.6827586206896552,0.6666666666666666
1795,1795.0,1.0,160.0,48.0,112.0,24.0,144.0,56.0,88.0,19.99,212224.0,66432.0,423576.0,120560.0,2.0,0.0,51.0,5.0,0.0,3010.0,0.0,5e-05,20000000.0,4244480.0,1328640.0,8471520.0,2411200.0,0.7,0.6111111111111112
1796,1796.0,1.0,160.0,48.0,112.0,26.2,144.0,48.0,96.0,23.13,219904.0,68352.0,514800.0,145536.0,2.0,0.0,51.0,5.0,0.0,1410.0,0.0,5e-05,20000000.0,4398080.0,1367040.0,10296000.0,2910720.0,0.7,0.6666666666666666
1797,1797.0,1.0,145.0,47.0,98.0,24.68,45.0,15.0,30.0,27.0,1915392.0,572528.0,1099368.0,366456.0,7.0,0.0,51.0,5.0,0.0,2570.0,0.0,5e-05,20000000.0,38307840.0,11450560.0,21987360.0,7329120.0,0.6758620689655173,0.6666666666666666
1798,1798.0,1.0,80.0,25.0,55.0,23.94,18.0,6.0,12.0,21.0,1926040.0,630688.0,148688.0,126320.0,14.0,0.0,51.0,5.0,0.0,4100.0,0.0,5e-05,20000000.0,38520800.0,12613760.0,2973760.0,2526400.0,0.6875,0.6666666666666666
1799,1799.0,1.0,160.0,48.0,112.0,25.81,81.0,27.0,54.0,27.0,830272.0,260064.0,935928.0,311976.0,4.0,0.0,51.0,5.0,0.0,760.0,0.0,5e-05,20000000.0,16605440.0,5201280.0,18718560.0,6239520.0,0.7,0.6666666666666666
1800,1800.0,1.0,80.0,25.0,55.0,24.95,18.0,6.0,12.0,24.0,2378016.0,669864.0,954640.0,241456.0,14.0,0.0,51.0,5.0,0.0,4590.0,0.0,5e-05,20000000.0,47560320.0,13397280.0,19092800.0,4829120.0,0.6875,0.6666666666666666
1801,1801.0,1.0,80.0,25.0,55.0,26.21,18.0,6.0,12.0,27.0,2476440.0,768288.0,1069776.0,356592.0,14.0,0.0,51.0,5.0,0.0,1990.0,0.0,5e-05,20000000.0,49528800.0,15365760.0,21395520.0,7131840.0,0.6875,0.6666666666666666
1802,1802.0,1.0,160.0,48.0,112.0,26.2,144.0,48.0,96.0,27.0,219904.0,68352.0,645120.0,215040.0,2.0,0.0,51.0,5.0,0.0,1630.0,0.0,5e-05,20000000.0,4398080.0,1367040.0,12902400.0,4300800.0,0.7,0.6666666666666666
1803,1803.0,1.0,145.0,45.0,100.0,24.37,45.0,15.0,30.0,21.18,1727072.0,570912.0,626696.0,248288.0,7.0,0.0,51.0,5.0,0.0,3610.0,0.0,5e-05,20000000.0,34541440.0,11418240.0,12533920.0,4965760.0,0.6896551724137931,0.6666666666666666
1804,1804.0,1.0,160.0,57.0,103.0,20.31,81.0,27.0,54.0,27.0,453944.0,156424.0,935928.0,311976.0,4.0,0.0,51.0,5.0,0.0,3940.0,0.0,5e-05,20000000.0,9078880.0,3128480.0,18718560.0,6239520.0,0.64375,0.6666666666666666
1805,1805.0,1.0,80.0,24.0,56.0,24.62,18.0,6.0,12.0,21.0,2242712.0,668880.0,609232.0,241456.0,14.0,0.0,51.0,5.0,0.0,4340.0,0.0,5e-05,20000000.0,44854240.0,13377600.0,12184640.0,4829120.0,0.7,0.6666666666666666
1806,1806.0,1.0,160.0,48.0,112.0,26.3,144.0,48.0,96.0,24.0,226560.0,70016.0,575616.0,145536.0,2.0,0.0,51.0,5.0,0.0,4950.0,0.0,5e-05,20000000.0,4531200.0,1400320.0,11512320.0,2910720.0,0.7,0.6666666666666666
1807,1807.0,1.0,160.0,48.0,112.0,26.0,144.0,48.0,96.0,27.0,212224.0,66432.0,645120.0,215040.0,2.0,0.0,51.0,5.0,0.0,660.0,0.0,5e-05,20000000.0,4244480.0,1328640.0,12902400.0,4300800.0,0.7,0.6666666666666666
1808,1808.0,1.0,160.0,48.0,112.0,26.04,81.0,27.0,54.0,27.0,892224.0,275552.0,935928.0,311976.0,4.0,0.0,51.0,5.0,0.0,1850.0,0.0,5e-05,20000000.0,17844480.0,5511040.0,18718560.0,6239520.0,0.7,0.6666666666666666
1809,1809.0,1.0,80.0,26.0,54.0,25.2,18.0,6.0,12.0,27.0,2358816.0,710840.0,1069776.0,356592.0,14.0,0.0,51.0,5.0,0.0,1970.0,0.0,5e-05,20000000.0,47176320.0,14216800.0,21395520.0,7131840.0,0.675,0.6666666666666666
1810,1810.0,1.0,80.0,25.0,55.0,26.12,18.0,6.0,12.0,27.0,2476440.0,768288.0,1069776.0,356592.0,14.0,0.0,51.0,5.0,0.0,2230.0,0.0,5e-05,20000000.0,49528800.0,15365760.0,21395520.0,7131840.0,0.6875,0.6666666666666666
1811,1811.0,1.0,160.0,48.0,112.0,25.99,81.0,27.0,54.0,22.46,892224.0,275552.0,615944.0,202184.0,4.0,0.0,51.0,5.0,0.0,2820.0,0.0,5e-05,20000000.0,17844480.0,5511040.0,12318880.0,4043680.0,0.7,0.6666666666666666
1812,1812.0,1.0,80.0,25.0,55.0,23.01,18.0,6.0,12.0,18.22,1888192.0,611432.0,609232.0,241456.0,14.0,0.0,51.0,5.0,0.0,3930.0,0.0,5e-05,20000000.0,37763840.0,12228640.0,12184640.0,4829120.0,0.6875,0.6666666666666666
1813,1813.0,1.0,80.0,25.0,55.0,26.21,18.0,6.0,12.0,27.0,2476440.0,768288.0,1069776.0,356592.0,14.0,0.0,51.0,5.0,0.0,990.0,0.0,5e-05,20000000.0,49528800.0,15365760.0,21395520.0,7131840.0,0.6875,0.6666666666666666
1814,1814.0,1.0,160.0,55.0,105.0,23.6,144.0,48.0,96.0,27.0,186360.0,55992.0,645120.0,215040.0,2.0,0.0,51.0,5.0,0.0,4570.0,0.0,5e-05,20000000.0,3727200.0,1119840.0,12902400.0,4300800.0,0.65625,0.6666666666666666
1815,1815.0,1.0,145.0,45.0,100.0,24.9,45.0,15.0,30.0,24.0,2011072.0,637632.0,626696.0,248288.0,7.0,0.0,51.0,5.0,0.0,4050.0,0.0,5e-05,20000000.0,40221440.0,12752640.0,12533920.0,4965760.0,0.6896551724137931,0.6666666666666666
1816,1816.0,1.0,160.0,48.0,112.0,25.81,81.0,27.0,54.0,24.0,830272.0,260064.0,835232.0,211280.0,4.0,0.0,51.0,5.0,0.0,590.0,0.0,5e-05,20000000.0,16605440.0,5201280.0,16704640.0,4225600.0,0.7,0.6666666666666666
1817,1817.0,1.0,160.0,48.0,112.0,25.56,81.0,27.0,54.0,27.0,830272.0,260064.0,935928.0,311976.0,4.0,0.0,51.0,5.0,0.0,750.0,0.0,5e-05,20000000.0,16605440.0,5201280.0,18718560.0,6239520.0,0.7,0.6666666666666666
1818,1818.0,1.0,145.0,46.0,99.0,25.24,45.0,15.0,30.0,24.0,1881152.0,605960.0,877936.0,261856.0,7.0,0.0,51.0,5.0,0.0,1310.0,0.0,5e-05,20000000.0,37623040.0,12119200.0,17558720.0,5237120.0,0.6827586206896552,0.6666666666666666
1819,1819.0,1.0,160.0,48.0,112.0,25.35,81.0,27.0,54.0,24.0,865984.0,268992.0,499808.0,193088.0,4.0,0.0,51.0,5.0,0.0,3740.0,0.0,5e-05,20000000.0,17319680.0,5379840.0,9996160.0,3861760.0,0.7,0.6666666666666666
1820,1820.0,1.0,145.0,46.0,99.0,24.97,45.0,15.0,30.0,24.0,2079552.0,604200.0,981200.0,248288.0,7.0,0.0,51.0,5.0,0.0,1120.0,0.0,5e-05,20000000.0,41591040.0,12084000.0,19624000.0,4965760.0,0.6827586206896552,0.6666666666666666
1821,1821.0,1.0,145.0,45.0,100.0,19.59,45.0,15.0,30.0,21.64,1093632.0,416832.0,626696.0,248288.0,7.0,0.0,51.0,5.0,0.0,4620.0,0.0,5e-05,20000000.0,21872640.0,8336640.0,12533920.0,4965760.0,0.6896551724137931,0.6666666666666666
1822,1822.0,1.0,160.0,48.0,112.0,24.2,81.0,29.0,52.0,18.02,892224.0,275552.0,442480.0,157976.0,4.0,0.0,51.0,5.0,0.0,3390.0,0.0,5e-05,20000000.0,17844480.0,5511040.0,8849600.0,3159520.0,0.7,0.6419753086419753
1823,1823.0,1.0,145.0,44.0,101.0,25.72,45.0,15.0,30.0,24.0,1976832.0,619704.0,877936.0,261856.0,7.0,0.0,51.0,5.0,0.0,2100.0,0.0,5e-05,20000000.0,39536640.0,12394080.0,17558720.0,5237120.0,0.696551724137931,0.6666666666666666
1824,1824.0,1.0,160.0,48.0,112.0,26.3,144.0,48.0,96.0,27.0,226560.0,70016.0,645120.0,215040.0,2.0,0.0,51.0,5.0,0.0,120.0,0.0,5e-05,20000000.0,4531200.0,1400320.0,12902400.0,4300800.0,0.7,0.6666666666666666
1825,1825.0,1.0,145.0,47.0,98.0,26.09,45.0,15.0,30.0,27.0,2165152.0,707728.0,1099368.0,366456.0,7.0,0.0,51.0,5.0,0.0,440.0,0.0,5e-05,20000000.0,43303040.0,14154560.0,21987360.0,7329120.0,0.6758620689655173,0.6666666666666666
1826,1826.0,1.0,80.0,26.0,54.0,21.88,18.0,6.0,12.0,24.0,2026664.0,514808.0,954640.0,241456.0,14.0,0.0,51.0,5.0,0.0,2480.0,0.0,5e-05,20000000.0,40533280.0,10296160.0,19092800.0,4829120.0,0.675,0.6666666666666666
1827,1827.0,1.0,80.0,25.0,55.0,23.35,18.0,6.0,12.0,21.0,2085040.0,611432.0,609232.0,241456.0,14.0,0.0,51.0,5.0,0.0,2390.0,0.0,5e-05,20000000.0,41700800.0,12228640.0,12184640.0,4829120.0,0.6875,0.6666666666666666
1828,1828.0,1.0,145.0,46.0,99.0,19.61,45.0,18.0,27.0,12.51,1504512.0,383400.0,508984.0,133240.0,7.0,0.0,51.0,5.0,0.0,2600.0,0.0,5e-05,20000000.0,30090240.0,7668000.0,10179680.0,2664800.0,0.6827586206896552,0.6
1829,1829.0,1.0,80.0,25.0,55.0,26.3,18.0,6.0,12.0,27.0,2476440.0,768288.0,1069776.0,356592.0,14.0,0.0,51.0,5.0,0.0,290.0,0.0,5e-05,20000000.0,49528800.0,15365760.0,21395520.0,7131840.0,0.6875,0.6666666666666666
1830,1830.0,1.0,160.0,48.0,112.0,24.72,81.0,36.0,45.0,20.41,892224.0,275552.0,681368.0,200840.0,4.0,0.0,51.0,5.0,0.0,1000.0,0.0,5e-05,20000000.0,17844480.0,5511040.0,13627360.0,4016800.0,0.7,0.5555555555555556
1831,1831.0,1.0,160.0,48.0,112.0,25.95,81.0,27.0,54.0,27.0,865984.0,268992.0,935928.0,311976.0,4.0,0.0,51.0,5.0,0.0,1290.0,0.0,5e-05,20000000.0,17319680.0,5379840.0,18718560.0,6239520.0,0.7,0.6666666666666666
1832,1832.0,1.0,160.0,61.0,99.0,23.13,144.0,48.0,96.0,27.0,189576.0,66024.0,645120.0,215040.0,2.0,0.0,51.0,5.0,0.0,1880.0,0.0,5e-05,20000000.0,3791520.0,1320480.0,12902400.0,4300800.0,0.61875,0.6666666666666666
1833,1833.0,1.0,160.0,48.0,112.0,23.4,81.0,27.0,54.0,22.96,668224.0,170112.0,655376.0,202184.0,4.0,0.0,51.0,5.0,0.0,3620.0,0.0,5e-05,20000000.0,13364480.0,3402240.0,13107520.0,4043680.0,0.7,0.6666666666666666
1834,1834.0,1.0,145.0,47.0,98.0,25.06,45.0,15.0,30.0,22.33,2000992.0,606768.0,850768.0,261856.0,7.0,0.0,51.0,5.0,0.0,1410.0,0.0,5e-05,20000000.0,40019840.0,12135360.0,17015360.0,5237120.0,0.6758620689655173,0.6666666666666666
1835,1835.0,1.0,145.0,49.0,96.0,24.23,45.0,15.0,30.0,27.0,1737152.0,572384.0,1099368.0,366456.0,7.0,0.0,51.0,5.0,0.0,1940.0,0.0,5e-05,20000000.0,34743040.0,11447680.0,21987360.0,7329120.0,0.6620689655172414,0.6666666666666666
1836,1836.0,1.0,160.0,48.0,112.0,23.6,144.0,48.0,96.0,23.12,169216.0,43008.0,497424.0,145536.0,2.0,0.0,51.0,5.0,0.0,3620.0,0.0,5e-05,20000000.0,3384320.0,860160.0,9948480.0,2910720.0,0.7,0.6666666666666666
1837,1837.0,1.0,160.0,53.0,107.0,23.42,81.0,27.0,54.0,27.0,558208.0,196440.0,935928.0,311976.0,4.0,0.0,51.0,5.0,0.0,3460.0,0.0,5e-05,20000000.0,11164160.0,3928800.0,18718560.0,6239520.0,0.66875,0.6666666666666666
1838,1838.0,1.0,80.0,26.0,54.0,20.12,18.0,6.0,12.0,19.5,1142976.0,416480.0,724368.0,183888.0,14.0,0.0,51.0,5.0,0.0,1700.0,0.0,5e-05,20000000.0,22859520.0,8329600.0,14487360.0,3677760.0,0.675,0.6666666666666666
1839,1839.0,1.0,160.0,61.0,99.0,18.49,144.0,52.0,92.0,21.1,123424.0,40240.0,414888.0,124360.0,2.0,0.0,51.0,5.0,0.0,4200.0,0.0,5e-05,20000000.0,2468480.0,804800.0,8297760.0,2487200.0,0.61875,0.6388888888888888
1840,1840.0,1.0,145.0,46.0,99.0,23.09,45.0,15.0,30.0,18.27,1634912.0,565800.0,615376.0,235600.0,7.0,0.0,51.0,5.0,0.0,4520.0,0.0,5e-05,20000000.0,32698240.0,11316000.0,12307520.0,4712000.0,0.6827586206896552,0.6666666666666666
1841,1841.0,1.0,145.0,45.0,100.0,26.18,45.0,15.0,30.0,27.0,2182272.0,688992.0,1099368.0,366456.0,7.0,0.0,51.0,5.0,0.0,2260.0,0.0,5e-05,20000000.0,43645440.0,13779840.0,21987360.0,7329120.0,0.6896551724137931,0.6666666666666666
1842,1842.0,1.0,145.0,46.0,99.0,25.99,45.0,15.0,30.0,27.0,2103712.0,674440.0,1099368.0,366456.0,7.0,0.0,51.0,5.0,0.0,1720.0,0.0,5e-05,20000000.0,42074240.0,13488800.0,21987360.0,7329120.0,0.6827586206896552,0.6666666666666666
1843,1843.0,1.0,160.0,48.0,112.0,26.08,81.0,27.0,54.0,27.0,892224.0,275552.0,935928.0,311976.0,4.0,0.0,51.0,5.0,0.0,1990.0,0.0,5e-05,20000000.0,17844480.0,5511040.0,18718560.0,6239520.0,0.7,0.6666666666666666
1844,1844.0,1.0,145.0,46.0,99.0,26.28,45.0,15.0,30.0,27.0,2182272.0,706920.0,1099368.0,366456.0,7.0,0.0,51.0,5.0,0.0,330.0,0.0,5e-05,20000000.0,43645440.0,14138400.0,21987360.0,7329120.0,0.6827586206896552,0.6666666666666666
1845,1845.0,1.0,160.0,48.0,112.0,24.77,81.0,31.0,50.0,16.36,892224.0,275552.0,261872.0,102624.0,4.0,0.0,51.0,5.0,0.0,4400.0,0.0,5e-05,20000000.0,17844480.0,5511040.0,5237440.0,2052480.0,0.7,0.6172839506172839
1846,1846.0,1.0,160.0,48.0,112.0,26.0,81.0,27.0,54.0,27.0,865984.0,268992.0,935928.0,311976.0,4.0,0.0,51.0,5.0,0.0,1620.0,0.0,5e-05,20000000.0,17319680.0,5379840.0,18718560.0,6239520.0,0.7,0.6666666666666666
1847,1847.0,1.0,145.0,46.0,99.0,25.99,45.0,15.0,30.0,27.0,2130912.0,689800.0,1099368.0,366456.0,7.0,0.0,51.0,5.0,0.0,2880.0,0.0,5e-05,20000000.0,42618240.0,13796000.0,21987360.0,7329120.0,0.6827586206896552,0.6666666666666666
1848,1848.0,1.0,160.0,48.0,112.0,26.12,81.0,27.0,54.0,27.0,892224.0,275552.0,935928.0,311976.0,4.0,0.0,51.0,5.0,0.0,960.0,0.0,5e-05,20000000.0,17844480.0,5511040.0,18718560.0,6239520.0,0.7,0.6666666666666666
1849,1849.0,1.0,160.0,53.0,107.0,18.08,81.0,27.0,54.0,21.17,425024.0,163144.0,533144.0,211280.0,4.0,0.0,51.0,5.0,0.0,4920.0,0.0,5e-05,20000000.0,8500480.0,3262880.0,10662880.0,4225600.0,0.66875,0.6666666666666666
1850,1850.0,1.0,160.0,48.0,112.0,26.08,81.0,27.0,54.0,27.0,892224.0,275552.0,935928.0,311976.0,4.0,0.0,51.0,5.0,0.0,1870.0,0.0,5e-05,20000000.0,17844480.0,5511040.0,18718560.0,6239520.0,0.7,0.6666666666666666
1851,1851.0,1.0,80.0,24.0,56.0,23.9,18.0,6.0,12.0,27.0,2045864.0,531280.0,1069776.0,356592.0,14.0,0.0,51.0,5.0,0.0,3560.0,0.0,5e-05,20000000.0,40917280.0,10625600.0,21395520.0,7131840.0,0.7,0.6666666666666666
1852,1852.0,1.0,80.0,25.0,55.0,24.86,18.0,6.0,12.0,24.0,2378016.0,669864.0,954640.0,241456.0,14.0,0.0,51.0,5.0,0.0,1950.0,0.0,5e-05,20000000.0,47560320.0,13397280.0,19092800.0,4829120.0,0.6875,0.6666666666666666
1853,1853.0,1.0,160.0,53.0,107.0,22.65,81.0,29.0,52.0,22.41,691984.0,196400.0,497240.0,167368.0,4.0,0.0,51.0,5.0,0.0,3680.0,0.0,5e-05,20000000.0,13839680.0,3928000.0,9944800.0,3347360.0,0.66875,0.6419753086419753
1854,1854.0,1.0,160.0,57.0,103.0,20.9,144.0,48.0,96.0,24.0,146160.0,44864.0,497424.0,145536.0,2.0,0.0,51.0,5.0,0.0,3220.0,0.0,5e-05,20000000.0,2923200.0,897280.0,9948480.0,2910720.0,0.64375,0.6666666666666666
1855,1855.0,1.0,80.0,25.0,55.0,25.36,18.0,6.0,12.0,27.0,2281888.0,709856.0,1069776.0,356592.0,14.0,0.0,51.0,5.0,0.0,2640.0,0.0,5e-05,20000000.0,45637760.0,14197120.0,21395520.0,7131840.0,0.6875,0.6666666666666666
1856,1856.0,1.0,160.0,48.0,112.0,26.2,144.0,48.0,96.0,27.0,219904.0,68352.0,645120.0,215040.0,2.0,0.0,51.0,5.0,0.0,1220.0,0.0,5e-05,20000000.0,4398080.0,1367040.0,12902400.0,4300800.0,0.7,0.6666666666666666
1857,1857.0,1.0,145.0,45.0,100.0,25.06,45.0,15.0,30.0,24.0,2035232.0,588032.0,981200.0,248288.0,7.0,0.0,51.0,5.0,0.0,1530.0,0.0,5e-05,20000000.0,40704640.0,11760640.0,19624000.0,4965760.0,0.6896551724137931,0.6666666666666666
1858,1858.0,1.0,160.0,48.0,112.0,26.0,144.0,48.0,96.0,27.0,212224.0,66432.0,645120.0,215040.0,2.0,0.0,51.0,5.0,0.0,760.0,0.0,5e-05,20000000.0,4244480.0,1328640.0,12902400.0,4300800.0,0.7,0.6666666666666666
1859,1859.0,1.0,80.0,24.0,56.0,14.09,18.0,6.0,12.0,6.89,966104.0,256080.0,33552.0,11184.0,14.0,0.0,51.0,5.0,0.0,3710.0,0.0,5e-05,20000000.0,19322080.0,5121600.0,671040.0,223680.0,0.7,0.6666666666666666
1860,1860.0,1.0,145.0,46.0,99.0,22.81,45.0,15.0,30.0,24.0,1874112.0,484360.0,981200.0,248288.0,7.0,0.0,51.0,5.0,0.0,2180.0,0.0,5e-05,20000000.0,37482240.0,9687200.0,19624000.0,4965760.0,0.6827586206896552,0.6666666666666666
1861,1861.0,1.0,80.0,25.0,55.0,26.0,18.0,6.0,12.0,27.0,2399416.0,749032.0,1069776.0,356592.0,14.0,0.0,51.0,5.0,0.0,2580.0,0.0,5e-05,20000000.0,47988320.0,14980640.0,21395520.0,7131840.0,0.6875,0.6666666666666666
1862,1862.0,1.0,160.0,61.0,99.0,8.71,144.0,66.0,78.0,3.25,57856.0,15808.0,19584.0,8976.0,2.0,0.0,51.0,5.0,0.0,4000.0,0.0,5e-05,20000000.0,1157120.0,316160.0,391680.0,179520.0,0.61875,0.5416666666666666
1863,1863.0,1.0,145.0,52.0,93.0,24.41,45.0,15.0,30.0,27.0,1959712.0,643288.0,1099368.0,366456.0,7.0,0.0,51.0,5.0,0.0,910.0,0.0,5e-05,20000000.0,39194240.0,12865760.0,21987360.0,7329120.0,0.6413793103448275,0.6666666666666666
1864,1864.0,1.0,160.0,48.0,112.0,26.3,144.0,48.0,96.0,27.0,226560.0,70016.0,645120.0,215040.0,2.0,0.0,51.0,5.0,0.0,1980.0,0.0,5e-05,20000000.0,4531200.0,1400320.0,12902400.0,4300800.0,0.7,0.6666666666666666
1865,1865.0,1.0,145.0,50.0,95.0,22.19,45.0,15.0,30.0,22.2,1651552.0,556072.0,853440.0,275424.0,7.0,0.0,51.0,5.0,0.0,2670.0,0.0,5e-05,20000000.0,33031040.0,11121440.0,17068800.0,5508480.0,0.6551724137931034,0.6666666666666666
1866,1866.0,1.0,80.0,25.0,55.0,25.7,18.0,6.0,12.0,27.0,2358912.0,729112.0,1069776.0,356592.0,14.0,0.0,51.0,5.0,0.0,2320.0,0.0,5e-05,20000000.0,47178240.0,14582240.0,21395520.0,7131840.0,0.6875,0.6666666666666666
1867,1867.0,1.0,160.0,57.0,103.0,23.29,81.0,27.0,54.0,27.0,743064.0,229208.0,935928.0,311976.0,4.0,0.0,51.0,5.0,0.0,2870.0,0.0,5e-05,20000000.0,14861280.0,4584160.0,18718560.0,6239520.0,0.64375,0.6666666666666666
1868,1868.0,1.0,160.0,57.0,103.0,20.76,81.0,27.0,54.0,24.0,691200.0,177344.0,835232.0,211280.0,4.0,0.0,51.0,5.0,0.0,2180.0,0.0,5e-05,20000000.0,13824000.0,3546880.0,16704640.0,4225600.0,0.64375,0.6666666666666666
1869,1869.0,1.0,160.0,60.0,100.0,22.78,81.0,27.0,54.0,27.0,716328.0,253784.0,935928.0,311976.0,4.0,0.0,51.0,5.0,0.0,1880.0,0.0,5e-05,20000000.0,14326560.0,5075680.0,18718560.0,6239520.0,0.625,0.6666666666666666
1870,1870.0,1.0,145.0,47.0,98.0,19.48,45.0,15.0,30.0,21.0,1120832.0,416688.0,615376.0,235600.0,7.0,0.0,51.0,5.0,0.0,2920.0,0.0,5e-05,20000000.0,22416640.0,8333760.0,12307520.0,4712000.0,0.6758620689655173,0.6666666666666666
1871,1871.0,1.0,160.0,60.0,100.0,23.3,144.0,48.0,96.0,27.0,167200.0,60768.0,645120.0,215040.0,2.0,0.0,51.0,5.0,0.0,730.0,0.0,5e-05,20000000.0,3344000.0,1215360.0,12902400.0,4300800.0,0.625,0.6666666666666666
1872,1872.0,1.0,80.0,25.0,55.0,26.0,18.0,6.0,12.0,27.0,2292120.0,722208.0,1069776.0,356592.0,14.0,0.0,51.0,5.0,0.0,660.0,0.0,5e-05,20000000.0,45842400.0,14444160.0,21395520.0,7131840.0,0.6875,0.6666666666666666
1873,1873.0,1.0,145.0,45.0,100.0,22.14,45.0,15.0,30.0,15.78,1702912.0,500672.0,508984.0,130576.0,7.0,0.0,51.0,5.0,0.0,3120.0,0.0,5e-05,20000000.0,34058240.0,10013440.0,10179680.0,2611520.0,0.6896551724137931,0.6666666666666666
1874,1874.0,1.0,80.0,25.0,55.0,26.0,18.0,6.0,12.0,27.0,2292120.0,722208.0,1069776.0,356592.0,14.0,0.0,51.0,5.0,0.0,10.0,0.0,5e-05,20000000.0,45842400.0,14444160.0,21395520.0,7131840.0,0.6875,0.6666666666666666
1875,1875.0,1.0,145.0,46.0,99.0,25.06,45.0,15.0,30.0,27.0,2011072.0,604200.0,1099368.0,366456.0,7.0,0.0,51.0,5.0,0.0,4270.0,0.0,5e-05,20000000.0,40221440.0,12084000.0,21987360.0,7329120.0,0.6827586206896552,0.6666666666666666
1876,1876.0,1.0,145.0,51.0,94.0,20.65,45.0,15.0,30.0,21.64,1316192.0,438800.0,824056.0,209344.0,7.0,0.0,51.0,5.0,0.0,1700.0,0.0,5e-05,20000000.0,26323840.0,8776000.0,16481120.0,4186880.0,0.6482758620689655,0.6666666666666666
1877,1877.0,1.0,160.0,48.0,112.0,26.2,144.0,48.0,96.0,24.0,219904.0,68352.0,536520.0,145536.0,2.0,0.0,51.0,5.0,0.0,2620.0,0.0,5e-05,20000000.0,4398080.0,1367040.0,10730400.0,2910720.0,0.7,0.6666666666666666
1878,1878.0,1.0,160.0,48.0,112.0,26.2,144.0,48.0,96.0,27.0,219904.0,68352.0,645120.0,215040.0,2.0,0.0,51.0,5.0,0.0,2460.0,0.0,5e-05,20000000.0,4398080.0,1367040.0,12902400.0,4300800.0,0.7,0.6666666666666666
1879,1879.0,1.0,145.0,45.0,100.0,25.02,45.0,15.0,30.0,24.0,2052352.0,605152.0,981200.0,248288.0,7.0,0.0,51.0,5.0,0.0,3250.0,0.0,5e-05,20000000.0,41047040.0,12103040.0,19624000.0,4965760.0,0.6896551724137931,0.6666666666666666
1880,1880.0,1.0,80.0,25.0,55.0,26.3,18.0,6.0,12.0,27.0,2476440.0,768288.0,1069776.0,356592.0,14.0,0.0,51.0,5.0,0.0,270.0,0.0,5e-05,20000000.0,49528800.0,15365760.0,21395520.0,7131840.0,0.6875,0.6666666666666666
1881,1881.0,1.0,80.0,25.0,55.0,26.12,18.0,6.0,12.0,27.0,2476440.0,768288.0,1069776.0,356592.0,14.0,0.0,51.0,5.0,0.0,3430.0,0.0,5e-05,20000000.0,49528800.0,15365760.0,21395520.0,7131840.0,0.6875,0.6666666666666666
1882,1882.0,1.0,160.0,57.0,103.0,22.49,81.0,27.0,54.0,27.0,621008.0,216168.0,935928.0,311976.0,4.0,0.0,51.0,5.0,0.0,3160.0,0.0,5e-05,20000000.0,12420160.0,4323360.0,18718560.0,6239520.0,0.64375,0.6666666666666666
1883,1883.0,1.0,145.0,46.0,99.0,24.88,45.0,15.0,30.0,27.0,1993952.0,587080.0,1099368.0,366456.0,7.0,0.0,51.0,5.0,0.0,3140.0,0.0,5e-05,20000000.0,39879040.0,11741600.0,21987360.0,7329120.0,0.6827586206896552,0.6666666666666666
1884,1884.0,1.0,160.0,48.0,112.0,25.81,81.0,27.0,54.0,27.0,830272.0,260064.0,935928.0,311976.0,4.0,0.0,51.0,5.0,0.0,710.0,0.0,5e-05,20000000.0,16605440.0,5201280.0,18718560.0,6239520.0,0.7,0.6666666666666666
1885,1885.0,1.0,160.0,48.0,112.0,25.3,81.0,27.0,54.0,23.33,865984.0,268992.0,539240.0,193088.0,4.0,0.0,51.0,5.0,0.0,4340.0,0.0,5e-05,20000000.0,17319680.0,5379840.0,10784800.0,3861760.0,0.7,0.6666666666666666
1886,1886.0,1.0,80.0,25.0,55.0,22.85,18.0,6.0,12.0,27.0,1651808.0,552336.0,1069776.0,356592.0,14.0,0.0,51.0,5.0,0.0,4850.0,0.0,5e-05,20000000.0,33036160.0,11046720.0,21395520.0,7131840.0,0.6875,0.6666666666666666
1887,1887.0,1.0,145.0,47.0,98.0,25.78,45.0,15.0,30.0,27.0,2011552.0,669328.0,1099368.0,366456.0,7.0,0.0,51.0,5.0,0.0,840.0,0.0,5e-05,20000000.0,40231040.0,13386560.0,21987360.0,7329120.0,0.6758620689655173,0.6666666666666666
1888,1888.0,1.0,160.0,62.0,98.0,22.08,144.0,48.0,96.0,27.0,139728.0,53224.0,645120.0,215040.0,2.0,0.0,51.0,5.0,0.0,3470.0,0.0,5e-05,20000000.0,2794560.0,1064480.0,12902400.0,4300800.0,0.6125,0.6666666666666666
1889,1889.0,1.0,160.0,48.0,112.0,26.3,144.0,48.0,96.0,24.0,226560.0,70016.0,575616.0,145536.0,2.0,0.0,51.0,5.0,0.0,300.0,0.0,5e-05,20000000.0,4531200.0,1400320.0,11512320.0,2910720.0,0.7,0.6666666666666666
1890,1890.0,1.0,80.0,24.0,56.0,21.01,18.0,6.0,12.0,12.44,1652168.0,432856.0,148688.0,126320.0,14.0,0.0,51.0,5.0,0.0,4330.0,0.0,5e-05,20000000.0,33043360.0,8657120.0,2973760.0,2526400.0,0.7,0.6666666666666666
1891,1891.0,1.0,80.0,26.0,54.0,25.96,18.0,6.0,12.0,27.0,2437264.0,770088.0,1069776.0,356592.0,14.0,0.0,51.0,5.0,0.0,360.0,0.0,5e-05,20000000.0,48745280.0,15401760.0,21395520.0,7131840.0,0.675,0.6666666666666666
1892,1892.0,1.0,160.0,48.0,112.0,26.3,144.0,48.0,96.0,22.61,226560.0,70016.0,475704.0,145536.0,2.0,0.0,51.0,5.0,0.0,2820.0,0.0,5e-05,20000000.0,4531200.0,1400320.0,9514080.0,2910720.0,0.7,0.6666666666666666
1893,1893.0,1.0,145.0,46.0,99.0,19.72,45.0,15.0,30.0,21.18,1103712.0,433000.0,626696.0,248288.0,7.0,0.0,51.0,5.0,0.0,4200.0,0.0,5e-05,20000000.0,22074240.0,8660000.0,12533920.0,4965760.0,0.6827586206896552,0.6666666666666666
1894,1894.0,1.0,80.0,28.0,52.0,23.21,18.0,8.0,10.0,18.33,2418744.0,773592.0,609232.0,187616.0,14.0,0.0,51.0,5.0,0.0,1000.0,0.0,5e-05,20000000.0,48374880.0,15471840.0,12184640.0,3752320.0,0.65,0.5555555555555556
1895,1895.0,1.0,160.0,48.0,112.0,26.0,144.0,48.0,96.0,27.0,212224.0,66432.0,645120.0,215040.0,2.0,0.0,51.0,5.0,0.0,610.0,0.0,5e-05,20000000.0,4244480.0,1328640.0,12902400.0,4300800.0,0.7,0.6666666666666666
1896,1896.0,1.0,160.0,48.0,112.0,26.04,81.0,27.0,54.0,27.0,892224.0,275552.0,935928.0,311976.0,4.0,0.0,51.0,5.0,0.0,1860.0,0.0,5e-05,20000000.0,17844480.0,5511040.0,18718560.0,6239520.0,0.7,0.6666666666666666
1897,1897.0,1.0,160.0,48.0,112.0,26.3,144.0,48.0,96.0,24.0,226560.0,70016.0,562584.0,145536.0,2.0,0.0,51.0,5.0,0.0,500.0,0.0,5e-05,20000000.0,4531200.0,1400320.0,11251680.0,2910720.0,0.7,0.6666666666666666
1898,1898.0,1.0,160.0,48.0,112.0,25.2,81.0,27.0,54.0,24.0,865984.0,268992.0,710888.0,193088.0,4.0,0.0,51.0,5.0,0.0,1690.0,0.0,5e-05,20000000.0,17319680.0,5379840.0,14217760.0,3861760.0,0.7,0.6666666666666666
1899,1899.0,1.0,160.0,48.0,112.0,25.99,81.0,27.0,54.0,27.0,892224.0,275552.0,935928.0,311976.0,4.0,0.0,51.0,5.0,0.0,380.0,0.0,5e-05,20000000.0,17844480.0,5511040.0,18718560.0,6239520.0,0.7,0.6666666666666666
1900,1900.0,1.0,160.0,48.0,112.0,26.12,81.0,27.0,54.0,24.11,892224.0,275552.0,541464.0,213360.0,4.0,0.0,51.0,5.0,0.0,900.0,0.0,5e-05,20000000.0,17844480.0,5511040.0,10829280.0,4267200.0,0.7,0.6666666666666666
1901,1901.0,1.0,160.0,48.0,112.0,25.0,144.0,53.0,91.0,21.0,212224.0,66432.0,419232.0,133184.0,2.0,0.0,51.0,5.0,0.0,4050.0,0.0,5e-05,20000000.0,4244480.0,1328640.0,8384640.0,2663680.0,0.7,0.6319444444444444
1902,1902.0,1.0,145.0,45.0,100.0,20.44,45.0,15.0,30.0,24.0,1257792.0,397952.0,981200.0,248288.0,7.0,0.0,51.0,5.0,0.0,3890.0,0.0,5e-05,20000000.0,25155840.0,7959040.0,19624000.0,4965760.0,0.6896551724137931,0.6666666666666666
1903,1903.0,1.0,80.0,25.0,55.0,25.06,18.0,6.0,12.0,24.0,2242712.0,709856.0,781936.0,241456.0,14.0,0.0,51.0,5.0,0.0,1690.0,0.0,5e-05,20000000.0,44854240.0,14197120.0,15638720.0,4829120.0,0.6875,0.6666666666666666
1904,1904.0,1.0,145.0,45.0,100.0,25.72,45.0,15.0,30.0,24.0,2028192.0,637632.0,877936.0,261856.0,7.0,0.0,51.0,5.0,0.0,1910.0,0.0,5e-05,20000000.0,40563840.0,12752640.0,17558720.0,5237120.0,0.6896551724137931,0.6666666666666666
1905,1905.0,1.0,145.0,47.0,98.0,24.79,45.0,15.0,30.0,27.0,1976832.0,587888.0,1099368.0,366456.0,7.0,0.0,51.0,5.0,0.0,2090.0,0.0,5e-05,20000000.0,39536640.0,11757760.0,21987360.0,7329120.0,0.6758620689655173,0.6666666666666666
1906,1906.0,1.0,160.0,60.0,100.0,21.11,144.0,54.0,90.0,19.05,166840.0,59472.0,345384.0,111600.0,2.0,0.0,51.0,5.0,0.0,4680.0,0.0,5e-05,20000000.0,3336800.0,1189440.0,6907680.0,2232000.0,0.625,0.625
1907,1907.0,1.0,80.0,24.0,56.0,26.1,18.0,6.0,12.0,27.0,2399416.0,708056.0,1069776.0,356592.0,14.0,0.0,51.0,5.0,0.0,1250.0,0.0,5e-05,20000000.0,47988320.0,14161120.0,21395520.0,7131840.0,0.7,0.6666666666666666
1908,1908.0,1.0,160.0,60.0,100.0,21.82,81.0,27.0,54.0,22.36,690952.0,247224.0,579560.0,193088.0,4.0,0.0,51.0,5.0,0.0,3340.0,0.0,5e-05,20000000.0,13819040.0,4944480.0,11591200.0,3861760.0,0.625,0.6666666666666666
1909,1909.0,1.0,145.0,52.0,93.0,24.1,45.0,15.0,30.0,27.0,1703392.0,604888.0,1099368.0,366456.0,7.0,0.0,51.0,5.0,0.0,790.0,0.0,5e-05,20000000.0,34067840.0,12097760.0,21987360.0,7329120.0,0.6413793103448275,0.6666666666666666
1910,1910.0,1.0,80.0,25.0,55.0,26.21,18.0,6.0,12.0,27.0,2476440.0,768288.0,1069776.0,356592.0,14.0,0.0,51.0,5.0,0.0,1870.0,0.0,5e-05,20000000.0,49528800.0,15365760.0,21395520.0,7131840.0,0.6875,0.6666666666666666
1911,1911.0,1.0,145.0,45.0,100.0,21.01,45.0,15.0,30.0,21.0,1155072.0,380832.0,508528.0,130120.0,7.0,0.0,51.0,5.0,0.0,3830.0,0.0,5e-05,20000000.0,23101440.0,7616640.0,10170560.0,2602400.0,0.6896551724137931,0.6666666666666666
1912,1912.0,1.0,145.0,45.0,100.0,23.19,45.0,15.0,30.0,24.0,1299072.0,416832.0,981200.0,248288.0,7.0,0.0,51.0,5.0,0.0,3950.0,0.0,5e-05,20000000.0,25981440.0,8336640.0,19624000.0,4965760.0,0.6896551724137931,0.6666666666666666
1913,1913.0,1.0,160.0,48.0,112.0,25.9,81.0,27.0,54.0,24.0,865984.0,268992.0,786704.0,202184.0,4.0,0.0,51.0,5.0,0.0,1500.0,0.0,5e-05,20000000.0,17319680.0,5379840.0,15734080.0,4043680.0,0.7,0.6666666666666666
1914,1914.0,1.0,145.0,51.0,94.0,24.1,45.0,15.0,30.0,27.0,1806112.0,586960.0,1099368.0,366456.0,7.0,0.0,51.0,5.0,0.0,730.0,0.0,5e-05,20000000.0,36122240.0,11739200.0,21987360.0,7329120.0,0.6482758620689655,0.6666666666666666
1915,1915.0,1.0,160.0,58.0,102.0,18.31,144.0,50.0,94.0,21.14,99304.0,35224.0,375792.0,128432.0,2.0,0.0,51.0,5.0,0.0,4920.0,0.0,5e-05,20000000.0,1986080.0,704480.0,7515840.0,2568640.0,0.6375,0.6527777777777778
1916,1916.0,1.0,160.0,48.0,112.0,25.6,144.0,67.0,77.0,19.5,226560.0,70016.0,393168.0,135088.0,2.0,0.0,51.0,5.0,0.0,2680.0,0.0,5e-05,20000000.0,4531200.0,1400320.0,7863360.0,2701760.0,0.7,0.5347222222222222
1917,1917.0,1.0,160.0,48.0,112.0,23.0,81.0,28.0,53.0,15.41,830272.0,260064.0,363136.0,96576.0,4.0,0.0,51.0,5.0,0.0,4770.0,0.0,5e-05,20000000.0,16605440.0,5201280.0,7262720.0,1931520.0,0.7,0.654320987654321
1918,1918.0,1.0,80.0,28.0,52.0,24.05,18.0,7.0,11.0,21.0,1996944.0,647512.0,666800.0,185752.0,14.0,0.0,51.0,5.0,0.0,800.0,0.0,5e-05,20000000.0,39938880.0,12950240.0,13336000.0,3715040.0,0.65,0.6111111111111112
1919,1919.0,1.0,80.0,24.0,56.0,25.56,18.0,6.0,12.0,27.0,2281888.0,668880.0,1069776.0,356592.0,14.0,0.0,51.0,5.0,0.0,3570.0,0.0,5e-05,20000000.0,45637760.0,13377600.0,21395520.0,7131840.0,0.7,0.6666666666666666
1920,1920.0,1.0,145.0,46.0,99.0,25.97,45.0,15.0,30.0,27.0,2028672.0,668520.0,1099368.0,366456.0,7.0,0.0,51.0,5.0,0.0,2940.0,0.0,5e-05,20000000.0,40573440.0,13370400.0,21987360.0,7329120.0,0.6827586206896552,0.6666666666666666
1921,1921.0,1.0,80.0,26.0,54.0,24.31,18.0,6.0,12.0,27.0,1809840.0,613232.0,1069776.0,356592.0,14.0,0.0,51.0,5.0,0.0,1460.0,0.0,5e-05,20000000.0,36196800.0,12264640.0,21395520.0,7131840.0,0.675,0.6666666666666666
1922,1922.0,1.0,145.0,45.0,100.0,26.06,45.0,15.0,30.0,27.0,2120832.0,673632.0,1099368.0,366456.0,7.0,0.0,51.0,5.0,0.0,250.0,0.0,5e-05,20000000.0,42416640.0,13472640.0,21987360.0,7329120.0,0.6896551724137931,0.6666666666666666
1923,1923.0,1.0,160.0,48.0,112.0,25.95,81.0,27.0,54.0,23.38,865984.0,268992.0,675912.0,193088.0,4.0,0.0,51.0,5.0,0.0,1410.0,0.0,5e-05,20000000.0,17319680.0,5379840.0,13518240.0,3861760.0,0.7,0.6666666666666666
1924,1924.0,1.0,160.0,55.0,105.0,23.25,81.0,27.0,54.0,27.0,579008.0,206264.0,935928.0,311976.0,4.0,0.0,51.0,5.0,0.0,3580.0,0.0,5e-05,20000000.0,11580160.0,4125280.0,18718560.0,6239520.0,0.65625,0.6666666666666666
1925,1925.0,1.0,160.0,48.0,112.0,25.4,144.0,56.0,88.0,21.75,219904.0,68352.0,419232.0,129248.0,2.0,0.0,51.0,5.0,0.0,1680.0,0.0,5e-05,20000000.0,4398080.0,1367040.0,8384640.0,2584960.0,0.7,0.6111111111111112
1926,1926.0,1.0,160.0,48.0,112.0,26.08,81.0,27.0,54.0,27.0,892224.0,275552.0,935928.0,311976.0,4.0,0.0,51.0,5.0,0.0,1840.0,0.0,5e-05,20000000.0,17844480.0,5511040.0,18718560.0,6239520.0,0.7,0.6666666666666666
1927,1927.0,1.0,160.0,53.0,107.0,20.18,81.0,32.0,49.0,14.79,532832.0,189880.0,424216.0,167776.0,4.0,0.0,51.0,5.0,0.0,4670.0,0.0,5e-05,20000000.0,10656640.0,3797600.0,8484320.0,3355520.0,0.66875,0.6049382716049383
1928,1928.0,1.0,160.0,48.0,112.0,26.3,144.0,48.0,96.0,27.0,226560.0,70016.0,645120.0,215040.0,2.0,0.0,51.0,5.0,0.0,460.0,0.0,5e-05,20000000.0,4531200.0,1400320.0,12902400.0,4300800.0,0.7,0.6666666666666666
1929,1929.0,1.0,160.0,48.0,112.0,24.62,81.0,28.0,53.0,22.67,830272.0,260064.0,441184.0,161888.0,4.0,0.0,51.0,5.0,0.0,4050.0,0.0,5e-05,20000000.0,16605440.0,5201280.0,8823680.0,3237760.0,0.7,0.654320987654321
1930,1930.0,1.0,160.0,48.0,112.0,25.75,81.0,27.0,54.0,27.0,865984.0,268992.0,935928.0,311976.0,4.0,0.0,51.0,5.0,0.0,2640.0,0.0,5e-05,20000000.0,17319680.0,5379840.0,18718560.0,6239520.0,0.7,0.6666666666666666
1931,1931.0,1.0,145.0,46.0,99.0,24.74,45.0,16.0,29.0,21.27,2165152.0,689800.0,694536.0,223800.0,7.0,0.0,51.0,5.0,0.0,1010.0,0.0,5e-05,20000000.0,43303040.0,13796000.0,13890720.0,4476000.0,0.6827586206896552,0.6444444444444445
1932,1932.0,1.0,80.0,24.0,56.0,25.52,18.0,6.0,12.0,27.0,2201600.0,648808.0,1069776.0,356592.0,14.0,0.0,51.0,5.0,0.0,1280.0,0.0,5e-05,20000000.0,44032000.0,12976160.0,21395520.0,7131840.0,0.7,0.6666666666666666
1933,1933.0,1.0,80.0,26.0,54.0,25.66,18.0,6.0,12.0,27.0,2252944.0,724008.0,1069776.0,356592.0,14.0,0.0,51.0,5.0,0.0,720.0,0.0,5e-05,20000000.0,45058880.0,14480160.0,21395520.0,7131840.0,0.675,0.6666666666666666
1934,1934.0,1.0,160.0,48.0,112.0,26.3,144.0,48.0,96.0,24.0,226560.0,70016.0,575616.0,145536.0,2.0,0.0,51.0,5.0,0.0,3840.0,0.0,5e-05,20000000.0,4531200.0,1400320.0,11512320.0,2910720.0,0.7,0.6666666666666666
1935,1935.0,1.0,145.0,45.0,100.0,26.28,45.0,15.0,30.0,27.0,2182272.0,688992.0,1099368.0,366456.0,7.0,0.0,51.0,5.0,0.0,1990.0,0.0,5e-05,20000000.0,43645440.0,13779840.0,21987360.0,7329120.0,0.6896551724137931,0.6666666666666666
1936,1936.0,1.0,145.0,45.0,100.0,22.64,45.0,15.0,30.0,24.0,1874112.0,483552.0,981200.0,248288.0,7.0,0.0,51.0,5.0,0.0,4540.0,0.0,5e-05,20000000.0,37482240.0,9671040.0,19624000.0,4965760.0,0.6896551724137931,0.6666666666666666
1937,1937.0,1.0,160.0,48.0,112.0,26.2,144.0,55.0,89.0,19.77,219904.0,68352.0,414888.0,116080.0,2.0,0.0,51.0,5.0,0.0,3600.0,0.0,5e-05,20000000.0,4398080.0,1367040.0,8297760.0,2321600.0,0.7,0.6180555555555556
1938,1938.0,1.0,160.0,50.0,110.0,21.53,81.0,27.0,54.0,27.0,492896.0,171864.0,935928.0,311976.0,4.0,0.0,51.0,5.0,0.0,4560.0,0.0,5e-05,20000000.0,9857920.0,3437280.0,18718560.0,6239520.0,0.6875,0.6666666666666666
1939,1939.0,1.0,145.0,46.0,99.0,26.28,45.0,15.0,30.0,27.0,2182272.0,706920.0,1099368.0,366456.0,7.0,0.0,51.0,5.0,0.0,290.0,0.0,5e-05,20000000.0,43645440.0,14138400.0,21987360.0,7329120.0,0.6827586206896552,0.6666666666666666
1940,1940.0,1.0,160.0,48.0,112.0,26.0,144.0,48.0,96.0,24.0,212224.0,66432.0,575616.0,145536.0,2.0,0.0,51.0,5.0,0.0,590.0,0.0,5e-05,20000000.0,4244480.0,1328640.0,11512320.0,2910720.0,0.7,0.6666666666666666
1941,1941.0,1.0,160.0,48.0,112.0,26.2,144.0,48.0,96.0,27.0,219904.0,68352.0,645120.0,215040.0,2.0,0.0,51.0,5.0,0.0,3330.0,0.0,5e-05,20000000.0,4398080.0,1367040.0,12902400.0,4300800.0,0.7,0.6666666666666666
1942,1942.0,1.0,160.0,54.0,106.0,21.02,144.0,48.0,96.0,24.0,175104.0,44672.0,575616.0,145536.0,2.0,0.0,51.0,5.0,0.0,4840.0,0.0,5e-05,20000000.0,3502080.0,893440.0,11512320.0,2910720.0,0.6625,0.6666666666666666
1943,1943.0,1.0,160.0,48.0,112.0,25.4,144.0,53.0,91.0,21.94,219904.0,68352.0,384480.0,120152.0,2.0,0.0,51.0,5.0,0.0,3370.0,0.0,5e-05,20000000.0,4398080.0,1367040.0,7689600.0,2403040.0,0.7,0.6319444444444444
1944,1944.0,1.0,80.0,25.0,55.0,25.02,18.0,6.0,12.0,27.0,2318768.0,669864.0,1069776.0,356592.0,14.0,0.0,51.0,5.0,0.0,2750.0,0.0,5e-05,20000000.0,46375360.0,13397280.0,21395520.0,7131840.0,0.6875,0.6666666666666666
1945,1945.0,1.0,160.0,48.0,112.0,26.08,81.0,27.0,54.0,27.0,892224.0,275552.0,935928.0,311976.0,4.0,0.0,51.0,5.0,0.0,210.0,0.0,5e-05,20000000.0,17844480.0,5511040.0,18718560.0,6239520.0,0.7,0.6666666666666666
1946,1946.0,1.0,160.0,48.0,112.0,25.95,81.0,27.0,54.0,23.33,865984.0,268992.0,728896.0,184696.0,4.0,0.0,51.0,5.0,0.0,1300.0,0.0,5e-05,20000000.0,17319680.0,5379840.0,14577920.0,3693920.0,0.7,0.6666666666666666
1947,1947.0,1.0,145.0,44.0,101.0,16.81,45.0,15.0,30.0,18.6,864032.0,260184.0,615376.0,235600.0,7.0,0.0,51.0,5.0,0.0,4930.0,0.0,5e-05,20000000.0,17280640.0,5203680.0,12307520.0,4712000.0,0.696551724137931,0.6666666666666666
1948,1948.0,1.0,160.0,60.0,100.0,23.5,144.0,48.0,96.0,27.0,174880.0,62688.0,645120.0,215040.0,2.0,0.0,51.0,5.0,0.0,2430.0,0.0,5e-05,20000000.0,3497600.0,1253760.0,12902400.0,4300800.0,0.625,0.6666666666666666
1949,1949.0,1.0,160.0,48.0,112.0,26.12,81.0,27.0,54.0,27.0,892224.0,275552.0,935928.0,311976.0,4.0,0.0,51.0,5.0,0.0,1150.0,0.0,5e-05,20000000.0,17844480.0,5511040.0,18718560.0,6239520.0,0.7,0.6666666666666666
1950,1950.0,1.0,160.0,59.0,101.0,21.09,144.0,48.0,96.0,24.0,144552.0,44992.0,510456.0,145536.0,2.0,0.0,51.0,5.0,0.0,3100.0,0.0,5e-05,20000000.0,2891040.0,899840.0,10209120.0,2910720.0,0.63125,0.6666666666666666
1951,1951.0,1.0,80.0,25.0,55.0,21.94,18.0,6.0,12.0,24.0,2025792.0,513008.0,954640.0,241456.0,14.0,0.0,51.0,5.0,0.0,4480.0,0.0,5e-05,20000000.0,40515840.0,10260160.0,19092800.0,4829120.0,0.6875,0.6666666666666666
1952,1952.0,1.0,145.0,47.0,98.0,24.99,45.0,16.0,29.0,21.04,1942592.0,622128.0,745288.0,262744.0,7.0,0.0,51.0,5.0,0.0,2200.0,0.0,5e-05,20000000.0,38851840.0,12442560.0,14905760.0,5254880.0,0.6758620689655173,0.6444444444444445
1953,1953.0,1.0,160.0,56.0,104.0,23.38,81.0,27.0,54.0,27.0,741456.0,227536.0,935928.0,311976.0,4.0,0.0,51.0,5.0,0.0,2330.0,0.0,5e-05,20000000.0,14829120.0,4550720.0,18718560.0,6239520.0,0.65,0.6666666666666666
1954,1954.0,1.0,80.0,25.0,55.0,24.61,18.0,6.0,12.0,27.0,1769336.0,591512.0,1069776.0,356592.0,14.0,0.0,51.0,5.0,0.0,2850.0,0.0,5e-05,20000000.0,35386720.0,11830240.0,21395520.0,7131840.0,0.6875,0.6666666666666666
1955,1955.0,1.0,145.0,45.0,100.0,26.28,45.0,15.0,30.0,27.0,2182272.0,688992.0,1099368.0,366456.0,7.0,0.0,51.0,5.0,0.0,1140.0,0.0,5e-05,20000000.0,43645440.0,13779840.0,21987360.0,7329120.0,0.6896551724137931,0.6666666666666666
1956,1956.0,1.0,80.0,25.0,55.0,26.21,18.0,6.0,12.0,27.0,2476440.0,768288.0,1069776.0,356592.0,14.0,0.0,51.0,5.0,0.0,3090.0,0.0,5e-05,20000000.0,49528800.0,15365760.0,21395520.0,7131840.0,0.6875,0.6666666666666666
1957,1957.0,1.0,80.0,25.0,55.0,20.55,18.0,6.0,12.0,18.22,1377576.0,473984.0,609232.0,241456.0,14.0,0.0,51.0,5.0,0.0,4380.0,0.0,5e-05,20000000.0,27551520.0,9479680.0,12184640.0,4829120.0,0.6875,0.6666666666666666
1958,1958.0,1.0,80.0,25.0,55.0,25.88,18.0,6.0,12.0,27.0,2358912.0,729112.0,1069776.0,356592.0,14.0,0.0,51.0,5.0,0.0,1920.0,0.0,5e-05,20000000.0,47178240.0,14582240.0,21395520.0,7131840.0,0.6875,0.6666666666666666
1959,1959.0,1.0,160.0,48.0,112.0,26.12,81.0,27.0,54.0,27.0,892224.0,275552.0,935928.0,311976.0,4.0,0.0,51.0,5.0,0.0,130.0,0.0,5e-05,20000000.0,17844480.0,5511040.0,18718560.0,6239520.0,0.7,0.6666666666666666
1960,1960.0,1.0,145.0,45.0,100.0,16.68,45.0,15.0,30.0,24.0,1093632.0,279872.0,981200.0,248288.0,7.0,0.0,51.0,5.0,0.0,3650.0,0.0,5e-05,20000000.0,21872640.0,5597440.0,19624000.0,4965760.0,0.6896551724137931,0.6666666666666666
1961,1961.0,1.0,80.0,25.0,55.0,24.65,18.0,6.0,12.0,24.0,2300992.0,650608.0,954640.0,241456.0,14.0,0.0,51.0,5.0,0.0,2590.0,0.0,5e-05,20000000.0,46019840.0,13012160.0,19092800.0,4829120.0,0.6875,0.6666666666666666
1962,1962.0,1.0,145.0,47.0,98.0,25.13,45.0,15.0,30.0,24.0,1932512.0,623888.0,956704.0,261856.0,7.0,0.0,51.0,5.0,0.0,1500.0,0.0,5e-05,20000000.0,38650240.0,12477760.0,19134080.0,5237120.0,0.6758620689655173,0.6666666666666666
1963,1963.0,1.0,160.0,57.0,103.0,20.8,144.0,48.0,96.0,24.0,168448.0,43200.0,575616.0,145536.0,2.0,0.0,51.0,5.0,0.0,4660.0,0.0,5e-05,20000000.0,3368960.0,864000.0,11512320.0,2910720.0,0.64375,0.6666666666666666
1964,1964.0,1.0,145.0,48.0,97.0,24.19,45.0,19.0,26.0,21.0,1703392.0,567416.0,851680.0,265408.0,7.0,0.0,51.0,5.0,0.0,600.0,0.0,5e-05,20000000.0,34067840.0,11348320.0,17033600.0,5308160.0,0.6689655172413793,0.5777777777777777
1965,1965.0,1.0,160.0,56.0,104.0,20.64,81.0,27.0,54.0,24.0,664384.0,170720.0,835232.0,211280.0,4.0,0.0,51.0,5.0,0.0,2420.0,0.0,5e-05,20000000.0,13287680.0,3414400.0,16704640.0,4225600.0,0.65,0.6666666666666666
1966,1966.0,1.0,80.0,25.0,55.0,25.29,18.0,6.0,12.0,24.0,2082744.0,669864.0,609232.0,241456.0,14.0,0.0,51.0,5.0,0.0,4220.0,0.0,5e-05,20000000.0,41654880.0,13397280.0,12184640.0,4829120.0,0.6875,0.6666666666666666
1967,1967.0,1.0,160.0,48.0,112.0,26.12,81.0,27.0,54.0,27.0,892224.0,275552.0,935928.0,311976.0,4.0,0.0,51.0,5.0,0.0,120.0,0.0,5e-05,20000000.0,17844480.0,5511040.0,18718560.0,6239520.0,0.7,0.6666666666666666
1968,1968.0,1.0,160.0,48.0,112.0,25.25,81.0,27.0,54.0,20.09,892224.0,275552.0,448088.0,114968.0,4.0,0.0,51.0,5.0,0.0,3420.0,0.0,5e-05,20000000.0,17844480.0,5511040.0,8961760.0,2299360.0,0.7,0.6666666666666666
1969,1969.0,1.0,80.0,25.0,55.0,24.11,18.0,6.0,12.0,24.0,2260488.0,630688.0,954640.0,241456.0,14.0,0.0,51.0,5.0,0.0,3480.0,0.0,5e-05,20000000.0,45209760.0,12613760.0,19092800.0,4829120.0,0.6875,0.6666666666666666
1970,1970.0,1.0,160.0,48.0,112.0,25.85,81.0,27.0,54.0,27.0,865984.0,268992.0,935928.0,311976.0,4.0,0.0,51.0,5.0,0.0,250.0,0.0,5e-05,20000000.0,17319680.0,5379840.0,18718560.0,6239520.0,0.7,0.6666666666666666
1971,1971.0,1.0,160.0,48.0,112.0,25.95,81.0,27.0,54.0,27.0,865984.0,268992.0,935928.0,311976.0,4.0,0.0,51.0,5.0,0.0,160.0,0.0,5e-05,20000000.0,17319680.0,5379840.0,18718560.0,6239520.0,0.7,0.6666666666666666
1972,1972.0,1.0,160.0,48.0,112.0,25.38,81.0,27.0,54.0,22.0,892224.0,275552.0,374824.0,131824.0,4.0,0.0,51.0,5.0,0.0,4110.0,0.0,5e-05,20000000.0,17844480.0,5511040.0,7496480.0,2636480.0,0.7,0.6666666666666666
1973,1973.0,1.0,145.0,46.0,99.0,25.27,45.0,17.0,28.0,22.2,2103712.0,674440.0,773304.0,250944.0,7.0,0.0,51.0,5.0,0.0,1360.0,0.0,5e-05,20000000.0,42074240.0,13488800.0,15466080.0,5018880.0,0.6827586206896552,0.6222222222222222
1974,1974.0,1.0,145.0,47.0,98.0,25.34,45.0,15.0,30.0,24.0,2045312.0,639248.0,981200.0,248288.0,7.0,0.0,51.0,5.0,0.0,300.0,0.0,5e-05,20000000.0,40906240.0,12784960.0,19624000.0,4965760.0,0.6758620689655173,0.6666666666666666
1975,1975.0,1.0,160.0,48.0,112.0,26.3,144.0,48.0,96.0,24.0,226560.0,70016.0,575616.0,145536.0,2.0,0.0,51.0,5.0,0.0,1060.0,0.0,5e-05,20000000.0,4531200.0,1400320.0,11512320.0,2910720.0,0.7,0.6666666666666666
1976,1976.0,1.0,80.0,25.0,55.0,24.84,18.0,6.0,12.0,24.0,2202208.0,689936.0,609232.0,241456.0,14.0,0.0,51.0,5.0,0.0,2040.0,0.0,5e-05,20000000.0,44044160.0,13798720.0,12184640.0,4829120.0,0.6875,0.6666666666666666
1977,1977.0,1.0,160.0,48.0,112.0,26.2,144.0,48.0,96.0,24.0,219904.0,68352.0,575616.0,145536.0,2.0,0.0,51.0,5.0,0.0,1530.0,0.0,5e-05,20000000.0,4398080.0,1367040.0,11512320.0,2910720.0,0.7,0.6666666666666666
1978,1978.0,1.0,160.0,48.0,112.0,26.0,81.0,29.0,52.0,21.1,865984.0,268992.0,567232.0,185560.0,4.0,0.0,51.0,5.0,0.0,3610.0,0.0,5e-05,20000000.0,17319680.0,5379840.0,11344640.0,3711200.0,0.7,0.6419753086419753
1979,1979.0,1.0,160.0,52.0,108.0,23.21,81.0,27.0,54.0,27.0,566424.0,201288.0,935928.0,311976.0,4.0,0.0,51.0,5.0,0.0,4260.0,0.0,5e-05,20000000.0,11328480.0,4025760.0,18718560.0,6239520.0,0.675,0.6666666666666666
1980,1980.0,1.0,80.0,25.0,55.0,24.99,18.0,6.0,12.0,24.0,2232872.0,662960.0,954640.0,241456.0,14.0,0.0,51.0,5.0,0.0,590.0,0.0,5e-05,20000000.0,44657440.0,13259200.0,19092800.0,4829120.0,0.6875,0.6666666666666666
1981,1981.0,1.0,160.0,48.0,112.0,25.15,81.0,28.0,53.0,22.33,865984.0,268992.0,452576.0,149448.0,4.0,0.0,51.0,5.0,0.0,3370.0,0.0,5e-05,20000000.0,17319680.0,5379840.0,9051520.0,2988960.0,0.7,0.654320987654321
1982,1982.0,1.0,160.0,48.0,112.0,26.2,144.0,48.0,96.0,27.0,219904.0,68352.0,645120.0,215040.0,2.0,0.0,51.0,5.0,0.0,2580.0,0.0,5e-05,20000000.0,4398080.0,1367040.0,12902400.0,4300800.0,0.7,0.6666666666666666
1983,1983.0,1.0,160.0,48.0,112.0,26.3,144.0,48.0,96.0,27.0,226560.0,70016.0,645120.0,215040.0,2.0,0.0,51.0,5.0,0.0,4940.0,0.0,5e-05,20000000.0,4531200.0,1400320.0,12902400.0,4300800.0,0.7,0.6666666666666666
1984,1984.0,1.0,145.0,44.0,101.0,20.75,45.0,15.0,30.0,14.67,1418912.0,398904.0,249552.0,144144.0,7.0,0.0,51.0,5.0,0.0,4330.0,0.0,5e-05,20000000.0,28378240.0,7978080.0,4991040.0,2882880.0,0.696551724137931,0.6666666666666666
1985,1985.0,1.0,80.0,25.0,55.0,18.66,18.0,6.0,12.0,18.22,1318328.0,414736.0,494096.0,126320.0,14.0,0.0,51.0,5.0,0.0,4370.0,0.0,5e-05,20000000.0,26366560.0,8294720.0,9881920.0,2526400.0,0.6875,0.6666666666666666
1986,1986.0,1.0,160.0,48.0,112.0,26.3,144.0,48.0,96.0,24.11,226560.0,70016.0,372736.0,146944.0,2.0,0.0,51.0,5.0,0.0,1900.0,0.0,5e-05,20000000.0,4531200.0,1400320.0,7454720.0,2938880.0,0.7,0.6666666666666666
1987,1987.0,1.0,80.0,25.0,55.0,24.35,18.0,6.0,12.0,21.22,2082744.0,669864.0,609232.0,241456.0,14.0,0.0,51.0,5.0,0.0,4230.0,0.0,5e-05,20000000.0,41654880.0,13397280.0,12184640.0,4829120.0,0.6875,0.6666666666666666
1988,1988.0,1.0,80.0,25.0,55.0,26.3,18.0,6.0,12.0,27.0,2476440.0,768288.0,1069776.0,356592.0,14.0,0.0,51.0,5.0,0.0,410.0,0.0,5e-05,20000000.0,49528800.0,15365760.0,21395520.0,7131840.0,0.6875,0.6666666666666666
1989,1989.0,1.0,160.0,53.0,107.0,20.3,144.0,64.0,80.0,15.24,133432.0,49064.0,306288.0,117304.0,2.0,0.0,51.0,5.0,0.0,4790.0,0.0,5e-05,20000000.0,2668640.0,981280.0,6125760.0,2346080.0,0.66875,0.5555555555555556
1990,1990.0,1.0,160.0,57.0,103.0,21.9,144.0,48.0,96.0,21.22,182920.0,57672.0,372736.0,146944.0,2.0,0.0,51.0,5.0,0.0,3380.0,0.0,5e-05,20000000.0,3658400.0,1153440.0,7454720.0,2938880.0,0.64375,0.6666666666666666
1991,1991.0,1.0,160.0,48.0,112.0,25.85,81.0,27.0,54.0,27.0,865984.0,268992.0,935928.0,311976.0,4.0,0.0,51.0,5.0,0.0,2470.0,0.0,5e-05,20000000.0,17319680.0,5379840.0,18718560.0,6239520.0,0.7,0.6666666666666666
1992,1992.0,1.0,160.0,48.0,112.0,26.3,144.0,55.0,89.0,21.29,226560.0,70016.0,419232.0,137800.0,2.0,0.0,51.0,5.0,0.0,3210.0,0.0,5e-05,20000000.0,4531200.0,1400320.0,8384640.0,2756000.0,0.7,0.6180555555555556
1993,1993.0,1.0,80.0,25.0,55.0,24.65,18.0,6.0,12.0,27.0,2056096.0,584608.0,1069776.0,356592.0,14.0,0.0,51.0,5.0,0.0,2990.0,0.0,5e-05,20000000.0,41121920.0,11692160.0,21395520.0,7131840.0,0.6875,0.6666666666666666
1994,1994.0,1.0,160.0,48.0,112.0,25.95,81.0,27.0,54.0,24.0,865984.0,268992.0,835232.0,211280.0,4.0,0.0,51.0,5.0,0.0,2530.0,0.0,5e-05,20000000.0,17319680.0,5379840.0,16704640.0,4225600.0,0.7,0.6666666666666666
1995,1995.0,1.0,160.0,58.0,102.0,20.61,81.0,27.0,54.0,24.0,535848.0,164616.0,615944.0,202184.0,4.0,0.0,51.0,5.0,0.0,2610.0,0.0,5e-05,20000000.0,10716960.0,3292320.0,12318880.0,4043680.0,0.6375,0.6666666666666666
1996,1996.0,1.0,145.0,45.0,100.0,26.17,45.0,15.0,30.0,27.0,2120832.0,673632.0,1099368.0,366456.0,7.0,0.0,51.0,5.0,0.0,1660.0,0.0,5e-05,20000000.0,42416640.0,13472640.0,21987360.0,7329120.0,0.6896551724137931,0.6666666666666666
1997,1997.0,1.0,160.0,48.0,112.0,26.3,144.0,48.0,96.0,24.0,226560.0,70016.0,523488.0,145536.0,2.0,0.0,51.0,5.0,0.0,2100.0,0.0,5e-05,20000000.0,4531200.0,1400320.0,10469760.0,2910720.0,0.7,0.6666666666666666
1998,1998.0,1.0,80.0,25.0,55.0,25.26,18.0,6.0,12.0,24.0,2319736.0,729112.0,609232.0,241456.0,14.0,0.0,51.0,5.0,0.0,2050.0,0.0,5e-05,20000000.0,46394720.0,14582240.0,12184640.0,4829120.0,0.6875,0.6666666666666666
1999,1999.0,1.0,80.0,26.0,54.0,25.18,18.0,6.0,12.0,24.0,2437264.0,770088.0,954640.0,241456.0,14.0,0.0,51.0,5.0,0.0,340.0,0.0,5e-05,20000000.0,48745280.0,15401760.0,19092800.0,4829120.0,0.675,0.6666666666666666
