,RNTI,numDLTotal,numDLnew,numReTx_DL,avgMCS_DL,numULTotal,numULnew,numReTx_UL,avgMCS_UL,DL_throughput_bits,DL_goodput_bits,UL_throughput_bits,UL_goodput_bits,TTI,PulseBWoffset,numRBs,NumFrames,pulseAttenuation,FolderName,prf,FreqOffset,PulseWidth,BW,DL_throughput_bps,DL_goodput_bps,UL_throughput_bps,UL_goodput_bps,DLReTxPrcnt,ULReTxPrcnt
0,1,320,80,240,26.3,304,95,209,25.58,494080,123520,1279384,356096,2,0,51,10,0,250422-093835_Run_133_Idx_92648,340,0,5e-05,20000000,4940800.0,1235200.0,12793840.0,3560960.0,0.75,0.6875
1,1,290,78,212,26.59,95,25,70,27.0,4720392,1265256,2320888,610760,7,0,51,10,0,250422-062118_Run_59_Idx_42567,150,0,5e-05,20000000,47203920.0,12652560.0,23208880.0,6107600.0,0.7310344827586207,0.7368421052631579
2,1,320,80,240,26.5,171,54,117,25.26,1942144,485536,1768816,496672,4,0,51,10,0,250422-083947_Run_518_Idx_94655,1300,0,5e-05,20000000,19421440.0,4855360.0,17688160.0,4966720.0,0.75,0.6842105263157895
3,1,290,86,204,21.18,95,30,65,22.29,2967592,837800,1840384,511480,7,0,51,10,0,250422-071030_Run_919_Idx_48592,2300,0,5e-05,20000000,29675920.0,8378000.0,18403840.0,5114800.0,0.7034482758620689,0.6842105263157895
4,1,320,107,213,23.83,304,89,215,25.58,421496,118760,1201192,329216,2,0,51,10,0,250422-070404_Run_1041_Idx_52642,2610,0,5e-05,20000000,4214960.0,1187600.0,12011920.0,3292160.0,0.665625,0.7072368421052632
5,1,320,80,240,26.5,171,45,126,27.0,1915904,478976,1975848,519960,4,0,51,10,0,250422-070645_Run_326_Idx_51250,820,0,5e-05,20000000,19159040.0,4789760.0,19758480.0,5199600.0,0.75,0.7368421052631579
6,1,160,44,116,25.89,38,12,26,25.58,5021520,1309352,2143280,598048,14,0,51,10,0,250422-082418_Run_168_Idx_94830,420,0,5e-05,20000000,50215200.0,13093520.0,21432800.0,5980480.0,0.725,0.6842105263157895
7,1,320,102,218,23.26,171,51,120,25.58,1399840,380600,1795696,482528,4,0,51,10,0,250422-083840_Run_994_Idx_50079,2490,0,5e-05,20000000,13998400.0,3806000.0,17956960.0,4825280.0,0.68125,0.7017543859649122
8,1,320,80,240,26.54,171,54,117,25.58,1942144,485536,1875152,523256,4,0,51,10,0,250422-061117_Run_38_Idx_25126,100,0,5e-05,20000000,19421440.0,4855360.0,18751520.0,5232560.0,0.75,0.6842105263157895
9,1,290,78,212,24.03,95,26,69,25.03,3532072,955336,1972576,534184,7,0,51,10,0,250422-104253_Run_1287_Idx_89856,3220,0,5e-05,20000000,35320720.0,9553360.0,19725760.0,5341840.0,0.7310344827586207,0.7263157894736842
10,1,160,43,117,25.52,38,12,26,24.32,4805928,1269096,1913008,540480,14,0,51,10,0,250422-100213_Run_240_Idx_74420,600,0,5e-05,20000000,48059280.0,12690960.0,19130080.0,5404800.0,0.73125,0.6842105263157895
11,1,320,94,226,24.99,304,80,224,27.0,452272,121200,1361920,358400,2,0,51,10,0,250422-085051_Run_513_Idx_35818,1290,0,5e-05,20000000,4522720.0,1212000.0,13619200.0,3584000.0,0.70625,0.7368421052631579
12,1,290,81,209,24.33,95,26,69,22.71,3915752,1079360,1498536,416016,7,0,51,10,0,250422-112510_Run_1087_Idx_1978,2720,0,5e-05,20000000,39157520.0,10793600.0,14985360.0,4160160.0,0.7206896551724138,0.7263157894736842
13,1,320,80,240,26.0,304,90,214,25.58,479744,119936,1214224,333696,2,0,51,10,0,250422-063534_Run_937_Idx_86195,2350,0,5e-05,20000000,4797440.0,1199360.0,12142240.0,3336960.0,0.75,0.7039473684210527
14,1,160,43,117,23.93,38,10,28,24.16,3723872,973976,1452464,364048,14,0,51,10,0,250422-121941_Run_1240_Idx_22272,3100,0,5e-05,20000000,37238720.0,9739760.0,14524640.0,3640480.0,0.73125,0.7368421052631579
15,1,290,80,210,25.93,95,28,67,25.58,4446472,1181272,2235136,614728,7,0,51,10,0,250422-082557_Run_643_Idx_11969,1610,0,5e-05,20000000,44464720.0,11812720.0,22351360.0,6147280.0,0.7241379310344828,0.7052631578947368
16,1,320,89,231,25.15,304,80,224,27.0,420248,109256,1361920,358400,2,0,51,10,0,250422-121108_Run_1421_Idx_46170,3560,0,5e-05,20000000,4202480.0,1092560.0,13619200.0,3584000.0,0.721875,0.7368421052631579
17,1,320,99,221,24.04,171,54,117,25.11,1563840,417200,1644360,465336,4,0,51,10,0,250422-095605_Run_838_Idx_31965,2100,0,5e-05,20000000,15638400.0,4172000.0,16443600.0,4653360.0,0.690625,0.6842105263157895
18,1,290,84,206,25.23,95,35,60,23.59,4275272,1133144,2037776,607376,7,0,51,10,0,250422-095646_Run_599_Idx_4098,1500,0,5e-05,20000000,42752720.0,11331440.0,20377760.0,6073760.0,0.7103448275862069,0.631578947368421
19,1,290,78,212,26.4,95,25,70,27.0,4703272,1248136,2320888,610760,7,0,51,10,0,250422-101914_Run_231_Idx_91797,580,0,5e-05,20000000,47032720.0,12481360.0,23208880.0,6107600.0,0.7310344827586207,0.7368421052631579
20,1,320,90,230,20.09,171,53,118,17.39,1154584,308128,573064,183464,4,0,51,10,0,250422-134150_Run_1886_Idx_85157,4720,0,5e-05,20000000,11545840.0,3081280.0,5730640.0,1834640.0,0.71875,0.6900584795321637
21,1,320,108,212,20.15,304,103,201,18.69,307552,86720,849328,235552,2,0,51,10,0,250422-135647_Run_1817_Idx_31270,4550,0,5e-05,20000000,3075520.0,867200.0,8493280.0,2355520.0,0.6625,0.6611842105263158
22,1,320,80,240,26.65,304,80,224,27.0,494080,123520,1361920,358400,2,0,51,10,0,250422-091309_Run_741_Idx_71618,1860,0,5e-05,20000000,4940800.0,1235200.0,13619200.0,3584000.0,0.75,0.7368421052631579
23,1,160,43,117,26.56,38,10,28,27.0,5355000,1425952,2258416,594320,14,0,51,10,0,250422-075922_Run_180_Idx_87442,450,0,5e-05,20000000,53550000.0,14259520.0,22584160.0,5943200.0,0.73125,0.7368421052631579
24,1,320,92,228,25.15,304,80,224,27.0,434720,114272,1361920,358400,2,0,51,10,0,250422-084437_Run_873_Idx_71687,2190,0,5e-05,20000000,4347200.0,1142720.0,13619200.0,3584000.0,0.7125,0.7368421052631579
25,1,320,87,233,21.89,171,52,119,22.11,1365720,346848,1313344,341944,4,0,51,10,0,250422-142731_Run_1982_Idx_45443,4960,0,5e-05,20000000,13657200.0,3468480.0,13133440.0,3419440.0,0.728125,0.695906432748538
26,1,290,78,212,25.76,95,26,69,25.58,4549192,1196776,2130504,574008,7,0,51,10,0,250422-102822_Run_939_Idx_20723,2350,0,5e-05,20000000,45491920.0,11967760.0,21305040.0,5740080.0,0.7310344827586207,0.7263157894736842
27,1,320,80,240,26.5,171,45,126,27.0,1942144,485536,1975848,519960,4,0,51,10,0,250422-062123_Run_46_Idx_80127,120,0,5e-05,20000000,19421440.0,4855360.0,19758480.0,5199600.0,0.75,0.7368421052631579
28,1,290,78,212,25.77,95,25,70,25.58,4405192,1177896,1848216,492592,7,0,51,10,0,250422-122500_Run_1475_Idx_67176,3690,0,5e-05,20000000,44051920.0,11778960.0,18482160.0,4925920.0,0.7310344827586207,0.7368421052631579
29,1,320,80,240,26.48,171,45,126,27.0,1915904,478976,1975848,519960,4,0,51,10,0,250422-090304_Run_626_Idx_33009,1570,0,5e-05,20000000,19159040.0,4789760.0,19758480.0,5199600.0,0.75,0.7368421052631579
30,1,290,77,213,23.8,95,26,69,21.36,3737512,988768,1552416,416016,7,0,51,10,0,250422-121620_Run_1479_Idx_67176,3700,0,5e-05,20000000,37375120.0,9887680.0,15524160.0,4160160.0,0.7344827586206897,0.7263157894736842
31,1,160,44,116,25.81,38,10,28,25.58,4765424,1290152,1797872,479184,14,0,51,10,0,250422-082640_Run_524_Idx_78589,1310,0,5e-05,20000000,47654240.0,12901520.0,17978720.0,4791840.0,0.725,0.7368421052631579
32,1,320,116,204,21.96,304,108,196,23.89,383264,114200,1118656,331800,2,0,51,10,0,250422-064305_Run_933_Idx_89463,2340,0,5e-05,20000000,3832640.0,1142000.0,11186560.0,3318000.0,0.6375,0.6447368421052632
33,1,320,94,226,25.25,304,80,224,27.0,452048,119536,1361920,358400,2,0,51,10,0,250422-070103_Run_329_Idx_79075,830,0,5e-05,20000000,4520480.0,1195360.0,13619200.0,3584000.0,0.70625,0.7368421052631579
34,1,320,80,240,26.52,171,45,126,27.0,1942144,485536,1975848,519960,4,0,51,10,0,250422-094234_Run_370_Idx_40035,930,0,5e-05,20000000,19421440.0,4855360.0,19758480.0,5199600.0,0.75,0.7368421052631579
35,1,320,90,230,24.49,304,80,224,27.0,374864,98376,1361920,358400,2,0,51,10,0,250422-142840_Run_1941_Idx_53297,4860,0,5e-05,20000000,3748640.0,983760.0,13619200.0,3584000.0,0.71875,0.7368421052631579
36,1,160,43,117,25.96,38,10,28,25.58,5159120,1388576,1797872,479184,14,0,51,10,0,250422-080129_Run_536_Idx_22272,1340,0,5e-05,20000000,51591200.0,13885760.0,17978720.0,4791840.0,0.73125,0.7368421052631579
37,1,160,43,117,23.28,38,10,28,21.32,3601856,953072,1452464,364048,14,0,51,10,0,250422-112330_Run_1384_Idx_13114,3460,0,5e-05,20000000,36018560.0,9530720.0,14524640.0,3640480.0,0.73125,0.7368421052631579
38,1,320,80,240,26.65,304,80,224,27.0,494080,123520,1361920,358400,2,0,51,10,0,250422-132409_Run_1593_Idx_81817,3990,0,5e-05,20000000,4940800.0,1235200.0,13619200.0,3584000.0,0.75,0.7368421052631579
39,1,160,43,117,24.07,38,10,28,25.58,3661104,953072,1797872,479184,14,0,51,10,0,250422-124827_Run_1580_Idx_27734,3950,0,5e-05,20000000,36611040.0,9530720.0,17978720.0,4791840.0,0.73125,0.7368421052631579
40,1,160,44,116,25.42,38,11,27,25.58,4823704,1250104,2028144,538616,14,0,51,10,0,250422-091029_Run_504_Idx_47958,1260,0,5e-05,20000000,48237040.0,12501040.0,20281440.0,5386160.0,0.725,0.7105263157894737
41,1,290,79,211,25.75,95,25,70,27.0,4326632,1146224,2320888,610760,7,0,51,10,0,250422-112334_Run_1147_Idx_87244,2870,0,5e-05,20000000,43266320.0,11462240.0,23208880.0,6107600.0,0.7275862068965517,0.7368421052631579
42,1,290,78,212,26.64,95,25,70,27.0,4781832,1280616,2320888,610760,7,0,51,10,0,250422-061108_Run_51_Idx_96012,130,0,5e-05,20000000,47818320.0,12806160.0,23208880.0,6107600.0,0.7310344827586207,0.7368421052631579
43,1,290,83,207,24.57,95,27,68,25.58,4114152,1096336,2209272,601152,7,0,51,10,0,250422-064841_Run_811_Idx_98403,2030,0,5e-05,20000000,41141520.0,10963360.0,22092720.0,6011520.0,0.7137931034482758,0.7157894736842105
44,1,320,104,216,20.72,304,94,210,21.31,349360,99328,811520,235736,2,0,51,10,0,250422-131801_Run_1717_Idx_70624,4300,0,5e-05,20000000,3493600.0,993280.0,8115200.0,2357360.0,0.675,0.6907894736842105
45,1,320,80,240,25.91,171,54,117,19.23,1942144,485536,779504,205840,4,0,51,10,0,250422-124915_Run_1762_Idx_25126,4410,0,5e-05,20000000,19421440.0,4855360.0,7795040.0,2058400.0,0.75,0.6842105263157895
46,1,290,78,212,25.92,95,25,70,25.63,4240264,1145224,1857752,494976,7,0,51,10,0,250422-081557_Run_767_Idx_54015,1920,0,5e-05,20000000,42402640.0,11452240.0,18577520.0,4949760.0,0.7310344827586207,0.7368421052631579
47,1,320,96,224,20.61,171,54,117,20.42,1081928,296296,845296,258304,4,0,51,10,0,250422-135940_Run_1770_Idx_54405,4430,0,5e-05,20000000,10819280.0,2962960.0,8452960.0,2583040.0,0.7,0.6842105263157895
48,1,160,43,117,26.45,38,10,28,27.0,5277976,1406696,2258416,594320,14,0,51,10,0,250422-085145_Run_988_Idx_46277,2470,0,5e-05,20000000,52779760.0,14066960.0,22584160.0,5943200.0,0.73125,0.7368421052631579
49,1,160,43,117,22.74,38,10,28,23.05,3525440,933968,1452464,364048,14,0,51,10,0,250422-103813_Run_1408_Idx_13114,3520,0,5e-05,20000000,35254400.0,9339680.0,14524640.0,3640480.0,0.73125,0.7368421052631579
50,1,320,80,240,26.65,304,80,224,27.0,494080,123520,1361920,358400,2,0,51,10,0,250422-092838_Run_377_Idx_78175,950,0,5e-05,20000000,4940800.0,1235200.0,13619200.0,3584000.0,0.75,0.7368421052631579
51,1,320,88,232,24.68,304,95,209,22.34,429760,111168,983992,264872,2,0,51,10,0,250422-142608_Run_1929_Idx_79992,4830,0,5e-05,20000000,4297600.0,1111680.0,9839920.0,2648720.0,0.725,0.6875
52,1,160,43,117,26.61,38,10,28,27.0,5355000,1425952,2258416,594320,14,0,51,10,0,250422-085648_Run_392_Idx_60828,980,0,5e-05,20000000,53550000.0,14259520.0,22584160.0,5943200.0,0.73125,0.7368421052631579
53,1,160,43,117,20.14,38,10,28,17.74,2672072,681208,991920,248912,14,0,51,10,0,250422-140428_Run_1900_Idx_27734,4750,0,5e-05,20000000,26720720.0,6812080.0,9919200.0,2489120.0,0.73125,0.7368421052631579
54,1,320,80,240,26.56,171,45,126,27.0,1942144,485536,1975848,519960,4,0,51,10,0,250422-101436_Run_114_Idx_21514,290,0,5e-05,20000000,19421440.0,4855360.0,19758480.0,5199600.0,0.75,0.7368421052631579
55,1,290,81,209,25.38,95,25,70,27.0,3984232,1096480,2320888,610760,7,0,51,10,0,250422-114025_Run_1139_Idx_38204,2850,0,5e-05,20000000,39842320.0,10964800.0,23208880.0,6107600.0,0.7206896551724138,0.7368421052631579
56,1,320,91,229,24.6,304,103,201,21.41,444232,116184,936208,244240,2,0,51,10,0,250422-112634_Run_1205_Idx_48434,3020,0,5e-05,20000000,4442320.0,1161840.0,9362080.0,2442400.0,0.715625,0.6611842105263158
57,1,290,78,212,18.98,95,26,69,16.03,2847752,797096,1445632,402448,7,0,51,10,0,250422-134307_Run_1839_Idx_82624,4600,0,5e-05,20000000,28477520.0,7970960.0,14456320.0,4024480.0,0.7310344827586207,0.7263157894736842
58,1,320,91,229,25.25,304,118,186,21.93,437576,114520,1075216,294064,2,0,51,10,0,250422-083905_Run_637_Idx_94702,1600,0,5e-05,20000000,4375760.0,1145200.0,10752160.0,2940640.0,0.715625,0.6118421052631579
59,1,320,90,230,24.63,171,45,126,27.0,1630312,425376,1975848,519960,4,0,51,10,0,250422-081609_Run_886_Idx_71907,2220,0,5e-05,20000000,16303120.0,4253760.0,19758480.0,5199600.0,0.71875,0.7368421052631579
60,1,160,45,115,22.66,38,10,28,21.32,3488688,917496,1452464,364048,14,0,51,10,0,250422-074508_Run_1020_Idx_37464,2550,0,5e-05,20000000,34886880.0,9174960.0,14524640.0,3640480.0,0.71875,0.7368421052631579
61,1,320,93,227,25.3,304,80,224,27.0,453880,119528,1361920,358400,2,0,51,10,0,250422-074639_Run_425_Idx_85489,1070,0,5e-05,20000000,4538800.0,1195280.0,13619200.0,3584000.0,0.709375,0.7368421052631579
62,1,320,80,240,26.12,171,50,121,24.06,1942144,485536,1296656,357160,4,0,51,10,0,250422-115145_Run_1490_Idx_97989,3730,0,5e-05,20000000,19421440.0,4855360.0,12966560.0,3571600.0,0.75,0.7076023391812866
63,1,320,106,214,23.56,304,96,208,24.69,387728,107440,1153408,317136,2,0,51,10,0,250422-110623_Run_1097_Idx_60221,2750,0,5e-05,20000000,3877280.0,1074400.0,11534080.0,3171360.0,0.66875,0.6842105263157895
64,1,320,86,234,20.95,171,51,120,20.26,1452496,373232,1158296,318976,4,0,51,10,0,250422-141614_Run_1934_Idx_99904,4840,0,5e-05,20000000,14524960.0,3732320.0,11582960.0,3189760.0,0.73125,0.7017543859649122
65,1,160,43,117,15.31,38,10,28,10.68,1915968,522000,70832,18640,14,0,51,10,0,250422-120456_Run_1484_Idx_60828,3710,0,5e-05,20000000,19159680.0,5220000.0,708320.0,186400.0,0.73125,0.7368421052631579
66,1,290,78,212,22.94,95,25,70,22.04,3607592,939976,1493712,374424,7,0,51,10,0,250422-140900_Run_1951_Idx_91797,4880,0,5e-05,20000000,36075920.0,9399760.0,14937120.0,3744240.0,0.7310344827586207,0.7368421052631579
67,1,290,80,210,25.82,95,26,69,25.58,4343752,1181272,2023328,546872,7,0,51,10,0,250422-104717_Run_1107_Idx_18971,2770,0,5e-05,20000000,43437520.0,11812720.0,20233280.0,5468720.0,0.7241379310344828,0.7263157894736842
68,1,290,78,212,24.26,95,25,70,25.58,3316552,888616,1848216,492592,7,0,51,10,0,250422-125022_Run_1579_Idx_42567,3950,0,5e-05,20000000,33165520.0,8886160.0,18482160.0,4925920.0,0.7310344827586207,0.7368421052631579
69,1,160,43,117,22.63,38,10,28,22.74,3978032,1052328,1797872,479184,14,0,51,10,0,250422-135841_Run_1816_Idx_22272,4540,0,5e-05,20000000,39780320.0,10523280.0,17978720.0,4791840.0,0.73125,0.7368421052631579
70,1,160,43,117,22.31,38,10,28,21.32,3682760,953904,991920,248912,14,0,51,10,0,250422-104310_Run_1228_Idx_87442,3070,0,5e-05,20000000,36827600.0,9539040.0,9919200.0,2489120.0,0.73125,0.7368421052631579
71,1,290,79,211,21.11,95,26,69,24.16,3223912,836304,1966384,493480,7,0,51,10,0,250422-114517_Run_1315_Idx_48914,3290,0,5e-05,20000000,32239120.0,8363040.0,19663840.0,4934800.0,0.7275862068965517,0.7263157894736842
72,1,290,78,212,26.64,95,25,70,27.0,4781832,1280616,2320888,610760,7,0,51,10,0,250422-072748_Run_791_Idx_54015,1980,0,5e-05,20000000,47818320.0,12806160.0,23208880.0,6107600.0,0.7310344827586207,0.7368421052631579
73,1,290,78,212,23.48,95,25,70,27.0,3532072,955336,2320888,610760,7,0,51,10,0,250422-134436_Run_1823_Idx_96012,4560,0,5e-05,20000000,35320720.0,9553360.0,23208880.0,6107600.0,0.7310344827586207,0.7368421052631579
74,1,320,80,240,26.56,171,52,119,25.58,1942144,485536,1822576,496104,4,0,51,10,0,250422-092725_Run_734_Idx_93172,1840,0,5e-05,20000000,19421440.0,4855360.0,18225760.0,4961040.0,0.75,0.695906432748538
75,1,160,43,117,22.79,38,10,28,18.79,3709848,1014664,1346224,366272,14,0,51,10,0,250422-105109_Run_1520_Idx_60828,3800,0,5e-05,20000000,37098480.0,10146640.0,13462240.0,3662720.0,0.73125,0.7368421052631579
76,1,320,80,240,26.6,304,89,215,25.0,487424,121856,1222912,329216,2,0,51,10,0,250422-111951_Run_1149_Idx_26237,2880,0,5e-05,20000000,4874240.0,1218560.0,12229120.0,3292160.0,0.75,0.7072368421052632
77,1,320,92,228,21.62,171,48,123,23.29,1172288,309080,1347840,354248,4,0,51,10,0,250422-124646_Run_1702_Idx_94268,4260,0,5e-05,20000000,11722880.0,3090800.0,13478400.0,3542480.0,0.7125,0.7192982456140351
78,1,160,43,117,25.51,38,10,28,27.0,4605424,1189152,2258416,594320,14,0,51,10,0,250422-132806_Run_1712_Idx_82007,4280,0,5e-05,20000000,46054240.0,11891520.0,22584160.0,5943200.0,0.73125,0.7368421052631579
79,1,320,80,240,26.5,171,45,126,27.0,1942144,485536,1975848,519960,4,0,51,10,0,250422-103143_Run_462_Idx_80127,1160,0,5e-05,20000000,19421440.0,4855360.0,19758480.0,5199600.0,0.75,0.7368421052631579
80,1,290,78,212,7.59,95,30,65,3.66,861352,219176,83904,26184,7,0,51,10,0,250422-131143_Run_1599_Idx_70536,4000,0,5e-05,20000000,8613520.0,2191760.0,839040.0,261840.0,0.7310344827586207,0.6842105263157895
81,1,290,78,212,26.4,95,25,70,27.0,4634792,1231016,2320888,610760,7,0,51,10,0,250422-073910_Run_1023_Idx_10643,2560,0,5e-05,20000000,46347920.0,12310160.0,23208880.0,6107600.0,0.7310344827586207,0.7368421052631579
82,1,320,80,240,26.6,304,92,212,24.73,487424,121856,1179472,325280,2,0,51,10,0,250422-071931_Run_1033_Idx_60777,2590,0,5e-05,20000000,4874240.0,1218560.0,11794720.0,3252800.0,0.75,0.6973684210526315
83,1,320,90,230,25.25,304,80,224,27.0,432752,112848,1361920,358400,2,0,51,10,0,250422-113815_Run_1377_Idx_53297,3450,0,5e-05,20000000,4327520.0,1128480.0,13619200.0,3584000.0,0.71875,0.7368421052631579
84,1,320,80,240,26.6,304,92,212,24.78,487424,121856,1083904,303560,2,0,51,10,0,250422-135848_Run_1785_Idx_6070,4470,0,5e-05,20000000,4874240.0,1218560.0,10839040.0,3035600.0,0.75,0.6973684210526315
85,1,160,43,117,18.78,38,10,28,16.05,3122296,867776,1337328,364048,14,0,51,10,0,250422-134107_Run_1840_Idx_1820,4600,0,5e-05,20000000,31222960.0,8677760.0,13373280.0,3640480.0,0.73125,0.7368421052631579
86,1,290,78,212,26.4,95,25,70,27.0,4634792,1231016,2320888,610760,7,0,51,10,0,250422-081719_Run_647_Idx_42567,1620,0,5e-05,20000000,46347920.0,12310160.0,23208880.0,6107600.0,0.7310344827586207,0.7368421052631579
87,1,160,43,117,25.59,38,10,28,24.26,4884888,1308424,1797872,479184,14,0,51,10,0,250422-114715_Run_1492_Idx_60828,3730,0,5e-05,20000000,48848880.0,13084240.0,17978720.0,4791840.0,0.73125,0.7368421052631579
88,1,320,89,231,25.25,304,95,209,22.61,427928,111176,899576,248112,2,0,51,10,0,250422-123458_Run_1557_Idx_48454,3900,0,5e-05,20000000,4279280.0,1111760.0,8995760.0,2481120.0,0.721875,0.6875
89,1,320,98,222,24.37,304,90,214,25.58,407248,110200,1214224,333696,2,0,51,10,0,250422-121948_Run_1181_Idx_45068,2960,0,5e-05,20000000,4072480.0,1102000.0,12142240.0,3336960.0,0.69375,0.7039473684210527
90,1,160,43,117,21.45,38,10,28,24.21,3866552,1014664,1346224,366272,14,0,51,10,0,250422-135351_Run_1880_Idx_60828,4700,0,5e-05,20000000,38665520.0,10146640.0,13462240.0,3662720.0,0.73125,0.7368421052631579
91,1,290,79,211,26.45,95,25,70,27.0,4747592,1264304,2320888,610760,7,0,51,10,0,250422-091826_Run_143_Idx_43476,360,0,5e-05,20000000,47475920.0,12643040.0,23208880.0,6107600.0,0.7275862068965517,0.7368421052631579
92,1,320,111,209,19.9,171,64,107,20.29,1074120,294192,1162936,323704,4,0,51,10,0,250422-122643_Run_1118_Idx_57774,2800,0,5e-05,20000000,10741200.0,2941920.0,11629360.0,3237040.0,0.653125,0.6257309941520468
93,1,160,44,116,26.39,38,10,28,27.0,5195968,1387800,2258416,594320,14,0,51,10,0,250422-062943_Run_16_Idx_56251,40,0,5e-05,20000000,51959680.0,13878000.0,22584160.0,5943200.0,0.725,0.7368421052631579
94,1,320,92,228,25.3,304,80,224,27.0,449056,117856,1361920,358400,2,0,51,10,0,250422-094517_Run_725_Idx_78509,1820,0,5e-05,20000000,4490560.0,1178560.0,13619200.0,3584000.0,0.7125,0.7368421052631579
95,1,320,103,217,22.44,304,105,199,21.15,387952,105696,871048,248856,2,0,51,10,0,250422-130721_Run_1753_Idx_22928,4390,0,5e-05,20000000,3879520.0,1056960.0,8710480.0,2488560.0,0.678125,0.6546052631578947
96,1,290,83,207,25.04,95,34,61,22.52,4069832,1098096,1956760,527720,7,0,51,10,0,250422-083434_Run_639_Idx_95192,1600,0,5e-05,20000000,40698320.0,10980960.0,19567600.0,5277200.0,0.7137931034482758,0.6421052631578947
97,1,160,43,117,26.61,38,10,28,27.0,5235144,1386000,2258416,594320,14,0,51,10,0,250422-091509_Run_740_Idx_82007,1850,0,5e-05,20000000,52351440.0,13860000.0,22584160.0,5943200.0,0.73125,0.7368421052631579
98,1,320,92,228,23.73,171,50,121,24.47,1466808,394944,1437168,385448,4,0,51,10,0,250422-124846_Run_1550_Idx_94378,3880,0,5e-05,20000000,14668080.0,3949440.0,14371680.0,3854480.0,0.7125,0.7076023391812866
99,1,320,98,222,21.07,171,49,122,24.47,1148456,321616,1390912,371872,4,0,51,10,0,250422-105435_Run_1458_Idx_48385,3650,0,5e-05,20000000,11484560.0,3216160.0,13909120.0,3718720.0,0.69375,0.7134502923976608
100,1,160,43,117,22.97,38,10,28,24.16,3430896,915544,1337328,364048,14,0,51,10,0,250422-132515_Run_1532_Idx_46277,3830,0,5e-05,20000000,34308960.0,9155440.0,13373280.0,3640480.0,0.73125,0.7368421052631579
101,1,160,44,116,25.98,38,12,26,25.58,4724984,1269400,2143280,598048,14,0,51,10,0,250422-101248_Run_472_Idx_98436,1180,0,5e-05,20000000,47249840.0,12694000.0,21432800.0,5980480.0,0.725,0.6842105263157895
102,1,160,45,115,23.7,38,10,28,22.74,3953320,1087424,1337328,364048,14,0,51,10,0,250422-063723_Run_936_Idx_61321,2340,0,5e-05,20000000,39533200.0,10874240.0,13373280.0,3640480.0,0.71875,0.7368421052631579
103,1,160,43,117,26.1,38,14,24,24.16,5456336,1408456,2028144,601776,14,0,51,10,0,250422-063144_Run_80_Idx_88344,200,0,5e-05,20000000,54563360.0,14084560.0,20281440.0,6017760.0,0.73125,0.631578947368421
104,1,320,108,212,19.52,304,99,205,21.03,294824,78312,944896,248040,2,0,51,10,0,250422-133912_Run_1841_Idx_46983,4610,0,5e-05,20000000,2948240.0,783120.0,9448960.0,2480400.0,0.6625,0.6743421052631579
105,1,160,43,117,26.33,38,10,28,27.0,4921512,1307592,2258416,594320,14,0,51,10,0,250422-093127_Run_256_Idx_13114,640,0,5e-05,20000000,49215120.0,13075920.0,22584160.0,5943200.0,0.73125,0.7368421052631579
106,1,320,100,220,20.47,171,50,121,22.67,1057320,299464,1390264,380192,4,0,51,10,0,250422-103426_Run_1410_Idx_14513,3530,0,5e-05,20000000,10573200.0,2994640.0,13902640.0,3801920.0,0.6875,0.7076023391812866
107,1,290,78,212,19.52,95,26,69,20.35,2957032,768776,1496448,375768,7,0,51,10,0,250422-133325_Run_1783_Idx_20723,4460,0,5e-05,20000000,29570320.0,7687760.0,14964480.0,3757680.0,0.7310344827586207,0.7263157894736842
108,1,290,79,211,26.04,95,25,70,27.0,4405672,1191664,2320888,610760,7,0,51,10,0,250422-092308_Run_855_Idx_82624,2140,0,5e-05,20000000,44056720.0,11916640.0,23208880.0,6107600.0,0.7275862068965517,0.7368421052631579
109,1,320,80,240,26.56,171,45,126,27.0,1942144,485536,1975848,519960,4,0,51,10,0,250422-081114_Run_174_Idx_21514,440,0,5e-05,20000000,19421440.0,4855360.0,19758480.0,5199600.0,0.75,0.7368421052631579
110,1,320,95,225,24.13,171,45,126,27.0,1566560,418720,1975848,519960,4,0,51,10,0,250422-091703_Run_858_Idx_32363,2150,0,5e-05,20000000,15665600.0,4187200.0,19758480.0,5199600.0,0.703125,0.7368421052631579
111,1,320,80,240,26.65,304,93,211,25.58,494080,123520,1253320,347136,2,0,51,10,0,250422-095557_Run_481_Idx_50037,1210,0,5e-05,20000000,4940800.0,1235200.0,12533200.0,3471360.0,0.75,0.694078947368421
112,1,160,44,116,26.33,38,10,28,27.0,5039040,1348568,2258416,594320,14,0,51,10,0,250422-075002_Run_304_Idx_93324,760,0,5e-05,20000000,50390400.0,13485680.0,22584160.0,5943200.0,0.725,0.7368421052631579
113,1,290,80,210,25.74,95,25,70,27.0,4302952,1158232,2320888,610760,7,0,51,10,0,250422-065450_Run_927_Idx_44243,2320,0,5e-05,20000000,43029520.0,11582320.0,23208880.0,6107600.0,0.7241379310344828,0.7368421052631579
114,1,320,101,219,23.84,171,52,119,25.58,1538560,422992,1769000,487008,4,0,51,10,0,250422-085333_Run_750_Idx_24270,1880,0,5e-05,20000000,15385600.0,4229920.0,17690000.0,4870080.0,0.684375,0.695906432748538
115,1,320,96,224,23.07,304,94,210,23.16,349496,92016,1018744,277768,2,0,51,10,0,250422-124429_Run_1673_Idx_25771,4190,0,5e-05,20000000,3494960.0,920160.0,10187440.0,2777680.0,0.7,0.6907894736842105
116,1,160,43,117,26.5,38,10,28,27.0,5078216,1346768,2258416,594320,14,0,51,10,0,250422-080548_Run_296_Idx_13114,740,0,5e-05,20000000,50782160.0,13467680.0,22584160.0,5943200.0,0.73125,0.7368421052631579
117,1,290,86,204,24.19,95,27,68,25.58,3573352,980680,2072320,546880,7,0,51,10,0,250422-083627_Run_995_Idx_11680,2490,0,5e-05,20000000,35733520.0,9806800.0,20723200.0,5468800.0,0.7034482758620689,0.7157894736842105
118,1,320,92,228,25.25,304,80,224,27.0,442400,116192,1361920,358400,2,0,51,10,0,250422-091541_Run_977_Idx_60777,2450,0,5e-05,20000000,4424000.0,1161920.0,13619200.0,3584000.0,0.7125,0.7368421052631579
119,1,320,80,240,26.5,304,80,224,27.0,479744,119936,1361920,358400,2,0,51,10,0,250422-072215_Run_913_Idx_33396,2290,0,5e-05,20000000,4797440.0,1199360.0,13619200.0,3584000.0,0.75,0.7368421052631579
120,1,160,43,117,25.66,38,10,28,25.58,4845104,1269096,1797872,479184,14,0,51,10,0,250422-094139_Run_964_Idx_46277,2410,0,5e-05,20000000,48451040.0,12690960.0,17978720.0,4791840.0,0.73125,0.7368421052631579
121,1,290,78,212,25.31,95,26,69,24.44,4165512,1126536,1711776,468984,7,0,51,10,0,250422-124401_Run_1643_Idx_43476,4110,0,5e-05,20000000,41655120.0,11265360.0,17117760.0,4689840.0,0.7310344827586207,0.7263157894736842
122,1,320,87,233,21.12,171,45,126,27.0,1018672,266512,1975848,519960,4,0,51,10,0,250422-142902_Run_1994_Idx_80932,4990,0,5e-05,20000000,10186720.0,2665120.0,19758480.0,5199600.0,0.728125,0.7368421052631579
123,1,290,86,204,24.52,95,25,70,27.0,4086952,1117640,2320888,610760,7,0,51,10,0,250422-080052_Run_655_Idx_59627,1640,0,5e-05,20000000,40869520.0,11176400.0,23208880.0,6107600.0,0.7034482758620689,0.7368421052631579
124,1,320,89,231,24.52,171,45,126,27.0,1651128,432632,1975848,519960,4,0,51,10,0,250422-125643_Run_1546_Idx_8107,3870,0,5e-05,20000000,16511280.0,4326320.0,19758480.0,5199600.0,0.721875,0.7368421052631579
125,1,290,78,212,25.93,95,26,69,25.01,4463592,1162536,2025088,534184,7,0,51,10,0,250422-094327_Run_963_Idx_20723,2410,0,5e-05,20000000,44635920.0,11625360.0,20250880.0,5341840.0,0.7310344827586207,0.7263157894736842
126,1,290,78,212,24.62,95,25,70,27.0,4155432,1111176,2320888,610760,7,0,51,10,0,250422-103823_Run_1171_Idx_42567,2930,0,5e-05,20000000,41554320.0,11111760.0,23208880.0,6107600.0,0.7310344827586207,0.7368421052631579
127,1,320,80,240,26.6,304,80,224,27.0,487424,121856,1361920,358400,2,0,51,10,0,250422-063131_Run_93_Idx_9346,240,0,5e-05,20000000,4874240.0,1218560.0,13619200.0,3584000.0,0.75,0.7368421052631579
128,1,320,80,240,26.48,171,61,110,23.05,1942144,485536,1478648,397704,4,0,51,10,0,250422-093051_Run_494_Idx_66978,1240,0,5e-05,20000000,19421440.0,4855360.0,14786480.0,3977040.0,0.75,0.6432748538011696
129,1,290,81,209,26.36,95,25,70,27.0,4730472,1283040,2320888,610760,7,0,51,10,0,250422-093647_Run_491_Idx_45254,1230,0,5e-05,20000000,47304720.0,12830400.0,23208880.0,6107600.0,0.7206896551724138,0.7368421052631579
130,1,320,80,240,23.85,304,80,224,27.0,378368,94592,1361920,358400,2,0,51,10,0,250422-120216_Run_1425_Idx_33396,3570,0,5e-05,20000000,3783680.0,945920.0,13619200.0,3584000.0,0.75,0.7368421052631579
131,1,320,80,240,26.52,171,47,124,22.74,1942144,485536,1673464,419536,4,0,51,10,0,250422-132400_Run_1714_Idx_82719,4290,0,5e-05,20000000,19421440.0,4855360.0,16734640.0,4195360.0,0.75,0.7251461988304093
132,1,290,78,212,24.72,95,25,70,24.16,3607592,974216,1375544,374424,7,0,51,10,0,250422-135434_Run_1787_Idx_42567,4470,0,5e-05,20000000,36075920.0,9742160.0,13755440.0,3744240.0,0.7310344827586207,0.7368421052631579
133,1,320,86,234,24.84,171,50,121,25.11,1643824,421136,1368384,374648,4,0,51,10,0,250422-122708_Run_1474_Idx_10393,3690,0,5e-05,20000000,16438240.0,4211360.0,13683840.0,3746480.0,0.73125,0.7076023391812866
134,1,320,103,217,21.61,304,127,177,18.71,379688,105640,875392,264880,2,0,51,10,0,250422-122240_Run_1357_Idx_9862,3400,0,5e-05,20000000,3796880.0,1056400.0,8753920.0,2648800.0,0.678125,0.5822368421052632
135,1,320,80,240,26.41,171,45,126,27.0,1880192,470048,1975848,519960,4,0,51,10,0,250422-072017_Run_914_Idx_60744,2290,0,5e-05,20000000,18801920.0,4700480.0,19758480.0,5199600.0,0.75,0.7368421052631579
136,1,160,43,117,24.73,38,10,28,27.0,4567608,1229104,2258416,594320,14,0,51,10,0,250422-114610_Run_1196_Idx_87442,2990,0,5e-05,20000000,45676080.0,12291040.0,22584160.0,5943200.0,0.73125,0.7368421052631579
137,1,160,43,117,25.58,38,10,28,25.58,5002416,1308424,1797872,479184,14,0,51,10,0,250422-113810_Run_1496_Idx_60828,3740,0,5e-05,20000000,50024160.0,13084240.0,17978720.0,4791840.0,0.73125,0.7368421052631579
138,1,290,81,209,26.17,95,25,70,27.0,4593512,1248800,2320888,610760,7,0,51,10,0,250422-063921_Run_459_Idx_53495,1150,0,5e-05,20000000,45935120.0,12488000.0,23208880.0,6107600.0,0.7206896551724138,0.7368421052631579
139,1,160,43,117,20.53,38,10,28,19.89,2515552,671896,531376,133776,14,0,51,10,0,250422-132641_Run_1652_Idx_1820,4130,0,5e-05,20000000,25155520.0,6718960.0,5313760.0,1337760.0,0.73125,0.7368421052631579
140,1,160,45,115,26.27,38,10,28,27.0,5315728,1428680,2258416,594320,14,0,51,10,0,250422-070851_Run_444_Idx_46840,1110,0,5e-05,20000000,53157280.0,14286800.0,22584160.0,5943200.0,0.71875,0.7368421052631579
141,1,320,115,205,22.72,304,110,194,24.16,410464,122544,1196848,353792,2,0,51,10,0,250422-072008_Run_557_Idx_95479,1400,0,5e-05,20000000,4104640.0,1225440.0,11968480.0,3537920.0,0.640625,0.6381578947368421
142,1,290,80,210,24.88,95,30,65,22.17,4412232,1147032,1685064,446280,7,0,51,10,0,250422-100552_Run_951_Idx_63290,2380,0,5e-05,20000000,44122320.0,11470320.0,16850640.0,4462800.0,0.7241379310344828,0.6842105263157895
143,1,290,79,211,26.49,95,25,70,27.0,4703272,1266064,2320888,610760,7,0,51,10,0,250422-075159_Run_303_Idx_17819,760,0,5e-05,20000000,47032720.0,12660640.0,23208880.0,6107600.0,0.7275862068965517,0.7368421052631579
144,1,320,89,231,23.39,171,55,116,21.63,1427360,370696,1087352,314952,4,0,51,10,0,250422-112524_Run_1502_Idx_73897,3760,0,5e-05,20000000,14273600.0,3706960.0,10873520.0,3149520.0,0.721875,0.6783625730994152
145,1,320,80,240,26.65,304,80,224,27.0,494080,123520,1361920,358400,2,0,51,10,0,250422-061517_Run_49_Idx_81817,130,0,5e-05,20000000,4940800.0,1235200.0,13619200.0,3584000.0,0.75,0.7368421052631579
146,1,160,43,117,22.85,38,10,28,19.89,3253152,856296,70832,18640,14,0,51,10,0,250422-113046_Run_1084_Idx_46277,2710,0,5e-05,20000000,32531520.0,8562960.0,708320.0,186400.0,0.73125,0.7368421052631579
147,1,160,43,117,23.67,38,10,28,22.74,3797960,992304,1452464,364048,14,0,51,10,0,250422-120958_Run_1304_Idx_82007,3260,0,5e-05,20000000,37979600.0,9923040.0,14524640.0,3640480.0,0.73125,0.7368421052631579
148,1,160,43,117,20.24,38,10,28,17.05,2699488,717880,70832,18640,14,0,51,10,0,250422-123712_Run_1768_Idx_60828,4420,0,5e-05,20000000,26994880.0,7178800.0,708320.0,186400.0,0.73125,0.7368421052631579
149,1,320,93,227,24.53,171,45,126,27.0,1496928,396904,1975848,519960,4,0,51,10,0,250422-092947_Run_970_Idx_51854,2430,0,5e-05,20000000,14969280.0,3969040.0,19758480.0,5199600.0,0.709375,0.7368421052631579
150,1,320,80,240,26.48,171,52,119,25.58,1915904,478976,1732616,477912,4,0,51,10,0,250422-093552_Run_610_Idx_77007,1530,0,5e-05,20000000,19159040.0,4789760.0,17326160.0,4779120.0,0.75,0.695906432748538
151,1,290,78,212,21.5,95,25,70,24.44,3258152,886856,1848216,492592,7,0,51,10,0,250422-130758_Run_1631_Idx_3654,4080,0,5e-05,20000000,32581520.0,8868560.0,18482160.0,4925920.0,0.7310344827586207,0.7368421052631579
152,1,160,43,117,25.29,38,10,28,24.16,4491192,1210000,1337328,364048,14,0,51,10,0,250422-105040_Run_1224_Idx_87442,3060,0,5e-05,20000000,44911920.0,12100000.0,13373280.0,3640480.0,0.73125,0.7368421052631579
153,1,320,80,240,26.3,304,106,198,24.34,494080,123520,1179472,344560,2,0,51,10,0,250422-075147_Run_541_Idx_4741,1360,0,5e-05,20000000,4940800.0,1235200.0,11794720.0,3445600.0,0.75,0.6513157894736842
154,1,290,78,212,21.82,95,25,70,24.21,3620360,956008,1385080,376808,7,0,51,10,0,250422-135552_Run_1879_Idx_67176,4700,0,5e-05,20000000,36203600.0,9560080.0,13850800.0,3768080.0,0.7310344827586207,0.7368421052631579
155,1,290,89,201,24.3,95,28,67,25.58,4062792,1152544,2126592,587592,7,0,51,10,0,250422-085117_Run_751_Idx_44610,1880,0,5e-05,20000000,40627920.0,11525440.0,21265920.0,5875920.0,0.6931034482758621,0.7052631578947368
156,1,320,101,219,23.31,171,48,123,25.58,1466352,405376,1564904,423608,4,0,51,10,0,250422-070205_Run_1042_Idx_60221,2610,0,5e-05,20000000,14663520.0,4053760.0,15649040.0,4236080.0,0.684375,0.7192982456140351
157,1,290,80,210,25.7,95,33,62,24.16,4377992,1164152,2208880,645424,7,0,51,10,0,250422-100404_Run_239_Idx_63595,600,0,5e-05,20000000,43779920.0,11641520.0,22088800.0,6454240.0,0.7241379310344828,0.6526315789473685
158,1,320,117,203,22.47,304,129,175,18.66,399208,117848,910144,273840,2,0,51,10,0,250422-110149_Run_1277_Idx_8422,3200,0,5e-05,20000000,3992080.0,1178480.0,9101440.0,2738400.0,0.634375,0.5756578947368421
159,1,290,78,212,23.53,95,25,70,22.74,4114152,1040936,1966384,492592,7,0,51,10,0,250422-132157_Run_1715_Idx_54015,4290,0,5e-05,20000000,41141520.0,10409360.0,19663840.0,4925920.0,0.7310344827586207,0.7368421052631579
160,1,290,79,211,24.63,95,26,69,21.88,4490792,1195824,1868400,495240,7,0,51,10,0,250422-070433_Run_803_Idx_48914,2010,0,5e-05,20000000,44907920.0,11958240.0,18684000.0,4952400.0,0.7275862068965517,0.7263157894736842
161,1,320,93,227,25.25,304,80,224,27.0,447224,117864,1361920,358400,2,0,51,10,0,250422-085636_Run_629_Idx_1042,1580,0,5e-05,20000000,4472240.0,1178640.0,13619200.0,3584000.0,0.709375,0.7368421052631579
162,1,320,85,235,24.93,171,48,123,20.39,1560080,397456,1170440,318272,4,0,51,10,0,250422-142850_Run_1954_Idx_77904,4890,0,5e-05,20000000,15600800.0,3974560.0,11704400.0,3182720.0,0.734375,0.7192982456140351
163,1,290,77,213,26.14,95,28,67,25.58,4696232,1228448,2288040,628296,7,0,51,10,0,250422-082324_Run_407_Idx_15846,1020,0,5e-05,20000000,46962320.0,12284480.0,22880400.0,6282960.0,0.7344827586206897,0.7052631578947368
164,1,290,79,211,24.61,95,25,70,25.58,3857352,1041744,1848216,492592,7,0,51,10,0,250422-112733_Run_1323_Idx_85350,3310,0,5e-05,20000000,38573520.0,10417440.0,18482160.0,4925920.0,0.7275862068965517,0.7368421052631579
165,1,290,77,213,23.67,95,26,69,20.06,3994312,1040128,1237344,337248,7,0,51,10,0,250422-124713_Run_1763_Idx_67176,4410,0,5e-05,20000000,39943120.0,10401280.0,12373440.0,3372480.0,0.7344827586206897,0.7263157894736842
166,1,290,81,209,25.99,95,25,70,27.0,4627752,1231680,2320888,610760,7,0,51,10,0,250422-084615_Run_515_Idx_45254,1290,0,5e-05,20000000,46277520.0,12316800.0,23208880.0,6107600.0,0.7206896551724138,0.7368421052631579
167,1,160,43,117,26.48,38,10,28,27.0,5198296,1386776,2258416,594320,14,0,51,10,0,250422-065037_Run_572_Idx_22272,1430,0,5e-05,20000000,51982960.0,13867760.0,22584160.0,5943200.0,0.73125,0.7368421052631579
168,1,320,80,240,26.56,171,45,126,27.0,1942144,485536,1975848,519960,4,0,51,10,0,250422-061713_Run_22_Idx_21514,60,0,5e-05,20000000,19421440.0,4855360.0,19758480.0,5199600.0,0.75,0.7368421052631579
169,1,290,85,205,25.69,95,35,60,24.16,4566312,1236672,2084552,618728,7,0,51,10,0,250422-061908_Run_99_Idx_39109,250,0,5e-05,20000000,45663120.0,12366720.0,20845520.0,6187280.0,0.7068965517241379,0.631578947368421
170,1,320,90,230,21.51,171,47,124,24.32,1260464,328016,1405328,374464,4,0,51,10,0,250422-135143_Run_1774_Idx_90709,4440,0,5e-05,20000000,12604640.0,3280160.0,14053280.0,3744640.0,0.71875,0.7251461988304093
171,1,290,84,206,23.44,95,29,66,23.31,3737992,1041624,1738032,497904,7,0,51,10,0,250422-063914_Run_935_Idx_2099,2340,0,5e-05,20000000,37379920.0,10416240.0,17380320.0,4979040.0,0.7103448275862069,0.6947368421052632
172,1,320,94,226,20.15,171,51,120,22.27,1170472,312136,1364032,376488,4,0,51,10,0,250422-134833_Run_1790_Idx_55607,4480,0,5e-05,20000000,11704720.0,3121360.0,13640320.0,3764880.0,0.70625,0.7017543859649122
173,1,320,98,222,22.96,304,100,204,21.43,355928,95360,910144,248176,2,0,51,10,0,250422-142308_Run_1957_Idx_91261,4900,0,5e-05,20000000,3559280.0,953600.0,9101440.0,2481760.0,0.69375,0.6710526315789473
174,1,320,80,240,26.54,171,45,126,27.0,1942144,485536,1975848,519960,4,0,51,10,0,250422-095008_Run_366_Idx_40035,920,0,5e-05,20000000,19421440.0,4855360.0,19758480.0,5199600.0,0.75,0.7368421052631579
175,1,290,78,212,26.64,95,25,70,27.0,4781832,1280616,2320888,610760,7,0,51,10,0,250422-060900_Run_91_Idx_54015,230,0,5e-05,20000000,47818320.0,12806160.0,23208880.0,6107600.0,0.7310344827586207,0.7368421052631579
176,1,290,79,211,25.94,95,27,68,25.58,4412232,1180464,2102096,574016,7,0,51,10,0,250422-080243_Run_1011_Idx_18971,2530,0,5e-05,20000000,44122320.0,11804640.0,21020960.0,5740160.0,0.7275862068965517,0.7157894736842105
177,1,320,80,240,26.2,304,96,208,25.31,487424,121856,1240288,347544,2,0,51,10,0,250422-074124_Run_665_Idx_46372,1670,0,5e-05,20000000,4874240.0,1218560.0,12402880.0,3475440.0,0.75,0.6842105263157895
178,1,320,80,240,26.65,304,80,224,27.0,494080,123520,1361920,358400,2,0,51,10,0,250422-065110_Run_453_Idx_78175,1140,0,5e-05,20000000,4940800.0,1235200.0,13619200.0,3584000.0,0.75,0.7368421052631579
179,1,320,80,240,26.65,304,80,224,27.0,494080,123520,1361920,358400,2,0,51,10,0,250422-102410_Run_109_Idx_24085,280,0,5e-05,20000000,4940800.0,1235200.0,13619200.0,3584000.0,0.75,0.7368421052631579
180,1,160,43,117,25.94,38,10,28,27.0,4765032,1268472,2258416,594320,14,0,51,10,0,250422-080536_Run_772_Idx_82007,1930,0,5e-05,20000000,47650320.0,12684720.0,22584160.0,5943200.0,0.73125,0.7368421052631579
181,1,290,78,212,26.4,95,25,70,27.0,4634792,1231016,2320888,610760,7,0,51,10,0,250422-065030_Run_691_Idx_42567,1730,0,5e-05,20000000,46347920.0,12310160.0,23208880.0,6107600.0,0.7310344827586207,0.7368421052631579
182,1,290,86,204,21.83,95,29,66,22.74,3395592,974760,1865792,523280,7,0,51,10,0,250422-075750_Run_895_Idx_27768,2240,0,5e-05,20000000,33955920.0,9747600.0,18657920.0,5232800.0,0.7034482758620689,0.6947368421052632
183,1,320,107,213,21.2,171,60,111,22.32,1311792,374232,1287400,391928,4,0,51,10,0,250422-102243_Run_942_Idx_59473,2360,0,5e-05,20000000,13117920.0,3742320.0,12874000.0,3919280.0,0.665625,0.6491228070175439
184,1,160,43,117,22.43,38,10,28,21.47,3300808,858416,1000816,251136,14,0,51,10,0,250422-131711_Run_1536_Idx_46277,3840,0,5e-05,20000000,33008080.0,8584160.0,10008160.0,2511360.0,0.73125,0.7368421052631579
185,1,290,80,210,26.31,95,25,70,27.0,4634792,1249752,2320888,610760,7,0,51,10,0,250422-065835_Run_687_Idx_52003,1720,0,5e-05,20000000,46347920.0,12497520.0,23208880.0,6107600.0,0.7241379310344828,0.7368421052631579
186,1,320,93,227,23.78,171,48,123,25.58,1507120,402144,1637672,441800,4,0,51,10,0,250422-123210_Run_1234_Idx_66978,3090,0,5e-05,20000000,15071200.0,4021440.0,16376720.0,4418000.0,0.709375,0.7192982456140351
187,1,290,78,212,26.14,95,25,70,25.63,4382472,1180776,1857752,494976,7,0,51,10,0,250422-084227_Run_279_Idx_91797,700,0,5e-05,20000000,43824720.0,11807760.0,18577520.0,4949760.0,0.7310344827586207,0.7368421052631579
188,1,320,80,240,26.54,171,45,126,27.0,1942144,485536,1975848,519960,4,0,51,10,0,250422-101300_Run_354_Idx_40035,890,0,5e-05,20000000,19421440.0,4855360.0,19758480.0,5199600.0,0.75,0.7368421052631579
189,1,290,86,204,25.56,95,29,66,25.58,4429352,1220360,2176432,601168,7,0,51,10,0,250422-064848_Run_335_Idx_90305,840,0,5e-05,20000000,44293520.0,12203600.0,21764320.0,6011680.0,0.7034482758620689,0.6947368421052632
190,1,290,79,211,26.45,95,25,70,27.0,4747592,1264304,2320888,610760,7,0,51,10,0,250422-080917_Run_175_Idx_43476,440,0,5e-05,20000000,47475920.0,12643040.0,23208880.0,6107600.0,0.7275862068965517,0.7368421052631579
191,1,160,45,115,25.98,38,10,28,24.26,5099872,1350328,1797872,479184,14,0,51,10,0,250422-070624_Run_564_Idx_47958,1410,0,5e-05,20000000,50998720.0,13503280.0,17978720.0,4791840.0,0.71875,0.7368421052631579
192,1,320,94,226,24.37,304,80,224,27.0,431144,113104,1361920,358400,2,0,51,10,0,250422-104214_Run_1169_Idx_14466,2930,0,5e-05,20000000,4311440.0,1131040.0,13619200.0,3584000.0,0.70625,0.7368421052631579
193,1,320,93,227,24.33,304,80,224,27.0,432752,113040,1361920,358400,2,0,51,10,0,250422-072716_Run_1029_Idx_20310,2580,0,5e-05,20000000,4327520.0,1130400.0,13619200.0,3584000.0,0.709375,0.7368421052631579
194,1,320,87,233,24.42,171,56,115,21.32,1533776,389552,1064656,306992,4,0,51,10,0,250422-125402_Run_1638_Idx_85321,4100,0,5e-05,20000000,15337760.0,3895520.0,10646560.0,3069920.0,0.728125,0.672514619883041
195,1,160,43,117,25.82,38,10,28,25.58,4717152,1222296,1913008,479184,14,0,51,10,0,250422-080348_Run_892_Idx_1820,2230,0,5e-05,20000000,47171520.0,12222960.0,19130080.0,4791840.0,0.73125,0.7368421052631579
196,1,320,103,217,22.18,304,97,207,21.32,373480,102480,866704,234736,2,0,51,10,0,250422-132341_Run_1745_Idx_17592,4370,0,5e-05,20000000,3734800.0,1024800.0,8667040.0,2347360.0,0.678125,0.680921052631579
197,1,320,80,240,26.5,171,45,126,27.0,1942144,485536,1975848,519960,4,0,51,10,0,250422-085730_Run_510_Idx_80127,1280,0,5e-05,20000000,19421440.0,4855360.0,19758480.0,5199600.0,0.75,0.7368421052631579
198,1,290,82,208,23.91,95,26,69,25.01,3932872,1063048,2077992,547752,7,0,51,10,0,250422-101324_Run_947_Idx_13310,2370,0,5e-05,20000000,39328720.0,10630480.0,20779920.0,5477520.0,0.7172413793103448,0.7263157894736842
199,1,320,88,232,23.78,171,52,119,23.54,1592368,412392,1350480,367824,4,0,51,10,0,250422-111019_Run_1510_Idx_10735,3780,0,5e-05,20000000,15923680.0,4123920.0,13504800.0,3678240.0,0.725,0.695906432748538
200,1,290,78,212,24.2,95,25,70,24.83,3592712,974888,1848216,492592,7,0,51,10,0,250422-124232_Run_1583_Idx_42567,3960,0,5e-05,20000000,35927120.0,9748880.0,18482160.0,4925920.0,0.7310344827586207,0.7368421052631579
201,1,160,43,117,20.43,38,10,28,21.47,2958016,816912,1346224,366272,14,0,51,10,0,250422-132212_Run_1624_Idx_87442,4060,0,5e-05,20000000,29580160.0,8169120.0,13462240.0,3662720.0,0.73125,0.7368421052631579
202,1,320,95,225,24.19,304,108,196,20.73,410464,108400,836296,236232,2,0,51,10,0,250422-125607_Run_1637_Idx_54633,4100,0,5e-05,20000000,4104640.0,1084000.0,8362960.0,2362320.0,0.703125,0.6447368421052632
203,1,320,93,227,20.41,171,53,118,21.96,1036624,274856,1153544,302352,4,0,51,10,0,250422-133227_Run_1798_Idx_48262,4500,0,5e-05,20000000,10366240.0,2748560.0,11535440.0,3023520.0,0.709375,0.6900584795321637
204,1,320,104,216,23.51,304,102,202,22.8,410240,113744,1062184,287544,2,0,51,10,0,250422-121336_Run_1065_Idx_568,2670,0,5e-05,20000000,4102400.0,1137440.0,10621840.0,2875440.0,0.675,0.6644736842105263
205,1,320,80,240,26.41,171,52,119,25.58,1880192,470048,1822576,496104,4,0,51,10,0,250422-080748_Run_890_Idx_41603,2230,0,5e-05,20000000,18801920.0,4700480.0,18225760.0,4961040.0,0.75,0.695906432748538
206,1,320,102,218,22.3,304,102,202,21.18,383128,108848,927520,274512,2,0,51,10,0,250422-124558_Run_1733_Idx_29661,4340,0,5e-05,20000000,3831280.0,1088480.0,9275200.0,2745120.0,0.68125,0.6644736842105263
207,1,320,80,240,26.6,304,90,214,25.58,487424,121856,1214224,333696,2,0,51,10,0,250422-105111_Run_1105_Idx_3348,2770,0,5e-05,20000000,4874240.0,1218560.0,12142240.0,3336960.0,0.75,0.7039473684210527
208,1,320,80,240,26.54,171,45,126,25.63,1942144,485536,1581384,421344,4,0,51,10,0,250422-100518_Run_358_Idx_40035,900,0,5e-05,20000000,19421440.0,4855360.0,15813840.0,4213440.0,0.75,0.7368421052631579
209,1,290,84,206,23.19,95,30,65,24.19,3918440,1031096,1947552,550952,7,0,51,10,0,250422-070617_Run_683_Idx_73015,1710,0,5e-05,20000000,39184400.0,10310960.0,19475520.0,5509520.0,0.7103448275862069,0.6842105263157895
210,1,290,78,212,20.93,95,25,70,22.47,2991272,785896,1375544,374424,7,0,51,10,0,250422-132446_Run_1683_Idx_91797,4210,0,5e-05,20000000,29912720.0,7858960.0,13755440.0,3744240.0,0.7310344827586207,0.7368421052631579
211,1,320,80,240,26.65,304,80,224,27.0,494080,123520,1361920,358400,2,0,51,10,0,250422-095344_Run_125_Idx_24085,320,0,5e-05,20000000,4940800.0,1235200.0,13619200.0,3584000.0,0.75,0.7368421052631579
212,1,290,85,205,25.0,95,25,70,27.0,4285352,1166432,2320888,610760,7,0,51,10,0,250422-102654_Run_703_Idx_98403,1760,0,5e-05,20000000,42853520.0,11664320.0,23208880.0,6107600.0,0.7068965517241379,0.7368421052631579
213,1,290,78,212,25.56,95,25,70,27.0,4011912,1088136,2320888,610760,7,0,51,10,0,250422-120627_Run_1423_Idx_46758,3560,0,5e-05,20000000,40119120.0,10881360.0,23208880.0,6107600.0,0.7310344827586207,0.7368421052631579
214,1,320,107,213,21.62,304,92,212,24.87,331808,94328,1118656,307904,2,0,51,10,0,250422-105632_Run_1457_Idx_94623,3650,0,5e-05,20000000,3318080.0,943280.0,11186560.0,3079040.0,0.665625,0.6973684210526315
215,1,160,43,117,26.39,38,10,28,27.0,5198296,1386776,2258416,594320,14,0,51,10,0,250422-094801_Run_128_Idx_87442,320,0,5e-05,20000000,51982960.0,13867760.0,22584160.0,5943200.0,0.73125,0.7368421052631579
216,1,160,43,117,25.19,38,10,28,24.26,4383672,1183120,1797872,479184,14,0,51,10,0,250422-085531_Run_868_Idx_1820,2170,0,5e-05,20000000,43836720.0,11831200.0,17978720.0,4791840.0,0.73125,0.7368421052631579
217,1,320,99,221,22.7,304,96,208,23.5,365216,95736,1057840,291072,2,0,51,10,0,250422-125642_Run_1697_Idx_61322,4250,0,5e-05,20000000,3652160.0,957360.0,10578400.0,2910720.0,0.690625,0.6842105263157895
218,1,290,78,212,26.49,95,25,70,27.0,4703272,1248136,2320888,610760,7,0,51,10,0,250422-073603_Run_311_Idx_91797,780,0,5e-05,20000000,47032720.0,12481360.0,23208880.0,6107600.0,0.7310344827586207,0.7368421052631579
219,1,290,79,211,23.54,95,25,70,25.58,3446472,904784,1966384,492592,7,0,51,10,0,250422-103522_Run_1291_Idx_89856,3230,0,5e-05,20000000,34464720.0,9047840.0,19663840.0,4925920.0,0.7275862068965517,0.7368421052631579
220,1,290,83,207,25.38,95,28,67,25.58,4319592,1164816,2123920,574024,7,0,51,10,0,250422-091232_Run_503_Idx_58035,1260,0,5e-05,20000000,43195920.0,11648160.0,21239200.0,5740240.0,0.7137931034482758,0.7052631578947368
221,1,290,79,211,26.17,95,25,70,27.0,4679112,1212944,2320888,610760,7,0,51,10,0,250422-080619_Run_415_Idx_66629,1040,0,5e-05,20000000,46791120.0,12129440.0,23208880.0,6107600.0,0.7275862068965517,0.7368421052631579
222,1,290,78,212,26.12,95,25,70,27.0,4439432,1195016,2320888,610760,7,0,51,10,0,250422-113705_Run_1259_Idx_96012,3150,0,5e-05,20000000,44394320.0,11950160.0,23208880.0,6107600.0,0.7310344827586207,0.7368421052631579
223,1,290,78,212,19.57,95,25,70,21.23,2197608,596040,1385080,376808,7,0,51,10,0,250422-132408_Run_1623_Idx_3654,4060,0,5e-05,20000000,21976080.0,5960400.0,13850800.0,3768080.0,0.7310344827586207,0.7368421052631579
224,1,320,89,231,25.12,171,45,126,27.0,1617288,419592,1975848,519960,4,0,51,10,0,250422-091329_Run_978_Idx_8107,2450,0,5e-05,20000000,16172880.0,4195920.0,19758480.0,5199600.0,0.721875,0.7368421052631579
225,1,160,48,112,24.43,38,14,24,22.89,5300312,1356408,1797872,544208,14,0,51,10,0,250422-083859_Run_400_Idx_62099,1000,0,5e-05,20000000,53003120.0,13564080.0,17978720.0,5442080.0,0.7,0.631578947368421
226,1,320,80,240,26.6,304,88,216,25.58,487424,121856,1222912,324736,2,0,51,10,0,250422-103440_Run_1173_Idx_33770,2940,0,5e-05,20000000,4874240.0,1218560.0,12229120.0,3247360.0,0.75,0.7105263157894737
227,1,320,80,240,26.56,171,53,118,25.58,1942144,485536,1772048,491488,4,0,51,10,0,250422-070044_Run_210_Idx_56405,530,0,5e-05,20000000,19421440.0,4855360.0,17720480.0,4914880.0,0.75,0.6900584795321637
228,1,160,43,117,23.78,38,10,28,21.42,3782032,1012928,1346224,366272,14,0,51,10,0,250422-123251_Run_1352_Idx_13114,3380,0,5e-05,20000000,37820320.0,10129280.0,13462240.0,3662720.0,0.73125,0.7368421052631579
229,1,290,78,212,26.64,95,25,70,27.0,4781832,1280616,2320888,610760,7,0,51,10,0,250422-071955_Run_795_Idx_54015,1990,0,5e-05,20000000,47818320.0,12806160.0,23208880.0,6107600.0,0.7310344827586207,0.7368421052631579
230,1,320,93,227,25.25,304,80,224,27.0,447224,117864,1361920,358400,2,0,51,10,0,250422-074921_Run_661_Idx_1042,1660,0,5e-05,20000000,4472240.0,1178640.0,13619200.0,3584000.0,0.709375,0.7368421052631579
231,1,320,91,229,25.19,171,45,126,27.0,1714056,449056,1975848,519960,4,0,51,10,0,250422-064114_Run_458_Idx_10393,1150,0,5e-05,20000000,17140560.0,4490560.0,19758480.0,5199600.0,0.715625,0.7368421052631579
232,1,320,95,225,20.87,171,51,120,24.17,1107824,308472,1500704,416216,4,0,51,10,0,250422-125019_Run_1670_Idx_97747,4180,0,5e-05,20000000,11078240.0,3084720.0,15007040.0,4162160.0,0.703125,0.7017543859649122
233,1,320,80,240,26.6,304,80,224,27.0,487424,121856,1361920,358400,2,0,51,10,0,250422-102315_Run_585_Idx_2588,1470,0,5e-05,20000000,4874240.0,1218560.0,13619200.0,3584000.0,0.75,0.7368421052631579
234,1,320,109,211,23.78,171,53,118,25.58,1693504,469920,1848864,509680,4,0,51,10,0,250422-065705_Run_450_Idx_7375,1130,0,5e-05,20000000,16935040.0,4699200.0,18488640.0,5096800.0,0.659375,0.6900584795321637
235,1,290,78,212,20.21,95,26,69,16.79,2220872,597576,235968,73776,7,0,51,10,0,250422-135739_Run_1771_Idx_20723,4430,0,5e-05,20000000,22208720.0,5975760.0,2359680.0,737760.0,0.7310344827586207,0.7263157894736842
236,1,160,44,116,26.16,38,10,28,27.0,4901440,1308520,2258416,594320,14,0,51,10,0,250422-073400_Run_312_Idx_93324,780,0,5e-05,20000000,49014400.0,13085200.0,22584160.0,5943200.0,0.725,0.7368421052631579
237,1,320,94,226,24.81,304,80,224,27.0,432976,114768,1361920,358400,2,0,51,10,0,250422-115258_Run_1193_Idx_14609,2990,0,5e-05,20000000,4329760.0,1147680.0,13619200.0,3584000.0,0.70625,0.7368421052631579
238,1,160,43,117,23.39,38,10,28,20.0,4410904,1189928,1337328,364048,14,0,51,10,0,250422-125402_Run_1608_Idx_22272,4020,0,5e-05,20000000,44109040.0,11899280.0,13373280.0,3640480.0,0.73125,0.7368421052631579
239,1,320,80,240,26.26,171,52,119,25.58,1942144,485536,1659848,459720,4,0,51,10,0,250422-075733_Run_538_Idx_57250,1350,0,5e-05,20000000,19421440.0,4855360.0,16598480.0,4597200.0,0.75,0.695906432748538
240,1,320,80,240,26.6,304,80,224,27.0,487424,121856,1361920,358400,2,0,51,10,0,250422-102305_Run_229_Idx_29121,580,0,5e-05,20000000,4874240.0,1218560.0,13619200.0,3584000.0,0.75,0.7368421052631579
241,1,160,45,115,26.16,38,12,26,25.58,5038944,1349496,2143280,598048,14,0,51,10,0,250422-100951_Run_236_Idx_67416,590,0,5e-05,20000000,50389440.0,13494960.0,21432800.0,5980480.0,0.71875,0.6842105263157895
242,1,320,80,240,26.15,171,60,111,24.32,1915904,478976,1481336,435296,4,0,51,10,0,250422-090226_Run_270_Idx_94268,680,0,5e-05,20000000,19159040.0,4789760.0,14813360.0,4352960.0,0.75,0.6491228070175439
243,1,320,89,231,24.72,171,57,114,23.4,1616424,419592,1318736,387176,4,0,51,10,0,250422-112704_Run_1086_Idx_67185,2720,0,5e-05,20000000,16164240.0,4195920.0,13187360.0,3871760.0,0.721875,0.6666666666666666
244,1,290,78,212,24.58,95,25,70,27.0,3532552,968296,2320888,610760,7,0,51,10,0,250422-132037_Run_1655_Idx_46758,4140,0,5e-05,20000000,35325520.0,9682960.0,23208880.0,6107600.0,0.7310344827586207,0.7368421052631579
245,1,290,83,207,24.66,95,29,66,24.18,3977672,1092176,1890288,535968,7,0,51,10,0,250422-085742_Run_867_Idx_7490,2170,0,5e-05,20000000,39776720.0,10921760.0,18902880.0,5359680.0,0.7137931034482758,0.6947368421052632
246,1,320,104,216,21.85,171,54,117,23.54,1274904,367688,1406288,403368,4,0,51,10,0,250422-104744_Run_1166_Idx_79296,2920,0,5e-05,20000000,12749040.0,3676880.0,14062880.0,4033680.0,0.675,0.6842105263157895
247,1,320,80,240,26.56,171,45,126,27.0,1942144,485536,1975848,519960,4,0,51,10,0,250422-061922_Run_86_Idx_48165,220,0,5e-05,20000000,19421440.0,4855360.0,19758480.0,5199600.0,0.75,0.7368421052631579
248,1,290,82,208,24.81,95,30,65,22.21,4473672,1215368,1894656,525048,7,0,51,10,0,250422-065639_Run_807_Idx_39980,2020,0,5e-05,20000000,44736720.0,12153680.0,18946560.0,5250480.0,0.7172413793103448,0.6842105263157895
249,1,160,45,115,25.04,38,13,25,22.89,4331288,1172776,1797872,484776,14,0,51,10,0,250422-095743_Run_480_Idx_63166,1200,0,5e-05,20000000,43312880.0,11727760.0,17978720.0,4847760.0,0.71875,0.6578947368421053
250,1,320,90,230,20.42,171,46,125,25.26,1155616,291128,1681856,423744,4,0,51,10,0,250422-140826_Run_1938_Idx_56186,4850,0,5e-05,20000000,11556160.0,2911280.0,16818560.0,4237440.0,0.71875,0.7309941520467836
251,1,320,93,227,19.84,171,50,121,20.57,1077048,285376,889592,248776,4,0,51,10,0,250422-134235_Run_1870_Idx_32718,4680,0,5e-05,20000000,10770480.0,2853760.0,8895920.0,2487760.0,0.709375,0.7076023391812866
252,1,290,79,211,25.51,95,26,69,25.58,4035592,1094864,2023328,546872,7,0,51,10,0,250422-110821_Run_1155_Idx_52003,2890,0,5e-05,20000000,40355920.0,10948640.0,20233280.0,5468720.0,0.7275862068965517,0.7263157894736842
253,1,320,80,240,26.56,171,52,119,25.58,1942144,485536,1696232,468816,4,0,51,10,0,250422-082703_Run_762_Idx_93172,1910,0,5e-05,20000000,19421440.0,4855360.0,16962320.0,4688160.0,0.75,0.695906432748538
254,1,290,82,208,22.62,95,26,69,24.16,3412232,941448,1495016,415136,7,0,51,10,0,250422-105955_Run_1219_Idx_90023,3050,0,5e-05,20000000,34122320.0,9414480.0,14950160.0,4151360.0,0.7172413793103448,0.7263157894736842
255,1,290,81,209,25.8,95,29,66,24.44,4422312,1180320,1972576,536848,7,0,51,10,0,250422-082849_Run_523_Idx_8489,1310,0,5e-05,20000000,44223120.0,11803200.0,19725760.0,5368480.0,0.7206896551724138,0.6947368421052632
256,1,320,80,240,26.08,171,55,116,23.05,1915904,478976,1258336,337192,4,0,51,10,0,250422-120220_Run_1070_Idx_35853,2680,0,5e-05,20000000,19159040.0,4789760.0,12583360.0,3371920.0,0.75,0.6783625730994152
257,1,290,78,212,22.93,95,26,69,21.46,3344232,899816,1445632,402448,7,0,51,10,0,250422-113032_Run_1439_Idx_82624,3600,0,5e-05,20000000,33442320.0,8998160.0,14456320.0,4024480.0,0.7310344827586207,0.7263157894736842
258,1,320,87,233,25.3,304,80,224,27.0,424936,109496,1361920,358400,2,0,51,10,0,250422-134042_Run_1825_Idx_79714,4570,0,5e-05,20000000,4249360.0,1094960.0,13619200.0,3584000.0,0.728125,0.7368421052631579
259,1,290,78,212,21.73,95,26,69,21.4,3138312,869736,1340608,376192,7,0,51,10,0,250422-130538_Run_1723_Idx_85350,4310,0,5e-05,20000000,31383120.0,8697360.0,13406080.0,3761920.0,0.7310344827586207,0.7263157894736842
260,1,160,44,116,26.27,38,10,28,27.0,5318056,1427656,2258416,594320,14,0,51,10,0,250422-063730_Run_460_Idx_37818,1150,0,5e-05,20000000,53180560.0,14276560.0,22584160.0,5943200.0,0.725,0.7368421052631579
261,1,320,93,227,25.15,171,45,126,27.0,1665728,439320,1975848,519960,4,0,51,10,0,250422-064303_Run_338_Idx_46252,850,0,5e-05,20000000,16657280.0,4393200.0,19758480.0,5199600.0,0.709375,0.7368421052631579
262,1,320,96,224,22.06,171,46,125,24.53,1227776,329880,1489088,387360,4,0,51,10,0,250422-111752_Run_1506_Idx_45405,3770,0,5e-05,20000000,12277760.0,3298800.0,14890880.0,3873600.0,0.7,0.7309941520467836
263,1,160,44,116,26.16,38,12,26,25.58,4898824,1308520,2143280,598048,14,0,51,10,0,250422-092324_Run_260_Idx_59602,650,0,5e-05,20000000,48988240.0,13085200.0,21432800.0,5980480.0,0.725,0.6842105263157895
264,1,320,102,218,22.01,304,96,208,24.08,368656,104024,1066528,304104,2,0,51,10,0,250422-124317_Run_1765_Idx_51608,4420,0,5e-05,20000000,3686560.0,1040240.0,10665280.0,3041040.0,0.68125,0.6842105263157895
265,1,290,87,203,24.38,95,28,67,25.58,3949992,1084208,2123920,574024,7,0,51,10,0,250422-094150_Run_607_Idx_13667,1520,0,5e-05,20000000,39499920.0,10842080.0,21239200.0,5740240.0,0.7,0.7052631578947368
266,1,160,43,117,23.08,38,10,28,22.74,3707064,1013968,1337328,364048,14,0,51,10,0,250422-120639_Run_1068_Idx_46277,2670,0,5e-05,20000000,37070640.0,10139680.0,13373280.0,3640480.0,0.73125,0.7368421052631579
267,1,290,78,212,26.45,95,25,70,27.0,4764712,1263496,2320888,610760,7,0,51,10,0,250422-094434_Run_487_Idx_96012,1220,0,5e-05,20000000,47647120.0,12634960.0,23208880.0,6107600.0,0.7310344827586207,0.7368421052631579
268,1,320,100,220,19.32,304,110,194,19.04,273488,76888,775480,227816,2,0,51,10,0,250422-141024_Run_1897_Idx_28017,4750,0,5e-05,20000000,2734880.0,768880.0,7754800.0,2278160.0,0.6875,0.6381578947368421
269,1,290,83,207,26.17,95,25,70,27.0,4696232,1284656,2320888,610760,7,0,51,10,0,250422-081752_Run_171_Idx_90023,430,0,5e-05,20000000,46962320.0,12846560.0,23208880.0,6107600.0,0.7137931034482758,0.7368421052631579
270,1,290,80,210,25.46,95,30,65,23.65,4223912,1147032,1946320,537736,7,0,51,10,0,250422-095057_Run_959_Idx_63290,2400,0,5e-05,20000000,42239120.0,11470320.0,19463200.0,5377360.0,0.7241379310344828,0.6842105263157895
271,1,320,80,240,26.6,304,93,211,25.58,487424,121856,1253320,347136,2,0,51,10,0,250422-084745_Run_633_Idx_1042,1590,0,5e-05,20000000,4874240.0,1218560.0,12533200.0,3471360.0,0.75,0.694078947368421
272,1,290,84,206,25.53,95,29,66,25.58,4439432,1199864,2177344,601168,7,0,51,10,0,250422-072352_Run_555_Idx_36913,1390,0,5e-05,20000000,44394320.0,11998640.0,21773440.0,6011680.0,0.7103448275862069,0.6947368421052632
273,1,320,80,240,26.3,304,95,209,24.52,494080,123520,1075920,304144,2,0,51,10,0,250422-135154_Run_1881_Idx_13385,4710,0,5e-05,20000000,4940800.0,1235200.0,10759200.0,3041440.0,0.75,0.6875
274,1,320,80,240,26.6,304,80,224,27.0,487424,121856,1361920,358400,2,0,51,10,0,250422-071635_Run_321_Idx_29121,810,0,5e-05,20000000,4874240.0,1218560.0,13619200.0,3584000.0,0.75,0.7368421052631579
275,1,290,82,208,21.64,95,26,69,22.17,3008392,840488,1552480,429160,7,0,51,10,0,250422-104549_Run_1167_Idx_11969,2920,0,5e-05,20000000,30083920.0,8404880.0,15524800.0,4291600.0,0.7172413793103448,0.7263157894736842
276,1,290,78,212,23.66,95,25,70,25.58,3514952,955336,1848216,492592,7,0,51,10,0,250422-105713_Run_1339_Idx_54015,3350,0,5e-05,20000000,35149520.0,9553360.0,18482160.0,4925920.0,0.7310344827586207,0.7368421052631579
277,1,320,80,240,26.3,304,95,209,25.58,494080,123520,1279384,356096,2,0,51,10,0,250422-074346_Run_545_Idx_13639,1370,0,5e-05,20000000,4940800.0,1235200.0,12793840.0,3560960.0,0.75,0.6875
278,1,160,43,117,26.56,38,10,28,27.0,5355000,1425952,2258416,594320,14,0,51,10,0,250422-085920_Run_152_Idx_87442,380,0,5e-05,20000000,53550000.0,14259520.0,22584160.0,5943200.0,0.73125,0.7368421052631579
279,1,290,79,211,26.54,95,25,70,27.0,4764712,1281424,2320888,610760,7,0,51,10,0,250422-064441_Run_575_Idx_89856,1440,0,5e-05,20000000,47647120.0,12814240.0,23208880.0,6107600.0,0.7275862068965517,0.7368421052631579
280,1,290,77,213,23.86,95,26,69,22.45,3497832,903168,1552480,402904,7,0,51,10,0,250422-104524_Run_1523_Idx_67176,3810,0,5e-05,20000000,34978320.0,9031680.0,15524800.0,4029040.0,0.7344827586206897,0.7263157894736842
281,1,320,105,215,20.06,304,113,191,18.26,337880,94512,727696,206504,2,0,51,10,0,250422-141333_Run_1909_Idx_72605,4780,0,5e-05,20000000,3378800.0,945120.0,7276960.0,2065040.0,0.671875,0.6282894736842105
282,1,320,80,240,26.65,304,102,202,24.42,494080,123520,1179472,330984,2,0,51,10,0,250422-092454_Run_497_Idx_99519,1250,0,5e-05,20000000,4940800.0,1235200.0,11794720.0,3309840.0,0.75,0.6644736842105263
283,1,160,43,117,24.98,38,10,28,24.16,4491192,1210000,1337328,364048,14,0,51,10,0,250422-124203_Run_1644_Idx_87442,4110,0,5e-05,20000000,44911920.0,12100000.0,13373280.0,3640480.0,0.73125,0.7368421052631579
284,1,290,79,211,25.68,95,25,70,24.53,4377992,1180464,1848216,492592,7,0,51,10,0,250422-120700_Run_1127_Idx_87244,2820,0,5e-05,20000000,43779920.0,11804640.0,18482160.0,4925920.0,0.7275862068965517,0.7368421052631579
285,1,320,111,209,20.11,304,95,209,21.85,322168,85424,967320,252368,2,0,51,10,0,250422-130146_Run_1725_Idx_52921,4320,0,5e-05,20000000,3221680.0,854240.0,9673200.0,2523680.0,0.653125,0.6875
286,1,160,43,117,25.94,38,10,28,25.63,4764776,1268408,1806768,481408,14,0,51,10,0,250422-083127_Run_760_Idx_82007,1900,0,5e-05,20000000,47647760.0,12684080.0,18067680.0,4814080.0,0.73125,0.7368421052631579
287,1,320,93,227,24.25,304,112,192,21.87,453880,119528,1005712,280216,2,0,51,10,0,250422-070053_Run_805_Idx_73453,2020,0,5e-05,20000000,4538800.0,1195280.0,10057120.0,2802160.0,0.709375,0.631578947368421
288,1,320,80,240,26.54,171,45,126,27.0,1942144,485536,1975848,519960,4,0,51,10,0,250422-091100_Run_742_Idx_48165,1860,0,5e-05,20000000,19421440.0,4855360.0,19758480.0,5199600.0,0.75,0.7368421052631579
289,1,160,43,117,23.67,38,10,28,27.0,3504400,913896,2258416,594320,14,0,51,10,0,250422-141452_Run_1948_Idx_13114,4870,0,5e-05,20000000,35044000.0,9138960.0,22584160.0,5943200.0,0.73125,0.7368421052631579
290,1,320,80,240,26.65,304,80,224,27.0,494080,123520,1361920,358400,2,0,51,10,0,250422-092232_Run_141_Idx_24085,360,0,5e-05,20000000,4940800.0,1235200.0,13619200.0,3584000.0,0.75,0.7368421052631579
291,1,160,43,117,23.46,38,10,28,22.74,4185856,1123872,1797872,479184,14,0,51,10,0,250422-110551_Run_1452_Idx_1820,3630,0,5e-05,20000000,41858560.0,11238720.0,17978720.0,4791840.0,0.73125,0.7368421052631579
292,1,320,109,211,21.93,304,98,206,22.99,355792,104472,1010056,291344,2,0,51,10,0,250422-130957_Run_1721_Idx_94025,4310,0,5e-05,20000000,3557920.0,1044720.0,10100560.0,2913440.0,0.659375,0.6776315789473685
293,1,320,80,240,26.48,171,52,119,25.58,1915904,478976,1822576,496104,4,0,51,10,0,250422-091957_Run_618_Idx_77007,1550,0,5e-05,20000000,19159040.0,4789760.0,18225760.0,4961040.0,0.75,0.695906432748538
294,1,320,88,232,25.08,171,45,126,25.0,1665488,430960,1581384,421344,4,0,51,10,0,250422-110242_Run_1158_Idx_65880,2900,0,5e-05,20000000,16654880.0,4309600.0,15813840.0,4213440.0,0.725,0.7368421052631579
295,1,290,78,212,26.59,95,25,70,27.0,4720392,1265256,2320888,610760,7,0,51,10,0,250422-091720_Run_263_Idx_91797,660,0,5e-05,20000000,47203920.0,12652560.0,23208880.0,6107600.0,0.7310344827586207,0.7368421052631579
296,1,160,46,114,24.45,38,12,26,23.45,4371920,1174480,1682736,482912,14,0,51,10,0,250422-070106_Run_448_Idx_47870,1120,0,5e-05,20000000,43719200.0,11744800.0,16827360.0,4829120.0,0.7125,0.6842105263157895
297,1,320,80,240,26.48,171,45,126,27.0,1915904,478976,1975848,519960,4,0,51,10,0,250422-081936_Run_646_Idx_33009,1620,0,5e-05,20000000,19159040.0,4789760.0,19758480.0,5199600.0,0.75,0.7368421052631579
298,1,320,93,227,24.07,171,45,126,27.0,1570048,415184,1975848,519960,4,0,51,10,0,250422-115933_Run_1190_Idx_37002,2980,0,5e-05,20000000,15700480.0,4151840.0,19758480.0,5199600.0,0.709375,0.7368421052631579
299,1,320,80,240,26.41,171,51,120,23.01,1880192,470048,1249536,335760,4,0,51,10,0,250422-112451_Run_1442_Idx_68761,3610,0,5e-05,20000000,18801920.0,4700480.0,12495360.0,3357600.0,0.75,0.7017543859649122
300,1,160,43,117,23.55,38,10,28,22.74,3816840,1031424,1337328,364048,14,0,51,10,0,250422-104543_Run_1404_Idx_13114,3510,0,5e-05,20000000,38168400.0,10314240.0,13373280.0,3640480.0,0.73125,0.7368421052631579
301,1,320,90,230,23.21,171,54,117,21.65,1376408,351824,1393392,386880,4,0,51,10,0,250422-123638_Run_1586_Idx_65337,3970,0,5e-05,20000000,13764080.0,3518240.0,13933920.0,3868800.0,0.71875,0.6842105263157895
302,1,320,93,227,25.15,304,80,224,27.0,439544,115944,1361920,358400,2,0,51,10,0,250422-065908_Run_925_Idx_94751,2320,0,5e-05,20000000,4395440.0,1159440.0,13619200.0,3584000.0,0.709375,0.7368421052631579
303,1,160,43,117,19.99,38,10,28,21.32,3190248,874776,1337328,364048,14,0,51,10,0,250422-142022_Run_1972_Idx_82007,4930,0,5e-05,20000000,31902480.0,8747760.0,13373280.0,3640480.0,0.73125,0.7368421052631579
304,1,320,80,240,26.2,304,109,195,24.25,487424,121856,1201192,353656,2,0,51,10,0,250422-090439_Run_269_Idx_88366,680,0,5e-05,20000000,4874240.0,1218560.0,12011920.0,3536560.0,0.75,0.6414473684210527
305,1,320,80,240,26.65,304,80,224,27.0,494080,123520,1361920,358400,2,0,51,10,0,250422-073150_Run_789_Idx_71618,1980,0,5e-05,20000000,4940800.0,1235200.0,13619200.0,3584000.0,0.75,0.7368421052631579
306,1,320,90,230,23.58,171,53,118,21.88,1396624,359664,1435392,386152,4,0,51,10,0,250422-112715_Run_1382_Idx_73459,3460,0,5e-05,20000000,13966240.0,3596640.0,14353920.0,3861520.0,0.71875,0.6900584795321637
307,1,320,85,235,24.78,171,58,113,17.71,1620304,412944,757672,206976,4,0,51,10,0,250422-120038_Run_1486_Idx_85157,3720,0,5e-05,20000000,16203040.0,4129440.0,7576720.0,2069760.0,0.734375,0.6608187134502924
308,1,290,78,212,24.64,95,25,70,24.52,3984232,1076936,1848216,492592,7,0,51,10,0,250422-111557_Run_1151_Idx_42567,2880,0,5e-05,20000000,39842320.0,10769360.0,18482160.0,4925920.0,0.7310344827586207,0.7368421052631579
309,1,160,43,117,22.51,38,10,28,24.26,3504624,913952,1797872,479184,14,0,51,10,0,250422-135435_Run_1864_Idx_82007,4660,0,5e-05,20000000,35046240.0,9139520.0,17978720.0,4791840.0,0.73125,0.7368421052631579
310,1,290,78,212,23.23,95,25,70,21.34,3583432,972456,1375544,374424,7,0,51,10,0,250422-125509_Run_1759_Idx_67176,4400,0,5e-05,20000000,35834320.0,9724560.0,13755440.0,3744240.0,0.7310344827586207,0.7368421052631579
311,1,160,43,117,26.56,38,10,28,27.0,5355000,1425952,2258416,594320,14,0,51,10,0,250422-064056_Run_220_Idx_87442,550,0,5e-05,20000000,53550000.0,14259520.0,22584160.0,5943200.0,0.73125,0.7368421052631579
312,1,160,43,117,21.85,38,10,28,22.74,3410464,895624,1452464,364048,14,0,51,10,0,250422-141543_Run_1988_Idx_60828,4970,0,5e-05,20000000,34104640.0,8956240.0,14524640.0,3640480.0,0.73125,0.7368421052631579
313,1,160,44,116,26.13,38,12,26,25.58,5395728,1447728,2143280,598048,14,0,51,10,0,250422-093228_Run_136_Idx_94830,340,0,5e-05,20000000,53957280.0,14477280.0,21432800.0,5980480.0,0.725,0.6842105263157895
314,1,320,92,228,24.81,304,80,224,27.0,434720,114272,1361920,358400,2,0,51,10,0,250422-081836_Run_885_Idx_71687,2220,0,5e-05,20000000,4347200.0,1142720.0,13619200.0,3584000.0,0.7125,0.7368421052631579
315,1,320,88,232,24.72,171,51,120,23.38,1664624,430960,1355872,362344,4,0,51,10,0,250422-111933_Run_1090_Idx_65067,2730,0,5e-05,20000000,16646240.0,4309600.0,13558720.0,3623440.0,0.725,0.7017543859649122
316,1,320,92,228,25.25,304,92,212,25.58,442400,116192,1240288,342656,2,0,51,10,0,250422-111217_Run_1153_Idx_74492,2890,0,5e-05,20000000,4424000.0,1161920.0,12402880.0,3426560.0,0.7125,0.6973684210526315
317,1,320,106,214,23.05,304,91,213,25.58,384736,105888,1248976,338176,2,0,51,10,0,250422-103916_Run_1289_Idx_86996,3230,0,5e-05,20000000,3847360.0,1058880.0,12489760.0,3381760.0,0.66875,0.7006578947368421
318,1,320,83,237,23.82,171,45,126,25.63,1513560,383480,1581384,421344,4,0,51,10,0,250422-134344_Run_1778_Idx_78472,4450,0,5e-05,20000000,15135600.0,3834800.0,15813840.0,4213440.0,0.740625,0.7368421052631579
319,1,320,101,219,24.11,171,51,120,25.58,1575368,429472,1727792,473432,4,0,51,10,0,250422-102850_Run_582_Idx_86859,1460,0,5e-05,20000000,15753680.0,4294720.0,17277920.0,4734320.0,0.684375,0.7017543859649122
320,1,160,43,117,22.59,38,10,28,21.42,3703800,1013152,1337328,364048,14,0,51,10,0,250422-130921_Run_1752_Idx_60828,4380,0,5e-05,20000000,37038000.0,10131520.0,13373280.0,3640480.0,0.73125,0.7368421052631579
321,1,320,80,240,26.65,304,103,201,23.54,494080,123520,1114312,292024,2,0,51,10,0,250422-083320_Run_521_Idx_79992,1310,0,5e-05,20000000,4940800.0,1235200.0,11143120.0,2920240.0,0.75,0.6611842105263158
322,1,320,80,240,26.56,171,45,126,27.0,1942144,485536,1975848,519960,4,0,51,10,0,250422-092828_Run_138_Idx_21514,350,0,5e-05,20000000,19421440.0,4855360.0,19758480.0,5199600.0,0.75,0.7368421052631579
323,1,320,100,220,23.95,304,92,212,25.58,416896,111936,1257664,342656,2,0,51,10,0,250422-121046_Run_1185_Idx_97624,2970,0,5e-05,20000000,4168960.0,1119360.0,12576640.0,3426560.0,0.6875,0.6973684210526315
324,1,320,84,236,24.87,171,45,126,27.0,1555256,395784,1975848,519960,4,0,51,10,0,250422-130616_Run_1662_Idx_5723,4160,0,5e-05,20000000,15552560.0,3957840.0,19758480.0,5199600.0,0.7375,0.7368421052631579
325,1,320,80,240,26.5,304,112,192,24.16,479744,119936,1222912,362752,2,0,51,10,0,250422-061120_Run_77_Idx_77221,200,0,5e-05,20000000,4797440.0,1199360.0,12229120.0,3627520.0,0.75,0.631578947368421
326,1,320,93,227,19.4,171,47,124,22.45,1045960,271208,1337312,356272,4,0,51,10,0,250422-133703_Run_1842_Idx_32363,4610,0,5e-05,20000000,10459600.0,2712080.0,13373120.0,3562720.0,0.709375,0.7251461988304093
327,1,320,100,220,20.41,304,105,199,19.7,326848,92640,766792,240168,2,0,51,10,0,250422-134357_Run_1885_Idx_29335,4720,0,5e-05,20000000,3268480.0,926400.0,7667920.0,2401680.0,0.6875,0.6546052631578947
328,1,320,80,240,26.54,171,45,126,27.0,1942144,485536,1975848,519960,4,0,51,10,0,250422-085217_Run_394_Idx_40035,990,0,5e-05,20000000,19421440.0,4855360.0,19758480.0,5199600.0,0.75,0.7368421052631579
329,1,320,80,240,26.21,171,52,119,25.58,1942144,485536,1659848,459720,4,0,51,10,0,250422-082548_Run_406_Idx_55651,1020,0,5e-05,20000000,19421440.0,4855360.0,16598480.0,4597200.0,0.75,0.695906432748538
330,1,320,80,240,26.6,304,80,224,27.0,487424,121856,1361920,358400,2,0,51,10,0,250422-085836_Run_985_Idx_9346,2470,0,5e-05,20000000,4874240.0,1218560.0,13619200.0,3584000.0,0.75,0.7368421052631579
331,1,320,95,225,21.41,171,51,120,22.65,1231408,335016,1105360,305128,4,0,51,10,0,250422-131326_Run_1750_Idx_7817,4380,0,5e-05,20000000,12314080.0,3350160.0,11053600.0,3051280.0,0.703125,0.7017543859649122
332,1,320,103,217,23.2,304,97,207,24.64,404168,113368,1227256,343336,2,0,51,10,0,250422-071430_Run_917_Idx_9532,2300,0,5e-05,20000000,4041680.0,1133680.0,12272560.0,3433360.0,0.678125,0.680921052631579
333,1,160,44,116,26.26,38,10,28,27.0,4901440,1308520,2258416,594320,14,0,51,10,0,250422-064831_Run_692_Idx_85404,1730,0,5e-05,20000000,49014400.0,13085200.0,22584160.0,5943200.0,0.725,0.7368421052631579
334,1,320,91,229,24.85,304,105,199,23.4,437576,114520,1105624,322704,2,0,51,10,0,250422-112902_Run_1085_Idx_52642,2720,0,5e-05,20000000,4375760.0,1145200.0,11056240.0,3227040.0,0.715625,0.6546052631578947
335,1,320,90,230,19.12,171,56,115,15.19,1330448,347040,828032,232696,4,0,51,10,0,250422-130549_Run_1602_Idx_35412,4010,0,5e-05,20000000,13304480.0,3470400.0,8280320.0,2326960.0,0.71875,0.672514619883041
336,1,320,105,215,21.82,171,56,115,23.4,1383792,372208,1425072,386448,4,0,51,10,0,250422-084722_Run_990_Idx_26075,2480,0,5e-05,20000000,13837920.0,3722080.0,14250720.0,3864480.0,0.671875,0.672514619883041
337,1,290,81,209,26.17,95,25,70,27.0,4593512,1248800,2320888,610760,7,0,51,10,0,250422-074231_Run_427_Idx_53495,1070,0,5e-05,20000000,45935120.0,12488000.0,23208880.0,6107600.0,0.7206896551724138,0.7368421052631579
338,1,160,44,116,25.66,38,10,28,27.0,4743528,1284024,2258416,594320,14,0,51,10,0,250422-083757_Run_876_Idx_80582,2190,0,5e-05,20000000,47435280.0,12840240.0,22584160.0,5943200.0,0.725,0.7368421052631579
339,1,160,43,117,24.89,38,10,28,24.26,4290824,1149920,1797872,479184,14,0,51,10,0,250422-111404_Run_1152_Idx_27734,2880,0,5e-05,20000000,42908240.0,11499200.0,17978720.0,4791840.0,0.73125,0.7368421052631579
340,1,320,80,240,26.56,171,45,126,27.0,1942144,485536,1975848,519960,4,0,51,10,0,250422-083724_Run_162_Idx_21514,410,0,5e-05,20000000,19421440.0,4855360.0,19758480.0,5199600.0,0.75,0.7368421052631579
341,1,160,43,117,26.26,38,10,28,25.58,4764808,1268416,1797872,479184,14,0,51,10,0,250422-082340_Run_644_Idx_27734,1610,0,5e-05,20000000,47648080.0,12684160.0,17978720.0,4791840.0,0.73125,0.7368421052631579
342,1,320,80,240,26.65,304,80,224,25.63,494080,123520,1089536,290304,2,0,51,10,0,250422-072241_Run_437_Idx_78175,1100,0,5e-05,20000000,4940800.0,1235200.0,10895360.0,2903040.0,0.75,0.7368421052631579
343,1,320,80,240,26.56,171,55,116,24.63,1942144,485536,1579456,448280,4,0,51,10,0,250422-075349_Run_778_Idx_5578,1950,0,5e-05,20000000,19421440.0,4855360.0,15794560.0,4482800.0,0.75,0.6783625730994152
344,1,160,43,117,22.94,38,10,28,21.32,3761960,953680,1452464,364048,14,0,51,10,0,250422-132018_Run_1564_Idx_27734,3910,0,5e-05,20000000,37619600.0,9536800.0,14524640.0,3640480.0,0.73125,0.7368421052631579
345,1,160,44,116,25.76,38,10,28,24.16,4722080,1249328,1452464,364048,14,0,51,10,0,250422-094703_Run_724_Idx_67097,1810,0,5e-05,20000000,47220800.0,12493280.0,14524640.0,3640480.0,0.725,0.7368421052631579
346,1,320,80,240,26.15,171,52,119,24.8,1915904,478976,1570112,433136,4,0,51,10,0,250422-070820_Run_682_Idx_77007,1710,0,5e-05,20000000,19159040.0,4789760.0,15701120.0,4331360.0,0.75,0.695906432748538
347,1,290,84,206,22.67,95,26,69,24.44,3350792,910584,1653984,428280,7,0,51,10,0,250422-114918_Run_1135_Idx_37444,2840,0,5e-05,20000000,33507920.0,9105840.0,16539840.0,4282800.0,0.7103448275862069,0.7263157894736842
348,1,320,88,232,22.47,171,54,117,20.71,1507248,383344,1100312,296736,4,0,51,10,0,250422-122845_Run_1354_Idx_88724,3390,0,5e-05,20000000,15072480.0,3833440.0,11003120.0,2967360.0,0.725,0.6842105263157895
349,1,290,81,209,24.98,95,25,70,27.0,4377992,1130720,2320888,610760,7,0,51,10,0,250422-072315_Run_1031_Idx_18971,2580,0,5e-05,20000000,43779920.0,11307200.0,23208880.0,6107600.0,0.7206896551724138,0.7368421052631579
350,1,320,80,240,26.5,171,45,126,27.0,1915904,478976,1975848,519960,4,0,51,10,0,250422-080947_Run_294_Idx_51250,740,0,5e-05,20000000,19159040.0,4789760.0,19758480.0,5199600.0,0.75,0.7368421052631579
351,1,160,47,113,25.66,38,10,28,27.0,4983672,1353872,2258416,594320,14,0,51,10,0,250422-081342_Run_292_Idx_67416,730,0,5e-05,20000000,49836720.0,13538720.0,22584160.0,5943200.0,0.70625,0.7368421052631579
352,1,290,86,204,23.9,95,27,68,23.4,4035592,1083400,1836864,481680,7,0,51,10,0,250422-063513_Run_699_Idx_15785,1750,0,5e-05,20000000,40355920.0,10834000.0,18368640.0,4816800.0,0.7034482758620689,0.7157894736842105
353,1,320,92,228,24.15,171,53,118,24.79,1463800,376624,1624824,443368,4,0,51,10,0,250422-110424_Run_1098_Idx_20366,2750,0,5e-05,20000000,14638000.0,3766240.0,16248240.0,4433680.0,0.7125,0.6900584795321637
354,1,290,78,212,24.64,95,26,69,23.59,3771752,972456,1603232,415592,7,0,51,10,0,250422-110824_Run_1511_Idx_66629,3780,0,5e-05,20000000,37717520.0,9724560.0,16032320.0,4155920.0,0.7310344827586207,0.7263157894736842
355,1,290,77,213,22.68,95,26,69,22.8,3617672,971648,1501728,416472,7,0,51,10,0,250422-124151_Run_1735_Idx_54015,4340,0,5e-05,20000000,36176720.0,9716480.0,15017280.0,4164720.0,0.7344827586206897,0.7263157894736842
356,1,320,91,229,25.06,171,45,126,27.0,1602536,420528,1975848,519960,4,0,51,10,0,250422-101846_Run_826_Idx_61118,2070,0,5e-05,20000000,16025360.0,4205280.0,19758480.0,5199600.0,0.715625,0.7368421052631579
357,1,320,80,240,26.2,304,104,200,23.62,487424,121856,1057840,309536,2,0,51,10,0,250422-073320_Run_669_Idx_74492,1680,0,5e-05,20000000,4874240.0,1218560.0,10578400.0,3095360.0,0.75,0.6578947368421053
358,1,290,78,212,26.59,95,25,70,27.0,4720392,1265256,2320888,610760,7,0,51,10,0,250422-062728_Run_95_Idx_10643,240,0,5e-05,20000000,47203920.0,12652560.0,23208880.0,6107600.0,0.7310344827586207,0.7368421052631579
359,1,320,87,233,22.75,171,51,120,23.23,1474160,378784,1419680,385880,4,0,51,10,0,250422-141937_Run_1986_Idx_32348,4970,0,5e-05,20000000,14741600.0,3787840.0,14196800.0,3858800.0,0.728125,0.7017543859649122
360,1,160,43,117,24.78,38,10,28,27.0,3989976,1084696,2258416,594320,14,0,51,10,0,250422-131838_Run_1656_Idx_1820,4140,0,5e-05,20000000,39899760.0,10846960.0,22584160.0,5943200.0,0.73125,0.7368421052631579
361,1,160,43,117,26.5,38,10,28,27.0,5078216,1346768,2258416,594320,14,0,51,10,0,250422-062744_Run_4_Idx_13114,10,0,5e-05,20000000,50782160.0,13467680.0,22584160.0,5943200.0,0.73125,0.7368421052631579
362,1,320,94,226,23.32,171,57,114,24.16,1348216,356200,1504344,435704,4,0,51,10,0,250422-122355_Run_1238_Idx_4124,3100,0,5e-05,20000000,13482160.0,3562000.0,15043440.0,4357040.0,0.70625,0.6666666666666666
363,1,320,86,234,21.4,171,50,121,20.63,1178224,302056,1241496,330776,4,0,51,10,0,250422-140342_Run_1914_Idx_92850,4790,0,5e-05,20000000,11782240.0,3020560.0,12414960.0,3307760.0,0.73125,0.7076023391812866
364,1,320,88,232,23.75,171,45,126,27.0,1344880,350376,1975848,519960,4,0,51,10,0,250422-123850_Run_1706_Idx_78778,4270,0,5e-05,20000000,13448800.0,3503760.0,19758480.0,5199600.0,0.725,0.7368421052631579
365,1,320,80,240,26.6,304,110,194,24.18,487424,121856,1214224,358136,2,0,51,10,0,250422-100801_Run_237_Idx_59263,600,0,5e-05,20000000,4874240.0,1218560.0,12142240.0,3581360.0,0.75,0.6381578947368421
366,1,320,80,240,26.65,304,80,224,27.0,494080,123520,1361920,358400,2,0,51,10,0,250422-062134_Run_85_Idx_71618,220,0,5e-05,20000000,4940800.0,1235200.0,13619200.0,3584000.0,0.75,0.7368421052631579
367,1,320,80,240,26.42,171,58,113,23.53,1915904,478976,1463504,387312,4,0,51,10,0,250422-095112_Run_602_Idx_3770,1510,0,5e-05,20000000,19159040.0,4789760.0,14635040.0,3873120.0,0.75,0.6608187134502924
368,1,160,45,115,25.26,38,10,28,25.58,4333128,1152800,1913008,479184,14,0,51,10,0,250422-075740_Run_776_Idx_82663,1940,0,5e-05,20000000,43331280.0,11528000.0,19130080.0,4791840.0,0.71875,0.7368421052631579
369,1,160,44,116,26.03,38,11,27,25.58,5118944,1368544,1970576,538616,14,0,51,10,0,250422-090646_Run_268_Idx_74420,670,0,5e-05,20000000,51189440.0,13685440.0,19705760.0,5386160.0,0.725,0.7105263157894737
370,1,160,43,117,23.68,38,10,28,25.58,3996168,1032256,1913008,479184,14,0,51,10,0,250422-103330_Run_1292_Idx_22272,3230,0,5e-05,20000000,39961680.0,10322560.0,19130080.0,4791840.0,0.73125,0.7368421052631579
371,1,290,78,212,26.4,95,25,70,27.0,4583432,1231016,2320888,610760,7,0,51,10,0,250422-131059_Run_1539_Idx_10643,3850,0,5e-05,20000000,45834320.0,12310160.0,23208880.0,6107600.0,0.7310344827586207,0.7368421052631579
372,1,320,102,218,24.2,304,94,210,25.58,420112,113672,1275040,351616,2,0,51,10,0,250422-073957_Run_785_Idx_91538,1970,0,5e-05,20000000,4201120.0,1136720.0,12750400.0,3516160.0,0.68125,0.6907894736842105
373,1,320,94,226,22.03,171,53,118,23.37,1440616,368912,1213104,341672,4,0,51,10,0,250422-104930_Run_1402_Idx_58970,3510,0,5e-05,20000000,14406160.0,3689120.0,12131040.0,3416720.0,0.70625,0.6900584795321637
374,1,320,80,240,26.08,171,54,117,23.53,1915904,478976,1223904,360000,4,0,51,10,0,250422-113528_Run_1082_Idx_8107,2710,0,5e-05,20000000,19159040.0,4789760.0,12239040.0,3600000.0,0.75,0.6842105263157895
375,1,320,80,240,26.65,304,80,224,27.0,494080,123520,1361920,358400,2,0,51,10,0,250422-071026_Run_205_Idx_24085,520,0,5e-05,20000000,4940800.0,1235200.0,13619200.0,3584000.0,0.75,0.7368421052631579
376,1,160,43,117,22.38,38,10,28,27.0,3664624,973976,2258416,594320,14,0,51,10,0,250422-142932_Run_1996_Idx_22272,4990,0,5e-05,20000000,36646240.0,9739760.0,22584160.0,5943200.0,0.73125,0.7368421052631579
377,1,320,80,240,26.41,171,63,108,24.16,1880192,470048,1774456,526552,4,0,51,10,0,250422-060909_Run_78_Idx_41179,200,0,5e-05,20000000,18801920.0,4700480.0,17744560.0,5265520.0,0.75,0.631578947368421
378,1,290,85,205,25.15,95,28,67,25.58,4165512,1132192,2124832,574024,7,0,51,10,0,250422-073547_Run_787_Idx_48863,1970,0,5e-05,20000000,41655120.0,11321920.0,21248320.0,5740240.0,0.7068965517241379,0.7052631578947368
379,1,320,80,240,26.65,304,80,224,27.0,494080,123520,1361920,358400,2,0,51,10,0,250422-074940_Run_185_Idx_24085,470,0,5e-05,20000000,4940800.0,1235200.0,13619200.0,3584000.0,0.75,0.7368421052631579
380,1,290,78,212,21.13,95,25,70,21.68,3162472,854376,1375544,374424,7,0,51,10,0,250422-142157_Run_1891_Idx_42567,4730,0,5e-05,20000000,31624720.0,8543760.0,13755440.0,3744240.0,0.7310344827586207,0.7368421052631579
381,1,160,43,117,23.78,38,10,28,21.63,4177176,1131496,1337328,364048,14,0,51,10,0,250422-112318_Run_1088_Idx_46277,2720,0,5e-05,20000000,41771760.0,11314960.0,13373280.0,3640480.0,0.73125,0.7368421052631579
382,1,160,43,117,20.76,38,10,28,22.84,3349120,875680,1797872,479184,14,0,51,10,0,250422-125542_Run_1728_Idx_82007,4320,0,5e-05,20000000,33491200.0,8756800.0,17978720.0,4791840.0,0.73125,0.7368421052631579
383,1,320,103,217,18.42,171,55,116,17.87,1195280,336064,855816,258848,4,0,51,10,0,250422-121131_Run_1362_Idx_68961,3410,0,5e-05,20000000,11952800.0,3360640.0,8558160.0,2588480.0,0.678125,0.6783625730994152
384,1,320,100,220,22.95,304,102,202,21.76,405640,110328,988336,270168,2,0,51,10,0,250422-112723_Run_1501_Idx_28602,3760,0,5e-05,20000000,4056400.0,1103280.0,9883360.0,2701680.0,0.6875,0.6644736842105263
385,1,160,43,117,24.68,38,10,28,24.16,4330616,1169856,1797872,479184,14,0,51,10,0,250422-121039_Run_1244_Idx_22272,3110,0,5e-05,20000000,43306160.0,11698560.0,17978720.0,4791840.0,0.73125,0.7368421052631579
386,1,320,80,240,26.6,304,92,212,24.56,487424,121856,1170784,320936,2,0,51,10,0,250422-131251_Run_1689_Idx_30324,4230,0,5e-05,20000000,4874240.0,1218560.0,11707840.0,3209360.0,0.75,0.6973684210526315
387,1,160,46,114,25.99,38,12,26,24.87,4999768,1351296,1913008,540480,14,0,51,10,0,250422-083129_Run_284_Idx_25285,710,0,5e-05,20000000,49997680.0,13512960.0,19130080.0,5404800.0,0.7125,0.6842105263157895
388,1,320,90,230,23.95,171,50,121,25.58,1496432,385408,1769408,468952,4,0,51,10,0,250422-120822_Run_1186_Idx_85701,2970,0,5e-05,20000000,14964320.0,3854080.0,17694080.0,4689520.0,0.71875,0.7076023391812866
389,1,320,89,231,25.3,304,80,224,27.0,434584,112840,1361920,358400,2,0,51,10,0,250422-133225_Run_1589_Idx_96814,3980,0,5e-05,20000000,4345840.0,1128400.0,13619200.0,3584000.0,0.721875,0.7368421052631579
390,1,320,92,228,23.55,304,114,190,19.54,404032,106600,827608,228360,2,0,51,10,0,250422-125916_Run_1757_Idx_79491,4400,0,5e-05,20000000,4040320.0,1066000.0,8276080.0,2283600.0,0.7125,0.625
391,1,160,43,117,24.28,38,10,28,25.58,4134344,1110800,1797872,479184,14,0,51,10,0,250422-112542_Run_1324_Idx_82007,3310,0,5e-05,20000000,41343440.0,11108000.0,17978720.0,4791840.0,0.73125,0.7368421052631579
392,1,320,94,226,24.35,304,99,205,22.5,439408,116376,1053496,287136,2,0,51,10,0,250422-111901_Run_1209_Idx_32082,3030,0,5e-05,20000000,4394080.0,1163760.0,10534960.0,2871360.0,0.70625,0.6743421052631579
393,1,320,80,240,25.8,304,110,194,19.76,487424,121856,732040,236504,2,0,51,10,0,250422-143005_Run_1997_Idx_59263,5000,0,5e-05,20000000,4874240.0,1218560.0,7320400.0,2365040.0,0.75,0.6381578947368421
394,1,160,43,117,21.28,38,10,28,18.47,3309712,894848,1337328,364048,14,0,51,10,0,250422-134633_Run_1868_Idx_82007,4670,0,5e-05,20000000,33097120.0,8948480.0,13373280.0,3640480.0,0.73125,0.7368421052631579
395,1,290,80,210,25.04,95,25,70,25.58,3864392,1027192,1848216,492592,7,0,51,10,0,250422-110228_Run_1099_Idx_66078,2750,0,5e-05,20000000,38643920.0,10271920.0,18482160.0,4925920.0,0.7241379310344828,0.7368421052631579
396,1,290,78,212,26.64,95,25,70,27.0,4781832,1280616,2320888,610760,7,0,51,10,0,250422-083509_Run_163_Idx_3654,410,0,5e-05,20000000,47818320.0,12806160.0,23208880.0,6107600.0,0.7310344827586207,0.7368421052631579
397,1,320,102,218,22.67,304,105,199,19.56,368656,100808,801544,222792,2,0,51,10,0,250422-135031_Run_1805_Idx_15551,4520,0,5e-05,20000000,3686560.0,1008080.0,8015440.0,2227920.0,0.68125,0.6546052631578947
398,1,320,94,226,25.3,304,80,224,27.0,458704,121200,1361920,358400,2,0,51,10,0,250422-073029_Run_433_Idx_48844,1090,0,5e-05,20000000,4587040.0,1212000.0,13619200.0,3584000.0,0.70625,0.7368421052631579
399,1,290,79,211,24.31,95,25,70,22.99,3463592,956144,1375544,374424,7,0,51,10,0,250422-105024_Run_1283_Idx_89856,3210,0,5e-05,20000000,34635920.0,9561440.0,13755440.0,3744240.0,0.7275862068965517,0.7368421052631579
400,1,160,43,117,26.01,38,10,28,25.58,4841448,1287576,1797872,479184,14,0,51,10,0,250422-084015_Run_756_Idx_82007,1890,0,5e-05,20000000,48414480.0,12875760.0,17978720.0,4791840.0,0.73125,0.7368421052631579
401,1,320,80,240,25.95,304,112,192,23.84,494080,123520,1188160,354064,2,0,51,10,0,250422-084541_Run_397_Idx_24314,1000,0,5e-05,20000000,4940800.0,1235200.0,11881600.0,3540640.0,0.75,0.631578947368421
402,1,290,78,212,22.62,95,25,70,22.82,3360872,869736,1493712,374424,7,0,51,10,0,250422-130309_Run_1755_Idx_67176,4390,0,5e-05,20000000,33608720.0,8697360.0,14937120.0,3744240.0,0.7310344827586207,0.7368421052631579
403,1,290,78,212,19.52,95,25,70,23.06,2922792,768776,1848216,492592,7,0,51,10,0,250422-130027_Run_1695_Idx_91797,4240,0,5e-05,20000000,29227920.0,7687760.0,18482160.0,4925920.0,0.7310344827586207,0.7368421052631579
404,1,160,44,116,26.27,38,10,28,27.0,5356552,1408552,2258416,594320,14,0,51,10,0,250422-080421_Run_416_Idx_37818,1040,0,5e-05,20000000,53565520.0,14085520.0,22584160.0,5943200.0,0.725,0.7368421052631579
405,1,160,43,117,23.96,38,10,28,24.16,3960864,1033224,1452464,364048,14,0,51,10,0,250422-123114_Run_1472_Idx_60828,3680,0,5e-05,20000000,39608640.0,10332240.0,14524640.0,3640480.0,0.73125,0.7368421052631579
406,1,320,97,223,23.69,171,54,117,24.17,1493552,401616,1614952,456944,4,0,51,10,0,250422-064613_Run_1050_Idx_2254,2630,0,5e-05,20000000,14935520.0,4016160.0,16149520.0,4569440.0,0.696875,0.6842105263157895
407,1,320,94,226,25.25,304,94,210,25.41,452048,119536,1266352,351616,2,0,51,10,0,250422-081244_Run_649_Idx_31968,1630,0,5e-05,20000000,4520480.0,1195360.0,12663520.0,3516160.0,0.70625,0.6907894736842105
408,1,320,92,228,21.57,171,49,122,22.38,1280056,342088,1052600,286776,4,0,51,10,0,250422-132134_Run_1746_Idx_3692,4370,0,5e-05,20000000,12800560.0,3420880.0,10526000.0,2867760.0,0.7125,0.7134502923976608
409,1,290,78,212,22.04,95,27,68,20.94,3213832,888616,1394944,403792,7,0,51,10,0,250422-131645_Run_1687_Idx_20009,4220,0,5e-05,20000000,32138320.0,8886160.0,13949440.0,4037920.0,0.7310344827586207,0.7157894736842105
410,1,320,80,240,26.65,304,80,224,27.0,494080,123520,1361920,358400,2,0,51,10,0,250422-063142_Run_41_Idx_81817,110,0,5e-05,20000000,4940800.0,1235200.0,13619200.0,3584000.0,0.75,0.7368421052631579
411,1,320,80,240,26.65,304,110,194,20.91,494080,123520,966616,275600,2,0,51,10,0,250422-120829_Run_1245_Idx_42126,3120,0,5e-05,20000000,4940800.0,1235200.0,9666160.0,2756000.0,0.75,0.6381578947368421
412,1,320,80,240,26.19,171,47,124,25.11,1942144,485536,1422704,378808,4,0,51,10,0,250422-114245_Run_1494_Idx_67182,3740,0,5e-05,20000000,19421440.0,4855360.0,14227040.0,3788080.0,0.75,0.7251461988304093
413,1,320,92,228,25.15,304,80,224,27.0,434720,114272,1361920,358400,2,0,51,10,0,250422-065059_Run_929_Idx_71687,2330,0,5e-05,20000000,4347200.0,1142720.0,13619200.0,3584000.0,0.7125,0.7368421052631579
414,1,320,98,222,22.28,304,98,206,23.47,367048,102160,1092592,313064,2,0,51,10,0,250422-142142_Run_1985_Idx_94238,4970,0,5e-05,20000000,3670480.0,1021600.0,10925920.0,3130640.0,0.69375,0.6776315789473685
415,1,290,79,211,22.35,95,34,61,21.13,3549192,905592,1617680,501464,7,0,51,10,0,250422-113920_Run_1199_Idx_54773,3000,0,5e-05,20000000,35491920.0,9055920.0,16176800.0,5014640.0,0.7275862068965517,0.6421052631578947
416,1,290,83,207,26.03,95,30,65,25.58,4566312,1252176,2202720,614744,7,0,51,10,0,250422-092522_Run_259_Idx_63595,650,0,5e-05,20000000,45663120.0,12521760.0,22027200.0,6147440.0,0.7137931034482758,0.6842105263157895
417,1,160,43,117,26.61,38,10,28,27.0,5235144,1386000,2258416,594320,14,0,51,10,0,250422-061516_Run_88_Idx_82007,220,0,5e-05,20000000,52351440.0,13860000.0,22584160.0,5943200.0,0.73125,0.7368421052631579
418,1,290,81,209,23.93,95,27,68,24.46,3874472,1026240,1865792,495248,7,0,51,10,0,250422-122355_Run_1179_Idx_90023,2950,0,5e-05,20000000,38744720.0,10262400.0,18657920.0,4952480.0,0.7206896551724138,0.7157894736842105
419,1,160,43,117,25.94,38,10,28,27.0,5002416,1308424,2258416,594320,14,0,51,10,0,250422-105847_Run_1516_Idx_60828,3790,0,5e-05,20000000,50024160.0,13084240.0,22584160.0,5943200.0,0.73125,0.7368421052631579
420,1,290,78,212,19.7,95,25,70,17.81,2366792,616936,1021040,256256,7,0,51,10,0,250422-140622_Run_1899_Idx_42567,4750,0,5e-05,20000000,23667920.0,6169360.0,10210400.0,2562560.0,0.7310344827586207,0.7368421052631579
421,1,320,105,215,22.34,304,88,216,24.92,331448,94512,1188160,324736,2,0,51,10,0,250422-112143_Run_1385_Idx_61069,3470,0,5e-05,20000000,3314480.0,945120.0,11881600.0,3247360.0,0.671875,0.7105263157894737
422,1,320,80,240,26.5,171,45,126,27.0,1942144,485536,1975848,519960,4,0,51,10,0,250422-062945_Run_42_Idx_80127,110,0,5e-05,20000000,19421440.0,4855360.0,19758480.0,5199600.0,0.75,0.7368421052631579
423,1,290,89,201,25.33,95,37,58,21.88,4542152,1238144,1893352,517240,7,0,51,10,0,250422-084355_Run_159_Idx_46601,400,0,5e-05,20000000,45421520.0,12381440.0,18933520.0,5172400.0,0.6931034482758621,0.6105263157894737
424,1,290,81,209,24.9,95,25,70,27.0,4063272,1107680,2320888,610760,7,0,51,10,0,250422-091455_Run_859_Idx_52312,2150,0,5e-05,20000000,40632720.0,11076800.0,23208880.0,6107600.0,0.7206896551724138,0.7368421052631579
425,1,290,85,205,23.3,95,27,68,24.2,3676072,996992,1892048,521504,7,0,51,10,0,250422-084509_Run_991_Idx_10096,2480,0,5e-05,20000000,36760720.0,9969920.0,18920480.0,5215040.0,0.7068965517241379,0.7157894736842105
426,1,290,83,207,24.64,95,26,69,25.58,3830152,1029616,2018896,519736,7,0,51,10,0,250422-103946_Run_1111_Idx_79075,2780,0,5e-05,20000000,38301520.0,10296160.0,20188960.0,5197360.0,0.7137931034482758,0.7263157894736842
427,1,320,91,229,25.25,304,98,206,23.29,437576,114520,1083904,291344,2,0,51,10,0,250422-082329_Run_1001_Idx_92016,2510,0,5e-05,20000000,4375760.0,1145200.0,10839040.0,2913440.0,0.715625,0.6776315789473685
428,1,290,79,211,23.26,95,26,69,22.74,3241032,853424,1547136,401568,7,0,51,10,0,250422-121216_Run_1303_Idx_48914,3260,0,5e-05,20000000,32410320.0,8534240.0,15471360.0,4015680.0,0.7275862068965517,0.7263157894736842
429,1,320,97,223,19.53,171,50,121,21.97,1135696,300528,1327944,349472,4,0,51,10,0,250422-130228_Run_1694_Idx_58970,4240,0,5e-05,20000000,11356960.0,3005280.0,13279440.0,3494720.0,0.696875,0.7076023391812866
430,1,320,80,240,26.6,304,112,192,23.75,487424,121856,1170784,349720,2,0,51,10,0,250422-100037_Run_597_Idx_17484,1500,0,5e-05,20000000,4874240.0,1218560.0,11707840.0,3497200.0,0.75,0.631578947368421
431,1,160,43,117,26.56,38,10,28,27.0,5355000,1425952,2258416,594320,14,0,51,10,0,250422-102556_Run_108_Idx_87442,270,0,5e-05,20000000,53550000.0,14259520.0,22584160.0,5943200.0,0.73125,0.7368421052631579
432,1,320,80,240,26.65,304,80,224,27.0,494080,123520,1361920,358400,2,0,51,10,0,250422-085439_Run_393_Idx_78175,990,0,5e-05,20000000,4940800.0,1235200.0,13619200.0,3584000.0,0.75,0.7368421052631579
433,1,320,80,240,26.6,304,94,210,25.05,487424,121856,1170784,325552,2,0,51,10,0,250422-123043_Run_1057_Idx_88131,2650,0,5e-05,20000000,4874240.0,1218560.0,11707840.0,3255520.0,0.75,0.6907894736842105
434,1,320,96,224,24.91,304,80,224,27.0,435968,116448,1361920,358400,2,0,51,10,0,250422-093150_Run_969_Idx_37248,2430,0,5e-05,20000000,4359680.0,1164480.0,13619200.0,3584000.0,0.7,0.7368421052631579
435,1,290,78,212,24.03,95,25,70,24.16,3309992,865576,1493712,374424,7,0,51,10,0,250422-121535_Run_1419_Idx_46758,3550,0,5e-05,20000000,33099920.0,8655760.0,14937120.0,3744240.0,0.7310344827586207,0.7368421052631579
436,1,160,43,117,26.5,38,10,28,27.0,5090776,1359896,2258416,594320,14,0,51,10,0,250422-062133_Run_72_Idx_1820,180,0,5e-05,20000000,50907760.0,13598960.0,22584160.0,5943200.0,0.73125,0.7368421052631579
437,1,320,104,216,23.82,304,91,213,25.58,412208,113432,1248976,338176,2,0,51,10,0,250422-074614_Run_901_Idx_89572,2260,0,5e-05,20000000,4122080.0,1134320.0,12489760.0,3381760.0,0.675,0.7006578947368421
438,1,290,81,209,25.84,95,27,68,25.58,4326632,1182080,2102096,574016,7,0,51,10,0,250422-084317_Run_635_Idx_11969,1590,0,5e-05,20000000,43266320.0,11820800.0,21020960.0,5740160.0,0.7206896551724138,0.7157894736842105
439,1,320,80,240,26.65,304,80,224,27.0,494080,123520,1361920,358400,2,0,51,10,0,250422-075730_Run_181_Idx_24085,460,0,5e-05,20000000,4940800.0,1235200.0,13619200.0,3584000.0,0.75,0.7368421052631579
440,1,160,43,117,26.56,38,10,28,27.0,5355000,1425952,2258416,594320,14,0,51,10,0,250422-062124_Run_20_Idx_87442,50,0,5e-05,20000000,53550000.0,14259520.0,22584160.0,5943200.0,0.73125,0.7368421052631579
441,1,320,113,207,21.44,304,109,195,22.43,339488,91808,983992,279808,2,0,51,10,0,250422-105709_Run_1161_Idx_91545,2910,0,5e-05,20000000,3394880.0,918080.0,9839920.0,2798080.0,0.646875,0.6414473684210527
442,1,290,83,207,25.73,95,35,60,24.16,4576392,1216176,2084552,618728,7,0,51,10,0,250422-063333_Run_79_Idx_91124,200,0,5e-05,20000000,45763920.0,12161760.0,20845520.0,6187280.0,0.7137931034482758,0.631578947368421
443,1,320,86,234,25.15,171,45,126,27.0,1589776,408056,1975848,519960,4,0,51,10,0,250422-113547_Run_1378_Idx_91568,3450,0,5e-05,20000000,15897760.0,4080560.0,19758480.0,5199600.0,0.73125,0.7368421052631579
444,1,160,43,117,25.1,38,10,28,24.16,4466856,1129904,1913008,479184,14,0,51,10,0,250422-111032_Run_1332_Idx_82007,3330,0,5e-05,20000000,44668560.0,11299040.0,19130080.0,4791840.0,0.73125,0.7368421052631579
445,1,160,43,117,25.99,38,10,28,27.0,4884280,1308272,2258416,594320,14,0,51,10,0,250422-090917_Run_980_Idx_46277,2450,0,5e-05,20000000,48842800.0,13082720.0,22584160.0,5943200.0,0.73125,0.7368421052631579
446,1,160,43,117,25.06,38,10,28,24.16,4688400,1229920,1337328,364048,14,0,51,10,0,250422-114003_Run_1080_Idx_46277,2700,0,5e-05,20000000,46884000.0,12299200.0,13373280.0,3640480.0,0.73125,0.7368421052631579
447,1,320,80,240,26.48,171,45,126,27.0,1915904,478976,1975848,519960,4,0,51,10,0,250422-062936_Run_94_Idx_54611,240,0,5e-05,20000000,19159040.0,4789760.0,19758480.0,5199600.0,0.75,0.7368421052631579
448,1,320,80,240,26.6,304,101,203,22.17,487424,121856,953584,252656,2,0,51,10,0,250422-131825_Run_1565_Idx_49473,3920,0,5e-05,20000000,4874240.0,1218560.0,9535840.0,2526560.0,0.75,0.6677631578947368
449,1,290,81,209,25.8,95,28,67,25.01,4370952,1180320,1970816,548648,7,0,51,10,0,250422-075148_Run_779_Idx_43770,1950,0,5e-05,20000000,43709520.0,11803200.0,19708160.0,5486480.0,0.7206896551724138,0.7052631578947368
450,1,290,78,212,26.48,95,25,70,27.0,4628232,1242216,2320888,610760,7,0,51,10,0,250422-061518_Run_75_Idx_46758,190,0,5e-05,20000000,46282320.0,12422160.0,23208880.0,6107600.0,0.7310344827586207,0.7368421052631579
451,1,320,80,240,26.65,304,80,224,27.0,494080,123520,1361920,358400,2,0,51,10,0,250422-090434_Run_745_Idx_71618,1870,0,5e-05,20000000,4940800.0,1235200.0,13619200.0,3584000.0,0.75,0.7368421052631579
452,1,160,43,117,23.51,38,10,28,25.58,3863768,1053144,1797872,479184,14,0,51,10,0,250422-123653_Run_1556_Idx_46277,3890,0,5e-05,20000000,38637680.0,10531440.0,17978720.0,4791840.0,0.73125,0.7368421052631579
453,1,290,78,212,23.1,95,25,70,25.58,3223912,835496,1966384,492592,7,0,51,10,0,250422-140946_Run_1991_Idx_67176,4980,0,5e-05,20000000,32239120.0,8354960.0,19663840.0,4925920.0,0.7310344827586207,0.7368421052631579
454,1,320,84,236,23.59,171,46,125,21.52,1590104,404712,1073384,291120,4,0,51,10,0,250422-142710_Run_1902_Idx_26793,4760,0,5e-05,20000000,15901040.0,4047120.0,10733840.0,2911200.0,0.7375,0.7309941520467836
455,1,320,111,209,20.61,171,58,113,21.8,1321104,346952,1408400,361432,4,0,51,10,0,250422-094106_Run_846_Idx_25793,2120,0,5e-05,20000000,13211040.0,3469520.0,14084000.0,3614320.0,0.653125,0.6608187134502924
456,1,320,90,230,24.64,304,110,194,20.16,425072,110928,875392,236504,2,0,51,10,0,250422-113520_Run_1437_Idx_9532,3600,0,5e-05,20000000,4250720.0,1109280.0,8753920.0,2365040.0,0.71875,0.6381578947368421
457,1,160,43,117,19.75,38,10,28,20.11,3401136,853680,1452464,364048,14,0,51,10,0,250422-140038_Run_1784_Idx_27734,4460,0,5e-05,20000000,34011360.0,8536800.0,14524640.0,3640480.0,0.73125,0.7368421052631579
458,1,290,78,212,20.05,95,25,70,18.57,2761672,767016,1375544,374424,7,0,51,10,0,250422-142940_Run_1967_Idx_54015,4920,0,5e-05,20000000,27616720.0,7670160.0,13755440.0,3744240.0,0.7310344827586207,0.7368421052631579
459,1,290,86,204,24.52,95,33,62,23.31,4165512,1115880,1812824,526376,7,0,51,10,0,250422-092846_Run_495_Idx_58974,1240,0,5e-05,20000000,41655120.0,11158800.0,18128240.0,5263760.0,0.7034482758620689,0.6526315789473685
460,1,320,95,225,25.3,304,80,224,27.0,463528,122872,1361920,358400,2,0,51,10,0,250422-071449_Run_441_Idx_13385,1110,0,5e-05,20000000,4635280.0,1228720.0,13619200.0,3584000.0,0.703125,0.7368421052631579
461,1,160,44,116,26.27,38,10,28,25.58,5178224,1387704,1797872,479184,14,0,51,10,0,250422-074150_Run_784_Idx_67097,1960,0,5e-05,20000000,51782240.0,13877040.0,17978720.0,4791840.0,0.725,0.7368421052631579
462,1,320,91,229,24.53,304,100,204,23.01,444232,116184,1057840,291616,2,0,51,10,0,250422-104125_Run_1229_Idx_84830,3080,0,5e-05,20000000,4442320.0,1161840.0,10578400.0,2916160.0,0.715625,0.6710526315789473
463,1,320,88,232,25.12,171,45,126,27.0,1664624,430960,1975848,519960,4,0,51,10,0,250422-073306_Run_1026_Idx_97419,2570,0,5e-05,20000000,16646240.0,4309600.0,19758480.0,5199600.0,0.725,0.7368421052631579
464,1,320,80,240,26.41,171,45,126,27.0,1880192,470048,1975848,519960,4,0,51,10,0,250422-062542_Run_70_Idx_60744,180,0,5e-05,20000000,18801920.0,4700480.0,19758480.0,5199600.0,0.75,0.7368421052631579
465,1,160,44,116,26.39,38,10,28,27.0,5195968,1387800,2258416,594320,14,0,51,10,0,250422-091625_Run_144_Idx_56251,360,0,5e-05,20000000,51959680.0,13878000.0,22584160.0,5943200.0,0.725,0.7368421052631579
466,1,320,80,240,26.54,171,58,113,22.05,1942144,485536,1328760,374576,4,0,51,10,0,250422-123138_Run_1294_Idx_82984,3240,0,5e-05,20000000,19421440.0,4855360.0,13287600.0,3745760.0,0.75,0.6608187134502924
467,1,320,80,240,26.6,304,80,224,27.0,487424,121856,1361920,358400,2,0,51,10,0,250422-063334_Run_1_Idx_29121,10,0,5e-05,20000000,4874240.0,1218560.0,13619200.0,3584000.0,0.75,0.7368421052631579
468,1,320,80,240,26.65,304,110,194,22.91,494080,123520,1096936,292976,2,0,51,10,0,250422-093256_Run_493_Idx_42126,1240,0,5e-05,20000000,4940800.0,1235200.0,10969360.0,2929760.0,0.75,0.6381578947368421
469,1,160,43,117,26.56,38,10,28,27.0,5355000,1425952,2258416,594320,14,0,51,10,0,250422-083259_Run_164_Idx_87442,410,0,5e-05,20000000,53550000.0,14259520.0,22584160.0,5943200.0,0.73125,0.7368421052631579
470,1,290,86,204,24.47,95,34,61,24.16,4507912,1150120,2085008,618296,7,0,51,10,0,250422-084107_Run_399_Idx_70976,1000,0,5e-05,20000000,45079120.0,11501200.0,20850080.0,6182960.0,0.7034482758620689,0.6421052631578947
471,1,320,80,240,26.48,171,45,126,27.0,1915904,478976,1975848,519960,4,0,51,10,0,250422-092147_Run_974_Idx_54611,2440,0,5e-05,20000000,19159040.0,4789760.0,19758480.0,5199600.0,0.75,0.7368421052631579
472,1,290,78,212,26.64,95,25,70,27.0,4781832,1280616,2320888,610760,7,0,51,10,0,250422-102752_Run_107_Idx_3654,270,0,5e-05,20000000,47818320.0,12806160.0,23208880.0,6107600.0,0.7310344827586207,0.7368421052631579
473,1,290,78,212,26.36,95,25,70,27.0,4679112,1247184,2320888,610760,7,0,51,10,0,250422-063516_Run_223_Idx_3654,560,0,5e-05,20000000,46791120.0,12471840.0,23208880.0,6107600.0,0.7310344827586207,0.7368421052631579
474,1,320,99,221,23.85,171,50,121,25.58,1553440,418520,1769408,468952,4,0,51,10,0,250422-074406_Run_902_Idx_47225,2260,0,5e-05,20000000,15534400.0,4185200.0,17694080.0,4689520.0,0.690625,0.7076023391812866
475,1,160,43,117,25.94,38,10,28,24.26,5118200,1346728,1797872,479184,14,0,51,10,0,250422-095436_Run_720_Idx_82007,1800,0,5e-05,20000000,51182000.0,13467280.0,17978720.0,4791840.0,0.73125,0.7368421052631579
476,1,320,98,222,23.86,171,55,116,24.0,1503240,408856,1406400,399456,4,0,51,10,0,250422-121821_Run_1122_Idx_75359,2810,0,5e-05,20000000,15032400.0,4088560.0,14064000.0,3994560.0,0.69375,0.6783625730994152
477,1,320,80,240,26.5,171,52,119,25.58,1942144,485536,1769000,487008,4,0,51,10,0,250422-095400_Run_482_Idx_57250,1210,0,5e-05,20000000,19421440.0,4855360.0,17690000.0,4870080.0,0.75,0.695906432748538
478,1,160,43,117,25.58,38,10,28,25.58,4843776,1288352,1797872,479184,14,0,51,10,0,250422-122255_Run_1476_Idx_60828,3690,0,5e-05,20000000,48437760.0,12883520.0,17978720.0,4791840.0,0.73125,0.7368421052631579
479,1,320,95,225,24.3,171,53,118,24.95,1477848,394912,1613136,451760,4,0,51,10,0,250422-082456_Run_882_Idx_76054,2210,0,5e-05,20000000,14778480.0,3949120.0,16131360.0,4517600.0,0.703125,0.6900584795321637
480,1,160,44,116,26.35,38,10,28,27.0,5275872,1407776,2258416,594320,14,0,51,10,0,250422-095533_Run_124_Idx_56251,310,0,5e-05,20000000,52758720.0,14077760.0,22584160.0,5943200.0,0.725,0.7368421052631579
481,1,160,44,116,26.27,38,10,28,27.0,5159120,1388576,2258416,594320,14,0,51,10,0,250422-093837_Run_372_Idx_37818,930,0,5e-05,20000000,51591200.0,13885760.0,22584160.0,5943200.0,0.725,0.7368421052631579
482,1,320,80,240,26.54,171,45,126,25.58,1942144,485536,1673760,419264,4,0,51,10,0,250422-141629_Run_1974_Idx_48165,4940,0,5e-05,20000000,19421440.0,4855360.0,16737600.0,4192640.0,0.75,0.7368421052631579
483,1,320,110,210,21.65,304,112,192,18.61,355792,102928,801544,228088,2,0,51,10,0,250422-125351_Run_1729_Idx_59441,4330,0,5e-05,20000000,3557920.0,1029280.0,8015440.0,2280880.0,0.65625,0.631578947368421
484,1,320,85,235,24.12,171,50,121,20.4,1494664,379688,1069520,296896,4,0,51,10,0,250422-135626_Run_1802_Idx_53702,4510,0,5e-05,20000000,14946640.0,3796880.0,10695200.0,2968960.0,0.734375,0.7076023391812866
485,1,290,78,212,24.47,95,25,70,25.58,3891592,1023816,1848216,492592,7,0,51,10,0,250422-140630_Run_1979_Idx_54015,4950,0,5e-05,20000000,38915920.0,10238160.0,18482160.0,4925920.0,0.7310344827586207,0.7368421052631579
486,1,290,90,200,21.75,95,31,64,20.52,3333672,949672,1421592,420912,7,0,51,10,0,250422-102050_Run_943_Idx_30677,2360,0,5e-05,20000000,33336720.0,9496720.0,14215920.0,4209120.0,0.6896551724137931,0.6736842105263158
487,1,160,43,117,21.68,38,10,28,24.21,3390392,934800,1797872,479184,14,0,51,10,0,250422-111406_Run_1508_Idx_60828,3770,0,5e-05,20000000,33903920.0,9348000.0,17978720.0,4791840.0,0.73125,0.7368421052631579
488,1,320,94,226,25.15,171,45,126,27.0,1768352,467072,1975848,519960,4,0,51,10,0,250422-065901_Run_330_Idx_30176,830,0,5e-05,20000000,17683520.0,4670720.0,19758480.0,5199600.0,0.70625,0.7368421052631579
489,1,320,90,230,25.06,171,45,126,27.0,1631176,425376,1975848,519960,4,0,51,10,0,250422-065655_Run_926_Idx_71907,2320,0,5e-05,20000000,16311760.0,4253760.0,19758480.0,5199600.0,0.71875,0.7368421052631579
490,1,290,81,209,26.08,95,29,66,25.58,4576392,1231680,2176432,601168,7,0,51,10,0,250422-082628_Run_167_Idx_86147,420,0,5e-05,20000000,45763920.0,12316800.0,21764320.0,6011680.0,0.7206896551724138,0.6947368421052632
491,1,290,78,212,20.3,95,25,70,13.36,3035592,835496,430200,138088,7,0,51,10,0,250422-115821_Run_1487_Idx_67176,3720,0,5e-05,20000000,30355920.0,8354960.0,4302000.0,1380880.0,0.7310344827586207,0.7368421052631579
492,1,320,80,240,26.5,171,53,118,24.82,1942144,485536,1707032,474000,4,0,51,10,0,250422-070236_Run_566_Idx_12466,1420,0,5e-05,20000000,19421440.0,4855360.0,17070320.0,4740000.0,0.75,0.6900584795321637
493,1,320,80,240,26.6,304,80,224,27.0,487424,121856,1361920,358400,2,0,51,10,0,250422-105849_Run_1101_Idx_9346,2760,0,5e-05,20000000,4874240.0,1218560.0,13619200.0,3584000.0,0.75,0.7368421052631579
494,1,160,43,117,22.96,38,10,28,21.32,3596280,986272,1337328,364048,14,0,51,10,0,250422-141710_Run_1960_Idx_1820,4900,0,5e-05,20000000,35962800.0,9862720.0,13373280.0,3640480.0,0.73125,0.7368421052631579
495,1,160,43,117,20.21,38,10,28,22.95,3229200,874720,1797872,479184,14,0,51,10,0,250422-140305_Run_1844_Idx_13114,4610,0,5e-05,20000000,32292000.0,8747200.0,17978720.0,4791840.0,0.73125,0.7368421052631579
496,1,320,80,240,26.08,171,58,113,22.61,1915904,478976,1402536,356680,4,0,51,10,0,250422-114433_Run_1078_Idx_51854,2700,0,5e-05,20000000,19159040.0,4789760.0,14025360.0,3566800.0,0.75,0.6608187134502924
497,1,290,78,212,22.55,95,26,69,21.6,3025512,785896,1548960,402024,7,0,51,10,0,250422-112520_Run_1383_Idx_17819,3460,0,5e-05,20000000,30255120.0,7858960.0,15489600.0,4020240.0,0.7310344827586207,0.7263157894736842
498,1,290,81,209,24.01,95,29,66,21.88,3607592,976640,1027752,314112,7,0,51,10,0,250422-113249_Run_1083_Idx_63290,2710,0,5e-05,20000000,36075920.0,9766400.0,10277520.0,3141120.0,0.7206896551724138,0.6947368421052632
499,1,320,80,240,26.56,171,53,118,25.58,1942144,485536,1848864,509680,4,0,51,10,0,250422-082838_Run_166_Idx_56405,420,0,5e-05,20000000,19421440.0,4855360.0,18488640.0,5096800.0,0.75,0.6900584795321637
500,1,160,45,115,26.27,38,10,28,27.0,5315728,1428680,2258416,594320,14,0,51,10,0,250422-103210_Run_344_Idx_46840,860,0,5e-05,20000000,53157280.0,14286800.0,22584160.0,5943200.0,0.71875,0.7368421052631579
501,1,290,87,203,23.27,95,34,61,24.16,3754632,1048208,2182168,645856,7,0,51,10,0,250422-071607_Run_559_Idx_23744,1400,0,5e-05,20000000,37546320.0,10482080.0,21821680.0,6458560.0,0.7,0.6421052631578947
502,1,320,80,240,26.5,171,45,126,27.0,1942144,485536,1975848,519960,4,0,51,10,0,250422-064635_Run_574_Idx_80127,1440,0,5e-05,20000000,19421440.0,4855360.0,19758480.0,5199600.0,0.75,0.7368421052631579
503,1,320,80,240,26.6,304,80,224,27.0,487424,121856,1361920,358400,2,0,51,10,0,250422-060904_Run_13_Idx_29121,40,0,5e-05,20000000,4874240.0,1218560.0,13619200.0,3584000.0,0.75,0.7368421052631579
504,1,160,43,117,26.6,38,10,28,27.0,5078216,1346768,2258416,594320,14,0,51,10,0,250422-100224_Run_596_Idx_27734,1490,0,5e-05,20000000,50782160.0,13467680.0,22584160.0,5943200.0,0.73125,0.7368421052631579
505,1,320,80,240,26.5,171,54,117,25.42,1915904,478976,1822280,509816,4,0,51,10,0,250422-083553_Run_282_Idx_52105,710,0,5e-05,20000000,19159040.0,4789760.0,18222800.0,5098160.0,0.75,0.6842105263157895
506,1,160,43,117,22.29,38,10,28,21.32,3995552,1051496,1452464,364048,14,0,51,10,0,250422-122438_Run_1356_Idx_13114,3390,0,5e-05,20000000,39955520.0,10514960.0,14524640.0,3640480.0,0.73125,0.7368421052631579
507,1,290,84,206,24.44,95,29,66,25.01,3618152,990264,2130112,589360,7,0,51,10,0,250422-095412_Run_839_Idx_2099,2100,0,5e-05,20000000,36181520.0,9902640.0,21301120.0,5893600.0,0.7103448275862069,0.6947368421052632
508,1,160,43,117,24.31,38,10,28,25.58,4292016,1110800,1797872,479184,14,0,51,10,0,250422-063914_Run_816_Idx_82007,2040,0,5e-05,20000000,42920160.0,11108000.0,17978720.0,4791840.0,0.73125,0.7368421052631579
509,1,320,111,209,21.02,304,96,208,22.28,326720,93312,989392,278304,2,0,51,10,0,250422-103624_Run_1409_Idx_36309,3530,0,5e-05,20000000,3267200.0,933120.0,9893920.0,2783040.0,0.653125,0.6842105263157895
510,1,160,43,117,23.35,38,10,28,21.42,4017208,1052328,1337328,364048,14,0,51,10,0,250422-142007_Run_1932_Idx_22272,4830,0,5e-05,20000000,40172080.0,10523280.0,13373280.0,3640480.0,0.73125,0.7368421052631579
511,1,290,78,212,24.56,95,25,70,24.21,3460680,941768,1385080,376808,7,0,51,10,0,250422-133022_Run_1559_Idx_42567,3900,0,5e-05,20000000,34606800.0,9417680.0,13850800.0,3768080.0,0.7310344827586207,0.7368421052631579
512,1,290,78,212,25.38,95,25,70,27.0,3932872,1059816,2320888,610760,7,0,51,10,0,250422-114237_Run_1375_Idx_91797,3440,0,5e-05,20000000,39328720.0,10598160.0,23208880.0,6107600.0,0.7310344827586207,0.7368421052631579
513,1,290,78,212,26.64,95,25,70,27.0,4781832,1280616,2320888,610760,7,0,51,10,0,250422-090358_Run_507_Idx_96012,1270,0,5e-05,20000000,47818320.0,12806160.0,23208880.0,6107600.0,0.7310344827586207,0.7368421052631579
514,1,160,43,117,22.74,38,10,28,20.11,3901616,1033224,1337328,364048,14,0,51,10,0,250422-120146_Run_1248_Idx_22272,3120,0,5e-05,20000000,39016160.0,10332240.0,13373280.0,3640480.0,0.73125,0.7368421052631579
515,1,320,115,205,22.49,304,98,206,24.19,383264,112528,1140376,321752,2,0,51,10,0,250422-070647_Run_921_Idx_32992,2310,0,5e-05,20000000,3832640.0,1125280.0,11403760.0,3217520.0,0.640625,0.6776315789473685
516,1,160,43,117,24.51,38,10,28,27.0,4452016,1170824,2258416,594320,14,0,51,10,0,250422-112621_Run_1264_Idx_22272,3160,0,5e-05,20000000,44520160.0,11708240.0,22584160.0,5943200.0,0.73125,0.7368421052631579
517,1,320,105,215,22.11,304,101,203,21.55,375088,105824,940552,261344,2,0,51,10,0,250422-131534_Run_1749_Idx_79491,4380,0,5e-05,20000000,3750880.0,1058240.0,9405520.0,2613440.0,0.671875,0.6677631578947368
518,1,290,80,210,25.15,95,25,70,25.58,3994312,1093912,1848216,492592,7,0,51,10,0,250422-123001_Run_1235_Idx_65032,3090,0,5e-05,20000000,39943120.0,10939120.0,18482160.0,4925920.0,0.7241379310344828,0.7368421052631579
519,1,320,80,240,26.6,304,99,205,23.62,487424,121856,1131688,291480,2,0,51,10,0,250422-094719_Run_961_Idx_86953,2410,0,5e-05,20000000,4874240.0,1218560.0,11316880.0,2914800.0,0.75,0.6743421052631579
520,1,160,43,117,26.65,38,10,28,27.0,5355000,1425952,2258416,594320,14,0,51,10,0,250422-062527_Run_44_Idx_22272,110,0,5e-05,20000000,53550000.0,14259520.0,22584160.0,5943200.0,0.73125,0.7368421052631579
521,1,160,43,117,25.2,38,10,28,27.0,5040984,1308272,2258416,594320,14,0,51,10,0,250422-072121_Run_1032_Idx_46277,2580,0,5e-05,20000000,50409840.0,13082720.0,22584160.0,5943200.0,0.73125,0.7368421052631579
522,1,320,80,240,26.65,304,80,224,27.0,494080,123520,1361920,358400,2,0,51,10,0,250422-072359_Run_793_Idx_71618,1990,0,5e-05,20000000,4940800.0,1235200.0,13619200.0,3584000.0,0.75,0.7368421052631579
523,1,320,80,240,26.6,304,80,224,25.63,487424,121856,1089536,290304,2,0,51,10,0,250422-084657_Run_277_Idx_29121,700,0,5e-05,20000000,4874240.0,1218560.0,10895360.0,2903040.0,0.75,0.7368421052631579
524,1,320,101,219,22.38,171,56,115,21.81,1453856,384168,1181176,316088,4,0,51,10,0,250422-110640_Run_1334_Idx_96368,3340,0,5e-05,20000000,14538560.0,3841680.0,11811760.0,3160880.0,0.684375,0.672514619883041
525,1,290,78,212,25.66,95,30,65,23.87,4258152,1111176,1815040,511480,7,0,51,10,0,250422-065208_Run_1047_Idx_13310,2620,0,5e-05,20000000,42581520.0,11111760.0,18150400.0,5114800.0,0.7310344827586207,0.6842105263157895
526,1,320,80,240,26.65,304,85,219,25.58,494080,123520,1196848,311296,2,0,51,10,0,250422-141832_Run_1973_Idx_91154,4940,0,5e-05,20000000,4940800.0,1235200.0,11968480.0,3112960.0,0.75,0.7203947368421053
527,1,320,80,240,26.48,171,51,120,25.58,1915904,478976,1693184,464336,4,0,51,10,0,250422-075506_Run_658_Idx_67500,1650,0,5e-05,20000000,19159040.0,4789760.0,16931840.0,4643360.0,0.75,0.7017543859649122
528,1,160,43,117,26.1,38,10,28,27.0,4841224,1287520,2258416,594320,14,0,51,10,0,250422-101000_Run_592_Idx_27734,1480,0,5e-05,20000000,48412240.0,12875200.0,22584160.0,5943200.0,0.73125,0.7368421052631579
529,1,320,80,240,26.6,304,99,205,23.48,487424,121856,1092592,291480,2,0,51,10,0,250422-111412_Run_1389_Idx_12464,3480,0,5e-05,20000000,4874240.0,1218560.0,10925920.0,2914800.0,0.75,0.6743421052631579
530,1,320,94,226,25.3,304,80,224,27.0,458704,121200,1361920,358400,2,0,51,10,0,250422-081925_Run_409_Idx_48844,1030,0,5e-05,20000000,4587040.0,1212000.0,13619200.0,3584000.0,0.70625,0.7368421052631579
531,1,160,43,117,19.77,38,10,28,22.74,3029448,834576,1797872,479184,14,0,51,10,0,250422-134434_Run_1792_Idx_27734,4480,0,5e-05,20000000,30294480.0,8345760.0,17978720.0,4791840.0,0.73125,0.7368421052631579
532,1,320,105,215,23.97,304,93,211,25.58,424936,118688,1253320,347136,2,0,51,10,0,250422-085552_Run_749_Idx_70624,1880,0,5e-05,20000000,4249360.0,1186880.0,12533200.0,3471360.0,0.671875,0.694078947368421
533,1,290,78,212,23.99,95,25,70,27.0,4011912,1053896,2320888,610760,7,0,51,10,0,250422-135916_Run_1831_Idx_46758,4580,0,5e-05,20000000,40119120.0,10538960.0,23208880.0,6107600.0,0.7310344827586207,0.7368421052631579
534,1,320,95,225,25.25,304,80,224,27.0,456872,121208,1361920,358400,2,0,51,10,0,250422-063727_Run_341_Idx_59589,860,0,5e-05,20000000,4568720.0,1212080.0,13619200.0,3584000.0,0.703125,0.7368421052631579
535,1,320,80,240,26.65,304,93,211,25.58,494080,123520,1253320,347136,2,0,51,10,0,250422-084701_Run_753_Idx_70168,1890,0,5e-05,20000000,4940800.0,1235200.0,12533200.0,3471360.0,0.75,0.694078947368421
536,1,320,102,218,19.99,304,121,183,15.98,317336,89184,745072,216280,2,0,51,10,0,250422-134716_Run_1837_Idx_68244,4600,0,5e-05,20000000,3173360.0,891840.0,7450720.0,2162800.0,0.68125,0.6019736842105263
537,1,320,80,240,26.5,171,45,126,27.0,1915904,478976,1975848,519960,4,0,51,10,0,250422-095830_Run_242_Idx_51250,610,0,5e-05,20000000,19159040.0,4789760.0,19758480.0,5199600.0,0.75,0.7368421052631579
538,1,160,43,117,22.19,38,10,28,21.32,3535720,936296,1337328,364048,14,0,51,10,0,250422-104401_Run_1168_Idx_27734,2920,0,5e-05,20000000,35357200.0,9362960.0,13373280.0,3640480.0,0.73125,0.7368421052631579
539,1,320,99,221,23.48,171,54,117,24.79,1495696,412800,1611680,456944,4,0,51,10,0,250422-093743_Run_966_Idx_50079,2420,0,5e-05,20000000,14956960.0,4128000.0,16116800.0,4569440.0,0.690625,0.6842105263157895
540,1,290,78,212,26.59,95,25,70,27.0,4720392,1265256,2320888,610760,7,0,51,10,0,250422-100416_Run_595_Idx_42567,1490,0,5e-05,20000000,47203920.0,12652560.0,23208880.0,6107600.0,0.7310344827586207,0.7368421052631579
541,1,320,91,229,25.25,304,80,224,27.0,437576,114520,1361920,358400,2,0,51,10,0,250422-122228_Run_1061_Idx_15888,2660,0,5e-05,20000000,4375760.0,1145200.0,13619200.0,3584000.0,0.715625,0.7368421052631579
542,1,320,112,208,19.93,304,103,201,21.89,331448,98176,1049152,305056,2,0,51,10,0,250422-133741_Run_1781_Idx_13793,4460,0,5e-05,20000000,3314480.0,981760.0,10491520.0,3050560.0,0.65,0.6611842105263158
543,1,290,78,212,24.0,95,26,69,24.22,4131272,1058056,2025088,534184,7,0,51,10,0,250422-140414_Run_1927_Idx_43476,4820,0,5e-05,20000000,41312720.0,10580560.0,20250880.0,5341840.0,0.7310344827586207,0.7263157894736842
544,1,320,92,228,25.25,304,80,224,27.0,442400,116192,1361920,358400,2,0,51,10,0,250422-114503_Run_1137_Idx_6070,2850,0,5e-05,20000000,4424000.0,1161920.0,13619200.0,3584000.0,0.7125,0.7368421052631579
545,1,320,95,225,23.86,304,80,224,27.0,408992,108032,1361920,358400,2,0,51,10,0,250422-140323_Run_1829_Idx_14279,4580,0,5e-05,20000000,4089920.0,1080320.0,13619200.0,3584000.0,0.703125,0.7368421052631579
546,1,160,44,116,26.03,38,13,25,24.16,5238800,1408496,1855440,542344,14,0,51,10,0,250422-085803_Run_272_Idx_67416,680,0,5e-05,20000000,52388000.0,14084960.0,18554400.0,5423440.0,0.725,0.6578947368421053
547,1,290,77,213,18.98,95,26,69,21.32,2504872,680608,1447456,402904,7,0,51,10,0,250422-142217_Run_1971_Idx_54015,4930,0,5e-05,20000000,25048720.0,6806080.0,14474560.0,4029040.0,0.7344827586206897,0.7263157894736842
548,1,320,110,210,19.92,304,101,203,20.92,307328,83576,901456,248312,2,0,51,10,0,250422-140115_Run_1845_Idx_31662,4620,0,5e-05,20000000,3073280.0,835760.0,9014560.0,2483120.0,0.65625,0.6677631578947368
549,1,320,80,240,26.65,304,93,211,25.58,494080,123520,1253320,347136,2,0,51,10,0,250422-102313_Run_705_Idx_70168,1770,0,5e-05,20000000,4940800.0,1235200.0,12533200.0,3471360.0,0.75,0.694078947368421
550,1,160,44,116,25.06,38,10,28,24.47,4493200,1211648,1797872,479184,14,0,51,10,0,250422-094906_Run_960_Idx_60379,2400,0,5e-05,20000000,44932000.0,12116480.0,17978720.0,4791840.0,0.725,0.7368421052631579
551,1,160,43,117,26.27,38,10,28,27.0,5155824,1326752,2258416,594320,14,0,51,10,0,250422-085758_Run_748_Idx_82007,1870,0,5e-05,20000000,51558240.0,13267520.0,22584160.0,5943200.0,0.73125,0.7368421052631579
552,1,160,43,117,21.44,38,10,28,18.79,3643584,914728,1452464,364048,14,0,51,10,0,250422-105603_Run_1280_Idx_22272,3200,0,5e-05,20000000,36435840.0,9147280.0,14524640.0,3640480.0,0.73125,0.7368421052631579
553,1,320,80,240,26.48,171,45,126,27.0,1915904,478976,1975848,519960,4,0,51,10,0,250422-092758_Run_614_Idx_33009,1540,0,5e-05,20000000,19159040.0,4789760.0,19758480.0,5199600.0,0.75,0.7368421052631579
554,1,160,43,117,24.31,38,10,28,22.74,3596280,986272,1337328,364048,14,0,51,10,0,250422-082042_Run_884_Idx_1820,2210,0,5e-05,20000000,35962800.0,9862720.0,13373280.0,3640480.0,0.73125,0.7368421052631579
555,1,320,80,240,25.6,304,103,201,21.72,494080,123520,1036120,278992,2,0,51,10,0,250422-070839_Run_801_Idx_87631,2010,0,5e-05,20000000,4940800.0,1235200.0,10361200.0,2789920.0,0.75,0.6611842105263158
556,1,320,101,219,23.5,304,93,211,25.05,386480,106808,1162096,321072,2,0,51,10,0,250422-122006_Run_1417_Idx_65000,3550,0,5e-05,20000000,3864800.0,1068080.0,11620960.0,3210720.0,0.684375,0.694078947368421
557,1,290,78,212,22.7,95,25,70,24.16,2436872,694376,1375544,374424,7,0,51,10,0,250422-113941_Run_1435_Idx_46758,3590,0,5e-05,20000000,24368720.0,6943760.0,13755440.0,3744240.0,0.7310344827586207,0.7368421052631579
558,1,320,94,226,23.09,304,91,213,22.24,420112,111552,848504,226112,2,0,51,10,0,250422-140000_Run_1877_Idx_50420,4700,0,5e-05,20000000,4201120.0,1115520.0,8485040.0,2261120.0,0.70625,0.7006578947368421
559,1,160,43,117,22.98,38,10,28,24.16,2889176,809496,1337328,364048,14,0,51,10,0,250422-113731_Run_1436_Idx_1820,3590,0,5e-05,20000000,28891760.0,8094960.0,13373280.0,3640480.0,0.73125,0.7368421052631579
560,1,160,43,117,26.44,38,10,28,27.0,5355000,1425952,2258416,594320,14,0,51,10,0,250422-102427_Run_348_Idx_60828,870,0,5e-05,20000000,53550000.0,14259520.0,22584160.0,5943200.0,0.73125,0.7368421052631579
561,1,160,43,117,21.78,38,10,28,21.63,3423144,933000,1337328,364048,14,0,51,10,0,250422-131445_Run_1688_Idx_13114,4220,0,5e-05,20000000,34231440.0,9330000.0,13373280.0,3640480.0,0.73125,0.7368421052631579
562,1,320,92,228,25.3,304,80,224,27.0,449056,117856,1361920,358400,2,0,51,10,0,250422-114144_Run_1257_Idx_3901,3150,0,5e-05,20000000,4490560.0,1178560.0,13619200.0,3584000.0,0.7125,0.7368421052631579
563,1,320,80,240,26.56,171,45,126,27.0,1942144,485536,1975848,519960,4,0,51,10,0,250422-090340_Run_150_Idx_21514,380,0,5e-05,20000000,19421440.0,4855360.0,19758480.0,5199600.0,0.75,0.7368421052631579
564,1,320,110,210,22.47,171,62,109,24.16,1520160,439656,1715944,503880,4,0,51,10,0,250422-102408_Run_466_Idx_4076,1170,0,5e-05,20000000,15201600.0,4396560.0,17159440.0,5038800.0,0.65625,0.6374269005847953
565,1,290,78,212,26.04,95,27,68,25.29,4730472,1247184,2104248,574896,7,0,51,10,0,250422-080327_Run_535_Idx_65032,1340,0,5e-05,20000000,47304720.0,12471840.0,21042480.0,5748960.0,0.7310344827586207,0.7157894736842105
566,1,160,43,117,26.6,38,10,28,27.0,5078216,1346768,2258416,594320,14,0,51,10,0,250422-062736_Run_56_Idx_27734,140,0,5e-05,20000000,50782160.0,13467680.0,22584160.0,5943200.0,0.73125,0.7368421052631579
567,1,320,89,231,25.12,171,45,126,27.0,1669448,432632,1975848,519960,4,0,51,10,0,250422-070037_Run_686_Idx_98549,1720,0,5e-05,20000000,16694480.0,4326320.0,19758480.0,5199600.0,0.721875,0.7368421052631579
568,1,160,43,117,26.13,38,11,27,25.58,4998536,1326848,1970576,538616,14,0,51,10,0,250422-075338_Run_540_Idx_78589,1350,0,5e-05,20000000,49985360.0,13268480.0,19705760.0,5386160.0,0.73125,0.7105263157894737
569,1,290,83,207,25.84,95,26,69,25.58,4429352,1217936,2021960,546872,7,0,51,10,0,250422-075307_Run_659_Idx_55938,1650,0,5e-05,20000000,44293520.0,12179360.0,20219600.0,5468720.0,0.7137931034482758,0.7263157894736842
570,1,290,78,212,24.31,95,26,69,22.54,3795912,1025576,1867552,507928,7,0,51,10,0,250422-130602_Run_1571_Idx_87244,3930,0,5e-05,20000000,37959120.0,10255760.0,18675520.0,5079280.0,0.7310344827586207,0.7263157894736842
571,1,160,44,116,26.39,38,10,28,27.0,5195968,1387800,2258416,594320,14,0,51,10,0,250422-080719_Run_176_Idx_56251,440,0,5e-05,20000000,51959680.0,13878000.0,22584160.0,5943200.0,0.725,0.7368421052631579
572,1,160,43,117,21.51,38,10,28,17.37,3561936,893880,991920,248912,14,0,51,10,0,250422-124748_Run_1732_Idx_82007,4330,0,5e-05,20000000,35619360.0,8938800.0,9919200.0,2489120.0,0.73125,0.7368421052631579
573,1,320,80,240,26.5,171,45,126,27.0,1915904,478976,1975848,519960,4,0,51,10,0,250422-085335_Run_274_Idx_51250,690,0,5e-05,20000000,19159040.0,4789760.0,19758480.0,5199600.0,0.75,0.7368421052631579
574,1,160,43,117,25.36,38,11,27,25.58,4650000,1229920,1970576,538616,14,0,51,10,0,250422-071945_Run_676_Idx_85404,1690,0,5e-05,20000000,46500000.0,12299200.0,19705760.0,5386160.0,0.73125,0.7105263157894737
575,1,320,94,226,22.14,171,49,122,21.15,1292608,339864,1141264,295872,4,0,51,10,0,250422-134825_Run_1806_Idx_85321,4520,0,5e-05,20000000,12926080.0,3398640.0,11412640.0,2958720.0,0.70625,0.7134502923976608
576,1,290,80,210,25.1,95,25,70,27.0,3761672,1027192,2320888,610760,7,0,51,10,0,250422-113108_Run_1143_Idx_52003,2860,0,5e-05,20000000,37616720.0,10271920.0,23208880.0,6107600.0,0.7241379310344828,0.7368421052631579
577,1,320,80,240,26.56,171,45,126,27.0,1942144,485536,1975848,519960,4,0,51,10,0,250422-073939_Run_190_Idx_21514,480,0,5e-05,20000000,19421440.0,4855360.0,19758480.0,5199600.0,0.75,0.7368421052631579
578,1,320,89,231,24.95,304,102,202,23.18,434584,112840,1005712,283200,2,0,51,10,0,250422-104606_Run_1345_Idx_14299,3370,0,5e-05,20000000,4345840.0,1128400.0,10057120.0,2832000.0,0.721875,0.6644736842105263
579,1,160,43,117,26.5,38,10,28,27.0,5078216,1346768,2258416,594320,14,0,51,10,0,250422-070249_Run_328_Idx_13114,820,0,5e-05,20000000,50782160.0,13467680.0,22584160.0,5943200.0,0.73125,0.7368421052631579
580,1,290,78,212,26.64,95,25,70,27.0,4781832,1280616,2320888,610760,7,0,51,10,0,250422-091006_Run_147_Idx_3654,370,0,5e-05,20000000,47818320.0,12806160.0,23208880.0,6107600.0,0.7310344827586207,0.7368421052631579
581,1,320,103,217,24.09,171,53,118,25.58,1581264,431248,1848864,509680,4,0,51,10,0,250422-090959_Run_386_Idx_89938,970,0,5e-05,20000000,15812640.0,4312480.0,18488640.0,5096800.0,0.678125,0.6900584795321637
582,1,320,91,229,25.1,171,45,126,27.0,1716648,449056,1975848,519960,4,0,51,10,0,250422-113924_Run_1258_Idx_56186,3150,0,5e-05,20000000,17166480.0,4490560.0,19758480.0,5199600.0,0.715625,0.7368421052631579
583,1,320,80,240,26.6,304,106,198,23.09,487424,121856,1075216,292432,2,0,51,10,0,250422-065612_Run_1045_Idx_50377,2620,0,5e-05,20000000,4874240.0,1218560.0,10752160.0,2924320.0,0.75,0.6513157894736842
584,1,320,109,211,20.79,304,104,200,20.44,330064,96432,810232,244376,2,0,51,10,0,250422-134441_Run_1869_Idx_89235,4680,0,5e-05,20000000,3300640.0,964320.0,8102320.0,2443760.0,0.659375,0.6578947368421053
585,1,320,86,234,25.06,171,45,126,27.0,1530576,392608,1975848,519960,4,0,51,10,0,250422-120844_Run_1422_Idx_68761,3560,0,5e-05,20000000,15305760.0,3926080.0,19758480.0,5199600.0,0.73125,0.7368421052631579
586,1,160,43,117,24.62,38,10,28,25.58,4491192,1210000,1797872,479184,14,0,51,10,0,250422-140154_Run_1876_Idx_60828,4690,0,5e-05,20000000,44911920.0,12100000.0,17978720.0,4791840.0,0.73125,0.7368421052631579
587,1,290,78,212,25.57,95,25,70,27.0,4343752,1145416,2320888,610760,7,0,51,10,0,250422-130241_Run_1543_Idx_10643,3860,0,5e-05,20000000,43437520.0,11454160.0,23208880.0,6107600.0,0.7310344827586207,0.7368421052631579
588,1,290,79,211,24.44,95,25,70,25.29,3932872,1043504,1848216,492592,7,0,51,10,0,250422-115810_Run_1131_Idx_87244,2830,0,5e-05,20000000,39328720.0,10435040.0,18482160.0,4925920.0,0.7275862068965517,0.7368421052631579
589,1,160,43,117,26.56,38,10,28,27.0,5355000,1425952,2258416,594320,14,0,51,10,0,250422-072744_Run_196_Idx_87442,490,0,5e-05,20000000,53550000.0,14259520.0,22584160.0,5943200.0,0.73125,0.7368421052631579
590,1,160,44,116,23.85,38,10,28,24.16,3912304,1066424,1797872,479184,14,0,51,10,0,250422-095947_Run_836_Idx_80582,2090,0,5e-05,20000000,39123040.0,10664240.0,17978720.0,4791840.0,0.725,0.7368421052631579
591,1,290,81,209,25.19,95,25,70,27.0,3881512,1062240,2320888,610760,7,0,51,10,0,250422-092745_Run_971_Idx_18971,2430,0,5e-05,20000000,38815120.0,10622400.0,23208880.0,6107600.0,0.7206896551724138,0.7368421052631579
592,1,160,43,117,24.24,38,10,28,22.74,3995552,1051496,1452464,364048,14,0,51,10,0,250422-121353_Run_1124_Idx_27734,2810,0,5e-05,20000000,39955520.0,10514960.0,14524640.0,3640480.0,0.73125,0.7368421052631579
593,1,160,43,117,26.5,38,10,28,27.0,5078216,1346768,2258416,594320,14,0,51,10,0,250422-061113_Run_12_Idx_13114,30,0,5e-05,20000000,50782160.0,13467680.0,22584160.0,5943200.0,0.73125,0.7368421052631579
594,1,320,93,227,24.72,304,102,202,23.54,453880,119528,1079560,291888,2,0,51,10,0,250422-064453_Run_813_Idx_39424,2040,0,5e-05,20000000,4538800.0,1195280.0,10795600.0,2918880.0,0.709375,0.6644736842105263
595,1,320,80,240,26.6,304,80,224,27.0,487424,121856,1361920,358400,2,0,51,10,0,250422-100025_Run_241_Idx_29121,610,0,5e-05,20000000,4874240.0,1218560.0,13619200.0,3584000.0,0.75,0.7368421052631579
596,1,320,88,232,20.68,171,54,117,18.67,1267560,319472,770072,218576,4,0,51,10,0,250422-141131_Run_1910_Idx_94378,4780,0,5e-05,20000000,12675600.0,3194720.0,7700720.0,2185760.0,0.725,0.6842105263157895
597,1,160,43,117,25.19,38,10,28,27.0,4420912,1163048,2258416,594320,14,0,51,10,0,250422-130210_Run_1664_Idx_1820,4160,0,5e-05,20000000,44209120.0,11630480.0,22584160.0,5943200.0,0.73125,0.7368421052631579
598,1,320,98,222,22.91,304,90,214,22.31,375088,102160,941840,265600,2,0,51,10,0,250422-103830_Run_1349_Idx_76444,3380,0,5e-05,20000000,3750880.0,1021600.0,9418400.0,2656000.0,0.69375,0.7039473684210527
599,1,160,44,116,25.89,38,14,24,24.16,4859648,1269344,2028144,601776,14,0,51,10,0,250422-075750_Run_300_Idx_25285,750,0,5e-05,20000000,48596480.0,12693440.0,20281440.0,6017760.0,0.725,0.631578947368421
600,1,320,92,228,24.01,304,97,207,22.61,420248,109448,1101280,282520,2,0,51,10,0,250422-104902_Run_1461_Idx_88220,3660,0,5e-05,20000000,4202480.0,1094480.0,11012800.0,2825200.0,0.7125,0.680921052631579
601,1,160,43,117,24.36,38,10,28,24.16,4100760,1112392,1797872,479184,14,0,51,10,0,250422-111547_Run_1092_Idx_46277,2730,0,5e-05,20000000,41007600.0,11123920.0,17978720.0,4791840.0,0.73125,0.7368421052631579
602,1,320,80,240,26.6,304,80,224,27.0,487424,121856,1361920,358400,2,0,51,10,0,250422-062530_Run_57_Idx_2588,150,0,5e-05,20000000,4874240.0,1218560.0,13619200.0,3584000.0,0.75,0.7368421052631579
603,1,320,98,222,23.58,171,54,117,24.63,1348120,357512,1637672,443800,4,0,51,10,0,250422-075204_Run_898_Idx_17767,2250,0,5e-05,20000000,13481200.0,3575120.0,16376720.0,4438000.0,0.69375,0.6842105263157895
604,1,160,43,117,25.92,38,10,28,27.0,4566992,1209168,2258416,594320,14,0,51,10,0,250422-074316_Run_664_Idx_27734,1660,0,5e-05,20000000,45669920.0,12091680.0,22584160.0,5943200.0,0.73125,0.7368421052631579
605,1,290,78,212,26.1,95,25,70,25.63,4375432,1179016,1857752,494976,7,0,51,10,0,250422-083338_Run_759_Idx_54015,1900,0,5e-05,20000000,43754320.0,11790160.0,18577520.0,4949760.0,0.7310344827586207,0.7368421052631579
606,1,320,89,231,24.3,171,55,116,24.63,1590344,413072,1541960,430088,4,0,51,10,0,250422-101517_Run_946_Idx_88280,2370,0,5e-05,20000000,15903440.0,4130720.0,15419600.0,4300880.0,0.721875,0.6783625730994152
607,1,320,102,218,23.75,171,52,119,25.58,1675472,458584,1822576,496104,4,0,51,10,0,250422-091440_Run_502_Idx_66923,1260,0,5e-05,20000000,16754720.0,4585840.0,18225760.0,4961040.0,0.68125,0.695906432748538
608,1,320,98,222,21.89,304,112,192,19.03,375088,102160,858016,241120,2,0,51,10,0,250422-135242_Run_1865_Idx_28019,4670,0,5e-05,20000000,3750880.0,1021600.0,8580160.0,2411200.0,0.69375,0.631578947368421
609,1,290,80,210,25.8,95,27,68,25.58,4490792,1179512,2102096,574016,7,0,51,10,0,250422-101918_Run_707_Idx_86480,1770,0,5e-05,20000000,44907920.0,11795120.0,21020960.0,5740160.0,0.7241379310344828,0.7157894736842105
610,1,320,80,240,26.56,171,45,126,27.0,1942144,485536,1975848,519960,4,0,51,10,0,250422-092029_Run_142_Idx_21514,360,0,5e-05,20000000,19421440.0,4855360.0,19758480.0,5199600.0,0.75,0.7368421052631579
611,1,320,102,218,24.05,304,96,208,25.22,405776,110088,1222912,343200,2,0,51,10,0,250422-095801_Run_837_Idx_91261,2100,0,5e-05,20000000,4057760.0,1100880.0,12229120.0,3432000.0,0.68125,0.6842105263157895
612,1,320,80,240,26.48,171,45,126,27.0,1915904,478976,1975848,519960,4,0,51,10,0,250422-091141_Run_622_Idx_33009,1560,0,5e-05,20000000,19159040.0,4789760.0,19758480.0,5199600.0,0.75,0.7368421052631579
613,1,320,87,233,22.91,171,57,114,19.8,1366672,353944,926528,259304,4,0,51,10,0,250422-125710_Run_1758_Idx_73897,4400,0,5e-05,20000000,13666720.0,3539440.0,9265280.0,2593040.0,0.728125,0.6666666666666666
614,1,160,43,117,25.15,38,10,28,27.0,4448496,1149920,2258416,594320,14,0,51,10,0,250422-113102_Run_1380_Idx_13114,3450,0,5e-05,20000000,44484960.0,11499200.0,22584160.0,5943200.0,0.73125,0.7368421052631579
615,1,320,94,226,24.49,304,80,224,27.0,426544,113160,1361920,358400,2,0,51,10,0,250422-120152_Run_1189_Idx_14609,2980,0,5e-05,20000000,4265440.0,1131600.0,13619200.0,3584000.0,0.70625,0.7368421052631579
616,1,290,78,212,26.64,95,25,70,27.0,4781832,1280616,2320888,610760,7,0,51,10,0,250422-075330_Run_183_Idx_3654,460,0,5e-05,20000000,47818320.0,12806160.0,23208880.0,6107600.0,0.7310344827586207,0.7368421052631579
617,1,290,78,212,20.89,95,25,70,21.35,2875912,769896,1385080,376808,7,0,51,10,0,250422-105506_Run_1399_Idx_91797,3500,0,5e-05,20000000,28759120.0,7698960.0,13850800.0,3768080.0,0.7310344827586207,0.7368421052631579
618,1,320,80,240,26.65,304,80,224,27.0,494080,123520,1361920,358400,2,0,51,10,0,250422-065645_Run_569_Idx_81817,1430,0,5e-05,20000000,4940800.0,1235200.0,13619200.0,3584000.0,0.75,0.7368421052631579
619,1,320,80,240,26.48,171,52,119,24.32,1915904,478976,1516784,394408,4,0,51,10,0,250422-094522_Run_962_Idx_80932,2410,0,5e-05,20000000,19159040.0,4789760.0,15167840.0,3944080.0,0.75,0.695906432748538
620,1,320,92,228,25.12,171,45,126,27.0,1740008,457208,1975848,519960,4,0,51,10,0,250422-085417_Run_630_Idx_34866,1580,0,5e-05,20000000,17400080.0,4572080.0,19758480.0,5199600.0,0.7125,0.7368421052631579
621,1,160,44,116,26.39,38,10,28,27.0,5195968,1387800,2258416,594320,14,0,51,10,0,250422-070430_Run_208_Idx_56251,520,0,5e-05,20000000,51959680.0,13878000.0,22584160.0,5943200.0,0.725,0.7368421052631579
622,1,320,95,225,23.72,171,64,107,20.73,1599840,425008,1179248,335440,4,0,51,10,0,250422-081233_Run_1006_Idx_43964,2520,0,5e-05,20000000,15998400.0,4250080.0,11792480.0,3354400.0,0.703125,0.6257309941520468
623,1,160,43,117,24.99,38,10,28,24.26,4309928,1090672,1913008,479184,14,0,51,10,0,250422-110047_Run_1396_Idx_13114,3490,0,5e-05,20000000,43099280.0,10906720.0,19130080.0,4791840.0,0.73125,0.7368421052631579
624,1,290,78,212,26.59,95,25,70,27.0,4720392,1265256,2320888,610760,7,0,51,10,0,250422-061105_Run_103_Idx_10643,260,0,5e-05,20000000,47203920.0,12652560.0,23208880.0,6107600.0,0.7310344827586207,0.7368421052631579
625,1,160,43,117,26.56,38,10,28,27.0,5355000,1425952,2258416,594320,14,0,51,10,0,250422-074335_Run_188_Idx_87442,470,0,5e-05,20000000,53550000.0,14259520.0,22584160.0,5943200.0,0.73125,0.7368421052631579
626,1,160,43,117,24.54,38,10,28,27.0,4173296,1110744,2258416,594320,14,0,51,10,0,250422-123447_Run_1708_Idx_13114,4270,0,5e-05,20000000,41732960.0,11107440.0,22584160.0,5943200.0,0.73125,0.7368421052631579
627,1,160,43,117,24.47,38,10,28,25.58,4173520,1110800,1797872,479184,14,0,51,10,0,250422-064640_Run_812_Idx_82007,2030,0,5e-05,20000000,41735200.0,11108000.0,17978720.0,4791840.0,0.73125,0.7368421052631579
628,1,160,43,117,18.19,38,10,28,22.74,2832600,736152,1797872,479184,14,0,51,10,0,250422-125832_Run_1696_Idx_13114,4240,0,5e-05,20000000,28326000.0,7361520.0,17978720.0,4791840.0,0.73125,0.7368421052631579
629,1,320,80,240,26.2,304,108,196,22.41,487424,121856,1083904,275328,2,0,51,10,0,250422-114654_Run_1077_Idx_64542,2700,0,5e-05,20000000,4874240.0,1218560.0,10839040.0,2753280.0,0.75,0.6447368421052632
630,1,160,43,117,24.49,38,10,28,24.16,3929760,1025448,1452464,364048,14,0,51,10,0,250422-121319_Run_1420_Idx_1820,3550,0,5e-05,20000000,39297600.0,10254480.0,14524640.0,3640480.0,0.73125,0.7368421052631579
631,1,320,190,130,5.39,171,117,54,1.89,338272,112704,62624,39296,4,0,51,10,0,250422-071409_Run_798_Idx_19023,2000,0,5e-05,20000000,3382720.0,1127040.0,626240.0,392960.0,0.40625,0.3157894736842105
632,1,290,78,212,26.59,95,25,70,27.0,4720392,1265256,2320888,610760,7,0,51,10,0,250422-085357_Run_987_Idx_10643,2470,0,5e-05,20000000,47203920.0,12652560.0,23208880.0,6107600.0,0.7310344827586207,0.7368421052631579
633,1,290,79,211,26.45,95,25,70,27.0,4747592,1264304,2320888,610760,7,0,51,10,0,250422-073739_Run_191_Idx_43476,480,0,5e-05,20000000,47475920.0,12643040.0,23208880.0,6107600.0,0.7275862068965517,0.7368421052631579
634,1,160,43,117,26.56,38,10,28,27.0,5355000,1425952,2258416,594320,14,0,51,10,0,250422-092425_Run_140_Idx_87442,350,0,5e-05,20000000,53550000.0,14259520.0,22584160.0,5943200.0,0.73125,0.7368421052631579
635,1,160,43,117,23.46,38,10,28,25.58,3763048,973976,1913008,479184,14,0,51,10,0,250422-140749_Run_1992_Idx_60828,4980,0,5e-05,20000000,37630480.0,9739760.0,19130080.0,4791840.0,0.73125,0.7368421052631579
636,1,160,43,117,24.57,38,10,28,24.16,4146680,1123872,1337328,364048,14,0,51,10,0,250422-103540_Run_1468_Idx_1820,3670,0,5e-05,20000000,41466800.0,11238720.0,13373280.0,3640480.0,0.73125,0.7368421052631579
637,1,320,96,224,24.37,171,51,120,25.58,1531872,404232,1796288,482528,4,0,51,10,0,250422-080135_Run_774_Idx_57086,1940,0,5e-05,20000000,15318720.0,4042320.0,17962880.0,4825280.0,0.7,0.7017543859649122
638,1,290,78,212,22.67,95,25,70,25.58,2922792,768776,1966384,492592,7,0,51,10,0,250422-125806_Run_1575_Idx_42567,3940,0,5e-05,20000000,29227920.0,7687760.0,19663840.0,4925920.0,0.7310344827586207,0.7368421052631579
639,1,290,78,212,21.31,95,25,70,24.16,2426312,683176,1848216,492592,7,0,51,10,0,250422-111749_Run_1387_Idx_91797,3470,0,5e-05,20000000,24263120.0,6831760.0,18482160.0,4925920.0,0.7310344827586207,0.7368421052631579
640,1,160,43,117,24.51,38,10,28,19.89,5144480,1348280,1337328,364048,14,0,51,10,0,250422-070239_Run_804_Idx_82007,2010,0,5e-05,20000000,51444800.0,13482800.0,13373280.0,3640480.0,0.73125,0.7368421052631579
641,1,290,82,208,25.19,95,25,70,27.0,4052712,1080168,2320888,610760,7,0,51,10,0,250422-103210_Run_1115_Idx_1978,2790,0,5e-05,20000000,40527120.0,10801680.0,23208880.0,6107600.0,0.7172413793103448,0.7368421052631579
642,1,320,80,240,26.0,304,102,202,22.87,479744,119936,1014400,283200,2,0,51,10,0,250422-104129_Run_1465_Idx_90655,3670,0,5e-05,20000000,4797440.0,1199360.0,10144000.0,2832000.0,0.75,0.6644736842105263
643,1,160,48,112,25.26,38,11,27,25.58,4806344,1315680,2028144,538616,14,0,51,10,0,250422-090539_Run_388_Idx_79681,970,0,5e-05,20000000,48063440.0,13156800.0,20281440.0,5386160.0,0.7,0.7105263157894737
644,1,290,78,212,20.81,95,25,70,22.93,3207272,865576,1848216,492592,7,0,51,10,0,250422-133456_Run_1843_Idx_46758,4610,0,5e-05,20000000,32072720.0,8655760.0,18482160.0,4925920.0,0.7310344827586207,0.7368421052631579
645,1,160,47,113,25.59,38,10,28,25.58,4900792,1313104,1797872,479184,14,0,51,10,0,250422-091848_Run_500_Idx_51841,1250,0,5e-05,20000000,49007920.0,13131040.0,17978720.0,4791840.0,0.70625,0.7368421052631579
646,1,290,78,212,22.96,95,26,69,20.89,3213832,888616,1552480,429160,7,0,51,10,0,250422-134907_Run_1851_Idx_17819,4630,0,5e-05,20000000,32138320.0,8886160.0,15524800.0,4291600.0,0.7310344827586207,0.7263157894736842
647,1,320,86,234,24.22,171,45,126,27.0,1269168,327472,1975848,519960,4,0,51,10,0,250422-142643_Run_1942_Idx_91568,4860,0,5e-05,20000000,12691680.0,3274720.0,19758480.0,5199600.0,0.73125,0.7368421052631579
648,1,320,80,240,26.65,304,80,224,27.0,494080,123520,1361920,358400,2,0,51,10,0,250422-094615_Run_129_Idx_24085,330,0,5e-05,20000000,4940800.0,1235200.0,13619200.0,3584000.0,0.75,0.7368421052631579
649,1,290,89,201,23.04,95,26,69,24.18,3566792,1028544,2023720,534184,7,0,51,10,0,250422-070248_Run_923_Idx_27768,2310,0,5e-05,20000000,35667920.0,10285440.0,20237200.0,5341840.0,0.6931034482758621,0.7263157894736842
650,1,160,43,117,26.61,38,10,28,27.0,5355000,1425952,2258416,594320,14,0,51,10,0,250422-093035_Run_376_Idx_60828,940,0,5e-05,20000000,53550000.0,14259520.0,22584160.0,5943200.0,0.73125,0.7368421052631579
651,1,290,80,210,21.15,95,26,69,22.45,3121192,837112,1288160,336824,7,0,51,10,0,250422-115459_Run_1251_Idx_45254,3130,0,5e-05,20000000,31211920.0,8371120.0,12881600.0,3368240.0,0.7241379310344828,0.7263157894736842
652,1,320,80,240,26.6,304,80,224,27.0,487424,121856,1361920,358400,2,0,51,10,0,250422-074008_Run_309_Idx_29121,780,0,5e-05,20000000,4874240.0,1218560.0,13619200.0,3584000.0,0.75,0.7368421052631579
653,1,320,94,226,25.3,304,80,224,27.0,458704,121200,1361920,358400,2,0,51,10,0,250422-095943_Run_361_Idx_48844,910,0,5e-05,20000000,4587040.0,1212000.0,13619200.0,3584000.0,0.70625,0.7368421052631579
654,1,290,78,212,19.22,95,25,70,18.78,2641832,698536,1021040,256256,7,0,51,10,0,250422-141412_Run_1935_Idx_96012,4840,0,5e-05,20000000,26418320.0,6985360.0,10210400.0,2562560.0,0.7310344827586207,0.7368421052631579
655,1,160,43,117,24.22,38,10,28,25.58,4254200,1111576,1797872,479184,14,0,51,10,0,250422-122150_Run_1180_Idx_87442,2950,0,5e-05,20000000,42542000.0,11115760.0,17978720.0,4791840.0,0.73125,0.7368421052631579
656,1,320,80,240,26.17,171,46,125,24.7,1942144,485536,1316376,350976,4,0,51,10,0,250422-123552_Run_1738_Idx_67620,4350,0,5e-05,20000000,19421440.0,4855360.0,13163760.0,3509760.0,0.75,0.7309941520467836
657,1,320,86,234,25.15,171,45,126,27.0,1619472,414616,1975848,519960,4,0,51,10,0,250422-133015_Run_1590_Idx_98672,3980,0,5e-05,20000000,16194720.0,4146160.0,19758480.0,5199600.0,0.73125,0.7368421052631579
658,1,160,44,116,26.27,38,10,28,27.0,5318056,1427656,2258416,594320,14,0,51,10,0,250422-074029_Run_428_Idx_37818,1070,0,5e-05,20000000,53180560.0,14276560.0,22584160.0,5943200.0,0.725,0.7368421052631579
659,1,290,78,212,26.09,95,25,70,27.0,4559272,1212136,2320888,610760,7,0,51,10,0,250422-110040_Run_1515_Idx_67176,3790,0,5e-05,20000000,45592720.0,12121360.0,23208880.0,6107600.0,0.7310344827586207,0.7368421052631579
660,1,320,80,240,26.45,171,45,126,27.0,1942144,485536,1975848,519960,4,0,51,10,0,250422-073339_Run_550_Idx_80127,1380,0,5e-05,20000000,19421440.0,4855360.0,19758480.0,5199600.0,0.75,0.7368421052631579
661,1,160,43,117,24.41,38,10,28,25.58,4097496,1111576,1797872,479184,14,0,51,10,0,250422-103550_Run_1528_Idx_60828,3820,0,5e-05,20000000,40974960.0,11115760.0,17978720.0,4791840.0,0.73125,0.7368421052631579
662,1,290,78,212,26.59,95,25,70,27.0,4720392,1265256,2320888,610760,7,0,51,10,0,250422-062938_Run_55_Idx_42567,140,0,5e-05,20000000,47203920.0,12652560.0,23208880.0,6107600.0,0.7310344827586207,0.7368421052631579
663,1,160,43,117,25.82,38,10,28,25.58,4727576,1269096,1797872,479184,14,0,51,10,0,250422-080044_Run_1012_Idx_46277,2530,0,5e-05,20000000,47275760.0,12690960.0,17978720.0,4791840.0,0.73125,0.7368421052631579
664,1,320,107,213,23.5,304,92,212,25.58,390944,109112,1257664,342656,2,0,51,10,0,250422-084057_Run_993_Idx_61119,2490,0,5e-05,20000000,3909440.0,1091120.0,12576640.0,3426560.0,0.665625,0.6973684210526315
665,1,320,101,219,22.89,171,51,120,24.22,1472008,397536,1601880,420560,4,0,51,10,0,250422-075651_Run_1014_Idx_78788,2540,0,5e-05,20000000,14720080.0,3975360.0,16018800.0,4205600.0,0.684375,0.7017543859649122
666,1,290,86,204,23.95,95,27,68,24.75,3840712,1094600,2100728,574016,7,0,51,10,0,250422-084850_Run_871_Idx_2099,2180,0,5e-05,20000000,38407120.0,10946000.0,21007280.0,5740160.0,0.7034482758620689,0.7157894736842105
667,1,290,79,211,23.78,95,25,70,21.34,3720392,990384,1021040,256256,7,0,51,10,0,250422-104942_Run_1343_Idx_85350,3360,0,5e-05,20000000,37203920.0,9903840.0,10210400.0,2562560.0,0.7275862068965517,0.7368421052631579
668,1,290,78,212,24.37,95,25,70,25.63,4019368,1077160,1857752,494976,7,0,51,10,0,250422-134140_Run_1779_Idx_10643,4450,0,5e-05,20000000,40193680.0,10771600.0,18577520.0,4949760.0,0.7310344827586207,0.7368421052631579
669,1,290,78,212,23.27,95,25,70,19.19,3329320,904648,1385080,376808,7,0,51,10,0,250422-105303_Run_1519_Idx_67176,3800,0,5e-05,20000000,33293200.0,9046480.0,13850800.0,3768080.0,0.7310344827586207,0.7368421052631579
670,1,290,79,211,26.45,95,25,70,27.0,4747592,1264304,2320888,610760,7,0,51,10,0,250422-070624_Run_207_Idx_43476,520,0,5e-05,20000000,47475920.0,12643040.0,23208880.0,6107600.0,0.7275862068965517,0.7368421052631579
671,1,290,79,211,23.26,95,26,69,22.17,3634792,973264,1606752,442728,7,0,51,10,0,250422-110444_Run_1335_Idx_48914,3340,0,5e-05,20000000,36347920.0,9732640.0,16067520.0,4427280.0,0.7275862068965517,0.7263157894736842
672,1,160,43,117,24.31,38,10,28,25.58,4254200,1111576,1797872,479184,14,0,51,10,0,250422-143024_Run_1980_Idx_60828,4950,0,5e-05,20000000,42542000.0,11115760.0,17978720.0,4791840.0,0.73125,0.7368421052631579
673,1,160,43,117,22.14,38,10,28,19.89,3555168,966200,1337328,364048,14,0,51,10,0,250422-142459_Run_1956_Idx_1820,4890,0,5e-05,20000000,35551680.0,9662000.0,13373280.0,3640480.0,0.73125,0.7368421052631579
674,1,290,85,205,24.91,95,28,67,24.48,4319592,1183552,1969056,535080,7,0,51,10,0,250422-070040_Run_567_Idx_36913,1420,0,5e-05,20000000,43195920.0,11835520.0,19690560.0,5350800.0,0.7068965517241379,0.7052631578947368
675,1,160,43,117,21.65,38,10,28,22.74,3596280,986272,1797872,479184,14,0,51,10,0,250422-075554_Run_896_Idx_1820,2240,0,5e-05,20000000,35962800.0,9862720.0,17978720.0,4791840.0,0.73125,0.7368421052631579
676,1,320,80,240,26.3,304,103,201,24.42,494080,123520,1157752,335464,2,0,51,10,0,250422-080733_Run_533_Idx_79992,1340,0,5e-05,20000000,4940800.0,1235200.0,11577520.0,3354640.0,0.75,0.6611842105263158
677,1,320,80,240,25.8,304,103,201,22.74,487424,121856,1031776,274648,2,0,51,10,0,250422-100946_Run_949_Idx_83361,2380,0,5e-05,20000000,4874240.0,1218560.0,10317760.0,2746480.0,0.75,0.6611842105263158
678,1,320,110,210,22.7,304,100,204,22.9,395992,110968,1066528,291616,2,0,51,10,0,250422-122053_Run_1477_Idx_93298,3700,0,5e-05,20000000,3959920.0,1109680.0,10665280.0,2916160.0,0.65625,0.6710526315789473
679,1,290,84,206,25.52,95,25,70,27.0,4268232,1182744,2320888,610760,7,0,51,10,0,250422-094125_Run_727_Idx_43770,1820,0,5e-05,20000000,42682320.0,11827440.0,23208880.0,6107600.0,0.7103448275862069,0.7368421052631579
680,1,160,43,117,26.16,38,10,28,27.0,4964568,1328344,2258416,594320,14,0,51,10,0,250422-073710_Run_1024_Idx_46277,2560,0,5e-05,20000000,49645680.0,13283440.0,22584160.0,5943200.0,0.73125,0.7368421052631579
681,1,320,80,240,26.48,171,45,126,27.0,1915904,478976,1975848,519960,4,0,51,10,0,250422-102118_Run_586_Idx_33009,1470,0,5e-05,20000000,19159040.0,4789760.0,19758480.0,5199600.0,0.75,0.7368421052631579
682,1,320,105,215,23.54,304,98,206,25.05,415064,115416,1257664,352160,2,0,51,10,0,250422-071758_Run_677_Idx_82484,1700,0,5e-05,20000000,4150640.0,1154160.0,12576640.0,3521600.0,0.671875,0.6776315789473685
683,1,290,78,212,24.96,95,25,70,24.18,4086952,1094056,1848216,492592,7,0,51,10,0,250422-111019_Run_1391_Idx_91797,3480,0,5e-05,20000000,40869520.0,10940560.0,18482160.0,4925920.0,0.7310344827586207,0.7368421052631579
684,1,320,80,240,26.3,304,95,209,23.9,494080,123520,1066528,277904,2,0,51,10,0,250422-114506_Run_1493_Idx_13385,3740,0,5e-05,20000000,4940800.0,1235200.0,10665280.0,2779040.0,0.75,0.6875
685,1,320,94,226,20.08,171,51,120,21.56,1062528,268112,1215104,319568,4,0,51,10,0,250422-135911_Run_1846_Idx_64806,4620,0,5e-05,20000000,10625280.0,2681120.0,12151040.0,3195680.0,0.70625,0.7017543859649122
686,1,160,43,117,26.1,38,10,28,27.0,4961304,1327528,2258416,594320,14,0,51,10,0,250422-114352_Run_1256_Idx_22272,3140,0,5e-05,20000000,49613040.0,13275280.0,22584160.0,5943200.0,0.73125,0.7368421052631579
687,1,290,78,212,26.31,95,25,70,27.0,4634792,1231016,2320888,610760,7,0,51,10,0,250422-064244_Run_695_Idx_42567,1740,0,5e-05,20000000,46347920.0,12310160.0,23208880.0,6107600.0,0.7310344827586207,0.7368421052631579
688,1,320,95,225,25.3,304,80,224,27.0,463528,122872,1361920,358400,2,0,51,10,0,250422-082436_Run_525_Idx_13639,1320,0,5e-05,20000000,4635280.0,1228720.0,13619200.0,3584000.0,0.703125,0.7368421052631579
689,1,160,43,117,25.39,38,10,28,24.16,4565832,1209072,1797872,479184,14,0,51,10,0,250422-080646_Run_652_Idx_27734,1630,0,5e-05,20000000,45658320.0,12090720.0,17978720.0,4791840.0,0.73125,0.7368421052631579
690,1,320,102,218,21.5,171,48,123,24.79,1122320,319288,1638560,441800,4,0,51,10,0,250422-111944_Run_1386_Idx_14513,3470,0,5e-05,20000000,11223200.0,3192880.0,16385600.0,4418000.0,0.68125,0.7192982456140351
691,1,320,91,229,23.04,171,45,126,27.0,1431592,375184,1975848,519960,4,0,51,10,0,250422-140118_Run_1830_Idx_61118,4580,0,5e-05,20000000,14315920.0,3751840.0,19758480.0,5199600.0,0.715625,0.7368421052631579
692,1,160,43,117,25.25,38,10,28,27.0,4448496,1149920,2258416,594320,14,0,51,10,0,250422-112139_Run_1148_Idx_27734,2870,0,5e-05,20000000,44484960.0,11499200.0,22584160.0,5943200.0,0.73125,0.7368421052631579
693,1,320,94,226,24.67,171,45,126,27.0,1658384,438064,1975848,519960,4,0,51,10,0,250422-080254_Run_654_Idx_57764,1640,0,5e-05,20000000,16583840.0,4380640.0,19758480.0,5199600.0,0.70625,0.7368421052631579
694,1,160,44,116,24.73,38,10,28,27.0,4415456,1172624,2258416,594320,14,0,51,10,0,250422-102502_Run_704_Idx_67097,1760,0,5e-05,20000000,44154560.0,11726240.0,22584160.0,5943200.0,0.725,0.7368421052631579
695,1,320,93,227,23.84,171,52,119,23.53,1514960,402144,1305000,371872,4,0,51,10,0,250422-105219_Run_1282_Idx_14641,3210,0,5e-05,20000000,15149600.0,4021440.0,13050000.0,3718720.0,0.709375,0.695906432748538
696,1,160,43,117,23.88,38,10,28,25.58,4117568,1072400,1913008,479184,14,0,51,10,0,250422-120356_Run_1188_Idx_87442,2970,0,5e-05,20000000,41175680.0,10724000.0,19130080.0,4791840.0,0.73125,0.7368421052631579
697,1,320,80,240,26.38,171,47,124,21.41,1915904,478976,1238048,313792,4,0,51,10,0,250422-133459_Run_1858_Idx_10844,4650,0,5e-05,20000000,19159040.0,4789760.0,12380480.0,3137920.0,0.75,0.7251461988304093
698,1,320,80,240,26.56,171,45,126,27.0,1942144,485536,1975848,519960,4,0,51,10,0,250422-090222_Run_746_Idx_48165,1870,0,5e-05,20000000,19421440.0,4855360.0,19758480.0,5199600.0,0.75,0.7368421052631579
699,1,290,85,205,25.89,95,28,67,25.58,4593512,1269152,2125224,587592,7,0,51,10,0,250422-095204_Run_483_Idx_36913,1210,0,5e-05,20000000,45935120.0,12691520.0,21252240.0,5875920.0,0.7068965517241379,0.7052631578947368
700,1,160,43,117,22.6,38,10,28,21.42,3943224,1033832,1797872,479184,14,0,51,10,0,250422-142543_Run_1916_Idx_87442,4790,0,5e-05,20000000,39432240.0,10338320.0,17978720.0,4791840.0,0.73125,0.7368421052631579
701,1,290,85,205,25.12,95,29,66,24.17,4576392,1252032,2051736,576672,7,0,51,10,0,250422-083220_Run_403_Idx_28705,1010,0,5e-05,20000000,45763920.0,12520320.0,20517360.0,5766720.0,0.7068965517241379,0.6947368421052632
702,1,320,80,240,26.48,171,45,126,27.0,1915904,478976,1975848,519960,4,0,51,10,0,250422-100613_Run_594_Idx_33009,1490,0,5e-05,20000000,19159040.0,4789760.0,19758480.0,5199600.0,0.75,0.7368421052631579
703,1,320,90,230,23.65,171,49,122,25.58,1436072,370720,1640720,446280,4,0,51,10,0,250422-124055_Run_1554_Idx_65067,3890,0,5e-05,20000000,14360720.0,3707200.0,16407200.0,4462800.0,0.71875,0.7134502923976608
704,1,320,96,224,23.95,304,89,215,25.58,412072,111680,1201192,329216,2,0,51,10,0,250422-104143_Run_1525_Idx_50420,3820,0,5e-05,20000000,4120720.0,1116800.0,12011920.0,3292160.0,0.7,0.7072368421052632
705,1,160,45,115,20.99,38,10,28,18.79,3262704,909776,1337328,364048,14,0,51,10,0,250422-070837_Run_920_Idx_61321,2300,0,5e-05,20000000,32627040.0,9097760.0,13373280.0,3640480.0,0.71875,0.7368421052631579
706,1,290,89,201,23.99,95,27,68,24.16,3532552,994304,1599648,428712,7,0,51,10,0,250422-093106_Run_851_Idx_48592,2130,0,5e-05,20000000,35325520.0,9943040.0,15996480.0,4287120.0,0.6931034482758621,0.7157894736842105
707,1,290,81,209,23.59,95,29,66,22.47,3651912,1009120,1711776,497904,7,0,51,10,0,250422-113013_Run_1203_Idx_86147,3010,0,5e-05,20000000,36519120.0,10091200.0,17117760.0,4979040.0,0.7206896551724138,0.6947368421052632
708,1,320,89,231,21.78,171,64,107,18.74,1426048,370368,1043984,313904,4,0,51,10,0,250422-122027_Run_1358_Idx_61490,3400,0,5e-05,20000000,14260480.0,3703680.0,10439840.0,3139040.0,0.721875,0.6257309941520468
709,1,320,80,240,26.6,304,80,224,27.0,487424,121856,1361920,358400,2,0,51,10,0,250422-101544_Run_589_Idx_2588,1480,0,5e-05,20000000,4874240.0,1218560.0,13619200.0,3584000.0,0.75,0.7368421052631579
710,1,320,115,205,19.45,304,105,199,21.39,322024,90384,1014400,274920,2,0,51,10,0,250422-112433_Run_1265_Idx_50721,3170,0,5e-05,20000000,3220240.0,903840.0,10144000.0,2749200.0,0.640625,0.6546052631578947
711,1,290,78,212,26.45,95,25,70,27.0,4696232,1246376,2320888,610760,7,0,51,10,0,250422-102015_Run_111_Idx_3654,280,0,5e-05,20000000,46962320.0,12463760.0,23208880.0,6107600.0,0.7310344827586207,0.7368421052631579
712,1,160,44,116,25.51,38,10,28,25.58,4491256,1210968,1797872,479184,14,0,51,10,0,250422-104525_Run_1108_Idx_60379,2770,0,5e-05,20000000,44912560.0,12109680.0,17978720.0,4791840.0,0.725,0.7368421052631579
713,1,320,80,240,26.65,304,80,224,27.0,494080,123520,1361920,358400,2,0,51,10,0,250422-083939_Run_161_Idx_24085,410,0,5e-05,20000000,4940800.0,1235200.0,13619200.0,3584000.0,0.75,0.7368421052631579
714,1,320,80,240,26.3,304,93,211,25.58,494080,123520,1253320,347136,2,0,51,10,0,250422-075934_Run_537_Idx_50037,1350,0,5e-05,20000000,4940800.0,1235200.0,12533200.0,3471360.0,0.75,0.694078947368421
715,1,290,78,212,23.74,95,25,70,24.18,3121672,865576,1848216,492592,7,0,51,10,0,250422-124024_Run_1675_Idx_46758,4190,0,5e-05,20000000,31216720.0,8655760.0,18482160.0,4925920.0,0.7310344827586207,0.7368421052631579
716,1,290,81,209,24.86,95,27,68,25.58,4011912,1073440,2072320,546880,7,0,51,10,0,250422-074205_Run_903_Idx_45134,2260,0,5e-05,20000000,40119120.0,10734400.0,20723200.0,5468800.0,0.7206896551724138,0.7157894736842105
717,1,290,79,211,19.47,95,27,68,21.48,2984232,819184,1837776,507936,7,0,51,10,0,250422-112042_Run_1267_Idx_45254,3170,0,5e-05,20000000,29842320.0,8191840.0,18377760.0,5079360.0,0.7275862068965517,0.7157894736842105
718,1,290,83,207,25.56,95,25,70,27.0,4275272,1166576,2320888,610760,7,0,51,10,0,250422-085201_Run_631_Idx_11969,1580,0,5e-05,20000000,42752720.0,11665760.0,23208880.0,6107600.0,0.7137931034482758,0.7368421052631579
719,1,290,84,206,24.83,95,29,66,25.58,4165512,1114264,2177344,601168,7,0,51,10,0,250422-065457_Run_451_Idx_98935,1130,0,5e-05,20000000,41655120.0,11142640.0,21773440.0,6011680.0,0.7103448275862069,0.6947368421052632
720,1,320,104,216,22.62,304,93,211,24.78,317336,90920,1096936,308040,2,0,51,10,0,250422-114416_Run_1433_Idx_18441,3590,0,5e-05,20000000,3173360.0,909200.0,10969360.0,3080400.0,0.675,0.694078947368421
721,1,320,104,216,21.16,304,97,207,21.8,331808,89312,936208,256456,2,0,51,10,0,250422-141519_Run_1961_Idx_75139,4910,0,5e-05,20000000,3318080.0,893120.0,9362080.0,2564560.0,0.675,0.680921052631579
722,1,290,78,212,26.49,95,25,70,27.0,4651912,1248136,2320888,610760,7,0,51,10,0,250422-093324_Run_255_Idx_91797,640,0,5e-05,20000000,46519120.0,12481360.0,23208880.0,6107600.0,0.7310344827586207,0.7368421052631579
723,1,320,80,240,26.42,171,52,119,24.95,1915904,478976,1575592,434136,4,0,51,10,0,250422-122835_Run_1058_Idx_80932,2650,0,5e-05,20000000,19159040.0,4789760.0,15755920.0,4341360.0,0.75,0.695906432748538
724,1,320,93,227,25.15,171,45,126,27.0,1744832,458880,1975848,519960,4,0,51,10,0,250422-063527_Run_342_Idx_46252,860,0,5e-05,20000000,17448320.0,4588800.0,19758480.0,5199600.0,0.709375,0.7368421052631579
725,1,290,78,212,25.05,95,25,70,24.24,3943432,1071016,1848216,492592,7,0,51,10,0,250422-112256_Run_1443_Idx_46758,3610,0,5e-05,20000000,39434320.0,10710160.0,18482160.0,4925920.0,0.7310344827586207,0.7368421052631579
726,1,160,43,117,21.27,38,10,28,14.37,3605472,953976,79728,20864,14,0,51,10,0,250422-115818_Run_1368_Idx_13114,3420,0,5e-05,20000000,36054720.0,9539760.0,797280.0,208640.0,0.73125,0.7368421052631579
727,1,290,78,212,21.56,95,25,70,25.29,3206792,818376,1966384,492592,7,0,51,10,0,250422-140624_Run_1939_Idx_96012,4850,0,5e-05,20000000,32067920.0,8183760.0,19663840.0,4925920.0,0.7310344827586207,0.7368421052631579
728,1,320,80,240,26.5,171,45,126,27.0,1915904,478976,1975848,519960,4,0,51,10,0,250422-071434_Run_322_Idx_51250,810,0,5e-05,20000000,19159040.0,4789760.0,19758480.0,5199600.0,0.75,0.7368421052631579
729,1,320,92,228,24.12,304,80,224,27.0,418640,109448,1361920,358400,2,0,51,10,0,250422-110405_Run_1453_Idx_71687,3640,0,5e-05,20000000,4186400.0,1094480.0,13619200.0,3584000.0,0.7125,0.7368421052631579
730,1,320,89,231,25.25,304,104,200,23.83,427928,111176,1183816,344288,2,0,51,10,0,250422-090713_Run_981_Idx_32033,2460,0,5e-05,20000000,4279280.0,1111760.0,11838160.0,3442880.0,0.721875,0.6578947368421053
731,1,160,44,116,24.63,38,10,28,24.16,4389056,1170824,1452464,364048,14,0,51,10,0,250422-072726_Run_672_Idx_85404,1680,0,5e-05,20000000,43890560.0,11708240.0,14524640.0,3640480.0,0.725,0.7368421052631579
732,1,320,96,224,25.25,304,80,224,27.0,461696,122880,1361920,358400,2,0,51,10,0,250422-064458_Run_337_Idx_92681,850,0,5e-05,20000000,4616960.0,1228800.0,13619200.0,3584000.0,0.7,0.7368421052631579
733,1,160,43,117,26.56,38,10,28,27.0,5355000,1425952,2258416,594320,14,0,51,10,0,250422-075134_Run_184_Idx_87442,460,0,5e-05,20000000,53550000.0,14259520.0,22584160.0,5943200.0,0.73125,0.7368421052631579
734,1,290,78,212,17.04,95,25,70,18.94,1944392,528456,557904,140472,7,0,51,10,0,250422-131349_Run_1719_Idx_54015,4300,0,5e-05,20000000,19443920.0,5284560.0,5579040.0,1404720.0,0.7310344827586207,0.7368421052631579
735,1,320,88,232,22.54,171,45,126,27.0,1241392,318768,1975848,519960,4,0,51,10,0,250422-134641_Run_1822_Idx_12466,4560,0,5e-05,20000000,12413920.0,3187680.0,19758480.0,5199600.0,0.725,0.7368421052631579
736,1,160,47,113,25.59,38,10,28,27.0,4923968,1353928,2258416,594320,14,0,51,10,0,250422-095355_Run_364_Idx_77832,910,0,5e-05,20000000,49239680.0,13539280.0,22584160.0,5943200.0,0.70625,0.7368421052631579
737,1,160,44,116,25.82,38,10,28,27.0,4857952,1283248,2258416,594320,14,0,51,10,0,250422-100721_Run_832_Idx_80582,2080,0,5e-05,20000000,48579520.0,12832480.0,22584160.0,5943200.0,0.725,0.7368421052631579
738,1,290,78,212,26.54,95,25,70,27.0,4764712,1263496,2320888,610760,7,0,51,10,0,250422-092425_Run_379_Idx_67176,950,0,5e-05,20000000,47647120.0,12634960.0,23208880.0,6107600.0,0.7310344827586207,0.7368421052631579
739,1,320,88,232,24.18,304,80,224,25.63,423104,109504,1089536,290304,2,0,51,10,0,250422-134550_Run_1777_Idx_51596,4450,0,5e-05,20000000,4231040.0,1095040.0,10895360.0,2903040.0,0.725,0.7368421052631579
740,1,290,81,209,24.92,95,27,68,23.82,3915752,1079360,2000592,548640,7,0,51,10,0,250422-111004_Run_1095_Idx_13310,2740,0,5e-05,20000000,39157520.0,10793600.0,20005920.0,5486400.0,0.7206896551724138,0.7157894736842105
741,1,320,88,232,24.1,171,54,117,23.65,1691728,437520,1243560,349200,4,0,51,10,0,250422-103928_Run_1230_Idx_78824,3080,0,5e-05,20000000,16917280.0,4375200.0,12435600.0,3492000.0,0.725,0.6842105263157895
742,1,320,94,226,25.25,304,80,224,27.0,452048,119536,1361920,358400,2,0,51,10,0,250422-073206_Run_313_Idx_79075,790,0,5e-05,20000000,4520480.0,1195360.0,13619200.0,3584000.0,0.70625,0.7368421052631579
743,1,160,43,117,23.84,38,10,28,27.0,4134120,1110744,2258416,594320,14,0,51,10,0,250422-103628_Run_1172_Idx_27734,2930,0,5e-05,20000000,41341200.0,11107440.0,22584160.0,5943200.0,0.73125,0.7368421052631579
744,1,290,78,212,26.23,95,29,66,25.58,4764712,1263496,2366808,655440,7,0,51,10,0,250422-093424_Run_135_Idx_34661,340,0,5e-05,20000000,47647120.0,12634960.0,23668080.0,6554400.0,0.7310344827586207,0.6947368421052632
745,1,320,80,240,25.88,171,63,108,23.88,1942144,485536,1721288,512816,4,0,51,10,0,250422-084324_Run_398_Idx_85157,1000,0,5e-05,20000000,19421440.0,4855360.0,17212880.0,5128160.0,0.75,0.631578947368421
746,1,160,43,117,25.25,38,10,28,27.0,3977416,1071568,2258416,594320,14,0,51,10,0,250422-113810_Run_1140_Idx_27734,2850,0,5e-05,20000000,39774160.0,10715680.0,22584160.0,5943200.0,0.73125,0.7368421052631579
747,1,160,43,117,22.64,38,10,28,21.63,3505368,889968,1452464,364048,14,0,51,10,0,250422-111331_Run_1448_Idx_1820,3620,0,5e-05,20000000,35053680.0,8899680.0,14524640.0,3640480.0,0.73125,0.7368421052631579
748,1,290,79,211,22.8,95,25,70,21.34,3795912,1009264,1493712,374424,7,0,51,10,0,250422-122641_Run_1355_Idx_17819,3390,0,5e-05,20000000,37959120.0,10092640.0,14937120.0,3744240.0,0.7275862068965517,0.7368421052631579
749,1,320,80,240,26.56,171,45,126,27.0,1942144,485536,1975848,519960,4,0,51,10,0,250422-070825_Run_206_Idx_21514,520,0,5e-05,20000000,19421440.0,4855360.0,19758480.0,5199600.0,0.75,0.7368421052631579
750,1,320,80,240,26.65,304,80,224,27.0,494080,123520,1361920,358400,2,0,51,10,0,250422-093035_Run_137_Idx_24085,350,0,5e-05,20000000,4940800.0,1235200.0,13619200.0,3584000.0,0.75,0.7368421052631579
751,1,320,95,225,22.34,304,105,199,20.05,400592,105128,866704,235824,2,0,51,10,0,250422-123054_Run_1353_Idx_79497,3390,0,5e-05,20000000,4005920.0,1051280.0,8667040.0,2358240.0,0.703125,0.6546052631578947
752,1,290,77,213,21.08,95,26,69,19.89,3155432,834688,1501728,416472,7,0,51,10,0,250422-134831_Run_1867_Idx_54015,4670,0,5e-05,20000000,31554320.0,8346880.0,15017280.0,4164720.0,0.7344827586206897,0.7263157894736842
753,1,320,88,232,25.25,304,95,209,21.02,423104,109504,936208,260528,2,0,51,10,0,250422-140507_Run_1953_Idx_92770,4890,0,5e-05,20000000,4231040.0,1095040.0,9362080.0,2605280.0,0.725,0.6875
754,1,320,87,233,24.74,171,48,123,24.95,1641264,422808,1407856,374488,4,0,51,10,0,250422-112930_Run_1322_Idx_5578,3310,0,5e-05,20000000,16412640.0,4228080.0,14078560.0,3744880.0,0.728125,0.7192982456140351
755,1,290,82,208,25.51,95,27,68,24.44,4258152,1148648,1759400,468992,7,0,51,10,0,250422-122630_Run_1059_Idx_79075,2650,0,5e-05,20000000,42581520.0,11486480.0,17594000.0,4689920.0,0.7172413793103448,0.7157894736842105
756,1,290,81,209,25.64,95,26,69,25.58,4285832,1141920,2019808,519736,7,0,51,10,0,250422-080544_Run_891_Idx_75108,2230,0,5e-05,20000000,42858320.0,11419200.0,20198080.0,5197360.0,0.7206896551724138,0.7263157894736842
757,1,320,89,231,21.78,171,49,122,22.58,1264936,319312,1202552,305560,4,0,51,10,0,250422-141314_Run_1962_Idx_6234,4910,0,5e-05,20000000,12649360.0,3193120.0,12025520.0,3055600.0,0.721875,0.7134502923976608
758,1,320,89,231,25.3,304,80,224,27.0,434584,112840,1361920,358400,2,0,51,10,0,250422-120750_Run_1305_Idx_87202,3270,0,5e-05,20000000,4345840.0,1128400.0,13619200.0,3584000.0,0.721875,0.7368421052631579
759,1,160,43,117,23.79,38,10,28,21.53,4232544,1110744,1452464,364048,14,0,51,10,0,250422-140700_Run_1952_Idx_13114,4880,0,5e-05,20000000,42325440.0,11107440.0,14524640.0,3640480.0,0.73125,0.7368421052631579
760,1,160,43,117,24.12,38,10,28,25.58,3940792,1072400,1797872,479184,14,0,51,10,0,250422-104102_Run_1288_Idx_22272,3220,0,5e-05,20000000,39407920.0,10724000.0,17978720.0,4791840.0,0.73125,0.7368421052631579
761,1,320,106,214,20.76,304,103,201,21.94,304112,88144,931864,278992,2,0,51,10,0,250422-140143_Run_1769_Idx_14459,4430,0,5e-05,20000000,3041120.0,881440.0,9318640.0,2789920.0,0.66875,0.6611842105263158
762,1,290,85,205,25.66,95,25,70,27.0,4446472,1219552,2320888,610760,7,0,51,10,0,250422-064107_Run_339_Idx_31485,850,0,5e-05,20000000,44464720.0,12195520.0,23208880.0,6107600.0,0.7068965517241379,0.7368421052631579
763,1,320,90,230,24.85,304,95,209,23.32,432752,112848,1096936,286592,2,0,51,10,0,250422-112132_Run_1089_Idx_1544,2730,0,5e-05,20000000,4327520.0,1128480.0,10969360.0,2865920.0,0.71875,0.6875
764,1,320,89,231,24.72,171,56,115,22.63,1676504,439192,1408400,391200,4,0,51,10,0,250422-122602_Run_1178_Idx_23474,2950,0,5e-05,20000000,16765040.0,4391920.0,14084000.0,3912000.0,0.721875,0.672514619883041
765,1,160,43,117,25.51,38,10,28,27.0,4807864,1289168,2258416,594320,14,0,51,10,0,250422-091740_Run_976_Idx_46277,2440,0,5e-05,20000000,48078640.0,12891680.0,22584160.0,5943200.0,0.73125,0.7368421052631579
766,1,290,78,212,24.34,95,25,70,25.58,3891592,1058056,1848216,492592,7,0,51,10,0,250422-140352_Run_1875_Idx_67176,4690,0,5e-05,20000000,38915920.0,10580560.0,18482160.0,4925920.0,0.7310344827586207,0.7368421052631579
767,1,320,80,240,26.42,171,63,108,23.72,1915904,478976,1595944,481480,4,0,51,10,0,250422-095840_Run_598_Idx_35030,1500,0,5e-05,20000000,19159040.0,4789760.0,15959440.0,4814800.0,0.75,0.631578947368421
768,1,320,80,240,26.6,304,80,224,27.0,487424,121856,1361920,358400,2,0,51,10,0,250422-074314_Run_1021_Idx_9346,2560,0,5e-05,20000000,4874240.0,1218560.0,13619200.0,3584000.0,0.75,0.7368421052631579
769,1,320,80,240,26.6,304,93,211,25.58,487424,121856,1253320,347136,2,0,51,10,0,250422-075707_Run_657_Idx_1042,1650,0,5e-05,20000000,4874240.0,1218560.0,12533200.0,3471360.0,0.75,0.694078947368421
770,1,320,102,218,22.69,304,102,202,21.84,367304,104088,920240,266176,2,0,51,10,0,250422-132625_Run_1561_Idx_7892,3910,0,5e-05,20000000,3673040.0,1040880.0,9202400.0,2661760.0,0.68125,0.6644736842105263
771,1,160,44,116,25.15,38,10,28,27.0,4336496,1172472,2258416,594320,14,0,51,10,0,250422-092547_Run_972_Idx_60379,2430,0,5e-05,20000000,43364960.0,11724720.0,22584160.0,5943200.0,0.725,0.7368421052631579
772,1,290,78,212,21.63,95,25,70,23.11,3155432,852616,1375544,374424,7,0,51,10,0,250422-131928_Run_1747_Idx_67176,4370,0,5e-05,20000000,31554320.0,8526160.0,13755440.0,3744240.0,0.7310344827586207,0.7368421052631579
773,1,320,92,228,24.94,304,80,224,27.0,442400,116192,1361920,358400,2,0,51,10,0,250422-064043_Run_1053_Idx_60777,2640,0,5e-05,20000000,4424000.0,1161920.0,13619200.0,3584000.0,0.7125,0.7368421052631579
774,1,320,80,240,26.6,304,80,224,27.0,487424,121856,1361920,358400,2,0,51,10,0,250422-061719_Run_9_Idx_29121,30,0,5e-05,20000000,4874240.0,1218560.0,13619200.0,3584000.0,0.75,0.7368421052631579
775,1,320,80,240,26.6,304,80,224,27.0,487424,121856,1361920,358400,2,0,51,10,0,250422-074810_Run_305_Idx_29121,770,0,5e-05,20000000,4874240.0,1218560.0,13619200.0,3584000.0,0.75,0.7368421052631579
776,1,160,43,117,21.74,38,10,28,21.42,3052424,776296,1452464,364048,14,0,51,10,0,250422-133051_Run_1680_Idx_13114,4200,0,5e-05,20000000,30524240.0,7762960.0,14524640.0,3640480.0,0.73125,0.7368421052631579
777,1,290,81,209,25.64,95,25,70,27.0,4302952,1141920,2320888,610760,7,0,51,10,0,250422-100915_Run_831_Idx_52312,2080,0,5e-05,20000000,43029520.0,11419200.0,23208880.0,6107600.0,0.7206896551724138,0.7368421052631579
778,1,320,94,226,25.15,171,66,105,22.02,1794592,473632,1360808,371984,4,0,51,10,0,250422-100127_Run_478_Idx_52464,1200,0,5e-05,20000000,17945920.0,4736320.0,13608080.0,3719840.0,0.70625,0.6140350877192983
779,1,160,44,116,26.48,38,10,28,27.0,5195968,1387800,2258416,594320,14,0,51,10,0,250422-061710_Run_48_Idx_78589,120,0,5e-05,20000000,51959680.0,13878000.0,22584160.0,5943200.0,0.725,0.7368421052631579
780,1,160,43,117,26.27,38,10,28,25.58,4998152,1326752,1797872,479184,14,0,51,10,0,250422-082235_Run_764_Idx_82007,1910,0,5e-05,20000000,49981520.0,13267520.0,17978720.0,4791840.0,0.73125,0.7368421052631579
781,1,320,80,240,26.5,304,94,210,23.98,479744,119936,1123000,290800,2,0,51,10,0,250422-122831_Run_1413_Idx_31863,3540,0,5e-05,20000000,4797440.0,1199360.0,11230000.0,2908000.0,0.75,0.6907894736842105
782,1,290,78,212,24.84,95,26,69,23.87,3874952,1053896,1606752,442728,7,0,51,10,0,250422-103734_Run_1467_Idx_82624,3670,0,5e-05,20000000,38749520.0,10538960.0,16067520.0,4427280.0,0.7310344827586207,0.7263157894736842
783,1,320,80,240,26.65,304,80,224,27.0,494080,123520,1361920,358400,2,0,51,10,0,250422-063004_Run_29_Idx_78175,80,0,5e-05,20000000,4940800.0,1235200.0,13619200.0,3584000.0,0.75,0.7368421052631579
784,1,290,78,212,26.59,95,25,70,27.0,4720392,1265256,2320888,610760,7,0,51,10,0,250422-101923_Run_587_Idx_42567,1470,0,5e-05,20000000,47203920.0,12652560.0,23208880.0,6107600.0,0.7310344827586207,0.7368421052631579
785,1,160,43,117,26.4,38,10,28,27.0,5316432,1387384,2258416,594320,14,0,51,10,0,250422-064838_Run_216_Idx_87442,540,0,5e-05,20000000,53164320.0,13873840.0,22584160.0,5943200.0,0.73125,0.7368421052631579
786,1,290,78,212,26.59,95,25,70,27.0,4720392,1265256,2320888,610760,7,0,51,10,0,250422-090055_Run_627_Idx_42567,1570,0,5e-05,20000000,47203920.0,12652560.0,23208880.0,6107600.0,0.7310344827586207,0.7368421052631579
787,1,160,43,117,19.34,38,10,28,22.84,2734904,770928,1797872,479184,14,0,51,10,0,250422-123024_Run_1412_Idx_1820,3530,0,5e-05,20000000,27349040.0,7709280.0,17978720.0,4791840.0,0.73125,0.7368421052631579
788,1,160,44,116,24.31,38,10,28,24.16,3695384,968000,1452464,364048,14,0,51,10,0,250422-095220_Run_840_Idx_80582,2100,0,5e-05,20000000,36953840.0,9680000.0,14524640.0,3640480.0,0.725,0.7368421052631579
789,1,160,43,117,23.12,38,10,28,19.95,3338656,877672,79728,20864,14,0,51,10,0,250422-134548_Run_1884_Idx_60828,4710,0,5e-05,20000000,33386560.0,8776720.0,797280.0,208640.0,0.73125,0.7368421052631579
790,1,290,78,212,22.54,95,26,69,23.21,3213832,854376,1657504,429160,7,0,51,10,0,250422-104005_Run_1407_Idx_17819,3520,0,5e-05,20000000,32138320.0,8543760.0,16575040.0,4291600.0,0.7310344827586207,0.7263157894736842
791,1,290,86,204,25.38,95,25,70,27.0,4343752,1186120,2320888,610760,7,0,51,10,0,250422-072804_Run_315_Idx_46849,790,0,5e-05,20000000,43437520.0,11861200.0,23208880.0,6107600.0,0.7034482758620689,0.7368421052631579
792,1,160,45,115,24.06,38,10,28,21.42,4529400,1172680,1452464,364048,14,0,51,10,0,250422-103238_Run_700_Idx_82663,1750,0,5e-05,20000000,45294000.0,11726800.0,14524640.0,3640480.0,0.71875,0.7368421052631579
793,1,290,107,183,6.99,95,59,36,1.45,861352,242608,83904,51936,7,0,51,10,0,250422-071214_Run_799_Idx_70254,2000,0,5e-05,20000000,8613520.0,2426080.0,839040.0,519360.0,0.6310344827586207,0.37894736842105264
794,1,320,80,240,26.41,171,51,120,25.58,1880192,470048,1655912,455240,4,0,51,10,0,250422-094836_Run_842_Idx_68761,2110,0,5e-05,20000000,18801920.0,4700480.0,16559120.0,4552400.0,0.75,0.7017543859649122
795,1,160,43,117,26.45,38,10,28,27.0,5078216,1346768,2258416,594320,14,0,51,10,0,250422-074203_Run_308_Idx_13114,770,0,5e-05,20000000,50782160.0,13467680.0,22584160.0,5943200.0,0.73125,0.7368421052631579
796,1,160,43,117,25.33,38,10,28,24.26,4647896,1249176,1797872,479184,14,0,51,10,0,250422-111115_Run_1272_Idx_22272,3180,0,5e-05,20000000,46478960.0,12491760.0,17978720.0,4791840.0,0.73125,0.7368421052631579
797,1,320,80,240,26.6,304,80,224,27.0,487424,121856,1361920,358400,2,0,51,10,0,250422-131514_Run_1537_Idx_9346,3850,0,5e-05,20000000,4874240.0,1218560.0,13619200.0,3584000.0,0.75,0.7368421052631579
798,1,320,95,225,24.23,171,48,123,25.58,1516032,396000,1735024,450896,4,0,51,10,0,250422-104139_Run_1110_Idx_79337,2780,0,5e-05,20000000,15160320.0,3960000.0,17350240.0,4508960.0,0.703125,0.7192982456140351
799,1,320,117,203,19.74,304,116,188,20.67,313760,85632,918832,250352,2,0,51,10,0,250422-122849_Run_1117_Idx_65193,2800,0,5e-05,20000000,3137600.0,856320.0,9188320.0,2503520.0,0.634375,0.618421052631579
800,1,160,43,117,22.46,38,10,28,20.11,3901616,1033224,1337328,364048,14,0,51,10,0,250422-133618_Run_1812_Idx_87442,4530,0,5e-05,20000000,39016160.0,10332240.0,13373280.0,3640480.0,0.73125,0.7368421052631579
801,1,160,43,117,21.52,38,10,28,24.16,2678800,737120,1797872,479184,14,0,51,10,0,250422-111558_Run_1388_Idx_13114,3470,0,5e-05,20000000,26788000.0,7371200.0,17978720.0,4791840.0,0.73125,0.7368421052631579
802,1,320,80,240,26.65,304,80,224,27.0,494080,123520,1361920,358400,2,0,51,10,0,250422-090555_Run_149_Idx_24085,380,0,5e-05,20000000,4940800.0,1235200.0,13619200.0,3584000.0,0.75,0.7368421052631579
803,1,320,80,240,26.6,304,80,224,27.0,487424,121856,1361920,358400,2,0,51,10,0,250422-090519_Run_625_Idx_2588,1570,0,5e-05,20000000,4874240.0,1218560.0,13619200.0,3584000.0,0.75,0.7368421052631579
804,1,290,78,212,25.89,95,25,70,25.58,4370952,1143656,1966384,492592,7,0,51,10,0,250422-141428_Run_1975_Idx_54015,4940,0,5e-05,20000000,43709520.0,11436560.0,19663840.0,4925920.0,0.7310344827586207,0.7368421052631579
805,1,290,78,212,20.45,95,25,70,14.12,2830152,732776,75696,19920,7,0,51,10,0,250422-143037_Run_1999_Idx_54015,5000,0,5e-05,20000000,28301520.0,7327760.0,756960.0,199200.0,0.7310344827586207,0.7368421052631579
806,1,290,79,211,26.21,95,25,70,27.0,4514952,1214704,2320888,610760,7,0,51,10,0,250422-074516_Run_663_Idx_87244,1660,0,5e-05,20000000,45149520.0,12147040.0,23208880.0,6107600.0,0.7275862068965517,0.7368421052631579
807,1,160,43,117,24.5,38,10,28,24.16,3676568,1006344,1797872,479184,14,0,51,10,0,250422-123828_Run_1676_Idx_1820,4190,0,5e-05,20000000,36765680.0,10063440.0,17978720.0,4791840.0,0.73125,0.7368421052631579
808,1,290,78,212,26.36,95,25,70,27.0,4747592,1246376,2320888,610760,7,0,51,10,0,250422-101241_Run_115_Idx_3654,290,0,5e-05,20000000,47475920.0,12463760.0,23208880.0,6107600.0,0.7310344827586207,0.7368421052631579
809,1,320,80,240,26.6,304,93,211,25.58,487424,121856,1253320,347136,2,0,51,10,0,250422-083024_Run_641_Idx_1042,1610,0,5e-05,20000000,4874240.0,1218560.0,12533200.0,3471360.0,0.75,0.694078947368421
810,1,290,78,212,21.8,95,26,69,23.11,2665992,717416,1547136,401568,7,0,51,10,0,250422-124444_Run_1703_Idx_17819,4260,0,5e-05,20000000,26659920.0,7174160.0,15471360.0,4015680.0,0.7310344827586207,0.7263157894736842
811,1,320,80,240,26.54,171,45,126,27.0,1942144,485536,1975848,519960,4,0,51,10,0,250422-093433_Run_374_Idx_40035,940,0,5e-05,20000000,19421440.0,4855360.0,19758480.0,5199600.0,0.75,0.7368421052631579
812,1,290,78,212,20.83,95,26,69,23.59,2659432,728616,1603232,441848,7,0,51,10,0,250422-124818_Run_1671_Idx_82624,4180,0,5e-05,20000000,26594320.0,7286160.0,16032320.0,4418480.0,0.7310344827586207,0.7263157894736842
813,1,290,78,212,24.07,95,25,70,27.0,3823112,1023816,2320888,610760,7,0,51,10,0,250422-115415_Run_1311_Idx_54015,3280,0,5e-05,20000000,38231120.0,10238160.0,23208880.0,6107600.0,0.7310344827586207,0.7368421052631579
814,1,320,94,226,23.04,171,51,120,22.44,1438624,370560,1240280,327664,4,0,51,10,0,250422-121836_Run_1478_Idx_4771,3700,0,5e-05,20000000,14386240.0,3705600.0,12402800.0,3276640.0,0.70625,0.7017543859649122
815,1,320,93,227,24.53,171,49,122,24.96,1550112,409984,1604336,437184,4,0,51,10,0,250422-121517_Run_1242_Idx_88171,3110,0,5e-05,20000000,15501120.0,4099840.0,16043360.0,4371840.0,0.709375,0.7134502923976608
816,1,320,96,224,23.34,304,88,216,25.16,368912,100488,1188160,324736,2,0,51,10,0,250422-124636_Run_1581_Idx_74492,3960,0,5e-05,20000000,3689120.0,1004880.0,11881600.0,3247360.0,0.7,0.7105263157894737
817,1,320,105,215,23.91,304,94,210,25.58,419888,115416,1275040,351616,2,0,51,10,0,250422-094538_Run_605_Idx_88418,1520,0,5e-05,20000000,4198880.0,1154160.0,12750400.0,3516160.0,0.671875,0.6907894736842105
818,1,160,43,117,26.4,38,10,28,27.0,5078216,1346768,2258416,594320,14,0,51,10,0,250422-093931_Run_252_Idx_13114,630,0,5e-05,20000000,50782160.0,13467680.0,22584160.0,5943200.0,0.73125,0.7368421052631579
819,1,160,43,117,23.34,38,10,28,24.16,3860504,1052328,1337328,364048,14,0,51,10,0,250422-105805_Run_1220_Idx_87442,3050,0,5e-05,20000000,38605040.0,10523280.0,13373280.0,3640480.0,0.73125,0.7368421052631579
820,1,160,43,117,24.23,38,10,28,22.79,4097496,1111576,1797872,479184,14,0,51,10,0,250422-111315_Run_1212_Idx_87442,3030,0,5e-05,20000000,40974960.0,11115760.0,17978720.0,4791840.0,0.73125,0.7368421052631579
821,1,290,78,212,22.14,95,25,70,20.63,2967592,779976,1021040,256256,7,0,51,10,0,250422-135105_Run_1835_Idx_46758,4590,0,5e-05,20000000,29675920.0,7799760.0,10210400.0,2562560.0,0.7310344827586207,0.7368421052631579
822,1,290,86,204,23.49,95,28,67,25.32,3720872,1026120,2180864,601160,7,0,51,10,0,250422-102419_Run_823_Idx_41500,2060,0,5e-05,20000000,37208720.0,10261200.0,21808640.0,6011600.0,0.7034482758620689,0.7052631578947368
823,1,160,50,110,24.91,38,14,24,22.74,4922224,1357584,1740304,486640,14,0,51,10,0,250422-084144_Run_160_Idx_79924,400,0,5e-05,20000000,49222240.0,13575840.0,17403040.0,4866400.0,0.6875,0.631578947368421
824,1,320,106,214,20.57,304,98,206,21.58,344536,88200,944896,243560,2,0,51,10,0,250422-142922_Run_1981_Idx_32640,4960,0,5e-05,20000000,3445360.0,882000.0,9448960.0,2435600.0,0.66875,0.6776315789473685
825,1,320,91,229,25.21,171,45,126,27.0,1664488,436016,1975848,519960,4,0,51,10,0,250422-094318_Run_726_Idx_91050,1820,0,5e-05,20000000,16644880.0,4360160.0,19758480.0,5199600.0,0.715625,0.7368421052631579
826,1,320,90,230,24.7,304,80,224,27.0,429536,112848,1361920,358400,2,0,51,10,0,250422-125847_Run_1545_Idx_3348,3870,0,5e-05,20000000,4295360.0,1128480.0,13619200.0,3584000.0,0.71875,0.7368421052631579
827,1,320,80,240,26.42,171,49,122,24.85,1915904,478976,1708328,455376,4,0,51,10,0,250422-111754_Run_1150_Idx_48654,2880,0,5e-05,20000000,19159040.0,4789760.0,17083280.0,4553760.0,0.75,0.7134502923976608
828,1,320,80,240,26.65,304,80,224,27.0,494080,123520,1361920,358400,2,0,51,10,0,250422-081140_Run_769_Idx_71618,1930,0,5e-05,20000000,4940800.0,1235200.0,13619200.0,3584000.0,0.75,0.7368421052631579
829,1,290,78,212,23.6,95,25,70,27.0,3823592,1019656,2320888,610760,7,0,51,10,0,250422-131227_Run_1659_Idx_46758,4150,0,5e-05,20000000,38235920.0,10196560.0,23208880.0,6107600.0,0.7310344827586207,0.7368421052631579
830,1,320,89,231,23.98,171,50,121,23.54,1347008,343864,1398896,380104,4,0,51,10,0,250422-124225_Run_1674_Idx_49404,4190,0,5e-05,20000000,13470080.0,3438640.0,13988960.0,3801040.0,0.721875,0.7076023391812866
831,1,320,80,240,26.5,171,50,121,24.99,1942144,485536,1533912,414376,4,0,51,10,0,250422-071025_Run_562_Idx_26197,1410,0,5e-05,20000000,19421440.0,4855360.0,15339120.0,4143760.0,0.75,0.7076023391812866
832,1,320,80,240,25.41,171,58,113,17.79,1880192,470048,630784,207568,4,0,51,10,0,250422-143010_Run_1998_Idx_6234,5000,0,5e-05,20000000,18801920.0,4700480.0,6307840.0,2075680.0,0.75,0.6608187134502924
833,1,160,43,117,20.88,38,10,28,18.68,2835504,776296,1337328,364048,14,0,51,10,0,250422-122236_Run_1120_Idx_27734,2800,0,5e-05,20000000,28355040.0,7762960.0,13373280.0,3640480.0,0.73125,0.7368421052631579
834,1,290,78,212,17.13,95,27,68,12.97,2521992,681416,372720,128544,7,0,51,10,0,250422-130347_Run_1603_Idx_65032,4010,0,5e-05,20000000,25219920.0,6814160.0,3727200.0,1285440.0,0.7310344827586207,0.7157894736842105
835,1,160,43,117,16.84,38,10,28,16.0,2463784,658760,540272,136000,14,0,51,10,0,250422-131150_Run_1720_Idx_82007,4300,0,5e-05,20000000,24637840.0,6587600.0,5402720.0,1360000.0,0.73125,0.7368421052631579
836,1,320,80,240,26.42,171,55,116,23.28,1915904,478976,1280712,364776,4,0,51,10,0,250422-083001_Run_998_Idx_35853,2500,0,5e-05,20000000,19159040.0,4789760.0,12807120.0,3647760.0,0.75,0.6783625730994152
837,1,320,80,240,26.65,304,80,224,27.0,494080,123520,1361920,358400,2,0,51,10,0,250422-065444_Run_213_Idx_24085,540,0,5e-05,20000000,4940800.0,1235200.0,13619200.0,3584000.0,0.75,0.7368421052631579
838,1,160,43,117,17.37,38,10,28,18.79,2916408,777128,1337328,364048,14,0,51,10,0,250422-123403_Run_1648_Idx_87442,4120,0,5e-05,20000000,29164080.0,7771280.0,13373280.0,3640480.0,0.73125,0.7368421052631579
839,1,320,87,233,25.06,171,45,126,27.0,1528016,394280,1975848,519960,4,0,51,10,0,250422-115057_Run_1430_Idx_41603,3580,0,5e-05,20000000,15280160.0,3942800.0,19758480.0,5199600.0,0.728125,0.7368421052631579
840,1,320,80,240,26.5,304,80,224,27.0,479744,119936,1361920,358400,2,0,51,10,0,250422-062803_Run_69_Idx_33396,180,0,5e-05,20000000,4797440.0,1199360.0,13619200.0,3584000.0,0.75,0.7368421052631579
841,1,320,91,229,23.18,171,49,122,25.58,1346536,356096,1568840,428088,4,0,51,10,0,250422-105908_Run_1338_Idx_53374,3350,0,5e-05,20000000,13465360.0,3560960.0,15688400.0,4280880.0,0.715625,0.7134502923976608
842,1,290,77,213,20.09,95,26,69,21.32,2778792,731968,1186656,311448,7,0,51,10,0,250422-134032_Run_1871_Idx_54015,4680,0,5e-05,20000000,27787920.0,7319680.0,11866560.0,3114480.0,0.7344827586206897,0.7263157894736842
843,1,160,43,117,19.86,38,10,28,24.16,3168240,795456,1913008,479184,14,0,51,10,0,250422-114305_Run_1316_Idx_82007,3290,0,5e-05,20000000,31682400.0,7954560.0,19130080.0,4791840.0,0.73125,0.7368421052631579
844,1,320,97,223,23.61,304,94,210,25.22,397376,106864,1257664,347272,2,0,51,10,0,250422-115353_Run_1133_Idx_29406,2840,0,5e-05,20000000,3973760.0,1068640.0,12576640.0,3472720.0,0.696875,0.6907894736842105
845,1,320,80,240,26.5,171,45,126,27.0,1915904,478976,1975848,519960,4,0,51,10,0,250422-075357_Run_302_Idx_51250,760,0,5e-05,20000000,19159040.0,4789760.0,19758480.0,5199600.0,0.75,0.7368421052631579
846,1,320,103,217,19.92,171,55,116,21.8,1205584,344808,1381336,399568,4,0,51,10,0,250422-120922_Run_1482_Idx_28541,3710,0,5e-05,20000000,12055840.0,3448080.0,13813360.0,3995680.0,0.678125,0.6783625730994152
847,1,320,80,240,26.65,304,80,224,27.0,494080,123520,1361920,358400,2,0,51,10,0,250422-094432_Run_369_Idx_78175,930,0,5e-05,20000000,4940800.0,1235200.0,13619200.0,3584000.0,0.75,0.7368421052631579
848,1,320,107,213,22.64,304,92,212,24.55,355792,101128,1153408,316592,2,0,51,10,0,250422-121659_Run_1301_Idx_89655,3260,0,5e-05,20000000,3557920.0,1011280.0,11534080.0,3165920.0,0.665625,0.6973684210526315
849,1,160,43,117,25.56,38,10,28,25.58,4697080,1261472,1797872,479184,14,0,51,10,0,250422-103000_Run_820_Idx_1820,2050,0,5e-05,20000000,46970800.0,12614720.0,17978720.0,4791840.0,0.73125,0.7368421052631579
850,1,320,99,221,22.66,171,57,114,23.21,1439496,385072,1276664,378488,4,0,51,10,0,250422-104654_Run_1226_Idx_87591,3070,0,5e-05,20000000,14394960.0,3850720.0,12766640.0,3784880.0,0.690625,0.6666666666666666
851,1,290,77,213,22.83,95,26,69,21.6,3412232,920288,1501728,416472,7,0,51,10,0,250422-112328_Run_1503_Idx_67176,3760,0,5e-05,20000000,34122320.0,9202880.0,15017280.0,4164720.0,0.7344827586206897,0.7263157894736842
852,1,320,80,240,26.65,304,80,224,27.0,494080,123520,1361920,358400,2,0,51,10,0,250422-080524_Run_177_Idx_24085,450,0,5e-05,20000000,4940800.0,1235200.0,13619200.0,3584000.0,0.75,0.7368421052631579
853,1,290,78,212,26.0,95,25,70,27.0,4426792,1179016,2320888,610760,7,0,51,10,0,250422-100704_Run_475_Idx_96012,1190,0,5e-05,20000000,44267920.0,11790160.0,23208880.0,6107600.0,0.7310344827586207,0.7368421052631579
854,1,160,43,117,26.5,38,10,28,27.0,5090776,1359896,2258416,594320,14,0,51,10,0,250422-061320_Run_76_Idx_1820,190,0,5e-05,20000000,50907760.0,13598960.0,22584160.0,5943200.0,0.73125,0.7368421052631579
855,1,160,43,117,26.61,38,10,28,27.0,5355000,1425952,2258416,594320,14,0,51,10,0,250422-084747_Run_396_Idx_60828,990,0,5e-05,20000000,53550000.0,14259520.0,22584160.0,5943200.0,0.73125,0.7368421052631579
856,1,320,80,240,26.6,304,95,209,25.58,487424,121856,1279384,356096,2,0,51,10,0,250422-101536_Run_233_Idx_59589,590,0,5e-05,20000000,4874240.0,1218560.0,12793840.0,3560960.0,0.75,0.6875
857,1,320,99,221,19.06,171,54,117,19.72,1058120,293432,888888,253960,4,0,51,10,0,250422-132939_Run_1742_Idx_4042,4360,0,5e-05,20000000,10581200.0,2934320.0,8888880.0,2539600.0,0.690625,0.6842105263157895
858,1,160,43,117,23.9,38,10,28,27.0,4460088,1163048,2258416,594320,14,0,51,10,0,250422-135716_Run_1832_Idx_1820,4580,0,5e-05,20000000,44600880.0,11630480.0,22584160.0,5943200.0,0.73125,0.7368421052631579
859,1,320,80,240,26.48,171,45,126,27.0,1915904,478976,1975848,519960,4,0,51,10,0,250422-065233_Run_690_Idx_33009,1730,0,5e-05,20000000,19159040.0,4789760.0,19758480.0,5199600.0,0.75,0.7368421052631579
860,1,290,78,212,23.77,95,25,70,19.95,3264424,854184,85232,22304,7,0,51,10,0,250422-134744_Run_1883_Idx_67176,4710,0,5e-05,20000000,32644240.0,8541840.0,852320.0,223040.0,0.7310344827586207,0.7368421052631579
861,1,290,78,212,26.45,95,25,70,27.0,4696232,1246376,2320888,610760,7,0,51,10,0,250422-085236_Run_155_Idx_3654,390,0,5e-05,20000000,46962320.0,12463760.0,23208880.0,6107600.0,0.7310344827586207,0.7368421052631579
862,1,290,78,212,23.83,95,27,68,23.89,3857352,1023816,1895568,496128,7,0,51,10,0,250422-103731_Run_1231_Idx_47120,3080,0,5e-05,20000000,38573520.0,10238160.0,18955680.0,4961280.0,0.7310344827586207,0.7157894736842105
863,1,320,92,228,20.3,171,50,121,22.07,1159736,303520,1195496,313240,4,0,51,10,0,250422-125940_Run_1726_Idx_70468,4320,0,5e-05,20000000,11597360.0,3035200.0,11954960.0,3132400.0,0.7125,0.7076023391812866
864,1,320,109,211,20.13,304,101,203,22.61,305720,86728,1044808,287408,2,0,51,10,0,250422-134245_Run_1793_Idx_28017,4490,0,5e-05,20000000,3057200.0,867280.0,10448080.0,2874080.0,0.659375,0.6677631578947368
865,1,320,107,213,23.49,304,93,211,25.33,407384,115232,1253320,347136,2,0,51,10,0,250422-102813_Run_821_Idx_9532,2060,0,5e-05,20000000,4073840.0,1152320.0,12533200.0,3471360.0,0.665625,0.694078947368421
866,1,320,80,240,26.21,171,53,118,25.58,1942144,485536,1699280,473296,4,0,51,10,0,250422-093625_Run_134_Idx_56405,340,0,5e-05,20000000,19421440.0,4855360.0,16992800.0,4732960.0,0.75,0.6900584795321637
867,1,160,43,117,23.99,38,10,28,21.32,4152480,1090728,991920,248912,14,0,51,10,0,250422-104751_Run_1344_Idx_82007,3360,0,5e-05,20000000,41524800.0,10907280.0,9919200.0,2489120.0,0.73125,0.7368421052631579
868,1,290,78,212,22.95,95,25,70,21.87,3298248,849800,1493712,374424,7,0,51,10,0,250422-111522_Run_1447_Idx_46758,3620,0,5e-05,20000000,32982480.0,8498000.0,14937120.0,3744240.0,0.7310344827586207,0.7368421052631579
869,1,320,93,227,24.04,171,52,119,24.16,1523752,391376,1704984,452328,4,0,51,10,0,250422-111421_Run_1330_Idx_43829,3330,0,5e-05,20000000,15237520.0,3913760.0,17049840.0,4523280.0,0.709375,0.695906432748538
870,1,160,44,116,23.68,38,10,28,24.16,4098528,1073368,1797872,479184,14,0,51,10,0,250422-101133_Run_948_Idx_60379,2370,0,5e-05,20000000,40985280.0,10733680.0,17978720.0,4791840.0,0.725,0.7368421052631579
871,1,320,80,240,26.6,304,95,209,25.58,487424,121856,1283728,356096,2,0,51,10,0,250422-065258_Run_333_Idx_59589,840,0,5e-05,20000000,4874240.0,1218560.0,12837280.0,3560960.0,0.75,0.6875
872,1,160,43,117,25.71,38,10,28,25.58,4486704,1189096,1797872,479184,14,0,51,10,0,250422-110626_Run_1156_Idx_27734,2890,0,5e-05,20000000,44867040.0,11890960.0,17978720.0,4791840.0,0.73125,0.7368421052631579
873,1,320,80,240,26.3,304,96,208,22.44,494080,123520,992680,269352,2,0,51,10,0,250422-123621_Run_1617_Idx_86256,4050,0,5e-05,20000000,4940800.0,1235200.0,9926800.0,2693520.0,0.75,0.6842105263157895
874,1,290,80,210,25.92,95,27,68,25.58,4371432,1175352,2156368,587584,7,0,51,10,0,250422-094639_Run_843_Idx_75108,2110,0,5e-05,20000000,43714320.0,11753520.0,21563680.0,5875840.0,0.7241379310344828,0.7157894736842105
875,1,160,43,117,24.85,38,10,28,25.58,4570872,1229920,1797872,479184,14,0,51,10,0,250422-114901_Run_1076_Idx_46277,2690,0,5e-05,20000000,45708720.0,12299200.0,17978720.0,4791840.0,0.73125,0.7368421052631579
876,1,160,43,117,18.29,38,10,28,14.47,2386080,639528,70832,18640,14,0,51,10,0,250422-133748_Run_1888_Idx_60828,4720,0,5e-05,20000000,23860800.0,6395280.0,708320.0,186400.0,0.73125,0.7368421052631579
877,1,320,91,229,24.62,171,50,121,24.63,1678608,442496,1480808,397592,4,0,51,10,0,250422-120026_Run_1130_Idx_27429,2830,0,5e-05,20000000,16786080.0,4424960.0,14808080.0,3975920.0,0.715625,0.7076023391812866
878,1,320,80,240,26.42,171,57,114,23.68,1915904,478976,1443264,395976,4,0,51,10,0,250422-065410_Run_1046_Idx_90709,2620,0,5e-05,20000000,19159040.0,4789760.0,14432640.0,3959760.0,0.75,0.6666666666666666
879,1,160,44,116,25.42,38,10,28,25.58,4548792,1190952,1913008,479184,14,0,51,10,0,250422-073342_Run_788_Idx_67097,1970,0,5e-05,20000000,45487920.0,11909520.0,19130080.0,4791840.0,0.725,0.7368421052631579
880,1,320,94,226,25.25,304,80,224,27.0,452048,119536,1361920,358400,2,0,51,10,0,250422-115615_Run_1369_Idx_79075,3430,0,5e-05,20000000,4520480.0,1195360.0,13619200.0,3584000.0,0.70625,0.7368421052631579
881,1,160,43,117,26.6,38,10,28,27.0,5078216,1346768,2258416,594320,14,0,51,10,0,250422-085844_Run_628_Idx_27734,1570,0,5e-05,20000000,50782160.0,13467680.0,22584160.0,5943200.0,0.73125,0.7368421052631579
882,1,290,78,212,26.59,95,25,70,27.0,4720392,1265256,2320888,610760,7,0,51,10,0,250422-074404_Run_307_Idx_91797,770,0,5e-05,20000000,47203920.0,12652560.0,23208880.0,6107600.0,0.7310344827586207,0.7368421052631579
883,1,290,83,207,25.16,95,28,67,25.29,4258152,1166576,2126592,587592,7,0,51,10,0,250422-080844_Run_651_Idx_59627,1630,0,5e-05,20000000,42581520.0,11665760.0,21265920.0,5875920.0,0.7137931034482758,0.7052631578947368
884,1,160,43,117,26.61,38,10,28,27.0,5355000,1425952,2258416,594320,14,0,51,10,0,250422-063151_Run_28_Idx_60828,70,0,5e-05,20000000,53550000.0,14259520.0,22584160.0,5943200.0,0.73125,0.7368421052631579
885,1,320,80,240,26.65,304,80,224,27.0,494080,123520,1361920,358400,2,0,51,10,0,250422-073341_Run_193_Idx_24085,490,0,5e-05,20000000,4940800.0,1235200.0,13619200.0,3584000.0,0.75,0.7368421052631579
886,1,290,90,200,24.82,95,28,67,25.58,4035592,1155112,2126592,587592,7,0,51,10,0,250422-102653_Run_583_Idx_75205,1460,0,5e-05,20000000,40355920.0,11551120.0,21265920.0,5875920.0,0.6896551724137931,0.7052631578947368
887,1,320,80,240,26.5,171,52,119,25.58,1942144,485536,1731728,477912,4,0,51,10,0,250422-101635_Run_470_Idx_57250,1180,0,5e-05,20000000,19421440.0,4855360.0,17317280.0,4779120.0,0.75,0.695906432748538
888,1,290,79,211,24.49,95,28,67,23.31,4035592,1077744,1890288,535080,7,0,51,10,0,250422-090246_Run_983_Idx_1978,2460,0,5e-05,20000000,40355920.0,10777440.0,18902880.0,5350800.0,0.7275862068965517,0.7052631578947368
889,1,290,78,212,24.0,95,26,69,22.45,3480712,921096,1291680,337704,7,0,51,10,0,250422-125201_Run_1639_Idx_43476,4100,0,5e-05,20000000,34807120.0,9210960.0,12916800.0,3377040.0,0.7310344827586207,0.7263157894736842
890,1,160,43,117,14.44,38,10,28,17.26,1812088,481024,1337328,364048,14,0,51,10,0,250422-120659_Run_1364_Idx_13114,3410,0,5e-05,20000000,18120880.0,4810240.0,13373280.0,3640480.0,0.73125,0.7368421052631579
891,1,160,43,117,22.96,38,10,28,21.53,4138608,1092472,1337328,364048,14,0,51,10,0,250422-124514_Run_1764_Idx_60828,4410,0,5e-05,20000000,41386080.0,10924720.0,13373280.0,3640480.0,0.73125,0.7368421052631579
892,1,160,43,117,26.61,38,10,28,27.0,5355000,1425952,2258416,594320,14,0,51,10,0,250422-061523_Run_36_Idx_60828,90,0,5e-05,20000000,53550000.0,14259520.0,22584160.0,5943200.0,0.73125,0.7368421052631579
893,1,320,80,240,26.65,304,80,224,27.0,494080,123520,1361920,358400,2,0,51,10,0,250422-092130_Run_737_Idx_71618,1850,0,5e-05,20000000,4940800.0,1235200.0,13619200.0,3584000.0,0.75,0.7368421052631579
894,1,160,43,117,24.88,38,10,28,25.63,4136552,1111352,1806768,481408,14,0,51,10,0,250422-105856_Run_1160_Idx_27734,2900,0,5e-05,20000000,41365520.0,11113520.0,18067680.0,4814080.0,0.73125,0.7368421052631579
895,1,320,118,202,22.61,304,111,193,24.16,402424,119520,1209880,358272,2,0,51,10,0,250422-102605_Run_465_Idx_50221,1170,0,5e-05,20000000,4024240.0,1195200.0,12098800.0,3582720.0,0.63125,0.6348684210526315
896,1,320,80,240,26.65,304,95,209,23.86,494080,123520,937496,270624,2,0,51,10,0,250422-114058_Run_1317_Idx_47997,3300,0,5e-05,20000000,4940800.0,1235200.0,9374960.0,2706240.0,0.75,0.6875
897,1,290,79,211,26.03,95,28,67,25.58,4422312,1195824,2180864,601160,7,0,51,10,0,250422-084227_Run_755_Idx_86480,1890,0,5e-05,20000000,44223120.0,11958240.0,21808640.0,6011600.0,0.7275862068965517,0.7052631578947368
898,1,290,79,211,23.73,95,26,69,22.84,3635688,990608,1505920,417520,7,0,51,10,0,250422-103430_Run_1351_Idx_48914,3380,0,5e-05,20000000,36356880.0,9906080.0,15059200.0,4175200.0,0.7275862068965517,0.7263157894736842
899,1,320,80,240,26.54,171,45,126,27.0,1942144,485536,1975848,519960,4,0,51,10,0,250422-062801_Run_30_Idx_40035,80,0,5e-05,20000000,19421440.0,4855360.0,19758480.0,5199600.0,0.75,0.7368421052631579
900,1,290,81,209,23.79,95,27,68,24.16,3710312,993760,1710016,456304,7,0,51,10,0,250422-121607_Run_1123_Idx_11969,2810,0,5e-05,20000000,37103120.0,9937600.0,17100160.0,4563040.0,0.7206896551724138,0.7157894736842105
901,1,320,88,232,20.71,171,54,117,19.17,1033128,266888,838840,235472,4,0,51,10,0,250422-140821_Run_1898_Idx_7129,4750,0,5e-05,20000000,10331280.0,2668880.0,8388400.0,2354720.0,0.725,0.6842105263157895
902,1,320,87,233,24.72,171,53,118,23.64,1562864,403208,1323648,367256,4,0,51,10,0,250422-111159_Run_1094_Idx_26582,2740,0,5e-05,20000000,15628640.0,4032080.0,13236480.0,3672560.0,0.728125,0.6900584795321637
903,1,320,80,240,26.5,171,54,117,25.58,1915904,478976,1875152,523256,4,0,51,10,0,250422-092726_Run_258_Idx_52105,650,0,5e-05,20000000,19159040.0,4789760.0,18751520.0,5232560.0,0.75,0.6842105263157895
904,1,290,78,212,23.06,95,27,68,20.35,3600552,972456,1577368,456304,7,0,51,10,0,250422-120355_Run_1247_Idx_65032,3120,0,5e-05,20000000,36005520.0,9724560.0,15773680.0,4563040.0,0.7310344827586207,0.7157894736842105
905,1,320,80,240,26.56,171,54,117,25.58,1942144,485536,1875152,523256,4,0,51,10,0,250422-100659_Run_118_Idx_93587,300,0,5e-05,20000000,19421440.0,4855360.0,18751520.0,5232560.0,0.75,0.6842105263157895
906,1,320,101,219,22.64,304,88,216,25.03,379912,103960,1188160,324736,2,0,51,10,0,250422-111951_Run_1505_Idx_9973,3770,0,5e-05,20000000,3799120.0,1039600.0,11881600.0,3247360.0,0.684375,0.7105263157894737
907,1,320,98,222,23.52,171,55,116,24.79,1494456,406216,1768816,496808,4,0,51,10,0,250422-071558_Run_678_Idx_75359,1700,0,5e-05,20000000,14944560.0,4062160.0,17688160.0,4968080.0,0.69375,0.6783625730994152
908,1,320,89,231,23.4,171,51,120,23.28,1581584,406416,1501184,389632,4,0,51,10,0,250422-104702_Run_1462_Idx_32363,3660,0,5e-05,20000000,15815840.0,4064160.0,15011840.0,3896320.0,0.721875,0.7017543859649122
909,1,290,79,211,26.08,95,25,70,25.58,4525032,1195824,1966384,492592,7,0,51,10,0,250422-123209_Run_1175_Idx_43476,2940,0,5e-05,20000000,45250320.0,11958240.0,19663840.0,4925920.0,0.7275862068965517,0.7368421052631579
910,1,320,80,240,26.56,171,45,126,27.0,1942144,485536,1975848,519960,4,0,51,10,0,250422-063326_Run_14_Idx_21514,40,0,5e-05,20000000,19421440.0,4855360.0,19758480.0,5199600.0,0.75,0.7368421052631579
911,1,160,45,115,25.44,38,11,27,24.32,5156408,1389504,1740304,481048,14,0,51,10,0,250422-083010_Run_404_Idx_42100,1010,0,5e-05,20000000,51564080.0,13895040.0,17403040.0,4810480.0,0.71875,0.7105263157894737
912,1,160,44,116,25.96,38,11,27,24.87,4959360,1328648,1740304,481048,14,0,51,10,0,250422-074541_Run_544_Idx_47958,1360,0,5e-05,20000000,49593600.0,13286480.0,17403040.0,4810480.0,0.725,0.7105263157894737
913,1,160,43,117,26.12,38,10,28,25.63,4967352,1329040,1806768,481408,14,0,51,10,0,250422-071643_Run_440_Idx_60828,1100,0,5e-05,20000000,49673520.0,13290400.0,18067680.0,4814080.0,0.73125,0.7368421052631579
914,1,320,92,228,23.83,171,49,122,23.2,1509224,398864,1456408,393408,4,0,51,10,0,250422-112157_Run_1326_Idx_82795,3320,0,5e-05,20000000,15092240.0,3988640.0,14564080.0,3934080.0,0.7125,0.7134502923976608
915,1,320,80,240,26.6,304,80,224,27.0,487424,121856,1361920,358400,2,0,51,10,0,250422-081150_Run_293_Idx_29121,740,0,5e-05,20000000,4874240.0,1218560.0,13619200.0,3584000.0,0.75,0.7368421052631579
916,1,290,85,205,24.0,95,28,67,25.01,3789352,1025312,2126592,587592,7,0,51,10,0,250422-100139_Run_835_Idx_2099,2090,0,5e-05,20000000,37893520.0,10253120.0,21265920.0,5875920.0,0.7068965517241379,0.7052631578947368
917,1,160,43,117,25.84,38,10,28,27.0,4894896,1281544,2258416,594320,14,0,51,10,0,250422-071620_Run_916_Idx_1820,2290,0,5e-05,20000000,48948960.0,12815440.0,22584160.0,5943200.0,0.73125,0.7368421052631579
918,1,320,80,240,26.5,171,45,126,27.0,1915904,478976,1975848,519960,4,0,51,10,0,250422-102109_Run_230_Idx_51250,580,0,5e-05,20000000,19159040.0,4789760.0,19758480.0,5199600.0,0.75,0.7368421052631579
919,1,320,91,229,25.15,304,80,224,27.0,429896,112600,1361920,358400,2,0,51,10,0,250422-101311_Run_829_Idx_33399,2080,0,5e-05,20000000,4298960.0,1126000.0,13619200.0,3584000.0,0.715625,0.7368421052631579
920,1,160,43,117,24.76,38,10,28,25.58,4323456,1123872,1913008,479184,14,0,51,10,0,250422-074007_Run_904_Idx_1820,2260,0,5e-05,20000000,43234560.0,11238720.0,19130080.0,4791840.0,0.73125,0.7368421052631579
921,1,290,82,208,25.52,95,28,67,24.44,4490792,1164008,1995704,522392,7,0,51,10,0,250422-093321_Run_731_Idx_98403,1830,0,5e-05,20000000,44907920.0,11640080.0,19957040.0,5223920.0,0.7172413793103448,0.7052631578947368
922,1,160,43,117,23.86,38,10,28,27.0,4097496,1111576,2258416,594320,14,0,51,10,0,250422-134238_Run_1824_Idx_22272,4560,0,5e-05,20000000,40974960.0,11115760.0,22584160.0,5943200.0,0.73125,0.7368421052631579
923,1,320,111,209,23.95,304,95,209,25.58,439408,123896,1283728,356096,2,0,51,10,0,250422-065919_Run_449_Idx_79491,1130,0,5e-05,20000000,4394080.0,1238960.0,12837280.0,3560960.0,0.653125,0.6875
924,1,320,92,228,24.93,171,45,126,27.0,1705160,448280,1975848,519960,4,0,51,10,0,250422-092510_Run_854_Idx_2378,2140,0,5e-05,20000000,17051600.0,4482800.0,19758480.0,5199600.0,0.7125,0.7368421052631579
925,1,320,95,225,25.21,171,69,102,21.63,1818112,481824,1429528,387424,4,0,51,10,0,250422-084603_Run_158_Idx_30616,400,0,5e-05,20000000,18181120.0,4818240.0,14295280.0,3874240.0,0.703125,0.5964912280701754
926,1,290,84,206,23.49,95,25,70,25.58,3658952,979064,1848216,492592,7,0,51,10,0,250422-070011_Run_1043_Idx_79075,2610,0,5e-05,20000000,36589520.0,9790640.0,18482160.0,4925920.0,0.7103448275862069,0.7368421052631579
927,1,320,91,229,24.43,304,100,204,24.16,437576,114520,1170784,326368,2,0,51,10,0,250422-101714_Run_945_Idx_88813,2370,0,5e-05,20000000,4375760.0,1145200.0,11707840.0,3263680.0,0.715625,0.6710526315789473
928,1,160,46,114,25.51,38,14,24,23.45,5178128,1332056,1797872,544208,14,0,51,10,0,250422-072002_Run_200_Idx_886,500,0,5e-05,20000000,51781280.0,13320560.0,17978720.0,5442080.0,0.7125,0.631578947368421
929,1,290,78,212,23.88,95,25,70,24.52,3806472,1002536,1848216,492592,7,0,51,10,0,250422-104507_Run_1463_Idx_46758,3660,0,5e-05,20000000,38064720.0,10025360.0,18482160.0,4925920.0,0.7310344827586207,0.7368421052631579
930,1,160,43,117,25.48,38,10,28,27.0,4528040,1209224,2258416,594320,14,0,51,10,0,250422-120101_Run_1308_Idx_82007,3270,0,5e-05,20000000,45280400.0,12092240.0,22584160.0,5943200.0,0.73125,0.7368421052631579
931,1,320,80,240,26.56,171,45,126,27.0,1942144,485536,1975848,519960,4,0,51,10,0,250422-080317_Run_178_Idx_21514,450,0,5e-05,20000000,19421440.0,4855360.0,19758480.0,5199600.0,0.75,0.7368421052631579
932,1,160,43,117,24.85,38,10,28,22.84,4389248,1149920,1452464,364048,14,0,51,10,0,250422-130629_Run_1692_Idx_13114,4230,0,5e-05,20000000,43892480.0,11499200.0,14524640.0,3640480.0,0.73125,0.7368421052631579
933,1,320,103,217,23.17,171,52,119,25.29,1486432,414440,1732616,477912,4,0,51,10,0,250422-102615_Run_822_Idx_92077,2060,0,5e-05,20000000,14864320.0,4144400.0,17326160.0,4779120.0,0.678125,0.695906432748538
934,1,320,80,240,26.6,304,91,213,25.58,487424,121856,1227256,338176,2,0,51,10,0,250422-080644_Run_1009_Idx_15888,2530,0,5e-05,20000000,4874240.0,1218560.0,12272560.0,3381760.0,0.75,0.7006578947368421
935,1,320,80,240,24.77,171,45,126,27.0,1484672,371168,1975848,519960,4,0,51,10,0,250422-115956_Run_1426_Idx_60744,3570,0,5e-05,20000000,14846720.0,3711680.0,19758480.0,5199600.0,0.75,0.7368421052631579
936,1,290,78,212,25.1,95,25,70,27.0,3658952,991336,2320888,610760,7,0,51,10,0,250422-142441_Run_1943_Idx_91797,4860,0,5e-05,20000000,36589520.0,9913360.0,23208880.0,6107600.0,0.7310344827586207,0.7368421052631579
937,1,160,43,117,26.48,38,10,28,27.0,5315824,1386776,2258416,594320,14,0,51,10,0,250422-080926_Run_532_Idx_22272,1330,0,5e-05,20000000,53158240.0,13867760.0,22584160.0,5943200.0,0.73125,0.7368421052631579
938,1,320,97,223,24.28,171,52,119,25.58,1557376,411104,1822576,496104,4,0,51,10,0,250422-073751_Run_786_Idx_23954,1970,0,5e-05,20000000,15573760.0,4111040.0,18225760.0,4961040.0,0.696875,0.695906432748538
939,1,290,78,212,26.18,95,25,70,25.63,4561960,1212808,1857752,494976,7,0,51,10,0,250422-100321_Run_359_Idx_67176,900,0,5e-05,20000000,45619600.0,12128080.0,18577520.0,4949760.0,0.7310344827586207,0.7368421052631579
940,1,290,81,209,25.89,95,28,67,25.58,4388072,1197440,2126592,587592,7,0,51,10,0,250422-074349_Run_783_Idx_43770,1960,0,5e-05,20000000,43880720.0,11974400.0,21265920.0,5875920.0,0.7206896551724138,0.7052631578947368
941,1,160,43,117,23.55,38,10,28,21.32,4216352,1131496,1337328,364048,14,0,51,10,0,250422-142313_Run_1904_Idx_46277,4760,0,5e-05,20000000,42163520.0,11314960.0,13373280.0,3640480.0,0.73125,0.7368421052631579
942,1,320,93,227,24.54,171,48,123,25.58,1551352,408664,1637672,441800,4,0,51,10,0,250422-121728_Run_1182_Idx_95140,2960,0,5e-05,20000000,15513520.0,4086640.0,16376720.0,4418000.0,0.709375,0.7192982456140351
943,1,320,105,215,22.28,304,95,209,23.66,371872,96176,1066528,282248,2,0,51,10,0,250422-104647_Run_1285_Idx_92874,3220,0,5e-05,20000000,3718720.0,961760.0,10665280.0,2822480.0,0.671875,0.6875
944,1,320,80,240,26.15,171,56,115,23.53,1915904,478976,1318552,382400,4,0,51,10,0,250422-073119_Run_670_Idx_61142,1680,0,5e-05,20000000,19159040.0,4789760.0,13185520.0,3824000.0,0.75,0.672514619883041
945,1,160,44,116,26.14,38,10,28,27.0,4998152,1328552,2258416,594320,14,0,51,10,0,250422-081805_Run_528_Idx_78589,1320,0,5e-05,20000000,49981520.0,13285520.0,22584160.0,5943200.0,0.725,0.7368421052631579
946,1,320,80,240,26.54,171,45,126,25.63,1942144,485536,1581384,421344,4,0,51,10,0,250422-091824_Run_382_Idx_40035,960,0,5e-05,20000000,19421440.0,4855360.0,15813840.0,4213440.0,0.75,0.7368421052631579
947,1,290,79,211,26.18,95,25,70,27.0,4680008,1213616,2320888,610760,7,0,51,10,0,250422-073427_Run_431_Idx_66629,1080,0,5e-05,20000000,46800080.0,12136160.0,23208880.0,6107600.0,0.7275862068965517,0.7368421052631579
948,1,320,86,234,24.3,171,55,116,20.64,1582736,405648,1046008,280976,4,0,51,10,0,250422-113235_Run_1438_Idx_4316,3600,0,5e-05,20000000,15827360.0,4056480.0,10460080.0,2809760.0,0.73125,0.6783625730994152
949,1,320,86,234,24.86,171,53,118,23.84,1617744,414616,1323192,367960,4,0,51,10,0,250422-104407_Run_1346_Idx_31695,3370,0,5e-05,20000000,16177440.0,4146160.0,13231920.0,3679600.0,0.73125,0.6900584795321637
950,1,320,110,210,22.64,304,96,208,24.78,371648,106088,1222912,338856,2,0,51,10,0,250422-075108_Run_1017_Idx_568,2550,0,5e-05,20000000,3716480.0,1060880.0,12229120.0,3388560.0,0.65625,0.6842105263157895
951,1,160,44,116,26.33,38,10,28,27.0,5039040,1348568,2258416,594320,14,0,51,10,0,250422-082245_Run_288_Idx_93324,720,0,5e-05,20000000,50390400.0,13485680.0,22584160.0,5943200.0,0.725,0.7368421052631579
952,1,290,78,212,20.97,95,25,70,24.21,2847272,784136,1848216,492592,7,0,51,10,0,250422-111557_Run_1507_Idx_67176,3770,0,5e-05,20000000,28472720.0,7841360.0,18482160.0,4925920.0,0.7310344827586207,0.7368421052631579
953,1,290,78,212,26.54,95,25,70,27.0,4713352,1263496,2320888,610760,7,0,51,10,0,250422-085513_Run_511_Idx_96012,1280,0,5e-05,20000000,47133520.0,12634960.0,23208880.0,6107600.0,0.7310344827586207,0.7368421052631579
954,1,320,80,240,26.65,304,80,224,27.0,494080,123520,1361920,358400,2,0,51,10,0,250422-074142_Run_189_Idx_24085,480,0,5e-05,20000000,4940800.0,1235200.0,13619200.0,3584000.0,0.75,0.7368421052631579
955,1,320,102,218,21.72,171,49,122,25.58,1182320,327456,1761312,464472,4,0,51,10,0,250422-103716_Run_1290_Idx_4124,3230,0,5e-05,20000000,11823200.0,3274560.0,17613120.0,4644720.0,0.68125,0.7134502923976608
956,1,320,88,232,22.8,171,53,118,20.2,1522600,389616,986152,263120,4,0,51,10,0,250422-124215_Run_1614_Idx_66978,4040,0,5e-05,20000000,15226000.0,3896160.0,9861520.0,2631200.0,0.725,0.6900584795321637
957,1,320,80,240,26.41,171,49,122,24.63,1880192,470048,1540024,402208,4,0,51,10,0,250422-122623_Run_1414_Idx_5723,3540,0,5e-05,20000000,18801920.0,4700480.0,15400240.0,4022080.0,0.75,0.7134502923976608
958,1,290,86,204,25.66,95,25,70,27.0,4497832,1237480,2320888,610760,7,0,51,10,0,250422-081606_Run_291_Idx_46849,730,0,5e-05,20000000,44978320.0,12374800.0,23208880.0,6107600.0,0.7034482758620689,0.7368421052631579
959,1,160,43,117,26.09,38,10,28,25.58,4684520,1248344,1797872,479184,14,0,51,10,0,250422-093156_Run_612_Idx_27734,1530,0,5e-05,20000000,46845200.0,12483440.0,17978720.0,4791840.0,0.73125,0.7368421052631579
960,1,320,85,235,21.55,171,48,123,24.39,1176952,297496,1531224,406120,4,0,51,10,0,250422-135840_Run_1862_Idx_91401,4660,0,5e-05,20000000,11769520.0,2974960.0,15312240.0,4061200.0,0.734375,0.7192982456140351
961,1,320,80,240,26.54,171,45,126,27.0,1942144,485536,1975848,519960,4,0,51,10,0,250422-092633_Run_378_Idx_40035,950,0,5e-05,20000000,19421440.0,4855360.0,19758480.0,5199600.0,0.75,0.7368421052631579
962,1,320,80,240,26.56,171,53,118,24.0,1942144,485536,1557808,403640,4,0,51,10,0,250422-093523_Run_730_Idx_91401,1830,0,5e-05,20000000,19421440.0,4855360.0,15578080.0,4036400.0,0.75,0.6900584795321637
963,1,320,112,208,21.7,304,104,200,22.09,378304,99840,979648,261752,2,0,51,10,0,250422-110843_Run_1333_Idx_24815,3340,0,5e-05,20000000,3783040.0,998400.0,9796480.0,2617520.0,0.65,0.6578947368421053
964,1,160,43,117,26.33,38,10,28,27.0,5078216,1346768,2258416,594320,14,0,51,10,0,250422-101724_Run_232_Idx_13114,580,0,5e-05,20000000,50782160.0,13467680.0,22584160.0,5943200.0,0.73125,0.7368421052631579
965,1,290,78,212,26.54,95,25,70,27.0,4764712,1263496,2320888,610760,7,0,51,10,0,250422-081123_Run_531_Idx_96012,1330,0,5e-05,20000000,47647120.0,12634960.0,23208880.0,6107600.0,0.7310344827586207,0.7368421052631579
966,1,320,96,224,23.18,304,80,224,27.0,392912,104880,1361920,358400,2,0,51,10,0,250422-131640_Run_1657_Idx_72648,4150,0,5e-05,20000000,3929120.0,1048800.0,13619200.0,3584000.0,0.7,0.7368421052631579
967,1,290,78,212,26.64,95,25,70,27.0,4781832,1280616,2320888,610760,7,0,51,10,0,250422-064653_Run_455_Idx_67176,1140,0,5e-05,20000000,47818320.0,12806160.0,23208880.0,6107600.0,0.7310344827586207,0.7368421052631579
968,1,320,80,240,26.65,304,80,224,27.0,494080,123520,1361920,358400,2,0,51,10,0,250422-062957_Run_81_Idx_71618,210,0,5e-05,20000000,4940800.0,1235200.0,13619200.0,3584000.0,0.75,0.7368421052631579
969,1,320,80,240,26.2,304,94,210,25.22,487424,121856,1257664,347272,2,0,51,10,0,250422-071019_Run_681_Idx_14466,1710,0,5e-05,20000000,4874240.0,1218560.0,12576640.0,3472720.0,0.75,0.6907894736842105
970,1,290,78,212,25.48,95,30,65,22.52,4395112,1145416,1841688,472536,7,0,51,10,0,250422-114216_Run_1079_Idx_13310,2700,0,5e-05,20000000,43951120.0,11454160.0,18416880.0,4725360.0,0.7310344827586207,0.6842105263157895
971,1,290,78,212,26.45,95,25,70,27.0,4747592,1246376,2320888,610760,7,0,51,10,0,250422-090011_Run_747_Idx_54015,1870,0,5e-05,20000000,47475920.0,12463760.0,23208880.0,6107600.0,0.7310344827586207,0.7368421052631579
972,1,290,78,212,26.45,95,25,70,27.0,4696232,1246376,2320888,610760,7,0,51,10,0,250422-094953_Run_127_Idx_3654,320,0,5e-05,20000000,46962320.0,12463760.0,23208880.0,6107600.0,0.7310344827586207,0.7368421052631579
973,1,320,97,223,23.08,171,58,113,22.3,1531712,404544,1222840,342240,4,0,51,10,0,250422-100016_Run_954_Idx_94166,2390,0,5e-05,20000000,15317120.0,4045440.0,12228400.0,3422400.0,0.696875,0.6608187134502924
974,1,290,78,212,25.81,95,25,70,27.0,4353832,1160776,2320888,610760,7,0,51,10,0,250422-132809_Run_1591_Idx_96012,3980,0,5e-05,20000000,43538320.0,11607760.0,23208880.0,6107600.0,0.7310344827586207,0.7368421052631579
975,1,320,94,226,25.19,171,45,126,27.0,1768512,467112,1975848,519960,4,0,51,10,0,250422-074432_Run_426_Idx_45443,1070,0,5e-05,20000000,17685120.0,4671120.0,19758480.0,5199600.0,0.70625,0.7368421052631579
976,1,320,80,240,26.65,304,80,224,27.0,494080,123520,1361920,358400,2,0,51,10,0,250422-071810_Run_201_Idx_24085,510,0,5e-05,20000000,4940800.0,1235200.0,13619200.0,3584000.0,0.75,0.7368421052631579
977,1,290,81,209,25.2,95,25,70,24.16,4395112,1164960,1493712,374424,7,0,51,10,0,250422-120005_Run_1071_Idx_18971,2680,0,5e-05,20000000,43951120.0,11649600.0,14937120.0,3744240.0,0.7206896551724138,0.7368421052631579
978,1,290,78,212,21.04,95,25,70,22.47,3018952,779976,1493712,374424,7,0,51,10,0,250422-141115_Run_1963_Idx_46758,4910,0,5e-05,20000000,30189520.0,7799760.0,14937120.0,3744240.0,0.7310344827586207,0.7368421052631579
979,1,290,79,211,26.31,95,25,70,27.0,4686376,1249168,2320888,610760,7,0,51,10,0,250422-101151_Run_591_Idx_87244,1480,0,5e-05,20000000,46863760.0,12491680.0,23208880.0,6107600.0,0.7275862068965517,0.7368421052631579
980,1,320,110,210,22.14,171,69,102,18.4,1483440,410568,1080664,324568,4,0,51,10,0,250422-105949_Run_1278_Idx_5953,3200,0,5e-05,20000000,14834400.0,4105680.0,10806640.0,3245680.0,0.65625,0.5964912280701754
981,1,290,79,211,26.45,95,25,70,27.0,4747592,1264304,2320888,610760,7,0,51,10,0,250422-071414_Run_203_Idx_43476,510,0,5e-05,20000000,47475920.0,12643040.0,23208880.0,6107600.0,0.7275862068965517,0.7368421052631579
982,1,160,43,117,20.13,38,10,28,16.58,3723872,934800,991920,248912,14,0,51,10,0,250422-112908_Run_1500_Idx_60828,3750,0,5e-05,20000000,37238720.0,9348000.0,9919200.0,2489120.0,0.73125,0.7368421052631579
983,1,160,43,117,23.78,38,10,28,24.26,4223096,1103800,1797872,479184,14,0,51,10,0,250422-104316_Run_1464_Idx_1820,3660,0,5e-05,20000000,42230960.0,11038000.0,17978720.0,4791840.0,0.73125,0.7368421052631579
984,1,320,95,225,23.76,304,80,224,27.0,412072,108400,1361920,358400,2,0,51,10,0,250422-134849_Run_1821_Idx_13639,4560,0,5e-05,20000000,4120720.0,1084000.0,13619200.0,3584000.0,0.703125,0.7368421052631579
985,1,160,43,117,22.74,38,10,28,22.74,3601856,953072,1452464,364048,14,0,51,10,0,250422-114708_Run_1136_Idx_27734,2840,0,5e-05,20000000,36018560.0,9530720.0,14524640.0,3640480.0,0.73125,0.7368421052631579
986,1,320,80,240,25.6,171,55,116,21.68,1942144,485536,1364896,368824,4,0,51,10,0,250422-070634_Run_802_Idx_5578,2010,0,5e-05,20000000,19421440.0,4855360.0,13648960.0,3688240.0,0.75,0.6783625730994152
987,1,320,94,226,25.15,304,80,224,27.0,444368,117616,1361920,358400,2,0,51,10,0,250422-073815_Run_905_Idx_31863,2270,0,5e-05,20000000,4443680.0,1176160.0,13619200.0,3584000.0,0.70625,0.7368421052631579
988,1,160,47,113,24.46,38,13,25,24.16,4510200,1254632,1855440,542344,14,0,51,10,0,250422-102020_Run_468_Idx_10566,1170,0,5e-05,20000000,45102000.0,12546320.0,18554400.0,5423440.0,0.70625,0.6578947368421053
989,1,160,44,116,23.51,38,10,28,22.74,3527672,935672,991920,248912,14,0,51,10,0,250422-093340_Run_968_Idx_60379,2420,0,5e-05,20000000,35276720.0,9356720.0,9919200.0,2489120.0,0.725,0.7368421052631579
990,1,290,78,212,21.95,95,25,70,24.16,2813032,749896,1375544,374424,7,0,51,10,0,250422-140217_Run_1799_Idx_3654,4500,0,5e-05,20000000,28130320.0,7498960.0,13755440.0,3744240.0,0.7310344827586207,0.7368421052631579
991,1,290,77,213,24.06,95,26,69,23.59,3532072,920288,1606752,416472,7,0,51,10,0,250422-123315_Run_1471_Idx_67176,3680,0,5e-05,20000000,35320720.0,9202880.0,16067520.0,4164720.0,0.7344827586206897,0.7263157894736842
992,1,320,80,240,26.56,171,45,126,27.0,1942144,485536,1975848,519960,4,0,51,10,0,250422-072947_Run_790_Idx_48165,1980,0,5e-05,20000000,19421440.0,4855360.0,19758480.0,5199600.0,0.75,0.7368421052631579
993,1,290,78,212,25.84,95,25,70,27.0,4336712,1143656,2320888,610760,7,0,51,10,0,250422-133008_Run_1711_Idx_54015,4280,0,5e-05,20000000,43367120.0,11436560.0,23208880.0,6107600.0,0.7310344827586207,0.7368421052631579
994,1,320,87,233,24.25,304,91,213,23.75,424936,109496,1027432,277360,2,0,51,10,0,250422-133637_Run_1873_Idx_47975,4690,0,5e-05,20000000,4249360.0,1094960.0,10274320.0,2773600.0,0.728125,0.7006578947368421
995,1,320,95,225,25.15,171,45,126,27.0,1713632,455704,1975848,519960,4,0,51,10,0,250422-073002_Run_314_Idx_94268,790,0,5e-05,20000000,17136320.0,4557040.0,19758480.0,5199600.0,0.703125,0.7368421052631579
996,1,320,94,226,25.15,304,80,224,27.0,444368,117616,1361920,358400,2,0,51,10,0,250422-102044_Run_825_Idx_31863,2070,0,5e-05,20000000,4443680.0,1176160.0,13619200.0,3584000.0,0.70625,0.7368421052631579
997,1,290,82,208,25.89,95,28,67,25.58,4439432,1215368,2179496,601160,7,0,51,10,0,250422-101440_Run_471_Idx_8489,1180,0,5e-05,20000000,44394320.0,12153680.0,21794960.0,6011600.0,0.7172413793103448,0.7052631578947368
998,1,290,88,202,23.82,95,29,66,24.22,3915752,1102136,2183472,602928,7,0,51,10,0,250422-071402_Run_679_Idx_95192,1700,0,5e-05,20000000,39157520.0,11021360.0,21834720.0,6029280.0,0.696551724137931,0.6947368421052632
999,1,290,78,212,24.75,95,25,70,23.11,3898632,1025576,1493712,374424,7,0,51,10,0,250422-130833_Run_1691_Idx_91797,4230,0,5e-05,20000000,38986320.0,10255760.0,14937120.0,3744240.0,0.7310344827586207,0.7368421052631579
1000,1,320,96,224,24.48,304,80,224,27.0,428288,114528,1361920,358400,2,0,51,10,0,250422-091913_Run_857_Idx_72648,2150,0,5e-05,20000000,4282880.0,1145280.0,13619200.0,3584000.0,0.7,0.7368421052631579
1001,1,160,44,116,26.33,38,10,28,27.0,5118944,1368544,2258416,594320,14,0,51,10,0,250422-062520_Run_96_Idx_60379,240,0,5e-05,20000000,51189440.0,13685440.0,22584160.0,5943200.0,0.725,0.7368421052631579
1002,1,160,43,117,20.32,38,10,28,19.0,3044352,838496,1346224,366272,14,0,51,10,0,250422-141753_Run_1920_Idx_87442,4800,0,5e-05,20000000,30443520.0,8384960.0,13462240.0,3662720.0,0.73125,0.7368421052631579
1003,1,320,80,240,26.6,304,80,224,27.0,487424,121856,1361920,358400,2,0,51,10,0,250422-093734_Run_253_Idx_29121,640,0,5e-05,20000000,4874240.0,1218560.0,13619200.0,3584000.0,0.75,0.7368421052631579
1004,1,320,88,232,25.06,171,45,126,27.0,1628912,422032,1975848,519960,4,0,51,10,0,250422-064851_Run_930_Idx_77904,2330,0,5e-05,20000000,16289120.0,4220320.0,19758480.0,5199600.0,0.725,0.7368421052631579
1005,1,320,80,240,26.65,304,80,224,27.0,494080,123520,1361920,358400,2,0,51,10,0,250422-073836_Run_429_Idx_78175,1080,0,5e-05,20000000,4940800.0,1235200.0,13619200.0,3584000.0,0.75,0.7368421052631579
1006,1,320,97,223,23.95,304,100,204,23.33,413456,111688,1058896,309256,2,0,51,10,0,250422-132321_Run_1533_Idx_70583,3840,0,5e-05,20000000,4134560.0,1116880.0,10588960.0,3092560.0,0.696875,0.6710526315789473
1007,1,160,43,117,25.5,38,10,28,27.0,4688400,1229920,2258416,594320,14,0,51,10,0,250422-121550_Run_1064_Idx_46277,2660,0,5e-05,20000000,46884000.0,12299200.0,22584160.0,5943200.0,0.73125,0.7368421052631579
1008,1,160,43,117,20.85,38,10,28,21.58,3075640,796912,1346224,366272,14,0,51,10,0,250422-105316_Run_1400_Idx_13114,3500,0,5e-05,20000000,30756400.0,7969120.0,13462240.0,3662720.0,0.73125,0.7368421052631579
1009,1,320,80,240,26.15,171,54,117,25.11,1915904,478976,1644360,465336,4,0,51,10,0,250422-073921_Run_666_Idx_98549,1670,0,5e-05,20000000,19159040.0,4789760.0,16443600.0,4653360.0,0.75,0.6842105263157895
1010,1,320,96,224,21.64,171,52,119,22.11,1309416,355200,1007552,288368,4,0,51,10,0,250422-133044_Run_1650_Idx_76054,4130,0,5e-05,20000000,13094160.0,3552000.0,10075520.0,2883680.0,0.7,0.695906432748538
1011,1,290,78,212,22.32,95,25,70,21.64,3385928,871720,1493712,374424,7,0,51,10,0,250422-132214_Run_1563_Idx_42567,3910,0,5e-05,20000000,33859280.0,8717200.0,14937120.0,3744240.0,0.7310344827586207,0.7368421052631579
1012,1,320,80,240,26.5,304,101,203,22.21,479744,119936,988336,261344,2,0,51,10,0,250422-112651_Run_1441_Idx_7534,3610,0,5e-05,20000000,4797440.0,1199360.0,9883360.0,2613440.0,0.75,0.6677631578947368
1013,1,320,100,220,24.22,304,96,208,25.05,402560,109960,1240288,347544,2,0,51,10,0,250422-082709_Run_881_Idx_90059,2210,0,5e-05,20000000,4025600.0,1099600.0,12402880.0,3475440.0,0.6875,0.6842105263157895
1014,1,320,80,240,26.3,304,93,211,25.58,494080,123520,1253320,347136,2,0,51,10,0,250422-082803_Run_405_Idx_85489,1020,0,5e-05,20000000,4940800.0,1235200.0,12533200.0,3471360.0,0.75,0.694078947368421
1015,1,160,43,117,26.44,38,10,28,27.0,5198296,1386776,2258416,594320,14,0,51,10,0,250422-094619_Run_368_Idx_60828,920,0,5e-05,20000000,51982960.0,13867760.0,22584160.0,5943200.0,0.73125,0.7368421052631579
1016,1,160,43,117,20.6,38,10,28,18.58,3149136,854704,1337328,364048,14,0,51,10,0,250422-142810_Run_1968_Idx_82007,4920,0,5e-05,20000000,31491360.0,8547040.0,13373280.0,3640480.0,0.73125,0.7368421052631579
1017,1,290,78,212,26.64,95,25,70,27.0,4781832,1280616,2320888,610760,7,0,51,10,0,250422-061720_Run_35_Idx_67176,90,0,5e-05,20000000,47818320.0,12806160.0,23208880.0,6107600.0,0.7310344827586207,0.7368421052631579
1018,1,320,80,240,26.65,304,95,209,25.58,494080,123520,1283728,356096,2,0,51,10,0,250422-083054_Run_165_Idx_92648,420,0,5e-05,20000000,4940800.0,1235200.0,12837280.0,3560960.0,0.75,0.6875
1019,1,290,78,212,23.03,95,25,70,24.16,3162472,837256,1375544,374424,7,0,51,10,0,250422-132712_Run_1531_Idx_10643,3830,0,5e-05,20000000,31624720.0,8372560.0,13755440.0,3744240.0,0.7310344827586207,0.7368421052631579
1020,1,290,78,212,24.28,95,25,70,27.0,3436392,905736,2320888,610760,7,0,51,10,0,250422-141649_Run_1947_Idx_91797,4870,0,5e-05,20000000,34363920.0,9057360.0,23208880.0,6107600.0,0.7310344827586207,0.7368421052631579
1021,1,320,80,240,26.42,171,45,126,27.0,1915904,478976,1975848,519960,4,0,51,10,0,250422-105651_Run_1102_Idx_54611,2760,0,5e-05,20000000,19159040.0,4789760.0,19758480.0,5199600.0,0.75,0.7368421052631579
1022,1,320,95,225,22.97,304,106,198,19.13,423328,111616,853672,222928,2,0,51,10,0,250422-125211_Run_1609_Idx_257,4030,0,5e-05,20000000,4233280.0,1116160.0,8536720.0,2229280.0,0.703125,0.6513157894736842
1023,1,320,80,240,26.38,171,50,121,25.58,1915904,478976,1653752,450760,4,0,51,10,0,250422-104914_Run_1106_Idx_26793,2770,0,5e-05,20000000,19159040.0,4789760.0,16537520.0,4507600.0,0.75,0.7076023391812866
1024,1,320,97,223,23.63,304,95,209,18.64,379912,98880,828896,222840,2,0,51,10,0,250422-105658_Run_1517_Idx_24314,3800,0,5e-05,20000000,3799120.0,988800.0,8288960.0,2228400.0,0.696875,0.6875
1025,1,320,104,216,18.81,304,101,203,20.95,278608,75208,936208,257000,2,0,51,10,0,250422-142622_Run_1969_Idx_73453,4930,0,5e-05,20000000,2786080.0,752080.0,9362080.0,2570000.0,0.675,0.6677631578947368
1026,1,290,78,212,23.72,95,25,70,21.62,3189672,852616,1021040,256256,7,0,51,10,0,250422-131606_Run_1627_Idx_3654,4070,0,5e-05,20000000,31896720.0,8526160.0,10210400.0,2562560.0,0.7310344827586207,0.7368421052631579
1027,1,160,43,117,25.92,38,10,28,27.0,5067456,1329024,2258416,594320,14,0,51,10,0,250422-090725_Run_624_Idx_27734,1560,0,5e-05,20000000,50674560.0,13290240.0,22584160.0,5943200.0,0.73125,0.7368421052631579
1028,1,320,101,219,23.52,304,93,211,24.96,384512,107120,1144720,316728,2,0,51,10,0,250422-125049_Run_1549_Idx_11988,3880,0,5e-05,20000000,3845120.0,1071200.0,11447200.0,3167280.0,0.684375,0.694078947368421
1029,1,290,78,212,25.66,95,25,70,27.0,4258152,1111176,2320888,610760,7,0,51,10,0,250422-113319_Run_1379_Idx_91797,3450,0,5e-05,20000000,42581520.0,11111760.0,23208880.0,6107600.0,0.7310344827586207,0.7368421052631579
1030,1,160,43,117,26.5,38,10,28,27.0,5277976,1406696,2258416,594320,14,0,51,10,0,250422-063316_Run_92_Idx_46277,230,0,5e-05,20000000,52779760.0,14066960.0,22584160.0,5943200.0,0.73125,0.7368421052631579
1031,1,320,92,228,21.23,171,55,116,18.81,1249160,322160,860896,232152,4,0,51,10,0,250422-125145_Run_1730_Idx_57086,4330,0,5e-05,20000000,12491600.0,3221600.0,8608960.0,2321520.0,0.7125,0.6783625730994152
1032,1,290,78,212,26.53,95,25,70,27.0,4720392,1265256,2320888,610760,7,0,51,10,0,250422-094129_Run_251_Idx_91797,630,0,5e-05,20000000,47203920.0,12652560.0,23208880.0,6107600.0,0.7310344827586207,0.7368421052631579
1033,1,160,43,117,18.74,38,10,28,11.79,2879168,797200,416240,133776,14,0,51,10,0,250422-115612_Run_1488_Idx_60828,3720,0,5e-05,20000000,28791680.0,7972000.0,4162400.0,1337760.0,0.73125,0.7368421052631579
1034,1,320,92,228,23.98,171,51,120,24.22,1498376,384464,1704096,451896,4,0,51,10,0,250422-110434_Run_1394_Idx_73459,3490,0,5e-05,20000000,14983760.0,3844640.0,17040960.0,4518960.0,0.7125,0.7017543859649122
1035,1,290,84,206,25.2,95,30,65,23.87,4377992,1184504,1841688,525048,7,0,51,10,0,250422-072918_Run_671_Idx_73015,1680,0,5e-05,20000000,43779920.0,11845040.0,18416880.0,5250480.0,0.7103448275862069,0.6842105263157895
1036,1,160,43,117,25.69,38,10,28,25.58,4964568,1328344,1797872,479184,14,0,51,10,0,250422-102627_Run_940_Idx_46277,2350,0,5e-05,20000000,49645680.0,13283440.0,17978720.0,4791840.0,0.73125,0.7368421052631579
1037,1,320,80,240,26.6,304,80,224,27.0,487424,121856,1361920,358400,2,0,51,10,0,250422-130654_Run_1541_Idx_9346,3860,0,5e-05,20000000,4874240.0,1218560.0,13619200.0,3584000.0,0.75,0.7368421052631579
1038,1,290,78,212,23.73,95,27,68,24.16,3292392,852616,1710016,456304,7,0,51,10,0,250422-122147_Run_1239_Idx_65032,3100,0,5e-05,20000000,32923920.0,8526160.0,17100160.0,4563040.0,0.7310344827586207,0.7157894736842105
1039,1,160,43,117,21.17,38,10,28,19.95,3253152,856296,991920,248912,14,0,51,10,0,250422-101859_Run_944_Idx_46277,2360,0,5e-05,20000000,32531520.0,8562960.0,9919200.0,2489120.0,0.73125,0.7368421052631579
1040,1,290,79,211,25.67,95,27,68,24.44,4422312,1178704,1789176,496128,7,0,51,10,0,250422-105231_Run_1223_Idx_68411,3060,0,5e-05,20000000,44223120.0,11787040.0,17891760.0,4961280.0,0.7275862068965517,0.7157894736842105
1041,1,320,80,240,26.1,171,52,119,25.58,1915904,478976,1659848,459720,4,0,51,10,0,250422-091107_Run_266_Idx_33182,670,0,5e-05,20000000,19159040.0,4789760.0,16598480.0,4597200.0,0.75,0.695906432748538
1042,1,290,78,212,26.25,95,25,70,27.0,4686152,1231016,2320888,610760,7,0,51,10,0,250422-105453_Run_1103_Idx_10643,2760,0,5e-05,20000000,46861520.0,12310160.0,23208880.0,6107600.0,0.7310344827586207,0.7368421052631579
1043,1,320,90,230,21.46,171,50,121,23.54,1330736,347904,1363104,371304,4,0,51,10,0,250422-131003_Run_1630_Idx_85701,4080,0,5e-05,20000000,13307360.0,3479040.0,13631040.0,3713040.0,0.71875,0.7076023391812866
1044,1,320,103,217,22.84,304,89,215,25.58,358784,97600,1231600,329216,2,0,51,10,0,250422-130210_Run_1573_Idx_17484,3940,0,5e-05,20000000,3587840.0,976000.0,12316000.0,3292160.0,0.678125,0.7072368421052632
1045,1,290,80,210,24.22,95,28,67,21.97,3830152,1027192,1762528,483448,7,0,51,10,0,250422-081032_Run_1007_Idx_13310,2520,0,5e-05,20000000,38301520.0,10271920.0,17625280.0,4834480.0,0.7241379310344828,0.7052631578947368
1046,1,320,94,226,23.38,304,93,211,22.4,415064,109888,953584,255912,2,0,51,10,0,250422-135353_Run_1773_Idx_39412,4440,0,5e-05,20000000,4150640.0,1098880.0,9535840.0,2559120.0,0.70625,0.694078947368421
1047,1,320,93,227,24.85,304,93,211,25.58,447224,117864,1253320,347136,2,0,51,10,0,250422-072538_Run_673_Idx_52476,1690,0,5e-05,20000000,4472240.0,1178640.0,12533200.0,3471360.0,0.709375,0.694078947368421
1048,1,290,78,212,24.95,95,25,70,27.0,3984232,1059816,2320888,610760,7,0,51,10,0,250422-123647_Run_1707_Idx_91797,4270,0,5e-05,20000000,39842320.0,10598160.0,23208880.0,6107600.0,0.7310344827586207,0.7368421052631579
1049,1,320,105,215,21.93,304,102,202,22.39,342704,88080,927520,239760,2,0,51,10,0,250422-133125_Run_1529_Idx_81315,3830,0,5e-05,20000000,3427040.0,880800.0,9275200.0,2397600.0,0.671875,0.6644736842105263
1050,1,320,80,240,26.65,304,80,224,27.0,494080,123520,1361920,358400,2,0,51,10,0,250422-090334_Run_389_Idx_78175,980,0,5e-05,20000000,4940800.0,1235200.0,13619200.0,3584000.0,0.75,0.7368421052631579
1051,1,320,80,240,26.48,171,45,126,27.0,1915904,478976,1975848,519960,4,0,51,10,0,250422-061312_Run_102_Idx_54611,260,0,5e-05,20000000,19159040.0,4789760.0,19758480.0,5199600.0,0.75,0.7368421052631579
1052,1,320,99,221,18.24,171,60,111,17.52,1069264,282664,991472,265056,4,0,51,10,0,250422-123804_Run_1646_Idx_4997,4120,0,5e-05,20000000,10692640.0,2826640.0,9914720.0,2650560.0,0.690625,0.6491228070175439
1053,1,290,79,211,26.45,95,25,70,27.0,4747592,1264304,2320888,610760,7,0,51,10,0,250422-063133_Run_15_Idx_43476,40,0,5e-05,20000000,47475920.0,12643040.0,23208880.0,6107600.0,0.7275862068965517,0.7368421052631579
1054,1,290,78,212,26.55,95,25,70,27.0,4764936,1263720,2320888,610760,7,0,51,10,0,250422-065039_Run_215_Idx_3654,540,0,5e-05,20000000,47649360.0,12637200.0,23208880.0,6107600.0,0.7310344827586207,0.7368421052631579
1055,1,290,78,212,26.64,95,25,70,27.0,4781832,1280616,2320888,610760,7,0,51,10,0,250422-074535_Run_187_Idx_3654,470,0,5e-05,20000000,47818320.0,12806160.0,23208880.0,6107600.0,0.7310344827586207,0.7368421052631579
1056,1,290,78,212,26.45,95,25,70,27.0,4764712,1263496,2320888,610760,7,0,51,10,0,250422-102621_Run_347_Idx_67176,870,0,5e-05,20000000,47647120.0,12634960.0,23208880.0,6107600.0,0.7310344827586207,0.7368421052631579
1057,1,320,91,229,22.06,171,56,115,18.74,1437680,374992,1011120,267672,4,0,51,10,0,250422-125007_Run_1610_Idx_55680,4030,0,5e-05,20000000,14376800.0,3749920.0,10111200.0,2676720.0,0.715625,0.672514619883041
1058,1,320,87,233,23.75,304,96,208,21.17,418280,107832,849328,230256,2,0,51,10,0,250422-140240_Run_1901_Idx_55872,4760,0,5e-05,20000000,4182800.0,1078320.0,8493280.0,2302560.0,0.728125,0.6842105263157895
1059,1,320,80,240,26.54,171,45,126,27.0,1942144,485536,1975848,519960,4,0,51,10,0,250422-090118_Run_390_Idx_40035,980,0,5e-05,20000000,19421440.0,4855360.0,19758480.0,5199600.0,0.75,0.7368421052631579
1060,1,320,94,226,25.19,171,45,126,27.0,1715488,454072,1975848,519960,4,0,51,10,0,250422-095744_Run_362_Idx_45443,910,0,5e-05,20000000,17154880.0,4540720.0,19758480.0,5199600.0,0.70625,0.7368421052631579
1061,1,290,78,212,23.34,95,25,70,24.16,3350792,888616,1493712,374424,7,0,51,10,0,250422-124646_Run_1551_Idx_10643,3880,0,5e-05,20000000,33507920.0,8886160.0,14937120.0,3744240.0,0.7310344827586207,0.7368421052631579
1062,1,160,43,117,26.27,38,10,28,25.58,5096576,1326752,1913008,479184,14,0,51,10,0,250422-092324_Run_736_Idx_82007,1840,0,5e-05,20000000,50965760.0,13267520.0,19130080.0,4791840.0,0.73125,0.7368421052631579
1063,1,290,78,212,23.7,95,26,69,25.58,3590472,957096,2023328,546872,7,0,51,10,0,250422-123853_Run_1555_Idx_20723,3890,0,5e-05,20000000,35904720.0,9570960.0,20233280.0,5468720.0,0.7310344827586207,0.7263157894736842
1064,1,320,104,216,22.03,304,111,193,19.97,357400,94504,836296,223608,2,0,51,10,0,250422-130403_Run_1633_Idx_8315,4090,0,5e-05,20000000,3574000.0,945040.0,8362960.0,2236080.0,0.675,0.6348684210526315
1065,1,320,80,240,26.48,171,45,126,27.0,1915904,478976,1975848,519960,4,0,51,10,0,250422-064437_Run_694_Idx_33009,1740,0,5e-05,20000000,19159040.0,4789760.0,19758480.0,5199600.0,0.75,0.7368421052631579
1066,1,320,80,240,26.48,171,50,121,24.52,1915904,478976,1521128,411032,4,0,51,10,0,250422-071728_Run_1034_Idx_26793,2590,0,5e-05,20000000,19159040.0,4789760.0,15211280.0,4110320.0,0.75,0.7076023391812866
1067,1,160,43,117,26.18,38,10,28,27.0,5041592,1347600,2258416,594320,14,0,51,10,0,250422-101648_Run_352_Idx_60828,880,0,5e-05,20000000,50415920.0,13476000.0,22584160.0,5943200.0,0.73125,0.7368421052631579
1068,1,290,78,212,26.59,95,25,70,27.0,4781832,1280616,2320888,610760,7,0,51,10,0,250422-073139_Run_551_Idx_96012,1380,0,5e-05,20000000,47818320.0,12806160.0,23208880.0,6107600.0,0.7310344827586207,0.7368421052631579
1069,1,320,92,228,24.82,171,52,119,25.58,1740872,457208,1659848,459720,4,0,51,10,0,250422-072337_Run_674_Idx_65337,1690,0,5e-05,20000000,17408720.0,4572080.0,16598480.0,4597200.0,0.7125,0.695906432748538
1070,1,320,90,230,21.47,171,51,120,23.54,1268880,331936,1557216,420264,4,0,51,10,0,250422-140236_Run_1814_Idx_66978,4540,0,5e-05,20000000,12688800.0,3319360.0,15572160.0,4202640.0,0.71875,0.7017543859649122
1071,1,160,43,117,24.46,38,10,28,24.21,3939920,1052400,1346224,366272,14,0,51,10,0,250422-132821_Run_1560_Idx_27734,3900,0,5e-05,20000000,39399200.0,10524000.0,13462240.0,3662720.0,0.73125,0.7368421052631579
1072,1,160,44,116,25.92,38,10,28,25.58,4762872,1249272,1913008,479184,14,0,51,10,0,250422-091548_Run_620_Idx_85404,1550,0,5e-05,20000000,47628720.0,12492720.0,19130080.0,4791840.0,0.725,0.7368421052631579
1073,1,320,101,219,23.18,304,102,202,22.43,376696,103960,975304,287544,2,0,51,10,0,250422-132018_Run_1625_Idx_54633,4070,0,5e-05,20000000,3766960.0,1039600.0,9753040.0,2875440.0,0.684375,0.6644736842105263
1074,1,320,80,240,26.65,304,108,196,22.93,494080,123520,1136032,292704,2,0,51,10,0,250422-100023_Run_717_Idx_76444,1800,0,5e-05,20000000,4940800.0,1235200.0,11360320.0,2927040.0,0.75,0.6447368421052632
1075,1,320,92,228,22.4,171,53,118,23.84,1458768,380256,1531928,430224,4,0,51,10,0,250422-115717_Run_1250_Idx_14641,3130,0,5e-05,20000000,14587680.0,3802560.0,15319280.0,4302240.0,0.7125,0.6900584795321637
1076,1,160,43,117,23.83,38,10,28,22.74,4623560,1169080,1913008,479184,14,0,51,10,0,250422-131957_Run_1716_Idx_82007,4290,0,5e-05,20000000,46235600.0,11690800.0,19130080.0,4791840.0,0.73125,0.7368421052631579
1077,1,320,92,228,24.51,304,90,214,25.58,442400,116192,1214224,333696,2,0,51,10,0,250422-115549_Run_1073_Idx_42679,2690,0,5e-05,20000000,4424000.0,1161920.0,12142240.0,3336960.0,0.7125,0.7039473684210527
1078,1,160,43,117,21.01,38,10,28,24.16,3034288,796368,1797872,479184,14,0,51,10,0,250422-141214_Run_1896_Idx_27734,4740,0,5e-05,20000000,30342880.0,7963680.0,17978720.0,4791840.0,0.73125,0.7368421052631579
1079,1,290,82,208,25.26,95,33,62,23.59,4370952,1146888,1944560,579344,7,0,51,10,0,250422-070257_Run_447_Idx_36113,1120,0,5e-05,20000000,43709520.0,11468880.0,19445600.0,5793440.0,0.7172413793103448,0.6526315789473685
1080,1,320,108,212,21.37,171,52,119,24.16,1268880,362248,1717240,465472,4,0,51,10,0,250422-114733_Run_1314_Idx_65365,3290,0,5e-05,20000000,12688800.0,3622480.0,17172400.0,4654720.0,0.6625,0.695906432748538
1081,1,320,91,229,25.08,171,52,119,25.27,1717352,449016,1768112,487008,4,0,51,10,0,250422-081042_Run_650_Idx_35030,1630,0,5e-05,20000000,17173520.0,4490160.0,17681120.0,4870080.0,0.715625,0.695906432748538
1082,1,320,80,240,26.6,304,80,224,27.0,487424,121856,1361920,358400,2,0,51,10,0,250422-092352_Run_973_Idx_9346,2440,0,5e-05,20000000,4874240.0,1218560.0,13619200.0,3584000.0,0.75,0.7368421052631579
1083,1,160,43,117,25.82,38,10,28,25.58,4540376,1222296,1797872,479184,14,0,51,10,0,250422-094448_Run_844_Idx_1820,2110,0,5e-05,20000000,45403760.0,12222960.0,17978720.0,4791840.0,0.73125,0.7368421052631579
1084,1,290,78,212,20.67,95,25,70,27.0,2744552,732776,2320888,610760,7,0,51,10,0,250422-142920_Run_1995_Idx_3654,4990,0,5e-05,20000000,27445520.0,7327760.0,23208880.0,6107600.0,0.7310344827586207,0.7368421052631579
1085,1,290,82,208,26.17,95,25,70,27.0,4644872,1266728,2320888,610760,7,0,51,10,0,250422-071047_Run_443_Idx_91252,1110,0,5e-05,20000000,46448720.0,12667280.0,23208880.0,6107600.0,0.7172413793103448,0.7368421052631579
1086,1,320,80,240,26.26,171,57,114,24.47,1942144,485536,1415616,407712,4,0,51,10,0,250422-074944_Run_542_Idx_99904,1360,0,5e-05,20000000,19421440.0,4855360.0,14156160.0,4077120.0,0.75,0.6666666666666666
1087,1,320,80,240,26.6,304,80,224,27.0,487424,121856,1361920,358400,2,0,51,10,0,250422-085556_Run_273_Idx_29121,690,0,5e-05,20000000,4874240.0,1218560.0,13619200.0,3584000.0,0.75,0.7368421052631579
1088,1,160,43,117,24.17,38,10,28,24.16,4076456,1052328,1452464,364048,14,0,51,10,0,250422-110628_Run_1512_Idx_60828,3780,0,5e-05,20000000,40764560.0,10523280.0,14524640.0,3640480.0,0.73125,0.7368421052631579
1089,1,320,90,230,25.25,304,80,224,27.0,432752,112848,1361920,358400,2,0,51,10,0,250422-073518_Run_1025_Idx_3348,2570,0,5e-05,20000000,4327520.0,1128480.0,13619200.0,3584000.0,0.71875,0.7368421052631579
1090,1,160,43,117,26.65,38,10,28,27.0,5355000,1425952,2258416,594320,14,0,51,10,0,250422-060857_Run_52_Idx_22272,130,0,5e-05,20000000,53550000.0,14259520.0,22584160.0,5943200.0,0.73125,0.7368421052631579
1091,1,160,43,117,25.42,38,10,28,27.0,4214632,1130872,2258416,594320,14,0,51,10,0,250422-093927_Run_728_Idx_82007,1820,0,5e-05,20000000,42146320.0,11308720.0,22584160.0,5943200.0,0.73125,0.7368421052631579
1092,1,320,88,232,19.63,171,49,122,18.93,936880,244032,1088120,305560,4,0,51,10,0,250422-140523_Run_1966_Idx_2378,4920,0,5e-05,20000000,9368800.0,2440320.0,10881200.0,3055600.0,0.725,0.7134502923976608
1093,1,320,96,224,24.76,304,80,224,27.0,442400,118056,1361920,358400,2,0,51,10,0,250422-080456_Run_653_Idx_46372,1640,0,5e-05,20000000,4424000.0,1180560.0,13619200.0,3584000.0,0.7,0.7368421052631579
1094,1,290,79,211,26.36,95,30,65,25.58,4730472,1247184,2202720,614744,7,0,51,10,0,250422-060900_Run_39_Idx_60040,100,0,5e-05,20000000,47304720.0,12471840.0,22027200.0,6147440.0,0.7275862068965517,0.6842105263157895
1095,1,160,43,117,25.01,38,11,27,25.58,4744384,1229104,2028144,538616,14,0,51,10,0,250422-065304_Run_452_Idx_37818,1130,0,5e-05,20000000,47443840.0,12291040.0,20281440.0,5386160.0,0.73125,0.7105263157894737
1096,1,320,80,240,26.2,304,96,208,24.6,487424,121856,1101280,312792,2,0,51,10,0,250422-113754_Run_1081_Idx_37248,2710,0,5e-05,20000000,4874240.0,1218560.0,11012800.0,3127920.0,0.75,0.6842105263157895
1097,1,290,78,212,24.47,95,25,70,27.0,3994312,1058056,2320888,610760,7,0,51,10,0,250422-112812_Run_1263_Idx_96012,3160,0,5e-05,20000000,39943120.0,10580560.0,23208880.0,6107600.0,0.7310344827586207,0.7368421052631579
1098,1,320,80,240,26.3,304,94,210,25.05,494080,123520,1162096,325552,2,0,51,10,0,250422-105621_Run_1221_Idx_14609,3060,0,5e-05,20000000,4940800.0,1235200.0,11620960.0,3255520.0,0.75,0.6907894736842105
1099,1,290,78,212,21.84,95,26,69,20.46,3155912,865576,1496384,415136,7,0,51,10,0,250422-142656_Run_1955_Idx_82624,4890,0,5e-05,20000000,31559120.0,8655760.0,14963840.0,4151360.0,0.7310344827586207,0.7263157894736842
1100,1,320,80,240,26.48,171,45,126,27.0,1942144,485536,1975848,519960,4,0,51,10,0,250422-102039_Run_350_Idx_40035,880,0,5e-05,20000000,19421440.0,4855360.0,19758480.0,5199600.0,0.75,0.7368421052631579
1101,1,320,80,240,26.6,304,93,211,25.58,487424,121856,1253320,347136,2,0,51,10,0,250422-093802_Run_609_Idx_1042,1530,0,5e-05,20000000,4874240.0,1218560.0,12533200.0,3471360.0,0.75,0.694078947368421
1102,1,320,95,225,22.21,171,48,123,25.58,1089520,284720,1735616,450896,4,0,51,10,0,250422-130006_Run_1574_Idx_35030,3940,0,5e-05,20000000,10895200.0,2847200.0,17356160.0,4508960.0,0.703125,0.7192982456140351
1103,1,160,43,117,25.47,38,10,28,25.58,4567608,1229104,1797872,479184,14,0,51,10,0,250422-122801_Run_1236_Idx_22272,3090,0,5e-05,20000000,45676080.0,12291040.0,17978720.0,4791840.0,0.73125,0.7368421052631579
1104,1,320,80,240,26.19,171,49,122,24.63,1942144,485536,1323784,366824,4,0,51,10,0,250422-124605_Run_1642_Idx_65674,4110,0,5e-05,20000000,19421440.0,4855360.0,13237840.0,3668240.0,0.75,0.7134502923976608
1105,1,290,78,212,26.59,95,25,70,27.0,4720392,1265256,2320888,610760,7,0,51,10,0,250422-070443_Run_327_Idx_91797,820,0,5e-05,20000000,47203920.0,12652560.0,23208880.0,6107600.0,0.7310344827586207,0.7368421052631579
1106,1,320,90,230,25.25,304,106,198,20.35,432752,112848,866704,235960,2,0,51,10,0,250422-131016_Run_1569_Idx_29524,3930,0,5e-05,20000000,4327520.0,1128480.0,8667040.0,2359600.0,0.71875,0.6513157894736842
1107,1,290,78,212,23.64,95,26,69,21.17,3321032,872616,1084000,285784,7,0,51,10,0,250422-131912_Run_1535_Idx_20723,3840,0,5e-05,20000000,33210320.0,8726160.0,10840000.0,2857840.0,0.7310344827586207,0.7263157894736842
1108,1,320,108,212,21.94,304,100,204,23.0,368792,107256,1036120,304648,2,0,51,10,0,250422-133253_Run_1649_Idx_33174,4130,0,5e-05,20000000,3687920.0,1072560.0,10361200.0,3046480.0,0.6625,0.6710526315789473
1109,1,320,103,217,21.77,304,91,213,22.88,359008,100872,915776,257048,2,0,51,10,0,250422-132818_Run_1621_Idx_48434,4060,0,5e-05,20000000,3590080.0,1008720.0,9157760.0,2570480.0,0.678125,0.7006578947368421
1110,1,160,43,117,22.39,38,10,28,24.16,3901616,1033224,1797872,479184,14,0,51,10,0,250422-130556_Run_1632_Idx_87442,4080,0,5e-05,20000000,39016160.0,10332240.0,17978720.0,4791840.0,0.73125,0.7368421052631579
1111,1,290,78,212,20.77,95,26,69,20.02,2859688,753000,564960,156024,7,0,51,10,0,250422-120027_Run_1367_Idx_17819,3420,0,5e-05,20000000,28596880.0,7530000.0,5649600.0,1560240.0,0.7310344827586207,0.7263157894736842
1112,1,160,43,117,25.33,38,10,28,27.0,4344496,1143944,2258416,594320,14,0,51,10,0,250422-064451_Run_932_Idx_1820,2330,0,5e-05,20000000,43444960.0,11439440.0,22584160.0,5943200.0,0.73125,0.7368421052631579
1113,1,320,85,235,23.41,171,49,122,21.65,1365528,344352,1023632,277976,4,0,51,10,0,250422-142105_Run_1958_Idx_27513,4900,0,5e-05,20000000,13655280.0,3443520.0,10236320.0,2779760.0,0.734375,0.7134502923976608
1114,1,320,86,234,25.12,171,56,115,23.53,1615856,414576,1597240,452760,4,0,51,10,0,250422-090457_Run_982_Idx_94378,2460,0,5e-05,20000000,16158560.0,4145760.0,15972400.0,4527600.0,0.73125,0.672514619883041
1115,1,320,80,240,26.52,171,45,126,27.0,1942144,485536,1975848,519960,4,0,51,10,0,250422-073631_Run_430_Idx_40035,1080,0,5e-05,20000000,19421440.0,4855360.0,19758480.0,5199600.0,0.75,0.7368421052631579
1116,1,160,43,117,24.02,38,10,28,27.0,4214632,1130872,2258416,594320,14,0,51,10,0,250422-115202_Run_1312_Idx_82007,3280,0,5e-05,20000000,42146320.0,11308720.0,22584160.0,5943200.0,0.73125,0.7368421052631579
1117,1,290,79,211,26.36,95,30,65,25.58,4679112,1247184,2202720,614744,7,0,51,10,0,250422-100503_Run_119_Idx_25336,300,0,5e-05,20000000,46791120.0,12471840.0,22027200.0,6147440.0,0.7275862068965517,0.6842105263157895
1118,1,290,78,212,25.46,95,25,70,25.58,4046152,1071016,1848216,492592,7,0,51,10,0,250422-122415_Run_1415_Idx_46758,3540,0,5e-05,20000000,40461520.0,10710160.0,18482160.0,4925920.0,0.7310344827586207,0.7368421052631579
1119,1,160,44,116,22.72,38,10,28,24.26,3555456,967224,1797872,479184,14,0,51,10,0,250422-102228_Run_824_Idx_80582,2060,0,5e-05,20000000,35554560.0,9672240.0,17978720.0,4791840.0,0.725,0.7368421052631579
1120,1,320,96,224,20.34,171,49,122,22.53,1047640,291632,1207416,334224,4,0,51,10,0,250422-132611_Run_1622_Idx_23474,4060,0,5e-05,20000000,10476400.0,2916320.0,12074160.0,3342240.0,0.7,0.7134502923976608
1121,1,160,43,117,26.5,38,10,28,27.0,5078216,1346768,2258416,594320,14,0,51,10,0,250422-091515_Run_264_Idx_13114,660,0,5e-05,20000000,50782160.0,13467680.0,22584160.0,5943200.0,0.73125,0.7368421052631579
1122,1,320,80,240,26.5,171,45,126,27.0,1915904,478976,1975848,519960,4,0,51,10,0,250422-102843_Run_226_Idx_51250,570,0,5e-05,20000000,19159040.0,4789760.0,19758480.0,5199600.0,0.75,0.7368421052631579
1123,1,290,84,206,23.12,95,28,67,23.04,3470632,944824,1764288,497016,7,0,51,10,0,250422-120851_Run_1067_Idx_10096,2670,0,5e-05,20000000,34706320.0,9448240.0,17642880.0,4970160.0,0.7103448275862069,0.7052631578947368
1124,1,290,82,208,24.74,95,26,69,25.58,4241032,1165768,2130504,574008,7,0,51,10,0,250422-115114_Run_1075_Idx_13310,2690,0,5e-05,20000000,42410320.0,11657680.0,21305040.0,5740080.0,0.7172413793103448,0.7263157894736842
1125,1,290,78,212,23.4,95,25,70,22.76,3378472,882696,1493712,374424,7,0,51,10,0,250422-125613_Run_1667_Idx_46758,4170,0,5e-05,20000000,33784720.0,8826960.0,14937120.0,3744240.0,0.7310344827586207,0.7368421052631579
1126,1,320,80,240,26.65,304,80,224,27.0,494080,123520,1361920,358400,2,0,51,10,0,250422-081025_Run_413_Idx_78175,1040,0,5e-05,20000000,4940800.0,1235200.0,13619200.0,3584000.0,0.75,0.7368421052631579
1127,1,160,43,117,26.01,38,10,28,25.63,4690568,1249856,1806768,481408,14,0,51,10,0,250422-084019_Run_280_Idx_13114,700,0,5e-05,20000000,46905680.0,12498560.0,18067680.0,4814080.0,0.73125,0.7368421052631579
1128,1,320,103,217,22.67,171,50,121,24.36,1324920,369752,1390848,379696,4,0,51,10,0,250422-070444_Run_922_Idx_31965,2310,0,5e-05,20000000,13249200.0,3697520.0,13908480.0,3796960.0,0.678125,0.7076023391812866
1129,1,320,117,203,21.63,304,110,194,22.6,373256,111360,1040464,314696,2,0,51,10,0,250422-102441_Run_941_Idx_69735,2360,0,5e-05,20000000,3732560.0,1113600.0,10404640.0,3146960.0,0.634375,0.6381578947368421
1130,1,160,46,114,24.49,38,12,26,24.16,4647216,1234656,1682736,482912,14,0,51,10,0,250422-092649_Run_496_Idx_63166,1240,0,5e-05,20000000,46472160.0,12346560.0,16827360.0,4829120.0,0.7125,0.6842105263157895
1131,1,160,43,117,26.61,38,10,28,27.0,5355000,1425952,2258416,594320,14,0,51,10,0,250422-100909_Run_356_Idx_60828,890,0,5e-05,20000000,53550000.0,14259520.0,22584160.0,5943200.0,0.73125,0.7368421052631579
1132,1,320,90,230,24.64,304,96,208,22.8,425072,110928,1101280,291072,2,0,51,10,0,250422-111142_Run_1449_Idx_75643,3630,0,5e-05,20000000,4250720.0,1109280.0,11012800.0,2910720.0,0.71875,0.6842105263157895
1133,1,290,78,212,26.54,95,25,70,27.0,4764712,1263496,2320888,610760,7,0,51,10,0,250422-095725_Run_123_Idx_3654,310,0,5e-05,20000000,47647120.0,12634960.0,23208880.0,6107600.0,0.7310344827586207,0.7368421052631579
1134,1,320,80,240,26.54,171,45,126,25.63,1942144,485536,1581384,421344,4,0,51,10,0,250422-072041_Run_438_Idx_40035,1100,0,5e-05,20000000,19421440.0,4855360.0,15813840.0,4213440.0,0.75,0.7368421052631579
1135,1,320,80,240,26.65,304,80,224,27.0,494080,123520,1361920,358400,2,0,51,10,0,250422-081539_Run_529_Idx_81817,1330,0,5e-05,20000000,4940800.0,1235200.0,13619200.0,3584000.0,0.75,0.7368421052631579
1136,1,160,43,117,23.84,38,10,28,21.42,4309184,1129904,1452464,364048,14,0,51,10,0,250422-140236_Run_1860_Idx_82007,4650,0,5e-05,20000000,43091840.0,11299040.0,14524640.0,3640480.0,0.73125,0.7368421052631579
1137,1,320,95,225,24.26,304,104,200,23.68,437800,116440,1140376,335600,2,0,51,10,0,250422-113456_Run_1201_Idx_77893,3010,0,5e-05,20000000,4378000.0,1164400.0,11403760.0,3356000.0,0.703125,0.6578947368421053
1138,1,160,44,116,26.16,38,10,28,27.0,4958752,1328496,2258416,594320,14,0,51,10,0,250422-071039_Run_324_Idx_93324,810,0,5e-05,20000000,49587520.0,13284960.0,22584160.0,5943200.0,0.725,0.7368421052631579
1139,1,320,89,231,25.15,304,80,224,27.0,420248,109256,1361920,358400,2,0,51,10,0,250422-130827_Run_1661_Idx_46170,4160,0,5e-05,20000000,4202480.0,1092560.0,13619200.0,3584000.0,0.721875,0.7368421052631579
1140,1,320,80,240,26.65,304,80,224,27.0,494080,123520,1361920,358400,2,0,51,10,0,250422-103150_Run_105_Idx_24085,270,0,5e-05,20000000,4940800.0,1235200.0,13619200.0,3584000.0,0.75,0.7368421052631579
1141,1,160,44,116,24.5,38,10,28,22.84,4097560,1112544,1337328,364048,14,0,51,10,0,250422-071337_Run_1036_Idx_60379,2590,0,5e-05,20000000,40975600.0,11125440.0,13373280.0,3640480.0,0.725,0.7368421052631579
1142,1,160,43,117,24.36,38,10,28,25.63,4377424,1152176,1806768,481408,14,0,51,10,0,250422-133940_Run_1780_Idx_46277,4450,0,5e-05,20000000,43774240.0,11521760.0,18067680.0,4814080.0,0.73125,0.7368421052631579
1143,1,320,91,229,21.74,171,45,126,27.0,1245584,325960,1975848,519960,4,0,51,10,0,250422-131432_Run_1658_Idx_61118,4150,0,5e-05,20000000,12455840.0,3259600.0,19758480.0,5199600.0,0.715625,0.7368421052631579
1144,1,320,80,240,26.65,304,93,211,25.33,494080,123520,1262008,347136,2,0,51,10,0,250422-111705_Run_1269_Idx_50037,3180,0,5e-05,20000000,4940800.0,1235200.0,12620080.0,3471360.0,0.75,0.694078947368421
1145,1,320,100,220,22.54,304,101,203,22.12,358784,95800,1066528,287408,2,0,51,10,0,250422-112914_Run_1381_Idx_28439,3460,0,5e-05,20000000,3587840.0,958000.0,10665280.0,2874080.0,0.6875,0.6677631578947368
1146,1,320,80,240,26.41,171,54,117,24.2,1880192,470048,1614952,456944,4,0,51,10,0,250422-085959_Run_866_Idx_27513,2170,0,5e-05,20000000,18801920.0,4700480.0,16149520.0,4569440.0,0.75,0.6842105263157895
1147,1,320,80,240,26.65,304,80,224,27.0,494080,123520,1361920,358400,2,0,51,10,0,250422-100804_Run_713_Idx_71618,1790,0,5e-05,20000000,4940800.0,1235200.0,13619200.0,3584000.0,0.75,0.7368421052631579
1148,1,320,80,240,25.95,304,103,201,19.2,494080,123520,732040,187768,2,0,51,10,0,250422-125122_Run_1761_Idx_66407,4410,0,5e-05,20000000,4940800.0,1235200.0,7320400.0,1877680.0,0.75,0.6611842105263158
1149,1,320,114,206,20.86,304,104,200,22.28,354320,93168,1088248,279128,2,0,51,10,0,250422-094301_Run_845_Idx_43651,2120,0,5e-05,20000000,3543200.0,931680.0,10882480.0,2791280.0,0.64375,0.6578947368421053
1150,1,160,43,117,25.99,38,10,28,27.0,4884280,1308272,2258416,594320,14,0,51,10,0,250422-072908_Run_1028_Idx_46277,2570,0,5e-05,20000000,48842800.0,13082720.0,22584160.0,5943200.0,0.73125,0.7368421052631579
1151,1,320,109,211,21.85,171,57,114,23.68,1442528,415976,1357872,400320,4,0,51,10,0,250422-064105_Run_934_Idx_17674,2340,0,5e-05,20000000,14425280.0,4159760.0,13578720.0,4003200.0,0.659375,0.6666666666666666
1152,1,290,78,212,22.92,95,25,70,25.29,3470632,939976,1848216,492592,7,0,51,10,0,250422-141410_Run_1895_Idx_42567,4740,0,5e-05,20000000,34706320.0,9399760.0,18482160.0,4925920.0,0.7310344827586207,0.7368421052631579
1153,1,320,97,223,22.52,304,88,216,25.58,352576,94056,1222912,324736,2,0,51,10,0,250422-141349_Run_1989_Idx_50420,4980,0,5e-05,20000000,3525760.0,940560.0,12229120.0,3247360.0,0.696875,0.7105263157894737
1154,1,320,90,230,24.25,171,60,111,21.93,1691400,440864,1137384,311064,4,0,51,10,0,250422-065849_Run_806_Idx_67154,2020,0,5e-05,20000000,16914000.0,4408640.0,11373840.0,3110640.0,0.71875,0.6491228070175439
1155,1,160,44,116,25.1,38,10,28,24.16,4394096,1152496,1452464,364048,14,0,51,10,0,250422-122426_Run_1060_Idx_60379,2650,0,5e-05,20000000,43940960.0,11524960.0,14524640.0,3640480.0,0.725,0.7368421052631579
1156,1,320,106,214,23.12,304,102,202,24.16,378304,105888,1101280,317952,2,0,51,10,0,250422-122606_Run_1237_Idx_30186,3100,0,5e-05,20000000,3783040.0,1058880.0,11012800.0,3179520.0,0.66875,0.6644736842105263
1157,1,320,109,211,20.13,304,99,205,21.46,313984,86784,944896,261072,2,0,51,10,0,250422-141605_Run_1921_Idx_45896,4810,0,5e-05,20000000,3139840.0,867840.0,9448960.0,2610720.0,0.659375,0.6743421052631579
1158,1,320,80,240,26.19,171,53,118,24.95,1942144,485536,1525064,429520,4,0,51,10,0,250422-105426_Run_1222_Idx_56405,3060,0,5e-05,20000000,19421440.0,4855360.0,15250640.0,4295200.0,0.75,0.6900584795321637
1159,1,320,103,217,21.82,304,97,207,23.66,367048,100872,1140376,312928,2,0,51,10,0,250422-133422_Run_1813_Idx_39045,4540,0,5e-05,20000000,3670480.0,1008720.0,11403760.0,3129280.0,0.678125,0.680921052631579
1160,1,320,92,228,25.15,171,45,126,27.0,1740872,457208,1975848,519960,4,0,51,10,0,250422-115355_Run_1370_Idx_36040,3430,0,5e-05,20000000,17408720.0,4572080.0,19758480.0,5199600.0,0.7125,0.7368421052631579
1161,1,320,89,231,25.06,171,45,126,27.0,1607656,417184,1975848,519960,4,0,51,10,0,250422-101111_Run_830_Idx_27513,2080,0,5e-05,20000000,16076560.0,4171840.0,19758480.0,5199600.0,0.721875,0.7368421052631579
1162,1,320,91,229,25.3,304,80,224,27.0,444232,116184,1361920,358400,2,0,51,10,0,250422-133426_Run_1709_Idx_68501,4280,0,5e-05,20000000,4442320.0,1161840.0,13619200.0,3584000.0,0.715625,0.7368421052631579
1163,1,290,78,212,21.91,95,25,70,22.74,3172552,852616,1375544,374424,7,0,51,10,0,250422-142530_Run_1983_Idx_67176,4960,0,5e-05,20000000,31725520.0,8526160.0,13755440.0,3744240.0,0.7310344827586207,0.7368421052631579
1164,1,320,80,240,26.6,304,80,224,27.0,487424,121856,1361920,358400,2,0,51,10,0,250422-092131_Run_261_Idx_29121,660,0,5e-05,20000000,4874240.0,1218560.0,13619200.0,3584000.0,0.75,0.7368421052631579
1165,1,320,93,227,24.41,304,80,224,27.0,402200,106608,1361920,358400,2,0,51,10,0,250422-124055_Run_1705_Idx_59886,4270,0,5e-05,20000000,4022000.0,1066080.0,13619200.0,3584000.0,0.709375,0.7368421052631579
1166,1,290,77,213,21.03,95,26,69,18.66,3001352,766208,1239168,311448,7,0,51,10,0,250422-124945_Run_1731_Idx_54015,4330,0,5e-05,20000000,30013520.0,7662080.0,12391680.0,3114480.0,0.7344827586206897,0.7263157894736842
1167,1,160,44,116,26.39,38,10,28,27.0,5195968,1387800,2258416,594320,14,0,51,10,0,250422-073541_Run_192_Idx_56251,480,0,5e-05,20000000,51959680.0,13878000.0,22584160.0,5943200.0,0.725,0.7368421052631579
1168,1,160,43,117,26.56,38,10,28,27.0,5355000,1425952,2258416,594320,14,0,51,10,0,250422-090801_Run_148_Idx_87442,370,0,5e-05,20000000,53550000.0,14259520.0,22584160.0,5943200.0,0.73125,0.7368421052631579
1169,1,160,48,112,25.02,38,14,24,22.74,4766848,1295552,1740304,486640,14,0,51,10,0,250422-071824_Run_320_Idx_49391,800,0,5e-05,20000000,47668480.0,12955520.0,17403040.0,4866400.0,0.7,0.631578947368421
1170,1,320,93,227,22.7,171,51,120,23.54,1314432,352880,1413040,376784,4,0,51,10,0,250422-125439_Run_1698_Idx_76172,4250,0,5e-05,20000000,13144320.0,3528800.0,14130400.0,3767840.0,0.709375,0.7017543859649122
1171,1,160,44,116,25.96,38,11,27,25.58,5239024,1408552,1970576,538616,14,0,51,10,0,250422-082129_Run_408_Idx_46840,1020,0,5e-05,20000000,52390240.0,14085520.0,19705760.0,5386160.0,0.725,0.7105263157894737
1172,1,160,43,117,23.17,38,10,28,21.32,3583944,973200,1337328,364048,14,0,51,10,0,250422-110252_Run_1336_Idx_82007,3340,0,5e-05,20000000,35839440.0,9732000.0,13373280.0,3640480.0,0.73125,0.7368421052631579
1173,1,320,80,240,26.6,304,80,224,27.0,487424,121856,1361920,358400,2,0,51,10,0,250422-082146_Run_645_Idx_2588,1620,0,5e-05,20000000,4874240.0,1218560.0,13619200.0,3584000.0,0.75,0.7368421052631579
1174,1,160,46,114,20.14,38,10,28,22.74,3446552,912448,1797872,479184,14,0,51,10,0,250422-093703_Run_848_Idx_63537,2120,0,5e-05,20000000,34465520.0,9124480.0,17978720.0,4791840.0,0.7125,0.7368421052631579
1175,1,320,106,214,20.19,304,95,209,22.32,329840,86536,1062184,277904,2,0,51,10,0,250422-130436_Run_1693_Idx_28439,4240,0,5e-05,20000000,3298400.0,865360.0,10621840.0,2779040.0,0.66875,0.6875
1176,1,160,43,117,23.14,38,10,28,27.0,3948864,1064624,2258416,594320,14,0,51,10,0,250422-131023_Run_1660_Idx_1820,4150,0,5e-05,20000000,39488640.0,10646240.0,22584160.0,5943200.0,0.73125,0.7368421052631579
1177,1,320,101,219,24.24,304,93,211,25.58,408632,111944,1253320,347136,2,0,51,10,0,250422-103047_Run_581_Idx_31417,1460,0,5e-05,20000000,4086320.0,1119440.0,12533200.0,3471360.0,0.684375,0.694078947368421
1178,1,160,44,116,25.65,38,11,27,25.58,4843872,1270176,2028144,538616,14,0,51,10,0,250422-072158_Run_556_Idx_47958,1390,0,5e-05,20000000,48438720.0,12701760.0,20281440.0,5386160.0,0.725,0.7105263157894737
1179,1,160,44,116,23.23,38,10,28,24.16,3832016,1046352,1797872,479184,14,0,51,10,0,250422-084640_Run_872_Idx_80582,2180,0,5e-05,20000000,38320160.0,10463520.0,17978720.0,4791840.0,0.725,0.7368421052631579
1180,1,320,80,240,26.5,171,61,110,19.53,1942144,485536,930848,295416,4,0,51,10,0,250422-120607_Run_1246_Idx_66978,3120,0,5e-05,20000000,19421440.0,4855360.0,9308480.0,2954160.0,0.75,0.6432748538011696
1181,1,320,92,228,25.25,304,80,224,25.63,442400,116192,1089536,290304,2,0,51,10,0,250422-110439_Run_1157_Idx_6070,2900,0,5e-05,20000000,4424000.0,1161920.0,10895360.0,2903040.0,0.7125,0.7368421052631579
1182,1,290,78,212,26.59,95,25,70,27.0,4720392,1265256,2320888,610760,7,0,51,10,0,250422-085119_Run_275_Idx_91797,690,0,5e-05,20000000,47203920.0,12652560.0,23208880.0,6107600.0,0.7310344827586207,0.7368421052631579
1183,1,320,80,240,26.65,304,80,224,27.0,494080,123520,1361920,358400,2,0,51,10,0,250422-061924_Run_21_Idx_24085,60,0,5e-05,20000000,4940800.0,1235200.0,13619200.0,3584000.0,0.75,0.7368421052631579
1184,1,320,80,240,26.65,304,94,210,25.58,494080,123520,1266352,351616,2,0,51,10,0,250422-082922_Run_761_Idx_81031,1910,0,5e-05,20000000,4940800.0,1235200.0,12663520.0,3516160.0,0.75,0.6907894736842105
1185,1,290,78,212,25.25,95,25,70,25.06,4005832,1078864,1857752,494976,7,0,51,10,0,250422-110048_Run_1159_Idx_42567,2900,0,5e-05,20000000,40058320.0,10788640.0,18577520.0,4949760.0,0.7310344827586207,0.7368421052631579
1186,1,320,88,232,23.77,171,53,118,22.26,1315216,335480,1039184,297896,4,0,51,10,0,250422-131811_Run_1626_Idx_95140,4070,0,5e-05,20000000,13152160.0,3354800.0,10391840.0,2978960.0,0.725,0.6900584795321637
1187,1,160,43,117,25.1,38,10,28,25.58,4294704,1131496,1797872,479184,14,0,51,10,0,250422-110038_Run_1100_Idx_46277,2750,0,5e-05,20000000,42947040.0,11314960.0,17978720.0,4791840.0,0.73125,0.7368421052631579
1188,1,290,88,202,22.72,95,29,66,25.01,3316552,930936,2021568,562224,7,0,51,10,0,250422-074706_Run_1019_Idx_73286,2550,0,5e-05,20000000,33165520.0,9309360.0,20215680.0,5622240.0,0.696551724137931,0.6947368421052632
1189,1,320,87,233,24.42,171,51,120,23.08,1606256,413840,1558032,412168,4,0,51,10,0,250422-110944_Run_1450_Idx_6234,3630,0,5e-05,20000000,16062560.0,4138400.0,15580320.0,4121680.0,0.728125,0.7017543859649122
1190,1,320,80,240,26.5,171,45,126,25.63,1915904,478976,1581384,421344,4,0,51,10,0,250422-084439_Run_278_Idx_51250,700,0,5e-05,20000000,19159040.0,4789760.0,15813840.0,4213440.0,0.75,0.7368421052631579
1191,1,290,78,212,26.48,95,25,70,27.0,4628232,1242216,2320888,610760,7,0,51,10,0,250422-063147_Run_67_Idx_46758,170,0,5e-05,20000000,46282320.0,12422160.0,23208880.0,6107600.0,0.7310344827586207,0.7368421052631579
1192,1,320,80,240,26.65,304,94,210,25.58,494080,123520,1266352,351616,2,0,51,10,0,250422-075432_Run_421_Idx_48844,1060,0,5e-05,20000000,4940800.0,1235200.0,12663520.0,3516160.0,0.75,0.6907894736842105
1193,1,160,43,117,26.61,38,10,28,27.0,5355000,1425952,2258416,594320,14,0,51,10,0,250422-064501_Run_456_Idx_60828,1140,0,5e-05,20000000,53550000.0,14259520.0,22584160.0,5943200.0,0.73125,0.7368421052631579
1194,1,320,108,212,24.03,304,95,209,25.58,432976,120488,1283728,356096,2,0,51,10,0,250422-091212_Run_385_Idx_29862,970,0,5e-05,20000000,4329760.0,1204880.0,12837280.0,3560960.0,0.6625,0.6875
1195,1,160,43,117,26.26,38,10,28,27.0,4998896,1287520,2258416,594320,14,0,51,10,0,250422-092356_Run_616_Idx_27734,1540,0,5e-05,20000000,49988960.0,12875200.0,22584160.0,5943200.0,0.73125,0.7368421052631579
1196,1,290,78,212,23.56,95,25,70,20.17,3840232,1006696,1375544,374424,7,0,51,10,0,250422-133821_Run_1811_Idx_3654,4530,0,5e-05,20000000,38402320.0,10066960.0,13755440.0,3744240.0,0.7310344827586207,0.7368421052631579
1197,1,160,43,117,21.15,38,10,28,21.32,3420472,868744,1452464,364048,14,0,51,10,0,250422-140920_Run_1964_Idx_1820,4910,0,5e-05,20000000,34204720.0,8687440.0,14524640.0,3640480.0,0.73125,0.7368421052631579
1198,1,290,81,209,23.4,95,26,69,21.14,3583432,957760,1498536,416016,7,0,51,10,0,250422-112241_Run_1207_Idx_34661,3020,0,5e-05,20000000,35834320.0,9577600.0,14985360.0,4160160.0,0.7206896551724138,0.7263157894736842
1199,1,160,45,115,26.27,38,10,28,27.0,5315728,1428680,2258416,594320,14,0,51,10,0,250422-081219_Run_412_Idx_46840,1030,0,5e-05,20000000,53157280.0,14286800.0,22584160.0,5943200.0,0.71875,0.7368421052631579
1200,1,160,43,117,24.02,38,10,28,23.05,4093232,1090728,1797872,479184,14,0,51,10,0,250422-111810_Run_1328_Idx_82007,3320,0,5e-05,20000000,40932320.0,10907280.0,17978720.0,4791840.0,0.73125,0.7368421052631579
1201,1,320,87,233,24.42,171,55,116,22.5,1507696,383032,1132536,324048,4,0,51,10,0,250422-123520_Run_1470_Idx_45405,3680,0,5e-05,20000000,15076960.0,3830320.0,11325360.0,3240480.0,0.728125,0.6783625730994152
1202,1,160,44,116,24.21,38,10,28,24.16,4300424,1173248,1797872,479184,14,0,51,10,0,250422-064230_Run_1052_Idx_60379,2630,0,5e-05,20000000,43004240.0,11732480.0,17978720.0,4791840.0,0.725,0.7368421052631579
1203,1,290,82,208,25.66,95,27,68,25.58,4343752,1165768,2072320,546880,7,0,51,10,0,250422-091752_Run_619_Idx_55938,1550,0,5e-05,20000000,43437520.0,11657680.0,20723200.0,5468800.0,0.7172413793103448,0.7157894736842105
1204,1,320,80,240,26.54,171,61,110,23.84,1942144,485536,1579048,467768,4,0,51,10,0,250422-070454_Run_446_Idx_3692,1120,0,5e-05,20000000,19421440.0,4855360.0,15790480.0,4677680.0,0.75,0.6432748538011696
1205,1,290,78,212,26.36,95,25,70,27.0,4627752,1229256,2320888,610760,7,0,51,10,0,250422-080736_Run_771_Idx_54015,1930,0,5e-05,20000000,46277520.0,12292560.0,23208880.0,6107600.0,0.7310344827586207,0.7368421052631579
1206,1,320,101,219,22.53,171,53,118,25.26,1269744,348600,1743416,483096,4,0,51,10,0,250422-074906_Run_1018_Idx_30345,2550,0,5e-05,20000000,12697440.0,3486000.0,17434160.0,4830960.0,0.684375,0.6900584795321637
1207,1,320,99,221,23.56,171,54,117,22.94,1547024,419608,1285808,363344,4,0,51,10,0,250422-121114_Run_1066_Idx_50079,2670,0,5e-05,20000000,15470240.0,4196080.0,12858080.0,3633440.0,0.690625,0.6842105263157895
1208,1,290,82,208,24.29,95,29,66,24.73,3429832,937288,1995312,535968,7,0,51,10,0,250422-075003_Run_899_Idx_86044,2250,0,5e-05,20000000,34298320.0,9372880.0,19953120.0,5359680.0,0.7172413793103448,0.6947368421052632
1209,1,290,81,209,24.78,95,27,68,23.88,3847272,1045120,1998832,535072,7,0,51,10,0,250422-081917_Run_1003_Idx_13310,2510,0,5e-05,20000000,38472720.0,10451200.0,19988320.0,5350720.0,0.7206896551724138,0.7157894736842105
1210,1,290,83,207,24.32,95,25,70,25.58,3686824,994288,1848216,492592,7,0,51,10,0,250422-121514_Run_1183_Idx_90023,2960,0,5e-05,20000000,36868240.0,9942880.0,18482160.0,4925920.0,0.7137931034482758,0.7368421052631579
1211,1,320,106,214,23.41,304,101,203,24.18,384512,109048,1144720,330848,2,0,51,10,0,250422-064818_Run_1049_Idx_81315,2630,0,5e-05,20000000,3845120.0,1090480.0,11447200.0,3308480.0,0.66875,0.6677631578947368
1212,1,160,44,116,25.59,38,10,28,25.58,4842416,1249328,1797872,479184,14,0,51,10,0,250422-093125_Run_732_Idx_67097,1830,0,5e-05,20000000,48424160.0,12493280.0,17978720.0,4791840.0,0.725,0.7368421052631579
1213,1,290,79,211,26.23,95,29,66,25.58,4764712,1281424,2368176,655440,7,0,51,10,0,250422-073944_Run_547_Idx_70536,1370,0,5e-05,20000000,47647120.0,12814240.0,23681760.0,6554400.0,0.7275862068965517,0.6947368421052632
1214,1,320,80,240,26.65,304,80,224,27.0,494080,123520,1361920,358400,2,0,51,10,0,250422-064641_Run_217_Idx_24085,550,0,5e-05,20000000,4940800.0,1235200.0,13619200.0,3584000.0,0.75,0.7368421052631579
1215,1,160,43,117,24.94,38,10,28,25.58,4353952,1131496,1913008,479184,14,0,51,10,0,250422-103753_Run_1112_Idx_46277,2780,0,5e-05,20000000,43539520.0,11314960.0,19130080.0,4791840.0,0.73125,0.7368421052631579
1216,1,320,80,240,26.42,171,45,126,27.0,1915904,478976,1975848,519960,4,0,51,10,0,250422-131304_Run_1538_Idx_54611,3850,0,5e-05,20000000,19159040.0,4789760.0,19758480.0,5199600.0,0.75,0.7368421052631579
1217,1,320,96,224,20.3,171,57,114,20.91,989064,263848,1144408,303376,4,0,51,10,0,250422-123427_Run_1678_Idx_31965,4200,0,5e-05,20000000,9890640.0,2638480.0,11444080.0,3033760.0,0.7,0.6666666666666666
1218,1,320,118,202,6.89,304,129,175,3.45,82432,23040,41344,17544,2,0,51,10,0,250422-131550_Run_1597_Idx_36693,4000,0,5e-05,20000000,824320.0,230400.0,413440.0,175440.0,0.63125,0.5756578947368421
1219,1,160,44,116,25.99,38,12,26,25.58,4863040,1289320,2143280,598048,14,0,51,10,0,250422-064646_Run_336_Idx_59602,840,0,5e-05,20000000,48630400.0,12893200.0,21432800.0,5980480.0,0.725,0.6842105263157895
1220,1,320,102,218,23.38,171,51,120,25.27,1454992,403320,1728680,473432,4,0,51,10,0,250422-100334_Run_834_Idx_31965,2090,0,5e-05,20000000,14549920.0,4033200.0,17286800.0,4734320.0,0.68125,0.7017543859649122
1221,1,320,115,205,19.16,304,113,191,18.14,342704,96760,818920,241256,2,0,51,10,0,250422-121354_Run_1361_Idx_79307,3410,0,5e-05,20000000,3427040.0,967600.0,8189200.0,2412560.0,0.640625,0.6282894736842105
1222,1,320,93,227,24.33,304,80,224,27.0,397736,106296,1361920,358400,2,0,51,10,0,250422-132448_Run_1653_Idx_94751,4140,0,5e-05,20000000,3977360.0,1062960.0,13619200.0,3584000.0,0.709375,0.7368421052631579
1223,1,320,80,240,26.5,304,92,212,23.53,479744,119936,1066528,294872,2,0,51,10,0,250422-135517_Run_1833_Idx_71687,4590,0,5e-05,20000000,4797440.0,1199360.0,10665280.0,2948720.0,0.75,0.6973684210526315
1224,1,290,82,208,25.64,95,25,70,27.0,4371432,1159848,2320888,610760,7,0,51,10,0,250422-064644_Run_931_Idx_75108,2330,0,5e-05,20000000,43714320.0,11598480.0,23208880.0,6107600.0,0.7172413793103448,0.7368421052631579
1225,1,290,85,205,25.47,95,29,66,24.73,4422312,1200672,1995312,535968,7,0,51,10,0,250422-092048_Run_499_Idx_82695,1250,0,5e-05,20000000,44223120.0,12006720.0,19953120.0,5359680.0,0.7068965517241379,0.6947368421052632
1226,1,290,78,212,20.61,95,26,69,18.49,2367912,630056,129120,47064,7,0,51,10,0,250422-123908_Run_1767_Idx_66629,4420,0,5e-05,20000000,23679120.0,6300560.0,1291200.0,470640.0,0.7310344827586207,0.7263157894736842
1227,1,320,88,232,24.27,171,51,120,24.16,1618320,415032,1483288,393976,4,0,51,10,0,250422-110726_Run_1274_Idx_29806,3190,0,5e-05,20000000,16183200.0,4150320.0,14832880.0,3939760.0,0.725,0.7017543859649122
1228,1,320,92,228,24.66,304,94,210,23.76,439408,114640,1088248,290800,2,0,51,10,0,250422-110927_Run_1273_Idx_4741,3190,0,5e-05,20000000,4394080.0,1146400.0,10882480.0,2908000.0,0.7125,0.6907894736842105
1229,1,160,43,117,22.01,38,10,28,22.74,3507920,934800,1337328,364048,14,0,51,10,0,250422-142334_Run_1984_Idx_60828,4960,0,5e-05,20000000,35079200.0,9348000.0,13373280.0,3640480.0,0.73125,0.7368421052631579
1230,1,160,43,117,20.38,38,10,28,21.42,2972136,756224,1452464,364048,14,0,51,10,0,250422-135511_Run_1848_Idx_13114,4620,0,5e-05,20000000,29721360.0,7562240.0,14524640.0,3640480.0,0.73125,0.7368421052631579
1231,1,320,80,240,26.3,304,106,198,23.11,494080,123520,1105624,292432,2,0,51,10,0,250422-063726_Run_817_Idx_54125,2050,0,5e-05,20000000,4940800.0,1235200.0,11056240.0,2924320.0,0.75,0.6513157894736842
1232,1,320,80,240,26.6,304,80,224,27.0,487424,121856,1361920,358400,2,0,51,10,0,250422-075558_Run_301_Idx_29121,760,0,5e-05,20000000,4874240.0,1218560.0,13619200.0,3584000.0,0.75,0.7368421052631579
1233,1,320,80,240,26.54,171,45,126,27.0,1942144,485536,1975848,519960,4,0,51,10,0,250422-091924_Run_738_Idx_48165,1850,0,5e-05,20000000,19421440.0,4855360.0,19758480.0,5199600.0,0.75,0.7368421052631579
1234,1,320,99,221,20.41,304,94,210,19.89,299896,81416,808704,230688,2,0,51,10,0,250422-142350_Run_1917_Idx_32082,4800,0,5e-05,20000000,2998960.0,814160.0,8087040.0,2306880.0,0.690625,0.6907894736842105
1235,1,160,43,117,26.28,38,10,28,25.63,5001768,1327656,1806768,481408,14,0,51,10,0,250422-081336_Run_768_Idx_82007,1920,0,5e-05,20000000,50017680.0,13276560.0,18067680.0,4814080.0,0.73125,0.7368421052631579
1236,1,320,87,233,19.76,171,50,121,19.67,1075864,276704,855688,248776,4,0,51,10,0,250422-142355_Run_1890_Idx_34866,4730,0,5e-05,20000000,10758640.0,2767040.0,8556880.0,2487760.0,0.728125,0.7076023391812866
1237,1,320,95,225,22.44,171,49,122,24.16,1075832,295720,1274320,354680,4,0,51,10,0,250422-114157_Run_1434_Idx_58893,3590,0,5e-05,20000000,10758320.0,2957200.0,12743200.0,3546800.0,0.703125,0.7134502923976608
1238,1,160,43,117,23.05,38,10,28,24.16,3779600,1012320,1797872,479184,14,0,51,10,0,250422-133903_Run_1856_Idx_13114,4640,0,5e-05,20000000,37796000.0,10123200.0,17978720.0,4791840.0,0.73125,0.7368421052631579
1239,1,320,89,231,25.12,171,56,115,23.35,1669448,432632,1406992,386448,4,0,51,10,0,250422-095250_Run_958_Idx_20366,2400,0,5e-05,20000000,16694480.0,4326320.0,14069920.0,3864480.0,0.721875,0.672514619883041
1240,1,320,93,227,24.91,304,106,198,21.94,447448,119528,1023088,283744,2,0,51,10,0,250422-122810_Run_1177_Idx_77893,2950,0,5e-05,20000000,4474480.0,1195280.0,10230880.0,2837440.0,0.709375,0.6513157894736842
1241,1,290,79,211,25.39,95,25,70,27.0,4121192,1094864,2320888,610760,7,0,51,10,0,250422-121801_Run_1063_Idx_20723,2660,0,5e-05,20000000,41211920.0,10948640.0,23208880.0,6107600.0,0.7275862068965517,0.7368421052631579
1242,1,320,99,221,23.14,304,86,218,24.76,387728,106992,1162096,315776,2,0,51,10,0,250422-134515_Run_1853_Idx_12858,4640,0,5e-05,20000000,3877280.0,1069920.0,11620960.0,3157760.0,0.690625,0.7171052631578947
1243,1,160,43,117,15.92,38,10,28,10.37,2152960,581248,70832,18640,14,0,51,10,0,250422-130149_Run_1604_Idx_22272,4010,0,5e-05,20000000,21529600.0,5812480.0,708320.0,186400.0,0.73125,0.7368421052631579
1244,1,290,78,212,22.94,95,25,70,21.64,3173032,865576,1375544,374424,7,0,51,10,0,250422-141905_Run_1959_Idx_46758,4900,0,5e-05,20000000,31730320.0,8655760.0,13755440.0,3744240.0,0.7310344827586207,0.7368421052631579
1245,1,290,78,212,26.64,95,25,70,27.0,4781832,1280616,2320888,610760,7,0,51,10,0,250422-085902_Run_391_Idx_67176,980,0,5e-05,20000000,47818320.0,12806160.0,23208880.0,6107600.0,0.7310344827586207,0.7368421052631579
1246,1,160,43,117,25.93,38,11,27,25.58,4841448,1287576,1970576,538616,14,0,51,10,0,250422-101728_Run_708_Idx_67097,1770,0,5e-05,20000000,48414480.0,12875760.0,19705760.0,5386160.0,0.73125,0.7105263157894737
1247,1,320,80,240,26.56,171,45,126,27.0,1942144,485536,1975848,519960,4,0,51,10,0,250422-100600_Run_714_Idx_48165,1790,0,5e-05,20000000,19421440.0,4855360.0,19758480.0,5199600.0,0.75,0.7368421052631579
1248,1,160,43,117,26.28,38,10,28,24.26,4921512,1307592,1797872,479184,14,0,51,10,0,250422-120449_Run_1128_Idx_27734,2820,0,5e-05,20000000,49215120.0,13075920.0,17978720.0,4791840.0,0.73125,0.7368421052631579
1249,1,160,45,115,25.99,38,10,28,27.0,4961368,1330296,2258416,594320,14,0,51,10,0,250422-065449_Run_332_Idx_74420,830,0,5e-05,20000000,49613680.0,13302960.0,22584160.0,5943200.0,0.71875,0.7368421052631579
1250,1,160,43,117,24.2,38,10,28,27.0,4136672,1111576,2258416,594320,14,0,51,10,0,250422-115506_Run_1192_Idx_87442,2980,0,5e-05,20000000,41366720.0,11115760.0,22584160.0,5943200.0,0.73125,0.7368421052631579
1251,1,160,44,116,26.27,38,10,28,27.0,5115680,1367728,2258416,594320,14,0,51,10,0,250422-072432_Run_436_Idx_37818,1090,0,5e-05,20000000,51156800.0,13677280.0,22584160.0,5943200.0,0.725,0.7368421052631579
1252,1,320,101,219,22.12,304,105,199,19.75,399208,107176,809056,232272,2,0,51,10,0,250422-124419_Run_1613_Idx_98785,4040,0,5e-05,20000000,3992080.0,1071760.0,8090560.0,2322720.0,0.684375,0.6546052631578947
1253,1,320,89,231,24.22,171,50,121,25.58,1617288,419592,1580984,432568,4,0,51,10,0,250422-115329_Run_1074_Idx_65067,2690,0,5e-05,20000000,16172880.0,4195920.0,15809840.0,4325680.0,0.721875,0.7076023391812866
1254,1,160,43,117,23.86,38,10,28,25.58,3979360,1072248,1797872,479184,14,0,51,10,0,250422-065813_Run_1044_Idx_46277,2610,0,5e-05,20000000,39793600.0,10722480.0,17978720.0,4791840.0,0.73125,0.7368421052631579
1255,1,160,43,117,25.35,38,10,28,27.0,4766752,1269096,2258416,594320,14,0,51,10,0,250422-063459_Run_1056_Idx_46277,2640,0,5e-05,20000000,47667520.0,12690960.0,22584160.0,5943200.0,0.73125,0.7368421052631579
1256,1,320,80,240,26.56,171,45,126,27.0,1942144,485536,1975848,519960,4,0,51,10,0,250422-074737_Run_186_Idx_21514,470,0,5e-05,20000000,19421440.0,4855360.0,19758480.0,5199600.0,0.75,0.7368421052631579
1257,1,320,80,240,26.5,171,45,126,27.0,1942144,485536,1975848,519960,4,0,51,10,0,250422-063907_Run_578_Idx_80127,1450,0,5e-05,20000000,19421440.0,4855360.0,19758480.0,5199600.0,0.75,0.7368421052631579
1258,1,290,78,212,22.23,95,26,69,21.73,3189672,852616,1657504,429160,7,0,51,10,0,250422-134625_Run_1807_Idx_43476,4520,0,5e-05,20000000,31896720.0,8526160.0,16575040.0,4291600.0,0.7310344827586207,0.7263157894736842
1259,1,320,85,235,25.08,171,48,123,23.58,1594928,406384,1137152,306368,4,0,51,10,0,250422-123251_Run_1558_Idx_97419,3900,0,5e-05,20000000,15949280.0,4063840.0,11371520.0,3063680.0,0.734375,0.7192982456140351
1260,1,290,80,210,25.84,95,25,70,27.0,4326632,1164152,2320888,610760,7,0,51,10,0,250422-073105_Run_1027_Idx_66078,2570,0,5e-05,20000000,43266320.0,11641520.0,23208880.0,6107600.0,0.7241379310344828,0.7368421052631579
1261,1,160,43,117,23.0,38,10,28,24.16,3490144,915544,1452464,364048,14,0,51,10,0,250422-124448_Run_1552_Idx_46277,3880,0,5e-05,20000000,34901440.0,9155440.0,14524640.0,3640480.0,0.73125,0.7368421052631579
1262,1,160,43,117,26.61,38,10,28,27.0,5235144,1386000,2258416,594320,14,0,51,10,0,250422-062331_Run_84_Idx_82007,210,0,5e-05,20000000,52351440.0,13860000.0,22584160.0,5943200.0,0.73125,0.7368421052631579
1263,1,160,43,117,25.79,38,10,28,25.63,4656376,1251296,1806768,481408,14,0,51,10,0,250422-091413_Run_384_Idx_60828,960,0,5e-05,20000000,46563760.0,12512960.0,18067680.0,4814080.0,0.73125,0.7368421052631579
1264,1,290,78,212,23.15,95,25,70,24.16,3504872,939976,1848216,492592,7,0,51,10,0,250422-134105_Run_1855_Idx_91797,4640,0,5e-05,20000000,35048720.0,9399760.0,18482160.0,4925920.0,0.7310344827586207,0.7368421052631579
1265,1,290,78,212,18.81,95,25,70,15.12,2162472,578696,75696,19920,7,0,51,10,0,250422-133946_Run_1887_Idx_67176,4720,0,5e-05,20000000,21624720.0,5786960.0,756960.0,199200.0,0.7310344827586207,0.7368421052631579
1266,1,160,43,117,22.83,38,10,28,19.89,3819392,1032256,876784,248912,14,0,51,10,0,250422-112821_Run_1204_Idx_87442,3010,0,5e-05,20000000,38193920.0,10322560.0,8767840.0,2489120.0,0.73125,0.7368421052631579
1267,1,320,92,228,25.25,304,125,179,21.49,442400,116192,1066528,290672,2,0,51,10,0,250422-072420_Run_317_Idx_55957,800,0,5e-05,20000000,4424000.0,1161920.0,10665280.0,2906720.0,0.7125,0.5888157894736842
1268,1,290,78,212,26.64,95,25,70,27.0,4781832,1280616,2320888,610760,7,0,51,10,0,250422-061511_Run_23_Idx_3654,60,0,5e-05,20000000,47818320.0,12806160.0,23208880.0,6107600.0,0.7310344827586207,0.7368421052631579
1269,1,160,43,117,19.76,38,10,28,19.89,2894976,776352,991920,248912,14,0,51,10,0,250422-133832_Run_1872_Idx_82007,4680,0,5e-05,20000000,28949760.0,7763520.0,9919200.0,2489120.0,0.73125,0.7368421052631579
1270,1,160,44,116,25.76,38,10,28,25.58,4664672,1249328,1797872,479184,14,0,51,10,0,250422-074953_Run_780_Idx_67097,1950,0,5e-05,20000000,46646720.0,12493280.0,17978720.0,4791840.0,0.725,0.7368421052631579
1271,1,290,78,212,24.63,95,25,70,24.18,3925832,1006696,1966384,492592,7,0,51,10,0,250422-111226_Run_1331_Idx_54015,3330,0,5e-05,20000000,39258320.0,10066960.0,19663840.0,4925920.0,0.7310344827586207,0.7368421052631579
1272,1,320,104,216,22.43,304,93,211,24.27,368792,105392,1149064,321072,2,0,51,10,0,250422-125225_Run_1669_Idx_18441,4180,0,5e-05,20000000,3687920.0,1053920.0,11490640.0,3210720.0,0.675,0.694078947368421
1273,1,160,43,117,25.01,38,10,28,24.16,4447528,1189096,1797872,479184,14,0,51,10,0,250422-110828_Run_1392_Idx_13114,3480,0,5e-05,20000000,44475280.0,11890960.0,17978720.0,4791840.0,0.73125,0.7368421052631579
1274,1,160,43,117,24.74,38,10,28,27.0,3622896,973144,2258416,594320,14,0,51,10,0,250422-112914_Run_1144_Idx_27734,2860,0,5e-05,20000000,36228960.0,9731440.0,22584160.0,5943200.0,0.73125,0.7368421052631579
1275,1,160,43,117,25.65,38,10,28,27.0,4765424,1249176,2258416,594320,14,0,51,10,0,250422-133422_Run_1828_Idx_22272,4570,0,5e-05,20000000,47654240.0,12491760.0,22584160.0,5943200.0,0.73125,0.7368421052631579
1276,1,290,78,212,24.78,95,25,70,24.16,4028552,1092296,1375544,374424,7,0,51,10,0,250422-133214_Run_1619_Idx_3654,4050,0,5e-05,20000000,40285520.0,10922960.0,13755440.0,3744240.0,0.7310344827586207,0.7368421052631579
1277,1,320,80,240,26.6,304,108,196,23.17,487424,121856,1049152,310080,2,0,51,10,0,250422-083220_Run_997_Idx_64542,2500,0,5e-05,20000000,4874240.0,1218560.0,10491520.0,3100800.0,0.75,0.6447368421052632
1278,1,160,43,117,23.69,38,10,28,27.0,4070264,1104768,2258416,594320,14,0,51,10,0,250422-105820_Run_1456_Idx_1820,3640,0,5e-05,20000000,40702640.0,11047680.0,22584160.0,5943200.0,0.73125,0.7368421052631579
1279,1,320,106,214,23.46,304,99,205,24.2,402424,110712,1196848,334920,2,0,51,10,0,250422-111621_Run_1329_Idx_73453,3330,0,5e-05,20000000,4024240.0,1107120.0,11968480.0,3349200.0,0.66875,0.6743421052631579
1280,1,320,89,231,25.12,171,45,126,27.0,1617288,419592,1975848,519960,4,0,51,10,0,250422-112530_Run_1146_Idx_98549,2870,0,5e-05,20000000,16172880.0,4195920.0,19758480.0,5199600.0,0.721875,0.7368421052631579
1281,1,320,80,240,26.3,304,93,211,24.96,494080,123520,1131688,316728,2,0,51,10,0,250422-124811_Run_1641_Idx_33852,4110,0,5e-05,20000000,4940800.0,1235200.0,11316880.0,3167280.0,0.75,0.694078947368421
1282,1,320,94,226,22.08,171,55,116,16.54,1558536,405800,825464,232856,4,0,51,10,0,250422-113327_Run_1498_Idx_63783,3750,0,5e-05,20000000,15585360.0,4058000.0,8254640.0,2328560.0,0.70625,0.6783625730994152
1283,1,290,78,212,26.59,95,25,70,27.0,4720392,1265256,2320888,610760,7,0,51,10,0,250422-061313_Run_11_Idx_91797,30,0,5e-05,20000000,47203920.0,12652560.0,23208880.0,6107600.0,0.7310344827586207,0.7368421052631579
1284,1,160,43,117,26.11,38,10,28,27.0,4964568,1328344,2258416,594320,14,0,51,10,0,250422-130854_Run_1540_Idx_46277,3850,0,5e-05,20000000,49645680.0,13283440.0,22584160.0,5943200.0,0.73125,0.7368421052631579
1285,1,320,80,240,26.5,171,45,126,27.0,1915904,478976,1975848,519960,4,0,51,10,0,250422-062329_Run_6_Idx_51250,20,0,5e-05,20000000,19159040.0,4789760.0,19758480.0,5199600.0,0.75,0.7368421052631579
1286,1,320,91,229,22.14,304,101,203,19.73,362000,95224,884784,235456,2,0,51,10,0,250422-140544_Run_1913_Idx_44560,4790,0,5e-05,20000000,3620000.0,952240.0,8847840.0,2354560.0,0.715625,0.6677631578947368
1287,1,160,43,117,26.31,38,10,28,27.0,5198296,1386776,2258416,594320,14,0,51,10,0,250422-102754_Run_464_Idx_22272,1160,0,5e-05,20000000,51982960.0,13867760.0,22584160.0,5943200.0,0.73125,0.7368421052631579
1288,1,290,78,212,26.45,95,25,70,27.0,4764712,1263496,2320888,610760,7,0,51,10,0,250422-063709_Run_579_Idx_96012,1450,0,5e-05,20000000,47647120.0,12634960.0,23208880.0,6107600.0,0.7310344827586207,0.7368421052631579
1289,1,290,78,212,23.58,95,26,69,20.2,3412232,938216,1391360,388880,7,0,51,10,0,250422-135422_Run_1803_Idx_43476,4510,0,5e-05,20000000,34122320.0,9382160.0,13913600.0,3888800.0,0.7310344827586207,0.7263157894736842
1290,1,320,88,232,22.02,171,46,125,24.64,1269920,332800,1558808,414648,4,0,51,10,0,250422-134309_Run_1854_Idx_52105,4640,0,5e-05,20000000,12699200.0,3328000.0,15588080.0,4146480.0,0.725,0.7309941520467836
1291,1,290,78,212,25.77,95,25,70,24.53,4559272,1212136,1848216,492592,7,0,51,10,0,250422-133552_Run_1739_Idx_67176,4350,0,5e-05,20000000,45592720.0,12121360.0,18482160.0,4925920.0,0.7310344827586207,0.7368421052631579
1292,1,320,80,240,26.5,171,51,120,24.01,1915904,478976,1469072,402776,4,0,51,10,0,250422-111214_Run_1390_Idx_91568,3480,0,5e-05,20000000,19159040.0,4789760.0,14690720.0,4027760.0,0.75,0.7017543859649122
1293,1,290,78,212,15.65,95,26,69,13.38,1665992,441736,342816,100488,7,0,51,10,0,250422-120704_Run_1483_Idx_66629,3710,0,5e-05,20000000,16659920.0,4417360.0,3428160.0,1004880.0,0.7310344827586207,0.7263157894736842
1294,1,320,94,226,19.96,171,49,122,22.43,1083736,285728,1215512,327800,4,0,51,10,0,250422-141402_Run_1922_Idx_85321,4810,0,5e-05,20000000,10837360.0,2857280.0,12155120.0,3278000.0,0.70625,0.7134502923976608
1295,1,160,43,117,23.34,38,10,28,22.74,4040544,1053144,1452464,364048,14,0,51,10,0,250422-095632_Run_956_Idx_46277,2390,0,5e-05,20000000,40405440.0,10531440.0,14524640.0,3640480.0,0.73125,0.7368421052631579
1296,1,320,80,240,26.48,171,51,120,25.58,1915904,478976,1692296,464336,4,0,51,10,0,250422-080441_Run_1010_Idx_42698,2530,0,5e-05,20000000,19159040.0,4789760.0,16922960.0,4643360.0,0.75,0.7017543859649122
1297,1,320,110,210,22.21,304,100,204,23.93,366824,107696,1105624,322024,2,0,51,10,0,250422-104942_Run_1165_Idx_28017,2920,0,5e-05,20000000,3668240.0,1076960.0,11056240.0,3220240.0,0.65625,0.6710526315789473
1298,1,320,80,240,26.65,304,92,212,25.58,494080,123520,1257664,342656,2,0,51,10,0,250422-092931_Run_733_Idx_78509,1840,0,5e-05,20000000,4940800.0,1235200.0,12576640.0,3426560.0,0.75,0.6973684210526315
1299,1,320,104,216,23.1,304,107,197,22.51,419888,115352,1057840,283880,2,0,51,10,0,250422-100214_Run_953_Idx_79669,2390,0,5e-05,20000000,4198880.0,1153520.0,10578400.0,2838800.0,0.675,0.6480263157894737
1300,1,290,78,212,26.59,95,25,70,27.0,4720392,1265256,2320888,610760,7,0,51,10,0,250422-062125_Run_7_Idx_91797,20,0,5e-05,20000000,47203920.0,12652560.0,23208880.0,6107600.0,0.7310344827586207,0.7368421052631579
1301,1,290,82,208,25.55,95,25,70,27.0,4148872,1142728,2320888,610760,7,0,51,10,0,250422-084006_Run_875_Idx_75108,2190,0,5e-05,20000000,41488720.0,11427280.0,23208880.0,6107600.0,0.7172413793103448,0.7368421052631579
1302,1,160,43,117,25.76,38,10,28,27.0,4486704,1189096,2258416,594320,14,0,51,10,0,250422-065629_Run_688_Idx_27734,1720,0,5e-05,20000000,44867040.0,11890960.0,22584160.0,5943200.0,0.73125,0.7368421052631579
1303,1,290,78,212,25.75,95,25,70,27.0,4155432,1111176,2320888,610760,7,0,51,10,0,250422-091123_Run_979_Idx_10643,2450,0,5e-05,20000000,41554320.0,11111760.0,23208880.0,6107600.0,0.7310344827586207,0.7368421052631579
1304,1,320,88,232,25.08,171,45,126,27.0,1665488,430960,1975848,519960,4,0,51,10,0,250422-103403_Run_1114_Idx_97419,2790,0,5e-05,20000000,16654880.0,4309600.0,19758480.0,5199600.0,0.725,0.7368421052631579
1305,1,320,80,240,26.65,304,96,208,25.58,494080,123520,1292416,360576,2,0,51,10,0,250422-061328_Run_37_Idx_3421,100,0,5e-05,20000000,4940800.0,1235200.0,12924160.0,3605760.0,0.75,0.6842105263157895
1306,1,320,80,240,26.65,304,80,224,25.63,494080,123520,1089536,290304,2,0,51,10,0,250422-100718_Run_357_Idx_78175,900,0,5e-05,20000000,4940800.0,1235200.0,10895360.0,2903040.0,0.75,0.7368421052631579
1307,1,320,80,240,26.45,171,54,117,24.63,1942144,485536,1637080,443800,4,0,51,10,0,250422-092250_Run_498_Idx_94655,1250,0,5e-05,20000000,19421440.0,4855360.0,16370800.0,4438000.0,0.75,0.6842105263157895
1308,1,160,43,117,24.68,38,10,28,22.79,4528040,1209224,1797872,479184,14,0,51,10,0,250422-065439_Run_808_Idx_82007,2020,0,5e-05,20000000,45280400.0,12092240.0,17978720.0,4791840.0,0.73125,0.7368421052631579
1309,1,320,80,240,26.56,171,45,126,27.0,1942144,485536,1975848,519960,4,0,51,10,0,250422-102950_Run_106_Idx_21514,270,0,5e-05,20000000,19421440.0,4855360.0,19758480.0,5199600.0,0.75,0.7368421052631579
1310,1,320,80,240,26.54,171,45,126,27.0,1942144,485536,1975848,519960,4,0,51,10,0,250422-061929_Run_34_Idx_40035,90,0,5e-05,20000000,19421440.0,4855360.0,19758480.0,5199600.0,0.75,0.7368421052631579
1311,1,320,80,240,26.42,171,63,108,24.16,1915904,478976,1774456,526552,4,0,51,10,0,250422-062117_Run_98_Idx_79337,250,0,5e-05,20000000,19159040.0,4789760.0,17744560.0,5265520.0,0.75,0.631578947368421
1312,1,160,45,115,25.94,38,10,28,27.0,5079672,1350272,2258416,594320,14,0,51,10,0,250422-094707_Run_248_Idx_74420,620,0,5e-05,20000000,50796720.0,13502720.0,22584160.0,5943200.0,0.71875,0.7368421052631579
1313,1,320,80,240,26.56,171,45,126,25.63,1942144,485536,1581384,421344,4,0,51,10,0,250422-081826_Run_766_Idx_48165,1920,0,5e-05,20000000,19421440.0,4855360.0,15813840.0,4213440.0,0.75,0.7368421052631579
1314,1,320,103,217,22.1,304,90,214,24.65,333056,92776,1188160,320664,2,0,51,10,0,250422-124850_Run_1701_Idx_61069,4260,0,5e-05,20000000,3330560.0,927760.0,11881600.0,3206640.0,0.678125,0.7039473684210527
1315,1,320,80,240,26.56,171,45,126,27.0,1942144,485536,1975848,519960,4,0,51,10,0,250422-075527_Run_182_Idx_21514,460,0,5e-05,20000000,19421440.0,4855360.0,19758480.0,5199600.0,0.75,0.7368421052631579
1316,1,290,78,212,25.87,95,25,70,24.53,4507912,1212136,1848216,492592,7,0,51,10,0,250422-114928_Run_1491_Idx_67176,3730,0,5e-05,20000000,45079120.0,12121360.0,18482160.0,4925920.0,0.7310344827586207,0.7368421052631579
1317,1,160,43,117,26.27,38,10,28,27.0,5118008,1366704,2258416,594320,14,0,51,10,0,250422-113444_Run_1260_Idx_22272,3150,0,5e-05,20000000,51180080.0,13667040.0,22584160.0,5943200.0,0.73125,0.7368421052631579
1318,1,160,43,117,26.04,38,11,27,24.87,5301832,1388272,1740304,481048,14,0,51,10,0,250422-094726_Run_604_Idx_85404,1510,0,5e-05,20000000,53018320.0,13882720.0,17403040.0,4810480.0,0.73125,0.7105263157894737
1319,1,320,80,240,26.65,304,102,202,24.51,494080,123520,1162096,335328,2,0,51,10,0,250422-075549_Run_777_Idx_8521,1950,0,5e-05,20000000,4940800.0,1235200.0,11620960.0,3353280.0,0.75,0.6644736842105263
1320,1,320,90,230,24.83,304,92,212,23.98,439408,114512,1057840,281840,2,0,51,10,0,250422-113132_Run_1321_Idx_8521,3310,0,5e-05,20000000,4394080.0,1145120.0,10578400.0,2818400.0,0.71875,0.6973684210526315
1321,1,320,90,230,25.08,171,52,119,23.63,1640808,427784,1485856,394112,4,0,51,10,0,250422-082128_Run_1002_Idx_94378,2510,0,5e-05,20000000,16408080.0,4277840.0,14858560.0,3941120.0,0.71875,0.695906432748538
1322,1,160,43,117,20.11,38,10,28,21.42,2915792,796368,1337328,364048,14,0,51,10,0,250422-142003_Run_1892_Idx_27734,4730,0,5e-05,20000000,29157920.0,7963680.0,13373280.0,3640480.0,0.73125,0.7368421052631579
1323,1,290,92,198,24.96,95,28,67,25.58,4336712,1223448,2124832,574024,7,0,51,10,0,250422-090750_Run_387_Idx_70976,970,0,5e-05,20000000,43367120.0,12234480.0,21248320.0,5740240.0,0.6827586206896552,0.7052631578947368
1324,1,320,93,227,24.53,171,58,113,24.2,1743264,458920,1403448,412192,4,0,51,10,0,250422-083431_Run_402_Idx_58525,1010,0,5e-05,20000000,17432640.0,4589200.0,14034480.0,4121920.0,0.709375,0.6608187134502924
1325,1,320,80,240,26.54,171,45,126,27.0,1942144,485536,1975848,519960,4,0,51,10,0,250422-064900_Run_454_Idx_40035,1140,0,5e-05,20000000,19421440.0,4855360.0,19758480.0,5199600.0,0.75,0.7368421052631579
1326,1,320,80,240,26.45,171,46,125,22.42,1915904,478976,1295264,327096,4,0,51,10,0,250422-141101_Run_1950_Idx_95810,4880,0,5e-05,20000000,19159040.0,4789760.0,12952640.0,3270960.0,0.75,0.7309941520467836
1327,1,320,94,226,23.2,171,52,119,21.98,1515544,388800,1259880,328800,4,0,51,10,0,250422-122321_Run_1298_Idx_53943,3250,0,5e-05,20000000,15155440.0,3888000.0,12598800.0,3288000.0,0.70625,0.695906432748538
1328,1,320,110,210,18.91,304,101,203,19.53,259448,75224,784168,222248,2,0,51,10,0,250422-140729_Run_1965_Idx_14381,4920,0,5e-05,20000000,2594480.0,752240.0,7841680.0,2222480.0,0.65625,0.6677631578947368
1329,1,320,80,240,25.91,171,63,108,22.47,1942144,485536,1457816,446504,4,0,51,10,0,250422-114138_Run_1198_Idx_85321,3000,0,5e-05,20000000,19421440.0,4855360.0,14578160.0,4465040.0,0.75,0.631578947368421
1330,1,290,80,210,24.64,95,25,70,27.0,3977192,1076792,2320888,610760,7,0,51,10,0,250422-114820_Run_1195_Idx_47120,2990,0,5e-05,20000000,39771920.0,10767920.0,23208880.0,6107600.0,0.7241379310344828,0.7368421052631579
1331,1,290,78,212,26.64,95,25,70,27.0,4781832,1280616,2320888,610760,7,0,51,10,0,250422-091714_Run_739_Idx_54015,1850,0,5e-05,20000000,47818320.0,12806160.0,23208880.0,6107600.0,0.7310344827586207,0.7368421052631579
1332,1,160,43,117,26.56,38,10,28,27.0,5355000,1425952,2258416,594320,14,0,51,10,0,250422-061316_Run_24_Idx_87442,60,0,5e-05,20000000,53550000.0,14259520.0,22584160.0,5943200.0,0.73125,0.7368421052631579
1333,1,290,79,211,25.98,95,25,70,27.0,4422312,1195824,2320888,610760,7,0,51,10,0,250422-120313_Run_1307_Idx_85350,3270,0,5e-05,20000000,44223120.0,11958240.0,23208880.0,6107600.0,0.7275862068965517,0.7368421052631579
1334,1,290,78,212,20.14,95,25,70,21.64,2700232,700296,1493712,374424,7,0,51,10,0,250422-135710_Run_1847_Idx_91797,4620,0,5e-05,20000000,27002320.0,7002960.0,14937120.0,3744240.0,0.7310344827586207,0.7368421052631579
1335,1,320,80,240,26.54,171,45,126,27.0,1942144,485536,1975848,519960,4,0,51,10,0,250422-095921_Run_122_Idx_21514,310,0,5e-05,20000000,19421440.0,4855360.0,19758480.0,5199600.0,0.75,0.7368421052631579
1336,1,160,43,117,25.91,38,14,24,23.45,5182752,1329120,1797872,544208,14,0,51,10,0,250422-095454_Run_600_Idx_65755,1500,0,5e-05,20000000,51827520.0,13291200.0,17978720.0,5442080.0,0.73125,0.631578947368421
1337,1,320,80,240,26.65,304,80,224,27.0,494080,123520,1361920,358400,2,0,51,10,0,250422-063538_Run_461_Idx_78175,1160,0,5e-05,20000000,4940800.0,1235200.0,13619200.0,3584000.0,0.75,0.7368421052631579
1338,1,290,83,207,26.03,95,29,66,25.58,4566312,1252176,2259632,628304,7,0,51,10,0,250422-101144_Run_235_Idx_53611,590,0,5e-05,20000000,45663120.0,12521760.0,22596320.0,6283040.0,0.7137931034482758,0.6947368421052632
1339,1,290,78,212,26.64,95,25,70,27.0,4781832,1280616,2320888,610760,7,0,51,10,0,250422-090128_Run_151_Idx_3654,380,0,5e-05,20000000,47818320.0,12806160.0,23208880.0,6107600.0,0.7310344827586207,0.7368421052631579
1340,1,320,80,240,26.5,171,50,121,23.9,1915904,478976,1416680,380400,4,0,51,10,0,250422-131041_Run_1690_Idx_89047,4230,0,5e-05,20000000,19159040.0,4789760.0,14166800.0,3804000.0,0.75,0.7076023391812866
1341,1,160,43,117,23.44,38,10,28,21.32,3410464,895624,991920,248912,14,0,51,10,0,250422-131406_Run_1628_Idx_87442,4070,0,5e-05,20000000,34104640.0,8956240.0,9919200.0,2489120.0,0.73125,0.7368421052631579
1342,1,160,43,117,25.16,38,10,28,27.0,4187792,1104768,2258416,594320,14,0,51,10,0,250422-114627_Run_1432_Idx_1820,3580,0,5e-05,20000000,41877920.0,11047680.0,22584160.0,5943200.0,0.73125,0.7368421052631579
1343,1,320,80,240,26.5,171,45,126,27.0,1915904,478976,1975848,519960,4,0,51,10,0,250422-091925_Run_262_Idx_51250,660,0,5e-05,20000000,19159040.0,4789760.0,19758480.0,5199600.0,0.75,0.7368421052631579
1344,1,290,83,207,25.75,95,35,60,23.87,4627752,1216176,2142800,633632,7,0,51,10,0,250422-072153_Run_199_Idx_88827,500,0,5e-05,20000000,46277520.0,12161760.0,21428000.0,6336320.0,0.7137931034482758,0.631578947368421
1345,1,320,80,240,26.65,304,80,224,27.0,494080,123520,1361920,358400,2,0,51,10,0,250422-103020_Run_345_Idx_78175,870,0,5e-05,20000000,4940800.0,1235200.0,13619200.0,3584000.0,0.75,0.7368421052631579
1346,1,290,78,212,25.66,95,28,67,24.46,4354312,1173736,2051736,549528,7,0,51,10,0,250422-103153_Run_819_Idx_52312,2050,0,5e-05,20000000,43543120.0,11737360.0,20517360.0,5495280.0,0.7310344827586207,0.7052631578947368
1347,1,290,78,212,21.22,95,26,69,23.02,2915752,767016,1548960,402024,7,0,51,10,0,250422-141736_Run_1987_Idx_66629,4970,0,5e-05,20000000,29157520.0,7670160.0,15489600.0,4020240.0,0.7310344827586207,0.7263157894736842
1348,1,320,91,229,23.62,304,107,197,20.13,434584,116184,884080,253472,2,0,51,10,0,250422-130001_Run_1605_Idx_86950,4020,0,5e-05,20000000,4345840.0,1161840.0,8840800.0,2534720.0,0.715625,0.6480263157894737
1349,1,320,90,230,21.46,171,52,119,20.53,1413136,367792,1071224,293416,4,0,51,10,0,250422-131849_Run_1686_Idx_88724,4220,0,5e-05,20000000,14131360.0,3677920.0,10712240.0,2934160.0,0.71875,0.695906432748538
1350,1,160,43,117,25.12,38,10,28,22.79,4371080,1169984,885680,251136,14,0,51,10,0,250422-113400_Run_1320_Idx_82007,3300,0,5e-05,20000000,43710800.0,11699840.0,8856800.0,2511360.0,0.73125,0.7368421052631579
1351,1,290,78,212,26.64,95,25,70,27.0,4781832,1280616,2320888,610760,7,0,51,10,0,250422-084959_Run_395_Idx_67176,990,0,5e-05,20000000,47818320.0,12806160.0,23208880.0,6107600.0,0.7310344827586207,0.7368421052631579
1352,1,160,43,117,22.85,38,10,28,21.53,3792160,1025448,1337328,364048,14,0,51,10,0,250422-112839_Run_1440_Idx_1820,3600,0,5e-05,20000000,37921600.0,10254480.0,13373280.0,3640480.0,0.73125,0.7368421052631579
1353,1,290,78,212,22.4,95,25,70,22.74,2974152,803016,1375544,374424,7,0,51,10,0,250422-125238_Run_1699_Idx_91797,4250,0,5e-05,20000000,29741520.0,8030160.0,13755440.0,3744240.0,0.7310344827586207,0.7368421052631579
1354,1,290,87,203,25.66,95,30,65,25.01,4497832,1255408,2046944,575800,7,0,51,10,0,250422-083339_Run_283_Idx_40473,710,0,5e-05,20000000,44978320.0,12554080.0,20469440.0,5758000.0,0.7,0.6842105263157895
1355,1,160,43,117,25.42,38,13,25,22.89,4173296,1110744,1797872,484776,14,0,51,10,0,250422-083228_Run_640_Idx_49245,1600,0,5e-05,20000000,41732960.0,11107440.0,17978720.0,4847760.0,0.73125,0.6578947368421053
1356,1,320,92,228,24.58,304,80,224,27.0,432976,113032,1361920,358400,2,0,51,10,0,250422-115853_Run_1309_Idx_78509,3280,0,5e-05,20000000,4329760.0,1130320.0,13619200.0,3584000.0,0.7125,0.7368421052631579
1357,1,320,105,215,19.6,304,115,189,16.0,365440,96176,753760,206776,2,0,51,10,0,250422-130757_Run_1601_Idx_50721,4010,0,5e-05,20000000,3654400.0,961760.0,7537600.0,2067760.0,0.671875,0.6217105263157895
1358,1,160,43,117,24.27,38,10,28,24.47,4452016,1170824,1797872,479184,14,0,51,10,0,250422-103536_Run_1232_Idx_87442,3080,0,5e-05,20000000,44520160.0,11708240.0,17978720.0,4791840.0,0.73125,0.7368421052631579
1359,1,320,80,240,26.6,304,80,224,27.0,487424,121856,1361920,358400,2,0,51,10,0,250422-060901_Run_65_Idx_2588,170,0,5e-05,20000000,4874240.0,1218560.0,13619200.0,3584000.0,0.75,0.7368421052631579
1360,1,290,79,211,26.13,95,28,67,25.58,4703272,1266064,2288040,628296,7,0,51,10,0,250422-090856_Run_267_Idx_82160,670,0,5e-05,20000000,47032720.0,12660640.0,22880400.0,6282960.0,0.7275862068965517,0.7052631578947368
1361,1,290,82,208,24.71,95,28,67,25.01,3720872,1022888,2025088,562216,7,0,51,10,0,250422-082238_Run_883_Idx_94053,2210,0,5e-05,20000000,37208720.0,10228880.0,20250880.0,5622160.0,0.7172413793103448,0.7052631578947368
1362,1,320,88,232,23.54,171,53,118,25.11,1425968,367376,1690840,469952,4,0,51,10,0,250422-115134_Run_1134_Idx_27429,2840,0,5e-05,20000000,14259680.0,3673760.0,16908400.0,4699520.0,0.725,0.6900584795321637
1363,1,290,80,210,26.36,95,25,70,27.0,4730472,1265112,2320888,610760,7,0,51,10,0,250422-094041_Run_371_Idx_15846,930,0,5e-05,20000000,47304720.0,12651120.0,23208880.0,6107600.0,0.7241379310344828,0.7368421052631579
1364,1,320,80,240,26.6,304,112,192,24.16,487424,121856,1222912,362752,2,0,51,10,0,250422-062325_Run_97_Idx_44560,250,0,5e-05,20000000,4874240.0,1218560.0,12229120.0,3627520.0,0.75,0.631578947368421
1365,1,290,78,212,23.39,95,25,70,22.74,3470632,939976,1375544,374424,7,0,51,10,0,250422-104734_Run_1403_Idx_91797,3510,0,5e-05,20000000,34706320.0,9399760.0,13755440.0,3744240.0,0.7310344827586207,0.7368421052631579
1366,1,320,96,224,25.21,171,45,126,27.0,1841632,490016,1975848,519960,4,0,51,10,0,250422-082009_Run_170_Idx_95140,430,0,5e-05,20000000,18416320.0,4900160.0,19758480.0,5199600.0,0.7,0.7368421052631579
1367,1,320,96,224,20.17,171,51,120,21.86,1068264,271744,1271320,323616,4,0,51,10,0,250422-134037_Run_1794_Idx_85423,4490,0,5e-05,20000000,10682640.0,2717440.0,12713200.0,3236160.0,0.7,0.7017543859649122
1368,1,320,80,240,26.6,304,80,224,27.0,487424,121856,1361920,358400,2,0,51,10,0,250422-100812_Run_593_Idx_2588,1490,0,5e-05,20000000,4874240.0,1218560.0,13619200.0,3584000.0,0.75,0.7368421052631579
1369,1,320,116,204,18.67,304,111,193,17.84,313984,84016,801544,214920,2,0,51,10,0,250422-124010_Run_1645_Idx_26566,4120,0,5e-05,20000000,3139840.0,840160.0,8015440.0,2149200.0,0.6375,0.6348684210526315
1370,1,320,82,238,24.86,171,51,120,18.42,1479352,372400,1165640,313552,4,0,51,10,0,250422-105500_Run_1518_Idx_13870,3800,0,5e-05,20000000,14793520.0,3724000.0,11656400.0,3135520.0,0.74375,0.7017543859649122
1371,1,160,43,117,25.32,38,10,28,27.0,4447528,1189096,2258416,594320,14,0,51,10,0,250422-114924_Run_1372_Idx_13114,3430,0,5e-05,20000000,44475280.0,11890960.0,22584160.0,5943200.0,0.73125,0.7368421052631579
1372,1,160,44,116,25.99,38,10,28,27.0,4882240,1289320,2258416,594320,14,0,51,10,0,250422-103232_Run_224_Idx_93324,560,0,5e-05,20000000,48822400.0,12893200.0,22584160.0,5943200.0,0.725,0.7368421052631579
1373,1,320,80,240,26.56,171,45,126,27.0,1942144,485536,1975848,519960,4,0,51,10,0,250422-060908_Run_26_Idx_21514,70,0,5e-05,20000000,19421440.0,4855360.0,19758480.0,5199600.0,0.75,0.7368421052631579
1374,1,290,78,212,24.29,95,27,68,22.45,3925832,1040936,1576976,416480,7,0,51,10,0,250422-122930_Run_1295_Idx_48914,3240,0,5e-05,20000000,39258320.0,10409360.0,15769760.0,4164800.0,0.7310344827586207,0.7157894736842105
1375,1,320,91,229,25.06,171,58,113,22.89,1654696,433568,1384640,378216,4,0,51,10,0,250422-083335_Run_878_Idx_47225,2200,0,5e-05,20000000,16546960.0,4335680.0,13846400.0,3782160.0,0.715625,0.6608187134502924
1376,1,320,80,240,26.6,304,105,199,23.36,487424,121856,1118656,292296,2,0,51,10,0,250422-095308_Run_601_Idx_95440,1510,0,5e-05,20000000,4874240.0,1218560.0,11186560.0,2922960.0,0.75,0.6546052631578947
1377,1,320,93,227,25.3,304,122,182,21.71,453880,119528,1070872,294608,2,0,51,10,0,250422-100324_Run_477_Idx_52349,1200,0,5e-05,20000000,4538800.0,1195280.0,10708720.0,2946080.0,0.709375,0.5986842105263158
1378,1,320,80,240,26.65,304,80,224,27.0,494080,123520,1361920,358400,2,0,51,10,0,250422-110438_Run_1513_Idx_78175,3790,0,5e-05,20000000,4940800.0,1235200.0,13619200.0,3584000.0,0.75,0.7368421052631579
1379,1,320,95,225,24.91,171,45,126,27.0,1780232,475304,1975848,519960,4,0,51,10,0,250422-084831_Run_514_Idx_45018,1290,0,5e-05,20000000,17802320.0,4753040.0,19758480.0,5199600.0,0.703125,0.7368421052631579
1380,1,320,88,232,25.06,171,45,126,27.0,1630640,422032,1975848,519960,4,0,51,10,0,250422-072806_Run_910_Idx_77904,2280,0,5e-05,20000000,16306400.0,4220320.0,19758480.0,5199600.0,0.725,0.7368421052631579
1381,1,320,80,240,26.5,171,45,126,27.0,1915904,478976,1975848,519960,4,0,51,10,0,250422-093525_Run_254_Idx_51250,640,0,5e-05,20000000,19159040.0,4789760.0,19758480.0,5199600.0,0.75,0.7368421052631579
1382,1,160,44,116,26.26,38,10,28,27.0,5358560,1408400,2258416,594320,14,0,51,10,0,250422-061111_Run_64_Idx_85404,160,0,5e-05,20000000,53585600.0,14084000.0,22584160.0,5943200.0,0.725,0.7368421052631579
1383,1,290,78,212,23.22,95,25,70,22.74,3755112,1002536,1848216,492592,7,0,51,10,0,250422-110747_Run_1451_Idx_46758,3630,0,5e-05,20000000,37551120.0,10025360.0,18482160.0,4925920.0,0.7310344827586207,0.7368421052631579
1384,1,320,80,240,26.54,171,53,118,25.58,1942144,485536,1772048,491488,4,0,51,10,0,250422-075232_Run_422_Idx_13870,1060,0,5e-05,20000000,19421440.0,4855360.0,17720480.0,4914880.0,0.75,0.6900584795321637
1385,1,320,103,217,24.15,304,90,214,25.58,416672,113680,1240288,333696,2,0,51,10,0,250422-104338_Run_1109_Idx_32033,2780,0,5e-05,20000000,4166720.0,1136800.0,12402880.0,3336960.0,0.678125,0.7039473684210527
1386,1,290,78,212,26.31,95,25,70,27.0,4566312,1213896,2320888,610760,7,0,51,10,0,250422-090932_Run_623_Idx_42567,1560,0,5e-05,20000000,45663120.0,12138960.0,23208880.0,6107600.0,0.7310344827586207,0.7368421052631579
1387,1,290,85,205,25.0,95,34,61,22.45,4165512,1132192,1920064,541288,7,0,51,10,0,250422-095933_Run_479_Idx_58974,1200,0,5e-05,20000000,41655120.0,11321920.0,19200640.0,5412880.0,0.7068965517241379,0.6421052631578947
1388,1,290,78,212,25.75,95,25,70,27.0,4241032,1145416,2320888,610760,7,0,51,10,0,250422-115139_Run_1371_Idx_91797,3430,0,5e-05,20000000,42410320.0,11454160.0,23208880.0,6107600.0,0.7310344827586207,0.7368421052631579
1389,1,320,105,215,23.42,304,92,212,25.25,404168,113496,1240288,342656,2,0,51,10,0,250422-085324_Run_869_Idx_18441,2180,0,5e-05,20000000,4041680.0,1134960.0,12402880.0,3426560.0,0.671875,0.6973684210526315
1390,1,320,80,240,26.56,171,45,126,27.0,1942144,485536,1975848,519960,4,0,51,10,0,250422-080937_Run_770_Idx_48165,1930,0,5e-05,20000000,19421440.0,4855360.0,19758480.0,5199600.0,0.75,0.7368421052631579
1391,1,320,80,240,26.41,171,52,119,23.23,1880192,470048,1458224,399160,4,0,51,10,0,250422-125813_Run_1666_Idx_41603,4170,0,5e-05,20000000,18801920.0,4700480.0,14582240.0,3991600.0,0.75,0.695906432748538
1392,1,160,46,114,24.12,38,11,27,25.58,4239136,1116048,2028144,538616,14,0,51,10,0,250422-093957_Run_608_Idx_65755,1520,0,5e-05,20000000,42391360.0,11160480.0,20281440.0,5386160.0,0.7125,0.7105263157894737
1393,1,320,80,240,26.65,304,94,210,25.58,494080,123520,1266352,351616,2,0,51,10,0,250422-074802_Run_781_Idx_81031,1960,0,5e-05,20000000,4940800.0,1235200.0,12663520.0,3516160.0,0.75,0.6907894736842105
1394,1,320,80,240,26.65,304,80,224,27.0,494080,123520,1361920,358400,2,0,51,10,0,250422-093639_Run_373_Idx_78175,940,0,5e-05,20000000,4940800.0,1235200.0,13619200.0,3584000.0,0.75,0.7368421052631579
1395,1,160,43,117,26.56,38,10,28,27.0,5355000,1425952,2258416,594320,14,0,51,10,0,250422-094034_Run_132_Idx_87442,330,0,5e-05,20000000,53550000.0,14259520.0,22584160.0,5943200.0,0.73125,0.7368421052631579
1396,1,320,94,226,25.15,171,45,126,27.0,1794592,473632,1975848,519960,4,0,51,10,0,250422-082219_Run_526_Idx_29806,1320,0,5e-05,20000000,17945920.0,4736320.0,19758480.0,5199600.0,0.70625,0.7368421052631579
1397,1,160,46,114,25.89,38,11,27,25.58,4780256,1291424,1970576,538616,14,0,51,10,0,250422-065639_Run_212_Idx_887,530,0,5e-05,20000000,47802560.0,12914240.0,19705760.0,5386160.0,0.7125,0.7105263157894737
1398,1,320,80,240,25.4,171,48,123,20.0,1915904,478976,928552,268744,4,0,51,10,0,250422-141917_Run_1906_Idx_78472,4770,0,5e-05,20000000,19159040.0,4789760.0,9285520.0,2687440.0,0.75,0.7192982456140351
1399,1,320,80,240,26.65,304,93,211,25.33,494080,123520,1266352,347136,2,0,51,10,0,250422-070435_Run_565_Idx_50037,1420,0,5e-05,20000000,4940800.0,1235200.0,12663520.0,3471360.0,0.75,0.694078947368421
1400,1,320,99,221,22.38,171,54,117,22.96,1382224,378264,1273552,350200,4,0,51,10,0,250422-110147_Run_1218_Idx_20548,3050,0,5e-05,20000000,13822240.0,3782640.0,12735520.0,3502000.0,0.690625,0.6842105263157895
1401,1,320,103,217,23.8,304,95,209,25.22,386480,106936,1214224,338720,2,0,51,10,0,250422-093510_Run_849_Idx_91261,2130,0,5e-05,20000000,3864800.0,1069360.0,12142240.0,3387200.0,0.678125,0.6875
1402,1,320,109,211,22.02,304,95,209,19.62,362000,102808,828896,235872,2,0,51,10,0,250422-105858_Run_1397_Idx_26813,3500,0,5e-05,20000000,3620000.0,1028080.0,8288960.0,2358720.0,0.659375,0.6875
1403,1,290,82,208,25.66,95,28,67,25.58,4292392,1165768,2180864,601160,7,0,51,10,0,250422-093352_Run_611_Idx_37444,1530,0,5e-05,20000000,42923920.0,11657680.0,21808640.0,6011600.0,0.7172413793103448,0.7052631578947368
1404,1,320,102,218,23.9,304,100,204,23.71,411848,112008,1075216,308992,2,0,51,10,0,250422-122039_Run_1121_Idx_91119,2810,0,5e-05,20000000,4118480.0,1120080.0,10752160.0,3089920.0,0.68125,0.6710526315789473
1405,1,290,78,212,21.42,95,25,70,25.29,3111112,837256,1848216,492592,7,0,51,10,0,250422-134940_Run_1775_Idx_10643,4440,0,5e-05,20000000,31111120.0,8372560.0,18482160.0,4925920.0,0.7310344827586207,0.7368421052631579
1406,1,320,80,240,26.56,171,45,126,27.0,1942144,485536,1975848,519960,4,0,51,10,0,250422-063715_Run_222_Idx_21514,560,0,5e-05,20000000,19421440.0,4855360.0,19758480.0,5199600.0,0.75,0.7368421052631579
1407,1,320,91,229,25.15,304,110,194,22.07,429896,112600,1023088,279944,2,0,51,10,0,250422-083551_Run_877_Idx_75139,2200,0,5e-05,20000000,4298960.0,1126000.0,10230880.0,2799440.0,0.715625,0.6381578947368421
1408,1,320,80,240,26.6,304,96,208,25.58,487424,121856,1292416,360576,2,0,51,10,0,250422-092933_Run_257_Idx_92681,650,0,5e-05,20000000,4874240.0,1218560.0,12924160.0,3605760.0,0.75,0.6842105263157895
1409,1,290,78,212,26.64,95,25,70,27.0,4781832,1280616,2320888,610760,7,0,51,10,0,250422-062740_Run_43_Idx_96012,110,0,5e-05,20000000,47818320.0,12806160.0,23208880.0,6107600.0,0.7310344827586207,0.7368421052631579
1410,1,320,80,240,26.56,171,45,126,27.0,1942144,485536,1975848,519960,4,0,51,10,0,250422-073139_Run_194_Idx_21514,490,0,5e-05,20000000,19421440.0,4855360.0,19758480.0,5199600.0,0.75,0.7368421052631579
1411,1,290,78,212,26.59,95,25,70,27.0,4720392,1265256,2320888,610760,7,0,51,10,0,250422-102648_Run_227_Idx_91797,570,0,5e-05,20000000,47203920.0,12652560.0,23208880.0,6107600.0,0.7310344827586207,0.7368421052631579
1412,1,160,43,117,26.6,38,10,28,27.0,5078216,1346768,2258416,594320,14,0,51,10,0,250422-101731_Run_588_Idx_27734,1470,0,5e-05,20000000,50782160.0,13467680.0,22584160.0,5943200.0,0.73125,0.7368421052631579
1413,1,320,91,229,25.25,304,80,224,27.0,437576,114520,1361920,358400,2,0,51,10,0,250422-070233_Run_685_Idx_85000,1720,0,5e-05,20000000,4375760.0,1145200.0,13619200.0,3584000.0,0.715625,0.7368421052631579
1414,1,320,93,227,24.79,304,90,214,25.09,415288,109880,1214224,333696,2,0,51,10,0,250422-121737_Run_1241_Idx_79992,3110,0,5e-05,20000000,4152880.0,1098800.0,12142240.0,3336960.0,0.709375,0.7039473684210527
1415,1,320,80,240,25.91,171,54,117,22.75,1880192,470048,1203784,337056,4,0,51,10,0,250422-103932_Run_1466_Idx_27513,3670,0,5e-05,20000000,18801920.0,4700480.0,12037840.0,3370560.0,0.75,0.6842105263157895
1416,1,160,43,117,26.27,38,10,28,27.0,5155824,1326752,2258416,594320,14,0,51,10,0,250422-100211_Run_716_Idx_82007,1790,0,5e-05,20000000,51558240.0,13267520.0,22584160.0,5943200.0,0.73125,0.7368421052631579
1417,1,160,43,117,25.78,38,10,28,27.0,4765032,1268472,2258416,594320,14,0,51,10,0,250422-090640_Run_744_Idx_82007,1860,0,5e-05,20000000,47650320.0,12684720.0,22584160.0,5943200.0,0.73125,0.7368421052631579
1418,1,320,80,240,26.48,171,45,126,27.0,1915904,478976,1975848,519960,4,0,51,10,0,250422-062323_Run_58_Idx_33009,150,0,5e-05,20000000,19159040.0,4789760.0,19758480.0,5199600.0,0.75,0.7368421052631579
1419,1,320,91,229,25.15,304,80,224,27.0,429896,112600,1361920,358400,2,0,51,10,0,250422-073008_Run_909_Idx_33399,2280,0,5e-05,20000000,4298960.0,1126000.0,13619200.0,3584000.0,0.715625,0.7368421052631579
1420,1,320,80,240,26.54,171,45,126,27.0,1942144,485536,1975848,519960,4,0,51,10,0,250422-102818_Run_346_Idx_40035,870,0,5e-05,20000000,19421440.0,4855360.0,19758480.0,5199600.0,0.75,0.7368421052631579
1421,1,160,43,117,24.54,38,10,28,23.05,4017208,1091504,1337328,364048,14,0,51,10,0,250422-104834_Run_1284_Idx_22272,3210,0,5e-05,20000000,40172080.0,10915040.0,13373280.0,3640480.0,0.73125,0.7368421052631579
1422,1,320,80,240,26.5,171,61,110,24.19,1915904,478976,1648112,485256,4,0,51,10,0,250422-100559_Run_238_Idx_11131,600,0,5e-05,20000000,19159040.0,4789760.0,16481120.0,4852560.0,0.75,0.6432748538011696
1423,1,320,93,227,24.04,171,45,126,27.0,1669160,433752,1975848,519960,4,0,51,10,0,250422-072515_Run_1030_Idx_51854,2580,0,5e-05,20000000,16691600.0,4337520.0,19758480.0,5199600.0,0.709375,0.7368421052631579
1424,1,320,80,240,26.56,171,45,126,27.0,1942144,485536,1975848,519960,4,0,51,10,0,250422-061116_Run_90_Idx_48165,230,0,5e-05,20000000,19421440.0,4855360.0,19758480.0,5199600.0,0.75,0.7368421052631579
1425,1,290,78,212,22.73,95,25,70,24.53,3377992,903976,1848216,492592,7,0,51,10,0,250422-135635_Run_1863_Idx_54015,4660,0,5e-05,20000000,33779920.0,9039760.0,18482160.0,4925920.0,0.7310344827586207,0.7368421052631579
1426,1,290,79,211,26.45,95,25,70,27.0,4747592,1264304,2320888,610760,7,0,51,10,0,250422-062543_Run_31_Idx_66629,80,0,5e-05,20000000,47475920.0,12643040.0,23208880.0,6107600.0,0.7275862068965517,0.7368421052631579
1427,1,160,44,116,24.99,38,10,28,24.16,3986776,1084848,1797872,479184,14,0,51,10,0,250422-082911_Run_880_Idx_80582,2200,0,5e-05,20000000,39867760.0,10848480.0,17978720.0,4791840.0,0.725,0.7368421052631579
1428,1,160,43,117,23.5,38,13,25,24.16,4177592,1111576,1855440,542344,14,0,51,10,0,250422-071415_Run_560_Idx_98436,1400,0,5e-05,20000000,41775920.0,11115760.0,18554400.0,5423440.0,0.73125,0.6578947368421053
1429,1,160,45,115,23.65,38,11,27,23.61,4098336,1114344,1797872,481048,14,0,51,10,0,250422-071209_Run_680_Idx_49245,1700,0,5e-05,20000000,40983360.0,11143440.0,17978720.0,4810480.0,0.71875,0.7105263157894737
1430,1,320,80,240,26.65,304,80,224,27.0,494080,123520,1361920,358400,2,0,51,10,0,250422-063912_Run_221_Idx_24085,560,0,5e-05,20000000,4940800.0,1235200.0,13619200.0,3584000.0,0.75,0.7368421052631579
1431,1,320,80,240,26.65,304,109,195,23.9,494080,123520,1162096,344968,2,0,51,10,0,250422-070659_Run_445_Idx_9973,1120,0,5e-05,20000000,4940800.0,1235200.0,11620960.0,3449680.0,0.75,0.6414473684210527
1432,1,320,80,240,26.65,304,80,224,27.0,494080,123520,1361920,358400,2,0,51,10,0,250422-062749_Run_17_Idx_24085,50,0,5e-05,20000000,4940800.0,1235200.0,13619200.0,3584000.0,0.75,0.7368421052631579
1433,1,320,80,240,26.6,304,112,192,24.16,487424,121856,1222912,362752,2,0,51,10,0,250422-080353_Run_297_Idx_39049,750,0,5e-05,20000000,4874240.0,1218560.0,12229120.0,3627520.0,0.75,0.631578947368421
1434,1,320,86,234,25.1,171,45,126,27.0,1591664,408096,1975848,519960,4,0,51,10,0,250422-114825_Run_1254_Idx_98672,3140,0,5e-05,20000000,15916640.0,4080960.0,19758480.0,5199600.0,0.73125,0.7368421052631579
1435,1,290,78,212,26.59,95,25,70,27.0,4720392,1265256,2320888,610760,7,0,51,10,0,250422-080747_Run_295_Idx_91797,740,0,5e-05,20000000,47203920.0,12652560.0,23208880.0,6107600.0,0.7310344827586207,0.7368421052631579
1436,1,160,43,117,20.56,38,10,28,19.89,3149880,815472,1337328,364048,14,0,51,10,0,250422-132249_Run_1684_Idx_13114,4210,0,5e-05,20000000,31498800.0,8154720.0,13373280.0,3640480.0,0.73125,0.7368421052631579
1437,1,320,80,240,26.5,171,45,126,27.0,1942144,485536,1975848,519960,4,0,51,10,0,250422-132201_Run_1594_Idx_80127,3990,0,5e-05,20000000,19421440.0,4855360.0,19758480.0,5199600.0,0.75,0.7368421052631579
1438,1,320,80,240,26.56,171,45,126,27.0,1942144,485536,1975848,519960,4,0,51,10,0,250422-062753_Run_82_Idx_48165,210,0,5e-05,20000000,19421440.0,4855360.0,19758480.0,5199600.0,0.75,0.7368421052631579
1439,1,320,80,240,26.42,171,45,126,27.0,1915904,478976,1975848,519960,4,0,51,10,0,250422-130447_Run_1542_Idx_54611,3860,0,5e-05,20000000,19159040.0,4789760.0,19758480.0,5199600.0,0.75,0.7368421052631579
1440,1,290,81,209,25.89,95,28,67,25.58,4456552,1197440,2124832,574024,7,0,51,10,0,250422-092520_Run_735_Idx_43770,1840,0,5e-05,20000000,44565520.0,11974400.0,21248320.0,5740240.0,0.7206896551724138,0.7052631578947368
1441,1,160,44,116,24.28,38,10,28,25.58,3677248,988072,1797872,479184,14,0,51,10,0,250422-074807_Run_900_Idx_80582,2250,0,5e-05,20000000,36772480.0,9880720.0,17978720.0,4791840.0,0.725,0.7368421052631579
1442,1,320,100,220,23.78,304,96,208,25.13,407024,111880,1205536,338856,2,0,51,10,0,250422-093949_Run_965_Idx_52642,2420,0,5e-05,20000000,4070240.0,1118800.0,12055360.0,3388560.0,0.6875,0.6842105263157895
1443,1,290,78,212,20.39,95,25,70,16.43,3412232,869736,1021040,256256,7,0,51,10,0,250422-113101_Run_1499_Idx_67176,3750,0,5e-05,20000000,34122320.0,8697360.0,10210400.0,2562560.0,0.7310344827586207,0.7368421052631579
1444,1,160,44,116,22.94,38,10,28,23.05,3447864,876520,1452464,364048,14,0,51,10,0,250422-105127_Run_1164_Idx_85404,2910,0,5e-05,20000000,34478640.0,8765200.0,14524640.0,3640480.0,0.725,0.7368421052631579
1445,1,160,43,117,7.34,38,10,28,4.42,971872,246800,70832,18640,14,0,51,10,0,250422-130949_Run_1600_Idx_22272,4000,0,5e-05,20000000,9718720.0,2468000.0,708320.0,186400.0,0.73125,0.7368421052631579
1446,1,160,43,117,24.35,38,10,28,24.26,4724312,1229104,1797872,479184,14,0,51,10,0,250422-142800_Run_1928_Idx_22272,4820,0,5e-05,20000000,47243120.0,12291040.0,17978720.0,4791840.0,0.73125,0.7368421052631579
1447,1,290,79,211,25.39,95,25,70,27.0,4412232,1163344,2320888,610760,7,0,51,10,0,250422-063651_Run_1055_Idx_20723,2640,0,5e-05,20000000,44122320.0,11633440.0,23208880.0,6107600.0,0.7275862068965517,0.7368421052631579
1448,1,290,87,203,25.43,95,25,70,27.0,4405192,1219408,2320888,610760,7,0,51,10,0,250422-095549_Run_363_Idx_24997,910,0,5e-05,20000000,44051920.0,12194080.0,23208880.0,6107600.0,0.7,0.7368421052631579
1449,1,160,43,117,22.78,38,10,28,20.58,4235096,1072400,1452464,364048,14,0,51,10,0,250422-123817_Run_1616_Idx_22272,4040,0,5e-05,20000000,42350960.0,10724000.0,14524640.0,3640480.0,0.73125,0.7368421052631579
1450,1,160,43,117,22.04,38,10,28,17.89,3960768,1033200,766096,192456,14,0,51,10,0,250422-070424_Run_684_Idx_27734,1710,0,5e-05,20000000,39607680.0,10332000.0,7660960.0,1924560.0,0.73125,0.7368421052631579
1451,1,320,118,202,21.93,304,106,198,23.59,380048,114328,1162096,340216,2,0,51,10,0,250422-080155_Run_893_Idx_89463,2240,0,5e-05,20000000,3800480.0,1143280.0,11620960.0,3402160.0,0.63125,0.6513157894736842
1452,1,290,85,205,24.31,95,30,65,24.73,3932872,1099712,1996192,563112,7,0,51,10,0,250422-093536_Run_967_Idx_60330,2420,0,5e-05,20000000,39328720.0,10997120.0,19961920.0,5631120.0,0.7068965517241379,0.6842105263157895
1453,1,320,80,240,26.5,304,98,206,23.43,479744,119936,1079560,308720,2,0,51,10,0,250422-130017_Run_1665_Idx_68335,4170,0,5e-05,20000000,4797440.0,1199360.0,10795600.0,3087200.0,0.75,0.6776315789473685
1454,1,160,43,117,25.84,38,10,28,25.58,4981376,1288352,1913008,479184,14,0,51,10,0,250422-123006_Run_1176_Idx_87442,2940,0,5e-05,20000000,49813760.0,12883520.0,19130080.0,4791840.0,0.73125,0.7368421052631579
1455,1,160,43,117,24.84,38,10,28,22.74,4570872,1229920,1337328,364048,14,0,51,10,0,250422-100401_Run_952_Idx_46277,2380,0,5e-05,20000000,45708720.0,12299200.0,13373280.0,3640480.0,0.73125,0.7368421052631579
1456,1,320,89,231,25.06,171,45,126,27.0,1606792,417184,1975848,519960,4,0,51,10,0,250422-090840_Run_862_Idx_27513,2160,0,5e-05,20000000,16067920.0,4171840.0,19758480.0,5199600.0,0.721875,0.7368421052631579
1457,1,290,78,212,24.0,95,25,70,20.0,4035592,1094056,1375544,374424,7,0,51,10,0,250422-141719_Run_1907_Idx_10643,4770,0,5e-05,20000000,40355920.0,10940560.0,13755440.0,3744240.0,0.7310344827586207,0.7368421052631579
1458,1,320,80,240,26.65,304,80,224,27.0,494080,123520,1361920,358400,2,0,51,10,0,250422-094827_Run_485_Idx_81817,1220,0,5e-05,20000000,4940800.0,1235200.0,13619200.0,3584000.0,0.75,0.7368421052631579
1459,1,320,87,233,23.84,171,48,123,25.58,1455624,376512,1565792,423608,4,0,51,10,0,250422-103943_Run_1526_Idx_93252,3820,0,5e-05,20000000,14556240.0,3765120.0,15657920.0,4236080.0,0.728125,0.7192982456140351
1460,1,290,88,202,25.04,95,37,58,21.88,4309512,1187736,1893352,517240,7,0,51,10,0,250422-072020_Run_319_Idx_67488,800,0,5e-05,20000000,43095120.0,11877360.0,18933520.0,5172400.0,0.696551724137931,0.6105263157894737
1461,1,320,80,240,26.5,304,80,224,27.0,479744,119936,1361920,358400,2,0,51,10,0,250422-061931_Run_73_Idx_33396,190,0,5e-05,20000000,4797440.0,1199360.0,13619200.0,3584000.0,0.75,0.7368421052631579
1462,1,320,89,231,23.84,171,55,116,22.13,1574672,404616,1122664,319704,4,0,51,10,0,250422-104721_Run_1522_Idx_73897,3810,0,5e-05,20000000,15746720.0,4046160.0,11226640.0,3197040.0,0.721875,0.6783625730994152
1463,1,290,78,212,26.54,95,25,70,27.0,4713352,1263496,2320888,610760,7,0,51,10,0,250422-065239_Run_571_Idx_96012,1430,0,5e-05,20000000,47133520.0,12634960.0,23208880.0,6107600.0,0.7310344827586207,0.7368421052631579
1464,1,160,43,117,23.95,38,10,28,22.74,3880576,1013152,991920,248912,14,0,51,10,0,250422-125003_Run_1640_Idx_87442,4100,0,5e-05,20000000,38805760.0,10131520.0,9919200.0,2489120.0,0.73125,0.7368421052631579
1465,1,160,43,117,22.93,38,10,28,21.32,3627384,994048,1337328,364048,14,0,51,10,0,250422-112136_Run_1504_Idx_60828,3760,0,5e-05,20000000,36273840.0,9940480.0,13373280.0,3640480.0,0.73125,0.7368421052631579
1466,1,320,80,240,26.41,171,45,126,27.0,1880192,470048,1975848,519960,4,0,51,10,0,250422-061720_Run_74_Idx_60744,190,0,5e-05,20000000,18801920.0,4700480.0,19758480.0,5199600.0,0.75,0.7368421052631579
1467,1,290,78,212,23.4,95,25,70,20.27,3891592,1058056,1375544,374424,7,0,51,10,0,250422-125558_Run_1607_Idx_96012,4020,0,5e-05,20000000,38915920.0,10580560.0,13755440.0,3744240.0,0.7310344827586207,0.7368421052631579
1468,1,320,80,240,26.52,171,63,108,24.0,1942144,485536,1648520,494624,4,0,51,10,0,250422-072352_Run_198_Idx_85321,500,0,5e-05,20000000,19421440.0,4855360.0,16485200.0,4946240.0,0.75,0.631578947368421
1469,1,320,80,240,26.6,304,80,224,27.0,487424,121856,1361920,358400,2,0,51,10,0,250422-095251_Run_245_Idx_29121,620,0,5e-05,20000000,4874240.0,1218560.0,13619200.0,3584000.0,0.75,0.7368421052631579
1470,1,320,92,228,23.82,171,51,120,22.07,1583008,416112,1156624,320264,4,0,51,10,0,250422-132115_Run_1534_Idx_79337,3840,0,5e-05,20000000,15830080.0,4161120.0,11566240.0,3202640.0,0.7125,0.7017543859649122
1471,1,320,80,240,26.65,304,98,206,19.74,494080,123520,866704,221840,2,0,51,10,0,250422-134233_Run_1809_Idx_44441,4530,0,5e-05,20000000,4940800.0,1235200.0,8667040.0,2218400.0,0.75,0.6776315789473685
1472,1,160,43,117,26.5,38,10,28,27.0,5078216,1346768,2258416,594320,14,0,51,10,0,250422-084905_Run_276_Idx_13114,690,0,5e-05,20000000,50782160.0,13467680.0,22584160.0,5943200.0,0.73125,0.7368421052631579
1473,1,290,78,212,23.56,95,25,70,22.82,3703272,989576,1375544,374424,7,0,51,10,0,250422-142202_Run_1931_Idx_96012,4830,0,5e-05,20000000,37032720.0,9895760.0,13755440.0,3744240.0,0.7310344827586207,0.7368421052631579
1474,1,320,104,216,23.56,304,92,212,25.25,389696,108608,1240288,342656,2,0,51,10,0,250422-100533_Run_833_Idx_90059,2090,0,5e-05,20000000,3896960.0,1086080.0,12402880.0,3426560.0,0.675,0.6973684210526315
1475,1,320,114,206,22.6,304,131,173,18.67,386120,114384,897112,274112,2,0,51,10,0,250422-071149_Run_1037_Idx_34793,2600,0,5e-05,20000000,3861200.0,1143840.0,8971120.0,2741120.0,0.64375,0.569078947368421
1476,1,320,92,228,23.92,171,57,114,23.25,1571368,414832,1457792,426312,4,0,51,10,0,250422-113212_Run_1202_Idx_9330,3010,0,5e-05,20000000,15713680.0,4148320.0,14577920.0,4263120.0,0.7125,0.6666666666666666
1477,1,290,78,212,26.54,95,25,70,27.0,4713352,1263496,2320888,610760,7,0,51,10,0,250422-101145_Run_711_Idx_54015,1780,0,5e-05,20000000,47133520.0,12634960.0,23208880.0,6107600.0,0.7310344827586207,0.7368421052631579
1478,1,320,97,223,19.64,304,100,204,19.56,308936,81136,736384,204736,2,0,51,10,0,250422-142600_Run_1889_Idx_96273,4730,0,5e-05,20000000,3089360.0,811360.0,7363840.0,2047360.0,0.696875,0.6710526315789473
1479,1,290,78,212,26.4,95,25,70,27.0,4703272,1248136,2320888,610760,7,0,51,10,0,250422-095633_Run_243_Idx_91797,610,0,5e-05,20000000,47032720.0,12481360.0,23208880.0,6107600.0,0.7310344827586207,0.7368421052631579
1480,1,320,80,240,26.2,304,105,199,23.09,487424,121856,1083904,287952,2,0,51,10,0,250422-120436_Run_1069_Idx_1544,2680,0,5e-05,20000000,4874240.0,1218560.0,10839040.0,2879520.0,0.75,0.6546052631578947
1481,1,320,80,240,25.2,171,45,126,27.0,1546624,386656,1975848,519960,4,0,51,10,0,250422-100901_Run_474_Idx_80127,1190,0,5e-05,20000000,15466240.0,3866560.0,19758480.0,5199600.0,0.75,0.7368421052631579
1482,1,320,80,240,26.2,304,93,211,24.27,487424,121856,1162096,321072,2,0,51,10,0,250422-120458_Run_1365_Idx_59886,3420,0,5e-05,20000000,4874240.0,1218560.0,11620960.0,3210720.0,0.75,0.694078947368421
1483,1,160,43,117,26.5,38,10,28,27.0,5277976,1406696,2258416,594320,14,0,51,10,0,250422-060858_Run_104_Idx_46277,260,0,5e-05,20000000,52779760.0,14066960.0,22584160.0,5943200.0,0.73125,0.7368421052631579
1484,1,160,43,117,26.61,38,10,28,27.0,5355000,1425952,2258416,594320,14,0,51,10,0,250422-072944_Run_552_Idx_22272,1380,0,5e-05,20000000,53550000.0,14259520.0,22584160.0,5943200.0,0.73125,0.7368421052631579
1485,1,160,43,117,25.44,38,10,28,27.0,4807864,1289168,2258416,594320,14,0,51,10,0,250422-130042_Run_1544_Idx_46277,3860,0,5e-05,20000000,48078640.0,12891680.0,22584160.0,5943200.0,0.73125,0.7368421052631579
1486,1,320,82,238,23.9,171,47,124,24.96,1516280,381848,1410560,378808,4,0,51,10,0,250422-140555_Run_1874_Idx_17802,4690,0,5e-05,20000000,15162800.0,3818480.0,14105600.0,3788080.0,0.74375,0.7251461988304093
1487,1,320,93,227,24.83,304,80,224,27.0,415064,109824,1361920,358400,2,0,51,10,0,250422-113601_Run_1141_Idx_1042,2860,0,5e-05,20000000,4150640.0,1098240.0,13619200.0,3584000.0,0.709375,0.7368421052631579
1488,1,290,82,208,26.17,95,25,70,27.0,4644872,1266728,2320888,610760,7,0,51,10,0,250422-081420_Run_411_Idx_91252,1030,0,5e-05,20000000,46448720.0,12667280.0,23208880.0,6107600.0,0.7172413793103448,0.7368421052631579
1489,1,160,45,115,26.22,38,10,28,27.0,5315728,1428680,2258416,594320,14,0,51,10,0,250422-081515_Run_172_Idx_59474,430,0,5e-05,20000000,53157280.0,14286800.0,22584160.0,5943200.0,0.71875,0.7368421052631579
1490,1,160,43,117,25.33,38,10,28,27.0,4226968,1143944,2258416,594320,14,0,51,10,0,250422-120418_Run_1424_Idx_1820,3560,0,5e-05,20000000,42269680.0,11439440.0,22584160.0,5943200.0,0.73125,0.7368421052631579
1491,1,290,78,212,26.64,95,25,70,27.0,4781832,1280616,2320888,610760,7,0,51,10,0,250422-093233_Run_375_Idx_67176,940,0,5e-05,20000000,47818320.0,12806160.0,23208880.0,6107600.0,0.7310344827586207,0.7368421052631579
1492,1,320,80,240,26.65,304,80,224,27.0,494080,123520,1361920,358400,2,0,51,10,0,250422-101634_Run_113_Idx_24085,290,0,5e-05,20000000,4940800.0,1235200.0,13619200.0,3584000.0,0.75,0.7368421052631579
1493,1,320,80,240,23.78,171,56,115,21.96,1484672,371168,1184816,333576,4,0,51,10,0,250422-111717_Run_1446_Idx_61118,3620,0,5e-05,20000000,14846720.0,3711680.0,11848160.0,3335760.0,0.75,0.672514619883041
1494,1,320,84,236,24.33,171,49,122,24.49,1578752,404752,1496656,397568,4,0,51,10,0,250422-140833_Run_1978_Idx_91401,4950,0,5e-05,20000000,15787520.0,4047520.0,14966560.0,3975680.0,0.7375,0.7134502923976608
1495,1,320,80,240,22.7,304,106,198,22.18,378368,94592,1001368,283744,2,0,51,10,0,250422-111915_Run_1445_Idx_75643,3620,0,5e-05,20000000,3783680.0,945920.0,10013680.0,2837440.0,0.75,0.6513157894736842
1496,1,320,80,240,26.5,171,55,116,24.0,1942144,485536,1500184,395408,4,0,51,10,0,250422-083102_Run_522_Idx_55677,1310,0,5e-05,20000000,19421440.0,4855360.0,15001840.0,3954080.0,0.75,0.6783625730994152
1497,1,320,112,208,6.76,171,65,106,3.51,343744,90720,67360,21568,4,0,51,10,0,250422-131346_Run_1598_Idx_39379,4000,0,5e-05,20000000,3437440.0,907200.0,673600.0,215680.0,0.65,0.6198830409356725
1498,1,290,80,210,25.67,95,28,67,25.58,4429352,1198392,2288040,628296,7,0,51,10,0,250422-072139_Run_675_Idx_11969,1690,0,5e-05,20000000,44293520.0,11983920.0,22880400.0,6282960.0,0.7241379310344828,0.7052631578947368
1499,1,160,43,117,26.11,38,10,28,27.0,5121272,1367520,2258416,594320,14,0,51,10,0,250422-105301_Run_1104_Idx_46277,2760,0,5e-05,20000000,51212720.0,13675200.0,22584160.0,5943200.0,0.73125,0.7368421052631579
1500,1,320,85,235,25.15,171,45,126,27.0,1569008,399904,1975848,519960,4,0,51,10,0,250422-133833_Run_1826_Idx_26197,4570,0,5e-05,20000000,15690080.0,3999040.0,19758480.0,5199600.0,0.734375,0.7368421052631579
1501,1,290,78,212,25.47,95,25,70,27.0,4135336,1106152,2320888,610760,7,0,51,10,0,250422-115738_Run_1427_Idx_46758,3570,0,5e-05,20000000,41353360.0,11061520.0,23208880.0,6107600.0,0.7310344827586207,0.7368421052631579
1502,1,320,86,234,25.1,171,45,126,27.0,1617744,414616,1975848,519960,4,0,51,10,0,250422-120527_Run_1306_Idx_14592,3270,0,5e-05,20000000,16177440.0,4146160.0,19758480.0,5199600.0,0.73125,0.7368421052631579
1503,1,160,43,117,23.93,38,10,28,22.74,3919752,1013152,1452464,364048,14,0,51,10,0,250422-104331_Run_1524_Idx_60828,3810,0,5e-05,20000000,39197520.0,10131520.0,14524640.0,3640480.0,0.73125,0.7368421052631579
1504,1,290,78,212,24.31,95,25,70,25.58,3686152,1006696,1848216,492592,7,0,51,10,0,250422-103747_Run_1527_Idx_67176,3820,0,5e-05,20000000,36861520.0,10066960.0,18482160.0,4925920.0,0.7310344827586207,0.7368421052631579
1505,1,290,79,211,25.69,95,31,64,23.87,4326632,1146224,1998832,538624,7,0,51,10,0,250422-094917_Run_603_Idx_37444,1510,0,5e-05,20000000,43266320.0,11462240.0,19988320.0,5386240.0,0.7275862068965517,0.6736842105263158
1506,1,320,80,240,26.5,171,45,126,27.0,1942144,485536,1975848,519960,4,0,51,10,0,250422-094630_Run_486_Idx_80127,1220,0,5e-05,20000000,19421440.0,4855360.0,19758480.0,5199600.0,0.75,0.7368421052631579
1507,1,320,92,228,22.17,171,56,115,20.92,1262480,324512,1061904,285752,4,0,51,10,0,250422-130156_Run_1634_Idx_29355,4090,0,5e-05,20000000,12624800.0,3245120.0,10619040.0,2857520.0,0.7125,0.672514619883041
1508,1,320,80,240,26.41,171,45,126,27.0,1880192,470048,1975848,519960,4,0,51,10,0,250422-063338_Run_66_Idx_60744,170,0,5e-05,20000000,18801920.0,4700480.0,19758480.0,5199600.0,0.75,0.7368421052631579
1509,1,320,80,240,26.65,304,80,224,27.0,494080,123520,1361920,358400,2,0,51,10,0,250422-061325_Run_89_Idx_71618,230,0,5e-05,20000000,4940800.0,1235200.0,13619200.0,3584000.0,0.75,0.7368421052631579
1510,1,160,43,117,19.08,38,10,28,19.16,2975656,777128,991920,248912,14,0,51,10,0,250422-132535_Run_1744_Idx_60828,4360,0,5e-05,20000000,29756560.0,7771280.0,9919200.0,2489120.0,0.73125,0.7368421052631579
1511,1,160,43,117,23.21,38,10,28,21.32,3899680,1052328,1337328,364048,14,0,51,10,0,250422-125312_Run_1760_Idx_60828,4400,0,5e-05,20000000,38996800.0,10523280.0,13373280.0,3640480.0,0.73125,0.7368421052631579
1512,1,320,80,240,26.3,304,98,206,23.84,494080,123520,1083904,308720,2,0,51,10,0,250422-115407_Run_1489_Idx_35236,3730,0,5e-05,20000000,4940800.0,1235200.0,10839040.0,3087200.0,0.75,0.6776315789473685
1513,1,290,91,199,20.06,95,29,66,22.19,3104552,824720,1890680,497024,7,0,51,10,0,250422-093903_Run_847_Idx_1262,2120,0,5e-05,20000000,31045520.0,8247200.0,18906800.0,4970240.0,0.6862068965517242,0.6947368421052632
1514,1,160,43,117,22.83,38,10,28,22.84,3919752,1013152,1452464,364048,14,0,51,10,0,250422-130110_Run_1756_Idx_60828,4390,0,5e-05,20000000,39197520.0,10131520.0,14524640.0,3640480.0,0.73125,0.7368421052631579
1515,1,290,80,210,25.46,95,25,70,27.0,3977672,1089752,2320888,610760,7,0,51,10,0,250422-101648_Run_827_Idx_44243,2070,0,5e-05,20000000,39776720.0,10897520.0,23208880.0,6107600.0,0.7241379310344828,0.7368421052631579
1516,1,320,88,232,24.53,171,55,116,21.05,1691728,437520,1126440,298464,4,0,51,10,0,250422-112436_Run_1206_Idx_85321,3020,0,5e-05,20000000,16917280.0,4375200.0,11264400.0,2984640.0,0.725,0.6783625730994152
1517,1,290,78,212,25.1,95,25,70,27.0,3789352,1019656,2320888,610760,7,0,51,10,0,250422-114838_Run_1431_Idx_46758,3580,0,5e-05,20000000,37893520.0,10196560.0,23208880.0,6107600.0,0.7310344827586207,0.7368421052631579
1518,1,320,80,240,26.65,304,80,224,27.0,494080,123520,1361920,358400,2,0,51,10,0,250422-081316_Run_173_Idx_24085,440,0,5e-05,20000000,4940800.0,1235200.0,13619200.0,3584000.0,0.75,0.7368421052631579
1519,1,320,91,229,22.18,171,49,122,22.16,1473616,390672,1019808,287368,4,0,51,10,0,250422-124352_Run_1734_Idx_53374,4340,0,5e-05,20000000,14736160.0,3906720.0,10198080.0,2873680.0,0.715625,0.7134502923976608
1520,1,160,45,115,26.31,38,10,28,27.0,5315728,1428680,2258416,594320,14,0,51,10,0,250422-093448_Run_492_Idx_47958,1230,0,5e-05,20000000,53157280.0,14286800.0,22584160.0,5943200.0,0.71875,0.7368421052631579
1521,1,160,43,117,26.16,38,10,28,27.0,5121624,1367608,2258416,594320,14,0,51,10,0,250422-100513_Run_476_Idx_22272,1190,0,5e-05,20000000,51216240.0,13676080.0,22584160.0,5943200.0,0.73125,0.7368421052631579
1522,1,160,45,115,23.87,38,10,28,23.55,4315288,1134376,1682736,421616,14,0,51,10,0,250422-065844_Run_568_Idx_47958,1420,0,5e-05,20000000,43152880.0,11343760.0,16827360.0,4216160.0,0.71875,0.7368421052631579
1523,1,290,78,212,26.02,95,25,70,27.0,4525512,1190856,2320888,610760,7,0,51,10,0,250422-071818_Run_915_Idx_46758,2290,0,5e-05,20000000,45255120.0,11908560.0,23208880.0,6107600.0,0.7310344827586207,0.7368421052631579
1524,1,320,80,240,26.23,171,53,118,25.58,1942144,485536,1699280,473296,4,0,51,10,0,250422-074143_Run_546_Idx_12466,1370,0,5e-05,20000000,19421440.0,4855360.0,16992800.0,4732960.0,0.75,0.6900584795321637
1525,1,160,43,117,19.03,38,10,28,18.47,2860064,758024,991920,248912,14,0,51,10,0,250422-141219_Run_1936_Idx_22272,4840,0,5e-05,20000000,28600640.0,7580240.0,9919200.0,2489120.0,0.73125,0.7368421052631579
1526,1,320,93,227,24.74,304,80,224,27.0,408632,108216,1361920,358400,2,0,51,10,0,250422-114716_Run_1373_Idx_59886,3440,0,5e-05,20000000,4086320.0,1082160.0,13619200.0,3584000.0,0.709375,0.7368421052631579
1527,1,290,78,212,26.64,95,25,70,27.0,4781832,1280616,2320888,610760,7,0,51,10,0,250422-072941_Run_195_Idx_3654,490,0,5e-05,20000000,47818320.0,12806160.0,23208880.0,6107600.0,0.7310344827586207,0.7368421052631579
1528,1,320,90,230,24.41,304,80,224,27.0,368432,96768,1361920,358400,2,0,51,10,0,250422-142052_Run_1945_Idx_53297,4870,0,5e-05,20000000,3684320.0,967680.0,13619200.0,3584000.0,0.71875,0.7368421052631579
1529,1,290,79,211,25.54,95,31,64,23.33,4388072,1161584,2025088,538624,7,0,51,10,0,250422-095629_Run_719_Idx_98403,1800,0,5e-05,20000000,43880720.0,11615840.0,20250880.0,5386240.0,0.7275862068965517,0.6736842105263158
1530,1,320,89,231,23.47,171,51,120,19.4,1614696,432672,929368,251960,4,0,51,10,0,250422-125758_Run_1606_Idx_45018,4020,0,5e-05,20000000,16146960.0,4326720.0,9293680.0,2519600.0,0.721875,0.7017543859649122
1531,1,290,79,211,16.1,95,26,69,18.16,2272232,632624,1237344,337248,7,0,51,10,0,250422-120910_Run_1363_Idx_20009,3410,0,5e-05,20000000,22722320.0,6326240.0,12373440.0,3372480.0,0.7275862068965517,0.7263157894736842
1532,1,160,43,117,25.95,38,10,28,25.63,4967352,1329040,1806768,481408,14,0,51,10,0,250422-100130_Run_360_Idx_60828,900,0,5e-05,20000000,49673520.0,13290400.0,18067680.0,4814080.0,0.73125,0.7368421052631579
1533,1,320,96,224,23.95,304,89,215,25.58,407248,110072,1201192,329216,2,0,51,10,0,250422-103349_Run_1233_Idx_10445,3090,0,5e-05,20000000,4072480.0,1100720.0,12011920.0,3292160.0,0.7,0.7072368421052632
1534,1,320,80,240,26.56,171,45,126,27.0,1942144,485536,1975848,519960,4,0,51,10,0,250422-065244_Run_214_Idx_21514,540,0,5e-05,20000000,19421440.0,4855360.0,19758480.0,5199600.0,0.75,0.7368421052631579
1535,1,320,80,240,26.56,171,45,126,27.0,1942144,485536,1975848,519960,4,0,51,10,0,250422-085453_Run_154_Idx_21514,390,0,5e-05,20000000,19421440.0,4855360.0,19758480.0,5199600.0,0.75,0.7368421052631579
1536,1,320,80,240,26.6,304,80,224,27.0,487424,121856,1361920,358400,2,0,51,10,0,250422-064634_Run_693_Idx_2588,1740,0,5e-05,20000000,4874240.0,1218560.0,13619200.0,3584000.0,0.75,0.7368421052631579
1537,1,160,43,117,26.48,38,10,28,27.0,5198296,1386776,2258416,594320,14,0,51,10,0,250422-090150_Run_508_Idx_22272,1270,0,5e-05,20000000,51982960.0,13867760.0,22584160.0,5943200.0,0.73125,0.7368421052631579
1538,1,320,80,240,26.65,304,91,213,25.17,494080,123520,1240288,338176,2,0,51,10,0,250422-071226_Run_561_Idx_71031,1410,0,5e-05,20000000,4940800.0,1235200.0,12402880.0,3381760.0,0.75,0.7006578947368421
1539,1,160,43,117,26.48,38,10,28,27.0,5315824,1386776,2258416,594320,14,0,51,10,0,250422-131752_Run_1596_Idx_22272,3990,0,5e-05,20000000,53158240.0,13867760.0,22584160.0,5943200.0,0.73125,0.7368421052631579
1540,1,290,78,212,25.39,95,25,70,25.58,4199752,1109416,1848216,492592,7,0,51,10,0,250422-104211_Run_1347_Idx_54015,3370,0,5e-05,20000000,41997520.0,11094160.0,18482160.0,4925920.0,0.7310344827586207,0.7368421052631579
1541,1,160,43,117,24.72,38,10,28,24.47,4100760,1112392,1797872,479184,14,0,51,10,0,250422-110814_Run_1096_Idx_46277,2740,0,5e-05,20000000,41007600.0,11123920.0,17978720.0,4791840.0,0.73125,0.7368421052631579
1542,1,160,43,117,26.39,38,10,28,27.0,5198296,1386776,2258416,594320,14,0,51,10,0,250422-101822_Run_112_Idx_87442,280,0,5e-05,20000000,51982960.0,13867760.0,22584160.0,5943200.0,0.73125,0.7368421052631579
1543,1,320,80,240,26.65,304,80,224,27.0,494080,123520,1361920,358400,2,0,51,10,0,250422-101459_Run_353_Idx_78175,890,0,5e-05,20000000,4940800.0,1235200.0,13619200.0,3584000.0,0.75,0.7368421052631579
1544,1,320,80,240,26.56,171,51,120,25.58,1942144,485536,1692296,464336,4,0,51,10,0,250422-102115_Run_706_Idx_14592,1770,0,5e-05,20000000,19421440.0,4855360.0,16922960.0,4643360.0,0.75,0.7017543859649122
1545,1,160,43,117,7.49,38,10,28,4.42,966640,245056,70832,18640,14,0,51,10,0,250422-071023_Run_800_Idx_82007,2000,0,5e-05,20000000,9666400.0,2450560.0,708320.0,186400.0,0.73125,0.7368421052631579
1546,1,320,91,229,20.8,171,51,120,17.45,1157232,304520,961248,257712,4,0,51,10,0,250422-135436_Run_1818_Idx_88171,4550,0,5e-05,20000000,11572320.0,3045200.0,9612480.0,2577120.0,0.715625,0.7017543859649122
1547,1,320,103,217,21.8,171,59,112,22.23,1279688,338248,1261928,356816,4,0,51,10,0,250422-105513_Run_1162_Idx_27174,2910,0,5e-05,20000000,12796880.0,3382480.0,12619280.0,3568160.0,0.678125,0.6549707602339181
1548,1,290,79,211,26.4,95,25,70,27.0,4686152,1248944,2320888,610760,7,0,51,10,0,250422-071237_Run_323_Idx_17819,810,0,5e-05,20000000,46861520.0,12489440.0,23208880.0,6107600.0,0.7275862068965517,0.7368421052631579
1549,1,320,91,229,25.25,304,108,196,22.5,437576,114520,1018744,284016,2,0,51,10,0,250422-095448_Run_957_Idx_61119,2400,0,5e-05,20000000,4375760.0,1145200.0,10187440.0,2840160.0,0.715625,0.6447368421052632
1550,1,320,80,240,26.48,171,45,126,27.0,1915904,478976,1975848,519960,4,0,51,10,0,250422-063130_Run_54_Idx_33009,140,0,5e-05,20000000,19159040.0,4789760.0,19758480.0,5199600.0,0.75,0.7368421052631579
1551,1,320,95,225,23.94,304,91,213,25.58,405640,108400,1227256,338176,2,0,51,10,0,250422-110107_Run_1337_Idx_54125,3350,0,5e-05,20000000,4056400.0,1084000.0,12272560.0,3381760.0,0.703125,0.7006578947368421
1552,1,320,107,213,21.32,304,98,206,22.77,375088,105952,1092592,308720,2,0,51,10,0,250422-121151_Run_1481_Idx_29335,3710,0,5e-05,20000000,3750880.0,1059520.0,10925920.0,3087200.0,0.665625,0.6776315789473685
1553,1,320,80,240,26.6,304,90,214,23.89,487424,121856,1118656,303288,2,0,51,10,0,250422-141301_Run_1949_Idx_53297,4880,0,5e-05,20000000,4874240.0,1218560.0,11186560.0,3032880.0,0.75,0.7039473684210527
1554,1,160,43,117,25.82,38,10,28,27.0,4697080,1261472,2258416,594320,14,0,51,10,0,250422-065254_Run_928_Idx_1820,2320,0,5e-05,20000000,46970800.0,12614720.0,22584160.0,5943200.0,0.73125,0.7368421052631579
1555,1,290,78,212,22.6,95,25,70,21.02,3788872,972456,1493712,374424,7,0,51,10,0,250422-124014_Run_1615_Idx_96012,4040,0,5e-05,20000000,37888720.0,9724560.0,14937120.0,3744240.0,0.7310344827586207,0.7368421052631579
1556,1,320,90,230,23.05,171,48,123,25.02,1301624,343504,1636784,441800,4,0,51,10,0,250422-124433_Run_1582_Idx_3770,3960,0,5e-05,20000000,13016240.0,3435040.0,16367840.0,4418000.0,0.71875,0.7192982456140351
1557,1,160,43,117,26.44,38,10,28,27.0,5335800,1427752,2258416,594320,14,0,51,10,0,250422-092227_Run_380_Idx_60828,950,0,5e-05,20000000,53358000.0,14277520.0,22584160.0,5943200.0,0.73125,0.7368421052631579
1558,1,290,78,212,25.69,95,25,70,27.0,4200232,1122376,2320888,610760,7,0,51,10,0,250422-130412_Run_1663_Idx_46758,4160,0,5e-05,20000000,42002320.0,11223760.0,23208880.0,6107600.0,0.7310344827586207,0.7368421052631579
1559,1,160,43,117,21.36,38,10,28,21.32,3723872,934800,1452464,364048,14,0,51,10,0,250422-110533_Run_1216_Idx_87442,3040,0,5e-05,20000000,37238720.0,9348000.0,14524640.0,3640480.0,0.73125,0.7368421052631579
1560,1,320,89,231,24.0,304,92,212,22.9,429760,111232,1088248,281840,2,0,51,10,0,250422-140818_Run_1925_Idx_77024,4820,0,5e-05,20000000,4297600.0,1112320.0,10882480.0,2818400.0,0.721875,0.6973684210526315
1561,1,160,44,116,24.03,38,10,28,22.74,4493200,1211648,1797872,479184,14,0,51,10,0,250422-090040_Run_984_Idx_60379,2460,0,5e-05,20000000,44932000.0,12116480.0,17978720.0,4791840.0,0.725,0.7368421052631579
1562,1,290,83,207,26.17,95,29,66,25.58,4696232,1284656,2259632,628304,7,0,51,10,0,250422-065844_Run_211_Idx_52751,530,0,5e-05,20000000,46962320.0,12846560.0,22596320.0,6283040.0,0.7137931034482758,0.6947368421052632
1563,1,320,80,240,26.5,171,45,126,27.0,1942144,485536,1975848,519960,4,0,51,10,0,250422-061314_Run_50_Idx_80127,130,0,5e-05,20000000,19421440.0,4855360.0,19758480.0,5199600.0,0.75,0.7368421052631579
1564,1,320,80,240,26.21,171,56,115,21.64,1942144,485536,969824,294552,4,0,51,10,0,250422-105138_Run_1342_Idx_91050,3360,0,5e-05,20000000,19421440.0,4855360.0,9698240.0,2945520.0,0.75,0.672514619883041
1565,1,160,43,117,26.31,38,10,28,27.0,5198296,1386776,2258416,594320,14,0,51,10,0,250422-094244_Run_488_Idx_22272,1220,0,5e-05,20000000,51982960.0,13867760.0,22584160.0,5943200.0,0.73125,0.7368421052631579
1566,1,290,81,209,26.17,95,29,66,25.58,4644872,1248800,2259632,628304,7,0,51,10,0,250422-075032_Run_423_Idx_45779,1060,0,5e-05,20000000,46448720.0,12488000.0,22596320.0,6283040.0,0.7206896551724138,0.6947368421052632
1567,1,320,80,240,26.65,304,80,224,27.0,494080,123520,1361920,358400,2,0,51,10,0,250422-062142_Run_33_Idx_78175,90,0,5e-05,20000000,4940800.0,1235200.0,13619200.0,3584000.0,0.75,0.7368421052631579
1568,1,320,86,234,25.12,171,53,118,21.41,1617584,414576,1235528,332280,4,0,51,10,0,250422-130807_Run_1570_Idx_57764,3930,0,5e-05,20000000,16175840.0,4145760.0,12355280.0,3322800.0,0.73125,0.6900584795321637
1569,1,320,101,219,23.75,171,53,118,24.95,1451888,398056,1637376,456808,4,0,51,10,0,250422-093306_Run_850_Idx_50667,2130,0,5e-05,20000000,14518880.0,3980560.0,16373760.0,4568080.0,0.684375,0.6900584795321637
1570,1,320,103,217,21.46,304,103,201,21.32,358784,97600,918832,248584,2,0,51,10,0,250422-132055_Run_1685_Idx_33356,4220,0,5e-05,20000000,3587840.0,976000.0,9188320.0,2485840.0,0.678125,0.6611842105263158
1571,1,290,79,211,26.36,95,25,70,27.0,4747592,1264304,2320888,610760,7,0,51,10,0,250422-102946_Run_463_Idx_89856,1160,0,5e-05,20000000,47475920.0,12643040.0,23208880.0,6107600.0,0.7275862068965517,0.7368421052631579
1572,1,160,43,117,23.48,38,10,28,21.32,4058320,1072400,1337328,364048,14,0,51,10,0,250422-121404_Run_1480_Idx_60828,3700,0,5e-05,20000000,40583200.0,10724000.0,13373280.0,3640480.0,0.73125,0.7368421052631579
1573,1,160,43,117,25.66,38,10,28,27.0,4697080,1261472,2258416,594320,14,0,51,10,0,250422-081142_Run_888_Idx_1820,2220,0,5e-05,20000000,46970800.0,12614720.0,22584160.0,5943200.0,0.73125,0.7368421052631579
1574,1,160,43,117,26.26,38,10,28,25.58,4841224,1287520,1797872,479184,14,0,51,10,0,250422-084107_Run_636_Idx_27734,1590,0,5e-05,20000000,48412240.0,12875200.0,17978720.0,4791840.0,0.73125,0.7368421052631579
1575,1,160,43,117,22.68,38,10,28,22.74,3504400,913896,1337328,364048,14,0,51,10,0,250422-125042_Run_1700_Idx_13114,4250,0,5e-05,20000000,35044000.0,9138960.0,13373280.0,3640480.0,0.73125,0.7368421052631579
1576,1,290,78,212,26.64,95,25,70,27.0,4781832,1280616,2320888,610760,7,0,51,10,0,250422-094222_Run_131_Idx_3654,330,0,5e-05,20000000,47818320.0,12806160.0,23208880.0,6107600.0,0.7310344827586207,0.7368421052631579
1577,1,320,94,226,25.3,304,80,224,27.0,458704,121200,1361920,358400,2,0,51,10,0,250422-064313_Run_457_Idx_48844,1150,0,5e-05,20000000,4587040.0,1212000.0,13619200.0,3584000.0,0.70625,0.7368421052631579
1578,1,160,43,117,22.48,38,10,28,21.32,3742976,1013152,1337328,364048,14,0,51,10,0,250422-125757_Run_1636_Idx_87442,4090,0,5e-05,20000000,37429760.0,10131520.0,13373280.0,3640480.0,0.73125,0.7368421052631579
1579,1,160,43,117,22.44,38,10,28,22.84,3288448,874720,1452464,364048,14,0,51,10,0,250422-124248_Run_1704_Idx_13114,4260,0,5e-05,20000000,32884480.0,8747200.0,14524640.0,3640480.0,0.73125,0.7368421052631579
1580,1,160,43,117,24.24,38,10,28,25.58,3842728,993896,1913008,479184,14,0,51,10,0,250422-083420_Run_996_Idx_46277,2490,0,5e-05,20000000,38427280.0,9938960.0,19130080.0,4791840.0,0.73125,0.7368421052631579
1581,1,290,82,208,25.62,95,30,65,25.01,4353832,1181128,2045576,575800,7,0,51,10,0,250422-083734_Run_519_Idx_44273,1300,0,5e-05,20000000,43538320.0,11811280.0,20455760.0,5758000.0,0.7172413793103448,0.6842105263157895
1582,1,290,78,212,23.51,95,26,69,22.49,3429352,903976,1443872,388880,7,0,51,10,0,250422-122113_Run_1299_Idx_85350,3250,0,5e-05,20000000,34293520.0,9039760.0,14438720.0,3888800.0,0.7310344827586207,0.7263157894736842
1583,1,320,80,240,26.21,171,55,116,23.71,1942144,485536,1378888,368120,4,0,51,10,0,250422-063525_Run_818_Idx_5578,2050,0,5e-05,20000000,19421440.0,4855360.0,13788880.0,3681200.0,0.75,0.6783625730994152
1584,1,320,89,231,25.25,304,80,224,27.0,427928,111176,1361920,358400,2,0,51,10,0,250422-103602_Run_1113_Idx_7898,2790,0,5e-05,20000000,4279280.0,1111760.0,13619200.0,3584000.0,0.721875,0.7368421052631579
1585,1,320,83,237,24.28,171,50,121,22.49,1569760,396560,1171624,305992,4,0,51,10,0,250422-142403_Run_1930_Idx_12466,4830,0,5e-05,20000000,15697600.0,3965600.0,11716240.0,3059920.0,0.740625,0.7076023391812866
1586,1,290,78,212,21.4,95,26,69,21.42,2837192,734536,1519968,401568,7,0,51,10,0,250422-133252_Run_1679_Idx_17819,4200,0,5e-05,20000000,28371920.0,7345360.0,15199680.0,4015680.0,0.7310344827586207,0.7263157894736842
1587,1,290,78,212,26.64,95,25,70,27.0,4781832,1280616,2320888,610760,7,0,51,10,0,250422-092626_Run_139_Idx_3654,350,0,5e-05,20000000,47818320.0,12806160.0,23208880.0,6107600.0,0.7310344827586207,0.7368421052631579
1588,1,320,95,225,23.87,304,80,224,27.0,405416,108344,1361920,358400,2,0,51,10,0,250422-142804_Run_1993_Idx_37479,4990,0,5e-05,20000000,4054160.0,1083440.0,13619200.0,3584000.0,0.703125,0.7368421052631579
1589,1,160,43,117,26.5,38,10,28,27.0,5078216,1346768,2258416,594320,14,0,51,10,0,250422-061920_Run_8_Idx_13114,20,0,5e-05,20000000,50782160.0,13467680.0,22584160.0,5943200.0,0.73125,0.7368421052631579
1590,1,320,80,240,26.6,304,80,224,27.0,487424,121856,1361920,358400,2,0,51,10,0,250422-062536_Run_5_Idx_29121,20,0,5e-05,20000000,4874240.0,1218560.0,13619200.0,3584000.0,0.75,0.7368421052631579
1591,1,160,46,114,25.32,38,10,28,27.0,4709344,1253648,2258416,594320,14,0,51,10,0,250422-072612_Run_316_Idx_59602,790,0,5e-05,20000000,47093440.0,12536480.0,22584160.0,5943200.0,0.7125,0.7368421052631579
1592,1,320,80,240,26.65,304,80,224,27.0,494080,123520,1361920,358400,2,0,51,10,0,250422-085947_Run_509_Idx_81817,1280,0,5e-05,20000000,4940800.0,1235200.0,13619200.0,3584000.0,0.75,0.7368421052631579
1593,1,160,43,117,26.39,38,10,28,27.0,5198296,1386776,2258416,594320,14,0,51,10,0,250422-071217_Run_204_Idx_87442,510,0,5e-05,20000000,51982960.0,13867760.0,22584160.0,5943200.0,0.73125,0.7368421052631579
1594,1,160,43,117,21.75,38,10,28,22.84,3390392,895624,1337328,364048,14,0,51,10,0,250422-131730_Run_1748_Idx_60828,4370,0,5e-05,20000000,33903920.0,8956240.0,13373280.0,3640480.0,0.73125,0.7368421052631579
1595,1,160,43,117,26.48,38,10,28,27.0,5198296,1386776,2258416,594320,14,0,51,10,0,250422-064249_Run_576_Idx_22272,1440,0,5e-05,20000000,51982960.0,13867760.0,22584160.0,5943200.0,0.73125,0.7368421052631579
1596,1,290,81,209,24.55,95,26,69,24.18,3881512,1045120,2025480,547752,7,0,51,10,0,250422-111738_Run_1091_Idx_1978,2730,0,5e-05,20000000,38815120.0,10451200.0,20254800.0,5477520.0,0.7206896551724138,0.7263157894736842
1597,1,320,103,217,22.89,304,99,205,22.11,386344,99264,997024,256728,2,0,51,10,0,250422-122532_Run_1297_Idx_35829,3250,0,5e-05,20000000,3863440.0,992640.0,9970240.0,2567280.0,0.678125,0.6743421052631579
1598,1,320,80,240,26.2,304,94,210,25.58,487424,121856,1266352,351616,2,0,51,10,0,250422-091315_Run_265_Idx_79075,670,0,5e-05,20000000,4874240.0,1218560.0,12663520.0,3516160.0,0.75,0.6907894736842105
1599,1,290,80,210,23.89,95,28,67,24.21,3932872,1044312,2021960,548648,7,0,51,10,0,250422-075452_Run_1015_Idx_13310,2540,0,5e-05,20000000,39328720.0,10443120.0,20219600.0,5486480.0,0.7241379310344828,0.7052631578947368
1600,1,320,88,232,24.95,304,111,193,18.56,429760,111168,758104,206232,2,0,51,10,0,250422-120257_Run_1485_Idx_41966,3720,0,5e-05,20000000,4297600.0,1111680.0,7581040.0,2062320.0,0.725,0.6348684210526315
1601,1,160,43,117,25.49,38,10,28,27.0,4226968,1143944,2258416,594320,14,0,51,10,0,250422-101456_Run_828_Idx_1820,2070,0,5e-05,20000000,42269680.0,11439440.0,22584160.0,5943200.0,0.73125,0.7368421052631579
1602,1,320,80,240,26.65,304,80,224,27.0,494080,123520,1361920,358400,2,0,51,10,0,250422-102240_Run_349_Idx_78175,880,0,5e-05,20000000,4940800.0,1235200.0,13619200.0,3584000.0,0.75,0.7368421052631579
1603,1,320,119,201,21.55,304,102,202,23.3,366824,98624,1062184,291888,2,0,51,10,0,250422-084937_Run_989_Idx_18768,2480,0,5e-05,20000000,3668240.0,986240.0,10621840.0,2918880.0,0.628125,0.6644736842105263
1604,1,320,80,240,26.65,304,100,204,23.45,494080,123520,1136032,291616,2,0,51,10,0,250422-093733_Run_729_Idx_10547,1830,0,5e-05,20000000,4940800.0,1235200.0,11360320.0,2916160.0,0.75,0.6710526315789473
1605,1,320,80,240,26.65,304,80,224,27.0,494080,123520,1361920,358400,2,0,51,10,0,250422-062331_Run_45_Idx_81817,120,0,5e-05,20000000,4940800.0,1235200.0,13619200.0,3584000.0,0.75,0.7368421052631579
1606,1,320,80,240,26.5,171,45,126,27.0,1915904,478976,1975848,519960,4,0,51,10,0,250422-061514_Run_10_Idx_51250,30,0,5e-05,20000000,19159040.0,4789760.0,19758480.0,5199600.0,0.75,0.7368421052631579
1607,1,320,80,240,26.6,304,88,216,24.92,487424,121856,1196848,324736,2,0,51,10,0,250422-121144_Run_1125_Idx_33770,2820,0,5e-05,20000000,4874240.0,1218560.0,11968480.0,3247360.0,0.75,0.7105263157894737
1608,1,320,80,240,26.65,304,95,209,25.58,494080,123520,1283728,356096,2,0,51,10,0,250422-072751_Run_553_Idx_13639,1390,0,5e-05,20000000,4940800.0,1235200.0,12837280.0,3560960.0,0.75,0.6875
1609,1,320,80,240,26.48,171,47,124,24.32,1915904,478976,1211648,331576,4,0,51,10,0,250422-135642_Run_1786_Idx_63454,4470,0,5e-05,20000000,19159040.0,4789760.0,12116480.0,3315760.0,0.75,0.7251461988304093
1610,1,290,78,212,23.39,95,25,70,21.44,3686152,972456,1493712,374424,7,0,51,10,0,250422-140432_Run_1859_Idx_54015,4650,0,5e-05,20000000,36861520.0,9724560.0,14937120.0,3744240.0,0.7310344827586207,0.7368421052631579
1611,1,290,80,210,26.27,95,25,70,27.0,4661992,1247992,2320888,610760,7,0,51,10,0,250422-090849_Run_743_Idx_48914,1860,0,5e-05,20000000,46619920.0,12479920.0,23208880.0,6107600.0,0.7241379310344828,0.7368421052631579
1612,1,320,96,224,22.72,171,53,118,23.71,1333280,348488,1344320,358864,4,0,51,10,0,250422-104448_Run_1286_Idx_49877,3220,0,5e-05,20000000,13332800.0,3484880.0,13443200.0,3588640.0,0.7,0.6900584795321637
1613,1,160,43,117,21.78,38,10,28,20.0,4017208,1052328,1337328,364048,14,0,51,10,0,250422-124611_Run_1612_Idx_22272,4030,0,5e-05,20000000,40172080.0,10523280.0,13373280.0,3640480.0,0.73125,0.7368421052631579
1614,1,320,91,229,24.59,171,45,126,27.0,1538920,400488,1975848,519960,4,0,51,10,0,250422-113008_Run_1262_Idx_56186,3160,0,5e-05,20000000,15389200.0,4004880.0,19758480.0,5199600.0,0.715625,0.7368421052631579
1615,1,320,90,230,21.63,171,53,118,20.87,1244368,325376,1093328,283864,4,0,51,10,0,250422-132649_Run_1682_Idx_73459,4210,0,5e-05,20000000,12443680.0,3253760.0,10933280.0,2838640.0,0.71875,0.6900584795321637
1616,1,290,78,212,20.95,95,26,69,17.69,3333672,871496,1078048,271168,7,0,51,10,0,250422-140932_Run_1911_Idx_20723,4780,0,5e-05,20000000,33336720.0,8714960.0,10780480.0,2711680.0,0.7310344827586207,0.7263157894736842
1617,1,320,101,219,22.09,304,115,189,17.27,397600,105568,688600,193744,2,0,51,10,0,250422-113558_Run_1497_Idx_99286,3750,0,5e-05,20000000,3976000.0,1055680.0,6886000.0,1937440.0,0.684375,0.6217105263157895
1618,1,160,44,116,24.48,38,10,28,27.0,4069008,1105600,2258416,594320,14,0,51,10,0,250422-091251_Run_860_Idx_80582,2150,0,5e-05,20000000,40690080.0,11056000.0,22584160.0,5943200.0,0.725,0.7368421052631579
1619,1,160,44,116,26.44,38,10,28,27.0,5395728,1447728,2258416,594320,14,0,51,10,0,250422-062340_Run_32_Idx_37818,80,0,5e-05,20000000,53957280.0,14477280.0,22584160.0,5943200.0,0.725,0.7368421052631579
1620,1,320,97,223,23.48,304,96,208,23.62,365216,94000,1053496,273696,2,0,51,10,0,250422-125423_Run_1577_Idx_33612,3950,0,5e-05,20000000,3652160.0,940000.0,10534960.0,2736960.0,0.696875,0.6842105263157895
1621,1,160,43,117,22.82,38,10,28,21.37,3521568,933000,1452464,364048,14,0,51,10,0,250422-123238_Run_1588_Idx_27734,3970,0,5e-05,20000000,35215680.0,9330000.0,14524640.0,3640480.0,0.73125,0.7368421052631579
1622,1,290,78,212,22.19,95,26,69,20.37,3328424,870184,1869312,495240,7,0,51,10,0,250422-142737_Run_1915_Idx_43476,4790,0,5e-05,20000000,33284240.0,8701840.0,18693120.0,4952400.0,0.7310344827586207,0.7263157894736842
1623,1,320,80,240,26.5,171,45,126,27.0,1915904,478976,1975848,519960,4,0,51,10,0,250422-082710_Run_286_Idx_51250,720,0,5e-05,20000000,19159040.0,4789760.0,19758480.0,5199600.0,0.75,0.7368421052631579
1624,1,290,78,212,19.13,95,25,70,19.56,2607592,681416,1021040,256256,7,0,51,10,0,250422-132734_Run_1743_Idx_67176,4360,0,5e-05,20000000,26075920.0,6814160.0,10210400.0,2562560.0,0.7310344827586207,0.7368421052631579
1625,1,290,78,212,26.48,95,25,70,27.0,4628232,1242216,2320888,610760,7,0,51,10,0,250422-062336_Run_71_Idx_46758,180,0,5e-05,20000000,46282320.0,12422160.0,23208880.0,6107600.0,0.7310344827586207,0.7368421052631579
1626,1,160,45,115,23.25,38,10,28,24.26,3733584,1027496,1797872,479184,14,0,51,10,0,250422-070057_Run_924_Idx_61321,2310,0,5e-05,20000000,37335840.0,10274960.0,17978720.0,4791840.0,0.71875,0.7368421052631579
1627,1,160,43,117,24.36,38,10,28,24.26,3989976,1084696,1797872,479184,14,0,51,10,0,250422-112104_Run_1444_Idx_1820,3610,0,5e-05,20000000,39899760.0,10846960.0,17978720.0,4791840.0,0.73125,0.7368421052631579
1628,1,290,81,209,26.36,95,25,70,27.0,4730472,1283040,2320888,610760,7,0,51,10,0,250422-103403_Run_343_Idx_53495,860,0,5e-05,20000000,47304720.0,12830400.0,23208880.0,6107600.0,0.7206896551724138,0.7368421052631579
1629,1,290,78,212,20.77,95,26,69,22.23,2734472,700296,1655744,415592,7,0,51,10,0,250422-133833_Run_1795_Idx_87244,4490,0,5e-05,20000000,27344720.0,7002960.0,16557440.0,4155920.0,0.7310344827586207,0.7263157894736842
1630,1,160,43,117,20.88,38,10,28,21.42,3011312,756224,1452464,364048,14,0,51,10,0,250422-133632_Run_1796_Idx_27734,4490,0,5e-05,20000000,30113120.0,7562240.0,14524640.0,3640480.0,0.73125,0.7368421052631579
1631,1,160,43,117,21.11,38,10,28,24.16,2909248,770320,1452464,364048,14,0,51,10,0,250422-105049_Run_1460_Idx_1820,3650,0,5e-05,20000000,29092480.0,7703200.0,14524640.0,3640480.0,0.73125,0.7368421052631579
1632,1,320,94,226,25.19,171,45,126,27.0,1768512,467112,1975848,519960,4,0,51,10,0,250422-080022_Run_418_Idx_45443,1050,0,5e-05,20000000,17685120.0,4671120.0,19758480.0,5199600.0,0.70625,0.7368421052631579
1633,1,160,43,117,23.39,38,10,28,20.11,3503432,953072,1337328,364048,14,0,51,10,0,250422-134708_Run_1852_Idx_13114,4630,0,5e-05,20000000,35034320.0,9530720.0,13373280.0,3640480.0,0.73125,0.7368421052631579
1634,1,320,113,207,19.67,304,106,198,19.58,318808,95080,792856,240304,2,0,51,10,0,250422-133148_Run_1741_Idx_92998,4360,0,5e-05,20000000,3188080.0,950800.0,7928560.0,2403040.0,0.646875,0.6513157894736842
1635,1,290,81,209,26.08,95,27,68,25.05,4627752,1231680,2181712,587584,7,0,51,10,0,250422-070825_Run_563_Idx_70536,1410,0,5e-05,20000000,46277520.0,12316800.0,21817120.0,5875840.0,0.7206896551724138,0.7157894736842105
1636,1,320,92,228,25.15,171,45,126,27.0,1740872,457208,1975848,519960,4,0,51,10,0,250422-081833_Run_290_Idx_36040,730,0,5e-05,20000000,17408720.0,4572080.0,19758480.0,5199600.0,0.7125,0.7368421052631579
1637,1,320,80,240,26.48,171,45,126,27.0,1915904,478976,1975848,519960,4,0,51,10,0,250422-074606_Run_306_Idx_51250,770,0,5e-05,20000000,19159040.0,4789760.0,19758480.0,5199600.0,0.75,0.7368421052631579
1638,1,290,78,212,26.64,95,25,70,27.0,4781832,1280616,2320888,610760,7,0,51,10,0,250422-062535_Run_83_Idx_54015,210,0,5e-05,20000000,47818320.0,12806160.0,23208880.0,6107600.0,0.7310344827586207,0.7368421052631579
1639,1,320,80,240,26.48,171,45,126,27.0,1915904,478976,1975848,519960,4,0,51,10,0,250422-101346_Run_590_Idx_33009,1480,0,5e-05,20000000,19159040.0,4789760.0,19758480.0,5199600.0,0.75,0.7368421052631579
1640,1,160,43,117,21.71,38,10,28,24.16,3606344,934800,1913008,479184,14,0,51,10,0,250422-140427_Run_1940_Idx_22272,4850,0,5e-05,20000000,36063440.0,9348000.0,19130080.0,4791840.0,0.73125,0.7368421052631579
1641,1,320,88,232,24.39,171,45,126,27.0,1405872,366056,1975848,519960,4,0,51,10,0,250422-114454_Run_1374_Idx_78778,3440,0,5e-05,20000000,14058720.0,3660560.0,19758480.0,5199600.0,0.725,0.7368421052631579
1642,1,320,80,240,26.56,171,45,126,27.0,1942144,485536,1975848,519960,4,0,51,10,0,250422-095148_Run_126_Idx_21514,320,0,5e-05,20000000,19421440.0,4855360.0,19758480.0,5199600.0,0.75,0.7368421052631579
1643,1,320,115,205,21.04,304,114,190,20.77,371872,104856,918832,267456,2,0,51,10,0,250422-111125_Run_1213_Idx_51253,3040,0,5e-05,20000000,3718720.0,1048560.0,9188320.0,2674560.0,0.640625,0.625
1644,1,290,78,212,24.54,95,26,69,24.44,3617672,989576,2077600,560440,7,0,51,10,0,250422-121256_Run_1243_Idx_89856,3110,0,5e-05,20000000,36176720.0,9895760.0,20776000.0,5604400.0,0.7310344827586207,0.7263157894736842
1645,1,160,44,116,21.37,38,10,28,18.95,3605248,994920,1337328,364048,14,0,51,10,0,250422-070552_Run_1040_Idx_60379,2600,0,5e-05,20000000,36052480.0,9949200.0,13373280.0,3640480.0,0.725,0.7368421052631579
1646,1,320,80,240,26.5,304,94,210,25.58,479744,119936,1275040,351616,2,0,51,10,0,250422-080951_Run_889_Idx_31863,2230,0,5e-05,20000000,4797440.0,1199360.0,12750400.0,3516160.0,0.75,0.6907894736842105
1647,1,290,78,212,25.82,95,25,70,25.63,4223144,1128104,1857752,494976,7,0,51,10,0,250422-091617_Run_383_Idx_67176,960,0,5e-05,20000000,42231440.0,11281040.0,18577520.0,4949760.0,0.7310344827586207,0.7368421052631579
1648,1,320,99,221,22.31,304,91,213,24.22,360616,95792,1131688,307768,2,0,51,10,0,250422-140046_Run_1861_Idx_38038,4660,0,5e-05,20000000,3606160.0,957920.0,11316880.0,3077680.0,0.690625,0.7006578947368421
1649,1,160,43,117,26.1,38,10,28,27.0,4841448,1287576,2258416,594320,14,0,51,10,0,250422-100950_Run_712_Idx_82007,1780,0,5e-05,20000000,48414480.0,12875760.0,22584160.0,5943200.0,0.73125,0.7368421052631579
1650,1,320,80,240,26.65,304,80,224,27.0,494080,123520,1361920,358400,2,0,51,10,0,250422-100119_Run_121_Idx_24085,310,0,5e-05,20000000,4940800.0,1235200.0,13619200.0,3584000.0,0.75,0.7368421052631579
1651,1,290,81,209,25.86,95,25,70,27.0,4371432,1193280,2320888,610760,7,0,51,10,0,250422-073401_Run_907_Idx_52312,2270,0,5e-05,20000000,43714320.0,11932800.0,23208880.0,6107600.0,0.7206896551724138,0.7368421052631579
1652,1,160,45,115,24.84,38,10,28,24.16,4331936,1132672,1337328,364048,14,0,51,10,0,250422-082542_Run_1000_Idx_37464,2500,0,5e-05,20000000,43319360.0,11326720.0,13373280.0,3640480.0,0.71875,0.7368421052631579
1653,1,160,43,117,20.18,38,10,28,21.32,3016768,797200,1452464,364048,14,0,51,10,0,250422-141008_Run_1924_Idx_87442,4810,0,5e-05,20000000,30167680.0,7972000.0,14524640.0,3640480.0,0.73125,0.7368421052631579
1654,1,320,92,228,24.68,304,97,207,22.73,436192,117856,1018744,278176,2,0,51,10,0,250422-141037_Run_1977_Idx_599,4950,0,5e-05,20000000,4361920.0,1178560.0,10187440.0,2781760.0,0.7125,0.680921052631579
1655,1,320,102,218,22.67,304,101,203,21.92,365216,95928,1044808,287408,2,0,51,10,0,250422-123843_Run_1585_Idx_82484,3970,0,5e-05,20000000,3652160.0,959280.0,10448080.0,2874080.0,0.68125,0.6677631578947368
1656,1,290,78,212,26.45,95,25,70,27.0,4696232,1246376,2320888,610760,7,0,51,10,0,250422-094813_Run_367_Idx_67176,920,0,5e-05,20000000,46962320.0,12463760.0,23208880.0,6107600.0,0.7310344827586207,0.7368421052631579
1657,1,320,80,240,26.08,171,49,122,25.58,1915904,478976,1567952,428088,4,0,51,10,0,250422-103017_Run_938_Idx_33626,2350,0,5e-05,20000000,19159040.0,4789760.0,15679520.0,4280880.0,0.75,0.7134502923976608
1658,1,290,78,212,24.67,95,25,70,24.24,3932872,1008456,1966384,492592,7,0,51,10,0,250422-110239_Run_1395_Idx_91797,3490,0,5e-05,20000000,39328720.0,10084560.0,19663840.0,4925920.0,0.7310344827586207,0.7368421052631579
1659,1,320,80,240,25.95,304,112,192,22.11,494080,123520,997024,306280,2,0,51,10,0,250422-114359_Run_1197_Idx_97624,3000,0,5e-05,20000000,4940800.0,1235200.0,9970240.0,3062800.0,0.75,0.631578947368421
1660,1,320,80,240,26.6,304,80,224,27.0,487424,121856,1361920,358400,2,0,51,10,0,250422-103043_Run_225_Idx_29121,570,0,5e-05,20000000,4874240.0,1218560.0,13619200.0,3584000.0,0.75,0.7368421052631579
1661,1,320,88,232,22.06,171,46,125,25.58,1174512,299872,1682448,423744,4,0,51,10,0,250422-141147_Run_1990_Idx_25126,4980,0,5e-05,20000000,11745120.0,2998720.0,16824480.0,4237440.0,0.725,0.7309941520467836
1662,1,320,80,240,26.6,304,80,224,27.0,487424,121856,1361920,358400,2,0,51,10,0,250422-082925_Run_285_Idx_29121,720,0,5e-05,20000000,4874240.0,1218560.0,13619200.0,3584000.0,0.75,0.7368421052631579
1663,1,160,43,117,26.48,38,10,28,27.0,5198296,1386776,2258416,594320,14,0,51,10,0,250422-085300_Run_512_Idx_22272,1280,0,5e-05,20000000,51982960.0,13867760.0,22584160.0,5943200.0,0.73125,0.7368421052631579
1664,1,320,80,240,26.56,171,45,126,27.0,1942144,485536,1975848,519960,4,0,51,10,0,250422-101340_Run_710_Idx_48165,1780,0,5e-05,20000000,19421440.0,4855360.0,19758480.0,5199600.0,0.75,0.7368421052631579
1665,1,320,92,228,25.08,171,50,121,25.58,1740872,457208,1652864,450760,4,0,51,10,0,250422-111018_Run_1154_Idx_7129,2890,0,5e-05,20000000,17408720.0,4572080.0,16528640.0,4507600.0,0.7125,0.7076023391812866
1666,1,320,80,240,26.65,304,94,210,25.58,494080,123520,1266352,351616,2,0,51,10,0,250422-070240_Run_209_Idx_14609,530,0,5e-05,20000000,4940800.0,1235200.0,12663520.0,3516160.0,0.75,0.6907894736842105
1667,1,320,80,240,26.5,304,104,200,24.18,479744,119936,1179472,344288,2,0,51,10,0,250422-090213_Run_865_Idx_5670,2170,0,5e-05,20000000,4797440.0,1199360.0,11794720.0,3442880.0,0.75,0.6578947368421053
1668,1,320,93,227,24.74,304,80,224,27.0,444232,116312,1361920,358400,2,0,51,10,0,250422-113212_Run_1261_Idx_50037,3160,0,5e-05,20000000,4442320.0,1163120.0,13619200.0,3584000.0,0.709375,0.7368421052631579
1669,1,320,80,240,26.65,304,96,208,25.4,494080,123520,1257664,351888,2,0,51,10,0,250422-084205_Run_517_Idx_86256,1300,0,5e-05,20000000,4940800.0,1235200.0,12576640.0,3518880.0,0.75,0.6842105263157895
1670,1,160,43,117,26.6,38,10,28,27.0,5078216,1346768,2258416,594320,14,0,51,10,0,250422-061912_Run_60_Idx_27734,150,0,5e-05,20000000,50782160.0,13467680.0,22584160.0,5943200.0,0.73125,0.7368421052631579
1671,1,320,80,240,26.52,171,51,120,25.58,1942144,485536,1693184,464336,4,0,51,10,0,250422-084442_Run_754_Idx_14592,1890,0,5e-05,20000000,19421440.0,4855360.0,16931840.0,4643360.0,0.75,0.7017543859649122
1672,1,320,86,234,24.04,171,52,119,21.14,1461448,373480,1145928,323752,4,0,51,10,0,250422-135107_Run_1850_Idx_46252,4630,0,5e-05,20000000,14614480.0,3734800.0,11459280.0,3237520.0,0.73125,0.695906432748538
1673,1,160,43,117,19.81,38,10,28,21.42,3349280,914728,1797872,479184,14,0,51,10,0,250422-111851_Run_1268_Idx_22272,3170,0,5e-05,20000000,33492800.0,9147280.0,17978720.0,4791840.0,0.73125,0.7368421052631579
1674,1,320,80,240,26.65,304,107,197,23.02,494080,123520,1088248,292568,2,0,51,10,0,250422-095247_Run_721_Idx_7693,1810,0,5e-05,20000000,4940800.0,1235200.0,10882480.0,2925680.0,0.75,0.6480263157894737
1675,1,320,80,240,26.6,304,80,224,27.0,487424,121856,1361920,358400,2,0,51,10,0,250422-091349_Run_621_Idx_2588,1560,0,5e-05,20000000,4874240.0,1218560.0,13619200.0,3584000.0,0.75,0.7368421052631579
1676,1,290,79,211,26.23,95,28,67,25.58,4764712,1281424,2288040,628296,7,0,51,10,0,250422-075533_Run_539_Idx_76910,1350,0,5e-05,20000000,47647120.0,12814240.0,22880400.0,6282960.0,0.7275862068965517,0.7052631578947368
1677,1,320,80,240,26.65,304,96,208,25.58,494080,123520,1292416,360576,2,0,51,10,0,250422-100859_Run_117_Idx_11627,300,0,5e-05,20000000,4940800.0,1235200.0,12924160.0,3605760.0,0.75,0.6842105263157895
1678,1,290,78,212,24.02,95,25,70,24.46,3737512,1006696,1848216,492592,7,0,51,10,0,250422-110527_Run_1275_Idx_96012,3190,0,5e-05,20000000,37375120.0,10066960.0,18482160.0,4925920.0,0.7310344827586207,0.7368421052631579
1679,1,320,80,240,26.48,171,45,126,27.0,1915904,478976,1975848,519960,4,0,51,10,0,250422-095055_Run_246_Idx_51250,620,0,5e-05,20000000,19159040.0,4789760.0,19758480.0,5199600.0,0.75,0.7368421052631579
1680,1,160,43,117,24.41,38,10,28,24.16,4250680,1090672,1797872,479184,14,0,51,10,0,250422-115559_Run_1132_Idx_27734,2830,0,5e-05,20000000,42506800.0,10906720.0,17978720.0,4791840.0,0.73125,0.7368421052631579
1681,1,160,43,117,22.69,38,10,28,21.42,3839464,993080,1452464,364048,14,0,51,10,0,250422-134426_Run_1808_Idx_87442,4520,0,5e-05,20000000,38394640.0,9930800.0,14524640.0,3640480.0,0.73125,0.7368421052631579
1682,1,160,44,116,26.28,38,10,28,27.0,5357160,1409160,2258416,594320,14,0,51,10,0,250422-073225_Run_432_Idx_37818,1080,0,5e-05,20000000,53571600.0,14091600.0,22584160.0,5943200.0,0.725,0.7368421052631579
1683,1,320,92,228,25.25,304,80,224,27.0,442400,116192,1361920,358400,2,0,51,10,0,250422-082054_Run_289_Idx_30324,730,0,5e-05,20000000,4424000.0,1161920.0,13619200.0,3584000.0,0.7125,0.7368421052631579
1684,1,320,92,228,25.12,171,65,106,22.05,1740872,457208,1464912,398840,4,0,51,10,0,250422-083647_Run_638_Idx_1936,1600,0,5e-05,20000000,17408720.0,4572080.0,14649120.0,3988400.0,0.7125,0.6198830409356725
1685,1,320,94,226,21.78,171,53,118,22.23,1333328,349024,1138768,305696,4,0,51,10,0,250422-130514_Run_1754_Idx_12812,4390,0,5e-05,20000000,13333280.0,3490240.0,11387680.0,3056960.0,0.70625,0.6900584795321637
1686,1,320,80,240,26.56,171,59,112,23.08,1942144,485536,1530224,396840,4,0,51,10,0,250422-095824_Run_718_Idx_31695,1800,0,5e-05,20000000,19421440.0,4855360.0,15302240.0,3968400.0,0.75,0.6549707602339181
1687,1,160,43,117,23.51,38,10,28,21.42,4097496,1111576,1337328,364048,14,0,51,10,0,250422-112048_Run_1208_Idx_87442,3020,0,5e-05,20000000,40974960.0,11115760.0,13373280.0,3640480.0,0.73125,0.7368421052631579
1688,1,320,88,232,25.17,171,45,126,27.0,1692592,437520,1975848,519960,4,0,51,10,0,250422-133215_Run_1710_Idx_91401,4280,0,5e-05,20000000,16925920.0,4375200.0,19758480.0,5199600.0,0.725,0.7368421052631579
1689,1,160,44,116,25.76,38,10,28,27.0,4540664,1223320,2258416,594320,14,0,51,10,0,250422-073201_Run_908_Idx_80582,2270,0,5e-05,20000000,45406640.0,12233200.0,22584160.0,5943200.0,0.725,0.7368421052631579
1690,1,320,90,230,23.83,304,100,204,21.11,379912,98432,897112,248176,2,0,51,10,0,250422-135833_Run_1801_Idx_52973,4510,0,5e-05,20000000,3799120.0,984320.0,8971120.0,2481760.0,0.71875,0.6710526315789473
1691,1,290,82,208,24.82,95,28,67,23.61,3840712,1040008,1902488,508824,7,0,51,10,0,250422-083121_Run_879_Idx_94053,2200,0,5e-05,20000000,38407120.0,10400080.0,19024880.0,5088240.0,0.7172413793103448,0.7052631578947368
1692,1,320,94,226,25.3,304,125,179,21.49,458704,121200,1066528,290672,2,0,51,10,0,250422-084819_Run_157_Idx_63253,400,0,5e-05,20000000,4587040.0,1212000.0,10665280.0,2906720.0,0.70625,0.5888157894736842
1693,1,160,47,113,25.66,38,10,28,27.0,5003648,1373848,2258416,594320,14,0,51,10,0,250422-063917_Run_340_Idx_67416,850,0,5e-05,20000000,50036480.0,13738480.0,22584160.0,5943200.0,0.70625,0.7368421052631579
1694,1,320,80,240,26.65,304,80,224,27.0,494080,123520,1361920,358400,2,0,51,10,0,250422-064101_Run_577_Idx_81817,1450,0,5e-05,20000000,4940800.0,1235200.0,13619200.0,3584000.0,0.75,0.7368421052631579
1695,1,320,80,240,26.65,304,80,224,25.63,494080,123520,1089536,290304,2,0,51,10,0,250422-082045_Run_765_Idx_71618,1920,0,5e-05,20000000,4940800.0,1235200.0,10895360.0,2903040.0,0.75,0.7368421052631579
1696,1,320,87,233,19.89,171,57,114,15.98,1128328,290552,942720,263352,4,0,51,10,0,250422-134509_Run_1838_Idx_58893,4600,0,5e-05,20000000,11283280.0,2905520.0,9427200.0,2633520.0,0.728125,0.6666666666666666
1697,1,320,89,231,24.63,171,45,126,27.0,1670312,432632,1975848,519960,4,0,51,10,0,250422-063848_Run_1054_Idx_8107,2640,0,5e-05,20000000,16703120.0,4326320.0,19758480.0,5199600.0,0.721875,0.7368421052631579
1698,1,320,99,221,18.88,171,53,118,21.77,1140400,323472,1015824,300976,4,0,51,10,0,250422-131551_Run_1718_Idx_35574,4300,0,5e-05,20000000,11404000.0,3234720.0,10158240.0,3009760.0,0.690625,0.6900584795321637
1699,1,160,43,117,20.75,38,10,28,17.47,3450968,876368,991920,248912,14,0,51,10,0,250422-140736_Run_1912_Idx_46277,4780,0,5e-05,20000000,34509680.0,8763680.0,9919200.0,2489120.0,0.73125,0.7368421052631579
1700,1,320,98,222,23.77,304,90,214,25.58,397376,106928,1214224,333696,2,0,51,10,0,250422-124257_Run_1553_Idx_64542,3890,0,5e-05,20000000,3973760.0,1069280.0,12142240.0,3336960.0,0.69375,0.7039473684210527
1701,1,290,78,212,26.59,95,25,70,27.0,4720392,1265256,2320888,610760,7,0,51,10,0,250422-062946_Run_3_Idx_91797,10,0,5e-05,20000000,47203920.0,12652560.0,23208880.0,6107600.0,0.7310344827586207,0.7368421052631579
1702,1,160,43,117,26.09,38,10,28,27.0,4841224,1287520,2258416,594320,14,0,51,10,0,250422-064050_Run_696_Idx_27734,1740,0,5e-05,20000000,48412240.0,12875200.0,22584160.0,5943200.0,0.73125,0.7368421052631579
1703,1,160,43,117,25.12,38,10,28,25.58,4448720,1149976,1797872,479184,14,0,51,10,0,250422-104017_Run_1348_Idx_82007,3370,0,5e-05,20000000,44487200.0,11499760.0,17978720.0,4791840.0,0.73125,0.7368421052631579
1704,1,320,80,240,26.56,171,45,126,27.0,1942144,485536,1975848,519960,4,0,51,10,0,250422-062530_Run_18_Idx_21514,50,0,5e-05,20000000,19421440.0,4855360.0,19758480.0,5199600.0,0.75,0.7368421052631579
1705,1,160,44,116,26.26,38,10,28,25.58,5101200,1368448,1797872,479184,14,0,51,10,0,250422-075112_Run_660_Idx_85404,1650,0,5e-05,20000000,51012000.0,13684480.0,17978720.0,4791840.0,0.725,0.7368421052631579
1706,1,320,92,228,25.15,304,80,224,27.0,434720,114272,1361920,358400,2,0,51,10,0,250422-091053_Run_861_Idx_71687,2160,0,5e-05,20000000,4347200.0,1142720.0,13619200.0,3584000.0,0.7125,0.7368421052631579
1707,1,320,95,225,22.16,171,50,121,21.53,1292728,344136,1147856,313120,4,0,51,10,0,250422-105700_Run_1398_Idx_64806,3500,0,5e-05,20000000,12927280.0,3441360.0,11478560.0,3131200.0,0.703125,0.7076023391812866
1708,1,320,106,214,22.96,304,99,205,22.97,392776,110712,1010056,278448,2,0,51,10,0,250422-110347_Run_1217_Idx_46204,3050,0,5e-05,20000000,3927760.0,1107120.0,10100560.0,2784480.0,0.66875,0.6743421052631579
1709,1,290,78,212,19.91,95,25,70,22.45,2641832,715656,1493712,374424,7,0,51,10,0,250422-141203_Run_1923_Idx_3654,4810,0,5e-05,20000000,26418320.0,7156560.0,14937120.0,3744240.0,0.7310344827586207,0.7368421052631579
1710,1,290,78,212,26.64,95,25,70,27.0,4781832,1280616,2320888,610760,7,0,51,10,0,250422-062326_Run_19_Idx_3654,50,0,5e-05,20000000,47818320.0,12806160.0,23208880.0,6107600.0,0.7310344827586207,0.7368421052631579
1711,1,160,43,117,26.1,38,10,28,27.0,4853784,1300648,2258416,594320,14,0,51,10,0,250422-092110_Run_856_Idx_1820,2140,0,5e-05,20000000,48537840.0,13006480.0,22584160.0,5943200.0,0.73125,0.7368421052631579
1712,1,320,92,228,21.74,171,55,116,19.64,1276088,336888,985768,270584,4,0,51,10,0,250422-135035_Run_1866_Idx_57086,4670,0,5e-05,20000000,12760880.0,3368880.0,9857680.0,2705840.0,0.7125,0.6783625730994152
1713,1,290,80,210,19.9,95,30,65,19.17,2614632,736152,1524856,432712,7,0,51,10,0,250422-122438_Run_1119_Idx_37444,2800,0,5e-05,20000000,26146320.0,7361520.0,15248560.0,4327120.0,0.7241379310344828,0.6842105263157895
1714,1,320,96,224,22.07,171,51,120,23.06,1212024,311232,1165984,306128,4,0,51,10,0,250422-132917_Run_1530_Idx_78597,3830,0,5e-05,20000000,12120240.0,3112320.0,11659840.0,3061280.0,0.7,0.7017543859649122
1715,1,160,43,117,25.27,38,10,28,25.58,4531696,1190744,1797872,479184,14,0,51,10,0,250422-065009_Run_1048_Idx_46277,2620,0,5e-05,20000000,45316960.0,11907440.0,17978720.0,4791840.0,0.73125,0.7368421052631579
1716,1,320,80,240,26.45,171,45,126,27.0,1915904,478976,1975848,519960,4,0,51,10,0,250422-094322_Run_250_Idx_51250,630,0,5e-05,20000000,19159040.0,4789760.0,19758480.0,5199600.0,0.75,0.7368421052631579
1717,1,160,43,117,24.61,38,10,28,22.84,3936304,1051496,1797872,479184,14,0,51,10,0,250422-130405_Run_1572_Idx_27734,3930,0,5e-05,20000000,39363040.0,10514960.0,17978720.0,4791840.0,0.73125,0.7368421052631579
1718,1,290,78,212,26.13,95,25,70,27.0,4617672,1213896,2320888,610760,7,0,51,10,0,250422-091943_Run_975_Idx_10643,2440,0,5e-05,20000000,46176720.0,12138960.0,23208880.0,6107600.0,0.7310344827586207,0.7368421052631579
1719,1,320,89,231,25.12,171,45,126,27.0,1616424,419592,1975848,519960,4,0,51,10,0,250422-122015_Run_1062_Idx_8107,2660,0,5e-05,20000000,16164240.0,4195920.0,19758480.0,5199600.0,0.721875,0.7368421052631579
1720,1,290,78,212,26.64,95,25,70,27.0,4781832,1280616,2320888,610760,7,0,51,10,0,250422-064250_Run_219_Idx_3654,550,0,5e-05,20000000,47818320.0,12806160.0,23208880.0,6107600.0,0.7310344827586207,0.7368421052631579
1721,1,320,89,231,24.85,304,100,204,23.2,427928,111176,1096936,291616,2,0,51,10,0,250422-111358_Run_1093_Idx_92016,2740,0,5e-05,20000000,4279280.0,1111760.0,10969360.0,2916160.0,0.721875,0.6710526315789473
1722,1,320,102,218,23.9,304,119,185,20.36,419888,115224,957928,268136,2,0,51,10,0,250422-081435_Run_1005_Idx_18768,2520,0,5e-05,20000000,4198880.0,1152240.0,9579280.0,2681360.0,0.68125,0.6085526315789473
1723,1,290,78,212,25.86,95,25,70,25.58,4610632,1212136,1848216,492592,7,0,51,10,0,250422-114026_Run_1495_Idx_67176,3740,0,5e-05,20000000,46106320.0,12121360.0,18482160.0,4925920.0,0.7310344827586207,0.7368421052631579
1724,1,290,79,211,23.73,95,25,70,23.29,3703272,1007504,1848216,492592,7,0,51,10,0,250422-112001_Run_1327_Idx_85350,3320,0,5e-05,20000000,37032720.0,10075040.0,18482160.0,4925920.0,0.7275862068965517,0.7368421052631579
1725,1,320,80,240,26.65,304,80,224,25.63,494080,123520,1089536,290304,2,0,51,10,0,250422-092031_Run_381_Idx_78175,960,0,5e-05,20000000,4940800.0,1235200.0,10895360.0,2903040.0,0.75,0.7368421052631579
1726,1,320,110,210,18.64,304,108,196,20.57,275168,72320,858016,223200,2,0,51,10,0,250422-133436_Run_1797_Idx_99204,4500,0,5e-05,20000000,2751680.0,723200.0,8580160.0,2232000.0,0.65625,0.6447368421052632
1727,1,160,43,117,26.5,38,10,28,27.0,5078216,1346768,2258416,594320,14,0,51,10,0,250422-102454_Run_228_Idx_13114,570,0,5e-05,20000000,50782160.0,13467680.0,22584160.0,5943200.0,0.73125,0.7368421052631579
1728,1,320,80,240,26.45,171,63,108,24.16,1915904,478976,1774456,526552,4,0,51,10,0,250422-080149_Run_298_Idx_73459,750,0,5e-05,20000000,19159040.0,4789760.0,17744560.0,5265520.0,0.75,0.631578947368421
1729,1,320,80,240,26.56,171,53,118,23.58,1942144,485536,1203368,349096,4,0,51,10,0,250422-113836_Run_1318_Idx_91401,3300,0,5e-05,20000000,19421440.0,4855360.0,12033680.0,3490960.0,0.75,0.6900584795321637
1730,1,320,80,240,26.52,171,50,121,19.34,1942144,485536,881432,234336,4,0,51,10,0,250422-134025_Run_1810_Idx_18218,4530,0,5e-05,20000000,19421440.0,4855360.0,8814320.0,2343360.0,0.75,0.7076023391812866
1731,1,290,78,212,21.92,95,26,69,18.71,3556232,974216,1499904,416016,7,0,51,10,0,250422-121812_Run_1359_Idx_17819,3400,0,5e-05,20000000,35562320.0,9742160.0,14999040.0,4160160.0,0.7310344827586207,0.7263157894736842
1732,1,320,96,224,25.3,304,80,224,27.0,468352,124544,1361920,358400,2,0,51,10,0,250422-082216_Run_169_Idx_11627,430,0,5e-05,20000000,4683520.0,1245440.0,13619200.0,3584000.0,0.7,0.7368421052631579
1733,1,320,80,240,26.56,171,45,126,27.0,1942144,485536,1975848,519960,4,0,51,10,0,250422-071610_Run_202_Idx_21514,510,0,5e-05,20000000,19421440.0,4855360.0,19758480.0,5199600.0,0.75,0.7368421052631579
1734,1,320,80,240,26.6,304,80,224,27.0,487424,121856,1361920,358400,2,0,51,10,0,250422-065436_Run_689_Idx_2588,1730,0,5e-05,20000000,4874240.0,1218560.0,13619200.0,3584000.0,0.75,0.7368421052631579
1735,1,320,93,227,24.09,304,99,205,24.2,389336,101784,1192504,330576,2,0,51,10,0,250422-110634_Run_1393_Idx_39049,3490,0,5e-05,20000000,3893360.0,1017840.0,11925040.0,3305760.0,0.709375,0.6743421052631579
1736,1,160,43,117,22.84,38,10,28,19.89,3703800,1013152,1337328,364048,14,0,51,10,0,250422-135225_Run_1804_Idx_87442,4510,0,5e-05,20000000,37038000.0,10131520.0,13373280.0,3640480.0,0.73125,0.7368421052631579
1737,1,160,43,117,22.62,38,10,28,21.42,3897352,1051552,1337328,364048,14,0,51,10,0,250422-123952_Run_1736_Idx_82007,4340,0,5e-05,20000000,38973520.0,10515520.0,13373280.0,3640480.0,0.73125,0.7368421052631579
1738,1,320,94,226,24.16,304,90,214,22.82,413680,109944,1036120,281568,2,0,51,10,0,250422-112357_Run_1325_Idx_93740,3320,0,5e-05,20000000,4136800.0,1099440.0,10361200.0,2815680.0,0.70625,0.7039473684210527
1739,1,320,91,229,24.91,171,45,126,27.0,1664488,436016,1975848,519960,4,0,51,10,0,250422-102853_Run_702_Idx_91050,1760,0,5e-05,20000000,16644880.0,4360160.0,19758480.0,5199600.0,0.715625,0.7368421052631579
1740,1,290,78,212,22.3,95,25,70,22.47,3223912,852616,1375544,374424,7,0,51,10,0,250422-125954_Run_1635_Idx_3654,4090,0,5e-05,20000000,32239120.0,8526160.0,13755440.0,3744240.0,0.7310344827586207,0.7368421052631579
1741,1,320,80,240,26.6,304,80,224,27.0,487424,121856,1361920,358400,2,0,51,10,0,250422-094518_Run_249_Idx_29121,630,0,5e-05,20000000,4874240.0,1218560.0,13619200.0,3584000.0,0.75,0.7368421052631579
1742,1,320,80,240,26.41,171,48,123,21.93,1880192,470048,1100560,291984,4,0,51,10,0,250422-135308_Run_1834_Idx_81450,4590,0,5e-05,20000000,18801920.0,4700480.0,11005600.0,2919840.0,0.75,0.7192982456140351
1743,1,320,80,240,26.65,304,80,224,27.0,494080,123520,1361920,358400,2,0,51,10,0,250422-090829_Run_505_Idx_81817,1270,0,5e-05,20000000,4940800.0,1235200.0,13619200.0,3584000.0,0.75,0.7368421052631579
1744,1,320,95,225,24.91,304,93,211,23.71,447224,121208,1109968,299352,2,0,51,10,0,250422-120244_Run_1129_Idx_31968,2830,0,5e-05,20000000,4472240.0,1212080.0,11099680.0,2993520.0,0.703125,0.694078947368421
1745,1,290,79,211,26.23,95,30,65,24.73,4764712,1281424,2130504,603816,7,0,51,10,0,250422-074742_Run_543_Idx_18976,1360,0,5e-05,20000000,47647120.0,12814240.0,21305040.0,6038160.0,0.7275862068965517,0.6842105263157895
1746,1,160,43,117,24.81,38,10,28,27.0,3779600,1012320,2258416,594320,14,0,51,10,0,250422-142243_Run_1944_Idx_13114,4860,0,5e-05,20000000,37796000.0,10123200.0,22584160.0,5943200.0,0.73125,0.7368421052631579
1747,1,290,78,212,25.2,95,27,68,25.05,4251112,1143656,2102096,574016,7,0,51,10,0,250422-111309_Run_1271_Idx_65032,3180,0,5e-05,20000000,42511120.0,11436560.0,21020960.0,5740160.0,0.7310344827586207,0.7157894736842105
1748,1,320,80,240,26.5,171,53,118,25.58,1915904,478976,1848864,509680,4,0,51,10,0,250422-065050_Run_334_Idx_78778,840,0,5e-05,20000000,19159040.0,4789760.0,18488640.0,5096800.0,0.75,0.6900584795321637
1749,1,320,121,199,19.15,304,112,192,21.13,286784,83968,918832,267184,2,0,51,10,0,250422-123633_Run_1677_Idx_76218,4200,0,5e-05,20000000,2867840.0,839680.0,9188320.0,2671840.0,0.621875,0.631578947368421
1750,1,320,90,230,23.69,171,45,126,27.0,1292784,339592,1975848,519960,4,0,51,10,0,250422-132241_Run_1654_Idx_71907,4140,0,5e-05,20000000,12927840.0,3395920.0,19758480.0,5199600.0,0.71875,0.7368421052631579
1751,1,320,80,240,26.5,171,45,126,27.0,1942144,485536,1975848,519960,4,0,51,10,0,250422-065437_Run_570_Idx_80127,1430,0,5e-05,20000000,19421440.0,4855360.0,19758480.0,5199600.0,0.75,0.7368421052631579
1752,1,160,43,117,23.78,38,10,28,21.42,4156136,1072248,1452464,364048,14,0,51,10,0,250422-080838_Run_1008_Idx_46277,2520,0,5e-05,20000000,41561360.0,10722480.0,14524640.0,3640480.0,0.73125,0.7368421052631579
1753,1,320,95,225,24.6,304,106,198,24.2,463528,122872,1179472,344560,2,0,51,10,0,250422-083651_Run_401_Idx_21508,1010,0,5e-05,20000000,4635280.0,1228720.0,11794720.0,3445600.0,0.703125,0.6513157894736842
1754,1,160,43,117,23.19,38,10,28,20.0,4100760,1112392,1337328,364048,14,0,51,10,0,250422-141524_Run_1908_Idx_46277,4770,0,5e-05,20000000,41007600.0,11123920.0,13373280.0,3640480.0,0.73125,0.7368421052631579
1755,1,160,43,117,25.66,38,10,28,25.58,4657904,1222296,1797872,479184,14,0,51,10,0,250422-122209_Run_1416_Idx_1820,3540,0,5e-05,20000000,46579040.0,12222960.0,17978720.0,4791840.0,0.73125,0.7368421052631579
1756,1,320,158,162,6.14,304,196,108,2.13,82432,25600,41344,26656,2,0,51,10,0,250422-071608_Run_797_Idx_34500,2000,0,5e-05,20000000,824320.0,256000.0,413440.0,266560.0,0.50625,0.35526315789473684
1757,1,160,43,117,23.12,38,10,28,25.58,3309712,894848,1797872,479184,14,0,51,10,0,250422-105522_Run_1340_Idx_82007,3350,0,5e-05,20000000,33097120.0,8948480.0,17978720.0,4791840.0,0.73125,0.7368421052631579
1758,1,290,78,212,22.27,95,25,70,20.26,3686152,972456,1375544,374424,7,0,51,10,0,250422-124807_Run_1611_Idx_96012,4030,0,5e-05,20000000,36861520.0,9724560.0,13755440.0,3744240.0,0.7310344827586207,0.7368421052631579
1759,1,320,111,209,21.58,304,101,203,23.35,334664,93288,1018744,287408,2,0,51,10,0,250422-104357_Run_1405_Idx_38452,3520,0,5e-05,20000000,3346640.0,932880.0,10187440.0,2874080.0,0.653125,0.6677631578947368
1760,1,160,43,117,18.4,38,10,28,15.68,2505544,659600,991920,248912,14,0,51,10,0,250422-135038_Run_1820_Idx_22272,4550,0,5e-05,20000000,25055440.0,6596000.0,9919200.0,2489120.0,0.73125,0.7368421052631579
1761,1,320,94,226,20.25,304,97,207,21.21,344536,90648,983992,273832,2,0,51,10,0,250422-141817_Run_1933_Idx_97626,4840,0,5e-05,20000000,3445360.0,906480.0,9839920.0,2738320.0,0.70625,0.680921052631579
1762,1,160,43,117,21.91,38,10,28,24.16,3550360,974792,1797872,479184,14,0,51,10,0,250422-134744_Run_1776_Idx_46277,4440,0,5e-05,20000000,35503600.0,9747920.0,17978720.0,4791840.0,0.73125,0.7368421052631579
1763,1,160,43,117,25.59,38,10,28,24.26,5041592,1347600,1797872,479184,14,0,51,10,0,250422-133347_Run_1740_Idx_60828,4350,0,5e-05,20000000,50415920.0,13476000.0,17978720.0,4791840.0,0.73125,0.7368421052631579
1764,1,290,78,212,25.81,95,25,70,27.0,4285352,1143656,2320888,610760,7,0,51,10,0,250422-133626_Run_1827_Idx_96012,4570,0,5e-05,20000000,42853520.0,11436560.0,23208880.0,6107600.0,0.7310344827586207,0.7368421052631579
1765,1,160,44,116,25.96,38,11,27,25.58,4959360,1328648,1970576,538616,14,0,51,10,0,250422-073747_Run_548_Idx_47958,1370,0,5e-05,20000000,49593600.0,13286480.0,19705760.0,5386160.0,0.725,0.7105263157894737
1766,1,320,87,233,20.28,171,47,124,23.57,1310352,337688,1080616,293064,4,0,51,10,0,250422-135754_Run_1878_Idx_25126,4700,0,5e-05,20000000,13103520.0,3376880.0,10806160.0,2930640.0,0.728125,0.7251461988304093
1767,1,320,83,237,23.88,171,45,126,27.0,1117656,284288,1975848,519960,4,0,51,10,0,250422-141847_Run_1946_Idx_61416,4870,0,5e-05,20000000,11176560.0,2842880.0,19758480.0,5199600.0,0.740625,0.7368421052631579
1768,1,320,94,226,25.19,171,45,126,27.0,1768512,467112,1975848,519960,4,0,51,10,0,250422-071249_Run_442_Idx_45443,1110,0,5e-05,20000000,17685120.0,4671120.0,19758480.0,5199600.0,0.70625,0.7368421052631579
1769,1,320,80,240,26.65,304,94,210,25.58,494080,123520,1266352,351616,2,0,51,10,0,250422-101833_Run_469_Idx_35818,1180,0,5e-05,20000000,4940800.0,1235200.0,12663520.0,3516160.0,0.75,0.6907894736842105
1770,1,320,101,219,23.99,304,101,203,23.67,421720,116824,1079560,313472,2,0,51,10,0,250422-105417_Run_1281_Idx_75566,3210,0,5e-05,20000000,4217200.0,1168240.0,10795600.0,3134720.0,0.684375,0.6677631578947368
1771,1,320,80,240,26.5,171,45,126,27.0,1915904,478976,1975848,519960,4,0,51,10,0,250422-063139_Run_2_Idx_51250,10,0,5e-05,20000000,19159040.0,4789760.0,19758480.0,5199600.0,0.75,0.7368421052631579
1772,1,320,80,240,26.54,171,45,126,27.0,1942144,485536,1975848,519960,4,0,51,10,0,250422-080824_Run_414_Idx_40035,1040,0,5e-05,20000000,19421440.0,4855360.0,19758480.0,5199600.0,0.75,0.7368421052631579
1773,1,290,79,211,26.49,95,25,70,27.0,4703272,1266064,2320888,610760,7,0,51,10,0,250422-082500_Run_287_Idx_17819,720,0,5e-05,20000000,47032720.0,12660640.0,23208880.0,6107600.0,0.7275862068965517,0.7368421052631579
1774,1,320,92,228,25.15,304,80,224,27.0,434720,114272,1361920,358400,2,0,51,10,0,250422-092717_Run_853_Idx_71687,2140,0,5e-05,20000000,4347200.0,1142720.0,13619200.0,3584000.0,0.7125,0.7368421052631579
1775,1,320,96,224,23.28,304,100,204,21.45,370040,97152,918832,256864,2,0,51,10,0,250422-135317_Run_1849_Idx_19161,4630,0,5e-05,20000000,3700400.0,971520.0,9188320.0,2568640.0,0.7,0.6710526315789473
1776,1,320,80,240,26.56,171,45,126,27.0,1942144,485536,1975848,519960,4,0,51,10,0,250422-091214_Run_146_Idx_21514,370,0,5e-05,20000000,19421440.0,4855360.0,19758480.0,5199600.0,0.75,0.7368421052631579
1777,1,290,79,211,21.72,95,26,69,19.02,3275272,836304,1519968,401568,7,0,51,10,0,250422-105753_Run_1279_Idx_65032,3200,0,5e-05,20000000,32752720.0,8363040.0,15199680.0,4015680.0,0.7275862068965517,0.7263157894736842
1778,1,320,92,228,23.98,304,101,203,22.56,389696,101408,975304,265688,2,0,51,10,0,250422-103353_Run_1469_Idx_74484,3680,0,5e-05,20000000,3896960.0,1014080.0,9753040.0,2656880.0,0.7125,0.6677631578947368
1779,1,290,81,209,25.3,95,26,69,23.93,4189672,1147840,1733600,468104,7,0,51,10,0,250422-071532_Run_1035_Idx_1978,2590,0,5e-05,20000000,41896720.0,11478400.0,17336000.0,4681040.0,0.7206896551724138,0.7263157894736842
1780,1,320,80,240,26.48,171,54,117,21.64,1915904,478976,1166168,311472,4,0,51,10,0,250422-131617_Run_1566_Idx_98549,3920,0,5e-05,20000000,19159040.0,4789760.0,11661680.0,3114720.0,0.75,0.6842105263157895
1781,1,290,83,207,24.18,95,28,67,24.16,3658952,1012496,1890288,535080,7,0,51,10,0,250422-064419_Run_1051_Idx_80589,2630,0,5e-05,20000000,36589520.0,10124960.0,18902880.0,5350800.0,0.7137931034482758,0.7052631578947368
1782,1,290,78,212,17.03,95,25,70,19.34,2453512,647176,1375544,374424,7,0,51,10,0,250422-123600_Run_1647_Idx_3654,4120,0,5e-05,20000000,24535120.0,6471760.0,13755440.0,3744240.0,0.7310344827586207,0.7368421052631579
1783,1,320,98,222,22.45,171,50,121,24.33,1281920,350144,1541432,411736,4,0,51,10,0,250422-121436_Run_1302_Idx_46063,3260,0,5e-05,20000000,12819200.0,3501440.0,15414320.0,4117360.0,0.69375,0.7076023391812866
1784,1,160,43,117,26.39,38,10,28,27.0,5198296,1386776,2258416,594320,14,0,51,10,0,250422-085024_Run_156_Idx_87442,390,0,5e-05,20000000,51982960.0,13867760.0,22584160.0,5943200.0,0.73125,0.7368421052631579
1785,1,320,89,231,24.45,171,45,126,27.0,1584976,408576,1975848,519960,4,0,51,10,0,250422-115633_Run_1310_Idx_80265,3280,0,5e-05,20000000,15849760.0,4085760.0,19758480.0,5199600.0,0.721875,0.7368421052631579
1786,1,160,43,117,19.35,38,10,28,15.63,2191528,581096,70832,18640,14,0,51,10,0,250422-135543_Run_1772_Idx_46277,4430,0,5e-05,20000000,21915280.0,5810960.0,708320.0,186400.0,0.73125,0.7368421052631579
1787,1,160,43,117,19.74,38,10,28,14.37,2820888,718848,70832,18640,14,0,51,10,0,250422-143109_Run_2000_Idx_60828,5000,0,5e-05,20000000,28208880.0,7188480.0,708320.0,186400.0,0.73125,0.7368421052631579
1788,1,320,80,240,26.56,171,45,126,25.63,1942144,485536,1581384,421344,4,0,51,10,0,250422-083552_Run_758_Idx_48165,1900,0,5e-05,20000000,19421440.0,4855360.0,15813840.0,4213440.0,0.75,0.7368421052631579
1789,1,320,80,240,26.56,171,45,126,27.0,1942144,485536,1975848,519960,4,0,51,10,0,250422-094417_Run_130_Idx_21514,330,0,5e-05,20000000,19421440.0,4855360.0,19758480.0,5199600.0,0.75,0.7368421052631579
1790,1,320,80,240,26.48,171,52,119,25.58,1915904,478976,1732616,477912,4,0,51,10,0,250422-084529_Run_634_Idx_77007,1590,0,5e-05,20000000,19159040.0,4789760.0,17326160.0,4779120.0,0.75,0.695906432748538
1791,1,320,105,215,22.59,171,61,110,24.16,1423968,404264,1603744,472112,4,0,51,10,0,250422-071807_Run_558_Idx_43401,1400,0,5e-05,20000000,14239680.0,4042640.0,16037440.0,4721120.0,0.671875,0.6432748538011696
1792,1,320,107,213,23.38,304,103,201,24.42,381656,105584,1183816,335464,2,0,51,10,0,250422-075403_Run_897_Idx_59074,2250,0,5e-05,20000000,3816560.0,1055840.0,11838160.0,3354640.0,0.665625,0.6611842105263158
1793,1,320,103,217,23.88,171,52,119,25.58,1561832,440656,1822576,496104,4,0,51,10,0,250422-094342_Run_606_Idx_94835,1520,0,5e-05,20000000,15618320.0,4406560.0,18225760.0,4961040.0,0.678125,0.695906432748538
1794,1,290,78,212,18.84,95,26,69,22.47,2370184,677704,1815392,494888,7,0,51,10,0,250422-123223_Run_1411_Idx_82624,3530,0,5e-05,20000000,23701840.0,6777040.0,18153920.0,4948880.0,0.7310344827586207,0.7263157894736842
1795,1,320,80,240,26.42,171,45,126,27.0,1915904,478976,1975848,519960,4,0,51,10,0,250422-085615_Run_986_Idx_54611,2470,0,5e-05,20000000,19159040.0,4789760.0,19758480.0,5199600.0,0.75,0.7368421052631579
1796,1,320,94,226,25.3,304,80,224,27.0,458704,121200,1361920,358400,2,0,51,10,0,250422-094100_Run_489_Idx_35818,1230,0,5e-05,20000000,4587040.0,1212000.0,13619200.0,3584000.0,0.70625,0.7368421052631579
1797,1,320,80,240,26.6,304,80,224,27.0,487424,121856,1361920,358400,2,0,51,10,0,250422-061511_Run_101_Idx_9346,260,0,5e-05,20000000,4874240.0,1218560.0,13619200.0,3584000.0,0.75,0.7368421052631579
1798,1,290,80,210,23.7,95,26,69,22.87,3497832,956952,2025480,547752,7,0,51,10,0,250422-111506_Run_1211_Idx_68411,3030,0,5e-05,20000000,34978320.0,9569520.0,20254800.0,5477520.0,0.7241379310344828,0.7263157894736842
1799,1,320,91,229,18.88,171,53,118,20.53,1117832,283024,1329168,368960,4,0,51,10,0,250422-133530_Run_1782_Idx_88280,4460,0,5e-05,20000000,11178320.0,2830240.0,13291680.0,3689600.0,0.715625,0.6900584795321637
1800,1,290,78,212,23.66,95,25,70,27.0,3806472,1036776,2320888,610760,7,0,51,10,0,250422-110011_Run_1455_Idx_46758,3640,0,5e-05,20000000,38064720.0,10367760.0,23208880.0,6107600.0,0.7310344827586207,0.7368421052631579
1801,1,160,43,117,24.36,38,10,28,24.16,4410904,1189928,1797872,479184,14,0,51,10,0,250422-110335_Run_1276_Idx_22272,3190,0,5e-05,20000000,44109040.0,11899280.0,17978720.0,4791840.0,0.73125,0.7368421052631579
1802,1,320,91,229,25.3,304,80,224,27.0,444232,116184,1361920,358400,2,0,51,10,0,250422-115048_Run_1253_Idx_71031,3140,0,5e-05,20000000,4442320.0,1161840.0,13619200.0,3584000.0,0.715625,0.7368421052631579
1803,1,290,79,211,25.74,95,25,70,27.0,4337192,1174544,2320888,610760,7,0,51,10,0,250422-081339_Run_887_Idx_82624,2220,0,5e-05,20000000,43371920.0,11745440.0,23208880.0,6107600.0,0.7275862068965517,0.7368421052631579
1804,1,320,109,211,21.82,304,102,202,23.09,371648,97984,1023088,274512,2,0,51,10,0,250422-105130_Run_1401_Idx_31662,3510,0,5e-05,20000000,3716480.0,979840.0,10230880.0,2745120.0,0.659375,0.6644736842105263
1805,1,160,45,115,26.14,38,12,26,25.58,5256576,1389504,2143280,598048,14,0,51,10,0,250422-063328_Run_40_Idx_51841,100,0,5e-05,20000000,52565760.0,13895040.0,21432800.0,5980480.0,0.71875,0.6842105263157895
1806,1,160,43,117,25.82,38,10,28,27.0,4961304,1327528,2258416,594320,14,0,51,10,0,250422-132607_Run_1592_Idx_22272,3980,0,5e-05,20000000,49613040.0,13275280.0,22584160.0,5943200.0,0.73125,0.7368421052631579
1807,1,290,79,211,26.49,95,25,70,27.0,4703272,1266064,2320888,610760,7,0,51,10,0,250422-061312_Run_63_Idx_87244,160,0,5e-05,20000000,47032720.0,12660640.0,23208880.0,6107600.0,0.7275862068965517,0.7368421052631579
1808,1,290,80,210,26.36,95,25,70,27.0,4696232,1265112,2320888,610760,7,0,51,10,0,250422-082017_Run_527_Idx_65032,1320,0,5e-05,20000000,46962320.0,12651120.0,23208880.0,6107600.0,0.7241379310344828,0.7368421052631579
1809,1,160,43,117,20.94,38,10,28,18.47,3330176,875552,991920,248912,14,0,51,10,0,250422-115250_Run_1252_Idx_22272,3130,0,5e-05,20000000,33301760.0,8755520.0,9919200.0,2489120.0,0.73125,0.7368421052631579
1810,1,160,49,111,25.27,38,14,24,24.16,4962048,1356600,2028144,601776,14,0,51,10,0,250422-061704_Run_100_Idx_27812,250,0,5e-05,20000000,49620480.0,13566000.0,20281440.0,6017760.0,0.69375,0.631578947368421
1811,1,320,94,226,23.26,304,95,209,22.57,410464,108336,1001368,273560,2,0,51,10,0,250422-131212_Run_1629_Idx_57738,4080,0,5e-05,20000000,4104640.0,1083360.0,10013680.0,2735600.0,0.70625,0.6875
1812,1,320,84,236,21.82,171,48,123,24.19,1167256,299000,1388504,370440,4,0,51,10,0,250422-141611_Run_1894_Idx_77007,4740,0,5e-05,20000000,11672560.0,2990000.0,13885040.0,3704400.0,0.7375,0.7192982456140351
1813,1,160,43,117,21.06,38,10,28,21.32,3161472,867776,1337328,364048,14,0,51,10,0,250422-124622_Run_1672_Idx_1820,4180,0,5e-05,20000000,31614720.0,8677760.0,13373280.0,3640480.0,0.73125,0.7368421052631579
1814,1,320,89,231,23.66,171,45,126,27.0,1515608,393088,1975848,519960,4,0,51,10,0,250422-110206_Run_1454_Idx_27513,3640,0,5e-05,20000000,15156080.0,3930880.0,19758480.0,5199600.0,0.721875,0.7368421052631579
1815,1,290,78,212,26.31,95,25,70,27.0,4679112,1247184,2320888,610760,7,0,51,10,0,250422-101841_Run_351_Idx_67176,880,0,5e-05,20000000,46791120.0,12471840.0,23208880.0,6107600.0,0.7310344827586207,0.7368421052631579
1816,1,160,46,114,25.08,38,10,28,25.58,4155936,1155320,1797872,479184,14,0,51,10,0,250422-102501_Run_584_Idx_49245,1460,0,5e-05,20000000,41559360.0,11553200.0,17978720.0,4791840.0,0.7125,0.7368421052631579
1817,1,320,80,240,26.65,304,80,224,27.0,494080,123520,1361920,358400,2,0,51,10,0,250422-061118_Run_25_Idx_24085,70,0,5e-05,20000000,4940800.0,1235200.0,13619200.0,3584000.0,0.75,0.7368421052631579
1818,1,290,86,204,25.51,95,35,60,24.16,4480712,1220360,2084552,618728,7,0,51,10,0,250422-075947_Run_299_Idx_96521,750,0,5e-05,20000000,44807120.0,12203600.0,20845520.0,6187280.0,0.7034482758620689,0.631578947368421
1819,1,320,109,211,22.48,171,64,107,18.71,1453400,423584,1121096,336440,4,0,51,10,0,250422-070949_Run_1038_Idx_13501,2600,0,5e-05,20000000,14534000.0,4235840.0,11210960.0,3364400.0,0.659375,0.6257309941520468
1820,1,320,94,226,25.3,304,80,224,27.0,458704,121200,1361920,358400,2,0,51,10,0,250422-080228_Run_417_Idx_48844,1050,0,5e-05,20000000,4587040.0,1212000.0,13619200.0,3584000.0,0.70625,0.7368421052631579
1821,1,290,88,202,24.96,95,26,69,25.58,4148392,1151736,2018896,519736,7,0,51,10,0,250422-075934_Run_775_Idx_91921,1940,0,5e-05,20000000,41483920.0,11517360.0,20188960.0,5197360.0,0.696551724137931,0.7263157894736842
1822,1,320,80,240,26.56,171,45,126,27.0,1942144,485536,1975848,519960,4,0,51,10,0,250422-102211_Run_110_Idx_21514,280,0,5e-05,20000000,19421440.0,4855360.0,19758480.0,5199600.0,0.75,0.7368421052631579
1823,1,290,80,210,24.09,95,25,70,27.0,3617672,991192,2320888,610760,7,0,51,10,0,250422-115716_Run_1191_Idx_47120,2980,0,5e-05,20000000,36176720.0,9911920.0,23208880.0,6107600.0,0.7241379310344828,0.7368421052631579
1824,1,320,80,240,26.5,304,92,212,25.58,479744,119936,1240288,342656,2,0,51,10,0,250422-095034_Run_841_Idx_71687,2110,0,5e-05,20000000,4797440.0,1199360.0,12402880.0,3426560.0,0.75,0.6973684210526315
1825,1,320,94,226,24.28,171,50,121,25.58,1604128,426016,1580096,432568,4,0,51,10,0,250422-065043_Run_810_Idx_62305,2030,0,5e-05,20000000,16041280.0,4260160.0,15800960.0,4325680.0,0.70625,0.7076023391812866
1826,1,320,80,240,26.5,171,45,126,27.0,1942144,485536,1975848,519960,4,0,51,10,0,250422-081321_Run_530_Idx_80127,1330,0,5e-05,20000000,19421440.0,4855360.0,19758480.0,5199600.0,0.75,0.7368421052631579
1827,1,320,109,211,22.31,304,99,205,24.16,381520,109296,1196848,334920,2,0,51,10,0,250422-114954_Run_1313_Idx_98814,3290,0,5e-05,20000000,3815200.0,1092960.0,11968480.0,3349200.0,0.659375,0.6743421052631579
1828,1,320,80,240,26.21,171,50,121,23.4,1942144,485536,1120368,308744,4,0,51,10,0,250422-123415_Run_1618_Idx_26197,4050,0,5e-05,20000000,19421440.0,4855360.0,11203680.0,3087440.0,0.75,0.7076023391812866
1829,1,320,102,218,23.0,171,50,121,24.95,1423424,398120,1653752,450760,4,0,51,10,0,250422-085103_Run_870_Idx_17767,2180,0,5e-05,20000000,14234240.0,3981200.0,16537520.0,4507600.0,0.68125,0.7076023391812866
1830,1,290,78,212,20.97,95,25,70,23.06,3145352,871496,1848216,492592,7,0,51,10,0,250422-134631_Run_1791_Idx_42567,4480,0,5e-05,20000000,31453520.0,8714960.0,18482160.0,4925920.0,0.7310344827586207,0.7368421052631579
1831,1,290,78,212,25.5,95,25,70,27.0,4326632,1145416,2320888,610760,7,0,51,10,0,250422-125444_Run_1547_Idx_10643,3870,0,5e-05,20000000,43266320.0,11454160.0,23208880.0,6107600.0,0.7310344827586207,0.7368421052631579
1832,1,290,78,212,26.45,95,25,70,27.0,4747592,1246376,2320888,610760,7,0,51,10,0,250422-100404_Run_715_Idx_54015,1790,0,5e-05,20000000,47475920.0,12463760.0,23208880.0,6107600.0,0.7310344827586207,0.7368421052631579
1833,1,320,80,240,26.6,304,80,224,27.0,487424,121856,1361920,358400,2,0,51,10,0,250422-070848_Run_325_Idx_29121,820,0,5e-05,20000000,4874240.0,1218560.0,13619200.0,3584000.0,0.75,0.7368421052631579
1834,1,290,78,212,22.31,95,25,70,23.33,3463592,938216,1848216,492592,7,0,51,10,0,250422-140038_Run_1815_Idx_96012,4540,0,5e-05,20000000,34635920.0,9382160.0,18482160.0,4925920.0,0.7310344827586207,0.7368421052631579
1835,1,290,78,212,26.49,95,25,70,27.0,4703272,1248136,2320888,610760,7,0,51,10,0,250422-092556_Run_615_Idx_42567,1540,0,5e-05,20000000,47032720.0,12481360.0,23208880.0,6107600.0,0.7310344827586207,0.7368421052631579
1836,1,290,78,212,20.08,95,25,70,19.89,2008872,540296,548368,138088,7,0,51,10,0,250422-132838_Run_1651_Idx_46758,4130,0,5e-05,20000000,20088720.0,5402960.0,5483680.0,1380880.0,0.7310344827586207,0.7368421052631579
1837,1,160,45,115,25.65,38,12,26,25.58,4702296,1270328,2143280,598048,14,0,51,10,0,250422-083525_Run_520_Idx_51841,1300,0,5e-05,20000000,47022960.0,12703280.0,21432800.0,5980480.0,0.71875,0.6842105263157895
1838,1,160,43,117,26.5,38,10,28,27.0,5090776,1359896,2258416,594320,14,0,51,10,0,250422-062956_Run_68_Idx_1820,170,0,5e-05,20000000,50907760.0,13598960.0,22584160.0,5943200.0,0.73125,0.7368421052631579
1839,1,290,82,208,24.49,95,29,66,24.44,4131272,1112648,1946712,550416,7,0,51,10,0,250422-064059_Run_815_Idx_99699,2040,0,5e-05,20000000,41312720.0,11126480.0,19467120.0,5504160.0,0.7172413793103448,0.6947368421052632
1840,1,320,80,240,25.35,304,80,224,27.0,392704,98176,1361920,358400,2,0,51,10,0,250422-101100_Run_473_Idx_81817,1190,0,5e-05,20000000,3927040.0,981760.0,13619200.0,3584000.0,0.75,0.7368421052631579
1841,1,160,43,117,19.78,38,10,28,14.37,2820888,718848,70832,18640,14,0,51,10,0,250422-113707_Run_1200_Idx_87442,3000,0,5e-05,20000000,28208880.0,7188480.0,708320.0,186400.0,0.73125,0.7368421052631579
1842,1,160,43,117,25.99,38,10,28,27.0,4697080,1261472,2258416,594320,14,0,51,10,0,250422-072408_Run_912_Idx_1820,2280,0,5e-05,20000000,46970800.0,12614720.0,22584160.0,5943200.0,0.73125,0.7368421052631579
1843,1,290,78,212,25.93,95,25,70,27.0,4371656,1157648,2320888,610760,7,0,51,10,0,250422-090626_Run_863_Idx_46758,2160,0,5e-05,20000000,43716560.0,11576480.0,23208880.0,6107600.0,0.7310344827586207,0.7368421052631579
1844,1,290,79,211,26.54,95,25,70,27.0,4764712,1281424,2320888,610760,7,0,51,10,0,250422-061913_Run_47_Idx_89856,120,0,5e-05,20000000,47647120.0,12814240.0,23208880.0,6107600.0,0.7275862068965517,0.7368421052631579
1845,1,320,89,231,25.25,304,80,224,27.0,427928,111176,1361920,358400,2,0,51,10,0,250422-112727_Run_1145_Idx_26237,2870,0,5e-05,20000000,4279280.0,1111760.0,13619200.0,3584000.0,0.721875,0.7368421052631579
1846,1,290,78,212,22.3,95,26,69,21.68,3059752,803016,1548960,402024,7,0,51,10,0,250422-123436_Run_1587_Idx_87244,3970,0,5e-05,20000000,30597520.0,8030160.0,15489600.0,4020240.0,0.7310344827586207,0.7263157894736842
1847,1,320,80,240,26.65,304,80,224,25.63,494080,123520,1089536,290304,2,0,51,10,0,250422-083810_Run_757_Idx_71618,1900,0,5e-05,20000000,4940800.0,1235200.0,10895360.0,2903040.0,0.75,0.7368421052631579
1848,1,160,43,117,24.09,38,10,28,24.16,3459648,907920,1452464,364048,14,0,51,10,0,250422-092909_Run_852_Idx_1820,2130,0,5e-05,20000000,34596480.0,9079200.0,14524640.0,3640480.0,0.73125,0.7368421052631579
1849,1,320,80,240,26.65,304,80,224,27.0,494080,123520,1361920,358400,2,0,51,10,0,250422-064842_Run_573_Idx_81817,1440,0,5e-05,20000000,4940800.0,1235200.0,13619200.0,3584000.0,0.75,0.7368421052631579
1850,1,160,43,117,22.09,38,10,28,24.16,3114224,836376,1337328,364048,14,0,51,10,0,250422-140024_Run_1800_Idx_87442,4500,0,5e-05,20000000,31142240.0,8363760.0,13373280.0,3640480.0,0.73125,0.7368421052631579
1851,1,290,78,212,26.37,95,25,70,25.63,4579080,1229928,1857752,494976,7,0,51,10,0,250422-071839_Run_439_Idx_67176,1100,0,5e-05,20000000,45790800.0,12299280.0,18577520.0,4949760.0,0.7310344827586207,0.7368421052631579
1852,1,320,91,229,25.15,171,45,126,27.0,1741864,455576,1975848,519960,4,0,51,10,0,250422-093854_Run_490_Idx_56186,1230,0,5e-05,20000000,17418640.0,4555760.0,19758480.0,5199600.0,0.715625,0.7368421052631579
1853,1,290,94,196,23.85,95,34,61,24.16,3960072,1156584,2073624,618720,7,0,51,10,0,250422-102210_Run_467_Idx_56680,1170,0,5e-05,20000000,39600720.0,11565840.0,20736240.0,6187200.0,0.6758620689655173,0.6421052631578947
1854,1,160,43,117,26.39,38,10,28,27.0,5355000,1425952,2258416,594320,14,0,51,10,0,250422-101050_Run_116_Idx_87442,290,0,5e-05,20000000,53550000.0,14259520.0,22584160.0,5943200.0,0.73125,0.7368421052631579
1855,1,320,80,240,26.48,171,52,119,25.58,1915904,478976,1696232,468816,4,0,51,10,0,250422-082809_Run_642_Idx_77007,1610,0,5e-05,20000000,19159040.0,4789760.0,16962320.0,4688160.0,0.75,0.695906432748538
1856,1,320,91,229,24.45,171,45,126,27.0,1516328,398760,1975848,519960,4,0,51,10,0,250422-113335_Run_1142_Idx_61142,2860,0,5e-05,20000000,15163280.0,3987600.0,19758480.0,5199600.0,0.715625,0.7368421052631579
1857,1,290,78,212,26.54,95,25,70,27.0,4764712,1263496,2320888,610760,7,0,51,10,0,250422-131954_Run_1595_Idx_96012,3990,0,5e-05,20000000,47647120.0,12634960.0,23208880.0,6107600.0,0.7310344827586207,0.7368421052631579
1858,1,290,80,210,25.67,95,29,66,25.01,4412232,1198392,2158128,602928,7,0,51,10,0,250422-073719_Run_667_Idx_55938,1670,0,5e-05,20000000,44122320.0,11983920.0,21581280.0,6029280.0,0.7241379310344828,0.6947368421052632
1859,1,320,90,230,18.82,171,52,119,20.9,1018376,267032,1136832,319704,4,0,51,10,0,250422-142416_Run_1970_Idx_70468,4930,0,5e-05,20000000,10183760.0,2670320.0,11368320.0,3197040.0,0.71875,0.695906432748538
1860,1,290,80,210,22.21,95,26,69,21.62,3275272,871352,1129192,297424,7,0,51,10,0,250422-104500_Run_1227_Idx_68411,3070,0,5e-05,20000000,32752720.0,8713520.0,11291920.0,2974240.0,0.7241379310344828,0.7263157894736842
1861,1,160,43,117,24.59,38,10,28,27.0,3741392,973144,2258416,594320,14,0,51,10,0,250422-123043_Run_1116_Idx_27734,2790,0,5e-05,20000000,37413920.0,9731440.0,22584160.0,5943200.0,0.73125,0.7368421052631579
1862,1,290,81,209,26.17,95,25,70,27.0,4593512,1248800,2320888,610760,7,0,51,10,0,250422-075821_Run_419_Idx_53495,1050,0,5e-05,20000000,45935120.0,12488000.0,23208880.0,6107600.0,0.7206896551724138,0.7368421052631579
1863,1,320,80,240,26.6,304,80,224,27.0,487424,121856,1361920,358400,2,0,51,10,0,250422-093003_Run_613_Idx_2588,1540,0,5e-05,20000000,4874240.0,1218560.0,13619200.0,3584000.0,0.75,0.7368421052631579
1864,1,320,90,230,24.47,171,57,114,23.53,1693128,440864,1405992,386880,4,0,51,10,0,250422-064256_Run_814_Idx_57086,2040,0,5e-05,20000000,16931280.0,4408640.0,14059920.0,3868800.0,0.71875,0.6666666666666666
1865,1,320,80,240,26.65,304,80,224,27.0,494080,123520,1361920,358400,2,0,51,10,0,250422-085713_Run_153_Idx_24085,390,0,5e-05,20000000,4940800.0,1235200.0,13619200.0,3584000.0,0.75,0.7368421052631579
1866,1,320,80,240,26.6,304,80,224,27.0,487424,121856,1361920,358400,2,0,51,10,0,250422-061715_Run_61_Idx_2588,160,0,5e-05,20000000,4874240.0,1218560.0,13619200.0,3584000.0,0.75,0.7368421052631579
1867,1,160,43,117,26.27,38,10,28,25.58,5096576,1326752,1913008,479184,14,0,51,10,0,250422-141229_Run_1976_Idx_82007,4940,0,5e-05,20000000,50965760.0,13267520.0,19130080.0,4791840.0,0.73125,0.7368421052631579
1868,1,290,79,211,26.03,95,25,70,27.0,4422312,1195824,2320888,610760,7,0,51,10,0,250422-114608_Run_1255_Idx_89856,3140,0,5e-05,20000000,44223120.0,11958240.0,23208880.0,6107600.0,0.7275862068965517,0.7368421052631579
1869,1,160,43,117,23.32,38,10,28,22.74,3974736,1031480,1337328,364048,14,0,51,10,0,250422-121904_Run_1300_Idx_82007,3250,0,5e-05,20000000,39747360.0,10314800.0,13373280.0,3640480.0,0.73125,0.7368421052631579
1870,1,290,78,212,23.47,95,25,70,21.64,3898632,1025576,1375544,374424,7,0,51,10,0,250422-142508_Run_1903_Idx_10643,4760,0,5e-05,20000000,38986320.0,10255760.0,13755440.0,3744240.0,0.7310344827586207,0.7368421052631579
1871,1,290,82,208,25.24,95,30,65,23.61,4097032,1095528,1867552,511480,7,0,51,10,0,250422-094854_Run_723_Idx_39980,1810,0,5e-05,20000000,40970320.0,10955280.0,18675520.0,5114800.0,0.7172413793103448,0.6842105263157895
1872,1,320,92,228,22.85,171,50,121,22.83,1300440,343408,1295672,361240,4,0,51,10,0,250422-103625_Run_1350_Idx_70468,3380,0,5e-05,20000000,13004400.0,3434080.0,12956720.0,3612400.0,0.7125,0.7076023391812866
1873,1,320,87,233,25.12,171,45,126,27.0,1562864,403208,1975848,519960,4,0,51,10,0,250422-114243_Run_1138_Idx_77007,2850,0,5e-05,20000000,15628640.0,4032080.0,19758480.0,5199600.0,0.728125,0.7368421052631579
1874,1,290,80,210,23.85,95,25,70,25.58,3669032,956952,1966384,492592,7,0,51,10,0,250422-120605_Run_1187_Idx_47120,2970,0,5e-05,20000000,36690320.0,9569520.0,19663840.0,4925920.0,0.7241379310344828,0.7368421052631579
1875,1,290,84,206,23.31,95,28,67,22.49,3830152,1030424,1790088,470760,7,0,51,10,0,250422-095822_Run_955_Idx_10096,2390,0,5e-05,20000000,38301520.0,10304240.0,17900880.0,4707600.0,0.7103448275862069,0.7052631578947368
1876,1,290,79,211,26.4,95,25,70,27.0,4686152,1248944,2320888,610760,7,0,51,10,0,250422-094859_Run_247_Idx_17819,620,0,5e-05,20000000,46861520.0,12489440.0,23208880.0,6107600.0,0.7275862068965517,0.7368421052631579
1877,1,320,80,240,26.54,171,45,126,27.0,1942144,485536,1975848,519960,4,0,51,10,0,250422-110239_Run_1514_Idx_40035,3790,0,5e-05,20000000,19421440.0,4855360.0,19758480.0,5199600.0,0.75,0.7368421052631579
1878,1,320,80,240,26.56,171,45,126,27.0,1942144,485536,1975848,519960,4,0,51,10,0,250422-064444_Run_218_Idx_21514,550,0,5e-05,20000000,19421440.0,4855360.0,19758480.0,5199600.0,0.75,0.7368421052631579
1879,1,320,104,216,24.2,304,93,211,25.58,426544,117016,1266352,347136,2,0,51,10,0,250422-080342_Run_773_Idx_5132,1940,0,5e-05,20000000,4265440.0,1170160.0,12663520.0,3471360.0,0.675,0.694078947368421
1880,1,320,107,213,21.17,304,95,209,22.5,345920,96248,1036120,282248,2,0,51,10,0,250422-135039_Run_1789_Idx_91119,4480,0,5e-05,20000000,3459200.0,962480.0,10361200.0,2822480.0,0.665625,0.6875
1881,1,320,80,240,26.48,171,48,123,24.99,1915904,478976,1564904,423608,4,0,51,10,0,250422-120920_Run_1126_Idx_45653,2820,0,5e-05,20000000,19159040.0,4789760.0,15649040.0,4236080.0,0.75,0.7192982456140351
1882,1,320,92,228,24.93,171,45,126,27.0,1705160,448280,1975848,519960,4,0,51,10,0,250422-073610_Run_906_Idx_2378,2270,0,5e-05,20000000,17051600.0,4482800.0,19758480.0,5199600.0,0.7125,0.7368421052631579
1883,1,160,44,116,25.93,38,11,27,25.58,4724984,1269400,1970576,538616,14,0,51,10,0,250422-074834_Run_424_Idx_46840,1060,0,5e-05,20000000,47249840.0,12694000.0,19705760.0,5386160.0,0.725,0.7105263157894737
1884,1,160,44,116,25.64,38,11,27,24.16,4864592,1309296,1510032,423480,14,0,51,10,0,250422-073519_Run_668_Idx_59102,1670,0,5e-05,20000000,48645920.0,13092960.0,15100320.0,4234800.0,0.725,0.7105263157894737
1885,1,320,102,218,23.13,304,106,198,22.57,399208,110456,1036120,305464,2,0,51,10,0,250422-104852_Run_1225_Idx_45896,3070,0,5e-05,20000000,3992080.0,1104560.0,10361200.0,3054640.0,0.68125,0.6513157894736842
1886,1,160,43,117,24.63,38,10,28,24.16,4177176,1131496,1797872,479184,14,0,51,10,0,250422-081707_Run_1004_Idx_46277,2510,0,5e-05,20000000,41771760.0,11314960.0,17978720.0,4791840.0,0.73125,0.7368421052631579
1887,1,160,43,117,26.33,38,10,28,27.0,5078216,1346768,2258416,594320,14,0,51,10,0,250422-095441_Run_244_Idx_13114,610,0,5e-05,20000000,50782160.0,13467680.0,22584160.0,5943200.0,0.73125,0.7368421052631579
1888,1,320,91,229,24.95,304,94,210,24.69,444232,116184,1092592,308176,2,0,51,10,0,250422-122917_Run_1473_Idx_50420,3690,0,5e-05,20000000,4442320.0,1161840.0,10925920.0,3081760.0,0.715625,0.6907894736842105
1889,1,290,80,210,26.02,95,25,70,27.0,4388552,1192472,2320888,610760,7,0,51,10,0,250422-072607_Run_911_Idx_44243,2280,0,5e-05,20000000,43885520.0,11924720.0,23208880.0,6107600.0,0.7241379310344828,0.7368421052631579
1890,1,320,80,240,26.56,171,45,126,27.0,1942144,485536,1975848,519960,4,0,51,10,0,250422-072154_Run_794_Idx_48165,1990,0,5e-05,20000000,19421440.0,4855360.0,19758480.0,5199600.0,0.75,0.7368421052631579
1891,1,160,43,117,24.88,38,10,28,25.58,4254200,1150752,1797872,479184,14,0,51,10,0,250422-121258_Run_1184_Idx_87442,2960,0,5e-05,20000000,42542000.0,11507520.0,17978720.0,4791840.0,0.73125,0.7368421052631579
1892,1,160,43,117,23.86,38,10,28,22.74,3853344,1006344,1452464,364048,14,0,51,10,0,250422-125416_Run_1668_Idx_1820,4170,0,5e-05,20000000,38533440.0,10063440.0,14524640.0,3640480.0,0.73125,0.7368421052631579
1893,1,320,90,230,25.15,304,80,224,27.0,425072,110928,1361920,358400,2,0,51,10,0,250422-115317_Run_1429_Idx_86195,3580,0,5e-05,20000000,4250720.0,1109280.0,13619200.0,3584000.0,0.71875,0.7368421052631579
1894,1,290,78,212,23.96,95,26,69,21.34,3607592,974216,1391360,388880,7,0,51,10,0,250422-131412_Run_1567_Idx_87244,3920,0,5e-05,20000000,36075920.0,9742160.0,13913600.0,3888800.0,0.7310344827586207,0.7263157894736842
1895,1,320,107,213,23.95,304,93,211,25.58,436192,122032,1266352,347136,2,0,51,10,0,250422-091651_Run_501_Idx_92874,1260,0,5e-05,20000000,4361920.0,1220320.0,12663520.0,3471360.0,0.665625,0.694078947368421
1896,1,320,80,240,26.5,171,45,126,27.0,1942144,485536,1975848,519960,4,0,51,10,0,250422-090611_Run_506_Idx_80127,1270,0,5e-05,20000000,19421440.0,4855360.0,19758480.0,5199600.0,0.75,0.7368421052631579
1897,1,320,94,226,25.17,304,80,224,27.0,458704,121200,1361920,358400,2,0,51,10,0,250422-103050_Run_701_Idx_81031,1760,0,5e-05,20000000,4587040.0,1212000.0,13619200.0,3584000.0,0.70625,0.7368421052631579
1898,1,320,96,224,24.94,304,103,201,23.59,448832,122880,1153408,326776,2,0,51,10,0,250422-063907_Run_697_Idx_88418,1750,0,5e-05,20000000,4488320.0,1228800.0,11534080.0,3267760.0,0.7,0.6611842105263158
1899,1,320,93,227,25.19,171,45,126,27.0,1744992,458920,1975848,519960,4,0,51,10,0,250422-081704_Run_410_Idx_32348,1030,0,5e-05,20000000,17449920.0,4589200.0,19758480.0,5199600.0,0.709375,0.7368421052631579
1900,1,160,43,117,24.15,38,10,28,24.16,4211728,1090728,1797872,479184,14,0,51,10,0,250422-122728_Run_1296_Idx_82007,3240,0,5e-05,20000000,42117280.0,10907280.0,17978720.0,4791840.0,0.73125,0.7368421052631579
1901,1,320,80,240,26.6,304,96,208,25.49,487424,121856,1275040,356232,2,0,51,10,0,250422-083810_Run_281_Idx_92681,710,0,5e-05,20000000,4874240.0,1218560.0,12750400.0,3562320.0,0.75,0.6842105263157895
1902,1,320,80,240,26.65,304,80,224,27.0,494080,123520,1361920,358400,2,0,51,10,0,250422-101540_Run_709_Idx_71618,1780,0,5e-05,20000000,4940800.0,1235200.0,13619200.0,3584000.0,0.75,0.7368421052631579
1903,1,290,82,208,21.98,95,32,63,18.72,3316552,926088,1551112,460744,7,0,51,10,0,250422-070750_Run_1039_Idx_84398,2600,0,5e-05,20000000,33165520.0,9260880.0,15511120.0,4607440.0,0.7172413793103448,0.6631578947368421
1904,1,320,93,227,25.15,171,69,102,21.63,1744832,458880,1429528,387424,4,0,51,10,0,250422-072216_Run_318_Idx_6191,800,0,5e-05,20000000,17448320.0,4588800.0,14295280.0,3874240.0,0.709375,0.5964912280701754
1905,1,320,92,228,23.86,171,48,123,24.79,1349208,346008,1473712,388336,4,0,51,10,0,250422-125221_Run_1578_Idx_24296,3950,0,5e-05,20000000,13492080.0,3460080.0,14737120.0,3883360.0,0.7125,0.7192982456140351
1906,1,290,78,212,20.97,95,25,70,19.09,2783272,768136,1385080,376808,7,0,51,10,0,250422-141946_Run_1919_Idx_3654,4800,0,5e-05,20000000,27832720.0,7681360.0,13850800.0,3768080.0,0.7310344827586207,0.7368421052631579
1907,1,320,80,240,26.65,304,108,196,22.02,494080,123520,1001368,275328,2,0,51,10,0,250422-123348_Run_1293_Idx_76444,3240,0,5e-05,20000000,4940800.0,1235200.0,10013680.0,2753280.0,0.75,0.6447368421052632
1908,1,320,104,216,20.7,171,59,112,21.01,1289840,354608,1133128,321136,4,0,51,10,0,250422-110925_Run_1214_Idx_73725,3040,0,5e-05,20000000,12898400.0,3546080.0,11331280.0,3211360.0,0.675,0.6549707602339181
1909,1,320,93,227,22.02,171,52,119,22.35,1292848,346112,1120096,319000,4,0,51,10,0,250422-130742_Run_1722_Idx_43829,4310,0,5e-05,20000000,12928480.0,3461120.0,11200960.0,3190000.0,0.709375,0.695906432748538
1910,1,290,79,211,26.17,95,28,67,25.58,4542152,1212944,2235136,614728,7,0,51,10,0,250422-082452_Run_763_Idx_86480,1910,0,5e-05,20000000,45421520.0,12129440.0,22351360.0,6147280.0,0.7275862068965517,0.7052631578947368
1911,1,320,80,240,26.5,171,53,118,25.58,1915904,478976,1771160,491488,4,0,51,10,0,250422-101340_Run_234_Idx_78778,590,0,5e-05,20000000,19159040.0,4789760.0,17711600.0,4914880.0,0.75,0.6900584795321637
1912,1,160,43,117,24.85,38,10,28,27.0,4307000,1163952,2258416,594320,14,0,51,10,0,250422-115525_Run_1428_Idx_1820,3570,0,5e-05,20000000,43070000.0,11639520.0,22584160.0,5943200.0,0.73125,0.7368421052631579
1913,1,320,80,240,26.65,304,112,192,24.07,494080,123520,1205536,358408,2,0,51,10,0,250422-072554_Run_197_Idx_97624,500,0,5e-05,20000000,4940800.0,1235200.0,12055360.0,3584080.0,0.75,0.631578947368421
1914,1,160,43,117,26.27,38,10,28,27.0,5118008,1366704,2258416,594320,14,0,51,10,0,250422-075625_Run_420_Idx_60828,1050,0,5e-05,20000000,51180080.0,13667040.0,22584160.0,5943200.0,0.73125,0.7368421052631579
1915,1,160,43,117,26.61,38,10,28,27.0,5235144,1386000,2258416,594320,14,0,51,10,0,250422-071801_Run_796_Idx_82007,1990,0,5e-05,20000000,52351440.0,13860000.0,22584160.0,5943200.0,0.73125,0.7368421052631579
1916,1,320,99,221,22.53,171,56,115,23.89,1452440,399624,1613432,452464,4,0,51,10,0,250422-071231_Run_918_Idx_92077,2300,0,5e-05,20000000,14524400.0,3996240.0,16134320.0,4524640.0,0.690625,0.672514619883041
1917,1,290,82,208,26.17,95,25,70,27.0,4644872,1266728,2320888,610760,7,0,51,10,0,250422-072631_Run_435_Idx_91252,1090,0,5e-05,20000000,46448720.0,12667280.0,23208880.0,6107600.0,0.7172413793103448,0.7368421052631579
1918,1,160,44,116,25.83,38,10,28,27.0,4858560,1283856,2258416,594320,14,0,51,10,0,250422-090416_Run_864_Idx_80582,2160,0,5e-05,20000000,48585600.0,12838560.0,22584160.0,5943200.0,0.725,0.7368421052631579
1919,1,160,43,117,25.62,38,10,28,27.0,5040984,1308272,2258416,594320,14,0,51,10,0,250422-125244_Run_1548_Idx_46277,3870,0,5e-05,20000000,50409840.0,13082720.0,22584160.0,5943200.0,0.73125,0.7368421052631579
1920,1,320,91,229,24.31,171,45,126,27.0,1521768,400120,1975848,519960,4,0,51,10,0,250422-115039_Run_1194_Idx_35168,2990,0,5e-05,20000000,15217680.0,4001200.0,19758480.0,5199600.0,0.715625,0.7368421052631579
1921,1,320,80,240,26.19,171,51,120,22.76,1942144,485536,920976,263256,4,0,51,10,0,250422-134946_Run_1882_Idx_11038,4710,0,5e-05,20000000,19421440.0,4855360.0,9209760.0,2632560.0,0.75,0.7017543859649122
1922,1,320,80,240,26.56,171,60,111,23.06,1942144,485536,1414792,387880,4,0,51,10,0,250422-095050_Run_722_Idx_53374,1810,0,5e-05,20000000,19421440.0,4855360.0,14147920.0,3878800.0,0.75,0.6491228070175439
1923,1,290,78,212,24.89,95,26,69,22.79,3553672,973576,1033248,299352,7,0,51,10,0,250422-113617_Run_1319_Idx_85350,3300,0,5e-05,20000000,35536720.0,9735760.0,10332480.0,2993520.0,0.7310344827586207,0.7263157894736842
1924,1,290,79,211,20.62,95,26,69,21.62,3189672,802064,1519968,401568,7,0,51,10,0,250422-110728_Run_1215_Idx_47120,3040,0,5e-05,20000000,31896720.0,8020640.0,15199680.0,4015680.0,0.7275862068965517,0.7263157894736842
1925,1,160,43,117,25.08,38,10,28,21.32,4210536,1129848,1337328,364048,14,0,51,10,0,250422-131212_Run_1568_Idx_27734,3920,0,5e-05,20000000,42105360.0,11298480.0,13373280.0,3640480.0,0.73125,0.7368421052631579
1926,1,290,78,212,26.64,95,25,70,27.0,4781832,1280616,2320888,610760,7,0,51,10,0,250422-063342_Run_27_Idx_67176,70,0,5e-05,20000000,47818320.0,12806160.0,23208880.0,6107600.0,0.7310344827586207,0.7368421052631579
1927,1,320,89,231,21.07,171,51,120,19.56,1101136,285440,1052632,288904,4,0,51,10,0,250422-142146_Run_1918_Idx_85701,4800,0,5e-05,20000000,11011360.0,2854400.0,10526320.0,2889040.0,0.721875,0.7017543859649122
1928,1,160,44,116,25.82,38,10,28,27.0,5116264,1328456,2258416,594320,14,0,51,10,0,250422-084408_Run_516_Idx_78589,1290,0,5e-05,20000000,51162640.0,13284560.0,22584160.0,5943200.0,0.725,0.7368421052631579
1929,1,290,78,212,22.17,95,25,70,22.54,3121192,852616,1375544,374424,7,0,51,10,0,250422-131121_Run_1751_Idx_67176,4380,0,5e-05,20000000,31211920.0,8526160.0,13755440.0,3744240.0,0.7310344827586207,0.7368421052631579
1930,1,290,79,211,26.13,95,32,63,24.44,4703272,1266064,2183016,631848,7,0,51,10,0,250422-090015_Run_271_Idx_46849,680,0,5e-05,20000000,47032720.0,12660640.0,21830160.0,6318480.0,0.7275862068965517,0.6631578947368421
1931,1,320,80,240,26.65,304,91,213,22.74,494080,123520,1153408,290392,2,0,51,10,0,250422-132611_Run_1713_Idx_68501,4290,0,5e-05,20000000,4940800.0,1235200.0,11534080.0,2903920.0,0.75,0.7006578947368421
1932,1,320,98,222,23.95,304,100,204,23.64,420112,113416,1079560,308992,2,0,51,10,0,250422-111219_Run_1509_Idx_51608,3780,0,5e-05,20000000,4201120.0,1134160.0,10795600.0,3089920.0,0.69375,0.6710526315789473
1933,1,160,43,117,26.48,38,10,28,27.0,5355000,1425952,2258416,594320,14,0,51,10,0,250422-063513_Run_580_Idx_22272,1450,0,5e-05,20000000,53550000.0,14259520.0,22584160.0,5943200.0,0.73125,0.7368421052631579
1934,1,160,43,117,24.26,38,10,28,22.74,4177784,1131648,1337328,364048,14,0,51,10,0,250422-133014_Run_1620_Idx_87442,4050,0,5e-05,20000000,41777840.0,11316480.0,13373280.0,3640480.0,0.73125,0.7368421052631579
1935,1,320,80,240,26.65,304,80,224,27.0,494080,123520,1361920,358400,2,0,51,10,0,250422-095208_Run_365_Idx_78175,920,0,5e-05,20000000,4940800.0,1235200.0,13619200.0,3584000.0,0.75,0.7368421052631579
1936,1,160,46,114,22.82,38,10,28,24.26,3867256,1056800,1797872,479184,14,0,51,10,0,250422-084300_Run_992_Idx_30130,2480,0,5e-05,20000000,38672560.0,10568000.0,17978720.0,4791840.0,0.7125,0.7368421052631579
1937,1,320,98,222,23.95,304,112,192,21.1,416896,111808,897112,258496,2,0,51,10,0,250422-104922_Run_1521_Idx_93298,3810,0,5e-05,20000000,4168960.0,1118080.0,8971120.0,2584960.0,0.69375,0.631578947368421
1938,1,320,80,240,26.5,171,45,126,27.0,1915904,478976,1975848,519960,4,0,51,10,0,250422-073805_Run_310_Idx_51250,780,0,5e-05,20000000,19159040.0,4789760.0,19758480.0,5199600.0,0.75,0.7368421052631579
1939,1,320,91,229,22.83,171,54,117,21.71,1397480,370936,1189848,324408,4,0,51,10,0,250422-132418_Run_1562_Idx_55607,3910,0,5e-05,20000000,13974800.0,3709360.0,11898480.0,3244080.0,0.715625,0.6842105263157895
1940,1,160,44,116,23.88,38,10,28,27.0,4199672,1113224,2258416,594320,14,0,51,10,0,250422-075857_Run_656_Idx_85404,1640,0,5e-05,20000000,41996720.0,11132240.0,22584160.0,5943200.0,0.725,0.7368421052631579
1941,1,320,80,240,26.6,304,94,210,22.01,487424,121856,1014400,273424,2,0,51,10,0,250422-133708_Run_1857_Idx_79075,4650,0,5e-05,20000000,4874240.0,1218560.0,10144000.0,2734240.0,0.75,0.6907894736842105
1942,1,320,95,225,23.24,171,50,121,24.63,1399456,374984,1488856,398592,4,0,51,10,0,250422-121748_Run_1418_Idx_44091,3550,0,5e-05,20000000,13994560.0,3749840.0,14888560.0,3985920.0,0.703125,0.7076023391812866
1943,1,320,84,236,23.48,171,48,123,23.78,1592536,403144,1363968,361048,4,0,51,10,0,250422-140615_Run_1926_Idx_78774,4820,0,5e-05,20000000,15925360.0,4031440.0,13639680.0,3610480.0,0.7375,0.7192982456140351
1944,1,320,80,240,26.65,304,80,224,27.0,494080,123520,1361920,358400,2,0,51,10,0,250422-073553_Run_549_Idx_81817,1380,0,5e-05,20000000,4940800.0,1235200.0,13619200.0,3584000.0,0.75,0.7368421052631579
1945,1,160,43,117,22.22,38,10,28,20.11,3379360,887848,991920,248912,14,0,51,10,0,250422-134909_Run_1836_Idx_1820,4590,0,5e-05,20000000,33793600.0,8878480.0,9919200.0,2489120.0,0.73125,0.7368421052631579
1946,1,320,92,228,25.12,171,45,126,27.0,1740872,457208,1975848,519960,4,0,51,10,0,250422-074719_Run_662_Idx_34866,1660,0,5e-05,20000000,17408720.0,4572080.0,19758480.0,5199600.0,0.7125,0.7368421052631579
1947,1,160,43,117,25.59,38,10,28,24.16,4604232,1228272,1337328,364048,14,0,51,10,0,250422-135234_Run_1788_Idx_27734,4470,0,5e-05,20000000,46042320.0,12282720.0,13373280.0,3640480.0,0.73125,0.7368421052631579
1948,1,320,90,230,24.18,171,45,126,27.0,1617000,419656,1975848,519960,4,0,51,10,0,250422-104018_Run_1170_Idx_50669,2930,0,5e-05,20000000,16170000.0,4196560.0,19758480.0,5199600.0,0.71875,0.7368421052631579
1949,1,320,80,240,26.48,171,48,123,25.58,1915904,478976,1735024,450896,4,0,51,10,0,250422-103243_Run_1174_Idx_45653,2940,0,5e-05,20000000,19159040.0,4789760.0,17350240.0,4508960.0,0.75,0.7192982456140351
1950,1,320,80,240,26.6,304,92,212,25.58,487424,121856,1257664,342656,2,0,51,10,0,250422-092202_Run_617_Idx_6070,1550,0,5e-05,20000000,4874240.0,1218560.0,12576640.0,3426560.0,0.75,0.6973684210526315
1951,1,320,80,240,26.56,171,52,119,25.58,1942144,485536,1768112,487008,4,0,51,10,0,250422-074555_Run_782_Idx_93172,1960,0,5e-05,20000000,19421440.0,4855360.0,17681120.0,4870080.0,0.75,0.695906432748538
1952,1,320,80,240,26.6,304,80,224,27.0,487424,121856,1361920,358400,2,0,51,10,0,250422-063323_Run_53_Idx_2588,140,0,5e-05,20000000,4874240.0,1218560.0,13619200.0,3584000.0,0.75,0.7368421052631579
1953,1,160,43,117,24.85,38,10,28,24.16,4434240,1151568,1452464,364048,14,0,51,10,0,250422-115753_Run_1072_Idx_46277,2680,0,5e-05,20000000,44342400.0,11515680.0,14524640.0,3640480.0,0.73125,0.7368421052631579
1954,1,320,94,226,21.32,171,54,117,22.89,1279568,349024,1171328,346856,4,0,51,10,0,250422-124112_Run_1766_Idx_99202,4420,0,5e-05,20000000,12795680.0,3490240.0,11713280.0,3468560.0,0.70625,0.6842105263157895
1955,1,290,78,212,21.17,95,25,70,22.84,3293064,870408,1848216,492592,7,0,51,10,0,250422-125738_Run_1727_Idx_54015,4320,0,5e-05,20000000,32930640.0,8704080.0,18482160.0,4925920.0,0.7310344827586207,0.7368421052631579
1956,1,160,43,117,21.78,38,10,28,18.79,3664008,993216,1337328,364048,14,0,51,10,0,250422-121603_Run_1360_Idx_13114,3400,0,5e-05,20000000,36640080.0,9932160.0,13373280.0,3640480.0,0.73125,0.7368421052631579
1957,1,160,43,117,25.92,38,10,28,27.0,4761904,1228272,2258416,594320,14,0,51,10,0,250422-081438_Run_648_Idx_27734,1620,0,5e-05,20000000,47619040.0,12282720.0,22584160.0,5943200.0,0.73125,0.7368421052631579
1958,1,320,93,227,24.68,171,56,115,23.43,1710832,458880,1598240,444368,4,0,51,10,0,250422-063709_Run_698_Idx_84384,1750,0,5e-05,20000000,17108320.0,4588800.0,15982400.0,4443680.0,0.709375,0.672514619883041
1959,1,320,80,240,26.3,304,87,217,24.84,494080,123520,1188160,320256,2,0,51,10,0,250422-123800_Run_1737_Idx_36401,4350,0,5e-05,20000000,4940800.0,1235200.0,11881600.0,3202560.0,0.75,0.7138157894736842
1960,1,320,100,220,21.93,304,87,217,24.78,368656,99072,1214224,320256,2,0,51,10,0,250422-141030_Run_1937_Idx_84835,4850,0,5e-05,20000000,3686560.0,990720.0,12142240.0,3202560.0,0.6875,0.7138157894736842
1961,1,160,43,117,21.26,38,10,28,21.42,3190248,874776,1337328,364048,14,0,51,10,0,250422-130340_Run_1724_Idx_82007,4310,0,5e-05,20000000,31902480.0,8747760.0,13373280.0,3640480.0,0.73125,0.7368421052631579
1962,1,290,79,211,25.43,95,29,66,23.87,4172552,1094864,1682392,484336,7,0,51,10,0,250422-082748_Run_999_Idx_13310,2500,0,5e-05,20000000,41725520.0,10948640.0,16823920.0,4843360.0,0.7275862068965517,0.6947368421052632
1963,1,160,43,117,24.98,38,10,28,27.0,4016592,1071568,2258416,594320,14,0,51,10,0,250422-114024_Run_1376_Idx_13114,3440,0,5e-05,20000000,40165920.0,10715680.0,22584160.0,5943200.0,0.73125,0.7368421052631579
1964,1,290,78,212,26.64,95,25,70,27.0,4781832,1280616,2320888,610760,7,0,51,10,0,250422-080119_Run_179_Idx_3654,450,0,5e-05,20000000,47818320.0,12806160.0,23208880.0,6107600.0,0.7310344827586207,0.7368421052631579
1965,1,320,95,225,24.53,304,91,213,25.58,437800,116440,1227256,338176,2,0,51,10,0,250422-065251_Run_809_Idx_54125,2030,0,5e-05,20000000,4378000.0,1164400.0,12272560.0,3381760.0,0.703125,0.7006578947368421
1966,1,320,80,240,26.65,304,80,224,27.0,494080,123520,1361920,358400,2,0,51,10,0,250422-091425_Run_145_Idx_24085,370,0,5e-05,20000000,4940800.0,1235200.0,13619200.0,3584000.0,0.75,0.7368421052631579
1967,1,160,43,117,22.81,38,10,28,25.58,3131744,835544,1913008,479184,14,0,51,10,0,250422-125612_Run_1576_Idx_27734,3940,0,5e-05,20000000,31317440.0,8355440.0,19130080.0,4791840.0,0.73125,0.7368421052631579
1968,1,320,110,210,22.66,304,96,208,24.2,397376,110912,1166440,317136,2,0,51,10,0,250422-075854_Run_1013_Idx_568,2540,0,5e-05,20000000,3973760.0,1109120.0,11664400.0,3171360.0,0.65625,0.6842105263157895
1969,1,320,80,240,26.48,171,45,126,27.0,1915904,478976,1975848,519960,4,0,51,10,0,250422-074112_Run_1022_Idx_54611,2560,0,5e-05,20000000,19159040.0,4789760.0,19758480.0,5199600.0,0.75,0.7368421052631579
1970,1,320,93,227,23.94,171,51,120,22.69,1523168,403464,1274008,348200,4,0,51,10,0,250422-111702_Run_1210_Idx_53957,3030,0,5e-05,20000000,15231680.0,4034640.0,12740080.0,3482000.0,0.709375,0.7017543859649122
1971,1,320,80,240,25.75,171,57,114,22.42,1915904,478976,1205240,315520,4,0,51,10,0,250422-100748_Run_950_Idx_90709,2380,0,5e-05,20000000,19159040.0,4789760.0,12052400.0,3155200.0,0.75,0.6666666666666666
1972,1,160,43,117,23.95,38,10,28,24.74,3704752,993760,1797872,479184,14,0,51,10,0,250422-124036_Run_1584_Idx_27734,3960,0,5e-05,20000000,37047520.0,9937600.0,17978720.0,4791840.0,0.73125,0.7368421052631579
1973,1,290,78,212,26.64,95,25,70,27.0,4781832,1280616,2320888,610760,7,0,51,10,0,250422-101103_Run_355_Idx_67176,890,0,5e-05,20000000,47818320.0,12806160.0,23208880.0,6107600.0,0.7310344827586207,0.7368421052631579
1974,1,320,91,229,22.77,304,93,211,22.2,373256,98440,997024,268944,2,0,51,10,0,250422-141814_Run_1893_Idx_74492,4740,0,5e-05,20000000,3732560.0,984400.0,9970240.0,2689440.0,0.715625,0.694078947368421
1975,1,160,47,113,25.98,38,11,27,25.58,5117520,1392328,1970576,538616,14,0,51,10,0,250422-095013_Run_484_Idx_63166,1210,0,5e-05,20000000,51175200.0,13923280.0,19705760.0,5386160.0,0.70625,0.7105263157894737
1976,1,160,44,116,26.06,38,12,26,25.58,5116456,1348528,2143280,598048,14,0,51,10,0,250422-100307_Run_120_Idx_94830,300,0,5e-05,20000000,51164560.0,13485280.0,21432800.0,5980480.0,0.725,0.6842105263157895
1977,1,320,80,240,26.48,171,53,118,25.58,1942144,485536,1848272,509680,4,0,51,10,0,250422-072552_Run_554_Idx_12466,1390,0,5e-05,20000000,19421440.0,4855360.0,18482720.0,5096800.0,0.75,0.6900584795321637
1978,1,290,78,212,20.89,95,25,70,24.16,2488232,660136,1493712,374424,7,0,51,10,0,250422-105239_Run_1459_Idx_46758,3650,0,5e-05,20000000,24882320.0,6601360.0,14937120.0,3744240.0,0.7310344827586207,0.7368421052631579
1979,1,160,43,117,26.61,38,10,28,27.0,5235144,1386000,2258416,594320,14,0,51,10,0,250422-072552_Run_792_Idx_82007,1980,0,5e-05,20000000,52351440.0,13860000.0,22584160.0,5943200.0,0.73125,0.7368421052631579
1980,1,160,45,115,25.25,38,10,28,27.0,4195400,1113568,2258416,594320,14,0,51,10,0,250422-084948_Run_632_Idx_59102,1580,0,5e-05,20000000,41954000.0,11135680.0,22584160.0,5943200.0,0.71875,0.7368421052631579
1981,1,290,78,212,26.64,95,25,70,27.0,4781832,1280616,2320888,610760,7,0,51,10,0,250422-061715_Run_87_Idx_54015,220,0,5e-05,20000000,47818320.0,12806160.0,23208880.0,6107600.0,0.7310344827586207,0.7368421052631579
1982,1,320,80,240,26.5,171,52,119,25.43,1942144,485536,1672992,459720,4,0,51,10,0,250422-111506_Run_1270_Idx_57250,3180,0,5e-05,20000000,19421440.0,4855360.0,16729920.0,4597200.0,0.75,0.695906432748538
1983,1,320,80,240,26.1,171,53,118,22.47,1915904,478976,1145792,333912,4,0,51,10,0,250422-120243_Run_1366_Idx_78778,3420,0,5e-05,20000000,19159040.0,4789760.0,11457920.0,3339120.0,0.75,0.6900584795321637
1984,1,320,104,216,23.11,304,97,207,23.55,407248,112192,1144720,321616,2,0,51,10,0,250422-115939_Run_1249_Idx_257,3130,0,5e-05,20000000,4072480.0,1121920.0,11447200.0,3216160.0,0.675,0.680921052631579
1985,1,320,80,240,26.48,171,45,126,27.0,1915904,478976,1975848,519960,4,0,51,10,0,250422-061510_Run_62_Idx_33009,160,0,5e-05,20000000,19159040.0,4789760.0,19758480.0,5199600.0,0.75,0.7368421052631579
1986,1,320,98,222,21.61,304,104,200,19.39,345920,90848,875392,227000,2,0,51,10,0,250422-132856_Run_1681_Idx_88289,4210,0,5e-05,20000000,3459200.0,908480.0,8753920.0,2270000.0,0.69375,0.6578947368421053
1987,1,160,44,116,24.19,38,10,28,25.58,4314416,1171752,1797872,479184,14,0,51,10,0,250422-084905_Run_752_Idx_67097,1880,0,5e-05,20000000,43144160.0,11717520.0,17978720.0,4791840.0,0.725,0.7368421052631579
1988,1,320,103,217,19.81,171,56,115,21.41,1225808,334328,1475712,400592,4,0,51,10,0,250422-112236_Run_1266_Idx_53852,3170,0,5e-05,20000000,12258080.0,3343280.0,14757120.0,4005920.0,0.678125,0.672514619883041
1989,1,320,112,208,21.45,171,57,114,23.38,1329720,392936,1588552,448848,4,0,51,10,0,250422-075950_Run_894_Idx_25793,2240,0,5e-05,20000000,13297200.0,3929360.0,15885520.0,4488480.0,0.65,0.6666666666666666
1990,1,320,80,240,26.26,171,55,116,24.63,1942144,485536,1507576,430088,4,0,51,10,0,250422-080529_Run_534_Idx_55677,1340,0,5e-05,20000000,19421440.0,4855360.0,15075760.0,4300880.0,0.75,0.6783625730994152
1991,1,320,91,229,25.17,171,45,126,27.0,1716648,449056,1975848,519960,4,0,51,10,0,250422-072827_Run_434_Idx_10393,1090,0,5e-05,20000000,17166480.0,4490560.0,19758480.0,5199600.0,0.715625,0.7368421052631579
1992,1,320,97,223,22.08,171,53,118,23.65,1297480,355320,1276528,362912,4,0,51,10,0,250422-104200_Run_1406_Idx_14513,3520,0,5e-05,20000000,12974800.0,3553200.0,12765280.0,3629120.0,0.696875,0.6900584795321637
1993,1,320,80,240,26.3,304,109,195,22.22,494080,123520,918832,284152,2,0,51,10,0,250422-105337_Run_1341_Idx_599,3360,0,5e-05,20000000,4940800.0,1235200.0,9188320.0,2841520.0,0.75,0.6414473684210527
1994,1,290,81,209,22.83,95,27,68,22.86,3316552,856800,1494624,376200,7,0,51,10,0,250422-105317_Run_1163_Idx_11969,2910,0,5e-05,20000000,33165520.0,8568000.0,14946240.0,3762000.0,0.7206896551724138,0.7157894736842105
1995,1,320,80,240,25.4,304,100,204,20.1,487424,121856,801544,230800,2,0,51,10,0,250422-142122_Run_1905_Idx_66012,4770,0,5e-05,20000000,4874240.0,1218560.0,8015440.0,2308000.0,0.75,0.6710526315789473
1996,1,290,78,212,18.38,95,25,70,16.27,2248072,578696,1021040,256256,7,0,51,10,0,250422-135236_Run_1819_Idx_96012,4550,0,5e-05,20000000,22480720.0,5786960.0,10210400.0,2562560.0,0.7310344827586207,0.7368421052631579
1997,1,320,90,230,25.06,171,45,126,27.0,1579016,412336,1975848,519960,4,0,51,10,0,250422-084221_Run_874_Idx_71907,2190,0,5e-05,20000000,15790160.0,4123360.0,19758480.0,5199600.0,0.71875,0.7368421052631579
1998,1,160,43,117,23.77,38,10,28,24.26,4138000,1092320,1797872,479184,14,0,51,10,0,250422-075257_Run_1016_Idx_46277,2540,0,5e-05,20000000,41380000.0,10923200.0,17978720.0,4791840.0,0.73125,0.7368421052631579
1999,1,290,80,210,26.31,95,25,70,27.0,4634792,1249752,2320888,610760,7,0,51,10,0,250422-065652_Run_331_Idx_20009,830,0,5e-05,20000000,46347920.0,12497520.0,23208880.0,6107600.0,0.7241379310344828,0.7368421052631579
