,Unnamed: 0,RNTI,numDLTotal,numDLnew,numReTx_DL,avgMCS_DL,numULTotal,numULnew,numReTx_UL,avgMCS_UL,DL_throughput_bits,DL_goodput_bits,UL_throughput_bits,UL_goodput_bits,TTI,PulseBWoffset,numRBs,NumFrames,pulseAttenuation,prf,FreqOffset,PulseWidth,BW,DL_throughput_bps,DL_goodput_bps,UL_throughput_bps,UL_goodput_bps,DLReTxPrcnt,ULReTxPrcnt
0,0.0,1.0,320.0,80.0,240.0,26.3,304.0,95.0,209.0,25.58,494080.0,123520.0,1279384.0,356096.0,2.0,0.0,51.0,10.0,0.0,340.0,0.0,5e-05,20000000.0,4940800.0,1235200.0,12793840.0,3560960.0,0.75,0.6875
1,1.0,1.0,290.0,78.0,212.0,26.59,95.0,25.0,70.0,27.0,4720392.0,1265256.0,2320888.0,610760.0,7.0,0.0,51.0,10.0,0.0,150.0,0.0,5e-05,20000000.0,47203920.0,12652560.0,23208880.0,6107600.0,0.7310344827586207,0.7368421052631579
2,2.0,1.0,320.0,80.0,240.0,26.5,171.0,54.0,117.0,25.26,1942144.0,485536.0,1768816.0,496672.0,4.0,0.0,51.0,10.0,0.0,1300.0,0.0,5e-05,20000000.0,19421440.0,4855360.0,17688160.0,4966720.0,0.75,0.6842105263157895
3,3.0,1.0,290.0,86.0,204.0,21.18,95.0,30.0,65.0,22.29,2967592.0,837800.0,1840384.0,511480.0,7.0,0.0,51.0,10.0,0.0,2300.0,0.0,5e-05,20000000.0,29675920.0,8378000.0,18403840.0,5114800.0,0.7034482758620689,0.6842105263157895
4,4.0,1.0,320.0,107.0,213.0,23.83,304.0,89.0,215.0,25.58,421496.0,118760.0,1201192.0,329216.0,2.0,0.0,51.0,10.0,0.0,2610.0,0.0,5e-05,20000000.0,4214960.0,1187600.0,12011920.0,3292160.0,0.665625,0.7072368421052632
5,5.0,1.0,320.0,80.0,240.0,26.5,171.0,45.0,126.0,27.0,1915904.0,478976.0,1975848.0,519960.0,4.0,0.0,51.0,10.0,0.0,820.0,0.0,5e-05,20000000.0,19159040.0,4789760.0,19758480.0,5199600.0,0.75,0.7368421052631579
6,6.0,1.0,160.0,44.0,116.0,25.89,38.0,12.0,26.0,25.58,5021520.0,1309352.0,2143280.0,598048.0,14.0,0.0,51.0,10.0,0.0,420.0,0.0,5e-05,20000000.0,50215200.0,13093520.0,21432800.0,5980480.0,0.725,0.6842105263157895
7,7.0,1.0,320.0,102.0,218.0,23.26,171.0,51.0,120.0,25.58,1399840.0,380600.0,1795696.0,482528.0,4.0,0.0,51.0,10.0,0.0,2490.0,0.0,5e-05,20000000.0,13998400.0,3806000.0,17956960.0,4825280.0,0.68125,0.7017543859649122
8,8.0,1.0,320.0,80.0,240.0,26.54,171.0,54.0,117.0,25.58,1942144.0,485536.0,1875152.0,523256.0,4.0,0.0,51.0,10.0,0.0,100.0,0.0,5e-05,20000000.0,19421440.0,4855360.0,18751520.0,5232560.0,0.75,0.6842105263157895
9,9.0,1.0,290.0,78.0,212.0,24.03,95.0,26.0,69.0,25.03,3532072.0,955336.0,1972576.0,534184.0,7.0,0.0,51.0,10.0,0.0,3220.0,0.0,5e-05,20000000.0,35320720.0,9553360.0,19725760.0,5341840.0,0.7310344827586207,0.7263157894736842
10,10.0,1.0,160.0,43.0,117.0,25.52,38.0,12.0,26.0,24.32,4805928.0,1269096.0,1913008.0,540480.0,14.0,0.0,51.0,10.0,0.0,600.0,0.0,5e-05,20000000.0,48059280.0,12690960.0,19130080.0,5404800.0,0.73125,0.6842105263157895
11,11.0,1.0,320.0,94.0,226.0,24.99,304.0,80.0,224.0,27.0,452272.0,121200.0,1361920.0,358400.0,2.0,0.0,51.0,10.0,0.0,1290.0,0.0,5e-05,20000000.0,4522720.0,1212000.0,13619200.0,3584000.0,0.70625,0.7368421052631579
12,12.0,1.0,290.0,81.0,209.0,24.33,95.0,26.0,69.0,22.71,3915752.0,1079360.0,1498536.0,416016.0,7.0,0.0,51.0,10.0,0.0,2720.0,0.0,5e-05,20000000.0,39157520.0,10793600.0,14985360.0,4160160.0,0.7206896551724138,0.7263157894736842
13,13.0,1.0,320.0,80.0,240.0,26.0,304.0,90.0,214.0,25.58,479744.0,119936.0,1214224.0,333696.0,2.0,0.0,51.0,10.0,0.0,2350.0,0.0,5e-05,20000000.0,4797440.0,1199360.0,12142240.0,3336960.0,0.75,0.7039473684210527
14,14.0,1.0,160.0,43.0,117.0,23.93,38.0,10.0,28.0,24.16,3723872.0,973976.0,1452464.0,364048.0,14.0,0.0,51.0,10.0,0.0,3100.0,0.0,5e-05,20000000.0,37238720.0,9739760.0,14524640.0,3640480.0,0.73125,0.7368421052631579
15,15.0,1.0,290.0,80.0,210.0,25.93,95.0,28.0,67.0,25.58,4446472.0,1181272.0,2235136.0,614728.0,7.0,0.0,51.0,10.0,0.0,1610.0,0.0,5e-05,20000000.0,44464720.0,11812720.0,22351360.0,6147280.0,0.7241379310344828,0.7052631578947368
16,16.0,1.0,320.0,89.0,231.0,25.15,304.0,80.0,224.0,27.0,420248.0,109256.0,1361920.0,358400.0,2.0,0.0,51.0,10.0,0.0,3560.0,0.0,5e-05,20000000.0,4202480.0,1092560.0,13619200.0,3584000.0,0.721875,0.7368421052631579
17,17.0,1.0,320.0,99.0,221.0,24.04,171.0,54.0,117.0,25.11,1563840.0,417200.0,1644360.0,465336.0,4.0,0.0,51.0,10.0,0.0,2100.0,0.0,5e-05,20000000.0,15638400.0,4172000.0,16443600.0,4653360.0,0.690625,0.6842105263157895
18,18.0,1.0,290.0,84.0,206.0,25.23,95.0,35.0,60.0,23.59,4275272.0,1133144.0,2037776.0,607376.0,7.0,0.0,51.0,10.0,0.0,1500.0,0.0,5e-05,20000000.0,42752720.0,11331440.0,20377760.0,6073760.0,0.7103448275862069,0.631578947368421
19,19.0,1.0,290.0,78.0,212.0,26.4,95.0,25.0,70.0,27.0,4703272.0,1248136.0,2320888.0,610760.0,7.0,0.0,51.0,10.0,0.0,580.0,0.0,5e-05,20000000.0,47032720.0,12481360.0,23208880.0,6107600.0,0.7310344827586207,0.7368421052631579
20,20.0,1.0,320.0,90.0,230.0,20.09,171.0,53.0,118.0,17.39,1154584.0,308128.0,573064.0,183464.0,4.0,0.0,51.0,10.0,0.0,4720.0,0.0,5e-05,20000000.0,11545840.0,3081280.0,5730640.0,1834640.0,0.71875,0.6900584795321637
21,21.0,1.0,320.0,108.0,212.0,20.15,304.0,103.0,201.0,18.69,307552.0,86720.0,849328.0,235552.0,2.0,0.0,51.0,10.0,0.0,4550.0,0.0,5e-05,20000000.0,3075520.0,867200.0,8493280.0,2355520.0,0.6625,0.6611842105263158
22,22.0,1.0,320.0,80.0,240.0,26.65,304.0,80.0,224.0,27.0,494080.0,123520.0,1361920.0,358400.0,2.0,0.0,51.0,10.0,0.0,1860.0,0.0,5e-05,20000000.0,4940800.0,1235200.0,13619200.0,3584000.0,0.75,0.7368421052631579
23,23.0,1.0,160.0,43.0,117.0,26.56,38.0,10.0,28.0,27.0,5355000.0,1425952.0,2258416.0,594320.0,14.0,0.0,51.0,10.0,0.0,450.0,0.0,5e-05,20000000.0,53550000.0,14259520.0,22584160.0,5943200.0,0.73125,0.7368421052631579
24,24.0,1.0,320.0,92.0,228.0,25.15,304.0,80.0,224.0,27.0,434720.0,114272.0,1361920.0,358400.0,2.0,0.0,51.0,10.0,0.0,2190.0,0.0,5e-05,20000000.0,4347200.0,1142720.0,13619200.0,3584000.0,0.7125,0.7368421052631579
25,25.0,1.0,320.0,87.0,233.0,21.89,171.0,52.0,119.0,22.11,1365720.0,346848.0,1313344.0,341944.0,4.0,0.0,51.0,10.0,0.0,4960.0,0.0,5e-05,20000000.0,13657200.0,3468480.0,13133440.0,3419440.0,0.728125,0.695906432748538
26,26.0,1.0,290.0,78.0,212.0,25.76,95.0,26.0,69.0,25.58,4549192.0,1196776.0,2130504.0,574008.0,7.0,0.0,51.0,10.0,0.0,2350.0,0.0,5e-05,20000000.0,45491920.0,11967760.0,21305040.0,5740080.0,0.7310344827586207,0.7263157894736842
27,27.0,1.0,320.0,80.0,240.0,26.5,171.0,45.0,126.0,27.0,1942144.0,485536.0,1975848.0,519960.0,4.0,0.0,51.0,10.0,0.0,120.0,0.0,5e-05,20000000.0,19421440.0,4855360.0,19758480.0,5199600.0,0.75,0.7368421052631579
28,28.0,1.0,290.0,78.0,212.0,25.77,95.0,25.0,70.0,25.58,4405192.0,1177896.0,1848216.0,492592.0,7.0,0.0,51.0,10.0,0.0,3690.0,0.0,5e-05,20000000.0,44051920.0,11778960.0,18482160.0,4925920.0,0.7310344827586207,0.7368421052631579
29,29.0,1.0,320.0,80.0,240.0,26.48,171.0,45.0,126.0,27.0,1915904.0,478976.0,1975848.0,519960.0,4.0,0.0,51.0,10.0,0.0,1570.0,0.0,5e-05,20000000.0,19159040.0,4789760.0,19758480.0,5199600.0,0.75,0.7368421052631579
30,30.0,1.0,290.0,77.0,213.0,23.8,95.0,26.0,69.0,21.36,3737512.0,988768.0,1552416.0,416016.0,7.0,0.0,51.0,10.0,0.0,3700.0,0.0,5e-05,20000000.0,37375120.0,9887680.0,15524160.0,4160160.0,0.7344827586206897,0.7263157894736842
31,31.0,1.0,160.0,44.0,116.0,25.81,38.0,10.0,28.0,25.58,4765424.0,1290152.0,1797872.0,479184.0,14.0,0.0,51.0,10.0,0.0,1310.0,0.0,5e-05,20000000.0,47654240.0,12901520.0,17978720.0,4791840.0,0.725,0.7368421052631579
32,32.0,1.0,320.0,116.0,204.0,21.96,304.0,108.0,196.0,23.89,383264.0,114200.0,1118656.0,331800.0,2.0,0.0,51.0,10.0,0.0,2340.0,0.0,5e-05,20000000.0,3832640.0,1142000.0,11186560.0,3318000.0,0.6375,0.6447368421052632
33,33.0,1.0,320.0,94.0,226.0,25.25,304.0,80.0,224.0,27.0,452048.0,119536.0,1361920.0,358400.0,2.0,0.0,51.0,10.0,0.0,830.0,0.0,5e-05,20000000.0,4520480.0,1195360.0,13619200.0,3584000.0,0.70625,0.7368421052631579
34,34.0,1.0,320.0,80.0,240.0,26.52,171.0,45.0,126.0,27.0,1942144.0,485536.0,1975848.0,519960.0,4.0,0.0,51.0,10.0,0.0,930.0,0.0,5e-05,20000000.0,19421440.0,4855360.0,19758480.0,5199600.0,0.75,0.7368421052631579
35,35.0,1.0,320.0,90.0,230.0,24.49,304.0,80.0,224.0,27.0,374864.0,98376.0,1361920.0,358400.0,2.0,0.0,51.0,10.0,0.0,4860.0,0.0,5e-05,20000000.0,3748640.0,983760.0,13619200.0,3584000.0,0.71875,0.7368421052631579
36,36.0,1.0,160.0,43.0,117.0,25.96,38.0,10.0,28.0,25.58,5159120.0,1388576.0,1797872.0,479184.0,14.0,0.0,51.0,10.0,0.0,1340.0,0.0,5e-05,20000000.0,51591200.0,13885760.0,17978720.0,4791840.0,0.73125,0.7368421052631579
37,37.0,1.0,160.0,43.0,117.0,23.28,38.0,10.0,28.0,21.32,3601856.0,953072.0,1452464.0,364048.0,14.0,0.0,51.0,10.0,0.0,3460.0,0.0,5e-05,20000000.0,36018560.0,9530720.0,14524640.0,3640480.0,0.73125,0.7368421052631579
38,38.0,1.0,320.0,80.0,240.0,26.65,304.0,80.0,224.0,27.0,494080.0,123520.0,1361920.0,358400.0,2.0,0.0,51.0,10.0,0.0,3990.0,0.0,5e-05,20000000.0,4940800.0,1235200.0,13619200.0,3584000.0,0.75,0.7368421052631579
39,39.0,1.0,160.0,43.0,117.0,24.07,38.0,10.0,28.0,25.58,3661104.0,953072.0,1797872.0,479184.0,14.0,0.0,51.0,10.0,0.0,3950.0,0.0,5e-05,20000000.0,36611040.0,9530720.0,17978720.0,4791840.0,0.73125,0.7368421052631579
40,40.0,1.0,160.0,44.0,116.0,25.42,38.0,11.0,27.0,25.58,4823704.0,1250104.0,2028144.0,538616.0,14.0,0.0,51.0,10.0,0.0,1260.0,0.0,5e-05,20000000.0,48237040.0,12501040.0,20281440.0,5386160.0,0.725,0.7105263157894737
41,41.0,1.0,290.0,79.0,211.0,25.75,95.0,25.0,70.0,27.0,4326632.0,1146224.0,2320888.0,610760.0,7.0,0.0,51.0,10.0,0.0,2870.0,0.0,5e-05,20000000.0,43266320.0,11462240.0,23208880.0,6107600.0,0.7275862068965517,0.7368421052631579
42,42.0,1.0,290.0,78.0,212.0,26.64,95.0,25.0,70.0,27.0,4781832.0,1280616.0,2320888.0,610760.0,7.0,0.0,51.0,10.0,0.0,130.0,0.0,5e-05,20000000.0,47818320.0,12806160.0,23208880.0,6107600.0,0.7310344827586207,0.7368421052631579
43,43.0,1.0,290.0,83.0,207.0,24.57,95.0,27.0,68.0,25.58,4114152.0,1096336.0,2209272.0,601152.0,7.0,0.0,51.0,10.0,0.0,2030.0,0.0,5e-05,20000000.0,41141520.0,10963360.0,22092720.0,6011520.0,0.7137931034482758,0.7157894736842105
44,44.0,1.0,320.0,104.0,216.0,20.72,304.0,94.0,210.0,21.31,349360.0,99328.0,811520.0,235736.0,2.0,0.0,51.0,10.0,0.0,4300.0,0.0,5e-05,20000000.0,3493600.0,993280.0,8115200.0,2357360.0,0.675,0.6907894736842105
45,45.0,1.0,320.0,80.0,240.0,25.91,171.0,54.0,117.0,19.23,1942144.0,485536.0,779504.0,205840.0,4.0,0.0,51.0,10.0,0.0,4410.0,0.0,5e-05,20000000.0,19421440.0,4855360.0,7795040.0,2058400.0,0.75,0.6842105263157895
46,46.0,1.0,290.0,78.0,212.0,25.92,95.0,25.0,70.0,25.63,4240264.0,1145224.0,1857752.0,494976.0,7.0,0.0,51.0,10.0,0.0,1920.0,0.0,5e-05,20000000.0,42402640.0,11452240.0,18577520.0,4949760.0,0.7310344827586207,0.7368421052631579
47,47.0,1.0,320.0,96.0,224.0,20.61,171.0,54.0,117.0,20.42,1081928.0,296296.0,845296.0,258304.0,4.0,0.0,51.0,10.0,0.0,4430.0,0.0,5e-05,20000000.0,10819280.0,2962960.0,8452960.0,2583040.0,0.7,0.6842105263157895
48,48.0,1.0,160.0,43.0,117.0,26.45,38.0,10.0,28.0,27.0,5277976.0,1406696.0,2258416.0,594320.0,14.0,0.0,51.0,10.0,0.0,2470.0,0.0,5e-05,20000000.0,52779760.0,14066960.0,22584160.0,5943200.0,0.73125,0.7368421052631579
49,49.0,1.0,160.0,43.0,117.0,22.74,38.0,10.0,28.0,23.05,3525440.0,933968.0,1452464.0,364048.0,14.0,0.0,51.0,10.0,0.0,3520.0,0.0,5e-05,20000000.0,35254400.0,9339680.0,14524640.0,3640480.0,0.73125,0.7368421052631579
50,50.0,1.0,320.0,80.0,240.0,26.65,304.0,80.0,224.0,27.0,494080.0,123520.0,1361920.0,358400.0,2.0,0.0,51.0,10.0,0.0,950.0,0.0,5e-05,20000000.0,4940800.0,1235200.0,13619200.0,3584000.0,0.75,0.7368421052631579
51,51.0,1.0,320.0,88.0,232.0,24.68,304.0,95.0,209.0,22.34,429760.0,111168.0,983992.0,264872.0,2.0,0.0,51.0,10.0,0.0,4830.0,0.0,5e-05,20000000.0,4297600.0,1111680.0,9839920.0,2648720.0,0.725,0.6875
52,52.0,1.0,160.0,43.0,117.0,26.61,38.0,10.0,28.0,27.0,5355000.0,1425952.0,2258416.0,594320.0,14.0,0.0,51.0,10.0,0.0,980.0,0.0,5e-05,20000000.0,53550000.0,14259520.0,22584160.0,5943200.0,0.73125,0.7368421052631579
53,53.0,1.0,160.0,43.0,117.0,20.14,38.0,10.0,28.0,17.74,2672072.0,681208.0,991920.0,248912.0,14.0,0.0,51.0,10.0,0.0,4750.0,0.0,5e-05,20000000.0,26720720.0,6812080.0,9919200.0,2489120.0,0.73125,0.7368421052631579
54,54.0,1.0,320.0,80.0,240.0,26.56,171.0,45.0,126.0,27.0,1942144.0,485536.0,1975848.0,519960.0,4.0,0.0,51.0,10.0,0.0,290.0,0.0,5e-05,20000000.0,19421440.0,4855360.0,19758480.0,5199600.0,0.75,0.7368421052631579
55,55.0,1.0,290.0,81.0,209.0,25.38,95.0,25.0,70.0,27.0,3984232.0,1096480.0,2320888.0,610760.0,7.0,0.0,51.0,10.0,0.0,2850.0,0.0,5e-05,20000000.0,39842320.0,10964800.0,23208880.0,6107600.0,0.7206896551724138,0.7368421052631579
56,56.0,1.0,320.0,91.0,229.0,24.6,304.0,103.0,201.0,21.41,444232.0,116184.0,936208.0,244240.0,2.0,0.0,51.0,10.0,0.0,3020.0,0.0,5e-05,20000000.0,4442320.0,1161840.0,9362080.0,2442400.0,0.715625,0.6611842105263158
57,57.0,1.0,290.0,78.0,212.0,18.98,95.0,26.0,69.0,16.03,2847752.0,797096.0,1445632.0,402448.0,7.0,0.0,51.0,10.0,0.0,4600.0,0.0,5e-05,20000000.0,28477520.0,7970960.0,14456320.0,4024480.0,0.7310344827586207,0.7263157894736842
58,58.0,1.0,320.0,91.0,229.0,25.25,304.0,118.0,186.0,21.93,437576.0,114520.0,1075216.0,294064.0,2.0,0.0,51.0,10.0,0.0,1600.0,0.0,5e-05,20000000.0,4375760.0,1145200.0,10752160.0,2940640.0,0.715625,0.6118421052631579
59,59.0,1.0,320.0,90.0,230.0,24.63,171.0,45.0,126.0,27.0,1630312.0,425376.0,1975848.0,519960.0,4.0,0.0,51.0,10.0,0.0,2220.0,0.0,5e-05,20000000.0,16303120.0,4253760.0,19758480.0,5199600.0,0.71875,0.7368421052631579
60,60.0,1.0,160.0,45.0,115.0,22.66,38.0,10.0,28.0,21.32,3488688.0,917496.0,1452464.0,364048.0,14.0,0.0,51.0,10.0,0.0,2550.0,0.0,5e-05,20000000.0,34886880.0,9174960.0,14524640.0,3640480.0,0.71875,0.7368421052631579
61,61.0,1.0,320.0,93.0,227.0,25.3,304.0,80.0,224.0,27.0,453880.0,119528.0,1361920.0,358400.0,2.0,0.0,51.0,10.0,0.0,1070.0,0.0,5e-05,20000000.0,4538800.0,1195280.0,13619200.0,3584000.0,0.709375,0.7368421052631579
62,62.0,1.0,320.0,80.0,240.0,26.12,171.0,50.0,121.0,24.06,1942144.0,485536.0,1296656.0,357160.0,4.0,0.0,51.0,10.0,0.0,3730.0,0.0,5e-05,20000000.0,19421440.0,4855360.0,12966560.0,3571600.0,0.75,0.7076023391812866
63,63.0,1.0,320.0,106.0,214.0,23.56,304.0,96.0,208.0,24.69,387728.0,107440.0,1153408.0,317136.0,2.0,0.0,51.0,10.0,0.0,2750.0,0.0,5e-05,20000000.0,3877280.0,1074400.0,11534080.0,3171360.0,0.66875,0.6842105263157895
64,64.0,1.0,320.0,86.0,234.0,20.95,171.0,51.0,120.0,20.26,1452496.0,373232.0,1158296.0,318976.0,4.0,0.0,51.0,10.0,0.0,4840.0,0.0,5e-05,20000000.0,14524960.0,3732320.0,11582960.0,3189760.0,0.73125,0.7017543859649122
65,65.0,1.0,160.0,43.0,117.0,15.31,38.0,10.0,28.0,10.68,1915968.0,522000.0,70832.0,18640.0,14.0,0.0,51.0,10.0,0.0,3710.0,0.0,5e-05,20000000.0,19159680.0,5220000.0,708320.0,186400.0,0.73125,0.7368421052631579
66,66.0,1.0,290.0,78.0,212.0,22.94,95.0,25.0,70.0,22.04,3607592.0,939976.0,1493712.0,374424.0,7.0,0.0,51.0,10.0,0.0,4880.0,0.0,5e-05,20000000.0,36075920.0,9399760.0,14937120.0,3744240.0,0.7310344827586207,0.7368421052631579
67,67.0,1.0,290.0,80.0,210.0,25.82,95.0,26.0,69.0,25.58,4343752.0,1181272.0,2023328.0,546872.0,7.0,0.0,51.0,10.0,0.0,2770.0,0.0,5e-05,20000000.0,43437520.0,11812720.0,20233280.0,5468720.0,0.7241379310344828,0.7263157894736842
68,68.0,1.0,290.0,78.0,212.0,24.26,95.0,25.0,70.0,25.58,3316552.0,888616.0,1848216.0,492592.0,7.0,0.0,51.0,10.0,0.0,3950.0,0.0,5e-05,20000000.0,33165520.0,8886160.0,18482160.0,4925920.0,0.7310344827586207,0.7368421052631579
69,69.0,1.0,160.0,43.0,117.0,22.63,38.0,10.0,28.0,22.74,3978032.0,1052328.0,1797872.0,479184.0,14.0,0.0,51.0,10.0,0.0,4540.0,0.0,5e-05,20000000.0,39780320.0,10523280.0,17978720.0,4791840.0,0.73125,0.7368421052631579
70,70.0,1.0,160.0,43.0,117.0,22.31,38.0,10.0,28.0,21.32,3682760.0,953904.0,991920.0,248912.0,14.0,0.0,51.0,10.0,0.0,3070.0,0.0,5e-05,20000000.0,36827600.0,9539040.0,9919200.0,2489120.0,0.73125,0.7368421052631579
71,71.0,1.0,290.0,79.0,211.0,21.11,95.0,26.0,69.0,24.16,3223912.0,836304.0,1966384.0,493480.0,7.0,0.0,51.0,10.0,0.0,3290.0,0.0,5e-05,20000000.0,32239120.0,8363040.0,19663840.0,4934800.0,0.7275862068965517,0.7263157894736842
72,72.0,1.0,290.0,78.0,212.0,26.64,95.0,25.0,70.0,27.0,4781832.0,1280616.0,2320888.0,610760.0,7.0,0.0,51.0,10.0,0.0,1980.0,0.0,5e-05,20000000.0,47818320.0,12806160.0,23208880.0,6107600.0,0.7310344827586207,0.7368421052631579
73,73.0,1.0,290.0,78.0,212.0,23.48,95.0,25.0,70.0,27.0,3532072.0,955336.0,2320888.0,610760.0,7.0,0.0,51.0,10.0,0.0,4560.0,0.0,5e-05,20000000.0,35320720.0,9553360.0,23208880.0,6107600.0,0.7310344827586207,0.7368421052631579
74,74.0,1.0,320.0,80.0,240.0,26.56,171.0,52.0,119.0,25.58,1942144.0,485536.0,1822576.0,496104.0,4.0,0.0,51.0,10.0,0.0,1840.0,0.0,5e-05,20000000.0,19421440.0,4855360.0,18225760.0,4961040.0,0.75,0.695906432748538
75,75.0,1.0,160.0,43.0,117.0,22.79,38.0,10.0,28.0,18.79,3709848.0,1014664.0,1346224.0,366272.0,14.0,0.0,51.0,10.0,0.0,3800.0,0.0,5e-05,20000000.0,37098480.0,10146640.0,13462240.0,3662720.0,0.73125,0.7368421052631579
76,76.0,1.0,320.0,80.0,240.0,26.6,304.0,89.0,215.0,25.0,487424.0,121856.0,1222912.0,329216.0,2.0,0.0,51.0,10.0,0.0,2880.0,0.0,5e-05,20000000.0,4874240.0,1218560.0,12229120.0,3292160.0,0.75,0.7072368421052632
77,77.0,1.0,320.0,92.0,228.0,21.62,171.0,48.0,123.0,23.29,1172288.0,309080.0,1347840.0,354248.0,4.0,0.0,51.0,10.0,0.0,4260.0,0.0,5e-05,20000000.0,11722880.0,3090800.0,13478400.0,3542480.0,0.7125,0.7192982456140351
78,78.0,1.0,160.0,43.0,117.0,25.51,38.0,10.0,28.0,27.0,4605424.0,1189152.0,2258416.0,594320.0,14.0,0.0,51.0,10.0,0.0,4280.0,0.0,5e-05,20000000.0,46054240.0,11891520.0,22584160.0,5943200.0,0.73125,0.7368421052631579
79,79.0,1.0,320.0,80.0,240.0,26.5,171.0,45.0,126.0,27.0,1942144.0,485536.0,1975848.0,519960.0,4.0,0.0,51.0,10.0,0.0,1160.0,0.0,5e-05,20000000.0,19421440.0,4855360.0,19758480.0,5199600.0,0.75,0.7368421052631579
80,80.0,1.0,290.0,78.0,212.0,7.59,95.0,30.0,65.0,3.66,861352.0,219176.0,83904.0,26184.0,7.0,0.0,51.0,10.0,0.0,4000.0,0.0,5e-05,20000000.0,8613520.0,2191760.0,839040.0,261840.0,0.7310344827586207,0.6842105263157895
81,81.0,1.0,290.0,78.0,212.0,26.4,95.0,25.0,70.0,27.0,4634792.0,1231016.0,2320888.0,610760.0,7.0,0.0,51.0,10.0,0.0,2560.0,0.0,5e-05,20000000.0,46347920.0,12310160.0,23208880.0,6107600.0,0.7310344827586207,0.7368421052631579
82,82.0,1.0,320.0,80.0,240.0,26.6,304.0,92.0,212.0,24.73,487424.0,121856.0,1179472.0,325280.0,2.0,0.0,51.0,10.0,0.0,2590.0,0.0,5e-05,20000000.0,4874240.0,1218560.0,11794720.0,3252800.0,0.75,0.6973684210526315
83,83.0,1.0,320.0,90.0,230.0,25.25,304.0,80.0,224.0,27.0,432752.0,112848.0,1361920.0,358400.0,2.0,0.0,51.0,10.0,0.0,3450.0,0.0,5e-05,20000000.0,4327520.0,1128480.0,13619200.0,3584000.0,0.71875,0.7368421052631579
84,84.0,1.0,320.0,80.0,240.0,26.6,304.0,92.0,212.0,24.78,487424.0,121856.0,1083904.0,303560.0,2.0,0.0,51.0,10.0,0.0,4470.0,0.0,5e-05,20000000.0,4874240.0,1218560.0,10839040.0,3035600.0,0.75,0.6973684210526315
85,85.0,1.0,160.0,43.0,117.0,18.78,38.0,10.0,28.0,16.05,3122296.0,867776.0,1337328.0,364048.0,14.0,0.0,51.0,10.0,0.0,4600.0,0.0,5e-05,20000000.0,31222960.0,8677760.0,13373280.0,3640480.0,0.73125,0.7368421052631579
86,86.0,1.0,290.0,78.0,212.0,26.4,95.0,25.0,70.0,27.0,4634792.0,1231016.0,2320888.0,610760.0,7.0,0.0,51.0,10.0,0.0,1620.0,0.0,5e-05,20000000.0,46347920.0,12310160.0,23208880.0,6107600.0,0.7310344827586207,0.7368421052631579
87,87.0,1.0,160.0,43.0,117.0,25.59,38.0,10.0,28.0,24.26,4884888.0,1308424.0,1797872.0,479184.0,14.0,0.0,51.0,10.0,0.0,3730.0,0.0,5e-05,20000000.0,48848880.0,13084240.0,17978720.0,4791840.0,0.73125,0.7368421052631579
88,88.0,1.0,320.0,89.0,231.0,25.25,304.0,95.0,209.0,22.61,427928.0,111176.0,899576.0,248112.0,2.0,0.0,51.0,10.0,0.0,3900.0,0.0,5e-05,20000000.0,4279280.0,1111760.0,8995760.0,2481120.0,0.721875,0.6875
89,89.0,1.0,320.0,98.0,222.0,24.37,304.0,90.0,214.0,25.58,407248.0,110200.0,1214224.0,333696.0,2.0,0.0,51.0,10.0,0.0,2960.0,0.0,5e-05,20000000.0,4072480.0,1102000.0,12142240.0,3336960.0,0.69375,0.7039473684210527
90,90.0,1.0,160.0,43.0,117.0,21.45,38.0,10.0,28.0,24.21,3866552.0,1014664.0,1346224.0,366272.0,14.0,0.0,51.0,10.0,0.0,4700.0,0.0,5e-05,20000000.0,38665520.0,10146640.0,13462240.0,3662720.0,0.73125,0.7368421052631579
91,91.0,1.0,290.0,79.0,211.0,26.45,95.0,25.0,70.0,27.0,4747592.0,1264304.0,2320888.0,610760.0,7.0,0.0,51.0,10.0,0.0,360.0,0.0,5e-05,20000000.0,47475920.0,12643040.0,23208880.0,6107600.0,0.7275862068965517,0.7368421052631579
92,92.0,1.0,320.0,111.0,209.0,19.9,171.0,64.0,107.0,20.29,1074120.0,294192.0,1162936.0,323704.0,4.0,0.0,51.0,10.0,0.0,2800.0,0.0,5e-05,20000000.0,10741200.0,2941920.0,11629360.0,3237040.0,0.653125,0.6257309941520468
93,93.0,1.0,160.0,44.0,116.0,26.39,38.0,10.0,28.0,27.0,5195968.0,1387800.0,2258416.0,594320.0,14.0,0.0,51.0,10.0,0.0,40.0,0.0,5e-05,20000000.0,51959680.0,13878000.0,22584160.0,5943200.0,0.725,0.7368421052631579
94,94.0,1.0,320.0,92.0,228.0,25.3,304.0,80.0,224.0,27.0,449056.0,117856.0,1361920.0,358400.0,2.0,0.0,51.0,10.0,0.0,1820.0,0.0,5e-05,20000000.0,4490560.0,1178560.0,13619200.0,3584000.0,0.7125,0.7368421052631579
95,95.0,1.0,320.0,103.0,217.0,22.44,304.0,105.0,199.0,21.15,387952.0,105696.0,871048.0,248856.0,2.0,0.0,51.0,10.0,0.0,4390.0,0.0,5e-05,20000000.0,3879520.0,1056960.0,8710480.0,2488560.0,0.678125,0.6546052631578947
96,96.0,1.0,290.0,83.0,207.0,25.04,95.0,34.0,61.0,22.52,4069832.0,1098096.0,1956760.0,527720.0,7.0,0.0,51.0,10.0,0.0,1600.0,0.0,5e-05,20000000.0,40698320.0,10980960.0,19567600.0,5277200.0,0.7137931034482758,0.6421052631578947
97,97.0,1.0,160.0,43.0,117.0,26.61,38.0,10.0,28.0,27.0,5235144.0,1386000.0,2258416.0,594320.0,14.0,0.0,51.0,10.0,0.0,1850.0,0.0,5e-05,20000000.0,52351440.0,13860000.0,22584160.0,5943200.0,0.73125,0.7368421052631579
98,98.0,1.0,320.0,92.0,228.0,23.73,171.0,50.0,121.0,24.47,1466808.0,394944.0,1437168.0,385448.0,4.0,0.0,51.0,10.0,0.0,3880.0,0.0,5e-05,20000000.0,14668080.0,3949440.0,14371680.0,3854480.0,0.7125,0.7076023391812866
99,99.0,1.0,320.0,98.0,222.0,21.07,171.0,49.0,122.0,24.47,1148456.0,321616.0,1390912.0,371872.0,4.0,0.0,51.0,10.0,0.0,3650.0,0.0,5e-05,20000000.0,11484560.0,3216160.0,13909120.0,3718720.0,0.69375,0.7134502923976608
100,100.0,1.0,160.0,43.0,117.0,22.97,38.0,10.0,28.0,24.16,3430896.0,915544.0,1337328.0,364048.0,14.0,0.0,51.0,10.0,0.0,3830.0,0.0,5e-05,20000000.0,34308960.0,9155440.0,13373280.0,3640480.0,0.73125,0.7368421052631579
101,101.0,1.0,160.0,44.0,116.0,25.98,38.0,12.0,26.0,25.58,4724984.0,1269400.0,2143280.0,598048.0,14.0,0.0,51.0,10.0,0.0,1180.0,0.0,5e-05,20000000.0,47249840.0,12694000.0,21432800.0,5980480.0,0.725,0.6842105263157895
102,102.0,1.0,160.0,45.0,115.0,23.7,38.0,10.0,28.0,22.74,3953320.0,1087424.0,1337328.0,364048.0,14.0,0.0,51.0,10.0,0.0,2340.0,0.0,5e-05,20000000.0,39533200.0,10874240.0,13373280.0,3640480.0,0.71875,0.7368421052631579
103,103.0,1.0,160.0,43.0,117.0,26.1,38.0,14.0,24.0,24.16,5456336.0,1408456.0,2028144.0,601776.0,14.0,0.0,51.0,10.0,0.0,200.0,0.0,5e-05,20000000.0,54563360.0,14084560.0,20281440.0,6017760.0,0.73125,0.631578947368421
104,104.0,1.0,320.0,108.0,212.0,19.52,304.0,99.0,205.0,21.03,294824.0,78312.0,944896.0,248040.0,2.0,0.0,51.0,10.0,0.0,4610.0,0.0,5e-05,20000000.0,2948240.0,783120.0,9448960.0,2480400.0,0.6625,0.6743421052631579
105,105.0,1.0,160.0,43.0,117.0,26.33,38.0,10.0,28.0,27.0,4921512.0,1307592.0,2258416.0,594320.0,14.0,0.0,51.0,10.0,0.0,640.0,0.0,5e-05,20000000.0,49215120.0,13075920.0,22584160.0,5943200.0,0.73125,0.7368421052631579
106,106.0,1.0,320.0,100.0,220.0,20.47,171.0,50.0,121.0,22.67,1057320.0,299464.0,1390264.0,380192.0,4.0,0.0,51.0,10.0,0.0,3530.0,0.0,5e-05,20000000.0,10573200.0,2994640.0,13902640.0,3801920.0,0.6875,0.7076023391812866
107,107.0,1.0,290.0,78.0,212.0,19.52,95.0,26.0,69.0,20.35,2957032.0,768776.0,1496448.0,375768.0,7.0,0.0,51.0,10.0,0.0,4460.0,0.0,5e-05,20000000.0,29570320.0,7687760.0,14964480.0,3757680.0,0.7310344827586207,0.7263157894736842
108,108.0,1.0,290.0,79.0,211.0,26.04,95.0,25.0,70.0,27.0,4405672.0,1191664.0,2320888.0,610760.0,7.0,0.0,51.0,10.0,0.0,2140.0,0.0,5e-05,20000000.0,44056720.0,11916640.0,23208880.0,6107600.0,0.7275862068965517,0.7368421052631579
109,109.0,1.0,320.0,80.0,240.0,26.56,171.0,45.0,126.0,27.0,1942144.0,485536.0,1975848.0,519960.0,4.0,0.0,51.0,10.0,0.0,440.0,0.0,5e-05,20000000.0,19421440.0,4855360.0,19758480.0,5199600.0,0.75,0.7368421052631579
110,110.0,1.0,320.0,95.0,225.0,24.13,171.0,45.0,126.0,27.0,1566560.0,418720.0,1975848.0,519960.0,4.0,0.0,51.0,10.0,0.0,2150.0,0.0,5e-05,20000000.0,15665600.0,4187200.0,19758480.0,5199600.0,0.703125,0.7368421052631579
111,111.0,1.0,320.0,80.0,240.0,26.65,304.0,93.0,211.0,25.58,494080.0,123520.0,1253320.0,347136.0,2.0,0.0,51.0,10.0,0.0,1210.0,0.0,5e-05,20000000.0,4940800.0,1235200.0,12533200.0,3471360.0,0.75,0.694078947368421
112,112.0,1.0,160.0,44.0,116.0,26.33,38.0,10.0,28.0,27.0,5039040.0,1348568.0,2258416.0,594320.0,14.0,0.0,51.0,10.0,0.0,760.0,0.0,5e-05,20000000.0,50390400.0,13485680.0,22584160.0,5943200.0,0.725,0.7368421052631579
113,113.0,1.0,290.0,80.0,210.0,25.74,95.0,25.0,70.0,27.0,4302952.0,1158232.0,2320888.0,610760.0,7.0,0.0,51.0,10.0,0.0,2320.0,0.0,5e-05,20000000.0,43029520.0,11582320.0,23208880.0,6107600.0,0.7241379310344828,0.7368421052631579
114,114.0,1.0,320.0,101.0,219.0,23.84,171.0,52.0,119.0,25.58,1538560.0,422992.0,1769000.0,487008.0,4.0,0.0,51.0,10.0,0.0,1880.0,0.0,5e-05,20000000.0,15385600.0,4229920.0,17690000.0,4870080.0,0.684375,0.695906432748538
115,115.0,1.0,320.0,96.0,224.0,23.07,304.0,94.0,210.0,23.16,349496.0,92016.0,1018744.0,277768.0,2.0,0.0,51.0,10.0,0.0,4190.0,0.0,5e-05,20000000.0,3494960.0,920160.0,10187440.0,2777680.0,0.7,0.6907894736842105
116,116.0,1.0,160.0,43.0,117.0,26.5,38.0,10.0,28.0,27.0,5078216.0,1346768.0,2258416.0,594320.0,14.0,0.0,51.0,10.0,0.0,740.0,0.0,5e-05,20000000.0,50782160.0,13467680.0,22584160.0,5943200.0,0.73125,0.7368421052631579
117,117.0,1.0,290.0,86.0,204.0,24.19,95.0,27.0,68.0,25.58,3573352.0,980680.0,2072320.0,546880.0,7.0,0.0,51.0,10.0,0.0,2490.0,0.0,5e-05,20000000.0,35733520.0,9806800.0,20723200.0,5468800.0,0.7034482758620689,0.7157894736842105
118,118.0,1.0,320.0,92.0,228.0,25.25,304.0,80.0,224.0,27.0,442400.0,116192.0,1361920.0,358400.0,2.0,0.0,51.0,10.0,0.0,2450.0,0.0,5e-05,20000000.0,4424000.0,1161920.0,13619200.0,3584000.0,0.7125,0.7368421052631579
119,119.0,1.0,320.0,80.0,240.0,26.5,304.0,80.0,224.0,27.0,479744.0,119936.0,1361920.0,358400.0,2.0,0.0,51.0,10.0,0.0,2290.0,0.0,5e-05,20000000.0,4797440.0,1199360.0,13619200.0,3584000.0,0.75,0.7368421052631579
120,120.0,1.0,160.0,43.0,117.0,25.66,38.0,10.0,28.0,25.58,4845104.0,1269096.0,1797872.0,479184.0,14.0,0.0,51.0,10.0,0.0,2410.0,0.0,5e-05,20000000.0,48451040.0,12690960.0,17978720.0,4791840.0,0.73125,0.7368421052631579
121,121.0,1.0,290.0,78.0,212.0,25.31,95.0,26.0,69.0,24.44,4165512.0,1126536.0,1711776.0,468984.0,7.0,0.0,51.0,10.0,0.0,4110.0,0.0,5e-05,20000000.0,41655120.0,11265360.0,17117760.0,4689840.0,0.7310344827586207,0.7263157894736842
122,122.0,1.0,320.0,87.0,233.0,21.12,171.0,45.0,126.0,27.0,1018672.0,266512.0,1975848.0,519960.0,4.0,0.0,51.0,10.0,0.0,4990.0,0.0,5e-05,20000000.0,10186720.0,2665120.0,19758480.0,5199600.0,0.728125,0.7368421052631579
123,123.0,1.0,290.0,86.0,204.0,24.52,95.0,25.0,70.0,27.0,4086952.0,1117640.0,2320888.0,610760.0,7.0,0.0,51.0,10.0,0.0,1640.0,0.0,5e-05,20000000.0,40869520.0,11176400.0,23208880.0,6107600.0,0.7034482758620689,0.7368421052631579
124,124.0,1.0,320.0,89.0,231.0,24.52,171.0,45.0,126.0,27.0,1651128.0,432632.0,1975848.0,519960.0,4.0,0.0,51.0,10.0,0.0,3870.0,0.0,5e-05,20000000.0,16511280.0,4326320.0,19758480.0,5199600.0,0.721875,0.7368421052631579
125,125.0,1.0,290.0,78.0,212.0,25.93,95.0,26.0,69.0,25.01,4463592.0,1162536.0,2025088.0,534184.0,7.0,0.0,51.0,10.0,0.0,2410.0,0.0,5e-05,20000000.0,44635920.0,11625360.0,20250880.0,5341840.0,0.7310344827586207,0.7263157894736842
126,126.0,1.0,290.0,78.0,212.0,24.62,95.0,25.0,70.0,27.0,4155432.0,1111176.0,2320888.0,610760.0,7.0,0.0,51.0,10.0,0.0,2930.0,0.0,5e-05,20000000.0,41554320.0,11111760.0,23208880.0,6107600.0,0.7310344827586207,0.7368421052631579
127,127.0,1.0,320.0,80.0,240.0,26.6,304.0,80.0,224.0,27.0,487424.0,121856.0,1361920.0,358400.0,2.0,0.0,51.0,10.0,0.0,240.0,0.0,5e-05,20000000.0,4874240.0,1218560.0,13619200.0,3584000.0,0.75,0.7368421052631579
128,128.0,1.0,320.0,80.0,240.0,26.48,171.0,61.0,110.0,23.05,1942144.0,485536.0,1478648.0,397704.0,4.0,0.0,51.0,10.0,0.0,1240.0,0.0,5e-05,20000000.0,19421440.0,4855360.0,14786480.0,3977040.0,0.75,0.6432748538011696
129,129.0,1.0,290.0,81.0,209.0,26.36,95.0,25.0,70.0,27.0,4730472.0,1283040.0,2320888.0,610760.0,7.0,0.0,51.0,10.0,0.0,1230.0,0.0,5e-05,20000000.0,47304720.0,12830400.0,23208880.0,6107600.0,0.7206896551724138,0.7368421052631579
130,130.0,1.0,320.0,80.0,240.0,23.85,304.0,80.0,224.0,27.0,378368.0,94592.0,1361920.0,358400.0,2.0,0.0,51.0,10.0,0.0,3570.0,0.0,5e-05,20000000.0,3783680.0,945920.0,13619200.0,3584000.0,0.75,0.7368421052631579
131,131.0,1.0,320.0,80.0,240.0,26.52,171.0,47.0,124.0,22.74,1942144.0,485536.0,1673464.0,419536.0,4.0,0.0,51.0,10.0,0.0,4290.0,0.0,5e-05,20000000.0,19421440.0,4855360.0,16734640.0,4195360.0,0.75,0.7251461988304093
132,132.0,1.0,290.0,78.0,212.0,24.72,95.0,25.0,70.0,24.16,3607592.0,974216.0,1375544.0,374424.0,7.0,0.0,51.0,10.0,0.0,4470.0,0.0,5e-05,20000000.0,36075920.0,9742160.0,13755440.0,3744240.0,0.7310344827586207,0.7368421052631579
133,133.0,1.0,320.0,86.0,234.0,24.84,171.0,50.0,121.0,25.11,1643824.0,421136.0,1368384.0,374648.0,4.0,0.0,51.0,10.0,0.0,3690.0,0.0,5e-05,20000000.0,16438240.0,4211360.0,13683840.0,3746480.0,0.73125,0.7076023391812866
134,134.0,1.0,320.0,103.0,217.0,21.61,304.0,127.0,177.0,18.71,379688.0,105640.0,875392.0,264880.0,2.0,0.0,51.0,10.0,0.0,3400.0,0.0,5e-05,20000000.0,3796880.0,1056400.0,8753920.0,2648800.0,0.678125,0.5822368421052632
135,135.0,1.0,320.0,80.0,240.0,26.41,171.0,45.0,126.0,27.0,1880192.0,470048.0,1975848.0,519960.0,4.0,0.0,51.0,10.0,0.0,2290.0,0.0,5e-05,20000000.0,18801920.0,4700480.0,19758480.0,5199600.0,0.75,0.7368421052631579
136,136.0,1.0,160.0,43.0,117.0,24.73,38.0,10.0,28.0,27.0,4567608.0,1229104.0,2258416.0,594320.0,14.0,0.0,51.0,10.0,0.0,2990.0,0.0,5e-05,20000000.0,45676080.0,12291040.0,22584160.0,5943200.0,0.73125,0.7368421052631579
137,137.0,1.0,160.0,43.0,117.0,25.58,38.0,10.0,28.0,25.58,5002416.0,1308424.0,1797872.0,479184.0,14.0,0.0,51.0,10.0,0.0,3740.0,0.0,5e-05,20000000.0,50024160.0,13084240.0,17978720.0,4791840.0,0.73125,0.7368421052631579
138,138.0,1.0,290.0,81.0,209.0,26.17,95.0,25.0,70.0,27.0,4593512.0,1248800.0,2320888.0,610760.0,7.0,0.0,51.0,10.0,0.0,1150.0,0.0,5e-05,20000000.0,45935120.0,12488000.0,23208880.0,6107600.0,0.7206896551724138,0.7368421052631579
139,139.0,1.0,160.0,43.0,117.0,20.53,38.0,10.0,28.0,19.89,2515552.0,671896.0,531376.0,133776.0,14.0,0.0,51.0,10.0,0.0,4130.0,0.0,5e-05,20000000.0,25155520.0,6718960.0,5313760.0,1337760.0,0.73125,0.7368421052631579
140,140.0,1.0,160.0,45.0,115.0,26.27,38.0,10.0,28.0,27.0,5315728.0,1428680.0,2258416.0,594320.0,14.0,0.0,51.0,10.0,0.0,1110.0,0.0,5e-05,20000000.0,53157280.0,14286800.0,22584160.0,5943200.0,0.71875,0.7368421052631579
141,141.0,1.0,320.0,115.0,205.0,22.72,304.0,110.0,194.0,24.16,410464.0,122544.0,1196848.0,353792.0,2.0,0.0,51.0,10.0,0.0,1400.0,0.0,5e-05,20000000.0,4104640.0,1225440.0,11968480.0,3537920.0,0.640625,0.6381578947368421
142,142.0,1.0,290.0,80.0,210.0,24.88,95.0,30.0,65.0,22.17,4412232.0,1147032.0,1685064.0,446280.0,7.0,0.0,51.0,10.0,0.0,2380.0,0.0,5e-05,20000000.0,44122320.0,11470320.0,16850640.0,4462800.0,0.7241379310344828,0.6842105263157895
143,143.0,1.0,290.0,79.0,211.0,26.49,95.0,25.0,70.0,27.0,4703272.0,1266064.0,2320888.0,610760.0,7.0,0.0,51.0,10.0,0.0,760.0,0.0,5e-05,20000000.0,47032720.0,12660640.0,23208880.0,6107600.0,0.7275862068965517,0.7368421052631579
144,144.0,1.0,320.0,89.0,231.0,23.39,171.0,55.0,116.0,21.63,1427360.0,370696.0,1087352.0,314952.0,4.0,0.0,51.0,10.0,0.0,3760.0,0.0,5e-05,20000000.0,14273600.0,3706960.0,10873520.0,3149520.0,0.721875,0.6783625730994152
145,145.0,1.0,320.0,80.0,240.0,26.65,304.0,80.0,224.0,27.0,494080.0,123520.0,1361920.0,358400.0,2.0,0.0,51.0,10.0,0.0,130.0,0.0,5e-05,20000000.0,4940800.0,1235200.0,13619200.0,3584000.0,0.75,0.7368421052631579
146,146.0,1.0,160.0,43.0,117.0,22.85,38.0,10.0,28.0,19.89,3253152.0,856296.0,70832.0,18640.0,14.0,0.0,51.0,10.0,0.0,2710.0,0.0,5e-05,20000000.0,32531520.0,8562960.0,708320.0,186400.0,0.73125,0.7368421052631579
147,147.0,1.0,160.0,43.0,117.0,23.67,38.0,10.0,28.0,22.74,3797960.0,992304.0,1452464.0,364048.0,14.0,0.0,51.0,10.0,0.0,3260.0,0.0,5e-05,20000000.0,37979600.0,9923040.0,14524640.0,3640480.0,0.73125,0.7368421052631579
148,148.0,1.0,160.0,43.0,117.0,20.24,38.0,10.0,28.0,17.05,2699488.0,717880.0,70832.0,18640.0,14.0,0.0,51.0,10.0,0.0,4420.0,0.0,5e-05,20000000.0,26994880.0,7178800.0,708320.0,186400.0,0.73125,0.7368421052631579
149,149.0,1.0,320.0,93.0,227.0,24.53,171.0,45.0,126.0,27.0,1496928.0,396904.0,1975848.0,519960.0,4.0,0.0,51.0,10.0,0.0,2430.0,0.0,5e-05,20000000.0,14969280.0,3969040.0,19758480.0,5199600.0,0.709375,0.7368421052631579
150,150.0,1.0,320.0,80.0,240.0,26.48,171.0,52.0,119.0,25.58,1915904.0,478976.0,1732616.0,477912.0,4.0,0.0,51.0,10.0,0.0,1530.0,0.0,5e-05,20000000.0,19159040.0,4789760.0,17326160.0,4779120.0,0.75,0.695906432748538
151,151.0,1.0,290.0,78.0,212.0,21.5,95.0,25.0,70.0,24.44,3258152.0,886856.0,1848216.0,492592.0,7.0,0.0,51.0,10.0,0.0,4080.0,0.0,5e-05,20000000.0,32581520.0,8868560.0,18482160.0,4925920.0,0.7310344827586207,0.7368421052631579
152,152.0,1.0,160.0,43.0,117.0,25.29,38.0,10.0,28.0,24.16,4491192.0,1210000.0,1337328.0,364048.0,14.0,0.0,51.0,10.0,0.0,3060.0,0.0,5e-05,20000000.0,44911920.0,12100000.0,13373280.0,3640480.0,0.73125,0.7368421052631579
153,153.0,1.0,320.0,80.0,240.0,26.3,304.0,106.0,198.0,24.34,494080.0,123520.0,1179472.0,344560.0,2.0,0.0,51.0,10.0,0.0,1360.0,0.0,5e-05,20000000.0,4940800.0,1235200.0,11794720.0,3445600.0,0.75,0.6513157894736842
154,154.0,1.0,290.0,78.0,212.0,21.82,95.0,25.0,70.0,24.21,3620360.0,956008.0,1385080.0,376808.0,7.0,0.0,51.0,10.0,0.0,4700.0,0.0,5e-05,20000000.0,36203600.0,9560080.0,13850800.0,3768080.0,0.7310344827586207,0.7368421052631579
155,155.0,1.0,290.0,89.0,201.0,24.3,95.0,28.0,67.0,25.58,4062792.0,1152544.0,2126592.0,587592.0,7.0,0.0,51.0,10.0,0.0,1880.0,0.0,5e-05,20000000.0,40627920.0,11525440.0,21265920.0,5875920.0,0.6931034482758621,0.7052631578947368
156,156.0,1.0,320.0,101.0,219.0,23.31,171.0,48.0,123.0,25.58,1466352.0,405376.0,1564904.0,423608.0,4.0,0.0,51.0,10.0,0.0,2610.0,0.0,5e-05,20000000.0,14663520.0,4053760.0,15649040.0,4236080.0,0.684375,0.7192982456140351
157,157.0,1.0,290.0,80.0,210.0,25.7,95.0,33.0,62.0,24.16,4377992.0,1164152.0,2208880.0,645424.0,7.0,0.0,51.0,10.0,0.0,600.0,0.0,5e-05,20000000.0,43779920.0,11641520.0,22088800.0,6454240.0,0.7241379310344828,0.6526315789473685
158,158.0,1.0,320.0,117.0,203.0,22.47,304.0,129.0,175.0,18.66,399208.0,117848.0,910144.0,273840.0,2.0,0.0,51.0,10.0,0.0,3200.0,0.0,5e-05,20000000.0,3992080.0,1178480.0,9101440.0,2738400.0,0.634375,0.5756578947368421
159,159.0,1.0,290.0,78.0,212.0,23.53,95.0,25.0,70.0,22.74,4114152.0,1040936.0,1966384.0,492592.0,7.0,0.0,51.0,10.0,0.0,4290.0,0.0,5e-05,20000000.0,41141520.0,10409360.0,19663840.0,4925920.0,0.7310344827586207,0.7368421052631579
160,160.0,1.0,290.0,79.0,211.0,24.63,95.0,26.0,69.0,21.88,4490792.0,1195824.0,1868400.0,495240.0,7.0,0.0,51.0,10.0,0.0,2010.0,0.0,5e-05,20000000.0,44907920.0,11958240.0,18684000.0,4952400.0,0.7275862068965517,0.7263157894736842
161,161.0,1.0,320.0,93.0,227.0,25.25,304.0,80.0,224.0,27.0,447224.0,117864.0,1361920.0,358400.0,2.0,0.0,51.0,10.0,0.0,1580.0,0.0,5e-05,20000000.0,4472240.0,1178640.0,13619200.0,3584000.0,0.709375,0.7368421052631579
162,162.0,1.0,320.0,85.0,235.0,24.93,171.0,48.0,123.0,20.39,1560080.0,397456.0,1170440.0,318272.0,4.0,0.0,51.0,10.0,0.0,4890.0,0.0,5e-05,20000000.0,15600800.0,3974560.0,11704400.0,3182720.0,0.734375,0.7192982456140351
163,163.0,1.0,290.0,77.0,213.0,26.14,95.0,28.0,67.0,25.58,4696232.0,1228448.0,2288040.0,628296.0,7.0,0.0,51.0,10.0,0.0,1020.0,0.0,5e-05,20000000.0,46962320.0,12284480.0,22880400.0,6282960.0,0.7344827586206897,0.7052631578947368
164,164.0,1.0,290.0,79.0,211.0,24.61,95.0,25.0,70.0,25.58,3857352.0,1041744.0,1848216.0,492592.0,7.0,0.0,51.0,10.0,0.0,3310.0,0.0,5e-05,20000000.0,38573520.0,10417440.0,18482160.0,4925920.0,0.7275862068965517,0.7368421052631579
165,165.0,1.0,290.0,77.0,213.0,23.67,95.0,26.0,69.0,20.06,3994312.0,1040128.0,1237344.0,337248.0,7.0,0.0,51.0,10.0,0.0,4410.0,0.0,5e-05,20000000.0,39943120.0,10401280.0,12373440.0,3372480.0,0.7344827586206897,0.7263157894736842
166,166.0,1.0,290.0,81.0,209.0,25.99,95.0,25.0,70.0,27.0,4627752.0,1231680.0,2320888.0,610760.0,7.0,0.0,51.0,10.0,0.0,1290.0,0.0,5e-05,20000000.0,46277520.0,12316800.0,23208880.0,6107600.0,0.7206896551724138,0.7368421052631579
167,167.0,1.0,160.0,43.0,117.0,26.48,38.0,10.0,28.0,27.0,5198296.0,1386776.0,2258416.0,594320.0,14.0,0.0,51.0,10.0,0.0,1430.0,0.0,5e-05,20000000.0,51982960.0,13867760.0,22584160.0,5943200.0,0.73125,0.7368421052631579
168,168.0,1.0,320.0,80.0,240.0,26.56,171.0,45.0,126.0,27.0,1942144.0,485536.0,1975848.0,519960.0,4.0,0.0,51.0,10.0,0.0,60.0,0.0,5e-05,20000000.0,19421440.0,4855360.0,19758480.0,5199600.0,0.75,0.7368421052631579
169,169.0,1.0,290.0,85.0,205.0,25.69,95.0,35.0,60.0,24.16,4566312.0,1236672.0,2084552.0,618728.0,7.0,0.0,51.0,10.0,0.0,250.0,0.0,5e-05,20000000.0,45663120.0,12366720.0,20845520.0,6187280.0,0.7068965517241379,0.631578947368421
170,170.0,1.0,320.0,90.0,230.0,21.51,171.0,47.0,124.0,24.32,1260464.0,328016.0,1405328.0,374464.0,4.0,0.0,51.0,10.0,0.0,4440.0,0.0,5e-05,20000000.0,12604640.0,3280160.0,14053280.0,3744640.0,0.71875,0.7251461988304093
171,171.0,1.0,290.0,84.0,206.0,23.44,95.0,29.0,66.0,23.31,3737992.0,1041624.0,1738032.0,497904.0,7.0,0.0,51.0,10.0,0.0,2340.0,0.0,5e-05,20000000.0,37379920.0,10416240.0,17380320.0,4979040.0,0.7103448275862069,0.6947368421052632
172,172.0,1.0,320.0,94.0,226.0,20.15,171.0,51.0,120.0,22.27,1170472.0,312136.0,1364032.0,376488.0,4.0,0.0,51.0,10.0,0.0,4480.0,0.0,5e-05,20000000.0,11704720.0,3121360.0,13640320.0,3764880.0,0.70625,0.7017543859649122
173,173.0,1.0,320.0,98.0,222.0,22.96,304.0,100.0,204.0,21.43,355928.0,95360.0,910144.0,248176.0,2.0,0.0,51.0,10.0,0.0,4900.0,0.0,5e-05,20000000.0,3559280.0,953600.0,9101440.0,2481760.0,0.69375,0.6710526315789473
174,174.0,1.0,320.0,80.0,240.0,26.54,171.0,45.0,126.0,27.0,1942144.0,485536.0,1975848.0,519960.0,4.0,0.0,51.0,10.0,0.0,920.0,0.0,5e-05,20000000.0,19421440.0,4855360.0,19758480.0,5199600.0,0.75,0.7368421052631579
175,175.0,1.0,290.0,78.0,212.0,26.64,95.0,25.0,70.0,27.0,4781832.0,1280616.0,2320888.0,610760.0,7.0,0.0,51.0,10.0,0.0,230.0,0.0,5e-05,20000000.0,47818320.0,12806160.0,23208880.0,6107600.0,0.7310344827586207,0.7368421052631579
176,176.0,1.0,290.0,79.0,211.0,25.94,95.0,27.0,68.0,25.58,4412232.0,1180464.0,2102096.0,574016.0,7.0,0.0,51.0,10.0,0.0,2530.0,0.0,5e-05,20000000.0,44122320.0,11804640.0,21020960.0,5740160.0,0.7275862068965517,0.7157894736842105
177,177.0,1.0,320.0,80.0,240.0,26.2,304.0,96.0,208.0,25.31,487424.0,121856.0,1240288.0,347544.0,2.0,0.0,51.0,10.0,0.0,1670.0,0.0,5e-05,20000000.0,4874240.0,1218560.0,12402880.0,3475440.0,0.75,0.6842105263157895
178,178.0,1.0,320.0,80.0,240.0,26.65,304.0,80.0,224.0,27.0,494080.0,123520.0,1361920.0,358400.0,2.0,0.0,51.0,10.0,0.0,1140.0,0.0,5e-05,20000000.0,4940800.0,1235200.0,13619200.0,3584000.0,0.75,0.7368421052631579
179,179.0,1.0,320.0,80.0,240.0,26.65,304.0,80.0,224.0,27.0,494080.0,123520.0,1361920.0,358400.0,2.0,0.0,51.0,10.0,0.0,280.0,0.0,5e-05,20000000.0,4940800.0,1235200.0,13619200.0,3584000.0,0.75,0.7368421052631579
180,180.0,1.0,160.0,43.0,117.0,25.94,38.0,10.0,28.0,27.0,4765032.0,1268472.0,2258416.0,594320.0,14.0,0.0,51.0,10.0,0.0,1930.0,0.0,5e-05,20000000.0,47650320.0,12684720.0,22584160.0,5943200.0,0.73125,0.7368421052631579
181,181.0,1.0,290.0,78.0,212.0,26.4,95.0,25.0,70.0,27.0,4634792.0,1231016.0,2320888.0,610760.0,7.0,0.0,51.0,10.0,0.0,1730.0,0.0,5e-05,20000000.0,46347920.0,12310160.0,23208880.0,6107600.0,0.7310344827586207,0.7368421052631579
182,182.0,1.0,290.0,86.0,204.0,21.83,95.0,29.0,66.0,22.74,3395592.0,974760.0,1865792.0,523280.0,7.0,0.0,51.0,10.0,0.0,2240.0,0.0,5e-05,20000000.0,33955920.0,9747600.0,18657920.0,5232800.0,0.7034482758620689,0.6947368421052632
183,183.0,1.0,320.0,107.0,213.0,21.2,171.0,60.0,111.0,22.32,1311792.0,374232.0,1287400.0,391928.0,4.0,0.0,51.0,10.0,0.0,2360.0,0.0,5e-05,20000000.0,13117920.0,3742320.0,12874000.0,3919280.0,0.665625,0.6491228070175439
184,184.0,1.0,160.0,43.0,117.0,22.43,38.0,10.0,28.0,21.47,3300808.0,858416.0,1000816.0,251136.0,14.0,0.0,51.0,10.0,0.0,3840.0,0.0,5e-05,20000000.0,33008080.0,8584160.0,10008160.0,2511360.0,0.73125,0.7368421052631579
185,185.0,1.0,290.0,80.0,210.0,26.31,95.0,25.0,70.0,27.0,4634792.0,1249752.0,2320888.0,610760.0,7.0,0.0,51.0,10.0,0.0,1720.0,0.0,5e-05,20000000.0,46347920.0,12497520.0,23208880.0,6107600.0,0.7241379310344828,0.7368421052631579
186,186.0,1.0,320.0,93.0,227.0,23.78,171.0,48.0,123.0,25.58,1507120.0,402144.0,1637672.0,441800.0,4.0,0.0,51.0,10.0,0.0,3090.0,0.0,5e-05,20000000.0,15071200.0,4021440.0,16376720.0,4418000.0,0.709375,0.7192982456140351
187,187.0,1.0,290.0,78.0,212.0,26.14,95.0,25.0,70.0,25.63,4382472.0,1180776.0,1857752.0,494976.0,7.0,0.0,51.0,10.0,0.0,700.0,0.0,5e-05,20000000.0,43824720.0,11807760.0,18577520.0,4949760.0,0.7310344827586207,0.7368421052631579
188,188.0,1.0,320.0,80.0,240.0,26.54,171.0,45.0,126.0,27.0,1942144.0,485536.0,1975848.0,519960.0,4.0,0.0,51.0,10.0,0.0,890.0,0.0,5e-05,20000000.0,19421440.0,4855360.0,19758480.0,5199600.0,0.75,0.7368421052631579
189,189.0,1.0,290.0,86.0,204.0,25.56,95.0,29.0,66.0,25.58,4429352.0,1220360.0,2176432.0,601168.0,7.0,0.0,51.0,10.0,0.0,840.0,0.0,5e-05,20000000.0,44293520.0,12203600.0,21764320.0,6011680.0,0.7034482758620689,0.6947368421052632
190,190.0,1.0,290.0,79.0,211.0,26.45,95.0,25.0,70.0,27.0,4747592.0,1264304.0,2320888.0,610760.0,7.0,0.0,51.0,10.0,0.0,440.0,0.0,5e-05,20000000.0,47475920.0,12643040.0,23208880.0,6107600.0,0.7275862068965517,0.7368421052631579
191,191.0,1.0,160.0,45.0,115.0,25.98,38.0,10.0,28.0,24.26,5099872.0,1350328.0,1797872.0,479184.0,14.0,0.0,51.0,10.0,0.0,1410.0,0.0,5e-05,20000000.0,50998720.0,13503280.0,17978720.0,4791840.0,0.71875,0.7368421052631579
192,192.0,1.0,320.0,94.0,226.0,24.37,304.0,80.0,224.0,27.0,431144.0,113104.0,1361920.0,358400.0,2.0,0.0,51.0,10.0,0.0,2930.0,0.0,5e-05,20000000.0,4311440.0,1131040.0,13619200.0,3584000.0,0.70625,0.7368421052631579
193,193.0,1.0,320.0,93.0,227.0,24.33,304.0,80.0,224.0,27.0,432752.0,113040.0,1361920.0,358400.0,2.0,0.0,51.0,10.0,0.0,2580.0,0.0,5e-05,20000000.0,4327520.0,1130400.0,13619200.0,3584000.0,0.709375,0.7368421052631579
194,194.0,1.0,320.0,87.0,233.0,24.42,171.0,56.0,115.0,21.32,1533776.0,389552.0,1064656.0,306992.0,4.0,0.0,51.0,10.0,0.0,4100.0,0.0,5e-05,20000000.0,15337760.0,3895520.0,10646560.0,3069920.0,0.728125,0.672514619883041
195,195.0,1.0,160.0,43.0,117.0,25.82,38.0,10.0,28.0,25.58,4717152.0,1222296.0,1913008.0,479184.0,14.0,0.0,51.0,10.0,0.0,2230.0,0.0,5e-05,20000000.0,47171520.0,12222960.0,19130080.0,4791840.0,0.73125,0.7368421052631579
196,196.0,1.0,320.0,103.0,217.0,22.18,304.0,97.0,207.0,21.32,373480.0,102480.0,866704.0,234736.0,2.0,0.0,51.0,10.0,0.0,4370.0,0.0,5e-05,20000000.0,3734800.0,1024800.0,8667040.0,2347360.0,0.678125,0.680921052631579
197,197.0,1.0,320.0,80.0,240.0,26.5,171.0,45.0,126.0,27.0,1942144.0,485536.0,1975848.0,519960.0,4.0,0.0,51.0,10.0,0.0,1280.0,0.0,5e-05,20000000.0,19421440.0,4855360.0,19758480.0,5199600.0,0.75,0.7368421052631579
198,198.0,1.0,290.0,82.0,208.0,23.91,95.0,26.0,69.0,25.01,3932872.0,1063048.0,2077992.0,547752.0,7.0,0.0,51.0,10.0,0.0,2370.0,0.0,5e-05,20000000.0,39328720.0,10630480.0,20779920.0,5477520.0,0.7172413793103448,0.7263157894736842
199,199.0,1.0,320.0,88.0,232.0,23.78,171.0,52.0,119.0,23.54,1592368.0,412392.0,1350480.0,367824.0,4.0,0.0,51.0,10.0,0.0,3780.0,0.0,5e-05,20000000.0,15923680.0,4123920.0,13504800.0,3678240.0,0.725,0.695906432748538
200,200.0,1.0,290.0,78.0,212.0,24.2,95.0,25.0,70.0,24.83,3592712.0,974888.0,1848216.0,492592.0,7.0,0.0,51.0,10.0,0.0,3960.0,0.0,5e-05,20000000.0,35927120.0,9748880.0,18482160.0,4925920.0,0.7310344827586207,0.7368421052631579
201,201.0,1.0,160.0,43.0,117.0,20.43,38.0,10.0,28.0,21.47,2958016.0,816912.0,1346224.0,366272.0,14.0,0.0,51.0,10.0,0.0,4060.0,0.0,5e-05,20000000.0,29580160.0,8169120.0,13462240.0,3662720.0,0.73125,0.7368421052631579
202,202.0,1.0,320.0,95.0,225.0,24.19,304.0,108.0,196.0,20.73,410464.0,108400.0,836296.0,236232.0,2.0,0.0,51.0,10.0,0.0,4100.0,0.0,5e-05,20000000.0,4104640.0,1084000.0,8362960.0,2362320.0,0.703125,0.6447368421052632
203,203.0,1.0,320.0,93.0,227.0,20.41,171.0,53.0,118.0,21.96,1036624.0,274856.0,1153544.0,302352.0,4.0,0.0,51.0,10.0,0.0,4500.0,0.0,5e-05,20000000.0,10366240.0,2748560.0,11535440.0,3023520.0,0.709375,0.6900584795321637
204,204.0,1.0,320.0,104.0,216.0,23.51,304.0,102.0,202.0,22.8,410240.0,113744.0,1062184.0,287544.0,2.0,0.0,51.0,10.0,0.0,2670.0,0.0,5e-05,20000000.0,4102400.0,1137440.0,10621840.0,2875440.0,0.675,0.6644736842105263
205,205.0,1.0,320.0,80.0,240.0,26.41,171.0,52.0,119.0,25.58,1880192.0,470048.0,1822576.0,496104.0,4.0,0.0,51.0,10.0,0.0,2230.0,0.0,5e-05,20000000.0,18801920.0,4700480.0,18225760.0,4961040.0,0.75,0.695906432748538
206,206.0,1.0,320.0,102.0,218.0,22.3,304.0,102.0,202.0,21.18,383128.0,108848.0,927520.0,274512.0,2.0,0.0,51.0,10.0,0.0,4340.0,0.0,5e-05,20000000.0,3831280.0,1088480.0,9275200.0,2745120.0,0.68125,0.6644736842105263
207,207.0,1.0,320.0,80.0,240.0,26.6,304.0,90.0,214.0,25.58,487424.0,121856.0,1214224.0,333696.0,2.0,0.0,51.0,10.0,0.0,2770.0,0.0,5e-05,20000000.0,4874240.0,1218560.0,12142240.0,3336960.0,0.75,0.7039473684210527
208,208.0,1.0,320.0,80.0,240.0,26.54,171.0,45.0,126.0,25.63,1942144.0,485536.0,1581384.0,421344.0,4.0,0.0,51.0,10.0,0.0,900.0,0.0,5e-05,20000000.0,19421440.0,4855360.0,15813840.0,4213440.0,0.75,0.7368421052631579
209,209.0,1.0,290.0,84.0,206.0,23.19,95.0,30.0,65.0,24.19,3918440.0,1031096.0,1947552.0,550952.0,7.0,0.0,51.0,10.0,0.0,1710.0,0.0,5e-05,20000000.0,39184400.0,10310960.0,19475520.0,5509520.0,0.7103448275862069,0.6842105263157895
210,210.0,1.0,290.0,78.0,212.0,20.93,95.0,25.0,70.0,22.47,2991272.0,785896.0,1375544.0,374424.0,7.0,0.0,51.0,10.0,0.0,4210.0,0.0,5e-05,20000000.0,29912720.0,7858960.0,13755440.0,3744240.0,0.7310344827586207,0.7368421052631579
211,211.0,1.0,320.0,80.0,240.0,26.65,304.0,80.0,224.0,27.0,494080.0,123520.0,1361920.0,358400.0,2.0,0.0,51.0,10.0,0.0,320.0,0.0,5e-05,20000000.0,4940800.0,1235200.0,13619200.0,3584000.0,0.75,0.7368421052631579
212,212.0,1.0,290.0,85.0,205.0,25.0,95.0,25.0,70.0,27.0,4285352.0,1166432.0,2320888.0,610760.0,7.0,0.0,51.0,10.0,0.0,1760.0,0.0,5e-05,20000000.0,42853520.0,11664320.0,23208880.0,6107600.0,0.7068965517241379,0.7368421052631579
213,213.0,1.0,290.0,78.0,212.0,25.56,95.0,25.0,70.0,27.0,4011912.0,1088136.0,2320888.0,610760.0,7.0,0.0,51.0,10.0,0.0,3560.0,0.0,5e-05,20000000.0,40119120.0,10881360.0,23208880.0,6107600.0,0.7310344827586207,0.7368421052631579
214,214.0,1.0,320.0,107.0,213.0,21.62,304.0,92.0,212.0,24.87,331808.0,94328.0,1118656.0,307904.0,2.0,0.0,51.0,10.0,0.0,3650.0,0.0,5e-05,20000000.0,3318080.0,943280.0,11186560.0,3079040.0,0.665625,0.6973684210526315
215,215.0,1.0,160.0,43.0,117.0,26.39,38.0,10.0,28.0,27.0,5198296.0,1386776.0,2258416.0,594320.0,14.0,0.0,51.0,10.0,0.0,320.0,0.0,5e-05,20000000.0,51982960.0,13867760.0,22584160.0,5943200.0,0.73125,0.7368421052631579
216,216.0,1.0,160.0,43.0,117.0,25.19,38.0,10.0,28.0,24.26,4383672.0,1183120.0,1797872.0,479184.0,14.0,0.0,51.0,10.0,0.0,2170.0,0.0,5e-05,20000000.0,43836720.0,11831200.0,17978720.0,4791840.0,0.73125,0.7368421052631579
217,217.0,1.0,320.0,99.0,221.0,22.7,304.0,96.0,208.0,23.5,365216.0,95736.0,1057840.0,291072.0,2.0,0.0,51.0,10.0,0.0,4250.0,0.0,5e-05,20000000.0,3652160.0,957360.0,10578400.0,2910720.0,0.690625,0.6842105263157895
218,218.0,1.0,290.0,78.0,212.0,26.49,95.0,25.0,70.0,27.0,4703272.0,1248136.0,2320888.0,610760.0,7.0,0.0,51.0,10.0,0.0,780.0,0.0,5e-05,20000000.0,47032720.0,12481360.0,23208880.0,6107600.0,0.7310344827586207,0.7368421052631579
219,219.0,1.0,290.0,79.0,211.0,23.54,95.0,25.0,70.0,25.58,3446472.0,904784.0,1966384.0,492592.0,7.0,0.0,51.0,10.0,0.0,3230.0,0.0,5e-05,20000000.0,34464720.0,9047840.0,19663840.0,4925920.0,0.7275862068965517,0.7368421052631579
220,220.0,1.0,290.0,83.0,207.0,25.38,95.0,28.0,67.0,25.58,4319592.0,1164816.0,2123920.0,574024.0,7.0,0.0,51.0,10.0,0.0,1260.0,0.0,5e-05,20000000.0,43195920.0,11648160.0,21239200.0,5740240.0,0.7137931034482758,0.7052631578947368
221,221.0,1.0,290.0,79.0,211.0,26.17,95.0,25.0,70.0,27.0,4679112.0,1212944.0,2320888.0,610760.0,7.0,0.0,51.0,10.0,0.0,1040.0,0.0,5e-05,20000000.0,46791120.0,12129440.0,23208880.0,6107600.0,0.7275862068965517,0.7368421052631579
222,222.0,1.0,290.0,78.0,212.0,26.12,95.0,25.0,70.0,27.0,4439432.0,1195016.0,2320888.0,610760.0,7.0,0.0,51.0,10.0,0.0,3150.0,0.0,5e-05,20000000.0,44394320.0,11950160.0,23208880.0,6107600.0,0.7310344827586207,0.7368421052631579
223,223.0,1.0,290.0,78.0,212.0,19.57,95.0,25.0,70.0,21.23,2197608.0,596040.0,1385080.0,376808.0,7.0,0.0,51.0,10.0,0.0,4060.0,0.0,5e-05,20000000.0,21976080.0,5960400.0,13850800.0,3768080.0,0.7310344827586207,0.7368421052631579
224,224.0,1.0,320.0,89.0,231.0,25.12,171.0,45.0,126.0,27.0,1617288.0,419592.0,1975848.0,519960.0,4.0,0.0,51.0,10.0,0.0,2450.0,0.0,5e-05,20000000.0,16172880.0,4195920.0,19758480.0,5199600.0,0.721875,0.7368421052631579
225,225.0,1.0,160.0,48.0,112.0,24.43,38.0,14.0,24.0,22.89,5300312.0,1356408.0,1797872.0,544208.0,14.0,0.0,51.0,10.0,0.0,1000.0,0.0,5e-05,20000000.0,53003120.0,13564080.0,17978720.0,5442080.0,0.7,0.631578947368421
226,226.0,1.0,320.0,80.0,240.0,26.6,304.0,88.0,216.0,25.58,487424.0,121856.0,1222912.0,324736.0,2.0,0.0,51.0,10.0,0.0,2940.0,0.0,5e-05,20000000.0,4874240.0,1218560.0,12229120.0,3247360.0,0.75,0.7105263157894737
227,227.0,1.0,320.0,80.0,240.0,26.56,171.0,53.0,118.0,25.58,1942144.0,485536.0,1772048.0,491488.0,4.0,0.0,51.0,10.0,0.0,530.0,0.0,5e-05,20000000.0,19421440.0,4855360.0,17720480.0,4914880.0,0.75,0.6900584795321637
228,228.0,1.0,160.0,43.0,117.0,23.78,38.0,10.0,28.0,21.42,3782032.0,1012928.0,1346224.0,366272.0,14.0,0.0,51.0,10.0,0.0,3380.0,0.0,5e-05,20000000.0,37820320.0,10129280.0,13462240.0,3662720.0,0.73125,0.7368421052631579
229,229.0,1.0,290.0,78.0,212.0,26.64,95.0,25.0,70.0,27.0,4781832.0,1280616.0,2320888.0,610760.0,7.0,0.0,51.0,10.0,0.0,1990.0,0.0,5e-05,20000000.0,47818320.0,12806160.0,23208880.0,6107600.0,0.7310344827586207,0.7368421052631579
230,230.0,1.0,320.0,93.0,227.0,25.25,304.0,80.0,224.0,27.0,447224.0,117864.0,1361920.0,358400.0,2.0,0.0,51.0,10.0,0.0,1660.0,0.0,5e-05,20000000.0,4472240.0,1178640.0,13619200.0,3584000.0,0.709375,0.7368421052631579
231,231.0,1.0,320.0,91.0,229.0,25.19,171.0,45.0,126.0,27.0,1714056.0,449056.0,1975848.0,519960.0,4.0,0.0,51.0,10.0,0.0,1150.0,0.0,5e-05,20000000.0,17140560.0,4490560.0,19758480.0,5199600.0,0.715625,0.7368421052631579
232,232.0,1.0,320.0,95.0,225.0,20.87,171.0,51.0,120.0,24.17,1107824.0,308472.0,1500704.0,416216.0,4.0,0.0,51.0,10.0,0.0,4180.0,0.0,5e-05,20000000.0,11078240.0,3084720.0,15007040.0,4162160.0,0.703125,0.7017543859649122
233,233.0,1.0,320.0,80.0,240.0,26.6,304.0,80.0,224.0,27.0,487424.0,121856.0,1361920.0,358400.0,2.0,0.0,51.0,10.0,0.0,1470.0,0.0,5e-05,20000000.0,4874240.0,1218560.0,13619200.0,3584000.0,0.75,0.7368421052631579
234,234.0,1.0,320.0,109.0,211.0,23.78,171.0,53.0,118.0,25.58,1693504.0,469920.0,1848864.0,509680.0,4.0,0.0,51.0,10.0,0.0,1130.0,0.0,5e-05,20000000.0,16935040.0,4699200.0,18488640.0,5096800.0,0.659375,0.6900584795321637
235,235.0,1.0,290.0,78.0,212.0,20.21,95.0,26.0,69.0,16.79,2220872.0,597576.0,235968.0,73776.0,7.0,0.0,51.0,10.0,0.0,4430.0,0.0,5e-05,20000000.0,22208720.0,5975760.0,2359680.0,737760.0,0.7310344827586207,0.7263157894736842
236,236.0,1.0,160.0,44.0,116.0,26.16,38.0,10.0,28.0,27.0,4901440.0,1308520.0,2258416.0,594320.0,14.0,0.0,51.0,10.0,0.0,780.0,0.0,5e-05,20000000.0,49014400.0,13085200.0,22584160.0,5943200.0,0.725,0.7368421052631579
237,237.0,1.0,320.0,94.0,226.0,24.81,304.0,80.0,224.0,27.0,432976.0,114768.0,1361920.0,358400.0,2.0,0.0,51.0,10.0,0.0,2990.0,0.0,5e-05,20000000.0,4329760.0,1147680.0,13619200.0,3584000.0,0.70625,0.7368421052631579
238,238.0,1.0,160.0,43.0,117.0,23.39,38.0,10.0,28.0,20.0,4410904.0,1189928.0,1337328.0,364048.0,14.0,0.0,51.0,10.0,0.0,4020.0,0.0,5e-05,20000000.0,44109040.0,11899280.0,13373280.0,3640480.0,0.73125,0.7368421052631579
239,239.0,1.0,320.0,80.0,240.0,26.26,171.0,52.0,119.0,25.58,1942144.0,485536.0,1659848.0,459720.0,4.0,0.0,51.0,10.0,0.0,1350.0,0.0,5e-05,20000000.0,19421440.0,4855360.0,16598480.0,4597200.0,0.75,0.695906432748538
240,240.0,1.0,320.0,80.0,240.0,26.6,304.0,80.0,224.0,27.0,487424.0,121856.0,1361920.0,358400.0,2.0,0.0,51.0,10.0,0.0,580.0,0.0,5e-05,20000000.0,4874240.0,1218560.0,13619200.0,3584000.0,0.75,0.7368421052631579
241,241.0,1.0,160.0,45.0,115.0,26.16,38.0,12.0,26.0,25.58,5038944.0,1349496.0,2143280.0,598048.0,14.0,0.0,51.0,10.0,0.0,590.0,0.0,5e-05,20000000.0,50389440.0,13494960.0,21432800.0,5980480.0,0.71875,0.6842105263157895
242,242.0,1.0,320.0,80.0,240.0,26.15,171.0,60.0,111.0,24.32,1915904.0,478976.0,1481336.0,435296.0,4.0,0.0,51.0,10.0,0.0,680.0,0.0,5e-05,20000000.0,19159040.0,4789760.0,14813360.0,4352960.0,0.75,0.6491228070175439
243,243.0,1.0,320.0,89.0,231.0,24.72,171.0,57.0,114.0,23.4,1616424.0,419592.0,1318736.0,387176.0,4.0,0.0,51.0,10.0,0.0,2720.0,0.0,5e-05,20000000.0,16164240.0,4195920.0,13187360.0,3871760.0,0.721875,0.6666666666666666
244,244.0,1.0,290.0,78.0,212.0,24.58,95.0,25.0,70.0,27.0,3532552.0,968296.0,2320888.0,610760.0,7.0,0.0,51.0,10.0,0.0,4140.0,0.0,5e-05,20000000.0,35325520.0,9682960.0,23208880.0,6107600.0,0.7310344827586207,0.7368421052631579
245,245.0,1.0,290.0,83.0,207.0,24.66,95.0,29.0,66.0,24.18,3977672.0,1092176.0,1890288.0,535968.0,7.0,0.0,51.0,10.0,0.0,2170.0,0.0,5e-05,20000000.0,39776720.0,10921760.0,18902880.0,5359680.0,0.7137931034482758,0.6947368421052632
246,246.0,1.0,320.0,104.0,216.0,21.85,171.0,54.0,117.0,23.54,1274904.0,367688.0,1406288.0,403368.0,4.0,0.0,51.0,10.0,0.0,2920.0,0.0,5e-05,20000000.0,12749040.0,3676880.0,14062880.0,4033680.0,0.675,0.6842105263157895
247,247.0,1.0,320.0,80.0,240.0,26.56,171.0,45.0,126.0,27.0,1942144.0,485536.0,1975848.0,519960.0,4.0,0.0,51.0,10.0,0.0,220.0,0.0,5e-05,20000000.0,19421440.0,4855360.0,19758480.0,5199600.0,0.75,0.7368421052631579
248,248.0,1.0,290.0,82.0,208.0,24.81,95.0,30.0,65.0,22.21,4473672.0,1215368.0,1894656.0,525048.0,7.0,0.0,51.0,10.0,0.0,2020.0,0.0,5e-05,20000000.0,44736720.0,12153680.0,18946560.0,5250480.0,0.7172413793103448,0.6842105263157895
249,249.0,1.0,160.0,45.0,115.0,25.04,38.0,13.0,25.0,22.89,4331288.0,1172776.0,1797872.0,484776.0,14.0,0.0,51.0,10.0,0.0,1200.0,0.0,5e-05,20000000.0,43312880.0,11727760.0,17978720.0,4847760.0,0.71875,0.6578947368421053
250,250.0,1.0,320.0,90.0,230.0,20.42,171.0,46.0,125.0,25.26,1155616.0,291128.0,1681856.0,423744.0,4.0,0.0,51.0,10.0,0.0,4850.0,0.0,5e-05,20000000.0,11556160.0,2911280.0,16818560.0,4237440.0,0.71875,0.7309941520467836
251,251.0,1.0,320.0,93.0,227.0,19.84,171.0,50.0,121.0,20.57,1077048.0,285376.0,889592.0,248776.0,4.0,0.0,51.0,10.0,0.0,4680.0,0.0,5e-05,20000000.0,10770480.0,2853760.0,8895920.0,2487760.0,0.709375,0.7076023391812866
252,252.0,1.0,290.0,79.0,211.0,25.51,95.0,26.0,69.0,25.58,4035592.0,1094864.0,2023328.0,546872.0,7.0,0.0,51.0,10.0,0.0,2890.0,0.0,5e-05,20000000.0,40355920.0,10948640.0,20233280.0,5468720.0,0.7275862068965517,0.7263157894736842
253,253.0,1.0,320.0,80.0,240.0,26.56,171.0,52.0,119.0,25.58,1942144.0,485536.0,1696232.0,468816.0,4.0,0.0,51.0,10.0,0.0,1910.0,0.0,5e-05,20000000.0,19421440.0,4855360.0,16962320.0,4688160.0,0.75,0.695906432748538
254,254.0,1.0,290.0,82.0,208.0,22.62,95.0,26.0,69.0,24.16,3412232.0,941448.0,1495016.0,415136.0,7.0,0.0,51.0,10.0,0.0,3050.0,0.0,5e-05,20000000.0,34122320.0,9414480.0,14950160.0,4151360.0,0.7172413793103448,0.7263157894736842
255,255.0,1.0,290.0,81.0,209.0,25.8,95.0,29.0,66.0,24.44,4422312.0,1180320.0,1972576.0,536848.0,7.0,0.0,51.0,10.0,0.0,1310.0,0.0,5e-05,20000000.0,44223120.0,11803200.0,19725760.0,5368480.0,0.7206896551724138,0.6947368421052632
256,256.0,1.0,320.0,80.0,240.0,26.08,171.0,55.0,116.0,23.05,1915904.0,478976.0,1258336.0,337192.0,4.0,0.0,51.0,10.0,0.0,2680.0,0.0,5e-05,20000000.0,19159040.0,4789760.0,12583360.0,3371920.0,0.75,0.6783625730994152
257,257.0,1.0,290.0,78.0,212.0,22.93,95.0,26.0,69.0,21.46,3344232.0,899816.0,1445632.0,402448.0,7.0,0.0,51.0,10.0,0.0,3600.0,0.0,5e-05,20000000.0,33442320.0,8998160.0,14456320.0,4024480.0,0.7310344827586207,0.7263157894736842
258,258.0,1.0,320.0,87.0,233.0,25.3,304.0,80.0,224.0,27.0,424936.0,109496.0,1361920.0,358400.0,2.0,0.0,51.0,10.0,0.0,4570.0,0.0,5e-05,20000000.0,4249360.0,1094960.0,13619200.0,3584000.0,0.728125,0.7368421052631579
259,259.0,1.0,290.0,78.0,212.0,21.73,95.0,26.0,69.0,21.4,3138312.0,869736.0,1340608.0,376192.0,7.0,0.0,51.0,10.0,0.0,4310.0,0.0,5e-05,20000000.0,31383120.0,8697360.0,13406080.0,3761920.0,0.7310344827586207,0.7263157894736842
260,260.0,1.0,160.0,44.0,116.0,26.27,38.0,10.0,28.0,27.0,5318056.0,1427656.0,2258416.0,594320.0,14.0,0.0,51.0,10.0,0.0,1150.0,0.0,5e-05,20000000.0,53180560.0,14276560.0,22584160.0,5943200.0,0.725,0.7368421052631579
261,261.0,1.0,320.0,93.0,227.0,25.15,171.0,45.0,126.0,27.0,1665728.0,439320.0,1975848.0,519960.0,4.0,0.0,51.0,10.0,0.0,850.0,0.0,5e-05,20000000.0,16657280.0,4393200.0,19758480.0,5199600.0,0.709375,0.7368421052631579
262,262.0,1.0,320.0,96.0,224.0,22.06,171.0,46.0,125.0,24.53,1227776.0,329880.0,1489088.0,387360.0,4.0,0.0,51.0,10.0,0.0,3770.0,0.0,5e-05,20000000.0,12277760.0,3298800.0,14890880.0,3873600.0,0.7,0.7309941520467836
263,263.0,1.0,160.0,44.0,116.0,26.16,38.0,12.0,26.0,25.58,4898824.0,1308520.0,2143280.0,598048.0,14.0,0.0,51.0,10.0,0.0,650.0,0.0,5e-05,20000000.0,48988240.0,13085200.0,21432800.0,5980480.0,0.725,0.6842105263157895
264,264.0,1.0,320.0,102.0,218.0,22.01,304.0,96.0,208.0,24.08,368656.0,104024.0,1066528.0,304104.0,2.0,0.0,51.0,10.0,0.0,4420.0,0.0,5e-05,20000000.0,3686560.0,1040240.0,10665280.0,3041040.0,0.68125,0.6842105263157895
265,265.0,1.0,290.0,87.0,203.0,24.38,95.0,28.0,67.0,25.58,3949992.0,1084208.0,2123920.0,574024.0,7.0,0.0,51.0,10.0,0.0,1520.0,0.0,5e-05,20000000.0,39499920.0,10842080.0,21239200.0,5740240.0,0.7,0.7052631578947368
266,266.0,1.0,160.0,43.0,117.0,23.08,38.0,10.0,28.0,22.74,3707064.0,1013968.0,1337328.0,364048.0,14.0,0.0,51.0,10.0,0.0,2670.0,0.0,5e-05,20000000.0,37070640.0,10139680.0,13373280.0,3640480.0,0.73125,0.7368421052631579
267,267.0,1.0,290.0,78.0,212.0,26.45,95.0,25.0,70.0,27.0,4764712.0,1263496.0,2320888.0,610760.0,7.0,0.0,51.0,10.0,0.0,1220.0,0.0,5e-05,20000000.0,47647120.0,12634960.0,23208880.0,6107600.0,0.7310344827586207,0.7368421052631579
268,268.0,1.0,320.0,100.0,220.0,19.32,304.0,110.0,194.0,19.04,273488.0,76888.0,775480.0,227816.0,2.0,0.0,51.0,10.0,0.0,4750.0,0.0,5e-05,20000000.0,2734880.0,768880.0,7754800.0,2278160.0,0.6875,0.6381578947368421
269,269.0,1.0,290.0,83.0,207.0,26.17,95.0,25.0,70.0,27.0,4696232.0,1284656.0,2320888.0,610760.0,7.0,0.0,51.0,10.0,0.0,430.0,0.0,5e-05,20000000.0,46962320.0,12846560.0,23208880.0,6107600.0,0.7137931034482758,0.7368421052631579
270,270.0,1.0,290.0,80.0,210.0,25.46,95.0,30.0,65.0,23.65,4223912.0,1147032.0,1946320.0,537736.0,7.0,0.0,51.0,10.0,0.0,2400.0,0.0,5e-05,20000000.0,42239120.0,11470320.0,19463200.0,5377360.0,0.7241379310344828,0.6842105263157895
271,271.0,1.0,320.0,80.0,240.0,26.6,304.0,93.0,211.0,25.58,487424.0,121856.0,1253320.0,347136.0,2.0,0.0,51.0,10.0,0.0,1590.0,0.0,5e-05,20000000.0,4874240.0,1218560.0,12533200.0,3471360.0,0.75,0.694078947368421
272,272.0,1.0,290.0,84.0,206.0,25.53,95.0,29.0,66.0,25.58,4439432.0,1199864.0,2177344.0,601168.0,7.0,0.0,51.0,10.0,0.0,1390.0,0.0,5e-05,20000000.0,44394320.0,11998640.0,21773440.0,6011680.0,0.7103448275862069,0.6947368421052632
273,273.0,1.0,320.0,80.0,240.0,26.3,304.0,95.0,209.0,24.52,494080.0,123520.0,1075920.0,304144.0,2.0,0.0,51.0,10.0,0.0,4710.0,0.0,5e-05,20000000.0,4940800.0,1235200.0,10759200.0,3041440.0,0.75,0.6875
274,274.0,1.0,320.0,80.0,240.0,26.6,304.0,80.0,224.0,27.0,487424.0,121856.0,1361920.0,358400.0,2.0,0.0,51.0,10.0,0.0,810.0,0.0,5e-05,20000000.0,4874240.0,1218560.0,13619200.0,3584000.0,0.75,0.7368421052631579
275,275.0,1.0,290.0,82.0,208.0,21.64,95.0,26.0,69.0,22.17,3008392.0,840488.0,1552480.0,429160.0,7.0,0.0,51.0,10.0,0.0,2920.0,0.0,5e-05,20000000.0,30083920.0,8404880.0,15524800.0,4291600.0,0.7172413793103448,0.7263157894736842
276,276.0,1.0,290.0,78.0,212.0,23.66,95.0,25.0,70.0,25.58,3514952.0,955336.0,1848216.0,492592.0,7.0,0.0,51.0,10.0,0.0,3350.0,0.0,5e-05,20000000.0,35149520.0,9553360.0,18482160.0,4925920.0,0.7310344827586207,0.7368421052631579
277,277.0,1.0,320.0,80.0,240.0,26.3,304.0,95.0,209.0,25.58,494080.0,123520.0,1279384.0,356096.0,2.0,0.0,51.0,10.0,0.0,1370.0,0.0,5e-05,20000000.0,4940800.0,1235200.0,12793840.0,3560960.0,0.75,0.6875
278,278.0,1.0,160.0,43.0,117.0,26.56,38.0,10.0,28.0,27.0,5355000.0,1425952.0,2258416.0,594320.0,14.0,0.0,51.0,10.0,0.0,380.0,0.0,5e-05,20000000.0,53550000.0,14259520.0,22584160.0,5943200.0,0.73125,0.7368421052631579
279,279.0,1.0,290.0,79.0,211.0,26.54,95.0,25.0,70.0,27.0,4764712.0,1281424.0,2320888.0,610760.0,7.0,0.0,51.0,10.0,0.0,1440.0,0.0,5e-05,20000000.0,47647120.0,12814240.0,23208880.0,6107600.0,0.7275862068965517,0.7368421052631579
280,280.0,1.0,290.0,77.0,213.0,23.86,95.0,26.0,69.0,22.45,3497832.0,903168.0,1552480.0,402904.0,7.0,0.0,51.0,10.0,0.0,3810.0,0.0,5e-05,20000000.0,34978320.0,9031680.0,15524800.0,4029040.0,0.7344827586206897,0.7263157894736842
281,281.0,1.0,320.0,105.0,215.0,20.06,304.0,113.0,191.0,18.26,337880.0,94512.0,727696.0,206504.0,2.0,0.0,51.0,10.0,0.0,4780.0,0.0,5e-05,20000000.0,3378800.0,945120.0,7276960.0,2065040.0,0.671875,0.6282894736842105
282,282.0,1.0,320.0,80.0,240.0,26.65,304.0,102.0,202.0,24.42,494080.0,123520.0,1179472.0,330984.0,2.0,0.0,51.0,10.0,0.0,1250.0,0.0,5e-05,20000000.0,4940800.0,1235200.0,11794720.0,3309840.0,0.75,0.6644736842105263
283,283.0,1.0,160.0,43.0,117.0,24.98,38.0,10.0,28.0,24.16,4491192.0,1210000.0,1337328.0,364048.0,14.0,0.0,51.0,10.0,0.0,4110.0,0.0,5e-05,20000000.0,44911920.0,12100000.0,13373280.0,3640480.0,0.73125,0.7368421052631579
284,284.0,1.0,290.0,79.0,211.0,25.68,95.0,25.0,70.0,24.53,4377992.0,1180464.0,1848216.0,492592.0,7.0,0.0,51.0,10.0,0.0,2820.0,0.0,5e-05,20000000.0,43779920.0,11804640.0,18482160.0,4925920.0,0.7275862068965517,0.7368421052631579
285,285.0,1.0,320.0,111.0,209.0,20.11,304.0,95.0,209.0,21.85,322168.0,85424.0,967320.0,252368.0,2.0,0.0,51.0,10.0,0.0,4320.0,0.0,5e-05,20000000.0,3221680.0,854240.0,9673200.0,2523680.0,0.653125,0.6875
286,286.0,1.0,160.0,43.0,117.0,25.94,38.0,10.0,28.0,25.63,4764776.0,1268408.0,1806768.0,481408.0,14.0,0.0,51.0,10.0,0.0,1900.0,0.0,5e-05,20000000.0,47647760.0,12684080.0,18067680.0,4814080.0,0.73125,0.7368421052631579
287,287.0,1.0,320.0,93.0,227.0,24.25,304.0,112.0,192.0,21.87,453880.0,119528.0,1005712.0,280216.0,2.0,0.0,51.0,10.0,0.0,2020.0,0.0,5e-05,20000000.0,4538800.0,1195280.0,10057120.0,2802160.0,0.709375,0.631578947368421
288,288.0,1.0,320.0,80.0,240.0,26.54,171.0,45.0,126.0,27.0,1942144.0,485536.0,1975848.0,519960.0,4.0,0.0,51.0,10.0,0.0,1860.0,0.0,5e-05,20000000.0,19421440.0,4855360.0,19758480.0,5199600.0,0.75,0.7368421052631579
289,289.0,1.0,160.0,43.0,117.0,23.67,38.0,10.0,28.0,27.0,3504400.0,913896.0,2258416.0,594320.0,14.0,0.0,51.0,10.0,0.0,4870.0,0.0,5e-05,20000000.0,35044000.0,9138960.0,22584160.0,5943200.0,0.73125,0.7368421052631579
290,290.0,1.0,320.0,80.0,240.0,26.65,304.0,80.0,224.0,27.0,494080.0,123520.0,1361920.0,358400.0,2.0,0.0,51.0,10.0,0.0,360.0,0.0,5e-05,20000000.0,4940800.0,1235200.0,13619200.0,3584000.0,0.75,0.7368421052631579
291,291.0,1.0,160.0,43.0,117.0,23.46,38.0,10.0,28.0,22.74,4185856.0,1123872.0,1797872.0,479184.0,14.0,0.0,51.0,10.0,0.0,3630.0,0.0,5e-05,20000000.0,41858560.0,11238720.0,17978720.0,4791840.0,0.73125,0.7368421052631579
292,292.0,1.0,320.0,109.0,211.0,21.93,304.0,98.0,206.0,22.99,355792.0,104472.0,1010056.0,291344.0,2.0,0.0,51.0,10.0,0.0,4310.0,0.0,5e-05,20000000.0,3557920.0,1044720.0,10100560.0,2913440.0,0.659375,0.6776315789473685
293,293.0,1.0,320.0,80.0,240.0,26.48,171.0,52.0,119.0,25.58,1915904.0,478976.0,1822576.0,496104.0,4.0,0.0,51.0,10.0,0.0,1550.0,0.0,5e-05,20000000.0,19159040.0,4789760.0,18225760.0,4961040.0,0.75,0.695906432748538
294,294.0,1.0,320.0,88.0,232.0,25.08,171.0,45.0,126.0,25.0,1665488.0,430960.0,1581384.0,421344.0,4.0,0.0,51.0,10.0,0.0,2900.0,0.0,5e-05,20000000.0,16654880.0,4309600.0,15813840.0,4213440.0,0.725,0.7368421052631579
295,295.0,1.0,290.0,78.0,212.0,26.59,95.0,25.0,70.0,27.0,4720392.0,1265256.0,2320888.0,610760.0,7.0,0.0,51.0,10.0,0.0,660.0,0.0,5e-05,20000000.0,47203920.0,12652560.0,23208880.0,6107600.0,0.7310344827586207,0.7368421052631579
296,296.0,1.0,160.0,46.0,114.0,24.45,38.0,12.0,26.0,23.45,4371920.0,1174480.0,1682736.0,482912.0,14.0,0.0,51.0,10.0,0.0,1120.0,0.0,5e-05,20000000.0,43719200.0,11744800.0,16827360.0,4829120.0,0.7125,0.6842105263157895
297,297.0,1.0,320.0,80.0,240.0,26.48,171.0,45.0,126.0,27.0,1915904.0,478976.0,1975848.0,519960.0,4.0,0.0,51.0,10.0,0.0,1620.0,0.0,5e-05,20000000.0,19159040.0,4789760.0,19758480.0,5199600.0,0.75,0.7368421052631579
298,298.0,1.0,320.0,93.0,227.0,24.07,171.0,45.0,126.0,27.0,1570048.0,415184.0,1975848.0,519960.0,4.0,0.0,51.0,10.0,0.0,2980.0,0.0,5e-05,20000000.0,15700480.0,4151840.0,19758480.0,5199600.0,0.709375,0.7368421052631579
299,299.0,1.0,320.0,80.0,240.0,26.41,171.0,51.0,120.0,23.01,1880192.0,470048.0,1249536.0,335760.0,4.0,0.0,51.0,10.0,0.0,3610.0,0.0,5e-05,20000000.0,18801920.0,4700480.0,12495360.0,3357600.0,0.75,0.7017543859649122
300,300.0,1.0,160.0,43.0,117.0,23.55,38.0,10.0,28.0,22.74,3816840.0,1031424.0,1337328.0,364048.0,14.0,0.0,51.0,10.0,0.0,3510.0,0.0,5e-05,20000000.0,38168400.0,10314240.0,13373280.0,3640480.0,0.73125,0.7368421052631579
301,301.0,1.0,320.0,90.0,230.0,23.21,171.0,54.0,117.0,21.65,1376408.0,351824.0,1393392.0,386880.0,4.0,0.0,51.0,10.0,0.0,3970.0,0.0,5e-05,20000000.0,13764080.0,3518240.0,13933920.0,3868800.0,0.71875,0.6842105263157895
302,302.0,1.0,320.0,93.0,227.0,25.15,304.0,80.0,224.0,27.0,439544.0,115944.0,1361920.0,358400.0,2.0,0.0,51.0,10.0,0.0,2320.0,0.0,5e-05,20000000.0,4395440.0,1159440.0,13619200.0,3584000.0,0.709375,0.7368421052631579
303,303.0,1.0,160.0,43.0,117.0,19.99,38.0,10.0,28.0,21.32,3190248.0,874776.0,1337328.0,364048.0,14.0,0.0,51.0,10.0,0.0,4930.0,0.0,5e-05,20000000.0,31902480.0,8747760.0,13373280.0,3640480.0,0.73125,0.7368421052631579
304,304.0,1.0,320.0,80.0,240.0,26.2,304.0,109.0,195.0,24.25,487424.0,121856.0,1201192.0,353656.0,2.0,0.0,51.0,10.0,0.0,680.0,0.0,5e-05,20000000.0,4874240.0,1218560.0,12011920.0,3536560.0,0.75,0.6414473684210527
305,305.0,1.0,320.0,80.0,240.0,26.65,304.0,80.0,224.0,27.0,494080.0,123520.0,1361920.0,358400.0,2.0,0.0,51.0,10.0,0.0,1980.0,0.0,5e-05,20000000.0,4940800.0,1235200.0,13619200.0,3584000.0,0.75,0.7368421052631579
306,306.0,1.0,320.0,90.0,230.0,23.58,171.0,53.0,118.0,21.88,1396624.0,359664.0,1435392.0,386152.0,4.0,0.0,51.0,10.0,0.0,3460.0,0.0,5e-05,20000000.0,13966240.0,3596640.0,14353920.0,3861520.0,0.71875,0.6900584795321637
307,307.0,1.0,320.0,85.0,235.0,24.78,171.0,58.0,113.0,17.71,1620304.0,412944.0,757672.0,206976.0,4.0,0.0,51.0,10.0,0.0,3720.0,0.0,5e-05,20000000.0,16203040.0,4129440.0,7576720.0,2069760.0,0.734375,0.6608187134502924
308,308.0,1.0,290.0,78.0,212.0,24.64,95.0,25.0,70.0,24.52,3984232.0,1076936.0,1848216.0,492592.0,7.0,0.0,51.0,10.0,0.0,2880.0,0.0,5e-05,20000000.0,39842320.0,10769360.0,18482160.0,4925920.0,0.7310344827586207,0.7368421052631579
309,309.0,1.0,160.0,43.0,117.0,22.51,38.0,10.0,28.0,24.26,3504624.0,913952.0,1797872.0,479184.0,14.0,0.0,51.0,10.0,0.0,4660.0,0.0,5e-05,20000000.0,35046240.0,9139520.0,17978720.0,4791840.0,0.73125,0.7368421052631579
310,310.0,1.0,290.0,78.0,212.0,23.23,95.0,25.0,70.0,21.34,3583432.0,972456.0,1375544.0,374424.0,7.0,0.0,51.0,10.0,0.0,4400.0,0.0,5e-05,20000000.0,35834320.0,9724560.0,13755440.0,3744240.0,0.7310344827586207,0.7368421052631579
311,311.0,1.0,160.0,43.0,117.0,26.56,38.0,10.0,28.0,27.0,5355000.0,1425952.0,2258416.0,594320.0,14.0,0.0,51.0,10.0,0.0,550.0,0.0,5e-05,20000000.0,53550000.0,14259520.0,22584160.0,5943200.0,0.73125,0.7368421052631579
312,312.0,1.0,160.0,43.0,117.0,21.85,38.0,10.0,28.0,22.74,3410464.0,895624.0,1452464.0,364048.0,14.0,0.0,51.0,10.0,0.0,4970.0,0.0,5e-05,20000000.0,34104640.0,8956240.0,14524640.0,3640480.0,0.73125,0.7368421052631579
313,313.0,1.0,160.0,44.0,116.0,26.13,38.0,12.0,26.0,25.58,5395728.0,1447728.0,2143280.0,598048.0,14.0,0.0,51.0,10.0,0.0,340.0,0.0,5e-05,20000000.0,53957280.0,14477280.0,21432800.0,5980480.0,0.725,0.6842105263157895
314,314.0,1.0,320.0,92.0,228.0,24.81,304.0,80.0,224.0,27.0,434720.0,114272.0,1361920.0,358400.0,2.0,0.0,51.0,10.0,0.0,2220.0,0.0,5e-05,20000000.0,4347200.0,1142720.0,13619200.0,3584000.0,0.7125,0.7368421052631579
315,315.0,1.0,320.0,88.0,232.0,24.72,171.0,51.0,120.0,23.38,1664624.0,430960.0,1355872.0,362344.0,4.0,0.0,51.0,10.0,0.0,2730.0,0.0,5e-05,20000000.0,16646240.0,4309600.0,13558720.0,3623440.0,0.725,0.7017543859649122
316,316.0,1.0,320.0,92.0,228.0,25.25,304.0,92.0,212.0,25.58,442400.0,116192.0,1240288.0,342656.0,2.0,0.0,51.0,10.0,0.0,2890.0,0.0,5e-05,20000000.0,4424000.0,1161920.0,12402880.0,3426560.0,0.7125,0.6973684210526315
317,317.0,1.0,320.0,106.0,214.0,23.05,304.0,91.0,213.0,25.58,384736.0,105888.0,1248976.0,338176.0,2.0,0.0,51.0,10.0,0.0,3230.0,0.0,5e-05,20000000.0,3847360.0,1058880.0,12489760.0,3381760.0,0.66875,0.7006578947368421
318,318.0,1.0,320.0,83.0,237.0,23.82,171.0,45.0,126.0,25.63,1513560.0,383480.0,1581384.0,421344.0,4.0,0.0,51.0,10.0,0.0,4450.0,0.0,5e-05,20000000.0,15135600.0,3834800.0,15813840.0,4213440.0,0.740625,0.7368421052631579
319,319.0,1.0,320.0,101.0,219.0,24.11,171.0,51.0,120.0,25.58,1575368.0,429472.0,1727792.0,473432.0,4.0,0.0,51.0,10.0,0.0,1460.0,0.0,5e-05,20000000.0,15753680.0,4294720.0,17277920.0,4734320.0,0.684375,0.7017543859649122
320,320.0,1.0,160.0,43.0,117.0,22.59,38.0,10.0,28.0,21.42,3703800.0,1013152.0,1337328.0,364048.0,14.0,0.0,51.0,10.0,0.0,4380.0,0.0,5e-05,20000000.0,37038000.0,10131520.0,13373280.0,3640480.0,0.73125,0.7368421052631579
321,321.0,1.0,320.0,80.0,240.0,26.65,304.0,103.0,201.0,23.54,494080.0,123520.0,1114312.0,292024.0,2.0,0.0,51.0,10.0,0.0,1310.0,0.0,5e-05,20000000.0,4940800.0,1235200.0,11143120.0,2920240.0,0.75,0.6611842105263158
322,322.0,1.0,320.0,80.0,240.0,26.56,171.0,45.0,126.0,27.0,1942144.0,485536.0,1975848.0,519960.0,4.0,0.0,51.0,10.0,0.0,350.0,0.0,5e-05,20000000.0,19421440.0,4855360.0,19758480.0,5199600.0,0.75,0.7368421052631579
323,323.0,1.0,320.0,100.0,220.0,23.95,304.0,92.0,212.0,25.58,416896.0,111936.0,1257664.0,342656.0,2.0,0.0,51.0,10.0,0.0,2970.0,0.0,5e-05,20000000.0,4168960.0,1119360.0,12576640.0,3426560.0,0.6875,0.6973684210526315
324,324.0,1.0,320.0,84.0,236.0,24.87,171.0,45.0,126.0,27.0,1555256.0,395784.0,1975848.0,519960.0,4.0,0.0,51.0,10.0,0.0,4160.0,0.0,5e-05,20000000.0,15552560.0,3957840.0,19758480.0,5199600.0,0.7375,0.7368421052631579
325,325.0,1.0,320.0,80.0,240.0,26.5,304.0,112.0,192.0,24.16,479744.0,119936.0,1222912.0,362752.0,2.0,0.0,51.0,10.0,0.0,200.0,0.0,5e-05,20000000.0,4797440.0,1199360.0,12229120.0,3627520.0,0.75,0.631578947368421
326,326.0,1.0,320.0,93.0,227.0,19.4,171.0,47.0,124.0,22.45,1045960.0,271208.0,1337312.0,356272.0,4.0,0.0,51.0,10.0,0.0,4610.0,0.0,5e-05,20000000.0,10459600.0,2712080.0,13373120.0,3562720.0,0.709375,0.7251461988304093
327,327.0,1.0,320.0,100.0,220.0,20.41,304.0,105.0,199.0,19.7,326848.0,92640.0,766792.0,240168.0,2.0,0.0,51.0,10.0,0.0,4720.0,0.0,5e-05,20000000.0,3268480.0,926400.0,7667920.0,2401680.0,0.6875,0.6546052631578947
328,328.0,1.0,320.0,80.0,240.0,26.54,171.0,45.0,126.0,27.0,1942144.0,485536.0,1975848.0,519960.0,4.0,0.0,51.0,10.0,0.0,990.0,0.0,5e-05,20000000.0,19421440.0,4855360.0,19758480.0,5199600.0,0.75,0.7368421052631579
329,329.0,1.0,320.0,80.0,240.0,26.21,171.0,52.0,119.0,25.58,1942144.0,485536.0,1659848.0,459720.0,4.0,0.0,51.0,10.0,0.0,1020.0,0.0,5e-05,20000000.0,19421440.0,4855360.0,16598480.0,4597200.0,0.75,0.695906432748538
330,330.0,1.0,320.0,80.0,240.0,26.6,304.0,80.0,224.0,27.0,487424.0,121856.0,1361920.0,358400.0,2.0,0.0,51.0,10.0,0.0,2470.0,0.0,5e-05,20000000.0,4874240.0,1218560.0,13619200.0,3584000.0,0.75,0.7368421052631579
331,331.0,1.0,320.0,95.0,225.0,21.41,171.0,51.0,120.0,22.65,1231408.0,335016.0,1105360.0,305128.0,4.0,0.0,51.0,10.0,0.0,4380.0,0.0,5e-05,20000000.0,12314080.0,3350160.0,11053600.0,3051280.0,0.703125,0.7017543859649122
332,332.0,1.0,320.0,103.0,217.0,23.2,304.0,97.0,207.0,24.64,404168.0,113368.0,1227256.0,343336.0,2.0,0.0,51.0,10.0,0.0,2300.0,0.0,5e-05,20000000.0,4041680.0,1133680.0,12272560.0,3433360.0,0.678125,0.680921052631579
333,333.0,1.0,160.0,44.0,116.0,26.26,38.0,10.0,28.0,27.0,4901440.0,1308520.0,2258416.0,594320.0,14.0,0.0,51.0,10.0,0.0,1730.0,0.0,5e-05,20000000.0,49014400.0,13085200.0,22584160.0,5943200.0,0.725,0.7368421052631579
334,334.0,1.0,320.0,91.0,229.0,24.85,304.0,105.0,199.0,23.4,437576.0,114520.0,1105624.0,322704.0,2.0,0.0,51.0,10.0,0.0,2720.0,0.0,5e-05,20000000.0,4375760.0,1145200.0,11056240.0,3227040.0,0.715625,0.6546052631578947
335,335.0,1.0,320.0,90.0,230.0,19.12,171.0,56.0,115.0,15.19,1330448.0,347040.0,828032.0,232696.0,4.0,0.0,51.0,10.0,0.0,4010.0,0.0,5e-05,20000000.0,13304480.0,3470400.0,8280320.0,2326960.0,0.71875,0.672514619883041
336,336.0,1.0,320.0,105.0,215.0,21.82,171.0,56.0,115.0,23.4,1383792.0,372208.0,1425072.0,386448.0,4.0,0.0,51.0,10.0,0.0,2480.0,0.0,5e-05,20000000.0,13837920.0,3722080.0,14250720.0,3864480.0,0.671875,0.672514619883041
337,337.0,1.0,290.0,81.0,209.0,26.17,95.0,25.0,70.0,27.0,4593512.0,1248800.0,2320888.0,610760.0,7.0,0.0,51.0,10.0,0.0,1070.0,0.0,5e-05,20000000.0,45935120.0,12488000.0,23208880.0,6107600.0,0.7206896551724138,0.7368421052631579
338,338.0,1.0,160.0,44.0,116.0,25.66,38.0,10.0,28.0,27.0,4743528.0,1284024.0,2258416.0,594320.0,14.0,0.0,51.0,10.0,0.0,2190.0,0.0,5e-05,20000000.0,47435280.0,12840240.0,22584160.0,5943200.0,0.725,0.7368421052631579
339,339.0,1.0,160.0,43.0,117.0,24.89,38.0,10.0,28.0,24.26,4290824.0,1149920.0,1797872.0,479184.0,14.0,0.0,51.0,10.0,0.0,2880.0,0.0,5e-05,20000000.0,42908240.0,11499200.0,17978720.0,4791840.0,0.73125,0.7368421052631579
340,340.0,1.0,320.0,80.0,240.0,26.56,171.0,45.0,126.0,27.0,1942144.0,485536.0,1975848.0,519960.0,4.0,0.0,51.0,10.0,0.0,410.0,0.0,5e-05,20000000.0,19421440.0,4855360.0,19758480.0,5199600.0,0.75,0.7368421052631579
341,341.0,1.0,160.0,43.0,117.0,26.26,38.0,10.0,28.0,25.58,4764808.0,1268416.0,1797872.0,479184.0,14.0,0.0,51.0,10.0,0.0,1610.0,0.0,5e-05,20000000.0,47648080.0,12684160.0,17978720.0,4791840.0,0.73125,0.7368421052631579
342,342.0,1.0,320.0,80.0,240.0,26.65,304.0,80.0,224.0,25.63,494080.0,123520.0,1089536.0,290304.0,2.0,0.0,51.0,10.0,0.0,1100.0,0.0,5e-05,20000000.0,4940800.0,1235200.0,10895360.0,2903040.0,0.75,0.7368421052631579
343,343.0,1.0,320.0,80.0,240.0,26.56,171.0,55.0,116.0,24.63,1942144.0,485536.0,1579456.0,448280.0,4.0,0.0,51.0,10.0,0.0,1950.0,0.0,5e-05,20000000.0,19421440.0,4855360.0,15794560.0,4482800.0,0.75,0.6783625730994152
344,344.0,1.0,160.0,43.0,117.0,22.94,38.0,10.0,28.0,21.32,3761960.0,953680.0,1452464.0,364048.0,14.0,0.0,51.0,10.0,0.0,3910.0,0.0,5e-05,20000000.0,37619600.0,9536800.0,14524640.0,3640480.0,0.73125,0.7368421052631579
345,345.0,1.0,160.0,44.0,116.0,25.76,38.0,10.0,28.0,24.16,4722080.0,1249328.0,1452464.0,364048.0,14.0,0.0,51.0,10.0,0.0,1810.0,0.0,5e-05,20000000.0,47220800.0,12493280.0,14524640.0,3640480.0,0.725,0.7368421052631579
346,346.0,1.0,320.0,80.0,240.0,26.15,171.0,52.0,119.0,24.8,1915904.0,478976.0,1570112.0,433136.0,4.0,0.0,51.0,10.0,0.0,1710.0,0.0,5e-05,20000000.0,19159040.0,4789760.0,15701120.0,4331360.0,0.75,0.695906432748538
347,347.0,1.0,290.0,84.0,206.0,22.67,95.0,26.0,69.0,24.44,3350792.0,910584.0,1653984.0,428280.0,7.0,0.0,51.0,10.0,0.0,2840.0,0.0,5e-05,20000000.0,33507920.0,9105840.0,16539840.0,4282800.0,0.7103448275862069,0.7263157894736842
348,348.0,1.0,320.0,88.0,232.0,22.47,171.0,54.0,117.0,20.71,1507248.0,383344.0,1100312.0,296736.0,4.0,0.0,51.0,10.0,0.0,3390.0,0.0,5e-05,20000000.0,15072480.0,3833440.0,11003120.0,2967360.0,0.725,0.6842105263157895
349,349.0,1.0,290.0,81.0,209.0,24.98,95.0,25.0,70.0,27.0,4377992.0,1130720.0,2320888.0,610760.0,7.0,0.0,51.0,10.0,0.0,2580.0,0.0,5e-05,20000000.0,43779920.0,11307200.0,23208880.0,6107600.0,0.7206896551724138,0.7368421052631579
350,350.0,1.0,320.0,80.0,240.0,26.5,171.0,45.0,126.0,27.0,1915904.0,478976.0,1975848.0,519960.0,4.0,0.0,51.0,10.0,0.0,740.0,0.0,5e-05,20000000.0,19159040.0,4789760.0,19758480.0,5199600.0,0.75,0.7368421052631579
351,351.0,1.0,160.0,47.0,113.0,25.66,38.0,10.0,28.0,27.0,4983672.0,1353872.0,2258416.0,594320.0,14.0,0.0,51.0,10.0,0.0,730.0,0.0,5e-05,20000000.0,49836720.0,13538720.0,22584160.0,5943200.0,0.70625,0.7368421052631579
352,352.0,1.0,290.0,86.0,204.0,23.9,95.0,27.0,68.0,23.4,4035592.0,1083400.0,1836864.0,481680.0,7.0,0.0,51.0,10.0,0.0,1750.0,0.0,5e-05,20000000.0,40355920.0,10834000.0,18368640.0,4816800.0,0.7034482758620689,0.7157894736842105
353,353.0,1.0,320.0,92.0,228.0,24.15,171.0,53.0,118.0,24.79,1463800.0,376624.0,1624824.0,443368.0,4.0,0.0,51.0,10.0,0.0,2750.0,0.0,5e-05,20000000.0,14638000.0,3766240.0,16248240.0,4433680.0,0.7125,0.6900584795321637
354,354.0,1.0,290.0,78.0,212.0,24.64,95.0,26.0,69.0,23.59,3771752.0,972456.0,1603232.0,415592.0,7.0,0.0,51.0,10.0,0.0,3780.0,0.0,5e-05,20000000.0,37717520.0,9724560.0,16032320.0,4155920.0,0.7310344827586207,0.7263157894736842
355,355.0,1.0,290.0,77.0,213.0,22.68,95.0,26.0,69.0,22.8,3617672.0,971648.0,1501728.0,416472.0,7.0,0.0,51.0,10.0,0.0,4340.0,0.0,5e-05,20000000.0,36176720.0,9716480.0,15017280.0,4164720.0,0.7344827586206897,0.7263157894736842
356,356.0,1.0,320.0,91.0,229.0,25.06,171.0,45.0,126.0,27.0,1602536.0,420528.0,1975848.0,519960.0,4.0,0.0,51.0,10.0,0.0,2070.0,0.0,5e-05,20000000.0,16025360.0,4205280.0,19758480.0,5199600.0,0.715625,0.7368421052631579
357,357.0,1.0,320.0,80.0,240.0,26.2,304.0,104.0,200.0,23.62,487424.0,121856.0,1057840.0,309536.0,2.0,0.0,51.0,10.0,0.0,1680.0,0.0,5e-05,20000000.0,4874240.0,1218560.0,10578400.0,3095360.0,0.75,0.6578947368421053
358,358.0,1.0,290.0,78.0,212.0,26.59,95.0,25.0,70.0,27.0,4720392.0,1265256.0,2320888.0,610760.0,7.0,0.0,51.0,10.0,0.0,240.0,0.0,5e-05,20000000.0,47203920.0,12652560.0,23208880.0,6107600.0,0.7310344827586207,0.7368421052631579
359,359.0,1.0,320.0,87.0,233.0,22.75,171.0,51.0,120.0,23.23,1474160.0,378784.0,1419680.0,385880.0,4.0,0.0,51.0,10.0,0.0,4970.0,0.0,5e-05,20000000.0,14741600.0,3787840.0,14196800.0,3858800.0,0.728125,0.7017543859649122
360,360.0,1.0,160.0,43.0,117.0,24.78,38.0,10.0,28.0,27.0,3989976.0,1084696.0,2258416.0,594320.0,14.0,0.0,51.0,10.0,0.0,4140.0,0.0,5e-05,20000000.0,39899760.0,10846960.0,22584160.0,5943200.0,0.73125,0.7368421052631579
361,361.0,1.0,160.0,43.0,117.0,26.5,38.0,10.0,28.0,27.0,5078216.0,1346768.0,2258416.0,594320.0,14.0,0.0,51.0,10.0,0.0,10.0,0.0,5e-05,20000000.0,50782160.0,13467680.0,22584160.0,5943200.0,0.73125,0.7368421052631579
362,362.0,1.0,320.0,94.0,226.0,23.32,171.0,57.0,114.0,24.16,1348216.0,356200.0,1504344.0,435704.0,4.0,0.0,51.0,10.0,0.0,3100.0,0.0,5e-05,20000000.0,13482160.0,3562000.0,15043440.0,4357040.0,0.70625,0.6666666666666666
363,363.0,1.0,320.0,86.0,234.0,21.4,171.0,50.0,121.0,20.63,1178224.0,302056.0,1241496.0,330776.0,4.0,0.0,51.0,10.0,0.0,4790.0,0.0,5e-05,20000000.0,11782240.0,3020560.0,12414960.0,3307760.0,0.73125,0.7076023391812866
364,364.0,1.0,320.0,88.0,232.0,23.75,171.0,45.0,126.0,27.0,1344880.0,350376.0,1975848.0,519960.0,4.0,0.0,51.0,10.0,0.0,4270.0,0.0,5e-05,20000000.0,13448800.0,3503760.0,19758480.0,5199600.0,0.725,0.7368421052631579
365,365.0,1.0,320.0,80.0,240.0,26.6,304.0,110.0,194.0,24.18,487424.0,121856.0,1214224.0,358136.0,2.0,0.0,51.0,10.0,0.0,600.0,0.0,5e-05,20000000.0,4874240.0,1218560.0,12142240.0,3581360.0,0.75,0.6381578947368421
366,366.0,1.0,320.0,80.0,240.0,26.65,304.0,80.0,224.0,27.0,494080.0,123520.0,1361920.0,358400.0,2.0,0.0,51.0,10.0,0.0,220.0,0.0,5e-05,20000000.0,4940800.0,1235200.0,13619200.0,3584000.0,0.75,0.7368421052631579
367,367.0,1.0,320.0,80.0,240.0,26.42,171.0,58.0,113.0,23.53,1915904.0,478976.0,1463504.0,387312.0,4.0,0.0,51.0,10.0,0.0,1510.0,0.0,5e-05,20000000.0,19159040.0,4789760.0,14635040.0,3873120.0,0.75,0.6608187134502924
368,368.0,1.0,160.0,45.0,115.0,25.26,38.0,10.0,28.0,25.58,4333128.0,1152800.0,1913008.0,479184.0,14.0,0.0,51.0,10.0,0.0,1940.0,0.0,5e-05,20000000.0,43331280.0,11528000.0,19130080.0,4791840.0,0.71875,0.7368421052631579
369,369.0,1.0,160.0,44.0,116.0,26.03,38.0,11.0,27.0,25.58,5118944.0,1368544.0,1970576.0,538616.0,14.0,0.0,51.0,10.0,0.0,670.0,0.0,5e-05,20000000.0,51189440.0,13685440.0,19705760.0,5386160.0,0.725,0.7105263157894737
370,370.0,1.0,160.0,43.0,117.0,23.68,38.0,10.0,28.0,25.58,3996168.0,1032256.0,1913008.0,479184.0,14.0,0.0,51.0,10.0,0.0,3230.0,0.0,5e-05,20000000.0,39961680.0,10322560.0,19130080.0,4791840.0,0.73125,0.7368421052631579
371,371.0,1.0,290.0,78.0,212.0,26.4,95.0,25.0,70.0,27.0,4583432.0,1231016.0,2320888.0,610760.0,7.0,0.0,51.0,10.0,0.0,3850.0,0.0,5e-05,20000000.0,45834320.0,12310160.0,23208880.0,6107600.0,0.7310344827586207,0.7368421052631579
372,372.0,1.0,320.0,102.0,218.0,24.2,304.0,94.0,210.0,25.58,420112.0,113672.0,1275040.0,351616.0,2.0,0.0,51.0,10.0,0.0,1970.0,0.0,5e-05,20000000.0,4201120.0,1136720.0,12750400.0,3516160.0,0.68125,0.6907894736842105
373,373.0,1.0,320.0,94.0,226.0,22.03,171.0,53.0,118.0,23.37,1440616.0,368912.0,1213104.0,341672.0,4.0,0.0,51.0,10.0,0.0,3510.0,0.0,5e-05,20000000.0,14406160.0,3689120.0,12131040.0,3416720.0,0.70625,0.6900584795321637
374,374.0,1.0,320.0,80.0,240.0,26.08,171.0,54.0,117.0,23.53,1915904.0,478976.0,1223904.0,360000.0,4.0,0.0,51.0,10.0,0.0,2710.0,0.0,5e-05,20000000.0,19159040.0,4789760.0,12239040.0,3600000.0,0.75,0.6842105263157895
375,375.0,1.0,320.0,80.0,240.0,26.65,304.0,80.0,224.0,27.0,494080.0,123520.0,1361920.0,358400.0,2.0,0.0,51.0,10.0,0.0,520.0,0.0,5e-05,20000000.0,4940800.0,1235200.0,13619200.0,3584000.0,0.75,0.7368421052631579
376,376.0,1.0,160.0,43.0,117.0,22.38,38.0,10.0,28.0,27.0,3664624.0,973976.0,2258416.0,594320.0,14.0,0.0,51.0,10.0,0.0,4990.0,0.0,5e-05,20000000.0,36646240.0,9739760.0,22584160.0,5943200.0,0.73125,0.7368421052631579
377,377.0,1.0,320.0,80.0,240.0,26.41,171.0,63.0,108.0,24.16,1880192.0,470048.0,1774456.0,526552.0,4.0,0.0,51.0,10.0,0.0,200.0,0.0,5e-05,20000000.0,18801920.0,4700480.0,17744560.0,5265520.0,0.75,0.631578947368421
378,378.0,1.0,290.0,85.0,205.0,25.15,95.0,28.0,67.0,25.58,4165512.0,1132192.0,2124832.0,574024.0,7.0,0.0,51.0,10.0,0.0,1970.0,0.0,5e-05,20000000.0,41655120.0,11321920.0,21248320.0,5740240.0,0.7068965517241379,0.7052631578947368
379,379.0,1.0,320.0,80.0,240.0,26.65,304.0,80.0,224.0,27.0,494080.0,123520.0,1361920.0,358400.0,2.0,0.0,51.0,10.0,0.0,470.0,0.0,5e-05,20000000.0,4940800.0,1235200.0,13619200.0,3584000.0,0.75,0.7368421052631579
380,380.0,1.0,290.0,78.0,212.0,21.13,95.0,25.0,70.0,21.68,3162472.0,854376.0,1375544.0,374424.0,7.0,0.0,51.0,10.0,0.0,4730.0,0.0,5e-05,20000000.0,31624720.0,8543760.0,13755440.0,3744240.0,0.7310344827586207,0.7368421052631579
381,381.0,1.0,160.0,43.0,117.0,23.78,38.0,10.0,28.0,21.63,4177176.0,1131496.0,1337328.0,364048.0,14.0,0.0,51.0,10.0,0.0,2720.0,0.0,5e-05,20000000.0,41771760.0,11314960.0,13373280.0,3640480.0,0.73125,0.7368421052631579
382,382.0,1.0,160.0,43.0,117.0,20.76,38.0,10.0,28.0,22.84,3349120.0,875680.0,1797872.0,479184.0,14.0,0.0,51.0,10.0,0.0,4320.0,0.0,5e-05,20000000.0,33491200.0,8756800.0,17978720.0,4791840.0,0.73125,0.7368421052631579
383,383.0,1.0,320.0,103.0,217.0,18.42,171.0,55.0,116.0,17.87,1195280.0,336064.0,855816.0,258848.0,4.0,0.0,51.0,10.0,0.0,3410.0,0.0,5e-05,20000000.0,11952800.0,3360640.0,8558160.0,2588480.0,0.678125,0.6783625730994152
384,384.0,1.0,320.0,100.0,220.0,22.95,304.0,102.0,202.0,21.76,405640.0,110328.0,988336.0,270168.0,2.0,0.0,51.0,10.0,0.0,3760.0,0.0,5e-05,20000000.0,4056400.0,1103280.0,9883360.0,2701680.0,0.6875,0.6644736842105263
385,385.0,1.0,160.0,43.0,117.0,24.68,38.0,10.0,28.0,24.16,4330616.0,1169856.0,1797872.0,479184.0,14.0,0.0,51.0,10.0,0.0,3110.0,0.0,5e-05,20000000.0,43306160.0,11698560.0,17978720.0,4791840.0,0.73125,0.7368421052631579
386,386.0,1.0,320.0,80.0,240.0,26.6,304.0,92.0,212.0,24.56,487424.0,121856.0,1170784.0,320936.0,2.0,0.0,51.0,10.0,0.0,4230.0,0.0,5e-05,20000000.0,4874240.0,1218560.0,11707840.0,3209360.0,0.75,0.6973684210526315
387,387.0,1.0,160.0,46.0,114.0,25.99,38.0,12.0,26.0,24.87,4999768.0,1351296.0,1913008.0,540480.0,14.0,0.0,51.0,10.0,0.0,710.0,0.0,5e-05,20000000.0,49997680.0,13512960.0,19130080.0,5404800.0,0.7125,0.6842105263157895
388,388.0,1.0,320.0,90.0,230.0,23.95,171.0,50.0,121.0,25.58,1496432.0,385408.0,1769408.0,468952.0,4.0,0.0,51.0,10.0,0.0,2970.0,0.0,5e-05,20000000.0,14964320.0,3854080.0,17694080.0,4689520.0,0.71875,0.7076023391812866
389,389.0,1.0,320.0,89.0,231.0,25.3,304.0,80.0,224.0,27.0,434584.0,112840.0,1361920.0,358400.0,2.0,0.0,51.0,10.0,0.0,3980.0,0.0,5e-05,20000000.0,4345840.0,1128400.0,13619200.0,3584000.0,0.721875,0.7368421052631579
390,390.0,1.0,320.0,92.0,228.0,23.55,304.0,114.0,190.0,19.54,404032.0,106600.0,827608.0,228360.0,2.0,0.0,51.0,10.0,0.0,4400.0,0.0,5e-05,20000000.0,4040320.0,1066000.0,8276080.0,2283600.0,0.7125,0.625
391,391.0,1.0,160.0,43.0,117.0,24.28,38.0,10.0,28.0,25.58,4134344.0,1110800.0,1797872.0,479184.0,14.0,0.0,51.0,10.0,0.0,3310.0,0.0,5e-05,20000000.0,41343440.0,11108000.0,17978720.0,4791840.0,0.73125,0.7368421052631579
392,392.0,1.0,320.0,94.0,226.0,24.35,304.0,99.0,205.0,22.5,439408.0,116376.0,1053496.0,287136.0,2.0,0.0,51.0,10.0,0.0,3030.0,0.0,5e-05,20000000.0,4394080.0,1163760.0,10534960.0,2871360.0,0.70625,0.6743421052631579
393,393.0,1.0,320.0,80.0,240.0,25.8,304.0,110.0,194.0,19.76,487424.0,121856.0,732040.0,236504.0,2.0,0.0,51.0,10.0,0.0,5000.0,0.0,5e-05,20000000.0,4874240.0,1218560.0,7320400.0,2365040.0,0.75,0.6381578947368421
394,394.0,1.0,160.0,43.0,117.0,21.28,38.0,10.0,28.0,18.47,3309712.0,894848.0,1337328.0,364048.0,14.0,0.0,51.0,10.0,0.0,4670.0,0.0,5e-05,20000000.0,33097120.0,8948480.0,13373280.0,3640480.0,0.73125,0.7368421052631579
395,395.0,1.0,290.0,80.0,210.0,25.04,95.0,25.0,70.0,25.58,3864392.0,1027192.0,1848216.0,492592.0,7.0,0.0,51.0,10.0,0.0,2750.0,0.0,5e-05,20000000.0,38643920.0,10271920.0,18482160.0,4925920.0,0.7241379310344828,0.7368421052631579
396,396.0,1.0,290.0,78.0,212.0,26.64,95.0,25.0,70.0,27.0,4781832.0,1280616.0,2320888.0,610760.0,7.0,0.0,51.0,10.0,0.0,410.0,0.0,5e-05,20000000.0,47818320.0,12806160.0,23208880.0,6107600.0,0.7310344827586207,0.7368421052631579
397,397.0,1.0,320.0,102.0,218.0,22.67,304.0,105.0,199.0,19.56,368656.0,100808.0,801544.0,222792.0,2.0,0.0,51.0,10.0,0.0,4520.0,0.0,5e-05,20000000.0,3686560.0,1008080.0,8015440.0,2227920.0,0.68125,0.6546052631578947
398,398.0,1.0,320.0,94.0,226.0,25.3,304.0,80.0,224.0,27.0,458704.0,121200.0,1361920.0,358400.0,2.0,0.0,51.0,10.0,0.0,1090.0,0.0,5e-05,20000000.0,4587040.0,1212000.0,13619200.0,3584000.0,0.70625,0.7368421052631579
399,399.0,1.0,290.0,79.0,211.0,24.31,95.0,25.0,70.0,22.99,3463592.0,956144.0,1375544.0,374424.0,7.0,0.0,51.0,10.0,0.0,3210.0,0.0,5e-05,20000000.0,34635920.0,9561440.0,13755440.0,3744240.0,0.7275862068965517,0.7368421052631579
400,400.0,1.0,160.0,43.0,117.0,26.01,38.0,10.0,28.0,25.58,4841448.0,1287576.0,1797872.0,479184.0,14.0,0.0,51.0,10.0,0.0,1890.0,0.0,5e-05,20000000.0,48414480.0,12875760.0,17978720.0,4791840.0,0.73125,0.7368421052631579
401,401.0,1.0,320.0,80.0,240.0,25.95,304.0,112.0,192.0,23.84,494080.0,123520.0,1188160.0,354064.0,2.0,0.0,51.0,10.0,0.0,1000.0,0.0,5e-05,20000000.0,4940800.0,1235200.0,11881600.0,3540640.0,0.75,0.631578947368421
402,402.0,1.0,290.0,78.0,212.0,22.62,95.0,25.0,70.0,22.82,3360872.0,869736.0,1493712.0,374424.0,7.0,0.0,51.0,10.0,0.0,4390.0,0.0,5e-05,20000000.0,33608720.0,8697360.0,14937120.0,3744240.0,0.7310344827586207,0.7368421052631579
403,403.0,1.0,290.0,78.0,212.0,19.52,95.0,25.0,70.0,23.06,2922792.0,768776.0,1848216.0,492592.0,7.0,0.0,51.0,10.0,0.0,4240.0,0.0,5e-05,20000000.0,29227920.0,7687760.0,18482160.0,4925920.0,0.7310344827586207,0.7368421052631579
404,404.0,1.0,160.0,44.0,116.0,26.27,38.0,10.0,28.0,27.0,5356552.0,1408552.0,2258416.0,594320.0,14.0,0.0,51.0,10.0,0.0,1040.0,0.0,5e-05,20000000.0,53565520.0,14085520.0,22584160.0,5943200.0,0.725,0.7368421052631579
405,405.0,1.0,160.0,43.0,117.0,23.96,38.0,10.0,28.0,24.16,3960864.0,1033224.0,1452464.0,364048.0,14.0,0.0,51.0,10.0,0.0,3680.0,0.0,5e-05,20000000.0,39608640.0,10332240.0,14524640.0,3640480.0,0.73125,0.7368421052631579
406,406.0,1.0,320.0,97.0,223.0,23.69,171.0,54.0,117.0,24.17,1493552.0,401616.0,1614952.0,456944.0,4.0,0.0,51.0,10.0,0.0,2630.0,0.0,5e-05,20000000.0,14935520.0,4016160.0,16149520.0,4569440.0,0.696875,0.6842105263157895
407,407.0,1.0,320.0,94.0,226.0,25.25,304.0,94.0,210.0,25.41,452048.0,119536.0,1266352.0,351616.0,2.0,0.0,51.0,10.0,0.0,1630.0,0.0,5e-05,20000000.0,4520480.0,1195360.0,12663520.0,3516160.0,0.70625,0.6907894736842105
408,408.0,1.0,320.0,92.0,228.0,21.57,171.0,49.0,122.0,22.38,1280056.0,342088.0,1052600.0,286776.0,4.0,0.0,51.0,10.0,0.0,4370.0,0.0,5e-05,20000000.0,12800560.0,3420880.0,10526000.0,2867760.0,0.7125,0.7134502923976608
409,409.0,1.0,290.0,78.0,212.0,22.04,95.0,27.0,68.0,20.94,3213832.0,888616.0,1394944.0,403792.0,7.0,0.0,51.0,10.0,0.0,4220.0,0.0,5e-05,20000000.0,32138320.0,8886160.0,13949440.0,4037920.0,0.7310344827586207,0.7157894736842105
410,410.0,1.0,320.0,80.0,240.0,26.65,304.0,80.0,224.0,27.0,494080.0,123520.0,1361920.0,358400.0,2.0,0.0,51.0,10.0,0.0,110.0,0.0,5e-05,20000000.0,4940800.0,1235200.0,13619200.0,3584000.0,0.75,0.7368421052631579
411,411.0,1.0,320.0,80.0,240.0,26.65,304.0,110.0,194.0,20.91,494080.0,123520.0,966616.0,275600.0,2.0,0.0,51.0,10.0,0.0,3120.0,0.0,5e-05,20000000.0,4940800.0,1235200.0,9666160.0,2756000.0,0.75,0.6381578947368421
412,412.0,1.0,320.0,80.0,240.0,26.19,171.0,47.0,124.0,25.11,1942144.0,485536.0,1422704.0,378808.0,4.0,0.0,51.0,10.0,0.0,3740.0,0.0,5e-05,20000000.0,19421440.0,4855360.0,14227040.0,3788080.0,0.75,0.7251461988304093
413,413.0,1.0,320.0,92.0,228.0,25.15,304.0,80.0,224.0,27.0,434720.0,114272.0,1361920.0,358400.0,2.0,0.0,51.0,10.0,0.0,2330.0,0.0,5e-05,20000000.0,4347200.0,1142720.0,13619200.0,3584000.0,0.7125,0.7368421052631579
414,414.0,1.0,320.0,98.0,222.0,22.28,304.0,98.0,206.0,23.47,367048.0,102160.0,1092592.0,313064.0,2.0,0.0,51.0,10.0,0.0,4970.0,0.0,5e-05,20000000.0,3670480.0,1021600.0,10925920.0,3130640.0,0.69375,0.6776315789473685
415,415.0,1.0,290.0,79.0,211.0,22.35,95.0,34.0,61.0,21.13,3549192.0,905592.0,1617680.0,501464.0,7.0,0.0,51.0,10.0,0.0,3000.0,0.0,5e-05,20000000.0,35491920.0,9055920.0,16176800.0,5014640.0,0.7275862068965517,0.6421052631578947
416,416.0,1.0,290.0,83.0,207.0,26.03,95.0,30.0,65.0,25.58,4566312.0,1252176.0,2202720.0,614744.0,7.0,0.0,51.0,10.0,0.0,650.0,0.0,5e-05,20000000.0,45663120.0,12521760.0,22027200.0,6147440.0,0.7137931034482758,0.6842105263157895
417,417.0,1.0,160.0,43.0,117.0,26.61,38.0,10.0,28.0,27.0,5235144.0,1386000.0,2258416.0,594320.0,14.0,0.0,51.0,10.0,0.0,220.0,0.0,5e-05,20000000.0,52351440.0,13860000.0,22584160.0,5943200.0,0.73125,0.7368421052631579
418,418.0,1.0,290.0,81.0,209.0,23.93,95.0,27.0,68.0,24.46,3874472.0,1026240.0,1865792.0,495248.0,7.0,0.0,51.0,10.0,0.0,2950.0,0.0,5e-05,20000000.0,38744720.0,10262400.0,18657920.0,4952480.0,0.7206896551724138,0.7157894736842105
419,419.0,1.0,160.0,43.0,117.0,25.94,38.0,10.0,28.0,27.0,5002416.0,1308424.0,2258416.0,594320.0,14.0,0.0,51.0,10.0,0.0,3790.0,0.0,5e-05,20000000.0,50024160.0,13084240.0,22584160.0,5943200.0,0.73125,0.7368421052631579
420,420.0,1.0,290.0,78.0,212.0,19.7,95.0,25.0,70.0,17.81,2366792.0,616936.0,1021040.0,256256.0,7.0,0.0,51.0,10.0,0.0,4750.0,0.0,5e-05,20000000.0,23667920.0,6169360.0,10210400.0,2562560.0,0.7310344827586207,0.7368421052631579
421,421.0,1.0,320.0,105.0,215.0,22.34,304.0,88.0,216.0,24.92,331448.0,94512.0,1188160.0,324736.0,2.0,0.0,51.0,10.0,0.0,3470.0,0.0,5e-05,20000000.0,3314480.0,945120.0,11881600.0,3247360.0,0.671875,0.7105263157894737
422,422.0,1.0,320.0,80.0,240.0,26.5,171.0,45.0,126.0,27.0,1942144.0,485536.0,1975848.0,519960.0,4.0,0.0,51.0,10.0,0.0,110.0,0.0,5e-05,20000000.0,19421440.0,4855360.0,19758480.0,5199600.0,0.75,0.7368421052631579
423,423.0,1.0,290.0,89.0,201.0,25.33,95.0,37.0,58.0,21.88,4542152.0,1238144.0,1893352.0,517240.0,7.0,0.0,51.0,10.0,0.0,400.0,0.0,5e-05,20000000.0,45421520.0,12381440.0,18933520.0,5172400.0,0.6931034482758621,0.6105263157894737
424,424.0,1.0,290.0,81.0,209.0,24.9,95.0,25.0,70.0,27.0,4063272.0,1107680.0,2320888.0,610760.0,7.0,0.0,51.0,10.0,0.0,2150.0,0.0,5e-05,20000000.0,40632720.0,11076800.0,23208880.0,6107600.0,0.7206896551724138,0.7368421052631579
425,425.0,1.0,290.0,85.0,205.0,23.3,95.0,27.0,68.0,24.2,3676072.0,996992.0,1892048.0,521504.0,7.0,0.0,51.0,10.0,0.0,2480.0,0.0,5e-05,20000000.0,36760720.0,9969920.0,18920480.0,5215040.0,0.7068965517241379,0.7157894736842105
426,426.0,1.0,290.0,83.0,207.0,24.64,95.0,26.0,69.0,25.58,3830152.0,1029616.0,2018896.0,519736.0,7.0,0.0,51.0,10.0,0.0,2780.0,0.0,5e-05,20000000.0,38301520.0,10296160.0,20188960.0,5197360.0,0.7137931034482758,0.7263157894736842
427,427.0,1.0,320.0,91.0,229.0,25.25,304.0,98.0,206.0,23.29,437576.0,114520.0,1083904.0,291344.0,2.0,0.0,51.0,10.0,0.0,2510.0,0.0,5e-05,20000000.0,4375760.0,1145200.0,10839040.0,2913440.0,0.715625,0.6776315789473685
428,428.0,1.0,290.0,79.0,211.0,23.26,95.0,26.0,69.0,22.74,3241032.0,853424.0,1547136.0,401568.0,7.0,0.0,51.0,10.0,0.0,3260.0,0.0,5e-05,20000000.0,32410320.0,8534240.0,15471360.0,4015680.0,0.7275862068965517,0.7263157894736842
429,429.0,1.0,320.0,97.0,223.0,19.53,171.0,50.0,121.0,21.97,1135696.0,300528.0,1327944.0,349472.0,4.0,0.0,51.0,10.0,0.0,4240.0,0.0,5e-05,20000000.0,11356960.0,3005280.0,13279440.0,3494720.0,0.696875,0.7076023391812866
430,430.0,1.0,320.0,80.0,240.0,26.6,304.0,112.0,192.0,23.75,487424.0,121856.0,1170784.0,349720.0,2.0,0.0,51.0,10.0,0.0,1500.0,0.0,5e-05,20000000.0,4874240.0,1218560.0,11707840.0,3497200.0,0.75,0.631578947368421
431,431.0,1.0,160.0,43.0,117.0,26.56,38.0,10.0,28.0,27.0,5355000.0,1425952.0,2258416.0,594320.0,14.0,0.0,51.0,10.0,0.0,270.0,0.0,5e-05,20000000.0,53550000.0,14259520.0,22584160.0,5943200.0,0.73125,0.7368421052631579
432,432.0,1.0,320.0,80.0,240.0,26.65,304.0,80.0,224.0,27.0,494080.0,123520.0,1361920.0,358400.0,2.0,0.0,51.0,10.0,0.0,990.0,0.0,5e-05,20000000.0,4940800.0,1235200.0,13619200.0,3584000.0,0.75,0.7368421052631579
433,433.0,1.0,320.0,80.0,240.0,26.6,304.0,94.0,210.0,25.05,487424.0,121856.0,1170784.0,325552.0,2.0,0.0,51.0,10.0,0.0,2650.0,0.0,5e-05,20000000.0,4874240.0,1218560.0,11707840.0,3255520.0,0.75,0.6907894736842105
434,434.0,1.0,320.0,96.0,224.0,24.91,304.0,80.0,224.0,27.0,435968.0,116448.0,1361920.0,358400.0,2.0,0.0,51.0,10.0,0.0,2430.0,0.0,5e-05,20000000.0,4359680.0,1164480.0,13619200.0,3584000.0,0.7,0.7368421052631579
435,435.0,1.0,290.0,78.0,212.0,24.03,95.0,25.0,70.0,24.16,3309992.0,865576.0,1493712.0,374424.0,7.0,0.0,51.0,10.0,0.0,3550.0,0.0,5e-05,20000000.0,33099920.0,8655760.0,14937120.0,3744240.0,0.7310344827586207,0.7368421052631579
436,436.0,1.0,160.0,43.0,117.0,26.5,38.0,10.0,28.0,27.0,5090776.0,1359896.0,2258416.0,594320.0,14.0,0.0,51.0,10.0,0.0,180.0,0.0,5e-05,20000000.0,50907760.0,13598960.0,22584160.0,5943200.0,0.73125,0.7368421052631579
437,437.0,1.0,320.0,104.0,216.0,23.82,304.0,91.0,213.0,25.58,412208.0,113432.0,1248976.0,338176.0,2.0,0.0,51.0,10.0,0.0,2260.0,0.0,5e-05,20000000.0,4122080.0,1134320.0,12489760.0,3381760.0,0.675,0.7006578947368421
438,438.0,1.0,290.0,81.0,209.0,25.84,95.0,27.0,68.0,25.58,4326632.0,1182080.0,2102096.0,574016.0,7.0,0.0,51.0,10.0,0.0,1590.0,0.0,5e-05,20000000.0,43266320.0,11820800.0,21020960.0,5740160.0,0.7206896551724138,0.7157894736842105
439,439.0,1.0,320.0,80.0,240.0,26.65,304.0,80.0,224.0,27.0,494080.0,123520.0,1361920.0,358400.0,2.0,0.0,51.0,10.0,0.0,460.0,0.0,5e-05,20000000.0,4940800.0,1235200.0,13619200.0,3584000.0,0.75,0.7368421052631579
440,440.0,1.0,160.0,43.0,117.0,26.56,38.0,10.0,28.0,27.0,5355000.0,1425952.0,2258416.0,594320.0,14.0,0.0,51.0,10.0,0.0,50.0,0.0,5e-05,20000000.0,53550000.0,14259520.0,22584160.0,5943200.0,0.73125,0.7368421052631579
441,441.0,1.0,320.0,113.0,207.0,21.44,304.0,109.0,195.0,22.43,339488.0,91808.0,983992.0,279808.0,2.0,0.0,51.0,10.0,0.0,2910.0,0.0,5e-05,20000000.0,3394880.0,918080.0,9839920.0,2798080.0,0.646875,0.6414473684210527
442,442.0,1.0,290.0,83.0,207.0,25.73,95.0,35.0,60.0,24.16,4576392.0,1216176.0,2084552.0,618728.0,7.0,0.0,51.0,10.0,0.0,200.0,0.0,5e-05,20000000.0,45763920.0,12161760.0,20845520.0,6187280.0,0.7137931034482758,0.631578947368421
443,443.0,1.0,320.0,86.0,234.0,25.15,171.0,45.0,126.0,27.0,1589776.0,408056.0,1975848.0,519960.0,4.0,0.0,51.0,10.0,0.0,3450.0,0.0,5e-05,20000000.0,15897760.0,4080560.0,19758480.0,5199600.0,0.73125,0.7368421052631579
444,444.0,1.0,160.0,43.0,117.0,25.1,38.0,10.0,28.0,24.16,4466856.0,1129904.0,1913008.0,479184.0,14.0,0.0,51.0,10.0,0.0,3330.0,0.0,5e-05,20000000.0,44668560.0,11299040.0,19130080.0,4791840.0,0.73125,0.7368421052631579
445,445.0,1.0,160.0,43.0,117.0,25.99,38.0,10.0,28.0,27.0,4884280.0,1308272.0,2258416.0,594320.0,14.0,0.0,51.0,10.0,0.0,2450.0,0.0,5e-05,20000000.0,48842800.0,13082720.0,22584160.0,5943200.0,0.73125,0.7368421052631579
446,446.0,1.0,160.0,43.0,117.0,25.06,38.0,10.0,28.0,24.16,4688400.0,1229920.0,1337328.0,364048.0,14.0,0.0,51.0,10.0,0.0,2700.0,0.0,5e-05,20000000.0,46884000.0,12299200.0,13373280.0,3640480.0,0.73125,0.7368421052631579
447,447.0,1.0,320.0,80.0,240.0,26.48,171.0,45.0,126.0,27.0,1915904.0,478976.0,1975848.0,519960.0,4.0,0.0,51.0,10.0,0.0,240.0,0.0,5e-05,20000000.0,19159040.0,4789760.0,19758480.0,5199600.0,0.75,0.7368421052631579
448,448.0,1.0,320.0,80.0,240.0,26.6,304.0,101.0,203.0,22.17,487424.0,121856.0,953584.0,252656.0,2.0,0.0,51.0,10.0,0.0,3920.0,0.0,5e-05,20000000.0,4874240.0,1218560.0,9535840.0,2526560.0,0.75,0.6677631578947368
449,449.0,1.0,290.0,81.0,209.0,25.8,95.0,28.0,67.0,25.01,4370952.0,1180320.0,1970816.0,548648.0,7.0,0.0,51.0,10.0,0.0,1950.0,0.0,5e-05,20000000.0,43709520.0,11803200.0,19708160.0,5486480.0,0.7206896551724138,0.7052631578947368
450,450.0,1.0,290.0,78.0,212.0,26.48,95.0,25.0,70.0,27.0,4628232.0,1242216.0,2320888.0,610760.0,7.0,0.0,51.0,10.0,0.0,190.0,0.0,5e-05,20000000.0,46282320.0,12422160.0,23208880.0,6107600.0,0.7310344827586207,0.7368421052631579
451,451.0,1.0,320.0,80.0,240.0,26.65,304.0,80.0,224.0,27.0,494080.0,123520.0,1361920.0,358400.0,2.0,0.0,51.0,10.0,0.0,1870.0,0.0,5e-05,20000000.0,4940800.0,1235200.0,13619200.0,3584000.0,0.75,0.7368421052631579
452,452.0,1.0,160.0,43.0,117.0,23.51,38.0,10.0,28.0,25.58,3863768.0,1053144.0,1797872.0,479184.0,14.0,0.0,51.0,10.0,0.0,3890.0,0.0,5e-05,20000000.0,38637680.0,10531440.0,17978720.0,4791840.0,0.73125,0.7368421052631579
453,453.0,1.0,290.0,78.0,212.0,23.1,95.0,25.0,70.0,25.58,3223912.0,835496.0,1966384.0,492592.0,7.0,0.0,51.0,10.0,0.0,4980.0,0.0,5e-05,20000000.0,32239120.0,8354960.0,19663840.0,4925920.0,0.7310344827586207,0.7368421052631579
454,454.0,1.0,320.0,84.0,236.0,23.59,171.0,46.0,125.0,21.52,1590104.0,404712.0,1073384.0,291120.0,4.0,0.0,51.0,10.0,0.0,4760.0,0.0,5e-05,20000000.0,15901040.0,4047120.0,10733840.0,2911200.0,0.7375,0.7309941520467836
455,455.0,1.0,320.0,111.0,209.0,20.61,171.0,58.0,113.0,21.8,1321104.0,346952.0,1408400.0,361432.0,4.0,0.0,51.0,10.0,0.0,2120.0,0.0,5e-05,20000000.0,13211040.0,3469520.0,14084000.0,3614320.0,0.653125,0.6608187134502924
456,456.0,1.0,320.0,90.0,230.0,24.64,304.0,110.0,194.0,20.16,425072.0,110928.0,875392.0,236504.0,2.0,0.0,51.0,10.0,0.0,3600.0,0.0,5e-05,20000000.0,4250720.0,1109280.0,8753920.0,2365040.0,0.71875,0.6381578947368421
457,457.0,1.0,160.0,43.0,117.0,19.75,38.0,10.0,28.0,20.11,3401136.0,853680.0,1452464.0,364048.0,14.0,0.0,51.0,10.0,0.0,4460.0,0.0,5e-05,20000000.0,34011360.0,8536800.0,14524640.0,3640480.0,0.73125,0.7368421052631579
458,458.0,1.0,290.0,78.0,212.0,20.05,95.0,25.0,70.0,18.57,2761672.0,767016.0,1375544.0,374424.0,7.0,0.0,51.0,10.0,0.0,4920.0,0.0,5e-05,20000000.0,27616720.0,7670160.0,13755440.0,3744240.0,0.7310344827586207,0.7368421052631579
459,459.0,1.0,290.0,86.0,204.0,24.52,95.0,33.0,62.0,23.31,4165512.0,1115880.0,1812824.0,526376.0,7.0,0.0,51.0,10.0,0.0,1240.0,0.0,5e-05,20000000.0,41655120.0,11158800.0,18128240.0,5263760.0,0.7034482758620689,0.6526315789473685
460,460.0,1.0,320.0,95.0,225.0,25.3,304.0,80.0,224.0,27.0,463528.0,122872.0,1361920.0,358400.0,2.0,0.0,51.0,10.0,0.0,1110.0,0.0,5e-05,20000000.0,4635280.0,1228720.0,13619200.0,3584000.0,0.703125,0.7368421052631579
461,461.0,1.0,160.0,44.0,116.0,26.27,38.0,10.0,28.0,25.58,5178224.0,1387704.0,1797872.0,479184.0,14.0,0.0,51.0,10.0,0.0,1960.0,0.0,5e-05,20000000.0,51782240.0,13877040.0,17978720.0,4791840.0,0.725,0.7368421052631579
462,462.0,1.0,320.0,91.0,229.0,24.53,304.0,100.0,204.0,23.01,444232.0,116184.0,1057840.0,291616.0,2.0,0.0,51.0,10.0,0.0,3080.0,0.0,5e-05,20000000.0,4442320.0,1161840.0,10578400.0,2916160.0,0.715625,0.6710526315789473
463,463.0,1.0,320.0,88.0,232.0,25.12,171.0,45.0,126.0,27.0,1664624.0,430960.0,1975848.0,519960.0,4.0,0.0,51.0,10.0,0.0,2570.0,0.0,5e-05,20000000.0,16646240.0,4309600.0,19758480.0,5199600.0,0.725,0.7368421052631579
464,464.0,1.0,320.0,80.0,240.0,26.41,171.0,45.0,126.0,27.0,1880192.0,470048.0,1975848.0,519960.0,4.0,0.0,51.0,10.0,0.0,180.0,0.0,5e-05,20000000.0,18801920.0,4700480.0,19758480.0,5199600.0,0.75,0.7368421052631579
465,465.0,1.0,160.0,44.0,116.0,26.39,38.0,10.0,28.0,27.0,5195968.0,1387800.0,2258416.0,594320.0,14.0,0.0,51.0,10.0,0.0,360.0,0.0,5e-05,20000000.0,51959680.0,13878000.0,22584160.0,5943200.0,0.725,0.7368421052631579
466,466.0,1.0,320.0,80.0,240.0,26.54,171.0,58.0,113.0,22.05,1942144.0,485536.0,1328760.0,374576.0,4.0,0.0,51.0,10.0,0.0,3240.0,0.0,5e-05,20000000.0,19421440.0,4855360.0,13287600.0,3745760.0,0.75,0.6608187134502924
467,467.0,1.0,320.0,80.0,240.0,26.6,304.0,80.0,224.0,27.0,487424.0,121856.0,1361920.0,358400.0,2.0,0.0,51.0,10.0,0.0,10.0,0.0,5e-05,20000000.0,4874240.0,1218560.0,13619200.0,3584000.0,0.75,0.7368421052631579
468,468.0,1.0,320.0,80.0,240.0,26.65,304.0,110.0,194.0,22.91,494080.0,123520.0,1096936.0,292976.0,2.0,0.0,51.0,10.0,0.0,1240.0,0.0,5e-05,20000000.0,4940800.0,1235200.0,10969360.0,2929760.0,0.75,0.6381578947368421
469,469.0,1.0,160.0,43.0,117.0,26.56,38.0,10.0,28.0,27.0,5355000.0,1425952.0,2258416.0,594320.0,14.0,0.0,51.0,10.0,0.0,410.0,0.0,5e-05,20000000.0,53550000.0,14259520.0,22584160.0,5943200.0,0.73125,0.7368421052631579
470,470.0,1.0,290.0,86.0,204.0,24.47,95.0,34.0,61.0,24.16,4507912.0,1150120.0,2085008.0,618296.0,7.0,0.0,51.0,10.0,0.0,1000.0,0.0,5e-05,20000000.0,45079120.0,11501200.0,20850080.0,6182960.0,0.7034482758620689,0.6421052631578947
471,471.0,1.0,320.0,80.0,240.0,26.48,171.0,45.0,126.0,27.0,1915904.0,478976.0,1975848.0,519960.0,4.0,0.0,51.0,10.0,0.0,2440.0,0.0,5e-05,20000000.0,19159040.0,4789760.0,19758480.0,5199600.0,0.75,0.7368421052631579
472,472.0,1.0,290.0,78.0,212.0,26.64,95.0,25.0,70.0,27.0,4781832.0,1280616.0,2320888.0,610760.0,7.0,0.0,51.0,10.0,0.0,270.0,0.0,5e-05,20000000.0,47818320.0,12806160.0,23208880.0,6107600.0,0.7310344827586207,0.7368421052631579
473,473.0,1.0,290.0,78.0,212.0,26.36,95.0,25.0,70.0,27.0,4679112.0,1247184.0,2320888.0,610760.0,7.0,0.0,51.0,10.0,0.0,560.0,0.0,5e-05,20000000.0,46791120.0,12471840.0,23208880.0,6107600.0,0.7310344827586207,0.7368421052631579
474,474.0,1.0,320.0,99.0,221.0,23.85,171.0,50.0,121.0,25.58,1553440.0,418520.0,1769408.0,468952.0,4.0,0.0,51.0,10.0,0.0,2260.0,0.0,5e-05,20000000.0,15534400.0,4185200.0,17694080.0,4689520.0,0.690625,0.7076023391812866
475,475.0,1.0,160.0,43.0,117.0,25.94,38.0,10.0,28.0,24.26,5118200.0,1346728.0,1797872.0,479184.0,14.0,0.0,51.0,10.0,0.0,1800.0,0.0,5e-05,20000000.0,51182000.0,13467280.0,17978720.0,4791840.0,0.73125,0.7368421052631579
476,476.0,1.0,320.0,98.0,222.0,23.86,171.0,55.0,116.0,24.0,1503240.0,408856.0,1406400.0,399456.0,4.0,0.0,51.0,10.0,0.0,2810.0,0.0,5e-05,20000000.0,15032400.0,4088560.0,14064000.0,3994560.0,0.69375,0.6783625730994152
477,477.0,1.0,320.0,80.0,240.0,26.5,171.0,52.0,119.0,25.58,1942144.0,485536.0,1769000.0,487008.0,4.0,0.0,51.0,10.0,0.0,1210.0,0.0,5e-05,20000000.0,19421440.0,4855360.0,17690000.0,4870080.0,0.75,0.695906432748538
478,478.0,1.0,160.0,43.0,117.0,25.58,38.0,10.0,28.0,25.58,4843776.0,1288352.0,1797872.0,479184.0,14.0,0.0,51.0,10.0,0.0,3690.0,0.0,5e-05,20000000.0,48437760.0,12883520.0,17978720.0,4791840.0,0.73125,0.7368421052631579
479,479.0,1.0,320.0,95.0,225.0,24.3,171.0,53.0,118.0,24.95,1477848.0,394912.0,1613136.0,451760.0,4.0,0.0,51.0,10.0,0.0,2210.0,0.0,5e-05,20000000.0,14778480.0,3949120.0,16131360.0,4517600.0,0.703125,0.6900584795321637
480,480.0,1.0,160.0,44.0,116.0,26.35,38.0,10.0,28.0,27.0,5275872.0,1407776.0,2258416.0,594320.0,14.0,0.0,51.0,10.0,0.0,310.0,0.0,5e-05,20000000.0,52758720.0,14077760.0,22584160.0,5943200.0,0.725,0.7368421052631579
481,481.0,1.0,160.0,44.0,116.0,26.27,38.0,10.0,28.0,27.0,5159120.0,1388576.0,2258416.0,594320.0,14.0,0.0,51.0,10.0,0.0,930.0,0.0,5e-05,20000000.0,51591200.0,13885760.0,22584160.0,5943200.0,0.725,0.7368421052631579
482,482.0,1.0,320.0,80.0,240.0,26.54,171.0,45.0,126.0,25.58,1942144.0,485536.0,1673760.0,419264.0,4.0,0.0,51.0,10.0,0.0,4940.0,0.0,5e-05,20000000.0,19421440.0,4855360.0,16737600.0,4192640.0,0.75,0.7368421052631579
483,483.0,1.0,320.0,110.0,210.0,21.65,304.0,112.0,192.0,18.61,355792.0,102928.0,801544.0,228088.0,2.0,0.0,51.0,10.0,0.0,4330.0,0.0,5e-05,20000000.0,3557920.0,1029280.0,8015440.0,2280880.0,0.65625,0.631578947368421
484,484.0,1.0,320.0,85.0,235.0,24.12,171.0,50.0,121.0,20.4,1494664.0,379688.0,1069520.0,296896.0,4.0,0.0,51.0,10.0,0.0,4510.0,0.0,5e-05,20000000.0,14946640.0,3796880.0,10695200.0,2968960.0,0.734375,0.7076023391812866
485,485.0,1.0,290.0,78.0,212.0,24.47,95.0,25.0,70.0,25.58,3891592.0,1023816.0,1848216.0,492592.0,7.0,0.0,51.0,10.0,0.0,4950.0,0.0,5e-05,20000000.0,38915920.0,10238160.0,18482160.0,4925920.0,0.7310344827586207,0.7368421052631579
486,486.0,1.0,290.0,90.0,200.0,21.75,95.0,31.0,64.0,20.52,3333672.0,949672.0,1421592.0,420912.0,7.0,0.0,51.0,10.0,0.0,2360.0,0.0,5e-05,20000000.0,33336720.0,9496720.0,14215920.0,4209120.0,0.6896551724137931,0.6736842105263158
487,487.0,1.0,160.0,43.0,117.0,21.68,38.0,10.0,28.0,24.21,3390392.0,934800.0,1797872.0,479184.0,14.0,0.0,51.0,10.0,0.0,3770.0,0.0,5e-05,20000000.0,33903920.0,9348000.0,17978720.0,4791840.0,0.73125,0.7368421052631579
488,488.0,1.0,320.0,94.0,226.0,25.15,171.0,45.0,126.0,27.0,1768352.0,467072.0,1975848.0,519960.0,4.0,0.0,51.0,10.0,0.0,830.0,0.0,5e-05,20000000.0,17683520.0,4670720.0,19758480.0,5199600.0,0.70625,0.7368421052631579
489,489.0,1.0,320.0,90.0,230.0,25.06,171.0,45.0,126.0,27.0,1631176.0,425376.0,1975848.0,519960.0,4.0,0.0,51.0,10.0,0.0,2320.0,0.0,5e-05,20000000.0,16311760.0,4253760.0,19758480.0,5199600.0,0.71875,0.7368421052631579
490,490.0,1.0,290.0,81.0,209.0,26.08,95.0,29.0,66.0,25.58,4576392.0,1231680.0,2176432.0,601168.0,7.0,0.0,51.0,10.0,0.0,420.0,0.0,5e-05,20000000.0,45763920.0,12316800.0,21764320.0,6011680.0,0.7206896551724138,0.6947368421052632
491,491.0,1.0,290.0,78.0,212.0,20.3,95.0,25.0,70.0,13.36,3035592.0,835496.0,430200.0,138088.0,7.0,0.0,51.0,10.0,0.0,3720.0,0.0,5e-05,20000000.0,30355920.0,8354960.0,4302000.0,1380880.0,0.7310344827586207,0.7368421052631579
492,492.0,1.0,320.0,80.0,240.0,26.5,171.0,53.0,118.0,24.82,1942144.0,485536.0,1707032.0,474000.0,4.0,0.0,51.0,10.0,0.0,1420.0,0.0,5e-05,20000000.0,19421440.0,4855360.0,17070320.0,4740000.0,0.75,0.6900584795321637
493,493.0,1.0,320.0,80.0,240.0,26.6,304.0,80.0,224.0,27.0,487424.0,121856.0,1361920.0,358400.0,2.0,0.0,51.0,10.0,0.0,2760.0,0.0,5e-05,20000000.0,4874240.0,1218560.0,13619200.0,3584000.0,0.75,0.7368421052631579
494,494.0,1.0,160.0,43.0,117.0,22.96,38.0,10.0,28.0,21.32,3596280.0,986272.0,1337328.0,364048.0,14.0,0.0,51.0,10.0,0.0,4900.0,0.0,5e-05,20000000.0,35962800.0,9862720.0,13373280.0,3640480.0,0.73125,0.7368421052631579
495,495.0,1.0,160.0,43.0,117.0,20.21,38.0,10.0,28.0,22.95,3229200.0,874720.0,1797872.0,479184.0,14.0,0.0,51.0,10.0,0.0,4610.0,0.0,5e-05,20000000.0,32292000.0,8747200.0,17978720.0,4791840.0,0.73125,0.7368421052631579
496,496.0,1.0,320.0,80.0,240.0,26.08,171.0,58.0,113.0,22.61,1915904.0,478976.0,1402536.0,356680.0,4.0,0.0,51.0,10.0,0.0,2700.0,0.0,5e-05,20000000.0,19159040.0,4789760.0,14025360.0,3566800.0,0.75,0.6608187134502924
497,497.0,1.0,290.0,78.0,212.0,22.55,95.0,26.0,69.0,21.6,3025512.0,785896.0,1548960.0,402024.0,7.0,0.0,51.0,10.0,0.0,3460.0,0.0,5e-05,20000000.0,30255120.0,7858960.0,15489600.0,4020240.0,0.7310344827586207,0.7263157894736842
498,498.0,1.0,290.0,81.0,209.0,24.01,95.0,29.0,66.0,21.88,3607592.0,976640.0,1027752.0,314112.0,7.0,0.0,51.0,10.0,0.0,2710.0,0.0,5e-05,20000000.0,36075920.0,9766400.0,10277520.0,3141120.0,0.7206896551724138,0.6947368421052632
499,499.0,1.0,320.0,80.0,240.0,26.56,171.0,53.0,118.0,25.58,1942144.0,485536.0,1848864.0,509680.0,4.0,0.0,51.0,10.0,0.0,420.0,0.0,5e-05,20000000.0,19421440.0,4855360.0,18488640.0,5096800.0,0.75,0.6900584795321637
500,500.0,1.0,160.0,45.0,115.0,26.27,38.0,10.0,28.0,27.0,5315728.0,1428680.0,2258416.0,594320.0,14.0,0.0,51.0,10.0,0.0,860.0,0.0,5e-05,20000000.0,53157280.0,14286800.0,22584160.0,5943200.0,0.71875,0.7368421052631579
501,501.0,1.0,290.0,87.0,203.0,23.27,95.0,34.0,61.0,24.16,3754632.0,1048208.0,2182168.0,645856.0,7.0,0.0,51.0,10.0,0.0,1400.0,0.0,5e-05,20000000.0,37546320.0,10482080.0,21821680.0,6458560.0,0.7,0.6421052631578947
502,502.0,1.0,320.0,80.0,240.0,26.5,171.0,45.0,126.0,27.0,1942144.0,485536.0,1975848.0,519960.0,4.0,0.0,51.0,10.0,0.0,1440.0,0.0,5e-05,20000000.0,19421440.0,4855360.0,19758480.0,5199600.0,0.75,0.7368421052631579
503,503.0,1.0,320.0,80.0,240.0,26.6,304.0,80.0,224.0,27.0,487424.0,121856.0,1361920.0,358400.0,2.0,0.0,51.0,10.0,0.0,40.0,0.0,5e-05,20000000.0,4874240.0,1218560.0,13619200.0,3584000.0,0.75,0.7368421052631579
504,504.0,1.0,160.0,43.0,117.0,26.6,38.0,10.0,28.0,27.0,5078216.0,1346768.0,2258416.0,594320.0,14.0,0.0,51.0,10.0,0.0,1490.0,0.0,5e-05,20000000.0,50782160.0,13467680.0,22584160.0,5943200.0,0.73125,0.7368421052631579
505,505.0,1.0,320.0,80.0,240.0,26.5,171.0,54.0,117.0,25.42,1915904.0,478976.0,1822280.0,509816.0,4.0,0.0,51.0,10.0,0.0,710.0,0.0,5e-05,20000000.0,19159040.0,4789760.0,18222800.0,5098160.0,0.75,0.6842105263157895
506,506.0,1.0,160.0,43.0,117.0,22.29,38.0,10.0,28.0,21.32,3995552.0,1051496.0,1452464.0,364048.0,14.0,0.0,51.0,10.0,0.0,3390.0,0.0,5e-05,20000000.0,39955520.0,10514960.0,14524640.0,3640480.0,0.73125,0.7368421052631579
507,507.0,1.0,290.0,84.0,206.0,24.44,95.0,29.0,66.0,25.01,3618152.0,990264.0,2130112.0,589360.0,7.0,0.0,51.0,10.0,0.0,2100.0,0.0,5e-05,20000000.0,36181520.0,9902640.0,21301120.0,5893600.0,0.7103448275862069,0.6947368421052632
508,508.0,1.0,160.0,43.0,117.0,24.31,38.0,10.0,28.0,25.58,4292016.0,1110800.0,1797872.0,479184.0,14.0,0.0,51.0,10.0,0.0,2040.0,0.0,5e-05,20000000.0,42920160.0,11108000.0,17978720.0,4791840.0,0.73125,0.7368421052631579
509,509.0,1.0,320.0,111.0,209.0,21.02,304.0,96.0,208.0,22.28,326720.0,93312.0,989392.0,278304.0,2.0,0.0,51.0,10.0,0.0,3530.0,0.0,5e-05,20000000.0,3267200.0,933120.0,9893920.0,2783040.0,0.653125,0.6842105263157895
510,510.0,1.0,160.0,43.0,117.0,23.35,38.0,10.0,28.0,21.42,4017208.0,1052328.0,1337328.0,364048.0,14.0,0.0,51.0,10.0,0.0,4830.0,0.0,5e-05,20000000.0,40172080.0,10523280.0,13373280.0,3640480.0,0.73125,0.7368421052631579
511,511.0,1.0,290.0,78.0,212.0,24.56,95.0,25.0,70.0,24.21,3460680.0,941768.0,1385080.0,376808.0,7.0,0.0,51.0,10.0,0.0,3900.0,0.0,5e-05,20000000.0,34606800.0,9417680.0,13850800.0,3768080.0,0.7310344827586207,0.7368421052631579
512,512.0,1.0,290.0,78.0,212.0,25.38,95.0,25.0,70.0,27.0,3932872.0,1059816.0,2320888.0,610760.0,7.0,0.0,51.0,10.0,0.0,3440.0,0.0,5e-05,20000000.0,39328720.0,10598160.0,23208880.0,6107600.0,0.7310344827586207,0.7368421052631579
513,513.0,1.0,290.0,78.0,212.0,26.64,95.0,25.0,70.0,27.0,4781832.0,1280616.0,2320888.0,610760.0,7.0,0.0,51.0,10.0,0.0,1270.0,0.0,5e-05,20000000.0,47818320.0,12806160.0,23208880.0,6107600.0,0.7310344827586207,0.7368421052631579
514,514.0,1.0,160.0,43.0,117.0,22.74,38.0,10.0,28.0,20.11,3901616.0,1033224.0,1337328.0,364048.0,14.0,0.0,51.0,10.0,0.0,3120.0,0.0,5e-05,20000000.0,39016160.0,10332240.0,13373280.0,3640480.0,0.73125,0.7368421052631579
515,515.0,1.0,320.0,115.0,205.0,22.49,304.0,98.0,206.0,24.19,383264.0,112528.0,1140376.0,321752.0,2.0,0.0,51.0,10.0,0.0,2310.0,0.0,5e-05,20000000.0,3832640.0,1125280.0,11403760.0,3217520.0,0.640625,0.6776315789473685
516,516.0,1.0,160.0,43.0,117.0,24.51,38.0,10.0,28.0,27.0,4452016.0,1170824.0,2258416.0,594320.0,14.0,0.0,51.0,10.0,0.0,3160.0,0.0,5e-05,20000000.0,44520160.0,11708240.0,22584160.0,5943200.0,0.73125,0.7368421052631579
517,517.0,1.0,320.0,105.0,215.0,22.11,304.0,101.0,203.0,21.55,375088.0,105824.0,940552.0,261344.0,2.0,0.0,51.0,10.0,0.0,4380.0,0.0,5e-05,20000000.0,3750880.0,1058240.0,9405520.0,2613440.0,0.671875,0.6677631578947368
518,518.0,1.0,290.0,80.0,210.0,25.15,95.0,25.0,70.0,25.58,3994312.0,1093912.0,1848216.0,492592.0,7.0,0.0,51.0,10.0,0.0,3090.0,0.0,5e-05,20000000.0,39943120.0,10939120.0,18482160.0,4925920.0,0.7241379310344828,0.7368421052631579
519,519.0,1.0,320.0,80.0,240.0,26.6,304.0,99.0,205.0,23.62,487424.0,121856.0,1131688.0,291480.0,2.0,0.0,51.0,10.0,0.0,2410.0,0.0,5e-05,20000000.0,4874240.0,1218560.0,11316880.0,2914800.0,0.75,0.6743421052631579
520,520.0,1.0,160.0,43.0,117.0,26.65,38.0,10.0,28.0,27.0,5355000.0,1425952.0,2258416.0,594320.0,14.0,0.0,51.0,10.0,0.0,110.0,0.0,5e-05,20000000.0,53550000.0,14259520.0,22584160.0,5943200.0,0.73125,0.7368421052631579
521,521.0,1.0,160.0,43.0,117.0,25.2,38.0,10.0,28.0,27.0,5040984.0,1308272.0,2258416.0,594320.0,14.0,0.0,51.0,10.0,0.0,2580.0,0.0,5e-05,20000000.0,50409840.0,13082720.0,22584160.0,5943200.0,0.73125,0.7368421052631579
522,522.0,1.0,320.0,80.0,240.0,26.65,304.0,80.0,224.0,27.0,494080.0,123520.0,1361920.0,358400.0,2.0,0.0,51.0,10.0,0.0,1990.0,0.0,5e-05,20000000.0,4940800.0,1235200.0,13619200.0,3584000.0,0.75,0.7368421052631579
523,523.0,1.0,320.0,80.0,240.0,26.6,304.0,80.0,224.0,25.63,487424.0,121856.0,1089536.0,290304.0,2.0,0.0,51.0,10.0,0.0,700.0,0.0,5e-05,20000000.0,4874240.0,1218560.0,10895360.0,2903040.0,0.75,0.7368421052631579
524,524.0,1.0,320.0,101.0,219.0,22.38,171.0,56.0,115.0,21.81,1453856.0,384168.0,1181176.0,316088.0,4.0,0.0,51.0,10.0,0.0,3340.0,0.0,5e-05,20000000.0,14538560.0,3841680.0,11811760.0,3160880.0,0.684375,0.672514619883041
525,525.0,1.0,290.0,78.0,212.0,25.66,95.0,30.0,65.0,23.87,4258152.0,1111176.0,1815040.0,511480.0,7.0,0.0,51.0,10.0,0.0,2620.0,0.0,5e-05,20000000.0,42581520.0,11111760.0,18150400.0,5114800.0,0.7310344827586207,0.6842105263157895
526,526.0,1.0,320.0,80.0,240.0,26.65,304.0,85.0,219.0,25.58,494080.0,123520.0,1196848.0,311296.0,2.0,0.0,51.0,10.0,0.0,4940.0,0.0,5e-05,20000000.0,4940800.0,1235200.0,11968480.0,3112960.0,0.75,0.7203947368421053
527,527.0,1.0,320.0,80.0,240.0,26.48,171.0,51.0,120.0,25.58,1915904.0,478976.0,1693184.0,464336.0,4.0,0.0,51.0,10.0,0.0,1650.0,0.0,5e-05,20000000.0,19159040.0,4789760.0,16931840.0,4643360.0,0.75,0.7017543859649122
528,528.0,1.0,160.0,43.0,117.0,26.1,38.0,10.0,28.0,27.0,4841224.0,1287520.0,2258416.0,594320.0,14.0,0.0,51.0,10.0,0.0,1480.0,0.0,5e-05,20000000.0,48412240.0,12875200.0,22584160.0,5943200.0,0.73125,0.7368421052631579
529,529.0,1.0,320.0,80.0,240.0,26.6,304.0,99.0,205.0,23.48,487424.0,121856.0,1092592.0,291480.0,2.0,0.0,51.0,10.0,0.0,3480.0,0.0,5e-05,20000000.0,4874240.0,1218560.0,10925920.0,2914800.0,0.75,0.6743421052631579
530,530.0,1.0,320.0,94.0,226.0,25.3,304.0,80.0,224.0,27.0,458704.0,121200.0,1361920.0,358400.0,2.0,0.0,51.0,10.0,0.0,1030.0,0.0,5e-05,20000000.0,4587040.0,1212000.0,13619200.0,3584000.0,0.70625,0.7368421052631579
531,531.0,1.0,160.0,43.0,117.0,19.77,38.0,10.0,28.0,22.74,3029448.0,834576.0,1797872.0,479184.0,14.0,0.0,51.0,10.0,0.0,4480.0,0.0,5e-05,20000000.0,30294480.0,8345760.0,17978720.0,4791840.0,0.73125,0.7368421052631579
532,532.0,1.0,320.0,105.0,215.0,23.97,304.0,93.0,211.0,25.58,424936.0,118688.0,1253320.0,347136.0,2.0,0.0,51.0,10.0,0.0,1880.0,0.0,5e-05,20000000.0,4249360.0,1186880.0,12533200.0,3471360.0,0.671875,0.694078947368421
533,533.0,1.0,290.0,78.0,212.0,23.99,95.0,25.0,70.0,27.0,4011912.0,1053896.0,2320888.0,610760.0,7.0,0.0,51.0,10.0,0.0,4580.0,0.0,5e-05,20000000.0,40119120.0,10538960.0,23208880.0,6107600.0,0.7310344827586207,0.7368421052631579
534,534.0,1.0,320.0,95.0,225.0,25.25,304.0,80.0,224.0,27.0,456872.0,121208.0,1361920.0,358400.0,2.0,0.0,51.0,10.0,0.0,860.0,0.0,5e-05,20000000.0,4568720.0,1212080.0,13619200.0,3584000.0,0.703125,0.7368421052631579
535,535.0,1.0,320.0,80.0,240.0,26.65,304.0,93.0,211.0,25.58,494080.0,123520.0,1253320.0,347136.0,2.0,0.0,51.0,10.0,0.0,1890.0,0.0,5e-05,20000000.0,4940800.0,1235200.0,12533200.0,3471360.0,0.75,0.694078947368421
536,536.0,1.0,320.0,102.0,218.0,19.99,304.0,121.0,183.0,15.98,317336.0,89184.0,745072.0,216280.0,2.0,0.0,51.0,10.0,0.0,4600.0,0.0,5e-05,20000000.0,3173360.0,891840.0,7450720.0,2162800.0,0.68125,0.6019736842105263
537,537.0,1.0,320.0,80.0,240.0,26.5,171.0,45.0,126.0,27.0,1915904.0,478976.0,1975848.0,519960.0,4.0,0.0,51.0,10.0,0.0,610.0,0.0,5e-05,20000000.0,19159040.0,4789760.0,19758480.0,5199600.0,0.75,0.7368421052631579
538,538.0,1.0,160.0,43.0,117.0,22.19,38.0,10.0,28.0,21.32,3535720.0,936296.0,1337328.0,364048.0,14.0,0.0,51.0,10.0,0.0,2920.0,0.0,5e-05,20000000.0,35357200.0,9362960.0,13373280.0,3640480.0,0.73125,0.7368421052631579
539,539.0,1.0,320.0,99.0,221.0,23.48,171.0,54.0,117.0,24.79,1495696.0,412800.0,1611680.0,456944.0,4.0,0.0,51.0,10.0,0.0,2420.0,0.0,5e-05,20000000.0,14956960.0,4128000.0,16116800.0,4569440.0,0.690625,0.6842105263157895
540,540.0,1.0,290.0,78.0,212.0,26.59,95.0,25.0,70.0,27.0,4720392.0,1265256.0,2320888.0,610760.0,7.0,0.0,51.0,10.0,0.0,1490.0,0.0,5e-05,20000000.0,47203920.0,12652560.0,23208880.0,6107600.0,0.7310344827586207,0.7368421052631579
541,541.0,1.0,320.0,91.0,229.0,25.25,304.0,80.0,224.0,27.0,437576.0,114520.0,1361920.0,358400.0,2.0,0.0,51.0,10.0,0.0,2660.0,0.0,5e-05,20000000.0,4375760.0,1145200.0,13619200.0,3584000.0,0.715625,0.7368421052631579
542,542.0,1.0,320.0,112.0,208.0,19.93,304.0,103.0,201.0,21.89,331448.0,98176.0,1049152.0,305056.0,2.0,0.0,51.0,10.0,0.0,4460.0,0.0,5e-05,20000000.0,3314480.0,981760.0,10491520.0,3050560.0,0.65,0.6611842105263158
543,543.0,1.0,290.0,78.0,212.0,24.0,95.0,26.0,69.0,24.22,4131272.0,1058056.0,2025088.0,534184.0,7.0,0.0,51.0,10.0,0.0,4820.0,0.0,5e-05,20000000.0,41312720.0,10580560.0,20250880.0,5341840.0,0.7310344827586207,0.7263157894736842
544,544.0,1.0,320.0,92.0,228.0,25.25,304.0,80.0,224.0,27.0,442400.0,116192.0,1361920.0,358400.0,2.0,0.0,51.0,10.0,0.0,2850.0,0.0,5e-05,20000000.0,4424000.0,1161920.0,13619200.0,3584000.0,0.7125,0.7368421052631579
545,545.0,1.0,320.0,95.0,225.0,23.86,304.0,80.0,224.0,27.0,408992.0,108032.0,1361920.0,358400.0,2.0,0.0,51.0,10.0,0.0,4580.0,0.0,5e-05,20000000.0,4089920.0,1080320.0,13619200.0,3584000.0,0.703125,0.7368421052631579
546,546.0,1.0,160.0,44.0,116.0,26.03,38.0,13.0,25.0,24.16,5238800.0,1408496.0,1855440.0,542344.0,14.0,0.0,51.0,10.0,0.0,680.0,0.0,5e-05,20000000.0,52388000.0,14084960.0,18554400.0,5423440.0,0.725,0.6578947368421053
547,547.0,1.0,290.0,77.0,213.0,18.98,95.0,26.0,69.0,21.32,2504872.0,680608.0,1447456.0,402904.0,7.0,0.0,51.0,10.0,0.0,4930.0,0.0,5e-05,20000000.0,25048720.0,6806080.0,14474560.0,4029040.0,0.7344827586206897,0.7263157894736842
548,548.0,1.0,320.0,110.0,210.0,19.92,304.0,101.0,203.0,20.92,307328.0,83576.0,901456.0,248312.0,2.0,0.0,51.0,10.0,0.0,4620.0,0.0,5e-05,20000000.0,3073280.0,835760.0,9014560.0,2483120.0,0.65625,0.6677631578947368
549,549.0,1.0,320.0,80.0,240.0,26.65,304.0,93.0,211.0,25.58,494080.0,123520.0,1253320.0,347136.0,2.0,0.0,51.0,10.0,0.0,1770.0,0.0,5e-05,20000000.0,4940800.0,1235200.0,12533200.0,3471360.0,0.75,0.694078947368421
550,550.0,1.0,160.0,44.0,116.0,25.06,38.0,10.0,28.0,24.47,4493200.0,1211648.0,1797872.0,479184.0,14.0,0.0,51.0,10.0,0.0,2400.0,0.0,5e-05,20000000.0,44932000.0,12116480.0,17978720.0,4791840.0,0.725,0.7368421052631579
551,551.0,1.0,160.0,43.0,117.0,26.27,38.0,10.0,28.0,27.0,5155824.0,1326752.0,2258416.0,594320.0,14.0,0.0,51.0,10.0,0.0,1870.0,0.0,5e-05,20000000.0,51558240.0,13267520.0,22584160.0,5943200.0,0.73125,0.7368421052631579
552,552.0,1.0,160.0,43.0,117.0,21.44,38.0,10.0,28.0,18.79,3643584.0,914728.0,1452464.0,364048.0,14.0,0.0,51.0,10.0,0.0,3200.0,0.0,5e-05,20000000.0,36435840.0,9147280.0,14524640.0,3640480.0,0.73125,0.7368421052631579
553,553.0,1.0,320.0,80.0,240.0,26.48,171.0,45.0,126.0,27.0,1915904.0,478976.0,1975848.0,519960.0,4.0,0.0,51.0,10.0,0.0,1540.0,0.0,5e-05,20000000.0,19159040.0,4789760.0,19758480.0,5199600.0,0.75,0.7368421052631579
554,554.0,1.0,160.0,43.0,117.0,24.31,38.0,10.0,28.0,22.74,3596280.0,986272.0,1337328.0,364048.0,14.0,0.0,51.0,10.0,0.0,2210.0,0.0,5e-05,20000000.0,35962800.0,9862720.0,13373280.0,3640480.0,0.73125,0.7368421052631579
555,555.0,1.0,320.0,80.0,240.0,25.6,304.0,103.0,201.0,21.72,494080.0,123520.0,1036120.0,278992.0,2.0,0.0,51.0,10.0,0.0,2010.0,0.0,5e-05,20000000.0,4940800.0,1235200.0,10361200.0,2789920.0,0.75,0.6611842105263158
556,556.0,1.0,320.0,101.0,219.0,23.5,304.0,93.0,211.0,25.05,386480.0,106808.0,1162096.0,321072.0,2.0,0.0,51.0,10.0,0.0,3550.0,0.0,5e-05,20000000.0,3864800.0,1068080.0,11620960.0,3210720.0,0.684375,0.694078947368421
557,557.0,1.0,290.0,78.0,212.0,22.7,95.0,25.0,70.0,24.16,2436872.0,694376.0,1375544.0,374424.0,7.0,0.0,51.0,10.0,0.0,3590.0,0.0,5e-05,20000000.0,24368720.0,6943760.0,13755440.0,3744240.0,0.7310344827586207,0.7368421052631579
558,558.0,1.0,320.0,94.0,226.0,23.09,304.0,91.0,213.0,22.24,420112.0,111552.0,848504.0,226112.0,2.0,0.0,51.0,10.0,0.0,4700.0,0.0,5e-05,20000000.0,4201120.0,1115520.0,8485040.0,2261120.0,0.70625,0.7006578947368421
559,559.0,1.0,160.0,43.0,117.0,22.98,38.0,10.0,28.0,24.16,2889176.0,809496.0,1337328.0,364048.0,14.0,0.0,51.0,10.0,0.0,3590.0,0.0,5e-05,20000000.0,28891760.0,8094960.0,13373280.0,3640480.0,0.73125,0.7368421052631579
560,560.0,1.0,160.0,43.0,117.0,26.44,38.0,10.0,28.0,27.0,5355000.0,1425952.0,2258416.0,594320.0,14.0,0.0,51.0,10.0,0.0,870.0,0.0,5e-05,20000000.0,53550000.0,14259520.0,22584160.0,5943200.0,0.73125,0.7368421052631579
561,561.0,1.0,160.0,43.0,117.0,21.78,38.0,10.0,28.0,21.63,3423144.0,933000.0,1337328.0,364048.0,14.0,0.0,51.0,10.0,0.0,4220.0,0.0,5e-05,20000000.0,34231440.0,9330000.0,13373280.0,3640480.0,0.73125,0.7368421052631579
562,562.0,1.0,320.0,92.0,228.0,25.3,304.0,80.0,224.0,27.0,449056.0,117856.0,1361920.0,358400.0,2.0,0.0,51.0,10.0,0.0,3150.0,0.0,5e-05,20000000.0,4490560.0,1178560.0,13619200.0,3584000.0,0.7125,0.7368421052631579
563,563.0,1.0,320.0,80.0,240.0,26.56,171.0,45.0,126.0,27.0,1942144.0,485536.0,1975848.0,519960.0,4.0,0.0,51.0,10.0,0.0,380.0,0.0,5e-05,20000000.0,19421440.0,4855360.0,19758480.0,5199600.0,0.75,0.7368421052631579
564,564.0,1.0,320.0,110.0,210.0,22.47,171.0,62.0,109.0,24.16,1520160.0,439656.0,1715944.0,503880.0,4.0,0.0,51.0,10.0,0.0,1170.0,0.0,5e-05,20000000.0,15201600.0,4396560.0,17159440.0,5038800.0,0.65625,0.6374269005847953
565,565.0,1.0,290.0,78.0,212.0,26.04,95.0,27.0,68.0,25.29,4730472.0,1247184.0,2104248.0,574896.0,7.0,0.0,51.0,10.0,0.0,1340.0,0.0,5e-05,20000000.0,47304720.0,12471840.0,21042480.0,5748960.0,0.7310344827586207,0.7157894736842105
566,566.0,1.0,160.0,43.0,117.0,26.6,38.0,10.0,28.0,27.0,5078216.0,1346768.0,2258416.0,594320.0,14.0,0.0,51.0,10.0,0.0,140.0,0.0,5e-05,20000000.0,50782160.0,13467680.0,22584160.0,5943200.0,0.73125,0.7368421052631579
567,567.0,1.0,320.0,89.0,231.0,25.12,171.0,45.0,126.0,27.0,1669448.0,432632.0,1975848.0,519960.0,4.0,0.0,51.0,10.0,0.0,1720.0,0.0,5e-05,20000000.0,16694480.0,4326320.0,19758480.0,5199600.0,0.721875,0.7368421052631579
568,568.0,1.0,160.0,43.0,117.0,26.13,38.0,11.0,27.0,25.58,4998536.0,1326848.0,1970576.0,538616.0,14.0,0.0,51.0,10.0,0.0,1350.0,0.0,5e-05,20000000.0,49985360.0,13268480.0,19705760.0,5386160.0,0.73125,0.7105263157894737
569,569.0,1.0,290.0,83.0,207.0,25.84,95.0,26.0,69.0,25.58,4429352.0,1217936.0,2021960.0,546872.0,7.0,0.0,51.0,10.0,0.0,1650.0,0.0,5e-05,20000000.0,44293520.0,12179360.0,20219600.0,5468720.0,0.7137931034482758,0.7263157894736842
570,570.0,1.0,290.0,78.0,212.0,24.31,95.0,26.0,69.0,22.54,3795912.0,1025576.0,1867552.0,507928.0,7.0,0.0,51.0,10.0,0.0,3930.0,0.0,5e-05,20000000.0,37959120.0,10255760.0,18675520.0,5079280.0,0.7310344827586207,0.7263157894736842
571,571.0,1.0,160.0,44.0,116.0,26.39,38.0,10.0,28.0,27.0,5195968.0,1387800.0,2258416.0,594320.0,14.0,0.0,51.0,10.0,0.0,440.0,0.0,5e-05,20000000.0,51959680.0,13878000.0,22584160.0,5943200.0,0.725,0.7368421052631579
572,572.0,1.0,160.0,43.0,117.0,21.51,38.0,10.0,28.0,17.37,3561936.0,893880.0,991920.0,248912.0,14.0,0.0,51.0,10.0,0.0,4330.0,0.0,5e-05,20000000.0,35619360.0,8938800.0,9919200.0,2489120.0,0.73125,0.7368421052631579
573,573.0,1.0,320.0,80.0,240.0,26.5,171.0,45.0,126.0,27.0,1915904.0,478976.0,1975848.0,519960.0,4.0,0.0,51.0,10.0,0.0,690.0,0.0,5e-05,20000000.0,19159040.0,4789760.0,19758480.0,5199600.0,0.75,0.7368421052631579
574,574.0,1.0,160.0,43.0,117.0,25.36,38.0,11.0,27.0,25.58,4650000.0,1229920.0,1970576.0,538616.0,14.0,0.0,51.0,10.0,0.0,1690.0,0.0,5e-05,20000000.0,46500000.0,12299200.0,19705760.0,5386160.0,0.73125,0.7105263157894737
575,575.0,1.0,320.0,94.0,226.0,22.14,171.0,49.0,122.0,21.15,1292608.0,339864.0,1141264.0,295872.0,4.0,0.0,51.0,10.0,0.0,4520.0,0.0,5e-05,20000000.0,12926080.0,3398640.0,11412640.0,2958720.0,0.70625,0.7134502923976608
576,576.0,1.0,290.0,80.0,210.0,25.1,95.0,25.0,70.0,27.0,3761672.0,1027192.0,2320888.0,610760.0,7.0,0.0,51.0,10.0,0.0,2860.0,0.0,5e-05,20000000.0,37616720.0,10271920.0,23208880.0,6107600.0,0.7241379310344828,0.7368421052631579
577,577.0,1.0,320.0,80.0,240.0,26.56,171.0,45.0,126.0,27.0,1942144.0,485536.0,1975848.0,519960.0,4.0,0.0,51.0,10.0,0.0,480.0,0.0,5e-05,20000000.0,19421440.0,4855360.0,19758480.0,5199600.0,0.75,0.7368421052631579
578,578.0,1.0,320.0,89.0,231.0,24.95,304.0,102.0,202.0,23.18,434584.0,112840.0,1005712.0,283200.0,2.0,0.0,51.0,10.0,0.0,3370.0,0.0,5e-05,20000000.0,4345840.0,1128400.0,10057120.0,2832000.0,0.721875,0.6644736842105263
579,579.0,1.0,160.0,43.0,117.0,26.5,38.0,10.0,28.0,27.0,5078216.0,1346768.0,2258416.0,594320.0,14.0,0.0,51.0,10.0,0.0,820.0,0.0,5e-05,20000000.0,50782160.0,13467680.0,22584160.0,5943200.0,0.73125,0.7368421052631579
580,580.0,1.0,290.0,78.0,212.0,26.64,95.0,25.0,70.0,27.0,4781832.0,1280616.0,2320888.0,610760.0,7.0,0.0,51.0,10.0,0.0,370.0,0.0,5e-05,20000000.0,47818320.0,12806160.0,23208880.0,6107600.0,0.7310344827586207,0.7368421052631579
581,581.0,1.0,320.0,103.0,217.0,24.09,171.0,53.0,118.0,25.58,1581264.0,431248.0,1848864.0,509680.0,4.0,0.0,51.0,10.0,0.0,970.0,0.0,5e-05,20000000.0,15812640.0,4312480.0,18488640.0,5096800.0,0.678125,0.6900584795321637
582,582.0,1.0,320.0,91.0,229.0,25.1,171.0,45.0,126.0,27.0,1716648.0,449056.0,1975848.0,519960.0,4.0,0.0,51.0,10.0,0.0,3150.0,0.0,5e-05,20000000.0,17166480.0,4490560.0,19758480.0,5199600.0,0.715625,0.7368421052631579
583,583.0,1.0,320.0,80.0,240.0,26.6,304.0,106.0,198.0,23.09,487424.0,121856.0,1075216.0,292432.0,2.0,0.0,51.0,10.0,0.0,2620.0,0.0,5e-05,20000000.0,4874240.0,1218560.0,10752160.0,2924320.0,0.75,0.6513157894736842
584,584.0,1.0,320.0,109.0,211.0,20.79,304.0,104.0,200.0,20.44,330064.0,96432.0,810232.0,244376.0,2.0,0.0,51.0,10.0,0.0,4680.0,0.0,5e-05,20000000.0,3300640.0,964320.0,8102320.0,2443760.0,0.659375,0.6578947368421053
585,585.0,1.0,320.0,86.0,234.0,25.06,171.0,45.0,126.0,27.0,1530576.0,392608.0,1975848.0,519960.0,4.0,0.0,51.0,10.0,0.0,3560.0,0.0,5e-05,20000000.0,15305760.0,3926080.0,19758480.0,5199600.0,0.73125,0.7368421052631579
586,586.0,1.0,160.0,43.0,117.0,24.62,38.0,10.0,28.0,25.58,4491192.0,1210000.0,1797872.0,479184.0,14.0,0.0,51.0,10.0,0.0,4690.0,0.0,5e-05,20000000.0,44911920.0,12100000.0,17978720.0,4791840.0,0.73125,0.7368421052631579
587,587.0,1.0,290.0,78.0,212.0,25.57,95.0,25.0,70.0,27.0,4343752.0,1145416.0,2320888.0,610760.0,7.0,0.0,51.0,10.0,0.0,3860.0,0.0,5e-05,20000000.0,43437520.0,11454160.0,23208880.0,6107600.0,0.7310344827586207,0.7368421052631579
588,588.0,1.0,290.0,79.0,211.0,24.44,95.0,25.0,70.0,25.29,3932872.0,1043504.0,1848216.0,492592.0,7.0,0.0,51.0,10.0,0.0,2830.0,0.0,5e-05,20000000.0,39328720.0,10435040.0,18482160.0,4925920.0,0.7275862068965517,0.7368421052631579
589,589.0,1.0,160.0,43.0,117.0,26.56,38.0,10.0,28.0,27.0,5355000.0,1425952.0,2258416.0,594320.0,14.0,0.0,51.0,10.0,0.0,490.0,0.0,5e-05,20000000.0,53550000.0,14259520.0,22584160.0,5943200.0,0.73125,0.7368421052631579
590,590.0,1.0,160.0,44.0,116.0,23.85,38.0,10.0,28.0,24.16,3912304.0,1066424.0,1797872.0,479184.0,14.0,0.0,51.0,10.0,0.0,2090.0,0.0,5e-05,20000000.0,39123040.0,10664240.0,17978720.0,4791840.0,0.725,0.7368421052631579
591,591.0,1.0,290.0,81.0,209.0,25.19,95.0,25.0,70.0,27.0,3881512.0,1062240.0,2320888.0,610760.0,7.0,0.0,51.0,10.0,0.0,2430.0,0.0,5e-05,20000000.0,38815120.0,10622400.0,23208880.0,6107600.0,0.7206896551724138,0.7368421052631579
592,592.0,1.0,160.0,43.0,117.0,24.24,38.0,10.0,28.0,22.74,3995552.0,1051496.0,1452464.0,364048.0,14.0,0.0,51.0,10.0,0.0,2810.0,0.0,5e-05,20000000.0,39955520.0,10514960.0,14524640.0,3640480.0,0.73125,0.7368421052631579
593,593.0,1.0,160.0,43.0,117.0,26.5,38.0,10.0,28.0,27.0,5078216.0,1346768.0,2258416.0,594320.0,14.0,0.0,51.0,10.0,0.0,30.0,0.0,5e-05,20000000.0,50782160.0,13467680.0,22584160.0,5943200.0,0.73125,0.7368421052631579
594,594.0,1.0,320.0,93.0,227.0,24.72,304.0,102.0,202.0,23.54,453880.0,119528.0,1079560.0,291888.0,2.0,0.0,51.0,10.0,0.0,2040.0,0.0,5e-05,20000000.0,4538800.0,1195280.0,10795600.0,2918880.0,0.709375,0.6644736842105263
595,595.0,1.0,320.0,80.0,240.0,26.6,304.0,80.0,224.0,27.0,487424.0,121856.0,1361920.0,358400.0,2.0,0.0,51.0,10.0,0.0,610.0,0.0,5e-05,20000000.0,4874240.0,1218560.0,13619200.0,3584000.0,0.75,0.7368421052631579
596,596.0,1.0,320.0,88.0,232.0,20.68,171.0,54.0,117.0,18.67,1267560.0,319472.0,770072.0,218576.0,4.0,0.0,51.0,10.0,0.0,4780.0,0.0,5e-05,20000000.0,12675600.0,3194720.0,7700720.0,2185760.0,0.725,0.6842105263157895
597,597.0,1.0,160.0,43.0,117.0,25.19,38.0,10.0,28.0,27.0,4420912.0,1163048.0,2258416.0,594320.0,14.0,0.0,51.0,10.0,0.0,4160.0,0.0,5e-05,20000000.0,44209120.0,11630480.0,22584160.0,5943200.0,0.73125,0.7368421052631579
598,598.0,1.0,320.0,98.0,222.0,22.91,304.0,90.0,214.0,22.31,375088.0,102160.0,941840.0,265600.0,2.0,0.0,51.0,10.0,0.0,3380.0,0.0,5e-05,20000000.0,3750880.0,1021600.0,9418400.0,2656000.0,0.69375,0.7039473684210527
599,599.0,1.0,160.0,44.0,116.0,25.89,38.0,14.0,24.0,24.16,4859648.0,1269344.0,2028144.0,601776.0,14.0,0.0,51.0,10.0,0.0,750.0,0.0,5e-05,20000000.0,48596480.0,12693440.0,20281440.0,6017760.0,0.725,0.631578947368421
600,600.0,1.0,320.0,92.0,228.0,24.01,304.0,97.0,207.0,22.61,420248.0,109448.0,1101280.0,282520.0,2.0,0.0,51.0,10.0,0.0,3660.0,0.0,5e-05,20000000.0,4202480.0,1094480.0,11012800.0,2825200.0,0.7125,0.680921052631579
601,601.0,1.0,160.0,43.0,117.0,24.36,38.0,10.0,28.0,24.16,4100760.0,1112392.0,1797872.0,479184.0,14.0,0.0,51.0,10.0,0.0,2730.0,0.0,5e-05,20000000.0,41007600.0,11123920.0,17978720.0,4791840.0,0.73125,0.7368421052631579
602,602.0,1.0,320.0,80.0,240.0,26.6,304.0,80.0,224.0,27.0,487424.0,121856.0,1361920.0,358400.0,2.0,0.0,51.0,10.0,0.0,150.0,0.0,5e-05,20000000.0,4874240.0,1218560.0,13619200.0,3584000.0,0.75,0.7368421052631579
603,603.0,1.0,320.0,98.0,222.0,23.58,171.0,54.0,117.0,24.63,1348120.0,357512.0,1637672.0,443800.0,4.0,0.0,51.0,10.0,0.0,2250.0,0.0,5e-05,20000000.0,13481200.0,3575120.0,16376720.0,4438000.0,0.69375,0.6842105263157895
604,604.0,1.0,160.0,43.0,117.0,25.92,38.0,10.0,28.0,27.0,4566992.0,1209168.0,2258416.0,594320.0,14.0,0.0,51.0,10.0,0.0,1660.0,0.0,5e-05,20000000.0,45669920.0,12091680.0,22584160.0,5943200.0,0.73125,0.7368421052631579
605,605.0,1.0,290.0,78.0,212.0,26.1,95.0,25.0,70.0,25.63,4375432.0,1179016.0,1857752.0,494976.0,7.0,0.0,51.0,10.0,0.0,1900.0,0.0,5e-05,20000000.0,43754320.0,11790160.0,18577520.0,4949760.0,0.7310344827586207,0.7368421052631579
606,606.0,1.0,320.0,89.0,231.0,24.3,171.0,55.0,116.0,24.63,1590344.0,413072.0,1541960.0,430088.0,4.0,0.0,51.0,10.0,0.0,2370.0,0.0,5e-05,20000000.0,15903440.0,4130720.0,15419600.0,4300880.0,0.721875,0.6783625730994152
607,607.0,1.0,320.0,102.0,218.0,23.75,171.0,52.0,119.0,25.58,1675472.0,458584.0,1822576.0,496104.0,4.0,0.0,51.0,10.0,0.0,1260.0,0.0,5e-05,20000000.0,16754720.0,4585840.0,18225760.0,4961040.0,0.68125,0.695906432748538
608,608.0,1.0,320.0,98.0,222.0,21.89,304.0,112.0,192.0,19.03,375088.0,102160.0,858016.0,241120.0,2.0,0.0,51.0,10.0,0.0,4670.0,0.0,5e-05,20000000.0,3750880.0,1021600.0,8580160.0,2411200.0,0.69375,0.631578947368421
609,609.0,1.0,290.0,80.0,210.0,25.8,95.0,27.0,68.0,25.58,4490792.0,1179512.0,2102096.0,574016.0,7.0,0.0,51.0,10.0,0.0,1770.0,0.0,5e-05,20000000.0,44907920.0,11795120.0,21020960.0,5740160.0,0.7241379310344828,0.7157894736842105
610,610.0,1.0,320.0,80.0,240.0,26.56,171.0,45.0,126.0,27.0,1942144.0,485536.0,1975848.0,519960.0,4.0,0.0,51.0,10.0,0.0,360.0,0.0,5e-05,20000000.0,19421440.0,4855360.0,19758480.0,5199600.0,0.75,0.7368421052631579
611,611.0,1.0,320.0,102.0,218.0,24.05,304.0,96.0,208.0,25.22,405776.0,110088.0,1222912.0,343200.0,2.0,0.0,51.0,10.0,0.0,2100.0,0.0,5e-05,20000000.0,4057760.0,1100880.0,12229120.0,3432000.0,0.68125,0.6842105263157895
612,612.0,1.0,320.0,80.0,240.0,26.48,171.0,45.0,126.0,27.0,1915904.0,478976.0,1975848.0,519960.0,4.0,0.0,51.0,10.0,0.0,1560.0,0.0,5e-05,20000000.0,19159040.0,4789760.0,19758480.0,5199600.0,0.75,0.7368421052631579
613,613.0,1.0,320.0,87.0,233.0,22.91,171.0,57.0,114.0,19.8,1366672.0,353944.0,926528.0,259304.0,4.0,0.0,51.0,10.0,0.0,4400.0,0.0,5e-05,20000000.0,13666720.0,3539440.0,9265280.0,2593040.0,0.728125,0.6666666666666666
614,614.0,1.0,160.0,43.0,117.0,25.15,38.0,10.0,28.0,27.0,4448496.0,1149920.0,2258416.0,594320.0,14.0,0.0,51.0,10.0,0.0,3450.0,0.0,5e-05,20000000.0,44484960.0,11499200.0,22584160.0,5943200.0,0.73125,0.7368421052631579
615,615.0,1.0,320.0,94.0,226.0,24.49,304.0,80.0,224.0,27.0,426544.0,113160.0,1361920.0,358400.0,2.0,0.0,51.0,10.0,0.0,2980.0,0.0,5e-05,20000000.0,4265440.0,1131600.0,13619200.0,3584000.0,0.70625,0.7368421052631579
616,616.0,1.0,290.0,78.0,212.0,26.64,95.0,25.0,70.0,27.0,4781832.0,1280616.0,2320888.0,610760.0,7.0,0.0,51.0,10.0,0.0,460.0,0.0,5e-05,20000000.0,47818320.0,12806160.0,23208880.0,6107600.0,0.7310344827586207,0.7368421052631579
617,617.0,1.0,290.0,78.0,212.0,20.89,95.0,25.0,70.0,21.35,2875912.0,769896.0,1385080.0,376808.0,7.0,0.0,51.0,10.0,0.0,3500.0,0.0,5e-05,20000000.0,28759120.0,7698960.0,13850800.0,3768080.0,0.7310344827586207,0.7368421052631579
618,618.0,1.0,320.0,80.0,240.0,26.65,304.0,80.0,224.0,27.0,494080.0,123520.0,1361920.0,358400.0,2.0,0.0,51.0,10.0,0.0,1430.0,0.0,5e-05,20000000.0,4940800.0,1235200.0,13619200.0,3584000.0,0.75,0.7368421052631579
619,619.0,1.0,320.0,80.0,240.0,26.48,171.0,52.0,119.0,24.32,1915904.0,478976.0,1516784.0,394408.0,4.0,0.0,51.0,10.0,0.0,2410.0,0.0,5e-05,20000000.0,19159040.0,4789760.0,15167840.0,3944080.0,0.75,0.695906432748538
620,620.0,1.0,320.0,92.0,228.0,25.12,171.0,45.0,126.0,27.0,1740008.0,457208.0,1975848.0,519960.0,4.0,0.0,51.0,10.0,0.0,1580.0,0.0,5e-05,20000000.0,17400080.0,4572080.0,19758480.0,5199600.0,0.7125,0.7368421052631579
621,621.0,1.0,160.0,44.0,116.0,26.39,38.0,10.0,28.0,27.0,5195968.0,1387800.0,2258416.0,594320.0,14.0,0.0,51.0,10.0,0.0,520.0,0.0,5e-05,20000000.0,51959680.0,13878000.0,22584160.0,5943200.0,0.725,0.7368421052631579
622,622.0,1.0,320.0,95.0,225.0,23.72,171.0,64.0,107.0,20.73,1599840.0,425008.0,1179248.0,335440.0,4.0,0.0,51.0,10.0,0.0,2520.0,0.0,5e-05,20000000.0,15998400.0,4250080.0,11792480.0,3354400.0,0.703125,0.6257309941520468
623,623.0,1.0,160.0,43.0,117.0,24.99,38.0,10.0,28.0,24.26,4309928.0,1090672.0,1913008.0,479184.0,14.0,0.0,51.0,10.0,0.0,3490.0,0.0,5e-05,20000000.0,43099280.0,10906720.0,19130080.0,4791840.0,0.73125,0.7368421052631579
624,624.0,1.0,290.0,78.0,212.0,26.59,95.0,25.0,70.0,27.0,4720392.0,1265256.0,2320888.0,610760.0,7.0,0.0,51.0,10.0,0.0,260.0,0.0,5e-05,20000000.0,47203920.0,12652560.0,23208880.0,6107600.0,0.7310344827586207,0.7368421052631579
625,625.0,1.0,160.0,43.0,117.0,26.56,38.0,10.0,28.0,27.0,5355000.0,1425952.0,2258416.0,594320.0,14.0,0.0,51.0,10.0,0.0,470.0,0.0,5e-05,20000000.0,53550000.0,14259520.0,22584160.0,5943200.0,0.73125,0.7368421052631579
626,626.0,1.0,160.0,43.0,117.0,24.54,38.0,10.0,28.0,27.0,4173296.0,1110744.0,2258416.0,594320.0,14.0,0.0,51.0,10.0,0.0,4270.0,0.0,5e-05,20000000.0,41732960.0,11107440.0,22584160.0,5943200.0,0.73125,0.7368421052631579
627,627.0,1.0,160.0,43.0,117.0,24.47,38.0,10.0,28.0,25.58,4173520.0,1110800.0,1797872.0,479184.0,14.0,0.0,51.0,10.0,0.0,2030.0,0.0,5e-05,20000000.0,41735200.0,11108000.0,17978720.0,4791840.0,0.73125,0.7368421052631579
628,628.0,1.0,160.0,43.0,117.0,18.19,38.0,10.0,28.0,22.74,2832600.0,736152.0,1797872.0,479184.0,14.0,0.0,51.0,10.0,0.0,4240.0,0.0,5e-05,20000000.0,28326000.0,7361520.0,17978720.0,4791840.0,0.73125,0.7368421052631579
629,629.0,1.0,320.0,80.0,240.0,26.2,304.0,108.0,196.0,22.41,487424.0,121856.0,1083904.0,275328.0,2.0,0.0,51.0,10.0,0.0,2700.0,0.0,5e-05,20000000.0,4874240.0,1218560.0,10839040.0,2753280.0,0.75,0.6447368421052632
630,630.0,1.0,160.0,43.0,117.0,24.49,38.0,10.0,28.0,24.16,3929760.0,1025448.0,1452464.0,364048.0,14.0,0.0,51.0,10.0,0.0,3550.0,0.0,5e-05,20000000.0,39297600.0,10254480.0,14524640.0,3640480.0,0.73125,0.7368421052631579
631,631.0,1.0,320.0,190.0,130.0,5.39,171.0,117.0,54.0,1.89,338272.0,112704.0,62624.0,39296.0,4.0,0.0,51.0,10.0,0.0,2000.0,0.0,5e-05,20000000.0,3382720.0,1127040.0,626240.0,392960.0,0.40625,0.3157894736842105
632,632.0,1.0,290.0,78.0,212.0,26.59,95.0,25.0,70.0,27.0,4720392.0,1265256.0,2320888.0,610760.0,7.0,0.0,51.0,10.0,0.0,2470.0,0.0,5e-05,20000000.0,47203920.0,12652560.0,23208880.0,6107600.0,0.7310344827586207,0.7368421052631579
633,633.0,1.0,290.0,79.0,211.0,26.45,95.0,25.0,70.0,27.0,4747592.0,1264304.0,2320888.0,610760.0,7.0,0.0,51.0,10.0,0.0,480.0,0.0,5e-05,20000000.0,47475920.0,12643040.0,23208880.0,6107600.0,0.7275862068965517,0.7368421052631579
634,634.0,1.0,160.0,43.0,117.0,26.56,38.0,10.0,28.0,27.0,5355000.0,1425952.0,2258416.0,594320.0,14.0,0.0,51.0,10.0,0.0,350.0,0.0,5e-05,20000000.0,53550000.0,14259520.0,22584160.0,5943200.0,0.73125,0.7368421052631579
635,635.0,1.0,160.0,43.0,117.0,23.46,38.0,10.0,28.0,25.58,3763048.0,973976.0,1913008.0,479184.0,14.0,0.0,51.0,10.0,0.0,4980.0,0.0,5e-05,20000000.0,37630480.0,9739760.0,19130080.0,4791840.0,0.73125,0.7368421052631579
636,636.0,1.0,160.0,43.0,117.0,24.57,38.0,10.0,28.0,24.16,4146680.0,1123872.0,1337328.0,364048.0,14.0,0.0,51.0,10.0,0.0,3670.0,0.0,5e-05,20000000.0,41466800.0,11238720.0,13373280.0,3640480.0,0.73125,0.7368421052631579
637,637.0,1.0,320.0,96.0,224.0,24.37,171.0,51.0,120.0,25.58,1531872.0,404232.0,1796288.0,482528.0,4.0,0.0,51.0,10.0,0.0,1940.0,0.0,5e-05,20000000.0,15318720.0,4042320.0,17962880.0,4825280.0,0.7,0.7017543859649122
638,638.0,1.0,290.0,78.0,212.0,22.67,95.0,25.0,70.0,25.58,2922792.0,768776.0,1966384.0,492592.0,7.0,0.0,51.0,10.0,0.0,3940.0,0.0,5e-05,20000000.0,29227920.0,7687760.0,19663840.0,4925920.0,0.7310344827586207,0.7368421052631579
639,639.0,1.0,290.0,78.0,212.0,21.31,95.0,25.0,70.0,24.16,2426312.0,683176.0,1848216.0,492592.0,7.0,0.0,51.0,10.0,0.0,3470.0,0.0,5e-05,20000000.0,24263120.0,6831760.0,18482160.0,4925920.0,0.7310344827586207,0.7368421052631579
640,640.0,1.0,160.0,43.0,117.0,24.51,38.0,10.0,28.0,19.89,5144480.0,1348280.0,1337328.0,364048.0,14.0,0.0,51.0,10.0,0.0,2010.0,0.0,5e-05,20000000.0,51444800.0,13482800.0,13373280.0,3640480.0,0.73125,0.7368421052631579
641,641.0,1.0,290.0,82.0,208.0,25.19,95.0,25.0,70.0,27.0,4052712.0,1080168.0,2320888.0,610760.0,7.0,0.0,51.0,10.0,0.0,2790.0,0.0,5e-05,20000000.0,40527120.0,10801680.0,23208880.0,6107600.0,0.7172413793103448,0.7368421052631579
642,642.0,1.0,320.0,80.0,240.0,26.0,304.0,102.0,202.0,22.87,479744.0,119936.0,1014400.0,283200.0,2.0,0.0,51.0,10.0,0.0,3670.0,0.0,5e-05,20000000.0,4797440.0,1199360.0,10144000.0,2832000.0,0.75,0.6644736842105263
643,643.0,1.0,160.0,48.0,112.0,25.26,38.0,11.0,27.0,25.58,4806344.0,1315680.0,2028144.0,538616.0,14.0,0.0,51.0,10.0,0.0,970.0,0.0,5e-05,20000000.0,48063440.0,13156800.0,20281440.0,5386160.0,0.7,0.7105263157894737
644,644.0,1.0,290.0,78.0,212.0,20.81,95.0,25.0,70.0,22.93,3207272.0,865576.0,1848216.0,492592.0,7.0,0.0,51.0,10.0,0.0,4610.0,0.0,5e-05,20000000.0,32072720.0,8655760.0,18482160.0,4925920.0,0.7310344827586207,0.7368421052631579
645,645.0,1.0,160.0,47.0,113.0,25.59,38.0,10.0,28.0,25.58,4900792.0,1313104.0,1797872.0,479184.0,14.0,0.0,51.0,10.0,0.0,1250.0,0.0,5e-05,20000000.0,49007920.0,13131040.0,17978720.0,4791840.0,0.70625,0.7368421052631579
646,646.0,1.0,290.0,78.0,212.0,22.96,95.0,26.0,69.0,20.89,3213832.0,888616.0,1552480.0,429160.0,7.0,0.0,51.0,10.0,0.0,4630.0,0.0,5e-05,20000000.0,32138320.0,8886160.0,15524800.0,4291600.0,0.7310344827586207,0.7263157894736842
647,647.0,1.0,320.0,86.0,234.0,24.22,171.0,45.0,126.0,27.0,1269168.0,327472.0,1975848.0,519960.0,4.0,0.0,51.0,10.0,0.0,4860.0,0.0,5e-05,20000000.0,12691680.0,3274720.0,19758480.0,5199600.0,0.73125,0.7368421052631579
648,648.0,1.0,320.0,80.0,240.0,26.65,304.0,80.0,224.0,27.0,494080.0,123520.0,1361920.0,358400.0,2.0,0.0,51.0,10.0,0.0,330.0,0.0,5e-05,20000000.0,4940800.0,1235200.0,13619200.0,3584000.0,0.75,0.7368421052631579
649,649.0,1.0,290.0,89.0,201.0,23.04,95.0,26.0,69.0,24.18,3566792.0,1028544.0,2023720.0,534184.0,7.0,0.0,51.0,10.0,0.0,2310.0,0.0,5e-05,20000000.0,35667920.0,10285440.0,20237200.0,5341840.0,0.6931034482758621,0.7263157894736842
650,650.0,1.0,160.0,43.0,117.0,26.61,38.0,10.0,28.0,27.0,5355000.0,1425952.0,2258416.0,594320.0,14.0,0.0,51.0,10.0,0.0,940.0,0.0,5e-05,20000000.0,53550000.0,14259520.0,22584160.0,5943200.0,0.73125,0.7368421052631579
651,651.0,1.0,290.0,80.0,210.0,21.15,95.0,26.0,69.0,22.45,3121192.0,837112.0,1288160.0,336824.0,7.0,0.0,51.0,10.0,0.0,3130.0,0.0,5e-05,20000000.0,31211920.0,8371120.0,12881600.0,3368240.0,0.7241379310344828,0.7263157894736842
652,652.0,1.0,320.0,80.0,240.0,26.6,304.0,80.0,224.0,27.0,487424.0,121856.0,1361920.0,358400.0,2.0,0.0,51.0,10.0,0.0,780.0,0.0,5e-05,20000000.0,4874240.0,1218560.0,13619200.0,3584000.0,0.75,0.7368421052631579
653,653.0,1.0,320.0,94.0,226.0,25.3,304.0,80.0,224.0,27.0,458704.0,121200.0,1361920.0,358400.0,2.0,0.0,51.0,10.0,0.0,910.0,0.0,5e-05,20000000.0,4587040.0,1212000.0,13619200.0,3584000.0,0.70625,0.7368421052631579
654,654.0,1.0,290.0,78.0,212.0,19.22,95.0,25.0,70.0,18.78,2641832.0,698536.0,1021040.0,256256.0,7.0,0.0,51.0,10.0,0.0,4840.0,0.0,5e-05,20000000.0,26418320.0,6985360.0,10210400.0,2562560.0,0.7310344827586207,0.7368421052631579
655,655.0,1.0,160.0,43.0,117.0,24.22,38.0,10.0,28.0,25.58,4254200.0,1111576.0,1797872.0,479184.0,14.0,0.0,51.0,10.0,0.0,2950.0,0.0,5e-05,20000000.0,42542000.0,11115760.0,17978720.0,4791840.0,0.73125,0.7368421052631579
656,656.0,1.0,320.0,80.0,240.0,26.17,171.0,46.0,125.0,24.7,1942144.0,485536.0,1316376.0,350976.0,4.0,0.0,51.0,10.0,0.0,4350.0,0.0,5e-05,20000000.0,19421440.0,4855360.0,13163760.0,3509760.0,0.75,0.7309941520467836
657,657.0,1.0,320.0,86.0,234.0,25.15,171.0,45.0,126.0,27.0,1619472.0,414616.0,1975848.0,519960.0,4.0,0.0,51.0,10.0,0.0,3980.0,0.0,5e-05,20000000.0,16194720.0,4146160.0,19758480.0,5199600.0,0.73125,0.7368421052631579
658,658.0,1.0,160.0,44.0,116.0,26.27,38.0,10.0,28.0,27.0,5318056.0,1427656.0,2258416.0,594320.0,14.0,0.0,51.0,10.0,0.0,1070.0,0.0,5e-05,20000000.0,53180560.0,14276560.0,22584160.0,5943200.0,0.725,0.7368421052631579
659,659.0,1.0,290.0,78.0,212.0,26.09,95.0,25.0,70.0,27.0,4559272.0,1212136.0,2320888.0,610760.0,7.0,0.0,51.0,10.0,0.0,3790.0,0.0,5e-05,20000000.0,45592720.0,12121360.0,23208880.0,6107600.0,0.7310344827586207,0.7368421052631579
660,660.0,1.0,320.0,80.0,240.0,26.45,171.0,45.0,126.0,27.0,1942144.0,485536.0,1975848.0,519960.0,4.0,0.0,51.0,10.0,0.0,1380.0,0.0,5e-05,20000000.0,19421440.0,4855360.0,19758480.0,5199600.0,0.75,0.7368421052631579
661,661.0,1.0,160.0,43.0,117.0,24.41,38.0,10.0,28.0,25.58,4097496.0,1111576.0,1797872.0,479184.0,14.0,0.0,51.0,10.0,0.0,3820.0,0.0,5e-05,20000000.0,40974960.0,11115760.0,17978720.0,4791840.0,0.73125,0.7368421052631579
662,662.0,1.0,290.0,78.0,212.0,26.59,95.0,25.0,70.0,27.0,4720392.0,1265256.0,2320888.0,610760.0,7.0,0.0,51.0,10.0,0.0,140.0,0.0,5e-05,20000000.0,47203920.0,12652560.0,23208880.0,6107600.0,0.7310344827586207,0.7368421052631579
663,663.0,1.0,160.0,43.0,117.0,25.82,38.0,10.0,28.0,25.58,4727576.0,1269096.0,1797872.0,479184.0,14.0,0.0,51.0,10.0,0.0,2530.0,0.0,5e-05,20000000.0,47275760.0,12690960.0,17978720.0,4791840.0,0.73125,0.7368421052631579
664,664.0,1.0,320.0,107.0,213.0,23.5,304.0,92.0,212.0,25.58,390944.0,109112.0,1257664.0,342656.0,2.0,0.0,51.0,10.0,0.0,2490.0,0.0,5e-05,20000000.0,3909440.0,1091120.0,12576640.0,3426560.0,0.665625,0.6973684210526315
665,665.0,1.0,320.0,101.0,219.0,22.89,171.0,51.0,120.0,24.22,1472008.0,397536.0,1601880.0,420560.0,4.0,0.0,51.0,10.0,0.0,2540.0,0.0,5e-05,20000000.0,14720080.0,3975360.0,16018800.0,4205600.0,0.684375,0.7017543859649122
666,666.0,1.0,290.0,86.0,204.0,23.95,95.0,27.0,68.0,24.75,3840712.0,1094600.0,2100728.0,574016.0,7.0,0.0,51.0,10.0,0.0,2180.0,0.0,5e-05,20000000.0,38407120.0,10946000.0,21007280.0,5740160.0,0.7034482758620689,0.7157894736842105
667,667.0,1.0,290.0,79.0,211.0,23.78,95.0,25.0,70.0,21.34,3720392.0,990384.0,1021040.0,256256.0,7.0,0.0,51.0,10.0,0.0,3360.0,0.0,5e-05,20000000.0,37203920.0,9903840.0,10210400.0,2562560.0,0.7275862068965517,0.7368421052631579
668,668.0,1.0,290.0,78.0,212.0,24.37,95.0,25.0,70.0,25.63,4019368.0,1077160.0,1857752.0,494976.0,7.0,0.0,51.0,10.0,0.0,4450.0,0.0,5e-05,20000000.0,40193680.0,10771600.0,18577520.0,4949760.0,0.7310344827586207,0.7368421052631579
669,669.0,1.0,290.0,78.0,212.0,23.27,95.0,25.0,70.0,19.19,3329320.0,904648.0,1385080.0,376808.0,7.0,0.0,51.0,10.0,0.0,3800.0,0.0,5e-05,20000000.0,33293200.0,9046480.0,13850800.0,3768080.0,0.7310344827586207,0.7368421052631579
670,670.0,1.0,290.0,79.0,211.0,26.45,95.0,25.0,70.0,27.0,4747592.0,1264304.0,2320888.0,610760.0,7.0,0.0,51.0,10.0,0.0,520.0,0.0,5e-05,20000000.0,47475920.0,12643040.0,23208880.0,6107600.0,0.7275862068965517,0.7368421052631579
671,671.0,1.0,290.0,79.0,211.0,23.26,95.0,26.0,69.0,22.17,3634792.0,973264.0,1606752.0,442728.0,7.0,0.0,51.0,10.0,0.0,3340.0,0.0,5e-05,20000000.0,36347920.0,9732640.0,16067520.0,4427280.0,0.7275862068965517,0.7263157894736842
672,672.0,1.0,160.0,43.0,117.0,24.31,38.0,10.0,28.0,25.58,4254200.0,1111576.0,1797872.0,479184.0,14.0,0.0,51.0,10.0,0.0,4950.0,0.0,5e-05,20000000.0,42542000.0,11115760.0,17978720.0,4791840.0,0.73125,0.7368421052631579
673,673.0,1.0,160.0,43.0,117.0,22.14,38.0,10.0,28.0,19.89,3555168.0,966200.0,1337328.0,364048.0,14.0,0.0,51.0,10.0,0.0,4890.0,0.0,5e-05,20000000.0,35551680.0,9662000.0,13373280.0,3640480.0,0.73125,0.7368421052631579
674,674.0,1.0,290.0,85.0,205.0,24.91,95.0,28.0,67.0,24.48,4319592.0,1183552.0,1969056.0,535080.0,7.0,0.0,51.0,10.0,0.0,1420.0,0.0,5e-05,20000000.0,43195920.0,11835520.0,19690560.0,5350800.0,0.7068965517241379,0.7052631578947368
675,675.0,1.0,160.0,43.0,117.0,21.65,38.0,10.0,28.0,22.74,3596280.0,986272.0,1797872.0,479184.0,14.0,0.0,51.0,10.0,0.0,2240.0,0.0,5e-05,20000000.0,35962800.0,9862720.0,17978720.0,4791840.0,0.73125,0.7368421052631579
676,676.0,1.0,320.0,80.0,240.0,26.3,304.0,103.0,201.0,24.42,494080.0,123520.0,1157752.0,335464.0,2.0,0.0,51.0,10.0,0.0,1340.0,0.0,5e-05,20000000.0,4940800.0,1235200.0,11577520.0,3354640.0,0.75,0.6611842105263158
677,677.0,1.0,320.0,80.0,240.0,25.8,304.0,103.0,201.0,22.74,487424.0,121856.0,1031776.0,274648.0,2.0,0.0,51.0,10.0,0.0,2380.0,0.0,5e-05,20000000.0,4874240.0,1218560.0,10317760.0,2746480.0,0.75,0.6611842105263158
678,678.0,1.0,320.0,110.0,210.0,22.7,304.0,100.0,204.0,22.9,395992.0,110968.0,1066528.0,291616.0,2.0,0.0,51.0,10.0,0.0,3700.0,0.0,5e-05,20000000.0,3959920.0,1109680.0,10665280.0,2916160.0,0.65625,0.6710526315789473
679,679.0,1.0,290.0,84.0,206.0,25.52,95.0,25.0,70.0,27.0,4268232.0,1182744.0,2320888.0,610760.0,7.0,0.0,51.0,10.0,0.0,1820.0,0.0,5e-05,20000000.0,42682320.0,11827440.0,23208880.0,6107600.0,0.7103448275862069,0.7368421052631579
680,680.0,1.0,160.0,43.0,117.0,26.16,38.0,10.0,28.0,27.0,4964568.0,1328344.0,2258416.0,594320.0,14.0,0.0,51.0,10.0,0.0,2560.0,0.0,5e-05,20000000.0,49645680.0,13283440.0,22584160.0,5943200.0,0.73125,0.7368421052631579
681,681.0,1.0,320.0,80.0,240.0,26.48,171.0,45.0,126.0,27.0,1915904.0,478976.0,1975848.0,519960.0,4.0,0.0,51.0,10.0,0.0,1470.0,0.0,5e-05,20000000.0,19159040.0,4789760.0,19758480.0,5199600.0,0.75,0.7368421052631579
682,682.0,1.0,320.0,105.0,215.0,23.54,304.0,98.0,206.0,25.05,415064.0,115416.0,1257664.0,352160.0,2.0,0.0,51.0,10.0,0.0,1700.0,0.0,5e-05,20000000.0,4150640.0,1154160.0,12576640.0,3521600.0,0.671875,0.6776315789473685
683,683.0,1.0,290.0,78.0,212.0,24.96,95.0,25.0,70.0,24.18,4086952.0,1094056.0,1848216.0,492592.0,7.0,0.0,51.0,10.0,0.0,3480.0,0.0,5e-05,20000000.0,40869520.0,10940560.0,18482160.0,4925920.0,0.7310344827586207,0.7368421052631579
684,684.0,1.0,320.0,80.0,240.0,26.3,304.0,95.0,209.0,23.9,494080.0,123520.0,1066528.0,277904.0,2.0,0.0,51.0,10.0,0.0,3740.0,0.0,5e-05,20000000.0,4940800.0,1235200.0,10665280.0,2779040.0,0.75,0.6875
685,685.0,1.0,320.0,94.0,226.0,20.08,171.0,51.0,120.0,21.56,1062528.0,268112.0,1215104.0,319568.0,4.0,0.0,51.0,10.0,0.0,4620.0,0.0,5e-05,20000000.0,10625280.0,2681120.0,12151040.0,3195680.0,0.70625,0.7017543859649122
686,686.0,1.0,160.0,43.0,117.0,26.1,38.0,10.0,28.0,27.0,4961304.0,1327528.0,2258416.0,594320.0,14.0,0.0,51.0,10.0,0.0,3140.0,0.0,5e-05,20000000.0,49613040.0,13275280.0,22584160.0,5943200.0,0.73125,0.7368421052631579
687,687.0,1.0,290.0,78.0,212.0,26.31,95.0,25.0,70.0,27.0,4634792.0,1231016.0,2320888.0,610760.0,7.0,0.0,51.0,10.0,0.0,1740.0,0.0,5e-05,20000000.0,46347920.0,12310160.0,23208880.0,6107600.0,0.7310344827586207,0.7368421052631579
688,688.0,1.0,320.0,95.0,225.0,25.3,304.0,80.0,224.0,27.0,463528.0,122872.0,1361920.0,358400.0,2.0,0.0,51.0,10.0,0.0,1320.0,0.0,5e-05,20000000.0,4635280.0,1228720.0,13619200.0,3584000.0,0.703125,0.7368421052631579
689,689.0,1.0,160.0,43.0,117.0,25.39,38.0,10.0,28.0,24.16,4565832.0,1209072.0,1797872.0,479184.0,14.0,0.0,51.0,10.0,0.0,1630.0,0.0,5e-05,20000000.0,45658320.0,12090720.0,17978720.0,4791840.0,0.73125,0.7368421052631579
690,690.0,1.0,320.0,102.0,218.0,21.5,171.0,48.0,123.0,24.79,1122320.0,319288.0,1638560.0,441800.0,4.0,0.0,51.0,10.0,0.0,3470.0,0.0,5e-05,20000000.0,11223200.0,3192880.0,16385600.0,4418000.0,0.68125,0.7192982456140351
691,691.0,1.0,320.0,91.0,229.0,23.04,171.0,45.0,126.0,27.0,1431592.0,375184.0,1975848.0,519960.0,4.0,0.0,51.0,10.0,0.0,4580.0,0.0,5e-05,20000000.0,14315920.0,3751840.0,19758480.0,5199600.0,0.715625,0.7368421052631579
692,692.0,1.0,160.0,43.0,117.0,25.25,38.0,10.0,28.0,27.0,4448496.0,1149920.0,2258416.0,594320.0,14.0,0.0,51.0,10.0,0.0,2870.0,0.0,5e-05,20000000.0,44484960.0,11499200.0,22584160.0,5943200.0,0.73125,0.7368421052631579
693,693.0,1.0,320.0,94.0,226.0,24.67,171.0,45.0,126.0,27.0,1658384.0,438064.0,1975848.0,519960.0,4.0,0.0,51.0,10.0,0.0,1640.0,0.0,5e-05,20000000.0,16583840.0,4380640.0,19758480.0,5199600.0,0.70625,0.7368421052631579
694,694.0,1.0,160.0,44.0,116.0,24.73,38.0,10.0,28.0,27.0,4415456.0,1172624.0,2258416.0,594320.0,14.0,0.0,51.0,10.0,0.0,1760.0,0.0,5e-05,20000000.0,44154560.0,11726240.0,22584160.0,5943200.0,0.725,0.7368421052631579
695,695.0,1.0,320.0,93.0,227.0,23.84,171.0,52.0,119.0,23.53,1514960.0,402144.0,1305000.0,371872.0,4.0,0.0,51.0,10.0,0.0,3210.0,0.0,5e-05,20000000.0,15149600.0,4021440.0,13050000.0,3718720.0,0.709375,0.695906432748538
696,696.0,1.0,160.0,43.0,117.0,23.88,38.0,10.0,28.0,25.58,4117568.0,1072400.0,1913008.0,479184.0,14.0,0.0,51.0,10.0,0.0,2970.0,0.0,5e-05,20000000.0,41175680.0,10724000.0,19130080.0,4791840.0,0.73125,0.7368421052631579
697,697.0,1.0,320.0,80.0,240.0,26.38,171.0,47.0,124.0,21.41,1915904.0,478976.0,1238048.0,313792.0,4.0,0.0,51.0,10.0,0.0,4650.0,0.0,5e-05,20000000.0,19159040.0,4789760.0,12380480.0,3137920.0,0.75,0.7251461988304093
698,698.0,1.0,320.0,80.0,240.0,26.56,171.0,45.0,126.0,27.0,1942144.0,485536.0,1975848.0,519960.0,4.0,0.0,51.0,10.0,0.0,1870.0,0.0,5e-05,20000000.0,19421440.0,4855360.0,19758480.0,5199600.0,0.75,0.7368421052631579
699,699.0,1.0,290.0,85.0,205.0,25.89,95.0,28.0,67.0,25.58,4593512.0,1269152.0,2125224.0,587592.0,7.0,0.0,51.0,10.0,0.0,1210.0,0.0,5e-05,20000000.0,45935120.0,12691520.0,21252240.0,5875920.0,0.7068965517241379,0.7052631578947368
700,700.0,1.0,160.0,43.0,117.0,22.6,38.0,10.0,28.0,21.42,3943224.0,1033832.0,1797872.0,479184.0,14.0,0.0,51.0,10.0,0.0,4790.0,0.0,5e-05,20000000.0,39432240.0,10338320.0,17978720.0,4791840.0,0.73125,0.7368421052631579
701,701.0,1.0,290.0,85.0,205.0,25.12,95.0,29.0,66.0,24.17,4576392.0,1252032.0,2051736.0,576672.0,7.0,0.0,51.0,10.0,0.0,1010.0,0.0,5e-05,20000000.0,45763920.0,12520320.0,20517360.0,5766720.0,0.7068965517241379,0.6947368421052632
702,702.0,1.0,320.0,80.0,240.0,26.48,171.0,45.0,126.0,27.0,1915904.0,478976.0,1975848.0,519960.0,4.0,0.0,51.0,10.0,0.0,1490.0,0.0,5e-05,20000000.0,19159040.0,4789760.0,19758480.0,5199600.0,0.75,0.7368421052631579
703,703.0,1.0,320.0,90.0,230.0,23.65,171.0,49.0,122.0,25.58,1436072.0,370720.0,1640720.0,446280.0,4.0,0.0,51.0,10.0,0.0,3890.0,0.0,5e-05,20000000.0,14360720.0,3707200.0,16407200.0,4462800.0,0.71875,0.7134502923976608
704,704.0,1.0,320.0,96.0,224.0,23.95,304.0,89.0,215.0,25.58,412072.0,111680.0,1201192.0,329216.0,2.0,0.0,51.0,10.0,0.0,3820.0,0.0,5e-05,20000000.0,4120720.0,1116800.0,12011920.0,3292160.0,0.7,0.7072368421052632
705,705.0,1.0,160.0,45.0,115.0,20.99,38.0,10.0,28.0,18.79,3262704.0,909776.0,1337328.0,364048.0,14.0,0.0,51.0,10.0,0.0,2300.0,0.0,5e-05,20000000.0,32627040.0,9097760.0,13373280.0,3640480.0,0.71875,0.7368421052631579
706,706.0,1.0,290.0,89.0,201.0,23.99,95.0,27.0,68.0,24.16,3532552.0,994304.0,1599648.0,428712.0,7.0,0.0,51.0,10.0,0.0,2130.0,0.0,5e-05,20000000.0,35325520.0,9943040.0,15996480.0,4287120.0,0.6931034482758621,0.7157894736842105
707,707.0,1.0,290.0,81.0,209.0,23.59,95.0,29.0,66.0,22.47,3651912.0,1009120.0,1711776.0,497904.0,7.0,0.0,51.0,10.0,0.0,3010.0,0.0,5e-05,20000000.0,36519120.0,10091200.0,17117760.0,4979040.0,0.7206896551724138,0.6947368421052632
708,708.0,1.0,320.0,89.0,231.0,21.78,171.0,64.0,107.0,18.74,1426048.0,370368.0,1043984.0,313904.0,4.0,0.0,51.0,10.0,0.0,3400.0,0.0,5e-05,20000000.0,14260480.0,3703680.0,10439840.0,3139040.0,0.721875,0.6257309941520468
709,709.0,1.0,320.0,80.0,240.0,26.6,304.0,80.0,224.0,27.0,487424.0,121856.0,1361920.0,358400.0,2.0,0.0,51.0,10.0,0.0,1480.0,0.0,5e-05,20000000.0,4874240.0,1218560.0,13619200.0,3584000.0,0.75,0.7368421052631579
710,710.0,1.0,320.0,115.0,205.0,19.45,304.0,105.0,199.0,21.39,322024.0,90384.0,1014400.0,274920.0,2.0,0.0,51.0,10.0,0.0,3170.0,0.0,5e-05,20000000.0,3220240.0,903840.0,10144000.0,2749200.0,0.640625,0.6546052631578947
711,711.0,1.0,290.0,78.0,212.0,26.45,95.0,25.0,70.0,27.0,4696232.0,1246376.0,2320888.0,610760.0,7.0,0.0,51.0,10.0,0.0,280.0,0.0,5e-05,20000000.0,46962320.0,12463760.0,23208880.0,6107600.0,0.7310344827586207,0.7368421052631579
712,712.0,1.0,160.0,44.0,116.0,25.51,38.0,10.0,28.0,25.58,4491256.0,1210968.0,1797872.0,479184.0,14.0,0.0,51.0,10.0,0.0,2770.0,0.0,5e-05,20000000.0,44912560.0,12109680.0,17978720.0,4791840.0,0.725,0.7368421052631579
713,713.0,1.0,320.0,80.0,240.0,26.65,304.0,80.0,224.0,27.0,494080.0,123520.0,1361920.0,358400.0,2.0,0.0,51.0,10.0,0.0,410.0,0.0,5e-05,20000000.0,4940800.0,1235200.0,13619200.0,3584000.0,0.75,0.7368421052631579
714,714.0,1.0,320.0,80.0,240.0,26.3,304.0,93.0,211.0,25.58,494080.0,123520.0,1253320.0,347136.0,2.0,0.0,51.0,10.0,0.0,1350.0,0.0,5e-05,20000000.0,4940800.0,1235200.0,12533200.0,3471360.0,0.75,0.694078947368421
715,715.0,1.0,290.0,78.0,212.0,23.74,95.0,25.0,70.0,24.18,3121672.0,865576.0,1848216.0,492592.0,7.0,0.0,51.0,10.0,0.0,4190.0,0.0,5e-05,20000000.0,31216720.0,8655760.0,18482160.0,4925920.0,0.7310344827586207,0.7368421052631579
716,716.0,1.0,290.0,81.0,209.0,24.86,95.0,27.0,68.0,25.58,4011912.0,1073440.0,2072320.0,546880.0,7.0,0.0,51.0,10.0,0.0,2260.0,0.0,5e-05,20000000.0,40119120.0,10734400.0,20723200.0,5468800.0,0.7206896551724138,0.7157894736842105
717,717.0,1.0,290.0,79.0,211.0,19.47,95.0,27.0,68.0,21.48,2984232.0,819184.0,1837776.0,507936.0,7.0,0.0,51.0,10.0,0.0,3170.0,0.0,5e-05,20000000.0,29842320.0,8191840.0,18377760.0,5079360.0,0.7275862068965517,0.7157894736842105
718,718.0,1.0,290.0,83.0,207.0,25.56,95.0,25.0,70.0,27.0,4275272.0,1166576.0,2320888.0,610760.0,7.0,0.0,51.0,10.0,0.0,1580.0,0.0,5e-05,20000000.0,42752720.0,11665760.0,23208880.0,6107600.0,0.7137931034482758,0.7368421052631579
719,719.0,1.0,290.0,84.0,206.0,24.83,95.0,29.0,66.0,25.58,4165512.0,1114264.0,2177344.0,601168.0,7.0,0.0,51.0,10.0,0.0,1130.0,0.0,5e-05,20000000.0,41655120.0,11142640.0,21773440.0,6011680.0,0.7103448275862069,0.6947368421052632
720,720.0,1.0,320.0,104.0,216.0,22.62,304.0,93.0,211.0,24.78,317336.0,90920.0,1096936.0,308040.0,2.0,0.0,51.0,10.0,0.0,3590.0,0.0,5e-05,20000000.0,3173360.0,909200.0,10969360.0,3080400.0,0.675,0.694078947368421
721,721.0,1.0,320.0,104.0,216.0,21.16,304.0,97.0,207.0,21.8,331808.0,89312.0,936208.0,256456.0,2.0,0.0,51.0,10.0,0.0,4910.0,0.0,5e-05,20000000.0,3318080.0,893120.0,9362080.0,2564560.0,0.675,0.680921052631579
722,722.0,1.0,290.0,78.0,212.0,26.49,95.0,25.0,70.0,27.0,4651912.0,1248136.0,2320888.0,610760.0,7.0,0.0,51.0,10.0,0.0,640.0,0.0,5e-05,20000000.0,46519120.0,12481360.0,23208880.0,6107600.0,0.7310344827586207,0.7368421052631579
723,723.0,1.0,320.0,80.0,240.0,26.42,171.0,52.0,119.0,24.95,1915904.0,478976.0,1575592.0,434136.0,4.0,0.0,51.0,10.0,0.0,2650.0,0.0,5e-05,20000000.0,19159040.0,4789760.0,15755920.0,4341360.0,0.75,0.695906432748538
724,724.0,1.0,320.0,93.0,227.0,25.15,171.0,45.0,126.0,27.0,1744832.0,458880.0,1975848.0,519960.0,4.0,0.0,51.0,10.0,0.0,860.0,0.0,5e-05,20000000.0,17448320.0,4588800.0,19758480.0,5199600.0,0.709375,0.7368421052631579
725,725.0,1.0,290.0,78.0,212.0,25.05,95.0,25.0,70.0,24.24,3943432.0,1071016.0,1848216.0,492592.0,7.0,0.0,51.0,10.0,0.0,3610.0,0.0,5e-05,20000000.0,39434320.0,10710160.0,18482160.0,4925920.0,0.7310344827586207,0.7368421052631579
726,726.0,1.0,160.0,43.0,117.0,21.27,38.0,10.0,28.0,14.37,3605472.0,953976.0,79728.0,20864.0,14.0,0.0,51.0,10.0,0.0,3420.0,0.0,5e-05,20000000.0,36054720.0,9539760.0,797280.0,208640.0,0.73125,0.7368421052631579
727,727.0,1.0,290.0,78.0,212.0,21.56,95.0,25.0,70.0,25.29,3206792.0,818376.0,1966384.0,492592.0,7.0,0.0,51.0,10.0,0.0,4850.0,0.0,5e-05,20000000.0,32067920.0,8183760.0,19663840.0,4925920.0,0.7310344827586207,0.7368421052631579
728,728.0,1.0,320.0,80.0,240.0,26.5,171.0,45.0,126.0,27.0,1915904.0,478976.0,1975848.0,519960.0,4.0,0.0,51.0,10.0,0.0,810.0,0.0,5e-05,20000000.0,19159040.0,4789760.0,19758480.0,5199600.0,0.75,0.7368421052631579
729,729.0,1.0,320.0,92.0,228.0,24.12,304.0,80.0,224.0,27.0,418640.0,109448.0,1361920.0,358400.0,2.0,0.0,51.0,10.0,0.0,3640.0,0.0,5e-05,20000000.0,4186400.0,1094480.0,13619200.0,3584000.0,0.7125,0.7368421052631579
730,730.0,1.0,320.0,89.0,231.0,25.25,304.0,104.0,200.0,23.83,427928.0,111176.0,1183816.0,344288.0,2.0,0.0,51.0,10.0,0.0,2460.0,0.0,5e-05,20000000.0,4279280.0,1111760.0,11838160.0,3442880.0,0.721875,0.6578947368421053
731,731.0,1.0,160.0,44.0,116.0,24.63,38.0,10.0,28.0,24.16,4389056.0,1170824.0,1452464.0,364048.0,14.0,0.0,51.0,10.0,0.0,1680.0,0.0,5e-05,20000000.0,43890560.0,11708240.0,14524640.0,3640480.0,0.725,0.7368421052631579
732,732.0,1.0,320.0,96.0,224.0,25.25,304.0,80.0,224.0,27.0,461696.0,122880.0,1361920.0,358400.0,2.0,0.0,51.0,10.0,0.0,850.0,0.0,5e-05,20000000.0,4616960.0,1228800.0,13619200.0,3584000.0,0.7,0.7368421052631579
733,733.0,1.0,160.0,43.0,117.0,26.56,38.0,10.0,28.0,27.0,5355000.0,1425952.0,2258416.0,594320.0,14.0,0.0,51.0,10.0,0.0,460.0,0.0,5e-05,20000000.0,53550000.0,14259520.0,22584160.0,5943200.0,0.73125,0.7368421052631579
734,734.0,1.0,290.0,78.0,212.0,17.04,95.0,25.0,70.0,18.94,1944392.0,528456.0,557904.0,140472.0,7.0,0.0,51.0,10.0,0.0,4300.0,0.0,5e-05,20000000.0,19443920.0,5284560.0,5579040.0,1404720.0,0.7310344827586207,0.7368421052631579
735,735.0,1.0,320.0,88.0,232.0,22.54,171.0,45.0,126.0,27.0,1241392.0,318768.0,1975848.0,519960.0,4.0,0.0,51.0,10.0,0.0,4560.0,0.0,5e-05,20000000.0,12413920.0,3187680.0,19758480.0,5199600.0,0.725,0.7368421052631579
736,736.0,1.0,160.0,47.0,113.0,25.59,38.0,10.0,28.0,27.0,4923968.0,1353928.0,2258416.0,594320.0,14.0,0.0,51.0,10.0,0.0,910.0,0.0,5e-05,20000000.0,49239680.0,13539280.0,22584160.0,5943200.0,0.70625,0.7368421052631579
737,737.0,1.0,160.0,44.0,116.0,25.82,38.0,10.0,28.0,27.0,4857952.0,1283248.0,2258416.0,594320.0,14.0,0.0,51.0,10.0,0.0,2080.0,0.0,5e-05,20000000.0,48579520.0,12832480.0,22584160.0,5943200.0,0.725,0.7368421052631579
738,738.0,1.0,290.0,78.0,212.0,26.54,95.0,25.0,70.0,27.0,4764712.0,1263496.0,2320888.0,610760.0,7.0,0.0,51.0,10.0,0.0,950.0,0.0,5e-05,20000000.0,47647120.0,12634960.0,23208880.0,6107600.0,0.7310344827586207,0.7368421052631579
739,739.0,1.0,320.0,88.0,232.0,24.18,304.0,80.0,224.0,25.63,423104.0,109504.0,1089536.0,290304.0,2.0,0.0,51.0,10.0,0.0,4450.0,0.0,5e-05,20000000.0,4231040.0,1095040.0,10895360.0,2903040.0,0.725,0.7368421052631579
740,740.0,1.0,290.0,81.0,209.0,24.92,95.0,27.0,68.0,23.82,3915752.0,1079360.0,2000592.0,548640.0,7.0,0.0,51.0,10.0,0.0,2740.0,0.0,5e-05,20000000.0,39157520.0,10793600.0,20005920.0,5486400.0,0.7206896551724138,0.7157894736842105
741,741.0,1.0,320.0,88.0,232.0,24.1,171.0,54.0,117.0,23.65,1691728.0,437520.0,1243560.0,349200.0,4.0,0.0,51.0,10.0,0.0,3080.0,0.0,5e-05,20000000.0,16917280.0,4375200.0,12435600.0,3492000.0,0.725,0.6842105263157895
742,742.0,1.0,320.0,94.0,226.0,25.25,304.0,80.0,224.0,27.0,452048.0,119536.0,1361920.0,358400.0,2.0,0.0,51.0,10.0,0.0,790.0,0.0,5e-05,20000000.0,4520480.0,1195360.0,13619200.0,3584000.0,0.70625,0.7368421052631579
743,743.0,1.0,160.0,43.0,117.0,23.84,38.0,10.0,28.0,27.0,4134120.0,1110744.0,2258416.0,594320.0,14.0,0.0,51.0,10.0,0.0,2930.0,0.0,5e-05,20000000.0,41341200.0,11107440.0,22584160.0,5943200.0,0.73125,0.7368421052631579
744,744.0,1.0,290.0,78.0,212.0,26.23,95.0,29.0,66.0,25.58,4764712.0,1263496.0,2366808.0,655440.0,7.0,0.0,51.0,10.0,0.0,340.0,0.0,5e-05,20000000.0,47647120.0,12634960.0,23668080.0,6554400.0,0.7310344827586207,0.6947368421052632
745,745.0,1.0,320.0,80.0,240.0,25.88,171.0,63.0,108.0,23.88,1942144.0,485536.0,1721288.0,512816.0,4.0,0.0,51.0,10.0,0.0,1000.0,0.0,5e-05,20000000.0,19421440.0,4855360.0,17212880.0,5128160.0,0.75,0.631578947368421
746,746.0,1.0,160.0,43.0,117.0,25.25,38.0,10.0,28.0,27.0,3977416.0,1071568.0,2258416.0,594320.0,14.0,0.0,51.0,10.0,0.0,2850.0,0.0,5e-05,20000000.0,39774160.0,10715680.0,22584160.0,5943200.0,0.73125,0.7368421052631579
747,747.0,1.0,160.0,43.0,117.0,22.64,38.0,10.0,28.0,21.63,3505368.0,889968.0,1452464.0,364048.0,14.0,0.0,51.0,10.0,0.0,3620.0,0.0,5e-05,20000000.0,35053680.0,8899680.0,14524640.0,3640480.0,0.73125,0.7368421052631579
748,748.0,1.0,290.0,79.0,211.0,22.8,95.0,25.0,70.0,21.34,3795912.0,1009264.0,1493712.0,374424.0,7.0,0.0,51.0,10.0,0.0,3390.0,0.0,5e-05,20000000.0,37959120.0,10092640.0,14937120.0,3744240.0,0.7275862068965517,0.7368421052631579
749,749.0,1.0,320.0,80.0,240.0,26.56,171.0,45.0,126.0,27.0,1942144.0,485536.0,1975848.0,519960.0,4.0,0.0,51.0,10.0,0.0,520.0,0.0,5e-05,20000000.0,19421440.0,4855360.0,19758480.0,5199600.0,0.75,0.7368421052631579
750,750.0,1.0,320.0,80.0,240.0,26.65,304.0,80.0,224.0,27.0,494080.0,123520.0,1361920.0,358400.0,2.0,0.0,51.0,10.0,0.0,350.0,0.0,5e-05,20000000.0,4940800.0,1235200.0,13619200.0,3584000.0,0.75,0.7368421052631579
751,751.0,1.0,320.0,95.0,225.0,22.34,304.0,105.0,199.0,20.05,400592.0,105128.0,866704.0,235824.0,2.0,0.0,51.0,10.0,0.0,3390.0,0.0,5e-05,20000000.0,4005920.0,1051280.0,8667040.0,2358240.0,0.703125,0.6546052631578947
752,752.0,1.0,290.0,77.0,213.0,21.08,95.0,26.0,69.0,19.89,3155432.0,834688.0,1501728.0,416472.0,7.0,0.0,51.0,10.0,0.0,4670.0,0.0,5e-05,20000000.0,31554320.0,8346880.0,15017280.0,4164720.0,0.7344827586206897,0.7263157894736842
753,753.0,1.0,320.0,88.0,232.0,25.25,304.0,95.0,209.0,21.02,423104.0,109504.0,936208.0,260528.0,2.0,0.0,51.0,10.0,0.0,4890.0,0.0,5e-05,20000000.0,4231040.0,1095040.0,9362080.0,2605280.0,0.725,0.6875
754,754.0,1.0,320.0,87.0,233.0,24.74,171.0,48.0,123.0,24.95,1641264.0,422808.0,1407856.0,374488.0,4.0,0.0,51.0,10.0,0.0,3310.0,0.0,5e-05,20000000.0,16412640.0,4228080.0,14078560.0,3744880.0,0.728125,0.7192982456140351
755,755.0,1.0,290.0,82.0,208.0,25.51,95.0,27.0,68.0,24.44,4258152.0,1148648.0,1759400.0,468992.0,7.0,0.0,51.0,10.0,0.0,2650.0,0.0,5e-05,20000000.0,42581520.0,11486480.0,17594000.0,4689920.0,0.7172413793103448,0.7157894736842105
756,756.0,1.0,290.0,81.0,209.0,25.64,95.0,26.0,69.0,25.58,4285832.0,1141920.0,2019808.0,519736.0,7.0,0.0,51.0,10.0,0.0,2230.0,0.0,5e-05,20000000.0,42858320.0,11419200.0,20198080.0,5197360.0,0.7206896551724138,0.7263157894736842
757,757.0,1.0,320.0,89.0,231.0,21.78,171.0,49.0,122.0,22.58,1264936.0,319312.0,1202552.0,305560.0,4.0,0.0,51.0,10.0,0.0,4910.0,0.0,5e-05,20000000.0,12649360.0,3193120.0,12025520.0,3055600.0,0.721875,0.7134502923976608
758,758.0,1.0,320.0,89.0,231.0,25.3,304.0,80.0,224.0,27.0,434584.0,112840.0,1361920.0,358400.0,2.0,0.0,51.0,10.0,0.0,3270.0,0.0,5e-05,20000000.0,4345840.0,1128400.0,13619200.0,3584000.0,0.721875,0.7368421052631579
759,759.0,1.0,160.0,43.0,117.0,23.79,38.0,10.0,28.0,21.53,4232544.0,1110744.0,1452464.0,364048.0,14.0,0.0,51.0,10.0,0.0,4880.0,0.0,5e-05,20000000.0,42325440.0,11107440.0,14524640.0,3640480.0,0.73125,0.7368421052631579
760,760.0,1.0,160.0,43.0,117.0,24.12,38.0,10.0,28.0,25.58,3940792.0,1072400.0,1797872.0,479184.0,14.0,0.0,51.0,10.0,0.0,3220.0,0.0,5e-05,20000000.0,39407920.0,10724000.0,17978720.0,4791840.0,0.73125,0.7368421052631579
761,761.0,1.0,320.0,106.0,214.0,20.76,304.0,103.0,201.0,21.94,304112.0,88144.0,931864.0,278992.0,2.0,0.0,51.0,10.0,0.0,4430.0,0.0,5e-05,20000000.0,3041120.0,881440.0,9318640.0,2789920.0,0.66875,0.6611842105263158
762,762.0,1.0,290.0,85.0,205.0,25.66,95.0,25.0,70.0,27.0,4446472.0,1219552.0,2320888.0,610760.0,7.0,0.0,51.0,10.0,0.0,850.0,0.0,5e-05,20000000.0,44464720.0,12195520.0,23208880.0,6107600.0,0.7068965517241379,0.7368421052631579
763,763.0,1.0,320.0,90.0,230.0,24.85,304.0,95.0,209.0,23.32,432752.0,112848.0,1096936.0,286592.0,2.0,0.0,51.0,10.0,0.0,2730.0,0.0,5e-05,20000000.0,4327520.0,1128480.0,10969360.0,2865920.0,0.71875,0.6875
764,764.0,1.0,320.0,89.0,231.0,24.72,171.0,56.0,115.0,22.63,1676504.0,439192.0,1408400.0,391200.0,4.0,0.0,51.0,10.0,0.0,2950.0,0.0,5e-05,20000000.0,16765040.0,4391920.0,14084000.0,3912000.0,0.721875,0.672514619883041
765,765.0,1.0,160.0,43.0,117.0,25.51,38.0,10.0,28.0,27.0,4807864.0,1289168.0,2258416.0,594320.0,14.0,0.0,51.0,10.0,0.0,2440.0,0.0,5e-05,20000000.0,48078640.0,12891680.0,22584160.0,5943200.0,0.73125,0.7368421052631579
766,766.0,1.0,290.0,78.0,212.0,24.34,95.0,25.0,70.0,25.58,3891592.0,1058056.0,1848216.0,492592.0,7.0,0.0,51.0,10.0,0.0,4690.0,0.0,5e-05,20000000.0,38915920.0,10580560.0,18482160.0,4925920.0,0.7310344827586207,0.7368421052631579
767,767.0,1.0,320.0,80.0,240.0,26.42,171.0,63.0,108.0,23.72,1915904.0,478976.0,1595944.0,481480.0,4.0,0.0,51.0,10.0,0.0,1500.0,0.0,5e-05,20000000.0,19159040.0,4789760.0,15959440.0,4814800.0,0.75,0.631578947368421
768,768.0,1.0,320.0,80.0,240.0,26.6,304.0,80.0,224.0,27.0,487424.0,121856.0,1361920.0,358400.0,2.0,0.0,51.0,10.0,0.0,2560.0,0.0,5e-05,20000000.0,4874240.0,1218560.0,13619200.0,3584000.0,0.75,0.7368421052631579
769,769.0,1.0,320.0,80.0,240.0,26.6,304.0,93.0,211.0,25.58,487424.0,121856.0,1253320.0,347136.0,2.0,0.0,51.0,10.0,0.0,1650.0,0.0,5e-05,20000000.0,4874240.0,1218560.0,12533200.0,3471360.0,0.75,0.694078947368421
770,770.0,1.0,320.0,102.0,218.0,22.69,304.0,102.0,202.0,21.84,367304.0,104088.0,920240.0,266176.0,2.0,0.0,51.0,10.0,0.0,3910.0,0.0,5e-05,20000000.0,3673040.0,1040880.0,9202400.0,2661760.0,0.68125,0.6644736842105263
771,771.0,1.0,160.0,44.0,116.0,25.15,38.0,10.0,28.0,27.0,4336496.0,1172472.0,2258416.0,594320.0,14.0,0.0,51.0,10.0,0.0,2430.0,0.0,5e-05,20000000.0,43364960.0,11724720.0,22584160.0,5943200.0,0.725,0.7368421052631579
772,772.0,1.0,290.0,78.0,212.0,21.63,95.0,25.0,70.0,23.11,3155432.0,852616.0,1375544.0,374424.0,7.0,0.0,51.0,10.0,0.0,4370.0,0.0,5e-05,20000000.0,31554320.0,8526160.0,13755440.0,3744240.0,0.7310344827586207,0.7368421052631579
773,773.0,1.0,320.0,92.0,228.0,24.94,304.0,80.0,224.0,27.0,442400.0,116192.0,1361920.0,358400.0,2.0,0.0,51.0,10.0,0.0,2640.0,0.0,5e-05,20000000.0,4424000.0,1161920.0,13619200.0,3584000.0,0.7125,0.7368421052631579
774,774.0,1.0,320.0,80.0,240.0,26.6,304.0,80.0,224.0,27.0,487424.0,121856.0,1361920.0,358400.0,2.0,0.0,51.0,10.0,0.0,30.0,0.0,5e-05,20000000.0,4874240.0,1218560.0,13619200.0,3584000.0,0.75,0.7368421052631579
775,775.0,1.0,320.0,80.0,240.0,26.6,304.0,80.0,224.0,27.0,487424.0,121856.0,1361920.0,358400.0,2.0,0.0,51.0,10.0,0.0,770.0,0.0,5e-05,20000000.0,4874240.0,1218560.0,13619200.0,3584000.0,0.75,0.7368421052631579
776,776.0,1.0,160.0,43.0,117.0,21.74,38.0,10.0,28.0,21.42,3052424.0,776296.0,1452464.0,364048.0,14.0,0.0,51.0,10.0,0.0,4200.0,0.0,5e-05,20000000.0,30524240.0,7762960.0,14524640.0,3640480.0,0.73125,0.7368421052631579
777,777.0,1.0,290.0,81.0,209.0,25.64,95.0,25.0,70.0,27.0,4302952.0,1141920.0,2320888.0,610760.0,7.0,0.0,51.0,10.0,0.0,2080.0,0.0,5e-05,20000000.0,43029520.0,11419200.0,23208880.0,6107600.0,0.7206896551724138,0.7368421052631579
778,778.0,1.0,320.0,94.0,226.0,25.15,171.0,66.0,105.0,22.02,1794592.0,473632.0,1360808.0,371984.0,4.0,0.0,51.0,10.0,0.0,1200.0,0.0,5e-05,20000000.0,17945920.0,4736320.0,13608080.0,3719840.0,0.70625,0.6140350877192983
779,779.0,1.0,160.0,44.0,116.0,26.48,38.0,10.0,28.0,27.0,5195968.0,1387800.0,2258416.0,594320.0,14.0,0.0,51.0,10.0,0.0,120.0,0.0,5e-05,20000000.0,51959680.0,13878000.0,22584160.0,5943200.0,0.725,0.7368421052631579
780,780.0,1.0,160.0,43.0,117.0,26.27,38.0,10.0,28.0,25.58,4998152.0,1326752.0,1797872.0,479184.0,14.0,0.0,51.0,10.0,0.0,1910.0,0.0,5e-05,20000000.0,49981520.0,13267520.0,17978720.0,4791840.0,0.73125,0.7368421052631579
781,781.0,1.0,320.0,80.0,240.0,26.5,304.0,94.0,210.0,23.98,479744.0,119936.0,1123000.0,290800.0,2.0,0.0,51.0,10.0,0.0,3540.0,0.0,5e-05,20000000.0,4797440.0,1199360.0,11230000.0,2908000.0,0.75,0.6907894736842105
782,782.0,1.0,290.0,78.0,212.0,24.84,95.0,26.0,69.0,23.87,3874952.0,1053896.0,1606752.0,442728.0,7.0,0.0,51.0,10.0,0.0,3670.0,0.0,5e-05,20000000.0,38749520.0,10538960.0,16067520.0,4427280.0,0.7310344827586207,0.7263157894736842
783,783.0,1.0,320.0,80.0,240.0,26.65,304.0,80.0,224.0,27.0,494080.0,123520.0,1361920.0,358400.0,2.0,0.0,51.0,10.0,0.0,80.0,0.0,5e-05,20000000.0,4940800.0,1235200.0,13619200.0,3584000.0,0.75,0.7368421052631579
784,784.0,1.0,290.0,78.0,212.0,26.59,95.0,25.0,70.0,27.0,4720392.0,1265256.0,2320888.0,610760.0,7.0,0.0,51.0,10.0,0.0,1470.0,0.0,5e-05,20000000.0,47203920.0,12652560.0,23208880.0,6107600.0,0.7310344827586207,0.7368421052631579
785,785.0,1.0,160.0,43.0,117.0,26.4,38.0,10.0,28.0,27.0,5316432.0,1387384.0,2258416.0,594320.0,14.0,0.0,51.0,10.0,0.0,540.0,0.0,5e-05,20000000.0,53164320.0,13873840.0,22584160.0,5943200.0,0.73125,0.7368421052631579
786,786.0,1.0,290.0,78.0,212.0,26.59,95.0,25.0,70.0,27.0,4720392.0,1265256.0,2320888.0,610760.0,7.0,0.0,51.0,10.0,0.0,1570.0,0.0,5e-05,20000000.0,47203920.0,12652560.0,23208880.0,6107600.0,0.7310344827586207,0.7368421052631579
787,787.0,1.0,160.0,43.0,117.0,19.34,38.0,10.0,28.0,22.84,2734904.0,770928.0,1797872.0,479184.0,14.0,0.0,51.0,10.0,0.0,3530.0,0.0,5e-05,20000000.0,27349040.0,7709280.0,17978720.0,4791840.0,0.73125,0.7368421052631579
788,788.0,1.0,160.0,44.0,116.0,24.31,38.0,10.0,28.0,24.16,3695384.0,968000.0,1452464.0,364048.0,14.0,0.0,51.0,10.0,0.0,2100.0,0.0,5e-05,20000000.0,36953840.0,9680000.0,14524640.0,3640480.0,0.725,0.7368421052631579
789,789.0,1.0,160.0,43.0,117.0,23.12,38.0,10.0,28.0,19.95,3338656.0,877672.0,79728.0,20864.0,14.0,0.0,51.0,10.0,0.0,4710.0,0.0,5e-05,20000000.0,33386560.0,8776720.0,797280.0,208640.0,0.73125,0.7368421052631579
790,790.0,1.0,290.0,78.0,212.0,22.54,95.0,26.0,69.0,23.21,3213832.0,854376.0,1657504.0,429160.0,7.0,0.0,51.0,10.0,0.0,3520.0,0.0,5e-05,20000000.0,32138320.0,8543760.0,16575040.0,4291600.0,0.7310344827586207,0.7263157894736842
791,791.0,1.0,290.0,86.0,204.0,25.38,95.0,25.0,70.0,27.0,4343752.0,1186120.0,2320888.0,610760.0,7.0,0.0,51.0,10.0,0.0,790.0,0.0,5e-05,20000000.0,43437520.0,11861200.0,23208880.0,6107600.0,0.7034482758620689,0.7368421052631579
792,792.0,1.0,160.0,45.0,115.0,24.06,38.0,10.0,28.0,21.42,4529400.0,1172680.0,1452464.0,364048.0,14.0,0.0,51.0,10.0,0.0,1750.0,0.0,5e-05,20000000.0,45294000.0,11726800.0,14524640.0,3640480.0,0.71875,0.7368421052631579
793,793.0,1.0,290.0,107.0,183.0,6.99,95.0,59.0,36.0,1.45,861352.0,242608.0,83904.0,51936.0,7.0,0.0,51.0,10.0,0.0,2000.0,0.0,5e-05,20000000.0,8613520.0,2426080.0,839040.0,519360.0,0.6310344827586207,0.3789473684210526
794,794.0,1.0,320.0,80.0,240.0,26.41,171.0,51.0,120.0,25.58,1880192.0,470048.0,1655912.0,455240.0,4.0,0.0,51.0,10.0,0.0,2110.0,0.0,5e-05,20000000.0,18801920.0,4700480.0,16559120.0,4552400.0,0.75,0.7017543859649122
795,795.0,1.0,160.0,43.0,117.0,26.45,38.0,10.0,28.0,27.0,5078216.0,1346768.0,2258416.0,594320.0,14.0,0.0,51.0,10.0,0.0,770.0,0.0,5e-05,20000000.0,50782160.0,13467680.0,22584160.0,5943200.0,0.73125,0.7368421052631579
796,796.0,1.0,160.0,43.0,117.0,25.33,38.0,10.0,28.0,24.26,4647896.0,1249176.0,1797872.0,479184.0,14.0,0.0,51.0,10.0,0.0,3180.0,0.0,5e-05,20000000.0,46478960.0,12491760.0,17978720.0,4791840.0,0.73125,0.7368421052631579
797,797.0,1.0,320.0,80.0,240.0,26.6,304.0,80.0,224.0,27.0,487424.0,121856.0,1361920.0,358400.0,2.0,0.0,51.0,10.0,0.0,3850.0,0.0,5e-05,20000000.0,4874240.0,1218560.0,13619200.0,3584000.0,0.75,0.7368421052631579
798,798.0,1.0,320.0,95.0,225.0,24.23,171.0,48.0,123.0,25.58,1516032.0,396000.0,1735024.0,450896.0,4.0,0.0,51.0,10.0,0.0,2780.0,0.0,5e-05,20000000.0,15160320.0,3960000.0,17350240.0,4508960.0,0.703125,0.7192982456140351
799,799.0,1.0,320.0,117.0,203.0,19.74,304.0,116.0,188.0,20.67,313760.0,85632.0,918832.0,250352.0,2.0,0.0,51.0,10.0,0.0,2800.0,0.0,5e-05,20000000.0,3137600.0,856320.0,9188320.0,2503520.0,0.634375,0.618421052631579
800,800.0,1.0,160.0,43.0,117.0,22.46,38.0,10.0,28.0,20.11,3901616.0,1033224.0,1337328.0,364048.0,14.0,0.0,51.0,10.0,0.0,4530.0,0.0,5e-05,20000000.0,39016160.0,10332240.0,13373280.0,3640480.0,0.73125,0.7368421052631579
801,801.0,1.0,160.0,43.0,117.0,21.52,38.0,10.0,28.0,24.16,2678800.0,737120.0,1797872.0,479184.0,14.0,0.0,51.0,10.0,0.0,3470.0,0.0,5e-05,20000000.0,26788000.0,7371200.0,17978720.0,4791840.0,0.73125,0.7368421052631579
802,802.0,1.0,320.0,80.0,240.0,26.65,304.0,80.0,224.0,27.0,494080.0,123520.0,1361920.0,358400.0,2.0,0.0,51.0,10.0,0.0,380.0,0.0,5e-05,20000000.0,4940800.0,1235200.0,13619200.0,3584000.0,0.75,0.7368421052631579
803,803.0,1.0,320.0,80.0,240.0,26.6,304.0,80.0,224.0,27.0,487424.0,121856.0,1361920.0,358400.0,2.0,0.0,51.0,10.0,0.0,1570.0,0.0,5e-05,20000000.0,4874240.0,1218560.0,13619200.0,3584000.0,0.75,0.7368421052631579
804,804.0,1.0,290.0,78.0,212.0,25.89,95.0,25.0,70.0,25.58,4370952.0,1143656.0,1966384.0,492592.0,7.0,0.0,51.0,10.0,0.0,4940.0,0.0,5e-05,20000000.0,43709520.0,11436560.0,19663840.0,4925920.0,0.7310344827586207,0.7368421052631579
805,805.0,1.0,290.0,78.0,212.0,20.45,95.0,25.0,70.0,14.12,2830152.0,732776.0,75696.0,19920.0,7.0,0.0,51.0,10.0,0.0,5000.0,0.0,5e-05,20000000.0,28301520.0,7327760.0,756960.0,199200.0,0.7310344827586207,0.7368421052631579
806,806.0,1.0,290.0,79.0,211.0,26.21,95.0,25.0,70.0,27.0,4514952.0,1214704.0,2320888.0,610760.0,7.0,0.0,51.0,10.0,0.0,1660.0,0.0,5e-05,20000000.0,45149520.0,12147040.0,23208880.0,6107600.0,0.7275862068965517,0.7368421052631579
807,807.0,1.0,160.0,43.0,117.0,24.5,38.0,10.0,28.0,24.16,3676568.0,1006344.0,1797872.0,479184.0,14.0,0.0,51.0,10.0,0.0,4190.0,0.0,5e-05,20000000.0,36765680.0,10063440.0,17978720.0,4791840.0,0.73125,0.7368421052631579
808,808.0,1.0,290.0,78.0,212.0,26.36,95.0,25.0,70.0,27.0,4747592.0,1246376.0,2320888.0,610760.0,7.0,0.0,51.0,10.0,0.0,290.0,0.0,5e-05,20000000.0,47475920.0,12463760.0,23208880.0,6107600.0,0.7310344827586207,0.7368421052631579
809,809.0,1.0,320.0,80.0,240.0,26.6,304.0,93.0,211.0,25.58,487424.0,121856.0,1253320.0,347136.0,2.0,0.0,51.0,10.0,0.0,1610.0,0.0,5e-05,20000000.0,4874240.0,1218560.0,12533200.0,3471360.0,0.75,0.694078947368421
810,810.0,1.0,290.0,78.0,212.0,21.8,95.0,26.0,69.0,23.11,2665992.0,717416.0,1547136.0,401568.0,7.0,0.0,51.0,10.0,0.0,4260.0,0.0,5e-05,20000000.0,26659920.0,7174160.0,15471360.0,4015680.0,0.7310344827586207,0.7263157894736842
811,811.0,1.0,320.0,80.0,240.0,26.54,171.0,45.0,126.0,27.0,1942144.0,485536.0,1975848.0,519960.0,4.0,0.0,51.0,10.0,0.0,940.0,0.0,5e-05,20000000.0,19421440.0,4855360.0,19758480.0,5199600.0,0.75,0.7368421052631579
812,812.0,1.0,290.0,78.0,212.0,20.83,95.0,26.0,69.0,23.59,2659432.0,728616.0,1603232.0,441848.0,7.0,0.0,51.0,10.0,0.0,4180.0,0.0,5e-05,20000000.0,26594320.0,7286160.0,16032320.0,4418480.0,0.7310344827586207,0.7263157894736842
813,813.0,1.0,290.0,78.0,212.0,24.07,95.0,25.0,70.0,27.0,3823112.0,1023816.0,2320888.0,610760.0,7.0,0.0,51.0,10.0,0.0,3280.0,0.0,5e-05,20000000.0,38231120.0,10238160.0,23208880.0,6107600.0,0.7310344827586207,0.7368421052631579
814,814.0,1.0,320.0,94.0,226.0,23.04,171.0,51.0,120.0,22.44,1438624.0,370560.0,1240280.0,327664.0,4.0,0.0,51.0,10.0,0.0,3700.0,0.0,5e-05,20000000.0,14386240.0,3705600.0,12402800.0,3276640.0,0.70625,0.7017543859649122
815,815.0,1.0,320.0,93.0,227.0,24.53,171.0,49.0,122.0,24.96,1550112.0,409984.0,1604336.0,437184.0,4.0,0.0,51.0,10.0,0.0,3110.0,0.0,5e-05,20000000.0,15501120.0,4099840.0,16043360.0,4371840.0,0.709375,0.7134502923976608
816,816.0,1.0,320.0,96.0,224.0,23.34,304.0,88.0,216.0,25.16,368912.0,100488.0,1188160.0,324736.0,2.0,0.0,51.0,10.0,0.0,3960.0,0.0,5e-05,20000000.0,3689120.0,1004880.0,11881600.0,3247360.0,0.7,0.7105263157894737
817,817.0,1.0,320.0,105.0,215.0,23.91,304.0,94.0,210.0,25.58,419888.0,115416.0,1275040.0,351616.0,2.0,0.0,51.0,10.0,0.0,1520.0,0.0,5e-05,20000000.0,4198880.0,1154160.0,12750400.0,3516160.0,0.671875,0.6907894736842105
818,818.0,1.0,160.0,43.0,117.0,26.4,38.0,10.0,28.0,27.0,5078216.0,1346768.0,2258416.0,594320.0,14.0,0.0,51.0,10.0,0.0,630.0,0.0,5e-05,20000000.0,50782160.0,13467680.0,22584160.0,5943200.0,0.73125,0.7368421052631579
819,819.0,1.0,160.0,43.0,117.0,23.34,38.0,10.0,28.0,24.16,3860504.0,1052328.0,1337328.0,364048.0,14.0,0.0,51.0,10.0,0.0,3050.0,0.0,5e-05,20000000.0,38605040.0,10523280.0,13373280.0,3640480.0,0.73125,0.7368421052631579
820,820.0,1.0,160.0,43.0,117.0,24.23,38.0,10.0,28.0,22.79,4097496.0,1111576.0,1797872.0,479184.0,14.0,0.0,51.0,10.0,0.0,3030.0,0.0,5e-05,20000000.0,40974960.0,11115760.0,17978720.0,4791840.0,0.73125,0.7368421052631579
821,821.0,1.0,290.0,78.0,212.0,22.14,95.0,25.0,70.0,20.63,2967592.0,779976.0,1021040.0,256256.0,7.0,0.0,51.0,10.0,0.0,4590.0,0.0,5e-05,20000000.0,29675920.0,7799760.0,10210400.0,2562560.0,0.7310344827586207,0.7368421052631579
822,822.0,1.0,290.0,86.0,204.0,23.49,95.0,28.0,67.0,25.32,3720872.0,1026120.0,2180864.0,601160.0,7.0,0.0,51.0,10.0,0.0,2060.0,0.0,5e-05,20000000.0,37208720.0,10261200.0,21808640.0,6011600.0,0.7034482758620689,0.7052631578947368
823,823.0,1.0,160.0,50.0,110.0,24.91,38.0,14.0,24.0,22.74,4922224.0,1357584.0,1740304.0,486640.0,14.0,0.0,51.0,10.0,0.0,400.0,0.0,5e-05,20000000.0,49222240.0,13575840.0,17403040.0,4866400.0,0.6875,0.631578947368421
824,824.0,1.0,320.0,106.0,214.0,20.57,304.0,98.0,206.0,21.58,344536.0,88200.0,944896.0,243560.0,2.0,0.0,51.0,10.0,0.0,4960.0,0.0,5e-05,20000000.0,3445360.0,882000.0,9448960.0,2435600.0,0.66875,0.6776315789473685
825,825.0,1.0,320.0,91.0,229.0,25.21,171.0,45.0,126.0,27.0,1664488.0,436016.0,1975848.0,519960.0,4.0,0.0,51.0,10.0,0.0,1820.0,0.0,5e-05,20000000.0,16644880.0,4360160.0,19758480.0,5199600.0,0.715625,0.7368421052631579
826,826.0,1.0,320.0,90.0,230.0,24.7,304.0,80.0,224.0,27.0,429536.0,112848.0,1361920.0,358400.0,2.0,0.0,51.0,10.0,0.0,3870.0,0.0,5e-05,20000000.0,4295360.0,1128480.0,13619200.0,3584000.0,0.71875,0.7368421052631579
827,827.0,1.0,320.0,80.0,240.0,26.42,171.0,49.0,122.0,24.85,1915904.0,478976.0,1708328.0,455376.0,4.0,0.0,51.0,10.0,0.0,2880.0,0.0,5e-05,20000000.0,19159040.0,4789760.0,17083280.0,4553760.0,0.75,0.7134502923976608
828,828.0,1.0,320.0,80.0,240.0,26.65,304.0,80.0,224.0,27.0,494080.0,123520.0,1361920.0,358400.0,2.0,0.0,51.0,10.0,0.0,1930.0,0.0,5e-05,20000000.0,4940800.0,1235200.0,13619200.0,3584000.0,0.75,0.7368421052631579
829,829.0,1.0,290.0,78.0,212.0,23.6,95.0,25.0,70.0,27.0,3823592.0,1019656.0,2320888.0,610760.0,7.0,0.0,51.0,10.0,0.0,4150.0,0.0,5e-05,20000000.0,38235920.0,10196560.0,23208880.0,6107600.0,0.7310344827586207,0.7368421052631579
830,830.0,1.0,320.0,89.0,231.0,23.98,171.0,50.0,121.0,23.54,1347008.0,343864.0,1398896.0,380104.0,4.0,0.0,51.0,10.0,0.0,4190.0,0.0,5e-05,20000000.0,13470080.0,3438640.0,13988960.0,3801040.0,0.721875,0.7076023391812866
831,831.0,1.0,320.0,80.0,240.0,26.5,171.0,50.0,121.0,24.99,1942144.0,485536.0,1533912.0,414376.0,4.0,0.0,51.0,10.0,0.0,1410.0,0.0,5e-05,20000000.0,19421440.0,4855360.0,15339120.0,4143760.0,0.75,0.7076023391812866
832,832.0,1.0,320.0,80.0,240.0,25.41,171.0,58.0,113.0,17.79,1880192.0,470048.0,630784.0,207568.0,4.0,0.0,51.0,10.0,0.0,5000.0,0.0,5e-05,20000000.0,18801920.0,4700480.0,6307840.0,2075680.0,0.75,0.6608187134502924
833,833.0,1.0,160.0,43.0,117.0,20.88,38.0,10.0,28.0,18.68,2835504.0,776296.0,1337328.0,364048.0,14.0,0.0,51.0,10.0,0.0,2800.0,0.0,5e-05,20000000.0,28355040.0,7762960.0,13373280.0,3640480.0,0.73125,0.7368421052631579
834,834.0,1.0,290.0,78.0,212.0,17.13,95.0,27.0,68.0,12.97,2521992.0,681416.0,372720.0,128544.0,7.0,0.0,51.0,10.0,0.0,4010.0,0.0,5e-05,20000000.0,25219920.0,6814160.0,3727200.0,1285440.0,0.7310344827586207,0.7157894736842105
835,835.0,1.0,160.0,43.0,117.0,16.84,38.0,10.0,28.0,16.0,2463784.0,658760.0,540272.0,136000.0,14.0,0.0,51.0,10.0,0.0,4300.0,0.0,5e-05,20000000.0,24637840.0,6587600.0,5402720.0,1360000.0,0.73125,0.7368421052631579
836,836.0,1.0,320.0,80.0,240.0,26.42,171.0,55.0,116.0,23.28,1915904.0,478976.0,1280712.0,364776.0,4.0,0.0,51.0,10.0,0.0,2500.0,0.0,5e-05,20000000.0,19159040.0,4789760.0,12807120.0,3647760.0,0.75,0.6783625730994152
837,837.0,1.0,320.0,80.0,240.0,26.65,304.0,80.0,224.0,27.0,494080.0,123520.0,1361920.0,358400.0,2.0,0.0,51.0,10.0,0.0,540.0,0.0,5e-05,20000000.0,4940800.0,1235200.0,13619200.0,3584000.0,0.75,0.7368421052631579
838,838.0,1.0,160.0,43.0,117.0,17.37,38.0,10.0,28.0,18.79,2916408.0,777128.0,1337328.0,364048.0,14.0,0.0,51.0,10.0,0.0,4120.0,0.0,5e-05,20000000.0,29164080.0,7771280.0,13373280.0,3640480.0,0.73125,0.7368421052631579
839,839.0,1.0,320.0,87.0,233.0,25.06,171.0,45.0,126.0,27.0,1528016.0,394280.0,1975848.0,519960.0,4.0,0.0,51.0,10.0,0.0,3580.0,0.0,5e-05,20000000.0,15280160.0,3942800.0,19758480.0,5199600.0,0.728125,0.7368421052631579
840,840.0,1.0,320.0,80.0,240.0,26.5,304.0,80.0,224.0,27.0,479744.0,119936.0,1361920.0,358400.0,2.0,0.0,51.0,10.0,0.0,180.0,0.0,5e-05,20000000.0,4797440.0,1199360.0,13619200.0,3584000.0,0.75,0.7368421052631579
841,841.0,1.0,320.0,91.0,229.0,23.18,171.0,49.0,122.0,25.58,1346536.0,356096.0,1568840.0,428088.0,4.0,0.0,51.0,10.0,0.0,3350.0,0.0,5e-05,20000000.0,13465360.0,3560960.0,15688400.0,4280880.0,0.715625,0.7134502923976608
842,842.0,1.0,290.0,77.0,213.0,20.09,95.0,26.0,69.0,21.32,2778792.0,731968.0,1186656.0,311448.0,7.0,0.0,51.0,10.0,0.0,4680.0,0.0,5e-05,20000000.0,27787920.0,7319680.0,11866560.0,3114480.0,0.7344827586206897,0.7263157894736842
843,843.0,1.0,160.0,43.0,117.0,19.86,38.0,10.0,28.0,24.16,3168240.0,795456.0,1913008.0,479184.0,14.0,0.0,51.0,10.0,0.0,3290.0,0.0,5e-05,20000000.0,31682400.0,7954560.0,19130080.0,4791840.0,0.73125,0.7368421052631579
844,844.0,1.0,320.0,97.0,223.0,23.61,304.0,94.0,210.0,25.22,397376.0,106864.0,1257664.0,347272.0,2.0,0.0,51.0,10.0,0.0,2840.0,0.0,5e-05,20000000.0,3973760.0,1068640.0,12576640.0,3472720.0,0.696875,0.6907894736842105
845,845.0,1.0,320.0,80.0,240.0,26.5,171.0,45.0,126.0,27.0,1915904.0,478976.0,1975848.0,519960.0,4.0,0.0,51.0,10.0,0.0,760.0,0.0,5e-05,20000000.0,19159040.0,4789760.0,19758480.0,5199600.0,0.75,0.7368421052631579
846,846.0,1.0,320.0,103.0,217.0,19.92,171.0,55.0,116.0,21.8,1205584.0,344808.0,1381336.0,399568.0,4.0,0.0,51.0,10.0,0.0,3710.0,0.0,5e-05,20000000.0,12055840.0,3448080.0,13813360.0,3995680.0,0.678125,0.6783625730994152
847,847.0,1.0,320.0,80.0,240.0,26.65,304.0,80.0,224.0,27.0,494080.0,123520.0,1361920.0,358400.0,2.0,0.0,51.0,10.0,0.0,930.0,0.0,5e-05,20000000.0,4940800.0,1235200.0,13619200.0,3584000.0,0.75,0.7368421052631579
848,848.0,1.0,320.0,107.0,213.0,22.64,304.0,92.0,212.0,24.55,355792.0,101128.0,1153408.0,316592.0,2.0,0.0,51.0,10.0,0.0,3260.0,0.0,5e-05,20000000.0,3557920.0,1011280.0,11534080.0,3165920.0,0.665625,0.6973684210526315
849,849.0,1.0,160.0,43.0,117.0,25.56,38.0,10.0,28.0,25.58,4697080.0,1261472.0,1797872.0,479184.0,14.0,0.0,51.0,10.0,0.0,2050.0,0.0,5e-05,20000000.0,46970800.0,12614720.0,17978720.0,4791840.0,0.73125,0.7368421052631579
850,850.0,1.0,320.0,99.0,221.0,22.66,171.0,57.0,114.0,23.21,1439496.0,385072.0,1276664.0,378488.0,4.0,0.0,51.0,10.0,0.0,3070.0,0.0,5e-05,20000000.0,14394960.0,3850720.0,12766640.0,3784880.0,0.690625,0.6666666666666666
851,851.0,1.0,290.0,77.0,213.0,22.83,95.0,26.0,69.0,21.6,3412232.0,920288.0,1501728.0,416472.0,7.0,0.0,51.0,10.0,0.0,3760.0,0.0,5e-05,20000000.0,34122320.0,9202880.0,15017280.0,4164720.0,0.7344827586206897,0.7263157894736842
852,852.0,1.0,320.0,80.0,240.0,26.65,304.0,80.0,224.0,27.0,494080.0,123520.0,1361920.0,358400.0,2.0,0.0,51.0,10.0,0.0,450.0,0.0,5e-05,20000000.0,4940800.0,1235200.0,13619200.0,3584000.0,0.75,0.7368421052631579
853,853.0,1.0,290.0,78.0,212.0,26.0,95.0,25.0,70.0,27.0,4426792.0,1179016.0,2320888.0,610760.0,7.0,0.0,51.0,10.0,0.0,1190.0,0.0,5e-05,20000000.0,44267920.0,11790160.0,23208880.0,6107600.0,0.7310344827586207,0.7368421052631579
854,854.0,1.0,160.0,43.0,117.0,26.5,38.0,10.0,28.0,27.0,5090776.0,1359896.0,2258416.0,594320.0,14.0,0.0,51.0,10.0,0.0,190.0,0.0,5e-05,20000000.0,50907760.0,13598960.0,22584160.0,5943200.0,0.73125,0.7368421052631579
855,855.0,1.0,160.0,43.0,117.0,26.61,38.0,10.0,28.0,27.0,5355000.0,1425952.0,2258416.0,594320.0,14.0,0.0,51.0,10.0,0.0,990.0,0.0,5e-05,20000000.0,53550000.0,14259520.0,22584160.0,5943200.0,0.73125,0.7368421052631579
856,856.0,1.0,320.0,80.0,240.0,26.6,304.0,95.0,209.0,25.58,487424.0,121856.0,1279384.0,356096.0,2.0,0.0,51.0,10.0,0.0,590.0,0.0,5e-05,20000000.0,4874240.0,1218560.0,12793840.0,3560960.0,0.75,0.6875
857,857.0,1.0,320.0,99.0,221.0,19.06,171.0,54.0,117.0,19.72,1058120.0,293432.0,888888.0,253960.0,4.0,0.0,51.0,10.0,0.0,4360.0,0.0,5e-05,20000000.0,10581200.0,2934320.0,8888880.0,2539600.0,0.690625,0.6842105263157895
858,858.0,1.0,160.0,43.0,117.0,23.9,38.0,10.0,28.0,27.0,4460088.0,1163048.0,2258416.0,594320.0,14.0,0.0,51.0,10.0,0.0,4580.0,0.0,5e-05,20000000.0,44600880.0,11630480.0,22584160.0,5943200.0,0.73125,0.7368421052631579
859,859.0,1.0,320.0,80.0,240.0,26.48,171.0,45.0,126.0,27.0,1915904.0,478976.0,1975848.0,519960.0,4.0,0.0,51.0,10.0,0.0,1730.0,0.0,5e-05,20000000.0,19159040.0,4789760.0,19758480.0,5199600.0,0.75,0.7368421052631579
860,860.0,1.0,290.0,78.0,212.0,23.77,95.0,25.0,70.0,19.95,3264424.0,854184.0,85232.0,22304.0,7.0,0.0,51.0,10.0,0.0,4710.0,0.0,5e-05,20000000.0,32644240.0,8541840.0,852320.0,223040.0,0.7310344827586207,0.7368421052631579
861,861.0,1.0,290.0,78.0,212.0,26.45,95.0,25.0,70.0,27.0,4696232.0,1246376.0,2320888.0,610760.0,7.0,0.0,51.0,10.0,0.0,390.0,0.0,5e-05,20000000.0,46962320.0,12463760.0,23208880.0,6107600.0,0.7310344827586207,0.7368421052631579
862,862.0,1.0,290.0,78.0,212.0,23.83,95.0,27.0,68.0,23.89,3857352.0,1023816.0,1895568.0,496128.0,7.0,0.0,51.0,10.0,0.0,3080.0,0.0,5e-05,20000000.0,38573520.0,10238160.0,18955680.0,4961280.0,0.7310344827586207,0.7157894736842105
863,863.0,1.0,320.0,92.0,228.0,20.3,171.0,50.0,121.0,22.07,1159736.0,303520.0,1195496.0,313240.0,4.0,0.0,51.0,10.0,0.0,4320.0,0.0,5e-05,20000000.0,11597360.0,3035200.0,11954960.0,3132400.0,0.7125,0.7076023391812866
864,864.0,1.0,320.0,109.0,211.0,20.13,304.0,101.0,203.0,22.61,305720.0,86728.0,1044808.0,287408.0,2.0,0.0,51.0,10.0,0.0,4490.0,0.0,5e-05,20000000.0,3057200.0,867280.0,10448080.0,2874080.0,0.659375,0.6677631578947368
865,865.0,1.0,320.0,107.0,213.0,23.49,304.0,93.0,211.0,25.33,407384.0,115232.0,1253320.0,347136.0,2.0,0.0,51.0,10.0,0.0,2060.0,0.0,5e-05,20000000.0,4073840.0,1152320.0,12533200.0,3471360.0,0.665625,0.694078947368421
866,866.0,1.0,320.0,80.0,240.0,26.21,171.0,53.0,118.0,25.58,1942144.0,485536.0,1699280.0,473296.0,4.0,0.0,51.0,10.0,0.0,340.0,0.0,5e-05,20000000.0,19421440.0,4855360.0,16992800.0,4732960.0,0.75,0.6900584795321637
867,867.0,1.0,160.0,43.0,117.0,23.99,38.0,10.0,28.0,21.32,4152480.0,1090728.0,991920.0,248912.0,14.0,0.0,51.0,10.0,0.0,3360.0,0.0,5e-05,20000000.0,41524800.0,10907280.0,9919200.0,2489120.0,0.73125,0.7368421052631579
868,868.0,1.0,290.0,78.0,212.0,22.95,95.0,25.0,70.0,21.87,3298248.0,849800.0,1493712.0,374424.0,7.0,0.0,51.0,10.0,0.0,3620.0,0.0,5e-05,20000000.0,32982480.0,8498000.0,14937120.0,3744240.0,0.7310344827586207,0.7368421052631579
869,869.0,1.0,320.0,93.0,227.0,24.04,171.0,52.0,119.0,24.16,1523752.0,391376.0,1704984.0,452328.0,4.0,0.0,51.0,10.0,0.0,3330.0,0.0,5e-05,20000000.0,15237520.0,3913760.0,17049840.0,4523280.0,0.709375,0.695906432748538
870,870.0,1.0,160.0,44.0,116.0,23.68,38.0,10.0,28.0,24.16,4098528.0,1073368.0,1797872.0,479184.0,14.0,0.0,51.0,10.0,0.0,2370.0,0.0,5e-05,20000000.0,40985280.0,10733680.0,17978720.0,4791840.0,0.725,0.7368421052631579
871,871.0,1.0,320.0,80.0,240.0,26.6,304.0,95.0,209.0,25.58,487424.0,121856.0,1283728.0,356096.0,2.0,0.0,51.0,10.0,0.0,840.0,0.0,5e-05,20000000.0,4874240.0,1218560.0,12837280.0,3560960.0,0.75,0.6875
872,872.0,1.0,160.0,43.0,117.0,25.71,38.0,10.0,28.0,25.58,4486704.0,1189096.0,1797872.0,479184.0,14.0,0.0,51.0,10.0,0.0,2890.0,0.0,5e-05,20000000.0,44867040.0,11890960.0,17978720.0,4791840.0,0.73125,0.7368421052631579
873,873.0,1.0,320.0,80.0,240.0,26.3,304.0,96.0,208.0,22.44,494080.0,123520.0,992680.0,269352.0,2.0,0.0,51.0,10.0,0.0,4050.0,0.0,5e-05,20000000.0,4940800.0,1235200.0,9926800.0,2693520.0,0.75,0.6842105263157895
874,874.0,1.0,290.0,80.0,210.0,25.92,95.0,27.0,68.0,25.58,4371432.0,1175352.0,2156368.0,587584.0,7.0,0.0,51.0,10.0,0.0,2110.0,0.0,5e-05,20000000.0,43714320.0,11753520.0,21563680.0,5875840.0,0.7241379310344828,0.7157894736842105
875,875.0,1.0,160.0,43.0,117.0,24.85,38.0,10.0,28.0,25.58,4570872.0,1229920.0,1797872.0,479184.0,14.0,0.0,51.0,10.0,0.0,2690.0,0.0,5e-05,20000000.0,45708720.0,12299200.0,17978720.0,4791840.0,0.73125,0.7368421052631579
876,876.0,1.0,160.0,43.0,117.0,18.29,38.0,10.0,28.0,14.47,2386080.0,639528.0,70832.0,18640.0,14.0,0.0,51.0,10.0,0.0,4720.0,0.0,5e-05,20000000.0,23860800.0,6395280.0,708320.0,186400.0,0.73125,0.7368421052631579
877,877.0,1.0,320.0,91.0,229.0,24.62,171.0,50.0,121.0,24.63,1678608.0,442496.0,1480808.0,397592.0,4.0,0.0,51.0,10.0,0.0,2830.0,0.0,5e-05,20000000.0,16786080.0,4424960.0,14808080.0,3975920.0,0.715625,0.7076023391812866
878,878.0,1.0,320.0,80.0,240.0,26.42,171.0,57.0,114.0,23.68,1915904.0,478976.0,1443264.0,395976.0,4.0,0.0,51.0,10.0,0.0,2620.0,0.0,5e-05,20000000.0,19159040.0,4789760.0,14432640.0,3959760.0,0.75,0.6666666666666666
879,879.0,1.0,160.0,44.0,116.0,25.42,38.0,10.0,28.0,25.58,4548792.0,1190952.0,1913008.0,479184.0,14.0,0.0,51.0,10.0,0.0,1970.0,0.0,5e-05,20000000.0,45487920.0,11909520.0,19130080.0,4791840.0,0.725,0.7368421052631579
880,880.0,1.0,320.0,94.0,226.0,25.25,304.0,80.0,224.0,27.0,452048.0,119536.0,1361920.0,358400.0,2.0,0.0,51.0,10.0,0.0,3430.0,0.0,5e-05,20000000.0,4520480.0,1195360.0,13619200.0,3584000.0,0.70625,0.7368421052631579
881,881.0,1.0,160.0,43.0,117.0,26.6,38.0,10.0,28.0,27.0,5078216.0,1346768.0,2258416.0,594320.0,14.0,0.0,51.0,10.0,0.0,1570.0,0.0,5e-05,20000000.0,50782160.0,13467680.0,22584160.0,5943200.0,0.73125,0.7368421052631579
882,882.0,1.0,290.0,78.0,212.0,26.59,95.0,25.0,70.0,27.0,4720392.0,1265256.0,2320888.0,610760.0,7.0,0.0,51.0,10.0,0.0,770.0,0.0,5e-05,20000000.0,47203920.0,12652560.0,23208880.0,6107600.0,0.7310344827586207,0.7368421052631579
883,883.0,1.0,290.0,83.0,207.0,25.16,95.0,28.0,67.0,25.29,4258152.0,1166576.0,2126592.0,587592.0,7.0,0.0,51.0,10.0,0.0,1630.0,0.0,5e-05,20000000.0,42581520.0,11665760.0,21265920.0,5875920.0,0.7137931034482758,0.7052631578947368
884,884.0,1.0,160.0,43.0,117.0,26.61,38.0,10.0,28.0,27.0,5355000.0,1425952.0,2258416.0,594320.0,14.0,0.0,51.0,10.0,0.0,70.0,0.0,5e-05,20000000.0,53550000.0,14259520.0,22584160.0,5943200.0,0.73125,0.7368421052631579
885,885.0,1.0,320.0,80.0,240.0,26.65,304.0,80.0,224.0,27.0,494080.0,123520.0,1361920.0,358400.0,2.0,0.0,51.0,10.0,0.0,490.0,0.0,5e-05,20000000.0,4940800.0,1235200.0,13619200.0,3584000.0,0.75,0.7368421052631579
886,886.0,1.0,290.0,90.0,200.0,24.82,95.0,28.0,67.0,25.58,4035592.0,1155112.0,2126592.0,587592.0,7.0,0.0,51.0,10.0,0.0,1460.0,0.0,5e-05,20000000.0,40355920.0,11551120.0,21265920.0,5875920.0,0.6896551724137931,0.7052631578947368
887,887.0,1.0,320.0,80.0,240.0,26.5,171.0,52.0,119.0,25.58,1942144.0,485536.0,1731728.0,477912.0,4.0,0.0,51.0,10.0,0.0,1180.0,0.0,5e-05,20000000.0,19421440.0,4855360.0,17317280.0,4779120.0,0.75,0.695906432748538
888,888.0,1.0,290.0,79.0,211.0,24.49,95.0,28.0,67.0,23.31,4035592.0,1077744.0,1890288.0,535080.0,7.0,0.0,51.0,10.0,0.0,2460.0,0.0,5e-05,20000000.0,40355920.0,10777440.0,18902880.0,5350800.0,0.7275862068965517,0.7052631578947368
889,889.0,1.0,290.0,78.0,212.0,24.0,95.0,26.0,69.0,22.45,3480712.0,921096.0,1291680.0,337704.0,7.0,0.0,51.0,10.0,0.0,4100.0,0.0,5e-05,20000000.0,34807120.0,9210960.0,12916800.0,3377040.0,0.7310344827586207,0.7263157894736842
890,890.0,1.0,160.0,43.0,117.0,14.44,38.0,10.0,28.0,17.26,1812088.0,481024.0,1337328.0,364048.0,14.0,0.0,51.0,10.0,0.0,3410.0,0.0,5e-05,20000000.0,18120880.0,4810240.0,13373280.0,3640480.0,0.73125,0.7368421052631579
891,891.0,1.0,160.0,43.0,117.0,22.96,38.0,10.0,28.0,21.53,4138608.0,1092472.0,1337328.0,364048.0,14.0,0.0,51.0,10.0,0.0,4410.0,0.0,5e-05,20000000.0,41386080.0,10924720.0,13373280.0,3640480.0,0.73125,0.7368421052631579
892,892.0,1.0,160.0,43.0,117.0,26.61,38.0,10.0,28.0,27.0,5355000.0,1425952.0,2258416.0,594320.0,14.0,0.0,51.0,10.0,0.0,90.0,0.0,5e-05,20000000.0,53550000.0,14259520.0,22584160.0,5943200.0,0.73125,0.7368421052631579
893,893.0,1.0,320.0,80.0,240.0,26.65,304.0,80.0,224.0,27.0,494080.0,123520.0,1361920.0,358400.0,2.0,0.0,51.0,10.0,0.0,1850.0,0.0,5e-05,20000000.0,4940800.0,1235200.0,13619200.0,3584000.0,0.75,0.7368421052631579
894,894.0,1.0,160.0,43.0,117.0,24.88,38.0,10.0,28.0,25.63,4136552.0,1111352.0,1806768.0,481408.0,14.0,0.0,51.0,10.0,0.0,2900.0,0.0,5e-05,20000000.0,41365520.0,11113520.0,18067680.0,4814080.0,0.73125,0.7368421052631579
895,895.0,1.0,320.0,118.0,202.0,22.61,304.0,111.0,193.0,24.16,402424.0,119520.0,1209880.0,358272.0,2.0,0.0,51.0,10.0,0.0,1170.0,0.0,5e-05,20000000.0,4024240.0,1195200.0,12098800.0,3582720.0,0.63125,0.6348684210526315
896,896.0,1.0,320.0,80.0,240.0,26.65,304.0,95.0,209.0,23.86,494080.0,123520.0,937496.0,270624.0,2.0,0.0,51.0,10.0,0.0,3300.0,0.0,5e-05,20000000.0,4940800.0,1235200.0,9374960.0,2706240.0,0.75,0.6875
897,897.0,1.0,290.0,79.0,211.0,26.03,95.0,28.0,67.0,25.58,4422312.0,1195824.0,2180864.0,601160.0,7.0,0.0,51.0,10.0,0.0,1890.0,0.0,5e-05,20000000.0,44223120.0,11958240.0,21808640.0,6011600.0,0.7275862068965517,0.7052631578947368
898,898.0,1.0,290.0,79.0,211.0,23.73,95.0,26.0,69.0,22.84,3635688.0,990608.0,1505920.0,417520.0,7.0,0.0,51.0,10.0,0.0,3380.0,0.0,5e-05,20000000.0,36356880.0,9906080.0,15059200.0,4175200.0,0.7275862068965517,0.7263157894736842
899,899.0,1.0,320.0,80.0,240.0,26.54,171.0,45.0,126.0,27.0,1942144.0,485536.0,1975848.0,519960.0,4.0,0.0,51.0,10.0,0.0,80.0,0.0,5e-05,20000000.0,19421440.0,4855360.0,19758480.0,5199600.0,0.75,0.7368421052631579
900,900.0,1.0,290.0,81.0,209.0,23.79,95.0,27.0,68.0,24.16,3710312.0,993760.0,1710016.0,456304.0,7.0,0.0,51.0,10.0,0.0,2810.0,0.0,5e-05,20000000.0,37103120.0,9937600.0,17100160.0,4563040.0,0.7206896551724138,0.7157894736842105
901,901.0,1.0,320.0,88.0,232.0,20.71,171.0,54.0,117.0,19.17,1033128.0,266888.0,838840.0,235472.0,4.0,0.0,51.0,10.0,0.0,4750.0,0.0,5e-05,20000000.0,10331280.0,2668880.0,8388400.0,2354720.0,0.725,0.6842105263157895
902,902.0,1.0,320.0,87.0,233.0,24.72,171.0,53.0,118.0,23.64,1562864.0,403208.0,1323648.0,367256.0,4.0,0.0,51.0,10.0,0.0,2740.0,0.0,5e-05,20000000.0,15628640.0,4032080.0,13236480.0,3672560.0,0.728125,0.6900584795321637
903,903.0,1.0,320.0,80.0,240.0,26.5,171.0,54.0,117.0,25.58,1915904.0,478976.0,1875152.0,523256.0,4.0,0.0,51.0,10.0,0.0,650.0,0.0,5e-05,20000000.0,19159040.0,4789760.0,18751520.0,5232560.0,0.75,0.6842105263157895
904,904.0,1.0,290.0,78.0,212.0,23.06,95.0,27.0,68.0,20.35,3600552.0,972456.0,1577368.0,456304.0,7.0,0.0,51.0,10.0,0.0,3120.0,0.0,5e-05,20000000.0,36005520.0,9724560.0,15773680.0,4563040.0,0.7310344827586207,0.7157894736842105
905,905.0,1.0,320.0,80.0,240.0,26.56,171.0,54.0,117.0,25.58,1942144.0,485536.0,1875152.0,523256.0,4.0,0.0,51.0,10.0,0.0,300.0,0.0,5e-05,20000000.0,19421440.0,4855360.0,18751520.0,5232560.0,0.75,0.6842105263157895
906,906.0,1.0,320.0,101.0,219.0,22.64,304.0,88.0,216.0,25.03,379912.0,103960.0,1188160.0,324736.0,2.0,0.0,51.0,10.0,0.0,3770.0,0.0,5e-05,20000000.0,3799120.0,1039600.0,11881600.0,3247360.0,0.684375,0.7105263157894737
907,907.0,1.0,320.0,98.0,222.0,23.52,171.0,55.0,116.0,24.79,1494456.0,406216.0,1768816.0,496808.0,4.0,0.0,51.0,10.0,0.0,1700.0,0.0,5e-05,20000000.0,14944560.0,4062160.0,17688160.0,4968080.0,0.69375,0.6783625730994152
908,908.0,1.0,320.0,89.0,231.0,23.4,171.0,51.0,120.0,23.28,1581584.0,406416.0,1501184.0,389632.0,4.0,0.0,51.0,10.0,0.0,3660.0,0.0,5e-05,20000000.0,15815840.0,4064160.0,15011840.0,3896320.0,0.721875,0.7017543859649122
909,909.0,1.0,290.0,79.0,211.0,26.08,95.0,25.0,70.0,25.58,4525032.0,1195824.0,1966384.0,492592.0,7.0,0.0,51.0,10.0,0.0,2940.0,0.0,5e-05,20000000.0,45250320.0,11958240.0,19663840.0,4925920.0,0.7275862068965517,0.7368421052631579
910,910.0,1.0,320.0,80.0,240.0,26.56,171.0,45.0,126.0,27.0,1942144.0,485536.0,1975848.0,519960.0,4.0,0.0,51.0,10.0,0.0,40.0,0.0,5e-05,20000000.0,19421440.0,4855360.0,19758480.0,5199600.0,0.75,0.7368421052631579
911,911.0,1.0,160.0,45.0,115.0,25.44,38.0,11.0,27.0,24.32,5156408.0,1389504.0,1740304.0,481048.0,14.0,0.0,51.0,10.0,0.0,1010.0,0.0,5e-05,20000000.0,51564080.0,13895040.0,17403040.0,4810480.0,0.71875,0.7105263157894737
912,912.0,1.0,160.0,44.0,116.0,25.96,38.0,11.0,27.0,24.87,4959360.0,1328648.0,1740304.0,481048.0,14.0,0.0,51.0,10.0,0.0,1360.0,0.0,5e-05,20000000.0,49593600.0,13286480.0,17403040.0,4810480.0,0.725,0.7105263157894737
913,913.0,1.0,160.0,43.0,117.0,26.12,38.0,10.0,28.0,25.63,4967352.0,1329040.0,1806768.0,481408.0,14.0,0.0,51.0,10.0,0.0,1100.0,0.0,5e-05,20000000.0,49673520.0,13290400.0,18067680.0,4814080.0,0.73125,0.7368421052631579
914,914.0,1.0,320.0,92.0,228.0,23.83,171.0,49.0,122.0,23.2,1509224.0,398864.0,1456408.0,393408.0,4.0,0.0,51.0,10.0,0.0,3320.0,0.0,5e-05,20000000.0,15092240.0,3988640.0,14564080.0,3934080.0,0.7125,0.7134502923976608
915,915.0,1.0,320.0,80.0,240.0,26.6,304.0,80.0,224.0,27.0,487424.0,121856.0,1361920.0,358400.0,2.0,0.0,51.0,10.0,0.0,740.0,0.0,5e-05,20000000.0,4874240.0,1218560.0,13619200.0,3584000.0,0.75,0.7368421052631579
916,916.0,1.0,290.0,85.0,205.0,24.0,95.0,28.0,67.0,25.01,3789352.0,1025312.0,2126592.0,587592.0,7.0,0.0,51.0,10.0,0.0,2090.0,0.0,5e-05,20000000.0,37893520.0,10253120.0,21265920.0,5875920.0,0.7068965517241379,0.7052631578947368
917,917.0,1.0,160.0,43.0,117.0,25.84,38.0,10.0,28.0,27.0,4894896.0,1281544.0,2258416.0,594320.0,14.0,0.0,51.0,10.0,0.0,2290.0,0.0,5e-05,20000000.0,48948960.0,12815440.0,22584160.0,5943200.0,0.73125,0.7368421052631579
918,918.0,1.0,320.0,80.0,240.0,26.5,171.0,45.0,126.0,27.0,1915904.0,478976.0,1975848.0,519960.0,4.0,0.0,51.0,10.0,0.0,580.0,0.0,5e-05,20000000.0,19159040.0,4789760.0,19758480.0,5199600.0,0.75,0.7368421052631579
919,919.0,1.0,320.0,91.0,229.0,25.15,304.0,80.0,224.0,27.0,429896.0,112600.0,1361920.0,358400.0,2.0,0.0,51.0,10.0,0.0,2080.0,0.0,5e-05,20000000.0,4298960.0,1126000.0,13619200.0,3584000.0,0.715625,0.7368421052631579
920,920.0,1.0,160.0,43.0,117.0,24.76,38.0,10.0,28.0,25.58,4323456.0,1123872.0,1913008.0,479184.0,14.0,0.0,51.0,10.0,0.0,2260.0,0.0,5e-05,20000000.0,43234560.0,11238720.0,19130080.0,4791840.0,0.73125,0.7368421052631579
921,921.0,1.0,290.0,82.0,208.0,25.52,95.0,28.0,67.0,24.44,4490792.0,1164008.0,1995704.0,522392.0,7.0,0.0,51.0,10.0,0.0,1830.0,0.0,5e-05,20000000.0,44907920.0,11640080.0,19957040.0,5223920.0,0.7172413793103448,0.7052631578947368
922,922.0,1.0,160.0,43.0,117.0,23.86,38.0,10.0,28.0,27.0,4097496.0,1111576.0,2258416.0,594320.0,14.0,0.0,51.0,10.0,0.0,4560.0,0.0,5e-05,20000000.0,40974960.0,11115760.0,22584160.0,5943200.0,0.73125,0.7368421052631579
923,923.0,1.0,320.0,111.0,209.0,23.95,304.0,95.0,209.0,25.58,439408.0,123896.0,1283728.0,356096.0,2.0,0.0,51.0,10.0,0.0,1130.0,0.0,5e-05,20000000.0,4394080.0,1238960.0,12837280.0,3560960.0,0.653125,0.6875
924,924.0,1.0,320.0,92.0,228.0,24.93,171.0,45.0,126.0,27.0,1705160.0,448280.0,1975848.0,519960.0,4.0,0.0,51.0,10.0,0.0,2140.0,0.0,5e-05,20000000.0,17051600.0,4482800.0,19758480.0,5199600.0,0.7125,0.7368421052631579
925,925.0,1.0,320.0,95.0,225.0,25.21,171.0,69.0,102.0,21.63,1818112.0,481824.0,1429528.0,387424.0,4.0,0.0,51.0,10.0,0.0,400.0,0.0,5e-05,20000000.0,18181120.0,4818240.0,14295280.0,3874240.0,0.703125,0.5964912280701754
926,926.0,1.0,290.0,84.0,206.0,23.49,95.0,25.0,70.0,25.58,3658952.0,979064.0,1848216.0,492592.0,7.0,0.0,51.0,10.0,0.0,2610.0,0.0,5e-05,20000000.0,36589520.0,9790640.0,18482160.0,4925920.0,0.7103448275862069,0.7368421052631579
927,927.0,1.0,320.0,91.0,229.0,24.43,304.0,100.0,204.0,24.16,437576.0,114520.0,1170784.0,326368.0,2.0,0.0,51.0,10.0,0.0,2370.0,0.0,5e-05,20000000.0,4375760.0,1145200.0,11707840.0,3263680.0,0.715625,0.6710526315789473
928,928.0,1.0,160.0,46.0,114.0,25.51,38.0,14.0,24.0,23.45,5178128.0,1332056.0,1797872.0,544208.0,14.0,0.0,51.0,10.0,0.0,500.0,0.0,5e-05,20000000.0,51781280.0,13320560.0,17978720.0,5442080.0,0.7125,0.631578947368421
929,929.0,1.0,290.0,78.0,212.0,23.88,95.0,25.0,70.0,24.52,3806472.0,1002536.0,1848216.0,492592.0,7.0,0.0,51.0,10.0,0.0,3660.0,0.0,5e-05,20000000.0,38064720.0,10025360.0,18482160.0,4925920.0,0.7310344827586207,0.7368421052631579
930,930.0,1.0,160.0,43.0,117.0,25.48,38.0,10.0,28.0,27.0,4528040.0,1209224.0,2258416.0,594320.0,14.0,0.0,51.0,10.0,0.0,3270.0,0.0,5e-05,20000000.0,45280400.0,12092240.0,22584160.0,5943200.0,0.73125,0.7368421052631579
931,931.0,1.0,320.0,80.0,240.0,26.56,171.0,45.0,126.0,27.0,1942144.0,485536.0,1975848.0,519960.0,4.0,0.0,51.0,10.0,0.0,450.0,0.0,5e-05,20000000.0,19421440.0,4855360.0,19758480.0,5199600.0,0.75,0.7368421052631579
932,932.0,1.0,160.0,43.0,117.0,24.85,38.0,10.0,28.0,22.84,4389248.0,1149920.0,1452464.0,364048.0,14.0,0.0,51.0,10.0,0.0,4230.0,0.0,5e-05,20000000.0,43892480.0,11499200.0,14524640.0,3640480.0,0.73125,0.7368421052631579
933,933.0,1.0,320.0,103.0,217.0,23.17,171.0,52.0,119.0,25.29,1486432.0,414440.0,1732616.0,477912.0,4.0,0.0,51.0,10.0,0.0,2060.0,0.0,5e-05,20000000.0,14864320.0,4144400.0,17326160.0,4779120.0,0.678125,0.695906432748538
934,934.0,1.0,320.0,80.0,240.0,26.6,304.0,91.0,213.0,25.58,487424.0,121856.0,1227256.0,338176.0,2.0,0.0,51.0,10.0,0.0,2530.0,0.0,5e-05,20000000.0,4874240.0,1218560.0,12272560.0,3381760.0,0.75,0.7006578947368421
935,935.0,1.0,320.0,80.0,240.0,24.77,171.0,45.0,126.0,27.0,1484672.0,371168.0,1975848.0,519960.0,4.0,0.0,51.0,10.0,0.0,3570.0,0.0,5e-05,20000000.0,14846720.0,3711680.0,19758480.0,5199600.0,0.75,0.7368421052631579
936,936.0,1.0,290.0,78.0,212.0,25.1,95.0,25.0,70.0,27.0,3658952.0,991336.0,2320888.0,610760.0,7.0,0.0,51.0,10.0,0.0,4860.0,0.0,5e-05,20000000.0,36589520.0,9913360.0,23208880.0,6107600.0,0.7310344827586207,0.7368421052631579
937,937.0,1.0,160.0,43.0,117.0,26.48,38.0,10.0,28.0,27.0,5315824.0,1386776.0,2258416.0,594320.0,14.0,0.0,51.0,10.0,0.0,1330.0,0.0,5e-05,20000000.0,53158240.0,13867760.0,22584160.0,5943200.0,0.73125,0.7368421052631579
938,938.0,1.0,320.0,97.0,223.0,24.28,171.0,52.0,119.0,25.58,1557376.0,411104.0,1822576.0,496104.0,4.0,0.0,51.0,10.0,0.0,1970.0,0.0,5e-05,20000000.0,15573760.0,4111040.0,18225760.0,4961040.0,0.696875,0.695906432748538
939,939.0,1.0,290.0,78.0,212.0,26.18,95.0,25.0,70.0,25.63,4561960.0,1212808.0,1857752.0,494976.0,7.0,0.0,51.0,10.0,0.0,900.0,0.0,5e-05,20000000.0,45619600.0,12128080.0,18577520.0,4949760.0,0.7310344827586207,0.7368421052631579
940,940.0,1.0,290.0,81.0,209.0,25.89,95.0,28.0,67.0,25.58,4388072.0,1197440.0,2126592.0,587592.0,7.0,0.0,51.0,10.0,0.0,1960.0,0.0,5e-05,20000000.0,43880720.0,11974400.0,21265920.0,5875920.0,0.7206896551724138,0.7052631578947368
941,941.0,1.0,160.0,43.0,117.0,23.55,38.0,10.0,28.0,21.32,4216352.0,1131496.0,1337328.0,364048.0,14.0,0.0,51.0,10.0,0.0,4760.0,0.0,5e-05,20000000.0,42163520.0,11314960.0,13373280.0,3640480.0,0.73125,0.7368421052631579
942,942.0,1.0,320.0,93.0,227.0,24.54,171.0,48.0,123.0,25.58,1551352.0,408664.0,1637672.0,441800.0,4.0,0.0,51.0,10.0,0.0,2960.0,0.0,5e-05,20000000.0,15513520.0,4086640.0,16376720.0,4418000.0,0.709375,0.7192982456140351
943,943.0,1.0,320.0,105.0,215.0,22.28,304.0,95.0,209.0,23.66,371872.0,96176.0,1066528.0,282248.0,2.0,0.0,51.0,10.0,0.0,3220.0,0.0,5e-05,20000000.0,3718720.0,961760.0,10665280.0,2822480.0,0.671875,0.6875
944,944.0,1.0,320.0,80.0,240.0,26.15,171.0,56.0,115.0,23.53,1915904.0,478976.0,1318552.0,382400.0,4.0,0.0,51.0,10.0,0.0,1680.0,0.0,5e-05,20000000.0,19159040.0,4789760.0,13185520.0,3824000.0,0.75,0.672514619883041
945,945.0,1.0,160.0,44.0,116.0,26.14,38.0,10.0,28.0,27.0,4998152.0,1328552.0,2258416.0,594320.0,14.0,0.0,51.0,10.0,0.0,1320.0,0.0,5e-05,20000000.0,49981520.0,13285520.0,22584160.0,5943200.0,0.725,0.7368421052631579
946,946.0,1.0,320.0,80.0,240.0,26.54,171.0,45.0,126.0,25.63,1942144.0,485536.0,1581384.0,421344.0,4.0,0.0,51.0,10.0,0.0,960.0,0.0,5e-05,20000000.0,19421440.0,4855360.0,15813840.0,4213440.0,0.75,0.7368421052631579
947,947.0,1.0,290.0,79.0,211.0,26.18,95.0,25.0,70.0,27.0,4680008.0,1213616.0,2320888.0,610760.0,7.0,0.0,51.0,10.0,0.0,1080.0,0.0,5e-05,20000000.0,46800080.0,12136160.0,23208880.0,6107600.0,0.7275862068965517,0.7368421052631579
948,948.0,1.0,320.0,86.0,234.0,24.3,171.0,55.0,116.0,20.64,1582736.0,405648.0,1046008.0,280976.0,4.0,0.0,51.0,10.0,0.0,3600.0,0.0,5e-05,20000000.0,15827360.0,4056480.0,10460080.0,2809760.0,0.73125,0.6783625730994152
949,949.0,1.0,320.0,86.0,234.0,24.86,171.0,53.0,118.0,23.84,1617744.0,414616.0,1323192.0,367960.0,4.0,0.0,51.0,10.0,0.0,3370.0,0.0,5e-05,20000000.0,16177440.0,4146160.0,13231920.0,3679600.0,0.73125,0.6900584795321637
950,950.0,1.0,320.0,110.0,210.0,22.64,304.0,96.0,208.0,24.78,371648.0,106088.0,1222912.0,338856.0,2.0,0.0,51.0,10.0,0.0,2550.0,0.0,5e-05,20000000.0,3716480.0,1060880.0,12229120.0,3388560.0,0.65625,0.6842105263157895
951,951.0,1.0,160.0,44.0,116.0,26.33,38.0,10.0,28.0,27.0,5039040.0,1348568.0,2258416.0,594320.0,14.0,0.0,51.0,10.0,0.0,720.0,0.0,5e-05,20000000.0,50390400.0,13485680.0,22584160.0,5943200.0,0.725,0.7368421052631579
952,952.0,1.0,290.0,78.0,212.0,20.97,95.0,25.0,70.0,24.21,2847272.0,784136.0,1848216.0,492592.0,7.0,0.0,51.0,10.0,0.0,3770.0,0.0,5e-05,20000000.0,28472720.0,7841360.0,18482160.0,4925920.0,0.7310344827586207,0.7368421052631579
953,953.0,1.0,290.0,78.0,212.0,26.54,95.0,25.0,70.0,27.0,4713352.0,1263496.0,2320888.0,610760.0,7.0,0.0,51.0,10.0,0.0,1280.0,0.0,5e-05,20000000.0,47133520.0,12634960.0,23208880.0,6107600.0,0.7310344827586207,0.7368421052631579
954,954.0,1.0,320.0,80.0,240.0,26.65,304.0,80.0,224.0,27.0,494080.0,123520.0,1361920.0,358400.0,2.0,0.0,51.0,10.0,0.0,480.0,0.0,5e-05,20000000.0,4940800.0,1235200.0,13619200.0,3584000.0,0.75,0.7368421052631579
955,955.0,1.0,320.0,102.0,218.0,21.72,171.0,49.0,122.0,25.58,1182320.0,327456.0,1761312.0,464472.0,4.0,0.0,51.0,10.0,0.0,3230.0,0.0,5e-05,20000000.0,11823200.0,3274560.0,17613120.0,4644720.0,0.68125,0.7134502923976608
956,956.0,1.0,320.0,88.0,232.0,22.8,171.0,53.0,118.0,20.2,1522600.0,389616.0,986152.0,263120.0,4.0,0.0,51.0,10.0,0.0,4040.0,0.0,5e-05,20000000.0,15226000.0,3896160.0,9861520.0,2631200.0,0.725,0.6900584795321637
957,957.0,1.0,320.0,80.0,240.0,26.41,171.0,49.0,122.0,24.63,1880192.0,470048.0,1540024.0,402208.0,4.0,0.0,51.0,10.0,0.0,3540.0,0.0,5e-05,20000000.0,18801920.0,4700480.0,15400240.0,4022080.0,0.75,0.7134502923976608
958,958.0,1.0,290.0,86.0,204.0,25.66,95.0,25.0,70.0,27.0,4497832.0,1237480.0,2320888.0,610760.0,7.0,0.0,51.0,10.0,0.0,730.0,0.0,5e-05,20000000.0,44978320.0,12374800.0,23208880.0,6107600.0,0.7034482758620689,0.7368421052631579
959,959.0,1.0,160.0,43.0,117.0,26.09,38.0,10.0,28.0,25.58,4684520.0,1248344.0,1797872.0,479184.0,14.0,0.0,51.0,10.0,0.0,1530.0,0.0,5e-05,20000000.0,46845200.0,12483440.0,17978720.0,4791840.0,0.73125,0.7368421052631579
960,960.0,1.0,320.0,85.0,235.0,21.55,171.0,48.0,123.0,24.39,1176952.0,297496.0,1531224.0,406120.0,4.0,0.0,51.0,10.0,0.0,4660.0,0.0,5e-05,20000000.0,11769520.0,2974960.0,15312240.0,4061200.0,0.734375,0.7192982456140351
961,961.0,1.0,320.0,80.0,240.0,26.54,171.0,45.0,126.0,27.0,1942144.0,485536.0,1975848.0,519960.0,4.0,0.0,51.0,10.0,0.0,950.0,0.0,5e-05,20000000.0,19421440.0,4855360.0,19758480.0,5199600.0,0.75,0.7368421052631579
962,962.0,1.0,320.0,80.0,240.0,26.56,171.0,53.0,118.0,24.0,1942144.0,485536.0,1557808.0,403640.0,4.0,0.0,51.0,10.0,0.0,1830.0,0.0,5e-05,20000000.0,19421440.0,4855360.0,15578080.0,4036400.0,0.75,0.6900584795321637
963,963.0,1.0,320.0,112.0,208.0,21.7,304.0,104.0,200.0,22.09,378304.0,99840.0,979648.0,261752.0,2.0,0.0,51.0,10.0,0.0,3340.0,0.0,5e-05,20000000.0,3783040.0,998400.0,9796480.0,2617520.0,0.65,0.6578947368421053
964,964.0,1.0,160.0,43.0,117.0,26.33,38.0,10.0,28.0,27.0,5078216.0,1346768.0,2258416.0,594320.0,14.0,0.0,51.0,10.0,0.0,580.0,0.0,5e-05,20000000.0,50782160.0,13467680.0,22584160.0,5943200.0,0.73125,0.7368421052631579
965,965.0,1.0,290.0,78.0,212.0,26.54,95.0,25.0,70.0,27.0,4764712.0,1263496.0,2320888.0,610760.0,7.0,0.0,51.0,10.0,0.0,1330.0,0.0,5e-05,20000000.0,47647120.0,12634960.0,23208880.0,6107600.0,0.7310344827586207,0.7368421052631579
966,966.0,1.0,320.0,96.0,224.0,23.18,304.0,80.0,224.0,27.0,392912.0,104880.0,1361920.0,358400.0,2.0,0.0,51.0,10.0,0.0,4150.0,0.0,5e-05,20000000.0,3929120.0,1048800.0,13619200.0,3584000.0,0.7,0.7368421052631579
967,967.0,1.0,290.0,78.0,212.0,26.64,95.0,25.0,70.0,27.0,4781832.0,1280616.0,2320888.0,610760.0,7.0,0.0,51.0,10.0,0.0,1140.0,0.0,5e-05,20000000.0,47818320.0,12806160.0,23208880.0,6107600.0,0.7310344827586207,0.7368421052631579
968,968.0,1.0,320.0,80.0,240.0,26.65,304.0,80.0,224.0,27.0,494080.0,123520.0,1361920.0,358400.0,2.0,0.0,51.0,10.0,0.0,210.0,0.0,5e-05,20000000.0,4940800.0,1235200.0,13619200.0,3584000.0,0.75,0.7368421052631579
969,969.0,1.0,320.0,80.0,240.0,26.2,304.0,94.0,210.0,25.22,487424.0,121856.0,1257664.0,347272.0,2.0,0.0,51.0,10.0,0.0,1710.0,0.0,5e-05,20000000.0,4874240.0,1218560.0,12576640.0,3472720.0,0.75,0.6907894736842105
970,970.0,1.0,290.0,78.0,212.0,25.48,95.0,30.0,65.0,22.52,4395112.0,1145416.0,1841688.0,472536.0,7.0,0.0,51.0,10.0,0.0,2700.0,0.0,5e-05,20000000.0,43951120.0,11454160.0,18416880.0,4725360.0,0.7310344827586207,0.6842105263157895
971,971.0,1.0,290.0,78.0,212.0,26.45,95.0,25.0,70.0,27.0,4747592.0,1246376.0,2320888.0,610760.0,7.0,0.0,51.0,10.0,0.0,1870.0,0.0,5e-05,20000000.0,47475920.0,12463760.0,23208880.0,6107600.0,0.7310344827586207,0.7368421052631579
972,972.0,1.0,290.0,78.0,212.0,26.45,95.0,25.0,70.0,27.0,4696232.0,1246376.0,2320888.0,610760.0,7.0,0.0,51.0,10.0,0.0,320.0,0.0,5e-05,20000000.0,46962320.0,12463760.0,23208880.0,6107600.0,0.7310344827586207,0.7368421052631579
973,973.0,1.0,320.0,97.0,223.0,23.08,171.0,58.0,113.0,22.3,1531712.0,404544.0,1222840.0,342240.0,4.0,0.0,51.0,10.0,0.0,2390.0,0.0,5e-05,20000000.0,15317120.0,4045440.0,12228400.0,3422400.0,0.696875,0.6608187134502924
974,974.0,1.0,290.0,78.0,212.0,25.81,95.0,25.0,70.0,27.0,4353832.0,1160776.0,2320888.0,610760.0,7.0,0.0,51.0,10.0,0.0,3980.0,0.0,5e-05,20000000.0,43538320.0,11607760.0,23208880.0,6107600.0,0.7310344827586207,0.7368421052631579
975,975.0,1.0,320.0,94.0,226.0,25.19,171.0,45.0,126.0,27.0,1768512.0,467112.0,1975848.0,519960.0,4.0,0.0,51.0,10.0,0.0,1070.0,0.0,5e-05,20000000.0,17685120.0,4671120.0,19758480.0,5199600.0,0.70625,0.7368421052631579
976,976.0,1.0,320.0,80.0,240.0,26.65,304.0,80.0,224.0,27.0,494080.0,123520.0,1361920.0,358400.0,2.0,0.0,51.0,10.0,0.0,510.0,0.0,5e-05,20000000.0,4940800.0,1235200.0,13619200.0,3584000.0,0.75,0.7368421052631579
977,977.0,1.0,290.0,81.0,209.0,25.2,95.0,25.0,70.0,24.16,4395112.0,1164960.0,1493712.0,374424.0,7.0,0.0,51.0,10.0,0.0,2680.0,0.0,5e-05,20000000.0,43951120.0,11649600.0,14937120.0,3744240.0,0.7206896551724138,0.7368421052631579
978,978.0,1.0,290.0,78.0,212.0,21.04,95.0,25.0,70.0,22.47,3018952.0,779976.0,1493712.0,374424.0,7.0,0.0,51.0,10.0,0.0,4910.0,0.0,5e-05,20000000.0,30189520.0,7799760.0,14937120.0,3744240.0,0.7310344827586207,0.7368421052631579
979,979.0,1.0,290.0,79.0,211.0,26.31,95.0,25.0,70.0,27.0,4686376.0,1249168.0,2320888.0,610760.0,7.0,0.0,51.0,10.0,0.0,1480.0,0.0,5e-05,20000000.0,46863760.0,12491680.0,23208880.0,6107600.0,0.7275862068965517,0.7368421052631579
980,980.0,1.0,320.0,110.0,210.0,22.14,171.0,69.0,102.0,18.4,1483440.0,410568.0,1080664.0,324568.0,4.0,0.0,51.0,10.0,0.0,3200.0,0.0,5e-05,20000000.0,14834400.0,4105680.0,10806640.0,3245680.0,0.65625,0.5964912280701754
981,981.0,1.0,290.0,79.0,211.0,26.45,95.0,25.0,70.0,27.0,4747592.0,1264304.0,2320888.0,610760.0,7.0,0.0,51.0,10.0,0.0,510.0,0.0,5e-05,20000000.0,47475920.0,12643040.0,23208880.0,6107600.0,0.7275862068965517,0.7368421052631579
982,982.0,1.0,160.0,43.0,117.0,20.13,38.0,10.0,28.0,16.58,3723872.0,934800.0,991920.0,248912.0,14.0,0.0,51.0,10.0,0.0,3750.0,0.0,5e-05,20000000.0,37238720.0,9348000.0,9919200.0,2489120.0,0.73125,0.7368421052631579
983,983.0,1.0,160.0,43.0,117.0,23.78,38.0,10.0,28.0,24.26,4223096.0,1103800.0,1797872.0,479184.0,14.0,0.0,51.0,10.0,0.0,3660.0,0.0,5e-05,20000000.0,42230960.0,11038000.0,17978720.0,4791840.0,0.73125,0.7368421052631579
984,984.0,1.0,320.0,95.0,225.0,23.76,304.0,80.0,224.0,27.0,412072.0,108400.0,1361920.0,358400.0,2.0,0.0,51.0,10.0,0.0,4560.0,0.0,5e-05,20000000.0,4120720.0,1084000.0,13619200.0,3584000.0,0.703125,0.7368421052631579
985,985.0,1.0,160.0,43.0,117.0,22.74,38.0,10.0,28.0,22.74,3601856.0,953072.0,1452464.0,364048.0,14.0,0.0,51.0,10.0,0.0,2840.0,0.0,5e-05,20000000.0,36018560.0,9530720.0,14524640.0,3640480.0,0.73125,0.7368421052631579
986,986.0,1.0,320.0,80.0,240.0,25.6,171.0,55.0,116.0,21.68,1942144.0,485536.0,1364896.0,368824.0,4.0,0.0,51.0,10.0,0.0,2010.0,0.0,5e-05,20000000.0,19421440.0,4855360.0,13648960.0,3688240.0,0.75,0.6783625730994152
987,987.0,1.0,320.0,94.0,226.0,25.15,304.0,80.0,224.0,27.0,444368.0,117616.0,1361920.0,358400.0,2.0,0.0,51.0,10.0,0.0,2270.0,0.0,5e-05,20000000.0,4443680.0,1176160.0,13619200.0,3584000.0,0.70625,0.7368421052631579
988,988.0,1.0,160.0,47.0,113.0,24.46,38.0,13.0,25.0,24.16,4510200.0,1254632.0,1855440.0,542344.0,14.0,0.0,51.0,10.0,0.0,1170.0,0.0,5e-05,20000000.0,45102000.0,12546320.0,18554400.0,5423440.0,0.70625,0.6578947368421053
989,989.0,1.0,160.0,44.0,116.0,23.51,38.0,10.0,28.0,22.74,3527672.0,935672.0,991920.0,248912.0,14.0,0.0,51.0,10.0,0.0,2420.0,0.0,5e-05,20000000.0,35276720.0,9356720.0,9919200.0,2489120.0,0.725,0.7368421052631579
990,990.0,1.0,290.0,78.0,212.0,21.95,95.0,25.0,70.0,24.16,2813032.0,749896.0,1375544.0,374424.0,7.0,0.0,51.0,10.0,0.0,4500.0,0.0,5e-05,20000000.0,28130320.0,7498960.0,13755440.0,3744240.0,0.7310344827586207,0.7368421052631579
991,991.0,1.0,290.0,77.0,213.0,24.06,95.0,26.0,69.0,23.59,3532072.0,920288.0,1606752.0,416472.0,7.0,0.0,51.0,10.0,0.0,3680.0,0.0,5e-05,20000000.0,35320720.0,9202880.0,16067520.0,4164720.0,0.7344827586206897,0.7263157894736842
992,992.0,1.0,320.0,80.0,240.0,26.56,171.0,45.0,126.0,27.0,1942144.0,485536.0,1975848.0,519960.0,4.0,0.0,51.0,10.0,0.0,1980.0,0.0,5e-05,20000000.0,19421440.0,4855360.0,19758480.0,5199600.0,0.75,0.7368421052631579
993,993.0,1.0,290.0,78.0,212.0,25.84,95.0,25.0,70.0,27.0,4336712.0,1143656.0,2320888.0,610760.0,7.0,0.0,51.0,10.0,0.0,4280.0,0.0,5e-05,20000000.0,43367120.0,11436560.0,23208880.0,6107600.0,0.7310344827586207,0.7368421052631579
994,994.0,1.0,320.0,87.0,233.0,24.25,304.0,91.0,213.0,23.75,424936.0,109496.0,1027432.0,277360.0,2.0,0.0,51.0,10.0,0.0,4690.0,0.0,5e-05,20000000.0,4249360.0,1094960.0,10274320.0,2773600.0,0.728125,0.7006578947368421
995,995.0,1.0,320.0,95.0,225.0,25.15,171.0,45.0,126.0,27.0,1713632.0,455704.0,1975848.0,519960.0,4.0,0.0,51.0,10.0,0.0,790.0,0.0,5e-05,20000000.0,17136320.0,4557040.0,19758480.0,5199600.0,0.703125,0.7368421052631579
996,996.0,1.0,320.0,94.0,226.0,25.15,304.0,80.0,224.0,27.0,444368.0,117616.0,1361920.0,358400.0,2.0,0.0,51.0,10.0,0.0,2070.0,0.0,5e-05,20000000.0,4443680.0,1176160.0,13619200.0,3584000.0,0.70625,0.7368421052631579
997,997.0,1.0,290.0,82.0,208.0,25.89,95.0,28.0,67.0,25.58,4439432.0,1215368.0,2179496.0,601160.0,7.0,0.0,51.0,10.0,0.0,1180.0,0.0,5e-05,20000000.0,44394320.0,12153680.0,21794960.0,6011600.0,0.7172413793103448,0.7052631578947368
998,998.0,1.0,290.0,88.0,202.0,23.82,95.0,29.0,66.0,24.22,3915752.0,1102136.0,2183472.0,602928.0,7.0,0.0,51.0,10.0,0.0,1700.0,0.0,5e-05,20000000.0,39157520.0,11021360.0,21834720.0,6029280.0,0.696551724137931,0.6947368421052632
999,999.0,1.0,290.0,78.0,212.0,24.75,95.0,25.0,70.0,23.11,3898632.0,1025576.0,1493712.0,374424.0,7.0,0.0,51.0,10.0,0.0,4230.0,0.0,5e-05,20000000.0,38986320.0,10255760.0,14937120.0,3744240.0,0.7310344827586207,0.7368421052631579
1000,1000.0,1.0,320.0,96.0,224.0,24.48,304.0,80.0,224.0,27.0,428288.0,114528.0,1361920.0,358400.0,2.0,0.0,51.0,10.0,0.0,2150.0,0.0,5e-05,20000000.0,4282880.0,1145280.0,13619200.0,3584000.0,0.7,0.7368421052631579
1001,1001.0,1.0,160.0,44.0,116.0,26.33,38.0,10.0,28.0,27.0,5118944.0,1368544.0,2258416.0,594320.0,14.0,0.0,51.0,10.0,0.0,240.0,0.0,5e-05,20000000.0,51189440.0,13685440.0,22584160.0,5943200.0,0.725,0.7368421052631579
1002,1002.0,1.0,160.0,43.0,117.0,20.32,38.0,10.0,28.0,19.0,3044352.0,838496.0,1346224.0,366272.0,14.0,0.0,51.0,10.0,0.0,4800.0,0.0,5e-05,20000000.0,30443520.0,8384960.0,13462240.0,3662720.0,0.73125,0.7368421052631579
1003,1003.0,1.0,320.0,80.0,240.0,26.6,304.0,80.0,224.0,27.0,487424.0,121856.0,1361920.0,358400.0,2.0,0.0,51.0,10.0,0.0,640.0,0.0,5e-05,20000000.0,4874240.0,1218560.0,13619200.0,3584000.0,0.75,0.7368421052631579
1004,1004.0,1.0,320.0,88.0,232.0,25.06,171.0,45.0,126.0,27.0,1628912.0,422032.0,1975848.0,519960.0,4.0,0.0,51.0,10.0,0.0,2330.0,0.0,5e-05,20000000.0,16289120.0,4220320.0,19758480.0,5199600.0,0.725,0.7368421052631579
1005,1005.0,1.0,320.0,80.0,240.0,26.65,304.0,80.0,224.0,27.0,494080.0,123520.0,1361920.0,358400.0,2.0,0.0,51.0,10.0,0.0,1080.0,0.0,5e-05,20000000.0,4940800.0,1235200.0,13619200.0,3584000.0,0.75,0.7368421052631579
1006,1006.0,1.0,320.0,97.0,223.0,23.95,304.0,100.0,204.0,23.33,413456.0,111688.0,1058896.0,309256.0,2.0,0.0,51.0,10.0,0.0,3840.0,0.0,5e-05,20000000.0,4134560.0,1116880.0,10588960.0,3092560.0,0.696875,0.6710526315789473
1007,1007.0,1.0,160.0,43.0,117.0,25.5,38.0,10.0,28.0,27.0,4688400.0,1229920.0,2258416.0,594320.0,14.0,0.0,51.0,10.0,0.0,2660.0,0.0,5e-05,20000000.0,46884000.0,12299200.0,22584160.0,5943200.0,0.73125,0.7368421052631579
1008,1008.0,1.0,160.0,43.0,117.0,20.85,38.0,10.0,28.0,21.58,3075640.0,796912.0,1346224.0,366272.0,14.0,0.0,51.0,10.0,0.0,3500.0,0.0,5e-05,20000000.0,30756400.0,7969120.0,13462240.0,3662720.0,0.73125,0.7368421052631579
1009,1009.0,1.0,320.0,80.0,240.0,26.15,171.0,54.0,117.0,25.11,1915904.0,478976.0,1644360.0,465336.0,4.0,0.0,51.0,10.0,0.0,1670.0,0.0,5e-05,20000000.0,19159040.0,4789760.0,16443600.0,4653360.0,0.75,0.6842105263157895
1010,1010.0,1.0,320.0,96.0,224.0,21.64,171.0,52.0,119.0,22.11,1309416.0,355200.0,1007552.0,288368.0,4.0,0.0,51.0,10.0,0.0,4130.0,0.0,5e-05,20000000.0,13094160.0,3552000.0,10075520.0,2883680.0,0.7,0.695906432748538
1011,1011.0,1.0,290.0,78.0,212.0,22.32,95.0,25.0,70.0,21.64,3385928.0,871720.0,1493712.0,374424.0,7.0,0.0,51.0,10.0,0.0,3910.0,0.0,5e-05,20000000.0,33859280.0,8717200.0,14937120.0,3744240.0,0.7310344827586207,0.7368421052631579
1012,1012.0,1.0,320.0,80.0,240.0,26.5,304.0,101.0,203.0,22.21,479744.0,119936.0,988336.0,261344.0,2.0,0.0,51.0,10.0,0.0,3610.0,0.0,5e-05,20000000.0,4797440.0,1199360.0,9883360.0,2613440.0,0.75,0.6677631578947368
1013,1013.0,1.0,320.0,100.0,220.0,24.22,304.0,96.0,208.0,25.05,402560.0,109960.0,1240288.0,347544.0,2.0,0.0,51.0,10.0,0.0,2210.0,0.0,5e-05,20000000.0,4025600.0,1099600.0,12402880.0,3475440.0,0.6875,0.6842105263157895
1014,1014.0,1.0,320.0,80.0,240.0,26.3,304.0,93.0,211.0,25.58,494080.0,123520.0,1253320.0,347136.0,2.0,0.0,51.0,10.0,0.0,1020.0,0.0,5e-05,20000000.0,4940800.0,1235200.0,12533200.0,3471360.0,0.75,0.694078947368421
1015,1015.0,1.0,160.0,43.0,117.0,26.44,38.0,10.0,28.0,27.0,5198296.0,1386776.0,2258416.0,594320.0,14.0,0.0,51.0,10.0,0.0,920.0,0.0,5e-05,20000000.0,51982960.0,13867760.0,22584160.0,5943200.0,0.73125,0.7368421052631579
1016,1016.0,1.0,160.0,43.0,117.0,20.6,38.0,10.0,28.0,18.58,3149136.0,854704.0,1337328.0,364048.0,14.0,0.0,51.0,10.0,0.0,4920.0,0.0,5e-05,20000000.0,31491360.0,8547040.0,13373280.0,3640480.0,0.73125,0.7368421052631579
1017,1017.0,1.0,290.0,78.0,212.0,26.64,95.0,25.0,70.0,27.0,4781832.0,1280616.0,2320888.0,610760.0,7.0,0.0,51.0,10.0,0.0,90.0,0.0,5e-05,20000000.0,47818320.0,12806160.0,23208880.0,6107600.0,0.7310344827586207,0.7368421052631579
1018,1018.0,1.0,320.0,80.0,240.0,26.65,304.0,95.0,209.0,25.58,494080.0,123520.0,1283728.0,356096.0,2.0,0.0,51.0,10.0,0.0,420.0,0.0,5e-05,20000000.0,4940800.0,1235200.0,12837280.0,3560960.0,0.75,0.6875
1019,1019.0,1.0,290.0,78.0,212.0,23.03,95.0,25.0,70.0,24.16,3162472.0,837256.0,1375544.0,374424.0,7.0,0.0,51.0,10.0,0.0,3830.0,0.0,5e-05,20000000.0,31624720.0,8372560.0,13755440.0,3744240.0,0.7310344827586207,0.7368421052631579
1020,1020.0,1.0,290.0,78.0,212.0,24.28,95.0,25.0,70.0,27.0,3436392.0,905736.0,2320888.0,610760.0,7.0,0.0,51.0,10.0,0.0,4870.0,0.0,5e-05,20000000.0,34363920.0,9057360.0,23208880.0,6107600.0,0.7310344827586207,0.7368421052631579
1021,1021.0,1.0,320.0,80.0,240.0,26.42,171.0,45.0,126.0,27.0,1915904.0,478976.0,1975848.0,519960.0,4.0,0.0,51.0,10.0,0.0,2760.0,0.0,5e-05,20000000.0,19159040.0,4789760.0,19758480.0,5199600.0,0.75,0.7368421052631579
1022,1022.0,1.0,320.0,95.0,225.0,22.97,304.0,106.0,198.0,19.13,423328.0,111616.0,853672.0,222928.0,2.0,0.0,51.0,10.0,0.0,4030.0,0.0,5e-05,20000000.0,4233280.0,1116160.0,8536720.0,2229280.0,0.703125,0.6513157894736842
1023,1023.0,1.0,320.0,80.0,240.0,26.38,171.0,50.0,121.0,25.58,1915904.0,478976.0,1653752.0,450760.0,4.0,0.0,51.0,10.0,0.0,2770.0,0.0,5e-05,20000000.0,19159040.0,4789760.0,16537520.0,4507600.0,0.75,0.7076023391812866
1024,1024.0,1.0,320.0,97.0,223.0,23.63,304.0,95.0,209.0,18.64,379912.0,98880.0,828896.0,222840.0,2.0,0.0,51.0,10.0,0.0,3800.0,0.0,5e-05,20000000.0,3799120.0,988800.0,8288960.0,2228400.0,0.696875,0.6875
1025,1025.0,1.0,320.0,104.0,216.0,18.81,304.0,101.0,203.0,20.95,278608.0,75208.0,936208.0,257000.0,2.0,0.0,51.0,10.0,0.0,4930.0,0.0,5e-05,20000000.0,2786080.0,752080.0,9362080.0,2570000.0,0.675,0.6677631578947368
1026,1026.0,1.0,290.0,78.0,212.0,23.72,95.0,25.0,70.0,21.62,3189672.0,852616.0,1021040.0,256256.0,7.0,0.0,51.0,10.0,0.0,4070.0,0.0,5e-05,20000000.0,31896720.0,8526160.0,10210400.0,2562560.0,0.7310344827586207,0.7368421052631579
1027,1027.0,1.0,160.0,43.0,117.0,25.92,38.0,10.0,28.0,27.0,5067456.0,1329024.0,2258416.0,594320.0,14.0,0.0,51.0,10.0,0.0,1560.0,0.0,5e-05,20000000.0,50674560.0,13290240.0,22584160.0,5943200.0,0.73125,0.7368421052631579
1028,1028.0,1.0,320.0,101.0,219.0,23.52,304.0,93.0,211.0,24.96,384512.0,107120.0,1144720.0,316728.0,2.0,0.0,51.0,10.0,0.0,3880.0,0.0,5e-05,20000000.0,3845120.0,1071200.0,11447200.0,3167280.0,0.684375,0.694078947368421
1029,1029.0,1.0,290.0,78.0,212.0,25.66,95.0,25.0,70.0,27.0,4258152.0,1111176.0,2320888.0,610760.0,7.0,0.0,51.0,10.0,0.0,3450.0,0.0,5e-05,20000000.0,42581520.0,11111760.0,23208880.0,6107600.0,0.7310344827586207,0.7368421052631579
1030,1030.0,1.0,160.0,43.0,117.0,26.5,38.0,10.0,28.0,27.0,5277976.0,1406696.0,2258416.0,594320.0,14.0,0.0,51.0,10.0,0.0,230.0,0.0,5e-05,20000000.0,52779760.0,14066960.0,22584160.0,5943200.0,0.73125,0.7368421052631579
1031,1031.0,1.0,320.0,92.0,228.0,21.23,171.0,55.0,116.0,18.81,1249160.0,322160.0,860896.0,232152.0,4.0,0.0,51.0,10.0,0.0,4330.0,0.0,5e-05,20000000.0,12491600.0,3221600.0,8608960.0,2321520.0,0.7125,0.6783625730994152
1032,1032.0,1.0,290.0,78.0,212.0,26.53,95.0,25.0,70.0,27.0,4720392.0,1265256.0,2320888.0,610760.0,7.0,0.0,51.0,10.0,0.0,630.0,0.0,5e-05,20000000.0,47203920.0,12652560.0,23208880.0,6107600.0,0.7310344827586207,0.7368421052631579
1033,1033.0,1.0,160.0,43.0,117.0,18.74,38.0,10.0,28.0,11.79,2879168.0,797200.0,416240.0,133776.0,14.0,0.0,51.0,10.0,0.0,3720.0,0.0,5e-05,20000000.0,28791680.0,7972000.0,4162400.0,1337760.0,0.73125,0.7368421052631579
1034,1034.0,1.0,320.0,92.0,228.0,23.98,171.0,51.0,120.0,24.22,1498376.0,384464.0,1704096.0,451896.0,4.0,0.0,51.0,10.0,0.0,3490.0,0.0,5e-05,20000000.0,14983760.0,3844640.0,17040960.0,4518960.0,0.7125,0.7017543859649122
1035,1035.0,1.0,290.0,84.0,206.0,25.2,95.0,30.0,65.0,23.87,4377992.0,1184504.0,1841688.0,525048.0,7.0,0.0,51.0,10.0,0.0,1680.0,0.0,5e-05,20000000.0,43779920.0,11845040.0,18416880.0,5250480.0,0.7103448275862069,0.6842105263157895
1036,1036.0,1.0,160.0,43.0,117.0,25.69,38.0,10.0,28.0,25.58,4964568.0,1328344.0,1797872.0,479184.0,14.0,0.0,51.0,10.0,0.0,2350.0,0.0,5e-05,20000000.0,49645680.0,13283440.0,17978720.0,4791840.0,0.73125,0.7368421052631579
1037,1037.0,1.0,320.0,80.0,240.0,26.6,304.0,80.0,224.0,27.0,487424.0,121856.0,1361920.0,358400.0,2.0,0.0,51.0,10.0,0.0,3860.0,0.0,5e-05,20000000.0,4874240.0,1218560.0,13619200.0,3584000.0,0.75,0.7368421052631579
1038,1038.0,1.0,290.0,78.0,212.0,23.73,95.0,27.0,68.0,24.16,3292392.0,852616.0,1710016.0,456304.0,7.0,0.0,51.0,10.0,0.0,3100.0,0.0,5e-05,20000000.0,32923920.0,8526160.0,17100160.0,4563040.0,0.7310344827586207,0.7157894736842105
1039,1039.0,1.0,160.0,43.0,117.0,21.17,38.0,10.0,28.0,19.95,3253152.0,856296.0,991920.0,248912.0,14.0,0.0,51.0,10.0,0.0,2360.0,0.0,5e-05,20000000.0,32531520.0,8562960.0,9919200.0,2489120.0,0.73125,0.7368421052631579
1040,1040.0,1.0,290.0,79.0,211.0,25.67,95.0,27.0,68.0,24.44,4422312.0,1178704.0,1789176.0,496128.0,7.0,0.0,51.0,10.0,0.0,3060.0,0.0,5e-05,20000000.0,44223120.0,11787040.0,17891760.0,4961280.0,0.7275862068965517,0.7157894736842105
1041,1041.0,1.0,320.0,80.0,240.0,26.1,171.0,52.0,119.0,25.58,1915904.0,478976.0,1659848.0,459720.0,4.0,0.0,51.0,10.0,0.0,670.0,0.0,5e-05,20000000.0,19159040.0,4789760.0,16598480.0,4597200.0,0.75,0.695906432748538
1042,1042.0,1.0,290.0,78.0,212.0,26.25,95.0,25.0,70.0,27.0,4686152.0,1231016.0,2320888.0,610760.0,7.0,0.0,51.0,10.0,0.0,2760.0,0.0,5e-05,20000000.0,46861520.0,12310160.0,23208880.0,6107600.0,0.7310344827586207,0.7368421052631579
1043,1043.0,1.0,320.0,90.0,230.0,21.46,171.0,50.0,121.0,23.54,1330736.0,347904.0,1363104.0,371304.0,4.0,0.0,51.0,10.0,0.0,4080.0,0.0,5e-05,20000000.0,13307360.0,3479040.0,13631040.0,3713040.0,0.71875,0.7076023391812866
1044,1044.0,1.0,320.0,103.0,217.0,22.84,304.0,89.0,215.0,25.58,358784.0,97600.0,1231600.0,329216.0,2.0,0.0,51.0,10.0,0.0,3940.0,0.0,5e-05,20000000.0,3587840.0,976000.0,12316000.0,3292160.0,0.678125,0.7072368421052632
1045,1045.0,1.0,290.0,80.0,210.0,24.22,95.0,28.0,67.0,21.97,3830152.0,1027192.0,1762528.0,483448.0,7.0,0.0,51.0,10.0,0.0,2520.0,0.0,5e-05,20000000.0,38301520.0,10271920.0,17625280.0,4834480.0,0.7241379310344828,0.7052631578947368
1046,1046.0,1.0,320.0,94.0,226.0,23.38,304.0,93.0,211.0,22.4,415064.0,109888.0,953584.0,255912.0,2.0,0.0,51.0,10.0,0.0,4440.0,0.0,5e-05,20000000.0,4150640.0,1098880.0,9535840.0,2559120.0,0.70625,0.694078947368421
1047,1047.0,1.0,320.0,93.0,227.0,24.85,304.0,93.0,211.0,25.58,447224.0,117864.0,1253320.0,347136.0,2.0,0.0,51.0,10.0,0.0,1690.0,0.0,5e-05,20000000.0,4472240.0,1178640.0,12533200.0,3471360.0,0.709375,0.694078947368421
1048,1048.0,1.0,290.0,78.0,212.0,24.95,95.0,25.0,70.0,27.0,3984232.0,1059816.0,2320888.0,610760.0,7.0,0.0,51.0,10.0,0.0,4270.0,0.0,5e-05,20000000.0,39842320.0,10598160.0,23208880.0,6107600.0,0.7310344827586207,0.7368421052631579
1049,1049.0,1.0,320.0,105.0,215.0,21.93,304.0,102.0,202.0,22.39,342704.0,88080.0,927520.0,239760.0,2.0,0.0,51.0,10.0,0.0,3830.0,0.0,5e-05,20000000.0,3427040.0,880800.0,9275200.0,2397600.0,0.671875,0.6644736842105263
1050,1050.0,1.0,320.0,80.0,240.0,26.65,304.0,80.0,224.0,27.0,494080.0,123520.0,1361920.0,358400.0,2.0,0.0,51.0,10.0,0.0,980.0,0.0,5e-05,20000000.0,4940800.0,1235200.0,13619200.0,3584000.0,0.75,0.7368421052631579
1051,1051.0,1.0,320.0,80.0,240.0,26.48,171.0,45.0,126.0,27.0,1915904.0,478976.0,1975848.0,519960.0,4.0,0.0,51.0,10.0,0.0,260.0,0.0,5e-05,20000000.0,19159040.0,4789760.0,19758480.0,5199600.0,0.75,0.7368421052631579
1052,1052.0,1.0,320.0,99.0,221.0,18.24,171.0,60.0,111.0,17.52,1069264.0,282664.0,991472.0,265056.0,4.0,0.0,51.0,10.0,0.0,4120.0,0.0,5e-05,20000000.0,10692640.0,2826640.0,9914720.0,2650560.0,0.690625,0.6491228070175439
1053,1053.0,1.0,290.0,79.0,211.0,26.45,95.0,25.0,70.0,27.0,4747592.0,1264304.0,2320888.0,610760.0,7.0,0.0,51.0,10.0,0.0,40.0,0.0,5e-05,20000000.0,47475920.0,12643040.0,23208880.0,6107600.0,0.7275862068965517,0.7368421052631579
1054,1054.0,1.0,290.0,78.0,212.0,26.55,95.0,25.0,70.0,27.0,4764936.0,1263720.0,2320888.0,610760.0,7.0,0.0,51.0,10.0,0.0,540.0,0.0,5e-05,20000000.0,47649360.0,12637200.0,23208880.0,6107600.0,0.7310344827586207,0.7368421052631579
1055,1055.0,1.0,290.0,78.0,212.0,26.64,95.0,25.0,70.0,27.0,4781832.0,1280616.0,2320888.0,610760.0,7.0,0.0,51.0,10.0,0.0,470.0,0.0,5e-05,20000000.0,47818320.0,12806160.0,23208880.0,6107600.0,0.7310344827586207,0.7368421052631579
1056,1056.0,1.0,290.0,78.0,212.0,26.45,95.0,25.0,70.0,27.0,4764712.0,1263496.0,2320888.0,610760.0,7.0,0.0,51.0,10.0,0.0,870.0,0.0,5e-05,20000000.0,47647120.0,12634960.0,23208880.0,6107600.0,0.7310344827586207,0.7368421052631579
1057,1057.0,1.0,320.0,91.0,229.0,22.06,171.0,56.0,115.0,18.74,1437680.0,374992.0,1011120.0,267672.0,4.0,0.0,51.0,10.0,0.0,4030.0,0.0,5e-05,20000000.0,14376800.0,3749920.0,10111200.0,2676720.0,0.715625,0.672514619883041
1058,1058.0,1.0,320.0,87.0,233.0,23.75,304.0,96.0,208.0,21.17,418280.0,107832.0,849328.0,230256.0,2.0,0.0,51.0,10.0,0.0,4760.0,0.0,5e-05,20000000.0,4182800.0,1078320.0,8493280.0,2302560.0,0.728125,0.6842105263157895
1059,1059.0,1.0,320.0,80.0,240.0,26.54,171.0,45.0,126.0,27.0,1942144.0,485536.0,1975848.0,519960.0,4.0,0.0,51.0,10.0,0.0,980.0,0.0,5e-05,20000000.0,19421440.0,4855360.0,19758480.0,5199600.0,0.75,0.7368421052631579
1060,1060.0,1.0,320.0,94.0,226.0,25.19,171.0,45.0,126.0,27.0,1715488.0,454072.0,1975848.0,519960.0,4.0,0.0,51.0,10.0,0.0,910.0,0.0,5e-05,20000000.0,17154880.0,4540720.0,19758480.0,5199600.0,0.70625,0.7368421052631579
1061,1061.0,1.0,290.0,78.0,212.0,23.34,95.0,25.0,70.0,24.16,3350792.0,888616.0,1493712.0,374424.0,7.0,0.0,51.0,10.0,0.0,3880.0,0.0,5e-05,20000000.0,33507920.0,8886160.0,14937120.0,3744240.0,0.7310344827586207,0.7368421052631579
1062,1062.0,1.0,160.0,43.0,117.0,26.27,38.0,10.0,28.0,25.58,5096576.0,1326752.0,1913008.0,479184.0,14.0,0.0,51.0,10.0,0.0,1840.0,0.0,5e-05,20000000.0,50965760.0,13267520.0,19130080.0,4791840.0,0.73125,0.7368421052631579
1063,1063.0,1.0,290.0,78.0,212.0,23.7,95.0,26.0,69.0,25.58,3590472.0,957096.0,2023328.0,546872.0,7.0,0.0,51.0,10.0,0.0,3890.0,0.0,5e-05,20000000.0,35904720.0,9570960.0,20233280.0,5468720.0,0.7310344827586207,0.7263157894736842
1064,1064.0,1.0,320.0,104.0,216.0,22.03,304.0,111.0,193.0,19.97,357400.0,94504.0,836296.0,223608.0,2.0,0.0,51.0,10.0,0.0,4090.0,0.0,5e-05,20000000.0,3574000.0,945040.0,8362960.0,2236080.0,0.675,0.6348684210526315
1065,1065.0,1.0,320.0,80.0,240.0,26.48,171.0,45.0,126.0,27.0,1915904.0,478976.0,1975848.0,519960.0,4.0,0.0,51.0,10.0,0.0,1740.0,0.0,5e-05,20000000.0,19159040.0,4789760.0,19758480.0,5199600.0,0.75,0.7368421052631579
1066,1066.0,1.0,320.0,80.0,240.0,26.48,171.0,50.0,121.0,24.52,1915904.0,478976.0,1521128.0,411032.0,4.0,0.0,51.0,10.0,0.0,2590.0,0.0,5e-05,20000000.0,19159040.0,4789760.0,15211280.0,4110320.0,0.75,0.7076023391812866
1067,1067.0,1.0,160.0,43.0,117.0,26.18,38.0,10.0,28.0,27.0,5041592.0,1347600.0,2258416.0,594320.0,14.0,0.0,51.0,10.0,0.0,880.0,0.0,5e-05,20000000.0,50415920.0,13476000.0,22584160.0,5943200.0,0.73125,0.7368421052631579
1068,1068.0,1.0,290.0,78.0,212.0,26.59,95.0,25.0,70.0,27.0,4781832.0,1280616.0,2320888.0,610760.0,7.0,0.0,51.0,10.0,0.0,1380.0,0.0,5e-05,20000000.0,47818320.0,12806160.0,23208880.0,6107600.0,0.7310344827586207,0.7368421052631579
1069,1069.0,1.0,320.0,92.0,228.0,24.82,171.0,52.0,119.0,25.58,1740872.0,457208.0,1659848.0,459720.0,4.0,0.0,51.0,10.0,0.0,1690.0,0.0,5e-05,20000000.0,17408720.0,4572080.0,16598480.0,4597200.0,0.7125,0.695906432748538
1070,1070.0,1.0,320.0,90.0,230.0,21.47,171.0,51.0,120.0,23.54,1268880.0,331936.0,1557216.0,420264.0,4.0,0.0,51.0,10.0,0.0,4540.0,0.0,5e-05,20000000.0,12688800.0,3319360.0,15572160.0,4202640.0,0.71875,0.7017543859649122
1071,1071.0,1.0,160.0,43.0,117.0,24.46,38.0,10.0,28.0,24.21,3939920.0,1052400.0,1346224.0,366272.0,14.0,0.0,51.0,10.0,0.0,3900.0,0.0,5e-05,20000000.0,39399200.0,10524000.0,13462240.0,3662720.0,0.73125,0.7368421052631579
1072,1072.0,1.0,160.0,44.0,116.0,25.92,38.0,10.0,28.0,25.58,4762872.0,1249272.0,1913008.0,479184.0,14.0,0.0,51.0,10.0,0.0,1550.0,0.0,5e-05,20000000.0,47628720.0,12492720.0,19130080.0,4791840.0,0.725,0.7368421052631579
1073,1073.0,1.0,320.0,101.0,219.0,23.18,304.0,102.0,202.0,22.43,376696.0,103960.0,975304.0,287544.0,2.0,0.0,51.0,10.0,0.0,4070.0,0.0,5e-05,20000000.0,3766960.0,1039600.0,9753040.0,2875440.0,0.684375,0.6644736842105263
1074,1074.0,1.0,320.0,80.0,240.0,26.65,304.0,108.0,196.0,22.93,494080.0,123520.0,1136032.0,292704.0,2.0,0.0,51.0,10.0,0.0,1800.0,0.0,5e-05,20000000.0,4940800.0,1235200.0,11360320.0,2927040.0,0.75,0.6447368421052632
1075,1075.0,1.0,320.0,92.0,228.0,22.4,171.0,53.0,118.0,23.84,1458768.0,380256.0,1531928.0,430224.0,4.0,0.0,51.0,10.0,0.0,3130.0,0.0,5e-05,20000000.0,14587680.0,3802560.0,15319280.0,4302240.0,0.7125,0.6900584795321637
1076,1076.0,1.0,160.0,43.0,117.0,23.83,38.0,10.0,28.0,22.74,4623560.0,1169080.0,1913008.0,479184.0,14.0,0.0,51.0,10.0,0.0,4290.0,0.0,5e-05,20000000.0,46235600.0,11690800.0,19130080.0,4791840.0,0.73125,0.7368421052631579
1077,1077.0,1.0,320.0,92.0,228.0,24.51,304.0,90.0,214.0,25.58,442400.0,116192.0,1214224.0,333696.0,2.0,0.0,51.0,10.0,0.0,2690.0,0.0,5e-05,20000000.0,4424000.0,1161920.0,12142240.0,3336960.0,0.7125,0.7039473684210527
1078,1078.0,1.0,160.0,43.0,117.0,21.01,38.0,10.0,28.0,24.16,3034288.0,796368.0,1797872.0,479184.0,14.0,0.0,51.0,10.0,0.0,4740.0,0.0,5e-05,20000000.0,30342880.0,7963680.0,17978720.0,4791840.0,0.73125,0.7368421052631579
1079,1079.0,1.0,290.0,82.0,208.0,25.26,95.0,33.0,62.0,23.59,4370952.0,1146888.0,1944560.0,579344.0,7.0,0.0,51.0,10.0,0.0,1120.0,0.0,5e-05,20000000.0,43709520.0,11468880.0,19445600.0,5793440.0,0.7172413793103448,0.6526315789473685
1080,1080.0,1.0,320.0,108.0,212.0,21.37,171.0,52.0,119.0,24.16,1268880.0,362248.0,1717240.0,465472.0,4.0,0.0,51.0,10.0,0.0,3290.0,0.0,5e-05,20000000.0,12688800.0,3622480.0,17172400.0,4654720.0,0.6625,0.695906432748538
1081,1081.0,1.0,320.0,91.0,229.0,25.08,171.0,52.0,119.0,25.27,1717352.0,449016.0,1768112.0,487008.0,4.0,0.0,51.0,10.0,0.0,1630.0,0.0,5e-05,20000000.0,17173520.0,4490160.0,17681120.0,4870080.0,0.715625,0.695906432748538
1082,1082.0,1.0,320.0,80.0,240.0,26.6,304.0,80.0,224.0,27.0,487424.0,121856.0,1361920.0,358400.0,2.0,0.0,51.0,10.0,0.0,2440.0,0.0,5e-05,20000000.0,4874240.0,1218560.0,13619200.0,3584000.0,0.75,0.7368421052631579
1083,1083.0,1.0,160.0,43.0,117.0,25.82,38.0,10.0,28.0,25.58,4540376.0,1222296.0,1797872.0,479184.0,14.0,0.0,51.0,10.0,0.0,2110.0,0.0,5e-05,20000000.0,45403760.0,12222960.0,17978720.0,4791840.0,0.73125,0.7368421052631579
1084,1084.0,1.0,290.0,78.0,212.0,20.67,95.0,25.0,70.0,27.0,2744552.0,732776.0,2320888.0,610760.0,7.0,0.0,51.0,10.0,0.0,4990.0,0.0,5e-05,20000000.0,27445520.0,7327760.0,23208880.0,6107600.0,0.7310344827586207,0.7368421052631579
1085,1085.0,1.0,290.0,82.0,208.0,26.17,95.0,25.0,70.0,27.0,4644872.0,1266728.0,2320888.0,610760.0,7.0,0.0,51.0,10.0,0.0,1110.0,0.0,5e-05,20000000.0,46448720.0,12667280.0,23208880.0,6107600.0,0.7172413793103448,0.7368421052631579
1086,1086.0,1.0,320.0,80.0,240.0,26.26,171.0,57.0,114.0,24.47,1942144.0,485536.0,1415616.0,407712.0,4.0,0.0,51.0,10.0,0.0,1360.0,0.0,5e-05,20000000.0,19421440.0,4855360.0,14156160.0,4077120.0,0.75,0.6666666666666666
1087,1087.0,1.0,320.0,80.0,240.0,26.6,304.0,80.0,224.0,27.0,487424.0,121856.0,1361920.0,358400.0,2.0,0.0,51.0,10.0,0.0,690.0,0.0,5e-05,20000000.0,4874240.0,1218560.0,13619200.0,3584000.0,0.75,0.7368421052631579
1088,1088.0,1.0,160.0,43.0,117.0,24.17,38.0,10.0,28.0,24.16,4076456.0,1052328.0,1452464.0,364048.0,14.0,0.0,51.0,10.0,0.0,3780.0,0.0,5e-05,20000000.0,40764560.0,10523280.0,14524640.0,3640480.0,0.73125,0.7368421052631579
1089,1089.0,1.0,320.0,90.0,230.0,25.25,304.0,80.0,224.0,27.0,432752.0,112848.0,1361920.0,358400.0,2.0,0.0,51.0,10.0,0.0,2570.0,0.0,5e-05,20000000.0,4327520.0,1128480.0,13619200.0,3584000.0,0.71875,0.7368421052631579
1090,1090.0,1.0,160.0,43.0,117.0,26.65,38.0,10.0,28.0,27.0,5355000.0,1425952.0,2258416.0,594320.0,14.0,0.0,51.0,10.0,0.0,130.0,0.0,5e-05,20000000.0,53550000.0,14259520.0,22584160.0,5943200.0,0.73125,0.7368421052631579
1091,1091.0,1.0,160.0,43.0,117.0,25.42,38.0,10.0,28.0,27.0,4214632.0,1130872.0,2258416.0,594320.0,14.0,0.0,51.0,10.0,0.0,1820.0,0.0,5e-05,20000000.0,42146320.0,11308720.0,22584160.0,5943200.0,0.73125,0.7368421052631579
1092,1092.0,1.0,320.0,88.0,232.0,19.63,171.0,49.0,122.0,18.93,936880.0,244032.0,1088120.0,305560.0,4.0,0.0,51.0,10.0,0.0,4920.0,0.0,5e-05,20000000.0,9368800.0,2440320.0,10881200.0,3055600.0,0.725,0.7134502923976608
1093,1093.0,1.0,320.0,96.0,224.0,24.76,304.0,80.0,224.0,27.0,442400.0,118056.0,1361920.0,358400.0,2.0,0.0,51.0,10.0,0.0,1640.0,0.0,5e-05,20000000.0,4424000.0,1180560.0,13619200.0,3584000.0,0.7,0.7368421052631579
1094,1094.0,1.0,290.0,79.0,211.0,26.36,95.0,30.0,65.0,25.58,4730472.0,1247184.0,2202720.0,614744.0,7.0,0.0,51.0,10.0,0.0,100.0,0.0,5e-05,20000000.0,47304720.0,12471840.0,22027200.0,6147440.0,0.7275862068965517,0.6842105263157895
1095,1095.0,1.0,160.0,43.0,117.0,25.01,38.0,11.0,27.0,25.58,4744384.0,1229104.0,2028144.0,538616.0,14.0,0.0,51.0,10.0,0.0,1130.0,0.0,5e-05,20000000.0,47443840.0,12291040.0,20281440.0,5386160.0,0.73125,0.7105263157894737
1096,1096.0,1.0,320.0,80.0,240.0,26.2,304.0,96.0,208.0,24.6,487424.0,121856.0,1101280.0,312792.0,2.0,0.0,51.0,10.0,0.0,2710.0,0.0,5e-05,20000000.0,4874240.0,1218560.0,11012800.0,3127920.0,0.75,0.6842105263157895
1097,1097.0,1.0,290.0,78.0,212.0,24.47,95.0,25.0,70.0,27.0,3994312.0,1058056.0,2320888.0,610760.0,7.0,0.0,51.0,10.0,0.0,3160.0,0.0,5e-05,20000000.0,39943120.0,10580560.0,23208880.0,6107600.0,0.7310344827586207,0.7368421052631579
1098,1098.0,1.0,320.0,80.0,240.0,26.3,304.0,94.0,210.0,25.05,494080.0,123520.0,1162096.0,325552.0,2.0,0.0,51.0,10.0,0.0,3060.0,0.0,5e-05,20000000.0,4940800.0,1235200.0,11620960.0,3255520.0,0.75,0.6907894736842105
1099,1099.0,1.0,290.0,78.0,212.0,21.84,95.0,26.0,69.0,20.46,3155912.0,865576.0,1496384.0,415136.0,7.0,0.0,51.0,10.0,0.0,4890.0,0.0,5e-05,20000000.0,31559120.0,8655760.0,14963840.0,4151360.0,0.7310344827586207,0.7263157894736842
1100,1100.0,1.0,320.0,80.0,240.0,26.48,171.0,45.0,126.0,27.0,1942144.0,485536.0,1975848.0,519960.0,4.0,0.0,51.0,10.0,0.0,880.0,0.0,5e-05,20000000.0,19421440.0,4855360.0,19758480.0,5199600.0,0.75,0.7368421052631579
1101,1101.0,1.0,320.0,80.0,240.0,26.6,304.0,93.0,211.0,25.58,487424.0,121856.0,1253320.0,347136.0,2.0,0.0,51.0,10.0,0.0,1530.0,0.0,5e-05,20000000.0,4874240.0,1218560.0,12533200.0,3471360.0,0.75,0.694078947368421
1102,1102.0,1.0,320.0,95.0,225.0,22.21,171.0,48.0,123.0,25.58,1089520.0,284720.0,1735616.0,450896.0,4.0,0.0,51.0,10.0,0.0,3940.0,0.0,5e-05,20000000.0,10895200.0,2847200.0,17356160.0,4508960.0,0.703125,0.7192982456140351
1103,1103.0,1.0,160.0,43.0,117.0,25.47,38.0,10.0,28.0,25.58,4567608.0,1229104.0,1797872.0,479184.0,14.0,0.0,51.0,10.0,0.0,3090.0,0.0,5e-05,20000000.0,45676080.0,12291040.0,17978720.0,4791840.0,0.73125,0.7368421052631579
1104,1104.0,1.0,320.0,80.0,240.0,26.19,171.0,49.0,122.0,24.63,1942144.0,485536.0,1323784.0,366824.0,4.0,0.0,51.0,10.0,0.0,4110.0,0.0,5e-05,20000000.0,19421440.0,4855360.0,13237840.0,3668240.0,0.75,0.7134502923976608
1105,1105.0,1.0,290.0,78.0,212.0,26.59,95.0,25.0,70.0,27.0,4720392.0,1265256.0,2320888.0,610760.0,7.0,0.0,51.0,10.0,0.0,820.0,0.0,5e-05,20000000.0,47203920.0,12652560.0,23208880.0,6107600.0,0.7310344827586207,0.7368421052631579
1106,1106.0,1.0,320.0,90.0,230.0,25.25,304.0,106.0,198.0,20.35,432752.0,112848.0,866704.0,235960.0,2.0,0.0,51.0,10.0,0.0,3930.0,0.0,5e-05,20000000.0,4327520.0,1128480.0,8667040.0,2359600.0,0.71875,0.6513157894736842
1107,1107.0,1.0,290.0,78.0,212.0,23.64,95.0,26.0,69.0,21.17,3321032.0,872616.0,1084000.0,285784.0,7.0,0.0,51.0,10.0,0.0,3840.0,0.0,5e-05,20000000.0,33210320.0,8726160.0,10840000.0,2857840.0,0.7310344827586207,0.7263157894736842
1108,1108.0,1.0,320.0,108.0,212.0,21.94,304.0,100.0,204.0,23.0,368792.0,107256.0,1036120.0,304648.0,2.0,0.0,51.0,10.0,0.0,4130.0,0.0,5e-05,20000000.0,3687920.0,1072560.0,10361200.0,3046480.0,0.6625,0.6710526315789473
1109,1109.0,1.0,320.0,103.0,217.0,21.77,304.0,91.0,213.0,22.88,359008.0,100872.0,915776.0,257048.0,2.0,0.0,51.0,10.0,0.0,4060.0,0.0,5e-05,20000000.0,3590080.0,1008720.0,9157760.0,2570480.0,0.678125,0.7006578947368421
1110,1110.0,1.0,160.0,43.0,117.0,22.39,38.0,10.0,28.0,24.16,3901616.0,1033224.0,1797872.0,479184.0,14.0,0.0,51.0,10.0,0.0,4080.0,0.0,5e-05,20000000.0,39016160.0,10332240.0,17978720.0,4791840.0,0.73125,0.7368421052631579
1111,1111.0,1.0,290.0,78.0,212.0,20.77,95.0,26.0,69.0,20.02,2859688.0,753000.0,564960.0,156024.0,7.0,0.0,51.0,10.0,0.0,3420.0,0.0,5e-05,20000000.0,28596880.0,7530000.0,5649600.0,1560240.0,0.7310344827586207,0.7263157894736842
1112,1112.0,1.0,160.0,43.0,117.0,25.33,38.0,10.0,28.0,27.0,4344496.0,1143944.0,2258416.0,594320.0,14.0,0.0,51.0,10.0,0.0,2330.0,0.0,5e-05,20000000.0,43444960.0,11439440.0,22584160.0,5943200.0,0.73125,0.7368421052631579
1113,1113.0,1.0,320.0,85.0,235.0,23.41,171.0,49.0,122.0,21.65,1365528.0,344352.0,1023632.0,277976.0,4.0,0.0,51.0,10.0,0.0,4900.0,0.0,5e-05,20000000.0,13655280.0,3443520.0,10236320.0,2779760.0,0.734375,0.7134502923976608
1114,1114.0,1.0,320.0,86.0,234.0,25.12,171.0,56.0,115.0,23.53,1615856.0,414576.0,1597240.0,452760.0,4.0,0.0,51.0,10.0,0.0,2460.0,0.0,5e-05,20000000.0,16158560.0,4145760.0,15972400.0,4527600.0,0.73125,0.672514619883041
1115,1115.0,1.0,320.0,80.0,240.0,26.52,171.0,45.0,126.0,27.0,1942144.0,485536.0,1975848.0,519960.0,4.0,0.0,51.0,10.0,0.0,1080.0,0.0,5e-05,20000000.0,19421440.0,4855360.0,19758480.0,5199600.0,0.75,0.7368421052631579
1116,1116.0,1.0,160.0,43.0,117.0,24.02,38.0,10.0,28.0,27.0,4214632.0,1130872.0,2258416.0,594320.0,14.0,0.0,51.0,10.0,0.0,3280.0,0.0,5e-05,20000000.0,42146320.0,11308720.0,22584160.0,5943200.0,0.73125,0.7368421052631579
1117,1117.0,1.0,290.0,79.0,211.0,26.36,95.0,30.0,65.0,25.58,4679112.0,1247184.0,2202720.0,614744.0,7.0,0.0,51.0,10.0,0.0,300.0,0.0,5e-05,20000000.0,46791120.0,12471840.0,22027200.0,6147440.0,0.7275862068965517,0.6842105263157895
1118,1118.0,1.0,290.0,78.0,212.0,25.46,95.0,25.0,70.0,25.58,4046152.0,1071016.0,1848216.0,492592.0,7.0,0.0,51.0,10.0,0.0,3540.0,0.0,5e-05,20000000.0,40461520.0,10710160.0,18482160.0,4925920.0,0.7310344827586207,0.7368421052631579
1119,1119.0,1.0,160.0,44.0,116.0,22.72,38.0,10.0,28.0,24.26,3555456.0,967224.0,1797872.0,479184.0,14.0,0.0,51.0,10.0,0.0,2060.0,0.0,5e-05,20000000.0,35554560.0,9672240.0,17978720.0,4791840.0,0.725,0.7368421052631579
1120,1120.0,1.0,320.0,96.0,224.0,20.34,171.0,49.0,122.0,22.53,1047640.0,291632.0,1207416.0,334224.0,4.0,0.0,51.0,10.0,0.0,4060.0,0.0,5e-05,20000000.0,10476400.0,2916320.0,12074160.0,3342240.0,0.7,0.7134502923976608
1121,1121.0,1.0,160.0,43.0,117.0,26.5,38.0,10.0,28.0,27.0,5078216.0,1346768.0,2258416.0,594320.0,14.0,0.0,51.0,10.0,0.0,660.0,0.0,5e-05,20000000.0,50782160.0,13467680.0,22584160.0,5943200.0,0.73125,0.7368421052631579
1122,1122.0,1.0,320.0,80.0,240.0,26.5,171.0,45.0,126.0,27.0,1915904.0,478976.0,1975848.0,519960.0,4.0,0.0,51.0,10.0,0.0,570.0,0.0,5e-05,20000000.0,19159040.0,4789760.0,19758480.0,5199600.0,0.75,0.7368421052631579
1123,1123.0,1.0,290.0,84.0,206.0,23.12,95.0,28.0,67.0,23.04,3470632.0,944824.0,1764288.0,497016.0,7.0,0.0,51.0,10.0,0.0,2670.0,0.0,5e-05,20000000.0,34706320.0,9448240.0,17642880.0,4970160.0,0.7103448275862069,0.7052631578947368
1124,1124.0,1.0,290.0,82.0,208.0,24.74,95.0,26.0,69.0,25.58,4241032.0,1165768.0,2130504.0,574008.0,7.0,0.0,51.0,10.0,0.0,2690.0,0.0,5e-05,20000000.0,42410320.0,11657680.0,21305040.0,5740080.0,0.7172413793103448,0.7263157894736842
1125,1125.0,1.0,290.0,78.0,212.0,23.4,95.0,25.0,70.0,22.76,3378472.0,882696.0,1493712.0,374424.0,7.0,0.0,51.0,10.0,0.0,4170.0,0.0,5e-05,20000000.0,33784720.0,8826960.0,14937120.0,3744240.0,0.7310344827586207,0.7368421052631579
1126,1126.0,1.0,320.0,80.0,240.0,26.65,304.0,80.0,224.0,27.0,494080.0,123520.0,1361920.0,358400.0,2.0,0.0,51.0,10.0,0.0,1040.0,0.0,5e-05,20000000.0,4940800.0,1235200.0,13619200.0,3584000.0,0.75,0.7368421052631579
1127,1127.0,1.0,160.0,43.0,117.0,26.01,38.0,10.0,28.0,25.63,4690568.0,1249856.0,1806768.0,481408.0,14.0,0.0,51.0,10.0,0.0,700.0,0.0,5e-05,20000000.0,46905680.0,12498560.0,18067680.0,4814080.0,0.73125,0.7368421052631579
1128,1128.0,1.0,320.0,103.0,217.0,22.67,171.0,50.0,121.0,24.36,1324920.0,369752.0,1390848.0,379696.0,4.0,0.0,51.0,10.0,0.0,2310.0,0.0,5e-05,20000000.0,13249200.0,3697520.0,13908480.0,3796960.0,0.678125,0.7076023391812866
1129,1129.0,1.0,320.0,117.0,203.0,21.63,304.0,110.0,194.0,22.6,373256.0,111360.0,1040464.0,314696.0,2.0,0.0,51.0,10.0,0.0,2360.0,0.0,5e-05,20000000.0,3732560.0,1113600.0,10404640.0,3146960.0,0.634375,0.6381578947368421
1130,1130.0,1.0,160.0,46.0,114.0,24.49,38.0,12.0,26.0,24.16,4647216.0,1234656.0,1682736.0,482912.0,14.0,0.0,51.0,10.0,0.0,1240.0,0.0,5e-05,20000000.0,46472160.0,12346560.0,16827360.0,4829120.0,0.7125,0.6842105263157895
1131,1131.0,1.0,160.0,43.0,117.0,26.61,38.0,10.0,28.0,27.0,5355000.0,1425952.0,2258416.0,594320.0,14.0,0.0,51.0,10.0,0.0,890.0,0.0,5e-05,20000000.0,53550000.0,14259520.0,22584160.0,5943200.0,0.73125,0.7368421052631579
1132,1132.0,1.0,320.0,90.0,230.0,24.64,304.0,96.0,208.0,22.8,425072.0,110928.0,1101280.0,291072.0,2.0,0.0,51.0,10.0,0.0,3630.0,0.0,5e-05,20000000.0,4250720.0,1109280.0,11012800.0,2910720.0,0.71875,0.6842105263157895
1133,1133.0,1.0,290.0,78.0,212.0,26.54,95.0,25.0,70.0,27.0,4764712.0,1263496.0,2320888.0,610760.0,7.0,0.0,51.0,10.0,0.0,310.0,0.0,5e-05,20000000.0,47647120.0,12634960.0,23208880.0,6107600.0,0.7310344827586207,0.7368421052631579
1134,1134.0,1.0,320.0,80.0,240.0,26.54,171.0,45.0,126.0,25.63,1942144.0,485536.0,1581384.0,421344.0,4.0,0.0,51.0,10.0,0.0,1100.0,0.0,5e-05,20000000.0,19421440.0,4855360.0,15813840.0,4213440.0,0.75,0.7368421052631579
1135,1135.0,1.0,320.0,80.0,240.0,26.65,304.0,80.0,224.0,27.0,494080.0,123520.0,1361920.0,358400.0,2.0,0.0,51.0,10.0,0.0,1330.0,0.0,5e-05,20000000.0,4940800.0,1235200.0,13619200.0,3584000.0,0.75,0.7368421052631579
1136,1136.0,1.0,160.0,43.0,117.0,23.84,38.0,10.0,28.0,21.42,4309184.0,1129904.0,1452464.0,364048.0,14.0,0.0,51.0,10.0,0.0,4650.0,0.0,5e-05,20000000.0,43091840.0,11299040.0,14524640.0,3640480.0,0.73125,0.7368421052631579
1137,1137.0,1.0,320.0,95.0,225.0,24.26,304.0,104.0,200.0,23.68,437800.0,116440.0,1140376.0,335600.0,2.0,0.0,51.0,10.0,0.0,3010.0,0.0,5e-05,20000000.0,4378000.0,1164400.0,11403760.0,3356000.0,0.703125,0.6578947368421053
1138,1138.0,1.0,160.0,44.0,116.0,26.16,38.0,10.0,28.0,27.0,4958752.0,1328496.0,2258416.0,594320.0,14.0,0.0,51.0,10.0,0.0,810.0,0.0,5e-05,20000000.0,49587520.0,13284960.0,22584160.0,5943200.0,0.725,0.7368421052631579
1139,1139.0,1.0,320.0,89.0,231.0,25.15,304.0,80.0,224.0,27.0,420248.0,109256.0,1361920.0,358400.0,2.0,0.0,51.0,10.0,0.0,4160.0,0.0,5e-05,20000000.0,4202480.0,1092560.0,13619200.0,3584000.0,0.721875,0.7368421052631579
1140,1140.0,1.0,320.0,80.0,240.0,26.65,304.0,80.0,224.0,27.0,494080.0,123520.0,1361920.0,358400.0,2.0,0.0,51.0,10.0,0.0,270.0,0.0,5e-05,20000000.0,4940800.0,1235200.0,13619200.0,3584000.0,0.75,0.7368421052631579
1141,1141.0,1.0,160.0,44.0,116.0,24.5,38.0,10.0,28.0,22.84,4097560.0,1112544.0,1337328.0,364048.0,14.0,0.0,51.0,10.0,0.0,2590.0,0.0,5e-05,20000000.0,40975600.0,11125440.0,13373280.0,3640480.0,0.725,0.7368421052631579
1142,1142.0,1.0,160.0,43.0,117.0,24.36,38.0,10.0,28.0,25.63,4377424.0,1152176.0,1806768.0,481408.0,14.0,0.0,51.0,10.0,0.0,4450.0,0.0,5e-05,20000000.0,43774240.0,11521760.0,18067680.0,4814080.0,0.73125,0.7368421052631579
1143,1143.0,1.0,320.0,91.0,229.0,21.74,171.0,45.0,126.0,27.0,1245584.0,325960.0,1975848.0,519960.0,4.0,0.0,51.0,10.0,0.0,4150.0,0.0,5e-05,20000000.0,12455840.0,3259600.0,19758480.0,5199600.0,0.715625,0.7368421052631579
1144,1144.0,1.0,320.0,80.0,240.0,26.65,304.0,93.0,211.0,25.33,494080.0,123520.0,1262008.0,347136.0,2.0,0.0,51.0,10.0,0.0,3180.0,0.0,5e-05,20000000.0,4940800.0,1235200.0,12620080.0,3471360.0,0.75,0.694078947368421
1145,1145.0,1.0,320.0,100.0,220.0,22.54,304.0,101.0,203.0,22.12,358784.0,95800.0,1066528.0,287408.0,2.0,0.0,51.0,10.0,0.0,3460.0,0.0,5e-05,20000000.0,3587840.0,958000.0,10665280.0,2874080.0,0.6875,0.6677631578947368
1146,1146.0,1.0,320.0,80.0,240.0,26.41,171.0,54.0,117.0,24.2,1880192.0,470048.0,1614952.0,456944.0,4.0,0.0,51.0,10.0,0.0,2170.0,0.0,5e-05,20000000.0,18801920.0,4700480.0,16149520.0,4569440.0,0.75,0.6842105263157895
1147,1147.0,1.0,320.0,80.0,240.0,26.65,304.0,80.0,224.0,27.0,494080.0,123520.0,1361920.0,358400.0,2.0,0.0,51.0,10.0,0.0,1790.0,0.0,5e-05,20000000.0,4940800.0,1235200.0,13619200.0,3584000.0,0.75,0.7368421052631579
1148,1148.0,1.0,320.0,80.0,240.0,25.95,304.0,103.0,201.0,19.2,494080.0,123520.0,732040.0,187768.0,2.0,0.0,51.0,10.0,0.0,4410.0,0.0,5e-05,20000000.0,4940800.0,1235200.0,7320400.0,1877680.0,0.75,0.6611842105263158
1149,1149.0,1.0,320.0,114.0,206.0,20.86,304.0,104.0,200.0,22.28,354320.0,93168.0,1088248.0,279128.0,2.0,0.0,51.0,10.0,0.0,2120.0,0.0,5e-05,20000000.0,3543200.0,931680.0,10882480.0,2791280.0,0.64375,0.6578947368421053
1150,1150.0,1.0,160.0,43.0,117.0,25.99,38.0,10.0,28.0,27.0,4884280.0,1308272.0,2258416.0,594320.0,14.0,0.0,51.0,10.0,0.0,2570.0,0.0,5e-05,20000000.0,48842800.0,13082720.0,22584160.0,5943200.0,0.73125,0.7368421052631579
1151,1151.0,1.0,320.0,109.0,211.0,21.85,171.0,57.0,114.0,23.68,1442528.0,415976.0,1357872.0,400320.0,4.0,0.0,51.0,10.0,0.0,2340.0,0.0,5e-05,20000000.0,14425280.0,4159760.0,13578720.0,4003200.0,0.659375,0.6666666666666666
1152,1152.0,1.0,290.0,78.0,212.0,22.92,95.0,25.0,70.0,25.29,3470632.0,939976.0,1848216.0,492592.0,7.0,0.0,51.0,10.0,0.0,4740.0,0.0,5e-05,20000000.0,34706320.0,9399760.0,18482160.0,4925920.0,0.7310344827586207,0.7368421052631579
1153,1153.0,1.0,320.0,97.0,223.0,22.52,304.0,88.0,216.0,25.58,352576.0,94056.0,1222912.0,324736.0,2.0,0.0,51.0,10.0,0.0,4980.0,0.0,5e-05,20000000.0,3525760.0,940560.0,12229120.0,3247360.0,0.696875,0.7105263157894737
1154,1154.0,1.0,320.0,90.0,230.0,24.25,171.0,60.0,111.0,21.93,1691400.0,440864.0,1137384.0,311064.0,4.0,0.0,51.0,10.0,0.0,2020.0,0.0,5e-05,20000000.0,16914000.0,4408640.0,11373840.0,3110640.0,0.71875,0.6491228070175439
1155,1155.0,1.0,160.0,44.0,116.0,25.1,38.0,10.0,28.0,24.16,4394096.0,1152496.0,1452464.0,364048.0,14.0,0.0,51.0,10.0,0.0,2650.0,0.0,5e-05,20000000.0,43940960.0,11524960.0,14524640.0,3640480.0,0.725,0.7368421052631579
1156,1156.0,1.0,320.0,106.0,214.0,23.12,304.0,102.0,202.0,24.16,378304.0,105888.0,1101280.0,317952.0,2.0,0.0,51.0,10.0,0.0,3100.0,0.0,5e-05,20000000.0,3783040.0,1058880.0,11012800.0,3179520.0,0.66875,0.6644736842105263
1157,1157.0,1.0,320.0,109.0,211.0,20.13,304.0,99.0,205.0,21.46,313984.0,86784.0,944896.0,261072.0,2.0,0.0,51.0,10.0,0.0,4810.0,0.0,5e-05,20000000.0,3139840.0,867840.0,9448960.0,2610720.0,0.659375,0.6743421052631579
1158,1158.0,1.0,320.0,80.0,240.0,26.19,171.0,53.0,118.0,24.95,1942144.0,485536.0,1525064.0,429520.0,4.0,0.0,51.0,10.0,0.0,3060.0,0.0,5e-05,20000000.0,19421440.0,4855360.0,15250640.0,4295200.0,0.75,0.6900584795321637
1159,1159.0,1.0,320.0,103.0,217.0,21.82,304.0,97.0,207.0,23.66,367048.0,100872.0,1140376.0,312928.0,2.0,0.0,51.0,10.0,0.0,4540.0,0.0,5e-05,20000000.0,3670480.0,1008720.0,11403760.0,3129280.0,0.678125,0.680921052631579
1160,1160.0,1.0,320.0,92.0,228.0,25.15,171.0,45.0,126.0,27.0,1740872.0,457208.0,1975848.0,519960.0,4.0,0.0,51.0,10.0,0.0,3430.0,0.0,5e-05,20000000.0,17408720.0,4572080.0,19758480.0,5199600.0,0.7125,0.7368421052631579
1161,1161.0,1.0,320.0,89.0,231.0,25.06,171.0,45.0,126.0,27.0,1607656.0,417184.0,1975848.0,519960.0,4.0,0.0,51.0,10.0,0.0,2080.0,0.0,5e-05,20000000.0,16076560.0,4171840.0,19758480.0,5199600.0,0.721875,0.7368421052631579
1162,1162.0,1.0,320.0,91.0,229.0,25.3,304.0,80.0,224.0,27.0,444232.0,116184.0,1361920.0,358400.0,2.0,0.0,51.0,10.0,0.0,4280.0,0.0,5e-05,20000000.0,4442320.0,1161840.0,13619200.0,3584000.0,0.715625,0.7368421052631579
1163,1163.0,1.0,290.0,78.0,212.0,21.91,95.0,25.0,70.0,22.74,3172552.0,852616.0,1375544.0,374424.0,7.0,0.0,51.0,10.0,0.0,4960.0,0.0,5e-05,20000000.0,31725520.0,8526160.0,13755440.0,3744240.0,0.7310344827586207,0.7368421052631579
1164,1164.0,1.0,320.0,80.0,240.0,26.6,304.0,80.0,224.0,27.0,487424.0,121856.0,1361920.0,358400.0,2.0,0.0,51.0,10.0,0.0,660.0,0.0,5e-05,20000000.0,4874240.0,1218560.0,13619200.0,3584000.0,0.75,0.7368421052631579
1165,1165.0,1.0,320.0,93.0,227.0,24.41,304.0,80.0,224.0,27.0,402200.0,106608.0,1361920.0,358400.0,2.0,0.0,51.0,10.0,0.0,4270.0,0.0,5e-05,20000000.0,4022000.0,1066080.0,13619200.0,3584000.0,0.709375,0.7368421052631579
1166,1166.0,1.0,290.0,77.0,213.0,21.03,95.0,26.0,69.0,18.66,3001352.0,766208.0,1239168.0,311448.0,7.0,0.0,51.0,10.0,0.0,4330.0,0.0,5e-05,20000000.0,30013520.0,7662080.0,12391680.0,3114480.0,0.7344827586206897,0.7263157894736842
1167,1167.0,1.0,160.0,44.0,116.0,26.39,38.0,10.0,28.0,27.0,5195968.0,1387800.0,2258416.0,594320.0,14.0,0.0,51.0,10.0,0.0,480.0,0.0,5e-05,20000000.0,51959680.0,13878000.0,22584160.0,5943200.0,0.725,0.7368421052631579
1168,1168.0,1.0,160.0,43.0,117.0,26.56,38.0,10.0,28.0,27.0,5355000.0,1425952.0,2258416.0,594320.0,14.0,0.0,51.0,10.0,0.0,370.0,0.0,5e-05,20000000.0,53550000.0,14259520.0,22584160.0,5943200.0,0.73125,0.7368421052631579
1169,1169.0,1.0,160.0,48.0,112.0,25.02,38.0,14.0,24.0,22.74,4766848.0,1295552.0,1740304.0,486640.0,14.0,0.0,51.0,10.0,0.0,800.0,0.0,5e-05,20000000.0,47668480.0,12955520.0,17403040.0,4866400.0,0.7,0.631578947368421
1170,1170.0,1.0,320.0,93.0,227.0,22.7,171.0,51.0,120.0,23.54,1314432.0,352880.0,1413040.0,376784.0,4.0,0.0,51.0,10.0,0.0,4250.0,0.0,5e-05,20000000.0,13144320.0,3528800.0,14130400.0,3767840.0,0.709375,0.7017543859649122
1171,1171.0,1.0,160.0,44.0,116.0,25.96,38.0,11.0,27.0,25.58,5239024.0,1408552.0,1970576.0,538616.0,14.0,0.0,51.0,10.0,0.0,1020.0,0.0,5e-05,20000000.0,52390240.0,14085520.0,19705760.0,5386160.0,0.725,0.7105263157894737
1172,1172.0,1.0,160.0,43.0,117.0,23.17,38.0,10.0,28.0,21.32,3583944.0,973200.0,1337328.0,364048.0,14.0,0.0,51.0,10.0,0.0,3340.0,0.0,5e-05,20000000.0,35839440.0,9732000.0,13373280.0,3640480.0,0.73125,0.7368421052631579
1173,1173.0,1.0,320.0,80.0,240.0,26.6,304.0,80.0,224.0,27.0,487424.0,121856.0,1361920.0,358400.0,2.0,0.0,51.0,10.0,0.0,1620.0,0.0,5e-05,20000000.0,4874240.0,1218560.0,13619200.0,3584000.0,0.75,0.7368421052631579
1174,1174.0,1.0,160.0,46.0,114.0,20.14,38.0,10.0,28.0,22.74,3446552.0,912448.0,1797872.0,479184.0,14.0,0.0,51.0,10.0,0.0,2120.0,0.0,5e-05,20000000.0,34465520.0,9124480.0,17978720.0,4791840.0,0.7125,0.7368421052631579
1175,1175.0,1.0,320.0,106.0,214.0,20.19,304.0,95.0,209.0,22.32,329840.0,86536.0,1062184.0,277904.0,2.0,0.0,51.0,10.0,0.0,4240.0,0.0,5e-05,20000000.0,3298400.0,865360.0,10621840.0,2779040.0,0.66875,0.6875
1176,1176.0,1.0,160.0,43.0,117.0,23.14,38.0,10.0,28.0,27.0,3948864.0,1064624.0,2258416.0,594320.0,14.0,0.0,51.0,10.0,0.0,4150.0,0.0,5e-05,20000000.0,39488640.0,10646240.0,22584160.0,5943200.0,0.73125,0.7368421052631579
1177,1177.0,1.0,320.0,101.0,219.0,24.24,304.0,93.0,211.0,25.58,408632.0,111944.0,1253320.0,347136.0,2.0,0.0,51.0,10.0,0.0,1460.0,0.0,5e-05,20000000.0,4086320.0,1119440.0,12533200.0,3471360.0,0.684375,0.694078947368421
1178,1178.0,1.0,160.0,44.0,116.0,25.65,38.0,11.0,27.0,25.58,4843872.0,1270176.0,2028144.0,538616.0,14.0,0.0,51.0,10.0,0.0,1390.0,0.0,5e-05,20000000.0,48438720.0,12701760.0,20281440.0,5386160.0,0.725,0.7105263157894737
1179,1179.0,1.0,160.0,44.0,116.0,23.23,38.0,10.0,28.0,24.16,3832016.0,1046352.0,1797872.0,479184.0,14.0,0.0,51.0,10.0,0.0,2180.0,0.0,5e-05,20000000.0,38320160.0,10463520.0,17978720.0,4791840.0,0.725,0.7368421052631579
1180,1180.0,1.0,320.0,80.0,240.0,26.5,171.0,61.0,110.0,19.53,1942144.0,485536.0,930848.0,295416.0,4.0,0.0,51.0,10.0,0.0,3120.0,0.0,5e-05,20000000.0,19421440.0,4855360.0,9308480.0,2954160.0,0.75,0.6432748538011696
1181,1181.0,1.0,320.0,92.0,228.0,25.25,304.0,80.0,224.0,25.63,442400.0,116192.0,1089536.0,290304.0,2.0,0.0,51.0,10.0,0.0,2900.0,0.0,5e-05,20000000.0,4424000.0,1161920.0,10895360.0,2903040.0,0.7125,0.7368421052631579
1182,1182.0,1.0,290.0,78.0,212.0,26.59,95.0,25.0,70.0,27.0,4720392.0,1265256.0,2320888.0,610760.0,7.0,0.0,51.0,10.0,0.0,690.0,0.0,5e-05,20000000.0,47203920.0,12652560.0,23208880.0,6107600.0,0.7310344827586207,0.7368421052631579
1183,1183.0,1.0,320.0,80.0,240.0,26.65,304.0,80.0,224.0,27.0,494080.0,123520.0,1361920.0,358400.0,2.0,0.0,51.0,10.0,0.0,60.0,0.0,5e-05,20000000.0,4940800.0,1235200.0,13619200.0,3584000.0,0.75,0.7368421052631579
1184,1184.0,1.0,320.0,80.0,240.0,26.65,304.0,94.0,210.0,25.58,494080.0,123520.0,1266352.0,351616.0,2.0,0.0,51.0,10.0,0.0,1910.0,0.0,5e-05,20000000.0,4940800.0,1235200.0,12663520.0,3516160.0,0.75,0.6907894736842105
1185,1185.0,1.0,290.0,78.0,212.0,25.25,95.0,25.0,70.0,25.06,4005832.0,1078864.0,1857752.0,494976.0,7.0,0.0,51.0,10.0,0.0,2900.0,0.0,5e-05,20000000.0,40058320.0,10788640.0,18577520.0,4949760.0,0.7310344827586207,0.7368421052631579
1186,1186.0,1.0,320.0,88.0,232.0,23.77,171.0,53.0,118.0,22.26,1315216.0,335480.0,1039184.0,297896.0,4.0,0.0,51.0,10.0,0.0,4070.0,0.0,5e-05,20000000.0,13152160.0,3354800.0,10391840.0,2978960.0,0.725,0.6900584795321637
1187,1187.0,1.0,160.0,43.0,117.0,25.1,38.0,10.0,28.0,25.58,4294704.0,1131496.0,1797872.0,479184.0,14.0,0.0,51.0,10.0,0.0,2750.0,0.0,5e-05,20000000.0,42947040.0,11314960.0,17978720.0,4791840.0,0.73125,0.7368421052631579
1188,1188.0,1.0,290.0,88.0,202.0,22.72,95.0,29.0,66.0,25.01,3316552.0,930936.0,2021568.0,562224.0,7.0,0.0,51.0,10.0,0.0,2550.0,0.0,5e-05,20000000.0,33165520.0,9309360.0,20215680.0,5622240.0,0.696551724137931,0.6947368421052632
1189,1189.0,1.0,320.0,87.0,233.0,24.42,171.0,51.0,120.0,23.08,1606256.0,413840.0,1558032.0,412168.0,4.0,0.0,51.0,10.0,0.0,3630.0,0.0,5e-05,20000000.0,16062560.0,4138400.0,15580320.0,4121680.0,0.728125,0.7017543859649122
1190,1190.0,1.0,320.0,80.0,240.0,26.5,171.0,45.0,126.0,25.63,1915904.0,478976.0,1581384.0,421344.0,4.0,0.0,51.0,10.0,0.0,700.0,0.0,5e-05,20000000.0,19159040.0,4789760.0,15813840.0,4213440.0,0.75,0.7368421052631579
1191,1191.0,1.0,290.0,78.0,212.0,26.48,95.0,25.0,70.0,27.0,4628232.0,1242216.0,2320888.0,610760.0,7.0,0.0,51.0,10.0,0.0,170.0,0.0,5e-05,20000000.0,46282320.0,12422160.0,23208880.0,6107600.0,0.7310344827586207,0.7368421052631579
1192,1192.0,1.0,320.0,80.0,240.0,26.65,304.0,94.0,210.0,25.58,494080.0,123520.0,1266352.0,351616.0,2.0,0.0,51.0,10.0,0.0,1060.0,0.0,5e-05,20000000.0,4940800.0,1235200.0,12663520.0,3516160.0,0.75,0.6907894736842105
1193,1193.0,1.0,160.0,43.0,117.0,26.61,38.0,10.0,28.0,27.0,5355000.0,1425952.0,2258416.0,594320.0,14.0,0.0,51.0,10.0,0.0,1140.0,0.0,5e-05,20000000.0,53550000.0,14259520.0,22584160.0,5943200.0,0.73125,0.7368421052631579
1194,1194.0,1.0,320.0,108.0,212.0,24.03,304.0,95.0,209.0,25.58,432976.0,120488.0,1283728.0,356096.0,2.0,0.0,51.0,10.0,0.0,970.0,0.0,5e-05,20000000.0,4329760.0,1204880.0,12837280.0,3560960.0,0.6625,0.6875
1195,1195.0,1.0,160.0,43.0,117.0,26.26,38.0,10.0,28.0,27.0,4998896.0,1287520.0,2258416.0,594320.0,14.0,0.0,51.0,10.0,0.0,1540.0,0.0,5e-05,20000000.0,49988960.0,12875200.0,22584160.0,5943200.0,0.73125,0.7368421052631579
1196,1196.0,1.0,290.0,78.0,212.0,23.56,95.0,25.0,70.0,20.17,3840232.0,1006696.0,1375544.0,374424.0,7.0,0.0,51.0,10.0,0.0,4530.0,0.0,5e-05,20000000.0,38402320.0,10066960.0,13755440.0,3744240.0,0.7310344827586207,0.7368421052631579
1197,1197.0,1.0,160.0,43.0,117.0,21.15,38.0,10.0,28.0,21.32,3420472.0,868744.0,1452464.0,364048.0,14.0,0.0,51.0,10.0,0.0,4910.0,0.0,5e-05,20000000.0,34204720.0,8687440.0,14524640.0,3640480.0,0.73125,0.7368421052631579
1198,1198.0,1.0,290.0,81.0,209.0,23.4,95.0,26.0,69.0,21.14,3583432.0,957760.0,1498536.0,416016.0,7.0,0.0,51.0,10.0,0.0,3020.0,0.0,5e-05,20000000.0,35834320.0,9577600.0,14985360.0,4160160.0,0.7206896551724138,0.7263157894736842
1199,1199.0,1.0,160.0,45.0,115.0,26.27,38.0,10.0,28.0,27.0,5315728.0,1428680.0,2258416.0,594320.0,14.0,0.0,51.0,10.0,0.0,1030.0,0.0,5e-05,20000000.0,53157280.0,14286800.0,22584160.0,5943200.0,0.71875,0.7368421052631579
1200,1200.0,1.0,160.0,43.0,117.0,24.02,38.0,10.0,28.0,23.05,4093232.0,1090728.0,1797872.0,479184.0,14.0,0.0,51.0,10.0,0.0,3320.0,0.0,5e-05,20000000.0,40932320.0,10907280.0,17978720.0,4791840.0,0.73125,0.7368421052631579
1201,1201.0,1.0,320.0,87.0,233.0,24.42,171.0,55.0,116.0,22.5,1507696.0,383032.0,1132536.0,324048.0,4.0,0.0,51.0,10.0,0.0,3680.0,0.0,5e-05,20000000.0,15076960.0,3830320.0,11325360.0,3240480.0,0.728125,0.6783625730994152
1202,1202.0,1.0,160.0,44.0,116.0,24.21,38.0,10.0,28.0,24.16,4300424.0,1173248.0,1797872.0,479184.0,14.0,0.0,51.0,10.0,0.0,2630.0,0.0,5e-05,20000000.0,43004240.0,11732480.0,17978720.0,4791840.0,0.725,0.7368421052631579
1203,1203.0,1.0,290.0,82.0,208.0,25.66,95.0,27.0,68.0,25.58,4343752.0,1165768.0,2072320.0,546880.0,7.0,0.0,51.0,10.0,0.0,1550.0,0.0,5e-05,20000000.0,43437520.0,11657680.0,20723200.0,5468800.0,0.7172413793103448,0.7157894736842105
1204,1204.0,1.0,320.0,80.0,240.0,26.54,171.0,61.0,110.0,23.84,1942144.0,485536.0,1579048.0,467768.0,4.0,0.0,51.0,10.0,0.0,1120.0,0.0,5e-05,20000000.0,19421440.0,4855360.0,15790480.0,4677680.0,0.75,0.6432748538011696
1205,1205.0,1.0,290.0,78.0,212.0,26.36,95.0,25.0,70.0,27.0,4627752.0,1229256.0,2320888.0,610760.0,7.0,0.0,51.0,10.0,0.0,1930.0,0.0,5e-05,20000000.0,46277520.0,12292560.0,23208880.0,6107600.0,0.7310344827586207,0.7368421052631579
1206,1206.0,1.0,320.0,101.0,219.0,22.53,171.0,53.0,118.0,25.26,1269744.0,348600.0,1743416.0,483096.0,4.0,0.0,51.0,10.0,0.0,2550.0,0.0,5e-05,20000000.0,12697440.0,3486000.0,17434160.0,4830960.0,0.684375,0.6900584795321637
1207,1207.0,1.0,320.0,99.0,221.0,23.56,171.0,54.0,117.0,22.94,1547024.0,419608.0,1285808.0,363344.0,4.0,0.0,51.0,10.0,0.0,2670.0,0.0,5e-05,20000000.0,15470240.0,4196080.0,12858080.0,3633440.0,0.690625,0.6842105263157895
1208,1208.0,1.0,290.0,82.0,208.0,24.29,95.0,29.0,66.0,24.73,3429832.0,937288.0,1995312.0,535968.0,7.0,0.0,51.0,10.0,0.0,2250.0,0.0,5e-05,20000000.0,34298320.0,9372880.0,19953120.0,5359680.0,0.7172413793103448,0.6947368421052632
1209,1209.0,1.0,290.0,81.0,209.0,24.78,95.0,27.0,68.0,23.88,3847272.0,1045120.0,1998832.0,535072.0,7.0,0.0,51.0,10.0,0.0,2510.0,0.0,5e-05,20000000.0,38472720.0,10451200.0,19988320.0,5350720.0,0.7206896551724138,0.7157894736842105
1210,1210.0,1.0,290.0,83.0,207.0,24.32,95.0,25.0,70.0,25.58,3686824.0,994288.0,1848216.0,492592.0,7.0,0.0,51.0,10.0,0.0,2960.0,0.0,5e-05,20000000.0,36868240.0,9942880.0,18482160.0,4925920.0,0.7137931034482758,0.7368421052631579
1211,1211.0,1.0,320.0,106.0,214.0,23.41,304.0,101.0,203.0,24.18,384512.0,109048.0,1144720.0,330848.0,2.0,0.0,51.0,10.0,0.0,2630.0,0.0,5e-05,20000000.0,3845120.0,1090480.0,11447200.0,3308480.0,0.66875,0.6677631578947368
1212,1212.0,1.0,160.0,44.0,116.0,25.59,38.0,10.0,28.0,25.58,4842416.0,1249328.0,1797872.0,479184.0,14.0,0.0,51.0,10.0,0.0,1830.0,0.0,5e-05,20000000.0,48424160.0,12493280.0,17978720.0,4791840.0,0.725,0.7368421052631579
1213,1213.0,1.0,290.0,79.0,211.0,26.23,95.0,29.0,66.0,25.58,4764712.0,1281424.0,2368176.0,655440.0,7.0,0.0,51.0,10.0,0.0,1370.0,0.0,5e-05,20000000.0,47647120.0,12814240.0,23681760.0,6554400.0,0.7275862068965517,0.6947368421052632
1214,1214.0,1.0,320.0,80.0,240.0,26.65,304.0,80.0,224.0,27.0,494080.0,123520.0,1361920.0,358400.0,2.0,0.0,51.0,10.0,0.0,550.0,0.0,5e-05,20000000.0,4940800.0,1235200.0,13619200.0,3584000.0,0.75,0.7368421052631579
1215,1215.0,1.0,160.0,43.0,117.0,24.94,38.0,10.0,28.0,25.58,4353952.0,1131496.0,1913008.0,479184.0,14.0,0.0,51.0,10.0,0.0,2780.0,0.0,5e-05,20000000.0,43539520.0,11314960.0,19130080.0,4791840.0,0.73125,0.7368421052631579
1216,1216.0,1.0,320.0,80.0,240.0,26.42,171.0,45.0,126.0,27.0,1915904.0,478976.0,1975848.0,519960.0,4.0,0.0,51.0,10.0,0.0,3850.0,0.0,5e-05,20000000.0,19159040.0,4789760.0,19758480.0,5199600.0,0.75,0.7368421052631579
1217,1217.0,1.0,320.0,96.0,224.0,20.3,171.0,57.0,114.0,20.91,989064.0,263848.0,1144408.0,303376.0,4.0,0.0,51.0,10.0,0.0,4200.0,0.0,5e-05,20000000.0,9890640.0,2638480.0,11444080.0,3033760.0,0.7,0.6666666666666666
1218,1218.0,1.0,320.0,118.0,202.0,6.89,304.0,129.0,175.0,3.45,82432.0,23040.0,41344.0,17544.0,2.0,0.0,51.0,10.0,0.0,4000.0,0.0,5e-05,20000000.0,824320.0,230400.0,413440.0,175440.0,0.63125,0.5756578947368421
1219,1219.0,1.0,160.0,44.0,116.0,25.99,38.0,12.0,26.0,25.58,4863040.0,1289320.0,2143280.0,598048.0,14.0,0.0,51.0,10.0,0.0,840.0,0.0,5e-05,20000000.0,48630400.0,12893200.0,21432800.0,5980480.0,0.725,0.6842105263157895
1220,1220.0,1.0,320.0,102.0,218.0,23.38,171.0,51.0,120.0,25.27,1454992.0,403320.0,1728680.0,473432.0,4.0,0.0,51.0,10.0,0.0,2090.0,0.0,5e-05,20000000.0,14549920.0,4033200.0,17286800.0,4734320.0,0.68125,0.7017543859649122
1221,1221.0,1.0,320.0,115.0,205.0,19.16,304.0,113.0,191.0,18.14,342704.0,96760.0,818920.0,241256.0,2.0,0.0,51.0,10.0,0.0,3410.0,0.0,5e-05,20000000.0,3427040.0,967600.0,8189200.0,2412560.0,0.640625,0.6282894736842105
1222,1222.0,1.0,320.0,93.0,227.0,24.33,304.0,80.0,224.0,27.0,397736.0,106296.0,1361920.0,358400.0,2.0,0.0,51.0,10.0,0.0,4140.0,0.0,5e-05,20000000.0,3977360.0,1062960.0,13619200.0,3584000.0,0.709375,0.7368421052631579
1223,1223.0,1.0,320.0,80.0,240.0,26.5,304.0,92.0,212.0,23.53,479744.0,119936.0,1066528.0,294872.0,2.0,0.0,51.0,10.0,0.0,4590.0,0.0,5e-05,20000000.0,4797440.0,1199360.0,10665280.0,2948720.0,0.75,0.6973684210526315
1224,1224.0,1.0,290.0,82.0,208.0,25.64,95.0,25.0,70.0,27.0,4371432.0,1159848.0,2320888.0,610760.0,7.0,0.0,51.0,10.0,0.0,2330.0,0.0,5e-05,20000000.0,43714320.0,11598480.0,23208880.0,6107600.0,0.7172413793103448,0.7368421052631579
1225,1225.0,1.0,290.0,85.0,205.0,25.47,95.0,29.0,66.0,24.73,4422312.0,1200672.0,1995312.0,535968.0,7.0,0.0,51.0,10.0,0.0,1250.0,0.0,5e-05,20000000.0,44223120.0,12006720.0,19953120.0,5359680.0,0.7068965517241379,0.6947368421052632
1226,1226.0,1.0,290.0,78.0,212.0,20.61,95.0,26.0,69.0,18.49,2367912.0,630056.0,129120.0,47064.0,7.0,0.0,51.0,10.0,0.0,4420.0,0.0,5e-05,20000000.0,23679120.0,6300560.0,1291200.0,470640.0,0.7310344827586207,0.7263157894736842
1227,1227.0,1.0,320.0,88.0,232.0,24.27,171.0,51.0,120.0,24.16,1618320.0,415032.0,1483288.0,393976.0,4.0,0.0,51.0,10.0,0.0,3190.0,0.0,5e-05,20000000.0,16183200.0,4150320.0,14832880.0,3939760.0,0.725,0.7017543859649122
1228,1228.0,1.0,320.0,92.0,228.0,24.66,304.0,94.0,210.0,23.76,439408.0,114640.0,1088248.0,290800.0,2.0,0.0,51.0,10.0,0.0,3190.0,0.0,5e-05,20000000.0,4394080.0,1146400.0,10882480.0,2908000.0,0.7125,0.6907894736842105
1229,1229.0,1.0,160.0,43.0,117.0,22.01,38.0,10.0,28.0,22.74,3507920.0,934800.0,1337328.0,364048.0,14.0,0.0,51.0,10.0,0.0,4960.0,0.0,5e-05,20000000.0,35079200.0,9348000.0,13373280.0,3640480.0,0.73125,0.7368421052631579
1230,1230.0,1.0,160.0,43.0,117.0,20.38,38.0,10.0,28.0,21.42,2972136.0,756224.0,1452464.0,364048.0,14.0,0.0,51.0,10.0,0.0,4620.0,0.0,5e-05,20000000.0,29721360.0,7562240.0,14524640.0,3640480.0,0.73125,0.7368421052631579
1231,1231.0,1.0,320.0,80.0,240.0,26.3,304.0,106.0,198.0,23.11,494080.0,123520.0,1105624.0,292432.0,2.0,0.0,51.0,10.0,0.0,2050.0,0.0,5e-05,20000000.0,4940800.0,1235200.0,11056240.0,2924320.0,0.75,0.6513157894736842
1232,1232.0,1.0,320.0,80.0,240.0,26.6,304.0,80.0,224.0,27.0,487424.0,121856.0,1361920.0,358400.0,2.0,0.0,51.0,10.0,0.0,760.0,0.0,5e-05,20000000.0,4874240.0,1218560.0,13619200.0,3584000.0,0.75,0.7368421052631579
1233,1233.0,1.0,320.0,80.0,240.0,26.54,171.0,45.0,126.0,27.0,1942144.0,485536.0,1975848.0,519960.0,4.0,0.0,51.0,10.0,0.0,1850.0,0.0,5e-05,20000000.0,19421440.0,4855360.0,19758480.0,5199600.0,0.75,0.7368421052631579
1234,1234.0,1.0,320.0,99.0,221.0,20.41,304.0,94.0,210.0,19.89,299896.0,81416.0,808704.0,230688.0,2.0,0.0,51.0,10.0,0.0,4800.0,0.0,5e-05,20000000.0,2998960.0,814160.0,8087040.0,2306880.0,0.690625,0.6907894736842105
1235,1235.0,1.0,160.0,43.0,117.0,26.28,38.0,10.0,28.0,25.63,5001768.0,1327656.0,1806768.0,481408.0,14.0,0.0,51.0,10.0,0.0,1920.0,0.0,5e-05,20000000.0,50017680.0,13276560.0,18067680.0,4814080.0,0.73125,0.7368421052631579
1236,1236.0,1.0,320.0,87.0,233.0,19.76,171.0,50.0,121.0,19.67,1075864.0,276704.0,855688.0,248776.0,4.0,0.0,51.0,10.0,0.0,4730.0,0.0,5e-05,20000000.0,10758640.0,2767040.0,8556880.0,2487760.0,0.728125,0.7076023391812866
1237,1237.0,1.0,320.0,95.0,225.0,22.44,171.0,49.0,122.0,24.16,1075832.0,295720.0,1274320.0,354680.0,4.0,0.0,51.0,10.0,0.0,3590.0,0.0,5e-05,20000000.0,10758320.0,2957200.0,12743200.0,3546800.0,0.703125,0.7134502923976608
1238,1238.0,1.0,160.0,43.0,117.0,23.05,38.0,10.0,28.0,24.16,3779600.0,1012320.0,1797872.0,479184.0,14.0,0.0,51.0,10.0,0.0,4640.0,0.0,5e-05,20000000.0,37796000.0,10123200.0,17978720.0,4791840.0,0.73125,0.7368421052631579
1239,1239.0,1.0,320.0,89.0,231.0,25.12,171.0,56.0,115.0,23.35,1669448.0,432632.0,1406992.0,386448.0,4.0,0.0,51.0,10.0,0.0,2400.0,0.0,5e-05,20000000.0,16694480.0,4326320.0,14069920.0,3864480.0,0.721875,0.672514619883041
1240,1240.0,1.0,320.0,93.0,227.0,24.91,304.0,106.0,198.0,21.94,447448.0,119528.0,1023088.0,283744.0,2.0,0.0,51.0,10.0,0.0,2950.0,0.0,5e-05,20000000.0,4474480.0,1195280.0,10230880.0,2837440.0,0.709375,0.6513157894736842
1241,1241.0,1.0,290.0,79.0,211.0,25.39,95.0,25.0,70.0,27.0,4121192.0,1094864.0,2320888.0,610760.0,7.0,0.0,51.0,10.0,0.0,2660.0,0.0,5e-05,20000000.0,41211920.0,10948640.0,23208880.0,6107600.0,0.7275862068965517,0.7368421052631579
1242,1242.0,1.0,320.0,99.0,221.0,23.14,304.0,86.0,218.0,24.76,387728.0,106992.0,1162096.0,315776.0,2.0,0.0,51.0,10.0,0.0,4640.0,0.0,5e-05,20000000.0,3877280.0,1069920.0,11620960.0,3157760.0,0.690625,0.7171052631578947
1243,1243.0,1.0,160.0,43.0,117.0,15.92,38.0,10.0,28.0,10.37,2152960.0,581248.0,70832.0,18640.0,14.0,0.0,51.0,10.0,0.0,4010.0,0.0,5e-05,20000000.0,21529600.0,5812480.0,708320.0,186400.0,0.73125,0.7368421052631579
1244,1244.0,1.0,290.0,78.0,212.0,22.94,95.0,25.0,70.0,21.64,3173032.0,865576.0,1375544.0,374424.0,7.0,0.0,51.0,10.0,0.0,4900.0,0.0,5e-05,20000000.0,31730320.0,8655760.0,13755440.0,3744240.0,0.7310344827586207,0.7368421052631579
1245,1245.0,1.0,290.0,78.0,212.0,26.64,95.0,25.0,70.0,27.0,4781832.0,1280616.0,2320888.0,610760.0,7.0,0.0,51.0,10.0,0.0,980.0,0.0,5e-05,20000000.0,47818320.0,12806160.0,23208880.0,6107600.0,0.7310344827586207,0.7368421052631579
1246,1246.0,1.0,160.0,43.0,117.0,25.93,38.0,11.0,27.0,25.58,4841448.0,1287576.0,1970576.0,538616.0,14.0,0.0,51.0,10.0,0.0,1770.0,0.0,5e-05,20000000.0,48414480.0,12875760.0,19705760.0,5386160.0,0.73125,0.7105263157894737
1247,1247.0,1.0,320.0,80.0,240.0,26.56,171.0,45.0,126.0,27.0,1942144.0,485536.0,1975848.0,519960.0,4.0,0.0,51.0,10.0,0.0,1790.0,0.0,5e-05,20000000.0,19421440.0,4855360.0,19758480.0,5199600.0,0.75,0.7368421052631579
1248,1248.0,1.0,160.0,43.0,117.0,26.28,38.0,10.0,28.0,24.26,4921512.0,1307592.0,1797872.0,479184.0,14.0,0.0,51.0,10.0,0.0,2820.0,0.0,5e-05,20000000.0,49215120.0,13075920.0,17978720.0,4791840.0,0.73125,0.7368421052631579
1249,1249.0,1.0,160.0,45.0,115.0,25.99,38.0,10.0,28.0,27.0,4961368.0,1330296.0,2258416.0,594320.0,14.0,0.0,51.0,10.0,0.0,830.0,0.0,5e-05,20000000.0,49613680.0,13302960.0,22584160.0,5943200.0,0.71875,0.7368421052631579
1250,1250.0,1.0,160.0,43.0,117.0,24.2,38.0,10.0,28.0,27.0,4136672.0,1111576.0,2258416.0,594320.0,14.0,0.0,51.0,10.0,0.0,2980.0,0.0,5e-05,20000000.0,41366720.0,11115760.0,22584160.0,5943200.0,0.73125,0.7368421052631579
1251,1251.0,1.0,160.0,44.0,116.0,26.27,38.0,10.0,28.0,27.0,5115680.0,1367728.0,2258416.0,594320.0,14.0,0.0,51.0,10.0,0.0,1090.0,0.0,5e-05,20000000.0,51156800.0,13677280.0,22584160.0,5943200.0,0.725,0.7368421052631579
1252,1252.0,1.0,320.0,101.0,219.0,22.12,304.0,105.0,199.0,19.75,399208.0,107176.0,809056.0,232272.0,2.0,0.0,51.0,10.0,0.0,4040.0,0.0,5e-05,20000000.0,3992080.0,1071760.0,8090560.0,2322720.0,0.684375,0.6546052631578947
1253,1253.0,1.0,320.0,89.0,231.0,24.22,171.0,50.0,121.0,25.58,1617288.0,419592.0,1580984.0,432568.0,4.0,0.0,51.0,10.0,0.0,2690.0,0.0,5e-05,20000000.0,16172880.0,4195920.0,15809840.0,4325680.0,0.721875,0.7076023391812866
1254,1254.0,1.0,160.0,43.0,117.0,23.86,38.0,10.0,28.0,25.58,3979360.0,1072248.0,1797872.0,479184.0,14.0,0.0,51.0,10.0,0.0,2610.0,0.0,5e-05,20000000.0,39793600.0,10722480.0,17978720.0,4791840.0,0.73125,0.7368421052631579
1255,1255.0,1.0,160.0,43.0,117.0,25.35,38.0,10.0,28.0,27.0,4766752.0,1269096.0,2258416.0,594320.0,14.0,0.0,51.0,10.0,0.0,2640.0,0.0,5e-05,20000000.0,47667520.0,12690960.0,22584160.0,5943200.0,0.73125,0.7368421052631579
1256,1256.0,1.0,320.0,80.0,240.0,26.56,171.0,45.0,126.0,27.0,1942144.0,485536.0,1975848.0,519960.0,4.0,0.0,51.0,10.0,0.0,470.0,0.0,5e-05,20000000.0,19421440.0,4855360.0,19758480.0,5199600.0,0.75,0.7368421052631579
1257,1257.0,1.0,320.0,80.0,240.0,26.5,171.0,45.0,126.0,27.0,1942144.0,485536.0,1975848.0,519960.0,4.0,0.0,51.0,10.0,0.0,1450.0,0.0,5e-05,20000000.0,19421440.0,4855360.0,19758480.0,5199600.0,0.75,0.7368421052631579
1258,1258.0,1.0,290.0,78.0,212.0,22.23,95.0,26.0,69.0,21.73,3189672.0,852616.0,1657504.0,429160.0,7.0,0.0,51.0,10.0,0.0,4520.0,0.0,5e-05,20000000.0,31896720.0,8526160.0,16575040.0,4291600.0,0.7310344827586207,0.7263157894736842
1259,1259.0,1.0,320.0,85.0,235.0,25.08,171.0,48.0,123.0,23.58,1594928.0,406384.0,1137152.0,306368.0,4.0,0.0,51.0,10.0,0.0,3900.0,0.0,5e-05,20000000.0,15949280.0,4063840.0,11371520.0,3063680.0,0.734375,0.7192982456140351
1260,1260.0,1.0,290.0,80.0,210.0,25.84,95.0,25.0,70.0,27.0,4326632.0,1164152.0,2320888.0,610760.0,7.0,0.0,51.0,10.0,0.0,2570.0,0.0,5e-05,20000000.0,43266320.0,11641520.0,23208880.0,6107600.0,0.7241379310344828,0.7368421052631579
1261,1261.0,1.0,160.0,43.0,117.0,23.0,38.0,10.0,28.0,24.16,3490144.0,915544.0,1452464.0,364048.0,14.0,0.0,51.0,10.0,0.0,3880.0,0.0,5e-05,20000000.0,34901440.0,9155440.0,14524640.0,3640480.0,0.73125,0.7368421052631579
1262,1262.0,1.0,160.0,43.0,117.0,26.61,38.0,10.0,28.0,27.0,5235144.0,1386000.0,2258416.0,594320.0,14.0,0.0,51.0,10.0,0.0,210.0,0.0,5e-05,20000000.0,52351440.0,13860000.0,22584160.0,5943200.0,0.73125,0.7368421052631579
1263,1263.0,1.0,160.0,43.0,117.0,25.79,38.0,10.0,28.0,25.63,4656376.0,1251296.0,1806768.0,481408.0,14.0,0.0,51.0,10.0,0.0,960.0,0.0,5e-05,20000000.0,46563760.0,12512960.0,18067680.0,4814080.0,0.73125,0.7368421052631579
1264,1264.0,1.0,290.0,78.0,212.0,23.15,95.0,25.0,70.0,24.16,3504872.0,939976.0,1848216.0,492592.0,7.0,0.0,51.0,10.0,0.0,4640.0,0.0,5e-05,20000000.0,35048720.0,9399760.0,18482160.0,4925920.0,0.7310344827586207,0.7368421052631579
1265,1265.0,1.0,290.0,78.0,212.0,18.81,95.0,25.0,70.0,15.12,2162472.0,578696.0,75696.0,19920.0,7.0,0.0,51.0,10.0,0.0,4720.0,0.0,5e-05,20000000.0,21624720.0,5786960.0,756960.0,199200.0,0.7310344827586207,0.7368421052631579
1266,1266.0,1.0,160.0,43.0,117.0,22.83,38.0,10.0,28.0,19.89,3819392.0,1032256.0,876784.0,248912.0,14.0,0.0,51.0,10.0,0.0,3010.0,0.0,5e-05,20000000.0,38193920.0,10322560.0,8767840.0,2489120.0,0.73125,0.7368421052631579
1267,1267.0,1.0,320.0,92.0,228.0,25.25,304.0,125.0,179.0,21.49,442400.0,116192.0,1066528.0,290672.0,2.0,0.0,51.0,10.0,0.0,800.0,0.0,5e-05,20000000.0,4424000.0,1161920.0,10665280.0,2906720.0,0.7125,0.5888157894736842
1268,1268.0,1.0,290.0,78.0,212.0,26.64,95.0,25.0,70.0,27.0,4781832.0,1280616.0,2320888.0,610760.0,7.0,0.0,51.0,10.0,0.0,60.0,0.0,5e-05,20000000.0,47818320.0,12806160.0,23208880.0,6107600.0,0.7310344827586207,0.7368421052631579
1269,1269.0,1.0,160.0,43.0,117.0,19.76,38.0,10.0,28.0,19.89,2894976.0,776352.0,991920.0,248912.0,14.0,0.0,51.0,10.0,0.0,4680.0,0.0,5e-05,20000000.0,28949760.0,7763520.0,9919200.0,2489120.0,0.73125,0.7368421052631579
1270,1270.0,1.0,160.0,44.0,116.0,25.76,38.0,10.0,28.0,25.58,4664672.0,1249328.0,1797872.0,479184.0,14.0,0.0,51.0,10.0,0.0,1950.0,0.0,5e-05,20000000.0,46646720.0,12493280.0,17978720.0,4791840.0,0.725,0.7368421052631579
1271,1271.0,1.0,290.0,78.0,212.0,24.63,95.0,25.0,70.0,24.18,3925832.0,1006696.0,1966384.0,492592.0,7.0,0.0,51.0,10.0,0.0,3330.0,0.0,5e-05,20000000.0,39258320.0,10066960.0,19663840.0,4925920.0,0.7310344827586207,0.7368421052631579
1272,1272.0,1.0,320.0,104.0,216.0,22.43,304.0,93.0,211.0,24.27,368792.0,105392.0,1149064.0,321072.0,2.0,0.0,51.0,10.0,0.0,4180.0,0.0,5e-05,20000000.0,3687920.0,1053920.0,11490640.0,3210720.0,0.675,0.694078947368421
1273,1273.0,1.0,160.0,43.0,117.0,25.01,38.0,10.0,28.0,24.16,4447528.0,1189096.0,1797872.0,479184.0,14.0,0.0,51.0,10.0,0.0,3480.0,0.0,5e-05,20000000.0,44475280.0,11890960.0,17978720.0,4791840.0,0.73125,0.7368421052631579
1274,1274.0,1.0,160.0,43.0,117.0,24.74,38.0,10.0,28.0,27.0,3622896.0,973144.0,2258416.0,594320.0,14.0,0.0,51.0,10.0,0.0,2860.0,0.0,5e-05,20000000.0,36228960.0,9731440.0,22584160.0,5943200.0,0.73125,0.7368421052631579
1275,1275.0,1.0,160.0,43.0,117.0,25.65,38.0,10.0,28.0,27.0,4765424.0,1249176.0,2258416.0,594320.0,14.0,0.0,51.0,10.0,0.0,4570.0,0.0,5e-05,20000000.0,47654240.0,12491760.0,22584160.0,5943200.0,0.73125,0.7368421052631579
1276,1276.0,1.0,290.0,78.0,212.0,24.78,95.0,25.0,70.0,24.16,4028552.0,1092296.0,1375544.0,374424.0,7.0,0.0,51.0,10.0,0.0,4050.0,0.0,5e-05,20000000.0,40285520.0,10922960.0,13755440.0,3744240.0,0.7310344827586207,0.7368421052631579
1277,1277.0,1.0,320.0,80.0,240.0,26.6,304.0,108.0,196.0,23.17,487424.0,121856.0,1049152.0,310080.0,2.0,0.0,51.0,10.0,0.0,2500.0,0.0,5e-05,20000000.0,4874240.0,1218560.0,10491520.0,3100800.0,0.75,0.6447368421052632
1278,1278.0,1.0,160.0,43.0,117.0,23.69,38.0,10.0,28.0,27.0,4070264.0,1104768.0,2258416.0,594320.0,14.0,0.0,51.0,10.0,0.0,3640.0,0.0,5e-05,20000000.0,40702640.0,11047680.0,22584160.0,5943200.0,0.73125,0.7368421052631579
1279,1279.0,1.0,320.0,106.0,214.0,23.46,304.0,99.0,205.0,24.2,402424.0,110712.0,1196848.0,334920.0,2.0,0.0,51.0,10.0,0.0,3330.0,0.0,5e-05,20000000.0,4024240.0,1107120.0,11968480.0,3349200.0,0.66875,0.6743421052631579
1280,1280.0,1.0,320.0,89.0,231.0,25.12,171.0,45.0,126.0,27.0,1617288.0,419592.0,1975848.0,519960.0,4.0,0.0,51.0,10.0,0.0,2870.0,0.0,5e-05,20000000.0,16172880.0,4195920.0,19758480.0,5199600.0,0.721875,0.7368421052631579
1281,1281.0,1.0,320.0,80.0,240.0,26.3,304.0,93.0,211.0,24.96,494080.0,123520.0,1131688.0,316728.0,2.0,0.0,51.0,10.0,0.0,4110.0,0.0,5e-05,20000000.0,4940800.0,1235200.0,11316880.0,3167280.0,0.75,0.694078947368421
1282,1282.0,1.0,320.0,94.0,226.0,22.08,171.0,55.0,116.0,16.54,1558536.0,405800.0,825464.0,232856.0,4.0,0.0,51.0,10.0,0.0,3750.0,0.0,5e-05,20000000.0,15585360.0,4058000.0,8254640.0,2328560.0,0.70625,0.6783625730994152
1283,1283.0,1.0,290.0,78.0,212.0,26.59,95.0,25.0,70.0,27.0,4720392.0,1265256.0,2320888.0,610760.0,7.0,0.0,51.0,10.0,0.0,30.0,0.0,5e-05,20000000.0,47203920.0,12652560.0,23208880.0,6107600.0,0.7310344827586207,0.7368421052631579
1284,1284.0,1.0,160.0,43.0,117.0,26.11,38.0,10.0,28.0,27.0,4964568.0,1328344.0,2258416.0,594320.0,14.0,0.0,51.0,10.0,0.0,3850.0,0.0,5e-05,20000000.0,49645680.0,13283440.0,22584160.0,5943200.0,0.73125,0.7368421052631579
1285,1285.0,1.0,320.0,80.0,240.0,26.5,171.0,45.0,126.0,27.0,1915904.0,478976.0,1975848.0,519960.0,4.0,0.0,51.0,10.0,0.0,20.0,0.0,5e-05,20000000.0,19159040.0,4789760.0,19758480.0,5199600.0,0.75,0.7368421052631579
1286,1286.0,1.0,320.0,91.0,229.0,22.14,304.0,101.0,203.0,19.73,362000.0,95224.0,884784.0,235456.0,2.0,0.0,51.0,10.0,0.0,4790.0,0.0,5e-05,20000000.0,3620000.0,952240.0,8847840.0,2354560.0,0.715625,0.6677631578947368
1287,1287.0,1.0,160.0,43.0,117.0,26.31,38.0,10.0,28.0,27.0,5198296.0,1386776.0,2258416.0,594320.0,14.0,0.0,51.0,10.0,0.0,1160.0,0.0,5e-05,20000000.0,51982960.0,13867760.0,22584160.0,5943200.0,0.73125,0.7368421052631579
1288,1288.0,1.0,290.0,78.0,212.0,26.45,95.0,25.0,70.0,27.0,4764712.0,1263496.0,2320888.0,610760.0,7.0,0.0,51.0,10.0,0.0,1450.0,0.0,5e-05,20000000.0,47647120.0,12634960.0,23208880.0,6107600.0,0.7310344827586207,0.7368421052631579
1289,1289.0,1.0,290.0,78.0,212.0,23.58,95.0,26.0,69.0,20.2,3412232.0,938216.0,1391360.0,388880.0,7.0,0.0,51.0,10.0,0.0,4510.0,0.0,5e-05,20000000.0,34122320.0,9382160.0,13913600.0,3888800.0,0.7310344827586207,0.7263157894736842
1290,1290.0,1.0,320.0,88.0,232.0,22.02,171.0,46.0,125.0,24.64,1269920.0,332800.0,1558808.0,414648.0,4.0,0.0,51.0,10.0,0.0,4640.0,0.0,5e-05,20000000.0,12699200.0,3328000.0,15588080.0,4146480.0,0.725,0.7309941520467836
1291,1291.0,1.0,290.0,78.0,212.0,25.77,95.0,25.0,70.0,24.53,4559272.0,1212136.0,1848216.0,492592.0,7.0,0.0,51.0,10.0,0.0,4350.0,0.0,5e-05,20000000.0,45592720.0,12121360.0,18482160.0,4925920.0,0.7310344827586207,0.7368421052631579
1292,1292.0,1.0,320.0,80.0,240.0,26.5,171.0,51.0,120.0,24.01,1915904.0,478976.0,1469072.0,402776.0,4.0,0.0,51.0,10.0,0.0,3480.0,0.0,5e-05,20000000.0,19159040.0,4789760.0,14690720.0,4027760.0,0.75,0.7017543859649122
1293,1293.0,1.0,290.0,78.0,212.0,15.65,95.0,26.0,69.0,13.38,1665992.0,441736.0,342816.0,100488.0,7.0,0.0,51.0,10.0,0.0,3710.0,0.0,5e-05,20000000.0,16659920.0,4417360.0,3428160.0,1004880.0,0.7310344827586207,0.7263157894736842
1294,1294.0,1.0,320.0,94.0,226.0,19.96,171.0,49.0,122.0,22.43,1083736.0,285728.0,1215512.0,327800.0,4.0,0.0,51.0,10.0,0.0,4810.0,0.0,5e-05,20000000.0,10837360.0,2857280.0,12155120.0,3278000.0,0.70625,0.7134502923976608
1295,1295.0,1.0,160.0,43.0,117.0,23.34,38.0,10.0,28.0,22.74,4040544.0,1053144.0,1452464.0,364048.0,14.0,0.0,51.0,10.0,0.0,2390.0,0.0,5e-05,20000000.0,40405440.0,10531440.0,14524640.0,3640480.0,0.73125,0.7368421052631579
1296,1296.0,1.0,320.0,80.0,240.0,26.48,171.0,51.0,120.0,25.58,1915904.0,478976.0,1692296.0,464336.0,4.0,0.0,51.0,10.0,0.0,2530.0,0.0,5e-05,20000000.0,19159040.0,4789760.0,16922960.0,4643360.0,0.75,0.7017543859649122
1297,1297.0,1.0,320.0,110.0,210.0,22.21,304.0,100.0,204.0,23.93,366824.0,107696.0,1105624.0,322024.0,2.0,0.0,51.0,10.0,0.0,2920.0,0.0,5e-05,20000000.0,3668240.0,1076960.0,11056240.0,3220240.0,0.65625,0.6710526315789473
1298,1298.0,1.0,320.0,80.0,240.0,26.65,304.0,92.0,212.0,25.58,494080.0,123520.0,1257664.0,342656.0,2.0,0.0,51.0,10.0,0.0,1840.0,0.0,5e-05,20000000.0,4940800.0,1235200.0,12576640.0,3426560.0,0.75,0.6973684210526315
1299,1299.0,1.0,320.0,104.0,216.0,23.1,304.0,107.0,197.0,22.51,419888.0,115352.0,1057840.0,283880.0,2.0,0.0,51.0,10.0,0.0,2390.0,0.0,5e-05,20000000.0,4198880.0,1153520.0,10578400.0,2838800.0,0.675,0.6480263157894737
1300,1300.0,1.0,290.0,78.0,212.0,26.59,95.0,25.0,70.0,27.0,4720392.0,1265256.0,2320888.0,610760.0,7.0,0.0,51.0,10.0,0.0,20.0,0.0,5e-05,20000000.0,47203920.0,12652560.0,23208880.0,6107600.0,0.7310344827586207,0.7368421052631579
1301,1301.0,1.0,290.0,82.0,208.0,25.55,95.0,25.0,70.0,27.0,4148872.0,1142728.0,2320888.0,610760.0,7.0,0.0,51.0,10.0,0.0,2190.0,0.0,5e-05,20000000.0,41488720.0,11427280.0,23208880.0,6107600.0,0.7172413793103448,0.7368421052631579
1302,1302.0,1.0,160.0,43.0,117.0,25.76,38.0,10.0,28.0,27.0,4486704.0,1189096.0,2258416.0,594320.0,14.0,0.0,51.0,10.0,0.0,1720.0,0.0,5e-05,20000000.0,44867040.0,11890960.0,22584160.0,5943200.0,0.73125,0.7368421052631579
1303,1303.0,1.0,290.0,78.0,212.0,25.75,95.0,25.0,70.0,27.0,4155432.0,1111176.0,2320888.0,610760.0,7.0,0.0,51.0,10.0,0.0,2450.0,0.0,5e-05,20000000.0,41554320.0,11111760.0,23208880.0,6107600.0,0.7310344827586207,0.7368421052631579
1304,1304.0,1.0,320.0,88.0,232.0,25.08,171.0,45.0,126.0,27.0,1665488.0,430960.0,1975848.0,519960.0,4.0,0.0,51.0,10.0,0.0,2790.0,0.0,5e-05,20000000.0,16654880.0,4309600.0,19758480.0,5199600.0,0.725,0.7368421052631579
1305,1305.0,1.0,320.0,80.0,240.0,26.65,304.0,96.0,208.0,25.58,494080.0,123520.0,1292416.0,360576.0,2.0,0.0,51.0,10.0,0.0,100.0,0.0,5e-05,20000000.0,4940800.0,1235200.0,12924160.0,3605760.0,0.75,0.6842105263157895
1306,1306.0,1.0,320.0,80.0,240.0,26.65,304.0,80.0,224.0,25.63,494080.0,123520.0,1089536.0,290304.0,2.0,0.0,51.0,10.0,0.0,900.0,0.0,5e-05,20000000.0,4940800.0,1235200.0,10895360.0,2903040.0,0.75,0.7368421052631579
1307,1307.0,1.0,320.0,80.0,240.0,26.45,171.0,54.0,117.0,24.63,1942144.0,485536.0,1637080.0,443800.0,4.0,0.0,51.0,10.0,0.0,1250.0,0.0,5e-05,20000000.0,19421440.0,4855360.0,16370800.0,4438000.0,0.75,0.6842105263157895
1308,1308.0,1.0,160.0,43.0,117.0,24.68,38.0,10.0,28.0,22.79,4528040.0,1209224.0,1797872.0,479184.0,14.0,0.0,51.0,10.0,0.0,2020.0,0.0,5e-05,20000000.0,45280400.0,12092240.0,17978720.0,4791840.0,0.73125,0.7368421052631579
1309,1309.0,1.0,320.0,80.0,240.0,26.56,171.0,45.0,126.0,27.0,1942144.0,485536.0,1975848.0,519960.0,4.0,0.0,51.0,10.0,0.0,270.0,0.0,5e-05,20000000.0,19421440.0,4855360.0,19758480.0,5199600.0,0.75,0.7368421052631579
1310,1310.0,1.0,320.0,80.0,240.0,26.54,171.0,45.0,126.0,27.0,1942144.0,485536.0,1975848.0,519960.0,4.0,0.0,51.0,10.0,0.0,90.0,0.0,5e-05,20000000.0,19421440.0,4855360.0,19758480.0,5199600.0,0.75,0.7368421052631579
1311,1311.0,1.0,320.0,80.0,240.0,26.42,171.0,63.0,108.0,24.16,1915904.0,478976.0,1774456.0,526552.0,4.0,0.0,51.0,10.0,0.0,250.0,0.0,5e-05,20000000.0,19159040.0,4789760.0,17744560.0,5265520.0,0.75,0.631578947368421
1312,1312.0,1.0,160.0,45.0,115.0,25.94,38.0,10.0,28.0,27.0,5079672.0,1350272.0,2258416.0,594320.0,14.0,0.0,51.0,10.0,0.0,620.0,0.0,5e-05,20000000.0,50796720.0,13502720.0,22584160.0,5943200.0,0.71875,0.7368421052631579
1313,1313.0,1.0,320.0,80.0,240.0,26.56,171.0,45.0,126.0,25.63,1942144.0,485536.0,1581384.0,421344.0,4.0,0.0,51.0,10.0,0.0,1920.0,0.0,5e-05,20000000.0,19421440.0,4855360.0,15813840.0,4213440.0,0.75,0.7368421052631579
1314,1314.0,1.0,320.0,103.0,217.0,22.1,304.0,90.0,214.0,24.65,333056.0,92776.0,1188160.0,320664.0,2.0,0.0,51.0,10.0,0.0,4260.0,0.0,5e-05,20000000.0,3330560.0,927760.0,11881600.0,3206640.0,0.678125,0.7039473684210527
1315,1315.0,1.0,320.0,80.0,240.0,26.56,171.0,45.0,126.0,27.0,1942144.0,485536.0,1975848.0,519960.0,4.0,0.0,51.0,10.0,0.0,460.0,0.0,5e-05,20000000.0,19421440.0,4855360.0,19758480.0,5199600.0,0.75,0.7368421052631579
1316,1316.0,1.0,290.0,78.0,212.0,25.87,95.0,25.0,70.0,24.53,4507912.0,1212136.0,1848216.0,492592.0,7.0,0.0,51.0,10.0,0.0,3730.0,0.0,5e-05,20000000.0,45079120.0,12121360.0,18482160.0,4925920.0,0.7310344827586207,0.7368421052631579
1317,1317.0,1.0,160.0,43.0,117.0,26.27,38.0,10.0,28.0,27.0,5118008.0,1366704.0,2258416.0,594320.0,14.0,0.0,51.0,10.0,0.0,3150.0,0.0,5e-05,20000000.0,51180080.0,13667040.0,22584160.0,5943200.0,0.73125,0.7368421052631579
1318,1318.0,1.0,160.0,43.0,117.0,26.04,38.0,11.0,27.0,24.87,5301832.0,1388272.0,1740304.0,481048.0,14.0,0.0,51.0,10.0,0.0,1510.0,0.0,5e-05,20000000.0,53018320.0,13882720.0,17403040.0,4810480.0,0.73125,0.7105263157894737
1319,1319.0,1.0,320.0,80.0,240.0,26.65,304.0,102.0,202.0,24.51,494080.0,123520.0,1162096.0,335328.0,2.0,0.0,51.0,10.0,0.0,1950.0,0.0,5e-05,20000000.0,4940800.0,1235200.0,11620960.0,3353280.0,0.75,0.6644736842105263
1320,1320.0,1.0,320.0,90.0,230.0,24.83,304.0,92.0,212.0,23.98,439408.0,114512.0,1057840.0,281840.0,2.0,0.0,51.0,10.0,0.0,3310.0,0.0,5e-05,20000000.0,4394080.0,1145120.0,10578400.0,2818400.0,0.71875,0.6973684210526315
1321,1321.0,1.0,320.0,90.0,230.0,25.08,171.0,52.0,119.0,23.63,1640808.0,427784.0,1485856.0,394112.0,4.0,0.0,51.0,10.0,0.0,2510.0,0.0,5e-05,20000000.0,16408080.0,4277840.0,14858560.0,3941120.0,0.71875,0.695906432748538
1322,1322.0,1.0,160.0,43.0,117.0,20.11,38.0,10.0,28.0,21.42,2915792.0,796368.0,1337328.0,364048.0,14.0,0.0,51.0,10.0,0.0,4730.0,0.0,5e-05,20000000.0,29157920.0,7963680.0,13373280.0,3640480.0,0.73125,0.7368421052631579
1323,1323.0,1.0,290.0,92.0,198.0,24.96,95.0,28.0,67.0,25.58,4336712.0,1223448.0,2124832.0,574024.0,7.0,0.0,51.0,10.0,0.0,970.0,0.0,5e-05,20000000.0,43367120.0,12234480.0,21248320.0,5740240.0,0.6827586206896552,0.7052631578947368
1324,1324.0,1.0,320.0,93.0,227.0,24.53,171.0,58.0,113.0,24.2,1743264.0,458920.0,1403448.0,412192.0,4.0,0.0,51.0,10.0,0.0,1010.0,0.0,5e-05,20000000.0,17432640.0,4589200.0,14034480.0,4121920.0,0.709375,0.6608187134502924
1325,1325.0,1.0,320.0,80.0,240.0,26.54,171.0,45.0,126.0,27.0,1942144.0,485536.0,1975848.0,519960.0,4.0,0.0,51.0,10.0,0.0,1140.0,0.0,5e-05,20000000.0,19421440.0,4855360.0,19758480.0,5199600.0,0.75,0.7368421052631579
1326,1326.0,1.0,320.0,80.0,240.0,26.45,171.0,46.0,125.0,22.42,1915904.0,478976.0,1295264.0,327096.0,4.0,0.0,51.0,10.0,0.0,4880.0,0.0,5e-05,20000000.0,19159040.0,4789760.0,12952640.0,3270960.0,0.75,0.7309941520467836
1327,1327.0,1.0,320.0,94.0,226.0,23.2,171.0,52.0,119.0,21.98,1515544.0,388800.0,1259880.0,328800.0,4.0,0.0,51.0,10.0,0.0,3250.0,0.0,5e-05,20000000.0,15155440.0,3888000.0,12598800.0,3288000.0,0.70625,0.695906432748538
1328,1328.0,1.0,320.0,110.0,210.0,18.91,304.0,101.0,203.0,19.53,259448.0,75224.0,784168.0,222248.0,2.0,0.0,51.0,10.0,0.0,4920.0,0.0,5e-05,20000000.0,2594480.0,752240.0,7841680.0,2222480.0,0.65625,0.6677631578947368
1329,1329.0,1.0,320.0,80.0,240.0,25.91,171.0,63.0,108.0,22.47,1942144.0,485536.0,1457816.0,446504.0,4.0,0.0,51.0,10.0,0.0,3000.0,0.0,5e-05,20000000.0,19421440.0,4855360.0,14578160.0,4465040.0,0.75,0.631578947368421
1330,1330.0,1.0,290.0,80.0,210.0,24.64,95.0,25.0,70.0,27.0,3977192.0,1076792.0,2320888.0,610760.0,7.0,0.0,51.0,10.0,0.0,2990.0,0.0,5e-05,20000000.0,39771920.0,10767920.0,23208880.0,6107600.0,0.7241379310344828,0.7368421052631579
1331,1331.0,1.0,290.0,78.0,212.0,26.64,95.0,25.0,70.0,27.0,4781832.0,1280616.0,2320888.0,610760.0,7.0,0.0,51.0,10.0,0.0,1850.0,0.0,5e-05,20000000.0,47818320.0,12806160.0,23208880.0,6107600.0,0.7310344827586207,0.7368421052631579
1332,1332.0,1.0,160.0,43.0,117.0,26.56,38.0,10.0,28.0,27.0,5355000.0,1425952.0,2258416.0,594320.0,14.0,0.0,51.0,10.0,0.0,60.0,0.0,5e-05,20000000.0,53550000.0,14259520.0,22584160.0,5943200.0,0.73125,0.7368421052631579
1333,1333.0,1.0,290.0,79.0,211.0,25.98,95.0,25.0,70.0,27.0,4422312.0,1195824.0,2320888.0,610760.0,7.0,0.0,51.0,10.0,0.0,3270.0,0.0,5e-05,20000000.0,44223120.0,11958240.0,23208880.0,6107600.0,0.7275862068965517,0.7368421052631579
1334,1334.0,1.0,290.0,78.0,212.0,20.14,95.0,25.0,70.0,21.64,2700232.0,700296.0,1493712.0,374424.0,7.0,0.0,51.0,10.0,0.0,4620.0,0.0,5e-05,20000000.0,27002320.0,7002960.0,14937120.0,3744240.0,0.7310344827586207,0.7368421052631579
1335,1335.0,1.0,320.0,80.0,240.0,26.54,171.0,45.0,126.0,27.0,1942144.0,485536.0,1975848.0,519960.0,4.0,0.0,51.0,10.0,0.0,310.0,0.0,5e-05,20000000.0,19421440.0,4855360.0,19758480.0,5199600.0,0.75,0.7368421052631579
1336,1336.0,1.0,160.0,43.0,117.0,25.91,38.0,14.0,24.0,23.45,5182752.0,1329120.0,1797872.0,544208.0,14.0,0.0,51.0,10.0,0.0,1500.0,0.0,5e-05,20000000.0,51827520.0,13291200.0,17978720.0,5442080.0,0.73125,0.631578947368421
1337,1337.0,1.0,320.0,80.0,240.0,26.65,304.0,80.0,224.0,27.0,494080.0,123520.0,1361920.0,358400.0,2.0,0.0,51.0,10.0,0.0,1160.0,0.0,5e-05,20000000.0,4940800.0,1235200.0,13619200.0,3584000.0,0.75,0.7368421052631579
1338,1338.0,1.0,290.0,83.0,207.0,26.03,95.0,29.0,66.0,25.58,4566312.0,1252176.0,2259632.0,628304.0,7.0,0.0,51.0,10.0,0.0,590.0,0.0,5e-05,20000000.0,45663120.0,12521760.0,22596320.0,6283040.0,0.7137931034482758,0.6947368421052632
1339,1339.0,1.0,290.0,78.0,212.0,26.64,95.0,25.0,70.0,27.0,4781832.0,1280616.0,2320888.0,610760.0,7.0,0.0,51.0,10.0,0.0,380.0,0.0,5e-05,20000000.0,47818320.0,12806160.0,23208880.0,6107600.0,0.7310344827586207,0.7368421052631579
1340,1340.0,1.0,320.0,80.0,240.0,26.5,171.0,50.0,121.0,23.9,1915904.0,478976.0,1416680.0,380400.0,4.0,0.0,51.0,10.0,0.0,4230.0,0.0,5e-05,20000000.0,19159040.0,4789760.0,14166800.0,3804000.0,0.75,0.7076023391812866
1341,1341.0,1.0,160.0,43.0,117.0,23.44,38.0,10.0,28.0,21.32,3410464.0,895624.0,991920.0,248912.0,14.0,0.0,51.0,10.0,0.0,4070.0,0.0,5e-05,20000000.0,34104640.0,8956240.0,9919200.0,2489120.0,0.73125,0.7368421052631579
1342,1342.0,1.0,160.0,43.0,117.0,25.16,38.0,10.0,28.0,27.0,4187792.0,1104768.0,2258416.0,594320.0,14.0,0.0,51.0,10.0,0.0,3580.0,0.0,5e-05,20000000.0,41877920.0,11047680.0,22584160.0,5943200.0,0.73125,0.7368421052631579
1343,1343.0,1.0,320.0,80.0,240.0,26.5,171.0,45.0,126.0,27.0,1915904.0,478976.0,1975848.0,519960.0,4.0,0.0,51.0,10.0,0.0,660.0,0.0,5e-05,20000000.0,19159040.0,4789760.0,19758480.0,5199600.0,0.75,0.7368421052631579
1344,1344.0,1.0,290.0,83.0,207.0,25.75,95.0,35.0,60.0,23.87,4627752.0,1216176.0,2142800.0,633632.0,7.0,0.0,51.0,10.0,0.0,500.0,0.0,5e-05,20000000.0,46277520.0,12161760.0,21428000.0,6336320.0,0.7137931034482758,0.631578947368421
1345,1345.0,1.0,320.0,80.0,240.0,26.65,304.0,80.0,224.0,27.0,494080.0,123520.0,1361920.0,358400.0,2.0,0.0,51.0,10.0,0.0,870.0,0.0,5e-05,20000000.0,4940800.0,1235200.0,13619200.0,3584000.0,0.75,0.7368421052631579
1346,1346.0,1.0,290.0,78.0,212.0,25.66,95.0,28.0,67.0,24.46,4354312.0,1173736.0,2051736.0,549528.0,7.0,0.0,51.0,10.0,0.0,2050.0,0.0,5e-05,20000000.0,43543120.0,11737360.0,20517360.0,5495280.0,0.7310344827586207,0.7052631578947368
1347,1347.0,1.0,290.0,78.0,212.0,21.22,95.0,26.0,69.0,23.02,2915752.0,767016.0,1548960.0,402024.0,7.0,0.0,51.0,10.0,0.0,4970.0,0.0,5e-05,20000000.0,29157520.0,7670160.0,15489600.0,4020240.0,0.7310344827586207,0.7263157894736842
1348,1348.0,1.0,320.0,91.0,229.0,23.62,304.0,107.0,197.0,20.13,434584.0,116184.0,884080.0,253472.0,2.0,0.0,51.0,10.0,0.0,4020.0,0.0,5e-05,20000000.0,4345840.0,1161840.0,8840800.0,2534720.0,0.715625,0.6480263157894737
1349,1349.0,1.0,320.0,90.0,230.0,21.46,171.0,52.0,119.0,20.53,1413136.0,367792.0,1071224.0,293416.0,4.0,0.0,51.0,10.0,0.0,4220.0,0.0,5e-05,20000000.0,14131360.0,3677920.0,10712240.0,2934160.0,0.71875,0.695906432748538
1350,1350.0,1.0,160.0,43.0,117.0,25.12,38.0,10.0,28.0,22.79,4371080.0,1169984.0,885680.0,251136.0,14.0,0.0,51.0,10.0,0.0,3300.0,0.0,5e-05,20000000.0,43710800.0,11699840.0,8856800.0,2511360.0,0.73125,0.7368421052631579
1351,1351.0,1.0,290.0,78.0,212.0,26.64,95.0,25.0,70.0,27.0,4781832.0,1280616.0,2320888.0,610760.0,7.0,0.0,51.0,10.0,0.0,990.0,0.0,5e-05,20000000.0,47818320.0,12806160.0,23208880.0,6107600.0,0.7310344827586207,0.7368421052631579
1352,1352.0,1.0,160.0,43.0,117.0,22.85,38.0,10.0,28.0,21.53,3792160.0,1025448.0,1337328.0,364048.0,14.0,0.0,51.0,10.0,0.0,3600.0,0.0,5e-05,20000000.0,37921600.0,10254480.0,13373280.0,3640480.0,0.73125,0.7368421052631579
1353,1353.0,1.0,290.0,78.0,212.0,22.4,95.0,25.0,70.0,22.74,2974152.0,803016.0,1375544.0,374424.0,7.0,0.0,51.0,10.0,0.0,4250.0,0.0,5e-05,20000000.0,29741520.0,8030160.0,13755440.0,3744240.0,0.7310344827586207,0.7368421052631579
1354,1354.0,1.0,290.0,87.0,203.0,25.66,95.0,30.0,65.0,25.01,4497832.0,1255408.0,2046944.0,575800.0,7.0,0.0,51.0,10.0,0.0,710.0,0.0,5e-05,20000000.0,44978320.0,12554080.0,20469440.0,5758000.0,0.7,0.6842105263157895
1355,1355.0,1.0,160.0,43.0,117.0,25.42,38.0,13.0,25.0,22.89,4173296.0,1110744.0,1797872.0,484776.0,14.0,0.0,51.0,10.0,0.0,1600.0,0.0,5e-05,20000000.0,41732960.0,11107440.0,17978720.0,4847760.0,0.73125,0.6578947368421053
1356,1356.0,1.0,320.0,92.0,228.0,24.58,304.0,80.0,224.0,27.0,432976.0,113032.0,1361920.0,358400.0,2.0,0.0,51.0,10.0,0.0,3280.0,0.0,5e-05,20000000.0,4329760.0,1130320.0,13619200.0,3584000.0,0.7125,0.7368421052631579
1357,1357.0,1.0,320.0,105.0,215.0,19.6,304.0,115.0,189.0,16.0,365440.0,96176.0,753760.0,206776.0,2.0,0.0,51.0,10.0,0.0,4010.0,0.0,5e-05,20000000.0,3654400.0,961760.0,7537600.0,2067760.0,0.671875,0.6217105263157895
1358,1358.0,1.0,160.0,43.0,117.0,24.27,38.0,10.0,28.0,24.47,4452016.0,1170824.0,1797872.0,479184.0,14.0,0.0,51.0,10.0,0.0,3080.0,0.0,5e-05,20000000.0,44520160.0,11708240.0,17978720.0,4791840.0,0.73125,0.7368421052631579
1359,1359.0,1.0,320.0,80.0,240.0,26.6,304.0,80.0,224.0,27.0,487424.0,121856.0,1361920.0,358400.0,2.0,0.0,51.0,10.0,0.0,170.0,0.0,5e-05,20000000.0,4874240.0,1218560.0,13619200.0,3584000.0,0.75,0.7368421052631579
1360,1360.0,1.0,290.0,79.0,211.0,26.13,95.0,28.0,67.0,25.58,4703272.0,1266064.0,2288040.0,628296.0,7.0,0.0,51.0,10.0,0.0,670.0,0.0,5e-05,20000000.0,47032720.0,12660640.0,22880400.0,6282960.0,0.7275862068965517,0.7052631578947368
1361,1361.0,1.0,290.0,82.0,208.0,24.71,95.0,28.0,67.0,25.01,3720872.0,1022888.0,2025088.0,562216.0,7.0,0.0,51.0,10.0,0.0,2210.0,0.0,5e-05,20000000.0,37208720.0,10228880.0,20250880.0,5622160.0,0.7172413793103448,0.7052631578947368
1362,1362.0,1.0,320.0,88.0,232.0,23.54,171.0,53.0,118.0,25.11,1425968.0,367376.0,1690840.0,469952.0,4.0,0.0,51.0,10.0,0.0,2840.0,0.0,5e-05,20000000.0,14259680.0,3673760.0,16908400.0,4699520.0,0.725,0.6900584795321637
1363,1363.0,1.0,290.0,80.0,210.0,26.36,95.0,25.0,70.0,27.0,4730472.0,1265112.0,2320888.0,610760.0,7.0,0.0,51.0,10.0,0.0,930.0,0.0,5e-05,20000000.0,47304720.0,12651120.0,23208880.0,6107600.0,0.7241379310344828,0.7368421052631579
1364,1364.0,1.0,320.0,80.0,240.0,26.6,304.0,112.0,192.0,24.16,487424.0,121856.0,1222912.0,362752.0,2.0,0.0,51.0,10.0,0.0,250.0,0.0,5e-05,20000000.0,4874240.0,1218560.0,12229120.0,3627520.0,0.75,0.631578947368421
1365,1365.0,1.0,290.0,78.0,212.0,23.39,95.0,25.0,70.0,22.74,3470632.0,939976.0,1375544.0,374424.0,7.0,0.0,51.0,10.0,0.0,3510.0,0.0,5e-05,20000000.0,34706320.0,9399760.0,13755440.0,3744240.0,0.7310344827586207,0.7368421052631579
1366,1366.0,1.0,320.0,96.0,224.0,25.21,171.0,45.0,126.0,27.0,1841632.0,490016.0,1975848.0,519960.0,4.0,0.0,51.0,10.0,0.0,430.0,0.0,5e-05,20000000.0,18416320.0,4900160.0,19758480.0,5199600.0,0.7,0.7368421052631579
1367,1367.0,1.0,320.0,96.0,224.0,20.17,171.0,51.0,120.0,21.86,1068264.0,271744.0,1271320.0,323616.0,4.0,0.0,51.0,10.0,0.0,4490.0,0.0,5e-05,20000000.0,10682640.0,2717440.0,12713200.0,3236160.0,0.7,0.7017543859649122
1368,1368.0,1.0,320.0,80.0,240.0,26.6,304.0,80.0,224.0,27.0,487424.0,121856.0,1361920.0,358400.0,2.0,0.0,51.0,10.0,0.0,1490.0,0.0,5e-05,20000000.0,4874240.0,1218560.0,13619200.0,3584000.0,0.75,0.7368421052631579
1369,1369.0,1.0,320.0,116.0,204.0,18.67,304.0,111.0,193.0,17.84,313984.0,84016.0,801544.0,214920.0,2.0,0.0,51.0,10.0,0.0,4120.0,0.0,5e-05,20000000.0,3139840.0,840160.0,8015440.0,2149200.0,0.6375,0.6348684210526315
1370,1370.0,1.0,320.0,82.0,238.0,24.86,171.0,51.0,120.0,18.42,1479352.0,372400.0,1165640.0,313552.0,4.0,0.0,51.0,10.0,0.0,3800.0,0.0,5e-05,20000000.0,14793520.0,3724000.0,11656400.0,3135520.0,0.74375,0.7017543859649122
1371,1371.0,1.0,160.0,43.0,117.0,25.32,38.0,10.0,28.0,27.0,4447528.0,1189096.0,2258416.0,594320.0,14.0,0.0,51.0,10.0,0.0,3430.0,0.0,5e-05,20000000.0,44475280.0,11890960.0,22584160.0,5943200.0,0.73125,0.7368421052631579
1372,1372.0,1.0,160.0,44.0,116.0,25.99,38.0,10.0,28.0,27.0,4882240.0,1289320.0,2258416.0,594320.0,14.0,0.0,51.0,10.0,0.0,560.0,0.0,5e-05,20000000.0,48822400.0,12893200.0,22584160.0,5943200.0,0.725,0.7368421052631579
1373,1373.0,1.0,320.0,80.0,240.0,26.56,171.0,45.0,126.0,27.0,1942144.0,485536.0,1975848.0,519960.0,4.0,0.0,51.0,10.0,0.0,70.0,0.0,5e-05,20000000.0,19421440.0,4855360.0,19758480.0,5199600.0,0.75,0.7368421052631579
1374,1374.0,1.0,290.0,78.0,212.0,24.29,95.0,27.0,68.0,22.45,3925832.0,1040936.0,1576976.0,416480.0,7.0,0.0,51.0,10.0,0.0,3240.0,0.0,5e-05,20000000.0,39258320.0,10409360.0,15769760.0,4164800.0,0.7310344827586207,0.7157894736842105
1375,1375.0,1.0,320.0,91.0,229.0,25.06,171.0,58.0,113.0,22.89,1654696.0,433568.0,1384640.0,378216.0,4.0,0.0,51.0,10.0,0.0,2200.0,0.0,5e-05,20000000.0,16546960.0,4335680.0,13846400.0,3782160.0,0.715625,0.6608187134502924
1376,1376.0,1.0,320.0,80.0,240.0,26.6,304.0,105.0,199.0,23.36,487424.0,121856.0,1118656.0,292296.0,2.0,0.0,51.0,10.0,0.0,1510.0,0.0,5e-05,20000000.0,4874240.0,1218560.0,11186560.0,2922960.0,0.75,0.6546052631578947
1377,1377.0,1.0,320.0,93.0,227.0,25.3,304.0,122.0,182.0,21.71,453880.0,119528.0,1070872.0,294608.0,2.0,0.0,51.0,10.0,0.0,1200.0,0.0,5e-05,20000000.0,4538800.0,1195280.0,10708720.0,2946080.0,0.709375,0.5986842105263158
1378,1378.0,1.0,320.0,80.0,240.0,26.65,304.0,80.0,224.0,27.0,494080.0,123520.0,1361920.0,358400.0,2.0,0.0,51.0,10.0,0.0,3790.0,0.0,5e-05,20000000.0,4940800.0,1235200.0,13619200.0,3584000.0,0.75,0.7368421052631579
1379,1379.0,1.0,320.0,95.0,225.0,24.91,171.0,45.0,126.0,27.0,1780232.0,475304.0,1975848.0,519960.0,4.0,0.0,51.0,10.0,0.0,1290.0,0.0,5e-05,20000000.0,17802320.0,4753040.0,19758480.0,5199600.0,0.703125,0.7368421052631579
1380,1380.0,1.0,320.0,88.0,232.0,25.06,171.0,45.0,126.0,27.0,1630640.0,422032.0,1975848.0,519960.0,4.0,0.0,51.0,10.0,0.0,2280.0,0.0,5e-05,20000000.0,16306400.0,4220320.0,19758480.0,5199600.0,0.725,0.7368421052631579
1381,1381.0,1.0,320.0,80.0,240.0,26.5,171.0,45.0,126.0,27.0,1915904.0,478976.0,1975848.0,519960.0,4.0,0.0,51.0,10.0,0.0,640.0,0.0,5e-05,20000000.0,19159040.0,4789760.0,19758480.0,5199600.0,0.75,0.7368421052631579
1382,1382.0,1.0,160.0,44.0,116.0,26.26,38.0,10.0,28.0,27.0,5358560.0,1408400.0,2258416.0,594320.0,14.0,0.0,51.0,10.0,0.0,160.0,0.0,5e-05,20000000.0,53585600.0,14084000.0,22584160.0,5943200.0,0.725,0.7368421052631579
1383,1383.0,1.0,290.0,78.0,212.0,23.22,95.0,25.0,70.0,22.74,3755112.0,1002536.0,1848216.0,492592.0,7.0,0.0,51.0,10.0,0.0,3630.0,0.0,5e-05,20000000.0,37551120.0,10025360.0,18482160.0,4925920.0,0.7310344827586207,0.7368421052631579
1384,1384.0,1.0,320.0,80.0,240.0,26.54,171.0,53.0,118.0,25.58,1942144.0,485536.0,1772048.0,491488.0,4.0,0.0,51.0,10.0,0.0,1060.0,0.0,5e-05,20000000.0,19421440.0,4855360.0,17720480.0,4914880.0,0.75,0.6900584795321637
1385,1385.0,1.0,320.0,103.0,217.0,24.15,304.0,90.0,214.0,25.58,416672.0,113680.0,1240288.0,333696.0,2.0,0.0,51.0,10.0,0.0,2780.0,0.0,5e-05,20000000.0,4166720.0,1136800.0,12402880.0,3336960.0,0.678125,0.7039473684210527
1386,1386.0,1.0,290.0,78.0,212.0,26.31,95.0,25.0,70.0,27.0,4566312.0,1213896.0,2320888.0,610760.0,7.0,0.0,51.0,10.0,0.0,1560.0,0.0,5e-05,20000000.0,45663120.0,12138960.0,23208880.0,6107600.0,0.7310344827586207,0.7368421052631579
1387,1387.0,1.0,290.0,85.0,205.0,25.0,95.0,34.0,61.0,22.45,4165512.0,1132192.0,1920064.0,541288.0,7.0,0.0,51.0,10.0,0.0,1200.0,0.0,5e-05,20000000.0,41655120.0,11321920.0,19200640.0,5412880.0,0.7068965517241379,0.6421052631578947
1388,1388.0,1.0,290.0,78.0,212.0,25.75,95.0,25.0,70.0,27.0,4241032.0,1145416.0,2320888.0,610760.0,7.0,0.0,51.0,10.0,0.0,3430.0,0.0,5e-05,20000000.0,42410320.0,11454160.0,23208880.0,6107600.0,0.7310344827586207,0.7368421052631579
1389,1389.0,1.0,320.0,105.0,215.0,23.42,304.0,92.0,212.0,25.25,404168.0,113496.0,1240288.0,342656.0,2.0,0.0,51.0,10.0,0.0,2180.0,0.0,5e-05,20000000.0,4041680.0,1134960.0,12402880.0,3426560.0,0.671875,0.6973684210526315
1390,1390.0,1.0,320.0,80.0,240.0,26.56,171.0,45.0,126.0,27.0,1942144.0,485536.0,1975848.0,519960.0,4.0,0.0,51.0,10.0,0.0,1930.0,0.0,5e-05,20000000.0,19421440.0,4855360.0,19758480.0,5199600.0,0.75,0.7368421052631579
1391,1391.0,1.0,320.0,80.0,240.0,26.41,171.0,52.0,119.0,23.23,1880192.0,470048.0,1458224.0,399160.0,4.0,0.0,51.0,10.0,0.0,4170.0,0.0,5e-05,20000000.0,18801920.0,4700480.0,14582240.0,3991600.0,0.75,0.695906432748538
1392,1392.0,1.0,160.0,46.0,114.0,24.12,38.0,11.0,27.0,25.58,4239136.0,1116048.0,2028144.0,538616.0,14.0,0.0,51.0,10.0,0.0,1520.0,0.0,5e-05,20000000.0,42391360.0,11160480.0,20281440.0,5386160.0,0.7125,0.7105263157894737
1393,1393.0,1.0,320.0,80.0,240.0,26.65,304.0,94.0,210.0,25.58,494080.0,123520.0,1266352.0,351616.0,2.0,0.0,51.0,10.0,0.0,1960.0,0.0,5e-05,20000000.0,4940800.0,1235200.0,12663520.0,3516160.0,0.75,0.6907894736842105
1394,1394.0,1.0,320.0,80.0,240.0,26.65,304.0,80.0,224.0,27.0,494080.0,123520.0,1361920.0,358400.0,2.0,0.0,51.0,10.0,0.0,940.0,0.0,5e-05,20000000.0,4940800.0,1235200.0,13619200.0,3584000.0,0.75,0.7368421052631579
1395,1395.0,1.0,160.0,43.0,117.0,26.56,38.0,10.0,28.0,27.0,5355000.0,1425952.0,2258416.0,594320.0,14.0,0.0,51.0,10.0,0.0,330.0,0.0,5e-05,20000000.0,53550000.0,14259520.0,22584160.0,5943200.0,0.73125,0.7368421052631579
1396,1396.0,1.0,320.0,94.0,226.0,25.15,171.0,45.0,126.0,27.0,1794592.0,473632.0,1975848.0,519960.0,4.0,0.0,51.0,10.0,0.0,1320.0,0.0,5e-05,20000000.0,17945920.0,4736320.0,19758480.0,5199600.0,0.70625,0.7368421052631579
1397,1397.0,1.0,160.0,46.0,114.0,25.89,38.0,11.0,27.0,25.58,4780256.0,1291424.0,1970576.0,538616.0,14.0,0.0,51.0,10.0,0.0,530.0,0.0,5e-05,20000000.0,47802560.0,12914240.0,19705760.0,5386160.0,0.7125,0.7105263157894737
1398,1398.0,1.0,320.0,80.0,240.0,25.4,171.0,48.0,123.0,20.0,1915904.0,478976.0,928552.0,268744.0,4.0,0.0,51.0,10.0,0.0,4770.0,0.0,5e-05,20000000.0,19159040.0,4789760.0,9285520.0,2687440.0,0.75,0.7192982456140351
1399,1399.0,1.0,320.0,80.0,240.0,26.65,304.0,93.0,211.0,25.33,494080.0,123520.0,1266352.0,347136.0,2.0,0.0,51.0,10.0,0.0,1420.0,0.0,5e-05,20000000.0,4940800.0,1235200.0,12663520.0,3471360.0,0.75,0.694078947368421
1400,1400.0,1.0,320.0,99.0,221.0,22.38,171.0,54.0,117.0,22.96,1382224.0,378264.0,1273552.0,350200.0,4.0,0.0,51.0,10.0,0.0,3050.0,0.0,5e-05,20000000.0,13822240.0,3782640.0,12735520.0,3502000.0,0.690625,0.6842105263157895
1401,1401.0,1.0,320.0,103.0,217.0,23.8,304.0,95.0,209.0,25.22,386480.0,106936.0,1214224.0,338720.0,2.0,0.0,51.0,10.0,0.0,2130.0,0.0,5e-05,20000000.0,3864800.0,1069360.0,12142240.0,3387200.0,0.678125,0.6875
1402,1402.0,1.0,320.0,109.0,211.0,22.02,304.0,95.0,209.0,19.62,362000.0,102808.0,828896.0,235872.0,2.0,0.0,51.0,10.0,0.0,3500.0,0.0,5e-05,20000000.0,3620000.0,1028080.0,8288960.0,2358720.0,0.659375,0.6875
1403,1403.0,1.0,290.0,82.0,208.0,25.66,95.0,28.0,67.0,25.58,4292392.0,1165768.0,2180864.0,601160.0,7.0,0.0,51.0,10.0,0.0,1530.0,0.0,5e-05,20000000.0,42923920.0,11657680.0,21808640.0,6011600.0,0.7172413793103448,0.7052631578947368
1404,1404.0,1.0,320.0,102.0,218.0,23.9,304.0,100.0,204.0,23.71,411848.0,112008.0,1075216.0,308992.0,2.0,0.0,51.0,10.0,0.0,2810.0,0.0,5e-05,20000000.0,4118480.0,1120080.0,10752160.0,3089920.0,0.68125,0.6710526315789473
1405,1405.0,1.0,290.0,78.0,212.0,21.42,95.0,25.0,70.0,25.29,3111112.0,837256.0,1848216.0,492592.0,7.0,0.0,51.0,10.0,0.0,4440.0,0.0,5e-05,20000000.0,31111120.0,8372560.0,18482160.0,4925920.0,0.7310344827586207,0.7368421052631579
1406,1406.0,1.0,320.0,80.0,240.0,26.56,171.0,45.0,126.0,27.0,1942144.0,485536.0,1975848.0,519960.0,4.0,0.0,51.0,10.0,0.0,560.0,0.0,5e-05,20000000.0,19421440.0,4855360.0,19758480.0,5199600.0,0.75,0.7368421052631579
1407,1407.0,1.0,320.0,91.0,229.0,25.15,304.0,110.0,194.0,22.07,429896.0,112600.0,1023088.0,279944.0,2.0,0.0,51.0,10.0,0.0,2200.0,0.0,5e-05,20000000.0,4298960.0,1126000.0,10230880.0,2799440.0,0.715625,0.6381578947368421
1408,1408.0,1.0,320.0,80.0,240.0,26.6,304.0,96.0,208.0,25.58,487424.0,121856.0,1292416.0,360576.0,2.0,0.0,51.0,10.0,0.0,650.0,0.0,5e-05,20000000.0,4874240.0,1218560.0,12924160.0,3605760.0,0.75,0.6842105263157895
1409,1409.0,1.0,290.0,78.0,212.0,26.64,95.0,25.0,70.0,27.0,4781832.0,1280616.0,2320888.0,610760.0,7.0,0.0,51.0,10.0,0.0,110.0,0.0,5e-05,20000000.0,47818320.0,12806160.0,23208880.0,6107600.0,0.7310344827586207,0.7368421052631579
1410,1410.0,1.0,320.0,80.0,240.0,26.56,171.0,45.0,126.0,27.0,1942144.0,485536.0,1975848.0,519960.0,4.0,0.0,51.0,10.0,0.0,490.0,0.0,5e-05,20000000.0,19421440.0,4855360.0,19758480.0,5199600.0,0.75,0.7368421052631579
1411,1411.0,1.0,290.0,78.0,212.0,26.59,95.0,25.0,70.0,27.0,4720392.0,1265256.0,2320888.0,610760.0,7.0,0.0,51.0,10.0,0.0,570.0,0.0,5e-05,20000000.0,47203920.0,12652560.0,23208880.0,6107600.0,0.7310344827586207,0.7368421052631579
1412,1412.0,1.0,160.0,43.0,117.0,26.6,38.0,10.0,28.0,27.0,5078216.0,1346768.0,2258416.0,594320.0,14.0,0.0,51.0,10.0,0.0,1470.0,0.0,5e-05,20000000.0,50782160.0,13467680.0,22584160.0,5943200.0,0.73125,0.7368421052631579
1413,1413.0,1.0,320.0,91.0,229.0,25.25,304.0,80.0,224.0,27.0,437576.0,114520.0,1361920.0,358400.0,2.0,0.0,51.0,10.0,0.0,1720.0,0.0,5e-05,20000000.0,4375760.0,1145200.0,13619200.0,3584000.0,0.715625,0.7368421052631579
1414,1414.0,1.0,320.0,93.0,227.0,24.79,304.0,90.0,214.0,25.09,415288.0,109880.0,1214224.0,333696.0,2.0,0.0,51.0,10.0,0.0,3110.0,0.0,5e-05,20000000.0,4152880.0,1098800.0,12142240.0,3336960.0,0.709375,0.7039473684210527
1415,1415.0,1.0,320.0,80.0,240.0,25.91,171.0,54.0,117.0,22.75,1880192.0,470048.0,1203784.0,337056.0,4.0,0.0,51.0,10.0,0.0,3670.0,0.0,5e-05,20000000.0,18801920.0,4700480.0,12037840.0,3370560.0,0.75,0.6842105263157895
1416,1416.0,1.0,160.0,43.0,117.0,26.27,38.0,10.0,28.0,27.0,5155824.0,1326752.0,2258416.0,594320.0,14.0,0.0,51.0,10.0,0.0,1790.0,0.0,5e-05,20000000.0,51558240.0,13267520.0,22584160.0,5943200.0,0.73125,0.7368421052631579
1417,1417.0,1.0,160.0,43.0,117.0,25.78,38.0,10.0,28.0,27.0,4765032.0,1268472.0,2258416.0,594320.0,14.0,0.0,51.0,10.0,0.0,1860.0,0.0,5e-05,20000000.0,47650320.0,12684720.0,22584160.0,5943200.0,0.73125,0.7368421052631579
1418,1418.0,1.0,320.0,80.0,240.0,26.48,171.0,45.0,126.0,27.0,1915904.0,478976.0,1975848.0,519960.0,4.0,0.0,51.0,10.0,0.0,150.0,0.0,5e-05,20000000.0,19159040.0,4789760.0,19758480.0,5199600.0,0.75,0.7368421052631579
1419,1419.0,1.0,320.0,91.0,229.0,25.15,304.0,80.0,224.0,27.0,429896.0,112600.0,1361920.0,358400.0,2.0,0.0,51.0,10.0,0.0,2280.0,0.0,5e-05,20000000.0,4298960.0,1126000.0,13619200.0,3584000.0,0.715625,0.7368421052631579
1420,1420.0,1.0,320.0,80.0,240.0,26.54,171.0,45.0,126.0,27.0,1942144.0,485536.0,1975848.0,519960.0,4.0,0.0,51.0,10.0,0.0,870.0,0.0,5e-05,20000000.0,19421440.0,4855360.0,19758480.0,5199600.0,0.75,0.7368421052631579
1421,1421.0,1.0,160.0,43.0,117.0,24.54,38.0,10.0,28.0,23.05,4017208.0,1091504.0,1337328.0,364048.0,14.0,0.0,51.0,10.0,0.0,3210.0,0.0,5e-05,20000000.0,40172080.0,10915040.0,13373280.0,3640480.0,0.73125,0.7368421052631579
1422,1422.0,1.0,320.0,80.0,240.0,26.5,171.0,61.0,110.0,24.19,1915904.0,478976.0,1648112.0,485256.0,4.0,0.0,51.0,10.0,0.0,600.0,0.0,5e-05,20000000.0,19159040.0,4789760.0,16481120.0,4852560.0,0.75,0.6432748538011696
1423,1423.0,1.0,320.0,93.0,227.0,24.04,171.0,45.0,126.0,27.0,1669160.0,433752.0,1975848.0,519960.0,4.0,0.0,51.0,10.0,0.0,2580.0,0.0,5e-05,20000000.0,16691600.0,4337520.0,19758480.0,5199600.0,0.709375,0.7368421052631579
1424,1424.0,1.0,320.0,80.0,240.0,26.56,171.0,45.0,126.0,27.0,1942144.0,485536.0,1975848.0,519960.0,4.0,0.0,51.0,10.0,0.0,230.0,0.0,5e-05,20000000.0,19421440.0,4855360.0,19758480.0,5199600.0,0.75,0.7368421052631579
1425,1425.0,1.0,290.0,78.0,212.0,22.73,95.0,25.0,70.0,24.53,3377992.0,903976.0,1848216.0,492592.0,7.0,0.0,51.0,10.0,0.0,4660.0,0.0,5e-05,20000000.0,33779920.0,9039760.0,18482160.0,4925920.0,0.7310344827586207,0.7368421052631579
1426,1426.0,1.0,290.0,79.0,211.0,26.45,95.0,25.0,70.0,27.0,4747592.0,1264304.0,2320888.0,610760.0,7.0,0.0,51.0,10.0,0.0,80.0,0.0,5e-05,20000000.0,47475920.0,12643040.0,23208880.0,6107600.0,0.7275862068965517,0.7368421052631579
1427,1427.0,1.0,160.0,44.0,116.0,24.99,38.0,10.0,28.0,24.16,3986776.0,1084848.0,1797872.0,479184.0,14.0,0.0,51.0,10.0,0.0,2200.0,0.0,5e-05,20000000.0,39867760.0,10848480.0,17978720.0,4791840.0,0.725,0.7368421052631579
1428,1428.0,1.0,160.0,43.0,117.0,23.5,38.0,13.0,25.0,24.16,4177592.0,1111576.0,1855440.0,542344.0,14.0,0.0,51.0,10.0,0.0,1400.0,0.0,5e-05,20000000.0,41775920.0,11115760.0,18554400.0,5423440.0,0.73125,0.6578947368421053
1429,1429.0,1.0,160.0,45.0,115.0,23.65,38.0,11.0,27.0,23.61,4098336.0,1114344.0,1797872.0,481048.0,14.0,0.0,51.0,10.0,0.0,1700.0,0.0,5e-05,20000000.0,40983360.0,11143440.0,17978720.0,4810480.0,0.71875,0.7105263157894737
1430,1430.0,1.0,320.0,80.0,240.0,26.65,304.0,80.0,224.0,27.0,494080.0,123520.0,1361920.0,358400.0,2.0,0.0,51.0,10.0,0.0,560.0,0.0,5e-05,20000000.0,4940800.0,1235200.0,13619200.0,3584000.0,0.75,0.7368421052631579
1431,1431.0,1.0,320.0,80.0,240.0,26.65,304.0,109.0,195.0,23.9,494080.0,123520.0,1162096.0,344968.0,2.0,0.0,51.0,10.0,0.0,1120.0,0.0,5e-05,20000000.0,4940800.0,1235200.0,11620960.0,3449680.0,0.75,0.6414473684210527
1432,1432.0,1.0,320.0,80.0,240.0,26.65,304.0,80.0,224.0,27.0,494080.0,123520.0,1361920.0,358400.0,2.0,0.0,51.0,10.0,0.0,50.0,0.0,5e-05,20000000.0,4940800.0,1235200.0,13619200.0,3584000.0,0.75,0.7368421052631579
1433,1433.0,1.0,320.0,80.0,240.0,26.6,304.0,112.0,192.0,24.16,487424.0,121856.0,1222912.0,362752.0,2.0,0.0,51.0,10.0,0.0,750.0,0.0,5e-05,20000000.0,4874240.0,1218560.0,12229120.0,3627520.0,0.75,0.631578947368421
1434,1434.0,1.0,320.0,86.0,234.0,25.1,171.0,45.0,126.0,27.0,1591664.0,408096.0,1975848.0,519960.0,4.0,0.0,51.0,10.0,0.0,3140.0,0.0,5e-05,20000000.0,15916640.0,4080960.0,19758480.0,5199600.0,0.73125,0.7368421052631579
1435,1435.0,1.0,290.0,78.0,212.0,26.59,95.0,25.0,70.0,27.0,4720392.0,1265256.0,2320888.0,610760.0,7.0,0.0,51.0,10.0,0.0,740.0,0.0,5e-05,20000000.0,47203920.0,12652560.0,23208880.0,6107600.0,0.7310344827586207,0.7368421052631579
1436,1436.0,1.0,160.0,43.0,117.0,20.56,38.0,10.0,28.0,19.89,3149880.0,815472.0,1337328.0,364048.0,14.0,0.0,51.0,10.0,0.0,4210.0,0.0,5e-05,20000000.0,31498800.0,8154720.0,13373280.0,3640480.0,0.73125,0.7368421052631579
1437,1437.0,1.0,320.0,80.0,240.0,26.5,171.0,45.0,126.0,27.0,1942144.0,485536.0,1975848.0,519960.0,4.0,0.0,51.0,10.0,0.0,3990.0,0.0,5e-05,20000000.0,19421440.0,4855360.0,19758480.0,5199600.0,0.75,0.7368421052631579
1438,1438.0,1.0,320.0,80.0,240.0,26.56,171.0,45.0,126.0,27.0,1942144.0,485536.0,1975848.0,519960.0,4.0,0.0,51.0,10.0,0.0,210.0,0.0,5e-05,20000000.0,19421440.0,4855360.0,19758480.0,5199600.0,0.75,0.7368421052631579
1439,1439.0,1.0,320.0,80.0,240.0,26.42,171.0,45.0,126.0,27.0,1915904.0,478976.0,1975848.0,519960.0,4.0,0.0,51.0,10.0,0.0,3860.0,0.0,5e-05,20000000.0,19159040.0,4789760.0,19758480.0,5199600.0,0.75,0.7368421052631579
1440,1440.0,1.0,290.0,81.0,209.0,25.89,95.0,28.0,67.0,25.58,4456552.0,1197440.0,2124832.0,574024.0,7.0,0.0,51.0,10.0,0.0,1840.0,0.0,5e-05,20000000.0,44565520.0,11974400.0,21248320.0,5740240.0,0.7206896551724138,0.7052631578947368
1441,1441.0,1.0,160.0,44.0,116.0,24.28,38.0,10.0,28.0,25.58,3677248.0,988072.0,1797872.0,479184.0,14.0,0.0,51.0,10.0,0.0,2250.0,0.0,5e-05,20000000.0,36772480.0,9880720.0,17978720.0,4791840.0,0.725,0.7368421052631579
1442,1442.0,1.0,320.0,100.0,220.0,23.78,304.0,96.0,208.0,25.13,407024.0,111880.0,1205536.0,338856.0,2.0,0.0,51.0,10.0,0.0,2420.0,0.0,5e-05,20000000.0,4070240.0,1118800.0,12055360.0,3388560.0,0.6875,0.6842105263157895
1443,1443.0,1.0,290.0,78.0,212.0,20.39,95.0,25.0,70.0,16.43,3412232.0,869736.0,1021040.0,256256.0,7.0,0.0,51.0,10.0,0.0,3750.0,0.0,5e-05,20000000.0,34122320.0,8697360.0,10210400.0,2562560.0,0.7310344827586207,0.7368421052631579
1444,1444.0,1.0,160.0,44.0,116.0,22.94,38.0,10.0,28.0,23.05,3447864.0,876520.0,1452464.0,364048.0,14.0,0.0,51.0,10.0,0.0,2910.0,0.0,5e-05,20000000.0,34478640.0,8765200.0,14524640.0,3640480.0,0.725,0.7368421052631579
1445,1445.0,1.0,160.0,43.0,117.0,7.34,38.0,10.0,28.0,4.42,971872.0,246800.0,70832.0,18640.0,14.0,0.0,51.0,10.0,0.0,4000.0,0.0,5e-05,20000000.0,9718720.0,2468000.0,708320.0,186400.0,0.73125,0.7368421052631579
1446,1446.0,1.0,160.0,43.0,117.0,24.35,38.0,10.0,28.0,24.26,4724312.0,1229104.0,1797872.0,479184.0,14.0,0.0,51.0,10.0,0.0,4820.0,0.0,5e-05,20000000.0,47243120.0,12291040.0,17978720.0,4791840.0,0.73125,0.7368421052631579
1447,1447.0,1.0,290.0,79.0,211.0,25.39,95.0,25.0,70.0,27.0,4412232.0,1163344.0,2320888.0,610760.0,7.0,0.0,51.0,10.0,0.0,2640.0,0.0,5e-05,20000000.0,44122320.0,11633440.0,23208880.0,6107600.0,0.7275862068965517,0.7368421052631579
1448,1448.0,1.0,290.0,87.0,203.0,25.43,95.0,25.0,70.0,27.0,4405192.0,1219408.0,2320888.0,610760.0,7.0,0.0,51.0,10.0,0.0,910.0,0.0,5e-05,20000000.0,44051920.0,12194080.0,23208880.0,6107600.0,0.7,0.7368421052631579
1449,1449.0,1.0,160.0,43.0,117.0,22.78,38.0,10.0,28.0,20.58,4235096.0,1072400.0,1452464.0,364048.0,14.0,0.0,51.0,10.0,0.0,4040.0,0.0,5e-05,20000000.0,42350960.0,10724000.0,14524640.0,3640480.0,0.73125,0.7368421052631579
1450,1450.0,1.0,160.0,43.0,117.0,22.04,38.0,10.0,28.0,17.89,3960768.0,1033200.0,766096.0,192456.0,14.0,0.0,51.0,10.0,0.0,1710.0,0.0,5e-05,20000000.0,39607680.0,10332000.0,7660960.0,1924560.0,0.73125,0.7368421052631579
1451,1451.0,1.0,320.0,118.0,202.0,21.93,304.0,106.0,198.0,23.59,380048.0,114328.0,1162096.0,340216.0,2.0,0.0,51.0,10.0,0.0,2240.0,0.0,5e-05,20000000.0,3800480.0,1143280.0,11620960.0,3402160.0,0.63125,0.6513157894736842
1452,1452.0,1.0,290.0,85.0,205.0,24.31,95.0,30.0,65.0,24.73,3932872.0,1099712.0,1996192.0,563112.0,7.0,0.0,51.0,10.0,0.0,2420.0,0.0,5e-05,20000000.0,39328720.0,10997120.0,19961920.0,5631120.0,0.7068965517241379,0.6842105263157895
1453,1453.0,1.0,320.0,80.0,240.0,26.5,304.0,98.0,206.0,23.43,479744.0,119936.0,1079560.0,308720.0,2.0,0.0,51.0,10.0,0.0,4170.0,0.0,5e-05,20000000.0,4797440.0,1199360.0,10795600.0,3087200.0,0.75,0.6776315789473685
1454,1454.0,1.0,160.0,43.0,117.0,25.84,38.0,10.0,28.0,25.58,4981376.0,1288352.0,1913008.0,479184.0,14.0,0.0,51.0,10.0,0.0,2940.0,0.0,5e-05,20000000.0,49813760.0,12883520.0,19130080.0,4791840.0,0.73125,0.7368421052631579
1455,1455.0,1.0,160.0,43.0,117.0,24.84,38.0,10.0,28.0,22.74,4570872.0,1229920.0,1337328.0,364048.0,14.0,0.0,51.0,10.0,0.0,2380.0,0.0,5e-05,20000000.0,45708720.0,12299200.0,13373280.0,3640480.0,0.73125,0.7368421052631579
1456,1456.0,1.0,320.0,89.0,231.0,25.06,171.0,45.0,126.0,27.0,1606792.0,417184.0,1975848.0,519960.0,4.0,0.0,51.0,10.0,0.0,2160.0,0.0,5e-05,20000000.0,16067920.0,4171840.0,19758480.0,5199600.0,0.721875,0.7368421052631579
1457,1457.0,1.0,290.0,78.0,212.0,24.0,95.0,25.0,70.0,20.0,4035592.0,1094056.0,1375544.0,374424.0,7.0,0.0,51.0,10.0,0.0,4770.0,0.0,5e-05,20000000.0,40355920.0,10940560.0,13755440.0,3744240.0,0.7310344827586207,0.7368421052631579
1458,1458.0,1.0,320.0,80.0,240.0,26.65,304.0,80.0,224.0,27.0,494080.0,123520.0,1361920.0,358400.0,2.0,0.0,51.0,10.0,0.0,1220.0,0.0,5e-05,20000000.0,4940800.0,1235200.0,13619200.0,3584000.0,0.75,0.7368421052631579
1459,1459.0,1.0,320.0,87.0,233.0,23.84,171.0,48.0,123.0,25.58,1455624.0,376512.0,1565792.0,423608.0,4.0,0.0,51.0,10.0,0.0,3820.0,0.0,5e-05,20000000.0,14556240.0,3765120.0,15657920.0,4236080.0,0.728125,0.7192982456140351
1460,1460.0,1.0,290.0,88.0,202.0,25.04,95.0,37.0,58.0,21.88,4309512.0,1187736.0,1893352.0,517240.0,7.0,0.0,51.0,10.0,0.0,800.0,0.0,5e-05,20000000.0,43095120.0,11877360.0,18933520.0,5172400.0,0.696551724137931,0.6105263157894737
1461,1461.0,1.0,320.0,80.0,240.0,26.5,304.0,80.0,224.0,27.0,479744.0,119936.0,1361920.0,358400.0,2.0,0.0,51.0,10.0,0.0,190.0,0.0,5e-05,20000000.0,4797440.0,1199360.0,13619200.0,3584000.0,0.75,0.7368421052631579
1462,1462.0,1.0,320.0,89.0,231.0,23.84,171.0,55.0,116.0,22.13,1574672.0,404616.0,1122664.0,319704.0,4.0,0.0,51.0,10.0,0.0,3810.0,0.0,5e-05,20000000.0,15746720.0,4046160.0,11226640.0,3197040.0,0.721875,0.6783625730994152
1463,1463.0,1.0,290.0,78.0,212.0,26.54,95.0,25.0,70.0,27.0,4713352.0,1263496.0,2320888.0,610760.0,7.0,0.0,51.0,10.0,0.0,1430.0,0.0,5e-05,20000000.0,47133520.0,12634960.0,23208880.0,6107600.0,0.7310344827586207,0.7368421052631579
1464,1464.0,1.0,160.0,43.0,117.0,23.95,38.0,10.0,28.0,22.74,3880576.0,1013152.0,991920.0,248912.0,14.0,0.0,51.0,10.0,0.0,4100.0,0.0,5e-05,20000000.0,38805760.0,10131520.0,9919200.0,2489120.0,0.73125,0.7368421052631579
1465,1465.0,1.0,160.0,43.0,117.0,22.93,38.0,10.0,28.0,21.32,3627384.0,994048.0,1337328.0,364048.0,14.0,0.0,51.0,10.0,0.0,3760.0,0.0,5e-05,20000000.0,36273840.0,9940480.0,13373280.0,3640480.0,0.73125,0.7368421052631579
1466,1466.0,1.0,320.0,80.0,240.0,26.41,171.0,45.0,126.0,27.0,1880192.0,470048.0,1975848.0,519960.0,4.0,0.0,51.0,10.0,0.0,190.0,0.0,5e-05,20000000.0,18801920.0,4700480.0,19758480.0,5199600.0,0.75,0.7368421052631579
1467,1467.0,1.0,290.0,78.0,212.0,23.4,95.0,25.0,70.0,20.27,3891592.0,1058056.0,1375544.0,374424.0,7.0,0.0,51.0,10.0,0.0,4020.0,0.0,5e-05,20000000.0,38915920.0,10580560.0,13755440.0,3744240.0,0.7310344827586207,0.7368421052631579
1468,1468.0,1.0,320.0,80.0,240.0,26.52,171.0,63.0,108.0,24.0,1942144.0,485536.0,1648520.0,494624.0,4.0,0.0,51.0,10.0,0.0,500.0,0.0,5e-05,20000000.0,19421440.0,4855360.0,16485200.0,4946240.0,0.75,0.631578947368421
1469,1469.0,1.0,320.0,80.0,240.0,26.6,304.0,80.0,224.0,27.0,487424.0,121856.0,1361920.0,358400.0,2.0,0.0,51.0,10.0,0.0,620.0,0.0,5e-05,20000000.0,4874240.0,1218560.0,13619200.0,3584000.0,0.75,0.7368421052631579
1470,1470.0,1.0,320.0,92.0,228.0,23.82,171.0,51.0,120.0,22.07,1583008.0,416112.0,1156624.0,320264.0,4.0,0.0,51.0,10.0,0.0,3840.0,0.0,5e-05,20000000.0,15830080.0,4161120.0,11566240.0,3202640.0,0.7125,0.7017543859649122
1471,1471.0,1.0,320.0,80.0,240.0,26.65,304.0,98.0,206.0,19.74,494080.0,123520.0,866704.0,221840.0,2.0,0.0,51.0,10.0,0.0,4530.0,0.0,5e-05,20000000.0,4940800.0,1235200.0,8667040.0,2218400.0,0.75,0.6776315789473685
1472,1472.0,1.0,160.0,43.0,117.0,26.5,38.0,10.0,28.0,27.0,5078216.0,1346768.0,2258416.0,594320.0,14.0,0.0,51.0,10.0,0.0,690.0,0.0,5e-05,20000000.0,50782160.0,13467680.0,22584160.0,5943200.0,0.73125,0.7368421052631579
1473,1473.0,1.0,290.0,78.0,212.0,23.56,95.0,25.0,70.0,22.82,3703272.0,989576.0,1375544.0,374424.0,7.0,0.0,51.0,10.0,0.0,4830.0,0.0,5e-05,20000000.0,37032720.0,9895760.0,13755440.0,3744240.0,0.7310344827586207,0.7368421052631579
1474,1474.0,1.0,320.0,104.0,216.0,23.56,304.0,92.0,212.0,25.25,389696.0,108608.0,1240288.0,342656.0,2.0,0.0,51.0,10.0,0.0,2090.0,0.0,5e-05,20000000.0,3896960.0,1086080.0,12402880.0,3426560.0,0.675,0.6973684210526315
1475,1475.0,1.0,320.0,114.0,206.0,22.6,304.0,131.0,173.0,18.67,386120.0,114384.0,897112.0,274112.0,2.0,0.0,51.0,10.0,0.0,2600.0,0.0,5e-05,20000000.0,3861200.0,1143840.0,8971120.0,2741120.0,0.64375,0.569078947368421
1476,1476.0,1.0,320.0,92.0,228.0,23.92,171.0,57.0,114.0,23.25,1571368.0,414832.0,1457792.0,426312.0,4.0,0.0,51.0,10.0,0.0,3010.0,0.0,5e-05,20000000.0,15713680.0,4148320.0,14577920.0,4263120.0,0.7125,0.6666666666666666
1477,1477.0,1.0,290.0,78.0,212.0,26.54,95.0,25.0,70.0,27.0,4713352.0,1263496.0,2320888.0,610760.0,7.0,0.0,51.0,10.0,0.0,1780.0,0.0,5e-05,20000000.0,47133520.0,12634960.0,23208880.0,6107600.0,0.7310344827586207,0.7368421052631579
1478,1478.0,1.0,320.0,97.0,223.0,19.64,304.0,100.0,204.0,19.56,308936.0,81136.0,736384.0,204736.0,2.0,0.0,51.0,10.0,0.0,4730.0,0.0,5e-05,20000000.0,3089360.0,811360.0,7363840.0,2047360.0,0.696875,0.6710526315789473
1479,1479.0,1.0,290.0,78.0,212.0,26.4,95.0,25.0,70.0,27.0,4703272.0,1248136.0,2320888.0,610760.0,7.0,0.0,51.0,10.0,0.0,610.0,0.0,5e-05,20000000.0,47032720.0,12481360.0,23208880.0,6107600.0,0.7310344827586207,0.7368421052631579
1480,1480.0,1.0,320.0,80.0,240.0,26.2,304.0,105.0,199.0,23.09,487424.0,121856.0,1083904.0,287952.0,2.0,0.0,51.0,10.0,0.0,2680.0,0.0,5e-05,20000000.0,4874240.0,1218560.0,10839040.0,2879520.0,0.75,0.6546052631578947
1481,1481.0,1.0,320.0,80.0,240.0,25.2,171.0,45.0,126.0,27.0,1546624.0,386656.0,1975848.0,519960.0,4.0,0.0,51.0,10.0,0.0,1190.0,0.0,5e-05,20000000.0,15466240.0,3866560.0,19758480.0,5199600.0,0.75,0.7368421052631579
1482,1482.0,1.0,320.0,80.0,240.0,26.2,304.0,93.0,211.0,24.27,487424.0,121856.0,1162096.0,321072.0,2.0,0.0,51.0,10.0,0.0,3420.0,0.0,5e-05,20000000.0,4874240.0,1218560.0,11620960.0,3210720.0,0.75,0.694078947368421
1483,1483.0,1.0,160.0,43.0,117.0,26.5,38.0,10.0,28.0,27.0,5277976.0,1406696.0,2258416.0,594320.0,14.0,0.0,51.0,10.0,0.0,260.0,0.0,5e-05,20000000.0,52779760.0,14066960.0,22584160.0,5943200.0,0.73125,0.7368421052631579
1484,1484.0,1.0,160.0,43.0,117.0,26.61,38.0,10.0,28.0,27.0,5355000.0,1425952.0,2258416.0,594320.0,14.0,0.0,51.0,10.0,0.0,1380.0,0.0,5e-05,20000000.0,53550000.0,14259520.0,22584160.0,5943200.0,0.73125,0.7368421052631579
1485,1485.0,1.0,160.0,43.0,117.0,25.44,38.0,10.0,28.0,27.0,4807864.0,1289168.0,2258416.0,594320.0,14.0,0.0,51.0,10.0,0.0,3860.0,0.0,5e-05,20000000.0,48078640.0,12891680.0,22584160.0,5943200.0,0.73125,0.7368421052631579
1486,1486.0,1.0,320.0,82.0,238.0,23.9,171.0,47.0,124.0,24.96,1516280.0,381848.0,1410560.0,378808.0,4.0,0.0,51.0,10.0,0.0,4690.0,0.0,5e-05,20000000.0,15162800.0,3818480.0,14105600.0,3788080.0,0.74375,0.7251461988304093
1487,1487.0,1.0,320.0,93.0,227.0,24.83,304.0,80.0,224.0,27.0,415064.0,109824.0,1361920.0,358400.0,2.0,0.0,51.0,10.0,0.0,2860.0,0.0,5e-05,20000000.0,4150640.0,1098240.0,13619200.0,3584000.0,0.709375,0.7368421052631579
1488,1488.0,1.0,290.0,82.0,208.0,26.17,95.0,25.0,70.0,27.0,4644872.0,1266728.0,2320888.0,610760.0,7.0,0.0,51.0,10.0,0.0,1030.0,0.0,5e-05,20000000.0,46448720.0,12667280.0,23208880.0,6107600.0,0.7172413793103448,0.7368421052631579
1489,1489.0,1.0,160.0,45.0,115.0,26.22,38.0,10.0,28.0,27.0,5315728.0,1428680.0,2258416.0,594320.0,14.0,0.0,51.0,10.0,0.0,430.0,0.0,5e-05,20000000.0,53157280.0,14286800.0,22584160.0,5943200.0,0.71875,0.7368421052631579
1490,1490.0,1.0,160.0,43.0,117.0,25.33,38.0,10.0,28.0,27.0,4226968.0,1143944.0,2258416.0,594320.0,14.0,0.0,51.0,10.0,0.0,3560.0,0.0,5e-05,20000000.0,42269680.0,11439440.0,22584160.0,5943200.0,0.73125,0.7368421052631579
1491,1491.0,1.0,290.0,78.0,212.0,26.64,95.0,25.0,70.0,27.0,4781832.0,1280616.0,2320888.0,610760.0,7.0,0.0,51.0,10.0,0.0,940.0,0.0,5e-05,20000000.0,47818320.0,12806160.0,23208880.0,6107600.0,0.7310344827586207,0.7368421052631579
1492,1492.0,1.0,320.0,80.0,240.0,26.65,304.0,80.0,224.0,27.0,494080.0,123520.0,1361920.0,358400.0,2.0,0.0,51.0,10.0,0.0,290.0,0.0,5e-05,20000000.0,4940800.0,1235200.0,13619200.0,3584000.0,0.75,0.7368421052631579
1493,1493.0,1.0,320.0,80.0,240.0,23.78,171.0,56.0,115.0,21.96,1484672.0,371168.0,1184816.0,333576.0,4.0,0.0,51.0,10.0,0.0,3620.0,0.0,5e-05,20000000.0,14846720.0,3711680.0,11848160.0,3335760.0,0.75,0.672514619883041
1494,1494.0,1.0,320.0,84.0,236.0,24.33,171.0,49.0,122.0,24.49,1578752.0,404752.0,1496656.0,397568.0,4.0,0.0,51.0,10.0,0.0,4950.0,0.0,5e-05,20000000.0,15787520.0,4047520.0,14966560.0,3975680.0,0.7375,0.7134502923976608
1495,1495.0,1.0,320.0,80.0,240.0,22.7,304.0,106.0,198.0,22.18,378368.0,94592.0,1001368.0,283744.0,2.0,0.0,51.0,10.0,0.0,3620.0,0.0,5e-05,20000000.0,3783680.0,945920.0,10013680.0,2837440.0,0.75,0.6513157894736842
1496,1496.0,1.0,320.0,80.0,240.0,26.5,171.0,55.0,116.0,24.0,1942144.0,485536.0,1500184.0,395408.0,4.0,0.0,51.0,10.0,0.0,1310.0,0.0,5e-05,20000000.0,19421440.0,4855360.0,15001840.0,3954080.0,0.75,0.6783625730994152
1497,1497.0,1.0,320.0,112.0,208.0,6.76,171.0,65.0,106.0,3.51,343744.0,90720.0,67360.0,21568.0,4.0,0.0,51.0,10.0,0.0,4000.0,0.0,5e-05,20000000.0,3437440.0,907200.0,673600.0,215680.0,0.65,0.6198830409356725
1498,1498.0,1.0,290.0,80.0,210.0,25.67,95.0,28.0,67.0,25.58,4429352.0,1198392.0,2288040.0,628296.0,7.0,0.0,51.0,10.0,0.0,1690.0,0.0,5e-05,20000000.0,44293520.0,11983920.0,22880400.0,6282960.0,0.7241379310344828,0.7052631578947368
1499,1499.0,1.0,160.0,43.0,117.0,26.11,38.0,10.0,28.0,27.0,5121272.0,1367520.0,2258416.0,594320.0,14.0,0.0,51.0,10.0,0.0,2760.0,0.0,5e-05,20000000.0,51212720.0,13675200.0,22584160.0,5943200.0,0.73125,0.7368421052631579
1500,1500.0,1.0,320.0,85.0,235.0,25.15,171.0,45.0,126.0,27.0,1569008.0,399904.0,1975848.0,519960.0,4.0,0.0,51.0,10.0,0.0,4570.0,0.0,5e-05,20000000.0,15690080.0,3999040.0,19758480.0,5199600.0,0.734375,0.7368421052631579
1501,1501.0,1.0,290.0,78.0,212.0,25.47,95.0,25.0,70.0,27.0,4135336.0,1106152.0,2320888.0,610760.0,7.0,0.0,51.0,10.0,0.0,3570.0,0.0,5e-05,20000000.0,41353360.0,11061520.0,23208880.0,6107600.0,0.7310344827586207,0.7368421052631579
1502,1502.0,1.0,320.0,86.0,234.0,25.1,171.0,45.0,126.0,27.0,1617744.0,414616.0,1975848.0,519960.0,4.0,0.0,51.0,10.0,0.0,3270.0,0.0,5e-05,20000000.0,16177440.0,4146160.0,19758480.0,5199600.0,0.73125,0.7368421052631579
1503,1503.0,1.0,160.0,43.0,117.0,23.93,38.0,10.0,28.0,22.74,3919752.0,1013152.0,1452464.0,364048.0,14.0,0.0,51.0,10.0,0.0,3810.0,0.0,5e-05,20000000.0,39197520.0,10131520.0,14524640.0,3640480.0,0.73125,0.7368421052631579
1504,1504.0,1.0,290.0,78.0,212.0,24.31,95.0,25.0,70.0,25.58,3686152.0,1006696.0,1848216.0,492592.0,7.0,0.0,51.0,10.0,0.0,3820.0,0.0,5e-05,20000000.0,36861520.0,10066960.0,18482160.0,4925920.0,0.7310344827586207,0.7368421052631579
1505,1505.0,1.0,290.0,79.0,211.0,25.69,95.0,31.0,64.0,23.87,4326632.0,1146224.0,1998832.0,538624.0,7.0,0.0,51.0,10.0,0.0,1510.0,0.0,5e-05,20000000.0,43266320.0,11462240.0,19988320.0,5386240.0,0.7275862068965517,0.6736842105263158
1506,1506.0,1.0,320.0,80.0,240.0,26.5,171.0,45.0,126.0,27.0,1942144.0,485536.0,1975848.0,519960.0,4.0,0.0,51.0,10.0,0.0,1220.0,0.0,5e-05,20000000.0,19421440.0,4855360.0,19758480.0,5199600.0,0.75,0.7368421052631579
1507,1507.0,1.0,320.0,92.0,228.0,22.17,171.0,56.0,115.0,20.92,1262480.0,324512.0,1061904.0,285752.0,4.0,0.0,51.0,10.0,0.0,4090.0,0.0,5e-05,20000000.0,12624800.0,3245120.0,10619040.0,2857520.0,0.7125,0.672514619883041
1508,1508.0,1.0,320.0,80.0,240.0,26.41,171.0,45.0,126.0,27.0,1880192.0,470048.0,1975848.0,519960.0,4.0,0.0,51.0,10.0,0.0,170.0,0.0,5e-05,20000000.0,18801920.0,4700480.0,19758480.0,5199600.0,0.75,0.7368421052631579
1509,1509.0,1.0,320.0,80.0,240.0,26.65,304.0,80.0,224.0,27.0,494080.0,123520.0,1361920.0,358400.0,2.0,0.0,51.0,10.0,0.0,230.0,0.0,5e-05,20000000.0,4940800.0,1235200.0,13619200.0,3584000.0,0.75,0.7368421052631579
1510,1510.0,1.0,160.0,43.0,117.0,19.08,38.0,10.0,28.0,19.16,2975656.0,777128.0,991920.0,248912.0,14.0,0.0,51.0,10.0,0.0,4360.0,0.0,5e-05,20000000.0,29756560.0,7771280.0,9919200.0,2489120.0,0.73125,0.7368421052631579
1511,1511.0,1.0,160.0,43.0,117.0,23.21,38.0,10.0,28.0,21.32,3899680.0,1052328.0,1337328.0,364048.0,14.0,0.0,51.0,10.0,0.0,4400.0,0.0,5e-05,20000000.0,38996800.0,10523280.0,13373280.0,3640480.0,0.73125,0.7368421052631579
1512,1512.0,1.0,320.0,80.0,240.0,26.3,304.0,98.0,206.0,23.84,494080.0,123520.0,1083904.0,308720.0,2.0,0.0,51.0,10.0,0.0,3730.0,0.0,5e-05,20000000.0,4940800.0,1235200.0,10839040.0,3087200.0,0.75,0.6776315789473685
1513,1513.0,1.0,290.0,91.0,199.0,20.06,95.0,29.0,66.0,22.19,3104552.0,824720.0,1890680.0,497024.0,7.0,0.0,51.0,10.0,0.0,2120.0,0.0,5e-05,20000000.0,31045520.0,8247200.0,18906800.0,4970240.0,0.6862068965517242,0.6947368421052632
1514,1514.0,1.0,160.0,43.0,117.0,22.83,38.0,10.0,28.0,22.84,3919752.0,1013152.0,1452464.0,364048.0,14.0,0.0,51.0,10.0,0.0,4390.0,0.0,5e-05,20000000.0,39197520.0,10131520.0,14524640.0,3640480.0,0.73125,0.7368421052631579
1515,1515.0,1.0,290.0,80.0,210.0,25.46,95.0,25.0,70.0,27.0,3977672.0,1089752.0,2320888.0,610760.0,7.0,0.0,51.0,10.0,0.0,2070.0,0.0,5e-05,20000000.0,39776720.0,10897520.0,23208880.0,6107600.0,0.7241379310344828,0.7368421052631579
1516,1516.0,1.0,320.0,88.0,232.0,24.53,171.0,55.0,116.0,21.05,1691728.0,437520.0,1126440.0,298464.0,4.0,0.0,51.0,10.0,0.0,3020.0,0.0,5e-05,20000000.0,16917280.0,4375200.0,11264400.0,2984640.0,0.725,0.6783625730994152
1517,1517.0,1.0,290.0,78.0,212.0,25.1,95.0,25.0,70.0,27.0,3789352.0,1019656.0,2320888.0,610760.0,7.0,0.0,51.0,10.0,0.0,3580.0,0.0,5e-05,20000000.0,37893520.0,10196560.0,23208880.0,6107600.0,0.7310344827586207,0.7368421052631579
1518,1518.0,1.0,320.0,80.0,240.0,26.65,304.0,80.0,224.0,27.0,494080.0,123520.0,1361920.0,358400.0,2.0,0.0,51.0,10.0,0.0,440.0,0.0,5e-05,20000000.0,4940800.0,1235200.0,13619200.0,3584000.0,0.75,0.7368421052631579
1519,1519.0,1.0,320.0,91.0,229.0,22.18,171.0,49.0,122.0,22.16,1473616.0,390672.0,1019808.0,287368.0,4.0,0.0,51.0,10.0,0.0,4340.0,0.0,5e-05,20000000.0,14736160.0,3906720.0,10198080.0,2873680.0,0.715625,0.7134502923976608
1520,1520.0,1.0,160.0,45.0,115.0,26.31,38.0,10.0,28.0,27.0,5315728.0,1428680.0,2258416.0,594320.0,14.0,0.0,51.0,10.0,0.0,1230.0,0.0,5e-05,20000000.0,53157280.0,14286800.0,22584160.0,5943200.0,0.71875,0.7368421052631579
1521,1521.0,1.0,160.0,43.0,117.0,26.16,38.0,10.0,28.0,27.0,5121624.0,1367608.0,2258416.0,594320.0,14.0,0.0,51.0,10.0,0.0,1190.0,0.0,5e-05,20000000.0,51216240.0,13676080.0,22584160.0,5943200.0,0.73125,0.7368421052631579
1522,1522.0,1.0,160.0,45.0,115.0,23.87,38.0,10.0,28.0,23.55,4315288.0,1134376.0,1682736.0,421616.0,14.0,0.0,51.0,10.0,0.0,1420.0,0.0,5e-05,20000000.0,43152880.0,11343760.0,16827360.0,4216160.0,0.71875,0.7368421052631579
1523,1523.0,1.0,290.0,78.0,212.0,26.02,95.0,25.0,70.0,27.0,4525512.0,1190856.0,2320888.0,610760.0,7.0,0.0,51.0,10.0,0.0,2290.0,0.0,5e-05,20000000.0,45255120.0,11908560.0,23208880.0,6107600.0,0.7310344827586207,0.7368421052631579
1524,1524.0,1.0,320.0,80.0,240.0,26.23,171.0,53.0,118.0,25.58,1942144.0,485536.0,1699280.0,473296.0,4.0,0.0,51.0,10.0,0.0,1370.0,0.0,5e-05,20000000.0,19421440.0,4855360.0,16992800.0,4732960.0,0.75,0.6900584795321637
1525,1525.0,1.0,160.0,43.0,117.0,19.03,38.0,10.0,28.0,18.47,2860064.0,758024.0,991920.0,248912.0,14.0,0.0,51.0,10.0,0.0,4840.0,0.0,5e-05,20000000.0,28600640.0,7580240.0,9919200.0,2489120.0,0.73125,0.7368421052631579
1526,1526.0,1.0,320.0,93.0,227.0,24.74,304.0,80.0,224.0,27.0,408632.0,108216.0,1361920.0,358400.0,2.0,0.0,51.0,10.0,0.0,3440.0,0.0,5e-05,20000000.0,4086320.0,1082160.0,13619200.0,3584000.0,0.709375,0.7368421052631579
1527,1527.0,1.0,290.0,78.0,212.0,26.64,95.0,25.0,70.0,27.0,4781832.0,1280616.0,2320888.0,610760.0,7.0,0.0,51.0,10.0,0.0,490.0,0.0,5e-05,20000000.0,47818320.0,12806160.0,23208880.0,6107600.0,0.7310344827586207,0.7368421052631579
1528,1528.0,1.0,320.0,90.0,230.0,24.41,304.0,80.0,224.0,27.0,368432.0,96768.0,1361920.0,358400.0,2.0,0.0,51.0,10.0,0.0,4870.0,0.0,5e-05,20000000.0,3684320.0,967680.0,13619200.0,3584000.0,0.71875,0.7368421052631579
1529,1529.0,1.0,290.0,79.0,211.0,25.54,95.0,31.0,64.0,23.33,4388072.0,1161584.0,2025088.0,538624.0,7.0,0.0,51.0,10.0,0.0,1800.0,0.0,5e-05,20000000.0,43880720.0,11615840.0,20250880.0,5386240.0,0.7275862068965517,0.6736842105263158
1530,1530.0,1.0,320.0,89.0,231.0,23.47,171.0,51.0,120.0,19.4,1614696.0,432672.0,929368.0,251960.0,4.0,0.0,51.0,10.0,0.0,4020.0,0.0,5e-05,20000000.0,16146960.0,4326720.0,9293680.0,2519600.0,0.721875,0.7017543859649122
1531,1531.0,1.0,290.0,79.0,211.0,16.1,95.0,26.0,69.0,18.16,2272232.0,632624.0,1237344.0,337248.0,7.0,0.0,51.0,10.0,0.0,3410.0,0.0,5e-05,20000000.0,22722320.0,6326240.0,12373440.0,3372480.0,0.7275862068965517,0.7263157894736842
1532,1532.0,1.0,160.0,43.0,117.0,25.95,38.0,10.0,28.0,25.63,4967352.0,1329040.0,1806768.0,481408.0,14.0,0.0,51.0,10.0,0.0,900.0,0.0,5e-05,20000000.0,49673520.0,13290400.0,18067680.0,4814080.0,0.73125,0.7368421052631579
1533,1533.0,1.0,320.0,96.0,224.0,23.95,304.0,89.0,215.0,25.58,407248.0,110072.0,1201192.0,329216.0,2.0,0.0,51.0,10.0,0.0,3090.0,0.0,5e-05,20000000.0,4072480.0,1100720.0,12011920.0,3292160.0,0.7,0.7072368421052632
1534,1534.0,1.0,320.0,80.0,240.0,26.56,171.0,45.0,126.0,27.0,1942144.0,485536.0,1975848.0,519960.0,4.0,0.0,51.0,10.0,0.0,540.0,0.0,5e-05,20000000.0,19421440.0,4855360.0,19758480.0,5199600.0,0.75,0.7368421052631579
1535,1535.0,1.0,320.0,80.0,240.0,26.56,171.0,45.0,126.0,27.0,1942144.0,485536.0,1975848.0,519960.0,4.0,0.0,51.0,10.0,0.0,390.0,0.0,5e-05,20000000.0,19421440.0,4855360.0,19758480.0,5199600.0,0.75,0.7368421052631579
1536,1536.0,1.0,320.0,80.0,240.0,26.6,304.0,80.0,224.0,27.0,487424.0,121856.0,1361920.0,358400.0,2.0,0.0,51.0,10.0,0.0,1740.0,0.0,5e-05,20000000.0,4874240.0,1218560.0,13619200.0,3584000.0,0.75,0.7368421052631579
1537,1537.0,1.0,160.0,43.0,117.0,26.48,38.0,10.0,28.0,27.0,5198296.0,1386776.0,2258416.0,594320.0,14.0,0.0,51.0,10.0,0.0,1270.0,0.0,5e-05,20000000.0,51982960.0,13867760.0,22584160.0,5943200.0,0.73125,0.7368421052631579
1538,1538.0,1.0,320.0,80.0,240.0,26.65,304.0,91.0,213.0,25.17,494080.0,123520.0,1240288.0,338176.0,2.0,0.0,51.0,10.0,0.0,1410.0,0.0,5e-05,20000000.0,4940800.0,1235200.0,12402880.0,3381760.0,0.75,0.7006578947368421
1539,1539.0,1.0,160.0,43.0,117.0,26.48,38.0,10.0,28.0,27.0,5315824.0,1386776.0,2258416.0,594320.0,14.0,0.0,51.0,10.0,0.0,3990.0,0.0,5e-05,20000000.0,53158240.0,13867760.0,22584160.0,5943200.0,0.73125,0.7368421052631579
1540,1540.0,1.0,290.0,78.0,212.0,25.39,95.0,25.0,70.0,25.58,4199752.0,1109416.0,1848216.0,492592.0,7.0,0.0,51.0,10.0,0.0,3370.0,0.0,5e-05,20000000.0,41997520.0,11094160.0,18482160.0,4925920.0,0.7310344827586207,0.7368421052631579
1541,1541.0,1.0,160.0,43.0,117.0,24.72,38.0,10.0,28.0,24.47,4100760.0,1112392.0,1797872.0,479184.0,14.0,0.0,51.0,10.0,0.0,2740.0,0.0,5e-05,20000000.0,41007600.0,11123920.0,17978720.0,4791840.0,0.73125,0.7368421052631579
1542,1542.0,1.0,160.0,43.0,117.0,26.39,38.0,10.0,28.0,27.0,5198296.0,1386776.0,2258416.0,594320.0,14.0,0.0,51.0,10.0,0.0,280.0,0.0,5e-05,20000000.0,51982960.0,13867760.0,22584160.0,5943200.0,0.73125,0.7368421052631579
1543,1543.0,1.0,320.0,80.0,240.0,26.65,304.0,80.0,224.0,27.0,494080.0,123520.0,1361920.0,358400.0,2.0,0.0,51.0,10.0,0.0,890.0,0.0,5e-05,20000000.0,4940800.0,1235200.0,13619200.0,3584000.0,0.75,0.7368421052631579
1544,1544.0,1.0,320.0,80.0,240.0,26.56,171.0,51.0,120.0,25.58,1942144.0,485536.0,1692296.0,464336.0,4.0,0.0,51.0,10.0,0.0,1770.0,0.0,5e-05,20000000.0,19421440.0,4855360.0,16922960.0,4643360.0,0.75,0.7017543859649122
1545,1545.0,1.0,160.0,43.0,117.0,7.49,38.0,10.0,28.0,4.42,966640.0,245056.0,70832.0,18640.0,14.0,0.0,51.0,10.0,0.0,2000.0,0.0,5e-05,20000000.0,9666400.0,2450560.0,708320.0,186400.0,0.73125,0.7368421052631579
1546,1546.0,1.0,320.0,91.0,229.0,20.8,171.0,51.0,120.0,17.45,1157232.0,304520.0,961248.0,257712.0,4.0,0.0,51.0,10.0,0.0,4550.0,0.0,5e-05,20000000.0,11572320.0,3045200.0,9612480.0,2577120.0,0.715625,0.7017543859649122
1547,1547.0,1.0,320.0,103.0,217.0,21.8,171.0,59.0,112.0,22.23,1279688.0,338248.0,1261928.0,356816.0,4.0,0.0,51.0,10.0,0.0,2910.0,0.0,5e-05,20000000.0,12796880.0,3382480.0,12619280.0,3568160.0,0.678125,0.6549707602339181
1548,1548.0,1.0,290.0,79.0,211.0,26.4,95.0,25.0,70.0,27.0,4686152.0,1248944.0,2320888.0,610760.0,7.0,0.0,51.0,10.0,0.0,810.0,0.0,5e-05,20000000.0,46861520.0,12489440.0,23208880.0,6107600.0,0.7275862068965517,0.7368421052631579
1549,1549.0,1.0,320.0,91.0,229.0,25.25,304.0,108.0,196.0,22.5,437576.0,114520.0,1018744.0,284016.0,2.0,0.0,51.0,10.0,0.0,2400.0,0.0,5e-05,20000000.0,4375760.0,1145200.0,10187440.0,2840160.0,0.715625,0.6447368421052632
1550,1550.0,1.0,320.0,80.0,240.0,26.48,171.0,45.0,126.0,27.0,1915904.0,478976.0,1975848.0,519960.0,4.0,0.0,51.0,10.0,0.0,140.0,0.0,5e-05,20000000.0,19159040.0,4789760.0,19758480.0,5199600.0,0.75,0.7368421052631579
1551,1551.0,1.0,320.0,95.0,225.0,23.94,304.0,91.0,213.0,25.58,405640.0,108400.0,1227256.0,338176.0,2.0,0.0,51.0,10.0,0.0,3350.0,0.0,5e-05,20000000.0,4056400.0,1084000.0,12272560.0,3381760.0,0.703125,0.7006578947368421
1552,1552.0,1.0,320.0,107.0,213.0,21.32,304.0,98.0,206.0,22.77,375088.0,105952.0,1092592.0,308720.0,2.0,0.0,51.0,10.0,0.0,3710.0,0.0,5e-05,20000000.0,3750880.0,1059520.0,10925920.0,3087200.0,0.665625,0.6776315789473685
1553,1553.0,1.0,320.0,80.0,240.0,26.6,304.0,90.0,214.0,23.89,487424.0,121856.0,1118656.0,303288.0,2.0,0.0,51.0,10.0,0.0,4880.0,0.0,5e-05,20000000.0,4874240.0,1218560.0,11186560.0,3032880.0,0.75,0.7039473684210527
1554,1554.0,1.0,160.0,43.0,117.0,25.82,38.0,10.0,28.0,27.0,4697080.0,1261472.0,2258416.0,594320.0,14.0,0.0,51.0,10.0,0.0,2320.0,0.0,5e-05,20000000.0,46970800.0,12614720.0,22584160.0,5943200.0,0.73125,0.7368421052631579
1555,1555.0,1.0,290.0,78.0,212.0,22.6,95.0,25.0,70.0,21.02,3788872.0,972456.0,1493712.0,374424.0,7.0,0.0,51.0,10.0,0.0,4040.0,0.0,5e-05,20000000.0,37888720.0,9724560.0,14937120.0,3744240.0,0.7310344827586207,0.7368421052631579
1556,1556.0,1.0,320.0,90.0,230.0,23.05,171.0,48.0,123.0,25.02,1301624.0,343504.0,1636784.0,441800.0,4.0,0.0,51.0,10.0,0.0,3960.0,0.0,5e-05,20000000.0,13016240.0,3435040.0,16367840.0,4418000.0,0.71875,0.7192982456140351
1557,1557.0,1.0,160.0,43.0,117.0,26.44,38.0,10.0,28.0,27.0,5335800.0,1427752.0,2258416.0,594320.0,14.0,0.0,51.0,10.0,0.0,950.0,0.0,5e-05,20000000.0,53358000.0,14277520.0,22584160.0,5943200.0,0.73125,0.7368421052631579
1558,1558.0,1.0,290.0,78.0,212.0,25.69,95.0,25.0,70.0,27.0,4200232.0,1122376.0,2320888.0,610760.0,7.0,0.0,51.0,10.0,0.0,4160.0,0.0,5e-05,20000000.0,42002320.0,11223760.0,23208880.0,6107600.0,0.7310344827586207,0.7368421052631579
1559,1559.0,1.0,160.0,43.0,117.0,21.36,38.0,10.0,28.0,21.32,3723872.0,934800.0,1452464.0,364048.0,14.0,0.0,51.0,10.0,0.0,3040.0,0.0,5e-05,20000000.0,37238720.0,9348000.0,14524640.0,3640480.0,0.73125,0.7368421052631579
1560,1560.0,1.0,320.0,89.0,231.0,24.0,304.0,92.0,212.0,22.9,429760.0,111232.0,1088248.0,281840.0,2.0,0.0,51.0,10.0,0.0,4820.0,0.0,5e-05,20000000.0,4297600.0,1112320.0,10882480.0,2818400.0,0.721875,0.6973684210526315
1561,1561.0,1.0,160.0,44.0,116.0,24.03,38.0,10.0,28.0,22.74,4493200.0,1211648.0,1797872.0,479184.0,14.0,0.0,51.0,10.0,0.0,2460.0,0.0,5e-05,20000000.0,44932000.0,12116480.0,17978720.0,4791840.0,0.725,0.7368421052631579
1562,1562.0,1.0,290.0,83.0,207.0,26.17,95.0,29.0,66.0,25.58,4696232.0,1284656.0,2259632.0,628304.0,7.0,0.0,51.0,10.0,0.0,530.0,0.0,5e-05,20000000.0,46962320.0,12846560.0,22596320.0,6283040.0,0.7137931034482758,0.6947368421052632
1563,1563.0,1.0,320.0,80.0,240.0,26.5,171.0,45.0,126.0,27.0,1942144.0,485536.0,1975848.0,519960.0,4.0,0.0,51.0,10.0,0.0,130.0,0.0,5e-05,20000000.0,19421440.0,4855360.0,19758480.0,5199600.0,0.75,0.7368421052631579
1564,1564.0,1.0,320.0,80.0,240.0,26.21,171.0,56.0,115.0,21.64,1942144.0,485536.0,969824.0,294552.0,4.0,0.0,51.0,10.0,0.0,3360.0,0.0,5e-05,20000000.0,19421440.0,4855360.0,9698240.0,2945520.0,0.75,0.672514619883041
1565,1565.0,1.0,160.0,43.0,117.0,26.31,38.0,10.0,28.0,27.0,5198296.0,1386776.0,2258416.0,594320.0,14.0,0.0,51.0,10.0,0.0,1220.0,0.0,5e-05,20000000.0,51982960.0,13867760.0,22584160.0,5943200.0,0.73125,0.7368421052631579
1566,1566.0,1.0,290.0,81.0,209.0,26.17,95.0,29.0,66.0,25.58,4644872.0,1248800.0,2259632.0,628304.0,7.0,0.0,51.0,10.0,0.0,1060.0,0.0,5e-05,20000000.0,46448720.0,12488000.0,22596320.0,6283040.0,0.7206896551724138,0.6947368421052632
1567,1567.0,1.0,320.0,80.0,240.0,26.65,304.0,80.0,224.0,27.0,494080.0,123520.0,1361920.0,358400.0,2.0,0.0,51.0,10.0,0.0,90.0,0.0,5e-05,20000000.0,4940800.0,1235200.0,13619200.0,3584000.0,0.75,0.7368421052631579
1568,1568.0,1.0,320.0,86.0,234.0,25.12,171.0,53.0,118.0,21.41,1617584.0,414576.0,1235528.0,332280.0,4.0,0.0,51.0,10.0,0.0,3930.0,0.0,5e-05,20000000.0,16175840.0,4145760.0,12355280.0,3322800.0,0.73125,0.6900584795321637
1569,1569.0,1.0,320.0,101.0,219.0,23.75,171.0,53.0,118.0,24.95,1451888.0,398056.0,1637376.0,456808.0,4.0,0.0,51.0,10.0,0.0,2130.0,0.0,5e-05,20000000.0,14518880.0,3980560.0,16373760.0,4568080.0,0.684375,0.6900584795321637
1570,1570.0,1.0,320.0,103.0,217.0,21.46,304.0,103.0,201.0,21.32,358784.0,97600.0,918832.0,248584.0,2.0,0.0,51.0,10.0,0.0,4220.0,0.0,5e-05,20000000.0,3587840.0,976000.0,9188320.0,2485840.0,0.678125,0.6611842105263158
1571,1571.0,1.0,290.0,79.0,211.0,26.36,95.0,25.0,70.0,27.0,4747592.0,1264304.0,2320888.0,610760.0,7.0,0.0,51.0,10.0,0.0,1160.0,0.0,5e-05,20000000.0,47475920.0,12643040.0,23208880.0,6107600.0,0.7275862068965517,0.7368421052631579
1572,1572.0,1.0,160.0,43.0,117.0,23.48,38.0,10.0,28.0,21.32,4058320.0,1072400.0,1337328.0,364048.0,14.0,0.0,51.0,10.0,0.0,3700.0,0.0,5e-05,20000000.0,40583200.0,10724000.0,13373280.0,3640480.0,0.73125,0.7368421052631579
1573,1573.0,1.0,160.0,43.0,117.0,25.66,38.0,10.0,28.0,27.0,4697080.0,1261472.0,2258416.0,594320.0,14.0,0.0,51.0,10.0,0.0,2220.0,0.0,5e-05,20000000.0,46970800.0,12614720.0,22584160.0,5943200.0,0.73125,0.7368421052631579
1574,1574.0,1.0,160.0,43.0,117.0,26.26,38.0,10.0,28.0,25.58,4841224.0,1287520.0,1797872.0,479184.0,14.0,0.0,51.0,10.0,0.0,1590.0,0.0,5e-05,20000000.0,48412240.0,12875200.0,17978720.0,4791840.0,0.73125,0.7368421052631579
1575,1575.0,1.0,160.0,43.0,117.0,22.68,38.0,10.0,28.0,22.74,3504400.0,913896.0,1337328.0,364048.0,14.0,0.0,51.0,10.0,0.0,4250.0,0.0,5e-05,20000000.0,35044000.0,9138960.0,13373280.0,3640480.0,0.73125,0.7368421052631579
1576,1576.0,1.0,290.0,78.0,212.0,26.64,95.0,25.0,70.0,27.0,4781832.0,1280616.0,2320888.0,610760.0,7.0,0.0,51.0,10.0,0.0,330.0,0.0,5e-05,20000000.0,47818320.0,12806160.0,23208880.0,6107600.0,0.7310344827586207,0.7368421052631579
1577,1577.0,1.0,320.0,94.0,226.0,25.3,304.0,80.0,224.0,27.0,458704.0,121200.0,1361920.0,358400.0,2.0,0.0,51.0,10.0,0.0,1150.0,0.0,5e-05,20000000.0,4587040.0,1212000.0,13619200.0,3584000.0,0.70625,0.7368421052631579
1578,1578.0,1.0,160.0,43.0,117.0,22.48,38.0,10.0,28.0,21.32,3742976.0,1013152.0,1337328.0,364048.0,14.0,0.0,51.0,10.0,0.0,4090.0,0.0,5e-05,20000000.0,37429760.0,10131520.0,13373280.0,3640480.0,0.73125,0.7368421052631579
1579,1579.0,1.0,160.0,43.0,117.0,22.44,38.0,10.0,28.0,22.84,3288448.0,874720.0,1452464.0,364048.0,14.0,0.0,51.0,10.0,0.0,4260.0,0.0,5e-05,20000000.0,32884480.0,8747200.0,14524640.0,3640480.0,0.73125,0.7368421052631579
1580,1580.0,1.0,160.0,43.0,117.0,24.24,38.0,10.0,28.0,25.58,3842728.0,993896.0,1913008.0,479184.0,14.0,0.0,51.0,10.0,0.0,2490.0,0.0,5e-05,20000000.0,38427280.0,9938960.0,19130080.0,4791840.0,0.73125,0.7368421052631579
1581,1581.0,1.0,290.0,82.0,208.0,25.62,95.0,30.0,65.0,25.01,4353832.0,1181128.0,2045576.0,575800.0,7.0,0.0,51.0,10.0,0.0,1300.0,0.0,5e-05,20000000.0,43538320.0,11811280.0,20455760.0,5758000.0,0.7172413793103448,0.6842105263157895
1582,1582.0,1.0,290.0,78.0,212.0,23.51,95.0,26.0,69.0,22.49,3429352.0,903976.0,1443872.0,388880.0,7.0,0.0,51.0,10.0,0.0,3250.0,0.0,5e-05,20000000.0,34293520.0,9039760.0,14438720.0,3888800.0,0.7310344827586207,0.7263157894736842
1583,1583.0,1.0,320.0,80.0,240.0,26.21,171.0,55.0,116.0,23.71,1942144.0,485536.0,1378888.0,368120.0,4.0,0.0,51.0,10.0,0.0,2050.0,0.0,5e-05,20000000.0,19421440.0,4855360.0,13788880.0,3681200.0,0.75,0.6783625730994152
1584,1584.0,1.0,320.0,89.0,231.0,25.25,304.0,80.0,224.0,27.0,427928.0,111176.0,1361920.0,358400.0,2.0,0.0,51.0,10.0,0.0,2790.0,0.0,5e-05,20000000.0,4279280.0,1111760.0,13619200.0,3584000.0,0.721875,0.7368421052631579
1585,1585.0,1.0,320.0,83.0,237.0,24.28,171.0,50.0,121.0,22.49,1569760.0,396560.0,1171624.0,305992.0,4.0,0.0,51.0,10.0,0.0,4830.0,0.0,5e-05,20000000.0,15697600.0,3965600.0,11716240.0,3059920.0,0.740625,0.7076023391812866
1586,1586.0,1.0,290.0,78.0,212.0,21.4,95.0,26.0,69.0,21.42,2837192.0,734536.0,1519968.0,401568.0,7.0,0.0,51.0,10.0,0.0,4200.0,0.0,5e-05,20000000.0,28371920.0,7345360.0,15199680.0,4015680.0,0.7310344827586207,0.7263157894736842
1587,1587.0,1.0,290.0,78.0,212.0,26.64,95.0,25.0,70.0,27.0,4781832.0,1280616.0,2320888.0,610760.0,7.0,0.0,51.0,10.0,0.0,350.0,0.0,5e-05,20000000.0,47818320.0,12806160.0,23208880.0,6107600.0,0.7310344827586207,0.7368421052631579
1588,1588.0,1.0,320.0,95.0,225.0,23.87,304.0,80.0,224.0,27.0,405416.0,108344.0,1361920.0,358400.0,2.0,0.0,51.0,10.0,0.0,4990.0,0.0,5e-05,20000000.0,4054160.0,1083440.0,13619200.0,3584000.0,0.703125,0.7368421052631579
1589,1589.0,1.0,160.0,43.0,117.0,26.5,38.0,10.0,28.0,27.0,5078216.0,1346768.0,2258416.0,594320.0,14.0,0.0,51.0,10.0,0.0,20.0,0.0,5e-05,20000000.0,50782160.0,13467680.0,22584160.0,5943200.0,0.73125,0.7368421052631579
1590,1590.0,1.0,320.0,80.0,240.0,26.6,304.0,80.0,224.0,27.0,487424.0,121856.0,1361920.0,358400.0,2.0,0.0,51.0,10.0,0.0,20.0,0.0,5e-05,20000000.0,4874240.0,1218560.0,13619200.0,3584000.0,0.75,0.7368421052631579
1591,1591.0,1.0,160.0,46.0,114.0,25.32,38.0,10.0,28.0,27.0,4709344.0,1253648.0,2258416.0,594320.0,14.0,0.0,51.0,10.0,0.0,790.0,0.0,5e-05,20000000.0,47093440.0,12536480.0,22584160.0,5943200.0,0.7125,0.7368421052631579
1592,1592.0,1.0,320.0,80.0,240.0,26.65,304.0,80.0,224.0,27.0,494080.0,123520.0,1361920.0,358400.0,2.0,0.0,51.0,10.0,0.0,1280.0,0.0,5e-05,20000000.0,4940800.0,1235200.0,13619200.0,3584000.0,0.75,0.7368421052631579
1593,1593.0,1.0,160.0,43.0,117.0,26.39,38.0,10.0,28.0,27.0,5198296.0,1386776.0,2258416.0,594320.0,14.0,0.0,51.0,10.0,0.0,510.0,0.0,5e-05,20000000.0,51982960.0,13867760.0,22584160.0,5943200.0,0.73125,0.7368421052631579
1594,1594.0,1.0,160.0,43.0,117.0,21.75,38.0,10.0,28.0,22.84,3390392.0,895624.0,1337328.0,364048.0,14.0,0.0,51.0,10.0,0.0,4370.0,0.0,5e-05,20000000.0,33903920.0,8956240.0,13373280.0,3640480.0,0.73125,0.7368421052631579
1595,1595.0,1.0,160.0,43.0,117.0,26.48,38.0,10.0,28.0,27.0,5198296.0,1386776.0,2258416.0,594320.0,14.0,0.0,51.0,10.0,0.0,1440.0,0.0,5e-05,20000000.0,51982960.0,13867760.0,22584160.0,5943200.0,0.73125,0.7368421052631579
1596,1596.0,1.0,290.0,81.0,209.0,24.55,95.0,26.0,69.0,24.18,3881512.0,1045120.0,2025480.0,547752.0,7.0,0.0,51.0,10.0,0.0,2730.0,0.0,5e-05,20000000.0,38815120.0,10451200.0,20254800.0,5477520.0,0.7206896551724138,0.7263157894736842
1597,1597.0,1.0,320.0,103.0,217.0,22.89,304.0,99.0,205.0,22.11,386344.0,99264.0,997024.0,256728.0,2.0,0.0,51.0,10.0,0.0,3250.0,0.0,5e-05,20000000.0,3863440.0,992640.0,9970240.0,2567280.0,0.678125,0.6743421052631579
1598,1598.0,1.0,320.0,80.0,240.0,26.2,304.0,94.0,210.0,25.58,487424.0,121856.0,1266352.0,351616.0,2.0,0.0,51.0,10.0,0.0,670.0,0.0,5e-05,20000000.0,4874240.0,1218560.0,12663520.0,3516160.0,0.75,0.6907894736842105
1599,1599.0,1.0,290.0,80.0,210.0,23.89,95.0,28.0,67.0,24.21,3932872.0,1044312.0,2021960.0,548648.0,7.0,0.0,51.0,10.0,0.0,2540.0,0.0,5e-05,20000000.0,39328720.0,10443120.0,20219600.0,5486480.0,0.7241379310344828,0.7052631578947368
1600,1600.0,1.0,320.0,88.0,232.0,24.95,304.0,111.0,193.0,18.56,429760.0,111168.0,758104.0,206232.0,2.0,0.0,51.0,10.0,0.0,3720.0,0.0,5e-05,20000000.0,4297600.0,1111680.0,7581040.0,2062320.0,0.725,0.6348684210526315
1601,1601.0,1.0,160.0,43.0,117.0,25.49,38.0,10.0,28.0,27.0,4226968.0,1143944.0,2258416.0,594320.0,14.0,0.0,51.0,10.0,0.0,2070.0,0.0,5e-05,20000000.0,42269680.0,11439440.0,22584160.0,5943200.0,0.73125,0.7368421052631579
1602,1602.0,1.0,320.0,80.0,240.0,26.65,304.0,80.0,224.0,27.0,494080.0,123520.0,1361920.0,358400.0,2.0,0.0,51.0,10.0,0.0,880.0,0.0,5e-05,20000000.0,4940800.0,1235200.0,13619200.0,3584000.0,0.75,0.7368421052631579
1603,1603.0,1.0,320.0,119.0,201.0,21.55,304.0,102.0,202.0,23.3,366824.0,98624.0,1062184.0,291888.0,2.0,0.0,51.0,10.0,0.0,2480.0,0.0,5e-05,20000000.0,3668240.0,986240.0,10621840.0,2918880.0,0.628125,0.6644736842105263
1604,1604.0,1.0,320.0,80.0,240.0,26.65,304.0,100.0,204.0,23.45,494080.0,123520.0,1136032.0,291616.0,2.0,0.0,51.0,10.0,0.0,1830.0,0.0,5e-05,20000000.0,4940800.0,1235200.0,11360320.0,2916160.0,0.75,0.6710526315789473
1605,1605.0,1.0,320.0,80.0,240.0,26.65,304.0,80.0,224.0,27.0,494080.0,123520.0,1361920.0,358400.0,2.0,0.0,51.0,10.0,0.0,120.0,0.0,5e-05,20000000.0,4940800.0,1235200.0,13619200.0,3584000.0,0.75,0.7368421052631579
1606,1606.0,1.0,320.0,80.0,240.0,26.5,171.0,45.0,126.0,27.0,1915904.0,478976.0,1975848.0,519960.0,4.0,0.0,51.0,10.0,0.0,30.0,0.0,5e-05,20000000.0,19159040.0,4789760.0,19758480.0,5199600.0,0.75,0.7368421052631579
1607,1607.0,1.0,320.0,80.0,240.0,26.6,304.0,88.0,216.0,24.92,487424.0,121856.0,1196848.0,324736.0,2.0,0.0,51.0,10.0,0.0,2820.0,0.0,5e-05,20000000.0,4874240.0,1218560.0,11968480.0,3247360.0,0.75,0.7105263157894737
1608,1608.0,1.0,320.0,80.0,240.0,26.65,304.0,95.0,209.0,25.58,494080.0,123520.0,1283728.0,356096.0,2.0,0.0,51.0,10.0,0.0,1390.0,0.0,5e-05,20000000.0,4940800.0,1235200.0,12837280.0,3560960.0,0.75,0.6875
1609,1609.0,1.0,320.0,80.0,240.0,26.48,171.0,47.0,124.0,24.32,1915904.0,478976.0,1211648.0,331576.0,4.0,0.0,51.0,10.0,0.0,4470.0,0.0,5e-05,20000000.0,19159040.0,4789760.0,12116480.0,3315760.0,0.75,0.7251461988304093
1610,1610.0,1.0,290.0,78.0,212.0,23.39,95.0,25.0,70.0,21.44,3686152.0,972456.0,1493712.0,374424.0,7.0,0.0,51.0,10.0,0.0,4650.0,0.0,5e-05,20000000.0,36861520.0,9724560.0,14937120.0,3744240.0,0.7310344827586207,0.7368421052631579
1611,1611.0,1.0,290.0,80.0,210.0,26.27,95.0,25.0,70.0,27.0,4661992.0,1247992.0,2320888.0,610760.0,7.0,0.0,51.0,10.0,0.0,1860.0,0.0,5e-05,20000000.0,46619920.0,12479920.0,23208880.0,6107600.0,0.7241379310344828,0.7368421052631579
1612,1612.0,1.0,320.0,96.0,224.0,22.72,171.0,53.0,118.0,23.71,1333280.0,348488.0,1344320.0,358864.0,4.0,0.0,51.0,10.0,0.0,3220.0,0.0,5e-05,20000000.0,13332800.0,3484880.0,13443200.0,3588640.0,0.7,0.6900584795321637
1613,1613.0,1.0,160.0,43.0,117.0,21.78,38.0,10.0,28.0,20.0,4017208.0,1052328.0,1337328.0,364048.0,14.0,0.0,51.0,10.0,0.0,4030.0,0.0,5e-05,20000000.0,40172080.0,10523280.0,13373280.0,3640480.0,0.73125,0.7368421052631579
1614,1614.0,1.0,320.0,91.0,229.0,24.59,171.0,45.0,126.0,27.0,1538920.0,400488.0,1975848.0,519960.0,4.0,0.0,51.0,10.0,0.0,3160.0,0.0,5e-05,20000000.0,15389200.0,4004880.0,19758480.0,5199600.0,0.715625,0.7368421052631579
1615,1615.0,1.0,320.0,90.0,230.0,21.63,171.0,53.0,118.0,20.87,1244368.0,325376.0,1093328.0,283864.0,4.0,0.0,51.0,10.0,0.0,4210.0,0.0,5e-05,20000000.0,12443680.0,3253760.0,10933280.0,2838640.0,0.71875,0.6900584795321637
1616,1616.0,1.0,290.0,78.0,212.0,20.95,95.0,26.0,69.0,17.69,3333672.0,871496.0,1078048.0,271168.0,7.0,0.0,51.0,10.0,0.0,4780.0,0.0,5e-05,20000000.0,33336720.0,8714960.0,10780480.0,2711680.0,0.7310344827586207,0.7263157894736842
1617,1617.0,1.0,320.0,101.0,219.0,22.09,304.0,115.0,189.0,17.27,397600.0,105568.0,688600.0,193744.0,2.0,0.0,51.0,10.0,0.0,3750.0,0.0,5e-05,20000000.0,3976000.0,1055680.0,6886000.0,1937440.0,0.684375,0.6217105263157895
1618,1618.0,1.0,160.0,44.0,116.0,24.48,38.0,10.0,28.0,27.0,4069008.0,1105600.0,2258416.0,594320.0,14.0,0.0,51.0,10.0,0.0,2150.0,0.0,5e-05,20000000.0,40690080.0,11056000.0,22584160.0,5943200.0,0.725,0.7368421052631579
1619,1619.0,1.0,160.0,44.0,116.0,26.44,38.0,10.0,28.0,27.0,5395728.0,1447728.0,2258416.0,594320.0,14.0,0.0,51.0,10.0,0.0,80.0,0.0,5e-05,20000000.0,53957280.0,14477280.0,22584160.0,5943200.0,0.725,0.7368421052631579
1620,1620.0,1.0,320.0,97.0,223.0,23.48,304.0,96.0,208.0,23.62,365216.0,94000.0,1053496.0,273696.0,2.0,0.0,51.0,10.0,0.0,3950.0,0.0,5e-05,20000000.0,3652160.0,940000.0,10534960.0,2736960.0,0.696875,0.6842105263157895
1621,1621.0,1.0,160.0,43.0,117.0,22.82,38.0,10.0,28.0,21.37,3521568.0,933000.0,1452464.0,364048.0,14.0,0.0,51.0,10.0,0.0,3970.0,0.0,5e-05,20000000.0,35215680.0,9330000.0,14524640.0,3640480.0,0.73125,0.7368421052631579
1622,1622.0,1.0,290.0,78.0,212.0,22.19,95.0,26.0,69.0,20.37,3328424.0,870184.0,1869312.0,495240.0,7.0,0.0,51.0,10.0,0.0,4790.0,0.0,5e-05,20000000.0,33284240.0,8701840.0,18693120.0,4952400.0,0.7310344827586207,0.7263157894736842
1623,1623.0,1.0,320.0,80.0,240.0,26.5,171.0,45.0,126.0,27.0,1915904.0,478976.0,1975848.0,519960.0,4.0,0.0,51.0,10.0,0.0,720.0,0.0,5e-05,20000000.0,19159040.0,4789760.0,19758480.0,5199600.0,0.75,0.7368421052631579
1624,1624.0,1.0,290.0,78.0,212.0,19.13,95.0,25.0,70.0,19.56,2607592.0,681416.0,1021040.0,256256.0,7.0,0.0,51.0,10.0,0.0,4360.0,0.0,5e-05,20000000.0,26075920.0,6814160.0,10210400.0,2562560.0,0.7310344827586207,0.7368421052631579
1625,1625.0,1.0,290.0,78.0,212.0,26.48,95.0,25.0,70.0,27.0,4628232.0,1242216.0,2320888.0,610760.0,7.0,0.0,51.0,10.0,0.0,180.0,0.0,5e-05,20000000.0,46282320.0,12422160.0,23208880.0,6107600.0,0.7310344827586207,0.7368421052631579
1626,1626.0,1.0,160.0,45.0,115.0,23.25,38.0,10.0,28.0,24.26,3733584.0,1027496.0,1797872.0,479184.0,14.0,0.0,51.0,10.0,0.0,2310.0,0.0,5e-05,20000000.0,37335840.0,10274960.0,17978720.0,4791840.0,0.71875,0.7368421052631579
1627,1627.0,1.0,160.0,43.0,117.0,24.36,38.0,10.0,28.0,24.26,3989976.0,1084696.0,1797872.0,479184.0,14.0,0.0,51.0,10.0,0.0,3610.0,0.0,5e-05,20000000.0,39899760.0,10846960.0,17978720.0,4791840.0,0.73125,0.7368421052631579
1628,1628.0,1.0,290.0,81.0,209.0,26.36,95.0,25.0,70.0,27.0,4730472.0,1283040.0,2320888.0,610760.0,7.0,0.0,51.0,10.0,0.0,860.0,0.0,5e-05,20000000.0,47304720.0,12830400.0,23208880.0,6107600.0,0.7206896551724138,0.7368421052631579
1629,1629.0,1.0,290.0,78.0,212.0,20.77,95.0,26.0,69.0,22.23,2734472.0,700296.0,1655744.0,415592.0,7.0,0.0,51.0,10.0,0.0,4490.0,0.0,5e-05,20000000.0,27344720.0,7002960.0,16557440.0,4155920.0,0.7310344827586207,0.7263157894736842
1630,1630.0,1.0,160.0,43.0,117.0,20.88,38.0,10.0,28.0,21.42,3011312.0,756224.0,1452464.0,364048.0,14.0,0.0,51.0,10.0,0.0,4490.0,0.0,5e-05,20000000.0,30113120.0,7562240.0,14524640.0,3640480.0,0.73125,0.7368421052631579
1631,1631.0,1.0,160.0,43.0,117.0,21.11,38.0,10.0,28.0,24.16,2909248.0,770320.0,1452464.0,364048.0,14.0,0.0,51.0,10.0,0.0,3650.0,0.0,5e-05,20000000.0,29092480.0,7703200.0,14524640.0,3640480.0,0.73125,0.7368421052631579
1632,1632.0,1.0,320.0,94.0,226.0,25.19,171.0,45.0,126.0,27.0,1768512.0,467112.0,1975848.0,519960.0,4.0,0.0,51.0,10.0,0.0,1050.0,0.0,5e-05,20000000.0,17685120.0,4671120.0,19758480.0,5199600.0,0.70625,0.7368421052631579
1633,1633.0,1.0,160.0,43.0,117.0,23.39,38.0,10.0,28.0,20.11,3503432.0,953072.0,1337328.0,364048.0,14.0,0.0,51.0,10.0,0.0,4630.0,0.0,5e-05,20000000.0,35034320.0,9530720.0,13373280.0,3640480.0,0.73125,0.7368421052631579
1634,1634.0,1.0,320.0,113.0,207.0,19.67,304.0,106.0,198.0,19.58,318808.0,95080.0,792856.0,240304.0,2.0,0.0,51.0,10.0,0.0,4360.0,0.0,5e-05,20000000.0,3188080.0,950800.0,7928560.0,2403040.0,0.646875,0.6513157894736842
1635,1635.0,1.0,290.0,81.0,209.0,26.08,95.0,27.0,68.0,25.05,4627752.0,1231680.0,2181712.0,587584.0,7.0,0.0,51.0,10.0,0.0,1410.0,0.0,5e-05,20000000.0,46277520.0,12316800.0,21817120.0,5875840.0,0.7206896551724138,0.7157894736842105
1636,1636.0,1.0,320.0,92.0,228.0,25.15,171.0,45.0,126.0,27.0,1740872.0,457208.0,1975848.0,519960.0,4.0,0.0,51.0,10.0,0.0,730.0,0.0,5e-05,20000000.0,17408720.0,4572080.0,19758480.0,5199600.0,0.7125,0.7368421052631579
1637,1637.0,1.0,320.0,80.0,240.0,26.48,171.0,45.0,126.0,27.0,1915904.0,478976.0,1975848.0,519960.0,4.0,0.0,51.0,10.0,0.0,770.0,0.0,5e-05,20000000.0,19159040.0,4789760.0,19758480.0,5199600.0,0.75,0.7368421052631579
1638,1638.0,1.0,290.0,78.0,212.0,26.64,95.0,25.0,70.0,27.0,4781832.0,1280616.0,2320888.0,610760.0,7.0,0.0,51.0,10.0,0.0,210.0,0.0,5e-05,20000000.0,47818320.0,12806160.0,23208880.0,6107600.0,0.7310344827586207,0.7368421052631579
1639,1639.0,1.0,320.0,80.0,240.0,26.48,171.0,45.0,126.0,27.0,1915904.0,478976.0,1975848.0,519960.0,4.0,0.0,51.0,10.0,0.0,1480.0,0.0,5e-05,20000000.0,19159040.0,4789760.0,19758480.0,5199600.0,0.75,0.7368421052631579
1640,1640.0,1.0,160.0,43.0,117.0,21.71,38.0,10.0,28.0,24.16,3606344.0,934800.0,1913008.0,479184.0,14.0,0.0,51.0,10.0,0.0,4850.0,0.0,5e-05,20000000.0,36063440.0,9348000.0,19130080.0,4791840.0,0.73125,0.7368421052631579
1641,1641.0,1.0,320.0,88.0,232.0,24.39,171.0,45.0,126.0,27.0,1405872.0,366056.0,1975848.0,519960.0,4.0,0.0,51.0,10.0,0.0,3440.0,0.0,5e-05,20000000.0,14058720.0,3660560.0,19758480.0,5199600.0,0.725,0.7368421052631579
1642,1642.0,1.0,320.0,80.0,240.0,26.56,171.0,45.0,126.0,27.0,1942144.0,485536.0,1975848.0,519960.0,4.0,0.0,51.0,10.0,0.0,320.0,0.0,5e-05,20000000.0,19421440.0,4855360.0,19758480.0,5199600.0,0.75,0.7368421052631579
1643,1643.0,1.0,320.0,115.0,205.0,21.04,304.0,114.0,190.0,20.77,371872.0,104856.0,918832.0,267456.0,2.0,0.0,51.0,10.0,0.0,3040.0,0.0,5e-05,20000000.0,3718720.0,1048560.0,9188320.0,2674560.0,0.640625,0.625
1644,1644.0,1.0,290.0,78.0,212.0,24.54,95.0,26.0,69.0,24.44,3617672.0,989576.0,2077600.0,560440.0,7.0,0.0,51.0,10.0,0.0,3110.0,0.0,5e-05,20000000.0,36176720.0,9895760.0,20776000.0,5604400.0,0.7310344827586207,0.7263157894736842
1645,1645.0,1.0,160.0,44.0,116.0,21.37,38.0,10.0,28.0,18.95,3605248.0,994920.0,1337328.0,364048.0,14.0,0.0,51.0,10.0,0.0,2600.0,0.0,5e-05,20000000.0,36052480.0,9949200.0,13373280.0,3640480.0,0.725,0.7368421052631579
1646,1646.0,1.0,320.0,80.0,240.0,26.5,304.0,94.0,210.0,25.58,479744.0,119936.0,1275040.0,351616.0,2.0,0.0,51.0,10.0,0.0,2230.0,0.0,5e-05,20000000.0,4797440.0,1199360.0,12750400.0,3516160.0,0.75,0.6907894736842105
1647,1647.0,1.0,290.0,78.0,212.0,25.82,95.0,25.0,70.0,25.63,4223144.0,1128104.0,1857752.0,494976.0,7.0,0.0,51.0,10.0,0.0,960.0,0.0,5e-05,20000000.0,42231440.0,11281040.0,18577520.0,4949760.0,0.7310344827586207,0.7368421052631579
1648,1648.0,1.0,320.0,99.0,221.0,22.31,304.0,91.0,213.0,24.22,360616.0,95792.0,1131688.0,307768.0,2.0,0.0,51.0,10.0,0.0,4660.0,0.0,5e-05,20000000.0,3606160.0,957920.0,11316880.0,3077680.0,0.690625,0.7006578947368421
1649,1649.0,1.0,160.0,43.0,117.0,26.1,38.0,10.0,28.0,27.0,4841448.0,1287576.0,2258416.0,594320.0,14.0,0.0,51.0,10.0,0.0,1780.0,0.0,5e-05,20000000.0,48414480.0,12875760.0,22584160.0,5943200.0,0.73125,0.7368421052631579
1650,1650.0,1.0,320.0,80.0,240.0,26.65,304.0,80.0,224.0,27.0,494080.0,123520.0,1361920.0,358400.0,2.0,0.0,51.0,10.0,0.0,310.0,0.0,5e-05,20000000.0,4940800.0,1235200.0,13619200.0,3584000.0,0.75,0.7368421052631579
1651,1651.0,1.0,290.0,81.0,209.0,25.86,95.0,25.0,70.0,27.0,4371432.0,1193280.0,2320888.0,610760.0,7.0,0.0,51.0,10.0,0.0,2270.0,0.0,5e-05,20000000.0,43714320.0,11932800.0,23208880.0,6107600.0,0.7206896551724138,0.7368421052631579
1652,1652.0,1.0,160.0,45.0,115.0,24.84,38.0,10.0,28.0,24.16,4331936.0,1132672.0,1337328.0,364048.0,14.0,0.0,51.0,10.0,0.0,2500.0,0.0,5e-05,20000000.0,43319360.0,11326720.0,13373280.0,3640480.0,0.71875,0.7368421052631579
1653,1653.0,1.0,160.0,43.0,117.0,20.18,38.0,10.0,28.0,21.32,3016768.0,797200.0,1452464.0,364048.0,14.0,0.0,51.0,10.0,0.0,4810.0,0.0,5e-05,20000000.0,30167680.0,7972000.0,14524640.0,3640480.0,0.73125,0.7368421052631579
1654,1654.0,1.0,320.0,92.0,228.0,24.68,304.0,97.0,207.0,22.73,436192.0,117856.0,1018744.0,278176.0,2.0,0.0,51.0,10.0,0.0,4950.0,0.0,5e-05,20000000.0,4361920.0,1178560.0,10187440.0,2781760.0,0.7125,0.680921052631579
1655,1655.0,1.0,320.0,102.0,218.0,22.67,304.0,101.0,203.0,21.92,365216.0,95928.0,1044808.0,287408.0,2.0,0.0,51.0,10.0,0.0,3970.0,0.0,5e-05,20000000.0,3652160.0,959280.0,10448080.0,2874080.0,0.68125,0.6677631578947368
1656,1656.0,1.0,290.0,78.0,212.0,26.45,95.0,25.0,70.0,27.0,4696232.0,1246376.0,2320888.0,610760.0,7.0,0.0,51.0,10.0,0.0,920.0,0.0,5e-05,20000000.0,46962320.0,12463760.0,23208880.0,6107600.0,0.7310344827586207,0.7368421052631579
1657,1657.0,1.0,320.0,80.0,240.0,26.08,171.0,49.0,122.0,25.58,1915904.0,478976.0,1567952.0,428088.0,4.0,0.0,51.0,10.0,0.0,2350.0,0.0,5e-05,20000000.0,19159040.0,4789760.0,15679520.0,4280880.0,0.75,0.7134502923976608
1658,1658.0,1.0,290.0,78.0,212.0,24.67,95.0,25.0,70.0,24.24,3932872.0,1008456.0,1966384.0,492592.0,7.0,0.0,51.0,10.0,0.0,3490.0,0.0,5e-05,20000000.0,39328720.0,10084560.0,19663840.0,4925920.0,0.7310344827586207,0.7368421052631579
1659,1659.0,1.0,320.0,80.0,240.0,25.95,304.0,112.0,192.0,22.11,494080.0,123520.0,997024.0,306280.0,2.0,0.0,51.0,10.0,0.0,3000.0,0.0,5e-05,20000000.0,4940800.0,1235200.0,9970240.0,3062800.0,0.75,0.631578947368421
1660,1660.0,1.0,320.0,80.0,240.0,26.6,304.0,80.0,224.0,27.0,487424.0,121856.0,1361920.0,358400.0,2.0,0.0,51.0,10.0,0.0,570.0,0.0,5e-05,20000000.0,4874240.0,1218560.0,13619200.0,3584000.0,0.75,0.7368421052631579
1661,1661.0,1.0,320.0,88.0,232.0,22.06,171.0,46.0,125.0,25.58,1174512.0,299872.0,1682448.0,423744.0,4.0,0.0,51.0,10.0,0.0,4980.0,0.0,5e-05,20000000.0,11745120.0,2998720.0,16824480.0,4237440.0,0.725,0.7309941520467836
1662,1662.0,1.0,320.0,80.0,240.0,26.6,304.0,80.0,224.0,27.0,487424.0,121856.0,1361920.0,358400.0,2.0,0.0,51.0,10.0,0.0,720.0,0.0,5e-05,20000000.0,4874240.0,1218560.0,13619200.0,3584000.0,0.75,0.7368421052631579
1663,1663.0,1.0,160.0,43.0,117.0,26.48,38.0,10.0,28.0,27.0,5198296.0,1386776.0,2258416.0,594320.0,14.0,0.0,51.0,10.0,0.0,1280.0,0.0,5e-05,20000000.0,51982960.0,13867760.0,22584160.0,5943200.0,0.73125,0.7368421052631579
1664,1664.0,1.0,320.0,80.0,240.0,26.56,171.0,45.0,126.0,27.0,1942144.0,485536.0,1975848.0,519960.0,4.0,0.0,51.0,10.0,0.0,1780.0,0.0,5e-05,20000000.0,19421440.0,4855360.0,19758480.0,5199600.0,0.75,0.7368421052631579
1665,1665.0,1.0,320.0,92.0,228.0,25.08,171.0,50.0,121.0,25.58,1740872.0,457208.0,1652864.0,450760.0,4.0,0.0,51.0,10.0,0.0,2890.0,0.0,5e-05,20000000.0,17408720.0,4572080.0,16528640.0,4507600.0,0.7125,0.7076023391812866
1666,1666.0,1.0,320.0,80.0,240.0,26.65,304.0,94.0,210.0,25.58,494080.0,123520.0,1266352.0,351616.0,2.0,0.0,51.0,10.0,0.0,530.0,0.0,5e-05,20000000.0,4940800.0,1235200.0,12663520.0,3516160.0,0.75,0.6907894736842105
1667,1667.0,1.0,320.0,80.0,240.0,26.5,304.0,104.0,200.0,24.18,479744.0,119936.0,1179472.0,344288.0,2.0,0.0,51.0,10.0,0.0,2170.0,0.0,5e-05,20000000.0,4797440.0,1199360.0,11794720.0,3442880.0,0.75,0.6578947368421053
1668,1668.0,1.0,320.0,93.0,227.0,24.74,304.0,80.0,224.0,27.0,444232.0,116312.0,1361920.0,358400.0,2.0,0.0,51.0,10.0,0.0,3160.0,0.0,5e-05,20000000.0,4442320.0,1163120.0,13619200.0,3584000.0,0.709375,0.7368421052631579
1669,1669.0,1.0,320.0,80.0,240.0,26.65,304.0,96.0,208.0,25.4,494080.0,123520.0,1257664.0,351888.0,2.0,0.0,51.0,10.0,0.0,1300.0,0.0,5e-05,20000000.0,4940800.0,1235200.0,12576640.0,3518880.0,0.75,0.6842105263157895
1670,1670.0,1.0,160.0,43.0,117.0,26.6,38.0,10.0,28.0,27.0,5078216.0,1346768.0,2258416.0,594320.0,14.0,0.0,51.0,10.0,0.0,150.0,0.0,5e-05,20000000.0,50782160.0,13467680.0,22584160.0,5943200.0,0.73125,0.7368421052631579
1671,1671.0,1.0,320.0,80.0,240.0,26.52,171.0,51.0,120.0,25.58,1942144.0,485536.0,1693184.0,464336.0,4.0,0.0,51.0,10.0,0.0,1890.0,0.0,5e-05,20000000.0,19421440.0,4855360.0,16931840.0,4643360.0,0.75,0.7017543859649122
1672,1672.0,1.0,320.0,86.0,234.0,24.04,171.0,52.0,119.0,21.14,1461448.0,373480.0,1145928.0,323752.0,4.0,0.0,51.0,10.0,0.0,4630.0,0.0,5e-05,20000000.0,14614480.0,3734800.0,11459280.0,3237520.0,0.73125,0.695906432748538
1673,1673.0,1.0,160.0,43.0,117.0,19.81,38.0,10.0,28.0,21.42,3349280.0,914728.0,1797872.0,479184.0,14.0,0.0,51.0,10.0,0.0,3170.0,0.0,5e-05,20000000.0,33492800.0,9147280.0,17978720.0,4791840.0,0.73125,0.7368421052631579
1674,1674.0,1.0,320.0,80.0,240.0,26.65,304.0,107.0,197.0,23.02,494080.0,123520.0,1088248.0,292568.0,2.0,0.0,51.0,10.0,0.0,1810.0,0.0,5e-05,20000000.0,4940800.0,1235200.0,10882480.0,2925680.0,0.75,0.6480263157894737
1675,1675.0,1.0,320.0,80.0,240.0,26.6,304.0,80.0,224.0,27.0,487424.0,121856.0,1361920.0,358400.0,2.0,0.0,51.0,10.0,0.0,1560.0,0.0,5e-05,20000000.0,4874240.0,1218560.0,13619200.0,3584000.0,0.75,0.7368421052631579
1676,1676.0,1.0,290.0,79.0,211.0,26.23,95.0,28.0,67.0,25.58,4764712.0,1281424.0,2288040.0,628296.0,7.0,0.0,51.0,10.0,0.0,1350.0,0.0,5e-05,20000000.0,47647120.0,12814240.0,22880400.0,6282960.0,0.7275862068965517,0.7052631578947368
1677,1677.0,1.0,320.0,80.0,240.0,26.65,304.0,96.0,208.0,25.58,494080.0,123520.0,1292416.0,360576.0,2.0,0.0,51.0,10.0,0.0,300.0,0.0,5e-05,20000000.0,4940800.0,1235200.0,12924160.0,3605760.0,0.75,0.6842105263157895
1678,1678.0,1.0,290.0,78.0,212.0,24.02,95.0,25.0,70.0,24.46,3737512.0,1006696.0,1848216.0,492592.0,7.0,0.0,51.0,10.0,0.0,3190.0,0.0,5e-05,20000000.0,37375120.0,10066960.0,18482160.0,4925920.0,0.7310344827586207,0.7368421052631579
1679,1679.0,1.0,320.0,80.0,240.0,26.48,171.0,45.0,126.0,27.0,1915904.0,478976.0,1975848.0,519960.0,4.0,0.0,51.0,10.0,0.0,620.0,0.0,5e-05,20000000.0,19159040.0,4789760.0,19758480.0,5199600.0,0.75,0.7368421052631579
1680,1680.0,1.0,160.0,43.0,117.0,24.41,38.0,10.0,28.0,24.16,4250680.0,1090672.0,1797872.0,479184.0,14.0,0.0,51.0,10.0,0.0,2830.0,0.0,5e-05,20000000.0,42506800.0,10906720.0,17978720.0,4791840.0,0.73125,0.7368421052631579
1681,1681.0,1.0,160.0,43.0,117.0,22.69,38.0,10.0,28.0,21.42,3839464.0,993080.0,1452464.0,364048.0,14.0,0.0,51.0,10.0,0.0,4520.0,0.0,5e-05,20000000.0,38394640.0,9930800.0,14524640.0,3640480.0,0.73125,0.7368421052631579
1682,1682.0,1.0,160.0,44.0,116.0,26.28,38.0,10.0,28.0,27.0,5357160.0,1409160.0,2258416.0,594320.0,14.0,0.0,51.0,10.0,0.0,1080.0,0.0,5e-05,20000000.0,53571600.0,14091600.0,22584160.0,5943200.0,0.725,0.7368421052631579
1683,1683.0,1.0,320.0,92.0,228.0,25.25,304.0,80.0,224.0,27.0,442400.0,116192.0,1361920.0,358400.0,2.0,0.0,51.0,10.0,0.0,730.0,0.0,5e-05,20000000.0,4424000.0,1161920.0,13619200.0,3584000.0,0.7125,0.7368421052631579
1684,1684.0,1.0,320.0,92.0,228.0,25.12,171.0,65.0,106.0,22.05,1740872.0,457208.0,1464912.0,398840.0,4.0,0.0,51.0,10.0,0.0,1600.0,0.0,5e-05,20000000.0,17408720.0,4572080.0,14649120.0,3988400.0,0.7125,0.6198830409356725
1685,1685.0,1.0,320.0,94.0,226.0,21.78,171.0,53.0,118.0,22.23,1333328.0,349024.0,1138768.0,305696.0,4.0,0.0,51.0,10.0,0.0,4390.0,0.0,5e-05,20000000.0,13333280.0,3490240.0,11387680.0,3056960.0,0.70625,0.6900584795321637
1686,1686.0,1.0,320.0,80.0,240.0,26.56,171.0,59.0,112.0,23.08,1942144.0,485536.0,1530224.0,396840.0,4.0,0.0,51.0,10.0,0.0,1800.0,0.0,5e-05,20000000.0,19421440.0,4855360.0,15302240.0,3968400.0,0.75,0.6549707602339181
1687,1687.0,1.0,160.0,43.0,117.0,23.51,38.0,10.0,28.0,21.42,4097496.0,1111576.0,1337328.0,364048.0,14.0,0.0,51.0,10.0,0.0,3020.0,0.0,5e-05,20000000.0,40974960.0,11115760.0,13373280.0,3640480.0,0.73125,0.7368421052631579
1688,1688.0,1.0,320.0,88.0,232.0,25.17,171.0,45.0,126.0,27.0,1692592.0,437520.0,1975848.0,519960.0,4.0,0.0,51.0,10.0,0.0,4280.0,0.0,5e-05,20000000.0,16925920.0,4375200.0,19758480.0,5199600.0,0.725,0.7368421052631579
1689,1689.0,1.0,160.0,44.0,116.0,25.76,38.0,10.0,28.0,27.0,4540664.0,1223320.0,2258416.0,594320.0,14.0,0.0,51.0,10.0,0.0,2270.0,0.0,5e-05,20000000.0,45406640.0,12233200.0,22584160.0,5943200.0,0.725,0.7368421052631579
1690,1690.0,1.0,320.0,90.0,230.0,23.83,304.0,100.0,204.0,21.11,379912.0,98432.0,897112.0,248176.0,2.0,0.0,51.0,10.0,0.0,4510.0,0.0,5e-05,20000000.0,3799120.0,984320.0,8971120.0,2481760.0,0.71875,0.6710526315789473
1691,1691.0,1.0,290.0,82.0,208.0,24.82,95.0,28.0,67.0,23.61,3840712.0,1040008.0,1902488.0,508824.0,7.0,0.0,51.0,10.0,0.0,2200.0,0.0,5e-05,20000000.0,38407120.0,10400080.0,19024880.0,5088240.0,0.7172413793103448,0.7052631578947368
1692,1692.0,1.0,320.0,94.0,226.0,25.3,304.0,125.0,179.0,21.49,458704.0,121200.0,1066528.0,290672.0,2.0,0.0,51.0,10.0,0.0,400.0,0.0,5e-05,20000000.0,4587040.0,1212000.0,10665280.0,2906720.0,0.70625,0.5888157894736842
1693,1693.0,1.0,160.0,47.0,113.0,25.66,38.0,10.0,28.0,27.0,5003648.0,1373848.0,2258416.0,594320.0,14.0,0.0,51.0,10.0,0.0,850.0,0.0,5e-05,20000000.0,50036480.0,13738480.0,22584160.0,5943200.0,0.70625,0.7368421052631579
1694,1694.0,1.0,320.0,80.0,240.0,26.65,304.0,80.0,224.0,27.0,494080.0,123520.0,1361920.0,358400.0,2.0,0.0,51.0,10.0,0.0,1450.0,0.0,5e-05,20000000.0,4940800.0,1235200.0,13619200.0,3584000.0,0.75,0.7368421052631579
1695,1695.0,1.0,320.0,80.0,240.0,26.65,304.0,80.0,224.0,25.63,494080.0,123520.0,1089536.0,290304.0,2.0,0.0,51.0,10.0,0.0,1920.0,0.0,5e-05,20000000.0,4940800.0,1235200.0,10895360.0,2903040.0,0.75,0.7368421052631579
1696,1696.0,1.0,320.0,87.0,233.0,19.89,171.0,57.0,114.0,15.98,1128328.0,290552.0,942720.0,263352.0,4.0,0.0,51.0,10.0,0.0,4600.0,0.0,5e-05,20000000.0,11283280.0,2905520.0,9427200.0,2633520.0,0.728125,0.6666666666666666
1697,1697.0,1.0,320.0,89.0,231.0,24.63,171.0,45.0,126.0,27.0,1670312.0,432632.0,1975848.0,519960.0,4.0,0.0,51.0,10.0,0.0,2640.0,0.0,5e-05,20000000.0,16703120.0,4326320.0,19758480.0,5199600.0,0.721875,0.7368421052631579
1698,1698.0,1.0,320.0,99.0,221.0,18.88,171.0,53.0,118.0,21.77,1140400.0,323472.0,1015824.0,300976.0,4.0,0.0,51.0,10.0,0.0,4300.0,0.0,5e-05,20000000.0,11404000.0,3234720.0,10158240.0,3009760.0,0.690625,0.6900584795321637
1699,1699.0,1.0,160.0,43.0,117.0,20.75,38.0,10.0,28.0,17.47,3450968.0,876368.0,991920.0,248912.0,14.0,0.0,51.0,10.0,0.0,4780.0,0.0,5e-05,20000000.0,34509680.0,8763680.0,9919200.0,2489120.0,0.73125,0.7368421052631579
1700,1700.0,1.0,320.0,98.0,222.0,23.77,304.0,90.0,214.0,25.58,397376.0,106928.0,1214224.0,333696.0,2.0,0.0,51.0,10.0,0.0,3890.0,0.0,5e-05,20000000.0,3973760.0,1069280.0,12142240.0,3336960.0,0.69375,0.7039473684210527
1701,1701.0,1.0,290.0,78.0,212.0,26.59,95.0,25.0,70.0,27.0,4720392.0,1265256.0,2320888.0,610760.0,7.0,0.0,51.0,10.0,0.0,10.0,0.0,5e-05,20000000.0,47203920.0,12652560.0,23208880.0,6107600.0,0.7310344827586207,0.7368421052631579
1702,1702.0,1.0,160.0,43.0,117.0,26.09,38.0,10.0,28.0,27.0,4841224.0,1287520.0,2258416.0,594320.0,14.0,0.0,51.0,10.0,0.0,1740.0,0.0,5e-05,20000000.0,48412240.0,12875200.0,22584160.0,5943200.0,0.73125,0.7368421052631579
1703,1703.0,1.0,160.0,43.0,117.0,25.12,38.0,10.0,28.0,25.58,4448720.0,1149976.0,1797872.0,479184.0,14.0,0.0,51.0,10.0,0.0,3370.0,0.0,5e-05,20000000.0,44487200.0,11499760.0,17978720.0,4791840.0,0.73125,0.7368421052631579
1704,1704.0,1.0,320.0,80.0,240.0,26.56,171.0,45.0,126.0,27.0,1942144.0,485536.0,1975848.0,519960.0,4.0,0.0,51.0,10.0,0.0,50.0,0.0,5e-05,20000000.0,19421440.0,4855360.0,19758480.0,5199600.0,0.75,0.7368421052631579
1705,1705.0,1.0,160.0,44.0,116.0,26.26,38.0,10.0,28.0,25.58,5101200.0,1368448.0,1797872.0,479184.0,14.0,0.0,51.0,10.0,0.0,1650.0,0.0,5e-05,20000000.0,51012000.0,13684480.0,17978720.0,4791840.0,0.725,0.7368421052631579
1706,1706.0,1.0,320.0,92.0,228.0,25.15,304.0,80.0,224.0,27.0,434720.0,114272.0,1361920.0,358400.0,2.0,0.0,51.0,10.0,0.0,2160.0,0.0,5e-05,20000000.0,4347200.0,1142720.0,13619200.0,3584000.0,0.7125,0.7368421052631579
1707,1707.0,1.0,320.0,95.0,225.0,22.16,171.0,50.0,121.0,21.53,1292728.0,344136.0,1147856.0,313120.0,4.0,0.0,51.0,10.0,0.0,3500.0,0.0,5e-05,20000000.0,12927280.0,3441360.0,11478560.0,3131200.0,0.703125,0.7076023391812866
1708,1708.0,1.0,320.0,106.0,214.0,22.96,304.0,99.0,205.0,22.97,392776.0,110712.0,1010056.0,278448.0,2.0,0.0,51.0,10.0,0.0,3050.0,0.0,5e-05,20000000.0,3927760.0,1107120.0,10100560.0,2784480.0,0.66875,0.6743421052631579
1709,1709.0,1.0,290.0,78.0,212.0,19.91,95.0,25.0,70.0,22.45,2641832.0,715656.0,1493712.0,374424.0,7.0,0.0,51.0,10.0,0.0,4810.0,0.0,5e-05,20000000.0,26418320.0,7156560.0,14937120.0,3744240.0,0.7310344827586207,0.7368421052631579
1710,1710.0,1.0,290.0,78.0,212.0,26.64,95.0,25.0,70.0,27.0,4781832.0,1280616.0,2320888.0,610760.0,7.0,0.0,51.0,10.0,0.0,50.0,0.0,5e-05,20000000.0,47818320.0,12806160.0,23208880.0,6107600.0,0.7310344827586207,0.7368421052631579
1711,1711.0,1.0,160.0,43.0,117.0,26.1,38.0,10.0,28.0,27.0,4853784.0,1300648.0,2258416.0,594320.0,14.0,0.0,51.0,10.0,0.0,2140.0,0.0,5e-05,20000000.0,48537840.0,13006480.0,22584160.0,5943200.0,0.73125,0.7368421052631579
1712,1712.0,1.0,320.0,92.0,228.0,21.74,171.0,55.0,116.0,19.64,1276088.0,336888.0,985768.0,270584.0,4.0,0.0,51.0,10.0,0.0,4670.0,0.0,5e-05,20000000.0,12760880.0,3368880.0,9857680.0,2705840.0,0.7125,0.6783625730994152
1713,1713.0,1.0,290.0,80.0,210.0,19.9,95.0,30.0,65.0,19.17,2614632.0,736152.0,1524856.0,432712.0,7.0,0.0,51.0,10.0,0.0,2800.0,0.0,5e-05,20000000.0,26146320.0,7361520.0,15248560.0,4327120.0,0.7241379310344828,0.6842105263157895
1714,1714.0,1.0,320.0,96.0,224.0,22.07,171.0,51.0,120.0,23.06,1212024.0,311232.0,1165984.0,306128.0,4.0,0.0,51.0,10.0,0.0,3830.0,0.0,5e-05,20000000.0,12120240.0,3112320.0,11659840.0,3061280.0,0.7,0.7017543859649122
1715,1715.0,1.0,160.0,43.0,117.0,25.27,38.0,10.0,28.0,25.58,4531696.0,1190744.0,1797872.0,479184.0,14.0,0.0,51.0,10.0,0.0,2620.0,0.0,5e-05,20000000.0,45316960.0,11907440.0,17978720.0,4791840.0,0.73125,0.7368421052631579
1716,1716.0,1.0,320.0,80.0,240.0,26.45,171.0,45.0,126.0,27.0,1915904.0,478976.0,1975848.0,519960.0,4.0,0.0,51.0,10.0,0.0,630.0,0.0,5e-05,20000000.0,19159040.0,4789760.0,19758480.0,5199600.0,0.75,0.7368421052631579
1717,1717.0,1.0,160.0,43.0,117.0,24.61,38.0,10.0,28.0,22.84,3936304.0,1051496.0,1797872.0,479184.0,14.0,0.0,51.0,10.0,0.0,3930.0,0.0,5e-05,20000000.0,39363040.0,10514960.0,17978720.0,4791840.0,0.73125,0.7368421052631579
1718,1718.0,1.0,290.0,78.0,212.0,26.13,95.0,25.0,70.0,27.0,4617672.0,1213896.0,2320888.0,610760.0,7.0,0.0,51.0,10.0,0.0,2440.0,0.0,5e-05,20000000.0,46176720.0,12138960.0,23208880.0,6107600.0,0.7310344827586207,0.7368421052631579
1719,1719.0,1.0,320.0,89.0,231.0,25.12,171.0,45.0,126.0,27.0,1616424.0,419592.0,1975848.0,519960.0,4.0,0.0,51.0,10.0,0.0,2660.0,0.0,5e-05,20000000.0,16164240.0,4195920.0,19758480.0,5199600.0,0.721875,0.7368421052631579
1720,1720.0,1.0,290.0,78.0,212.0,26.64,95.0,25.0,70.0,27.0,4781832.0,1280616.0,2320888.0,610760.0,7.0,0.0,51.0,10.0,0.0,550.0,0.0,5e-05,20000000.0,47818320.0,12806160.0,23208880.0,6107600.0,0.7310344827586207,0.7368421052631579
1721,1721.0,1.0,320.0,89.0,231.0,24.85,304.0,100.0,204.0,23.2,427928.0,111176.0,1096936.0,291616.0,2.0,0.0,51.0,10.0,0.0,2740.0,0.0,5e-05,20000000.0,4279280.0,1111760.0,10969360.0,2916160.0,0.721875,0.6710526315789473
1722,1722.0,1.0,320.0,102.0,218.0,23.9,304.0,119.0,185.0,20.36,419888.0,115224.0,957928.0,268136.0,2.0,0.0,51.0,10.0,0.0,2520.0,0.0,5e-05,20000000.0,4198880.0,1152240.0,9579280.0,2681360.0,0.68125,0.6085526315789473
1723,1723.0,1.0,290.0,78.0,212.0,25.86,95.0,25.0,70.0,25.58,4610632.0,1212136.0,1848216.0,492592.0,7.0,0.0,51.0,10.0,0.0,3740.0,0.0,5e-05,20000000.0,46106320.0,12121360.0,18482160.0,4925920.0,0.7310344827586207,0.7368421052631579
1724,1724.0,1.0,290.0,79.0,211.0,23.73,95.0,25.0,70.0,23.29,3703272.0,1007504.0,1848216.0,492592.0,7.0,0.0,51.0,10.0,0.0,3320.0,0.0,5e-05,20000000.0,37032720.0,10075040.0,18482160.0,4925920.0,0.7275862068965517,0.7368421052631579
1725,1725.0,1.0,320.0,80.0,240.0,26.65,304.0,80.0,224.0,25.63,494080.0,123520.0,1089536.0,290304.0,2.0,0.0,51.0,10.0,0.0,960.0,0.0,5e-05,20000000.0,4940800.0,1235200.0,10895360.0,2903040.0,0.75,0.7368421052631579
1726,1726.0,1.0,320.0,110.0,210.0,18.64,304.0,108.0,196.0,20.57,275168.0,72320.0,858016.0,223200.0,2.0,0.0,51.0,10.0,0.0,4500.0,0.0,5e-05,20000000.0,2751680.0,723200.0,8580160.0,2232000.0,0.65625,0.6447368421052632
1727,1727.0,1.0,160.0,43.0,117.0,26.5,38.0,10.0,28.0,27.0,5078216.0,1346768.0,2258416.0,594320.0,14.0,0.0,51.0,10.0,0.0,570.0,0.0,5e-05,20000000.0,50782160.0,13467680.0,22584160.0,5943200.0,0.73125,0.7368421052631579
1728,1728.0,1.0,320.0,80.0,240.0,26.45,171.0,63.0,108.0,24.16,1915904.0,478976.0,1774456.0,526552.0,4.0,0.0,51.0,10.0,0.0,750.0,0.0,5e-05,20000000.0,19159040.0,4789760.0,17744560.0,5265520.0,0.75,0.631578947368421
1729,1729.0,1.0,320.0,80.0,240.0,26.56,171.0,53.0,118.0,23.58,1942144.0,485536.0,1203368.0,349096.0,4.0,0.0,51.0,10.0,0.0,3300.0,0.0,5e-05,20000000.0,19421440.0,4855360.0,12033680.0,3490960.0,0.75,0.6900584795321637
1730,1730.0,1.0,320.0,80.0,240.0,26.52,171.0,50.0,121.0,19.34,1942144.0,485536.0,881432.0,234336.0,4.0,0.0,51.0,10.0,0.0,4530.0,0.0,5e-05,20000000.0,19421440.0,4855360.0,8814320.0,2343360.0,0.75,0.7076023391812866
1731,1731.0,1.0,290.0,78.0,212.0,21.92,95.0,26.0,69.0,18.71,3556232.0,974216.0,1499904.0,416016.0,7.0,0.0,51.0,10.0,0.0,3400.0,0.0,5e-05,20000000.0,35562320.0,9742160.0,14999040.0,4160160.0,0.7310344827586207,0.7263157894736842
1732,1732.0,1.0,320.0,96.0,224.0,25.3,304.0,80.0,224.0,27.0,468352.0,124544.0,1361920.0,358400.0,2.0,0.0,51.0,10.0,0.0,430.0,0.0,5e-05,20000000.0,4683520.0,1245440.0,13619200.0,3584000.0,0.7,0.7368421052631579
1733,1733.0,1.0,320.0,80.0,240.0,26.56,171.0,45.0,126.0,27.0,1942144.0,485536.0,1975848.0,519960.0,4.0,0.0,51.0,10.0,0.0,510.0,0.0,5e-05,20000000.0,19421440.0,4855360.0,19758480.0,5199600.0,0.75,0.7368421052631579
1734,1734.0,1.0,320.0,80.0,240.0,26.6,304.0,80.0,224.0,27.0,487424.0,121856.0,1361920.0,358400.0,2.0,0.0,51.0,10.0,0.0,1730.0,0.0,5e-05,20000000.0,4874240.0,1218560.0,13619200.0,3584000.0,0.75,0.7368421052631579
1735,1735.0,1.0,320.0,93.0,227.0,24.09,304.0,99.0,205.0,24.2,389336.0,101784.0,1192504.0,330576.0,2.0,0.0,51.0,10.0,0.0,3490.0,0.0,5e-05,20000000.0,3893360.0,1017840.0,11925040.0,3305760.0,0.709375,0.6743421052631579
1736,1736.0,1.0,160.0,43.0,117.0,22.84,38.0,10.0,28.0,19.89,3703800.0,1013152.0,1337328.0,364048.0,14.0,0.0,51.0,10.0,0.0,4510.0,0.0,5e-05,20000000.0,37038000.0,10131520.0,13373280.0,3640480.0,0.73125,0.7368421052631579
1737,1737.0,1.0,160.0,43.0,117.0,22.62,38.0,10.0,28.0,21.42,3897352.0,1051552.0,1337328.0,364048.0,14.0,0.0,51.0,10.0,0.0,4340.0,0.0,5e-05,20000000.0,38973520.0,10515520.0,13373280.0,3640480.0,0.73125,0.7368421052631579
1738,1738.0,1.0,320.0,94.0,226.0,24.16,304.0,90.0,214.0,22.82,413680.0,109944.0,1036120.0,281568.0,2.0,0.0,51.0,10.0,0.0,3320.0,0.0,5e-05,20000000.0,4136800.0,1099440.0,10361200.0,2815680.0,0.70625,0.7039473684210527
1739,1739.0,1.0,320.0,91.0,229.0,24.91,171.0,45.0,126.0,27.0,1664488.0,436016.0,1975848.0,519960.0,4.0,0.0,51.0,10.0,0.0,1760.0,0.0,5e-05,20000000.0,16644880.0,4360160.0,19758480.0,5199600.0,0.715625,0.7368421052631579
1740,1740.0,1.0,290.0,78.0,212.0,22.3,95.0,25.0,70.0,22.47,3223912.0,852616.0,1375544.0,374424.0,7.0,0.0,51.0,10.0,0.0,4090.0,0.0,5e-05,20000000.0,32239120.0,8526160.0,13755440.0,3744240.0,0.7310344827586207,0.7368421052631579
1741,1741.0,1.0,320.0,80.0,240.0,26.6,304.0,80.0,224.0,27.0,487424.0,121856.0,1361920.0,358400.0,2.0,0.0,51.0,10.0,0.0,630.0,0.0,5e-05,20000000.0,4874240.0,1218560.0,13619200.0,3584000.0,0.75,0.7368421052631579
1742,1742.0,1.0,320.0,80.0,240.0,26.41,171.0,48.0,123.0,21.93,1880192.0,470048.0,1100560.0,291984.0,4.0,0.0,51.0,10.0,0.0,4590.0,0.0,5e-05,20000000.0,18801920.0,4700480.0,11005600.0,2919840.0,0.75,0.7192982456140351
1743,1743.0,1.0,320.0,80.0,240.0,26.65,304.0,80.0,224.0,27.0,494080.0,123520.0,1361920.0,358400.0,2.0,0.0,51.0,10.0,0.0,1270.0,0.0,5e-05,20000000.0,4940800.0,1235200.0,13619200.0,3584000.0,0.75,0.7368421052631579
1744,1744.0,1.0,320.0,95.0,225.0,24.91,304.0,93.0,211.0,23.71,447224.0,121208.0,1109968.0,299352.0,2.0,0.0,51.0,10.0,0.0,2830.0,0.0,5e-05,20000000.0,4472240.0,1212080.0,11099680.0,2993520.0,0.703125,0.694078947368421
1745,1745.0,1.0,290.0,79.0,211.0,26.23,95.0,30.0,65.0,24.73,4764712.0,1281424.0,2130504.0,603816.0,7.0,0.0,51.0,10.0,0.0,1360.0,0.0,5e-05,20000000.0,47647120.0,12814240.0,21305040.0,6038160.0,0.7275862068965517,0.6842105263157895
1746,1746.0,1.0,160.0,43.0,117.0,24.81,38.0,10.0,28.0,27.0,3779600.0,1012320.0,2258416.0,594320.0,14.0,0.0,51.0,10.0,0.0,4860.0,0.0,5e-05,20000000.0,37796000.0,10123200.0,22584160.0,5943200.0,0.73125,0.7368421052631579
1747,1747.0,1.0,290.0,78.0,212.0,25.2,95.0,27.0,68.0,25.05,4251112.0,1143656.0,2102096.0,574016.0,7.0,0.0,51.0,10.0,0.0,3180.0,0.0,5e-05,20000000.0,42511120.0,11436560.0,21020960.0,5740160.0,0.7310344827586207,0.7157894736842105
1748,1748.0,1.0,320.0,80.0,240.0,26.5,171.0,53.0,118.0,25.58,1915904.0,478976.0,1848864.0,509680.0,4.0,0.0,51.0,10.0,0.0,840.0,0.0,5e-05,20000000.0,19159040.0,4789760.0,18488640.0,5096800.0,0.75,0.6900584795321637
1749,1749.0,1.0,320.0,121.0,199.0,19.15,304.0,112.0,192.0,21.13,286784.0,83968.0,918832.0,267184.0,2.0,0.0,51.0,10.0,0.0,4200.0,0.0,5e-05,20000000.0,2867840.0,839680.0,9188320.0,2671840.0,0.621875,0.631578947368421
1750,1750.0,1.0,320.0,90.0,230.0,23.69,171.0,45.0,126.0,27.0,1292784.0,339592.0,1975848.0,519960.0,4.0,0.0,51.0,10.0,0.0,4140.0,0.0,5e-05,20000000.0,12927840.0,3395920.0,19758480.0,5199600.0,0.71875,0.7368421052631579
1751,1751.0,1.0,320.0,80.0,240.0,26.5,171.0,45.0,126.0,27.0,1942144.0,485536.0,1975848.0,519960.0,4.0,0.0,51.0,10.0,0.0,1430.0,0.0,5e-05,20000000.0,19421440.0,4855360.0,19758480.0,5199600.0,0.75,0.7368421052631579
1752,1752.0,1.0,160.0,43.0,117.0,23.78,38.0,10.0,28.0,21.42,4156136.0,1072248.0,1452464.0,364048.0,14.0,0.0,51.0,10.0,0.0,2520.0,0.0,5e-05,20000000.0,41561360.0,10722480.0,14524640.0,3640480.0,0.73125,0.7368421052631579
1753,1753.0,1.0,320.0,95.0,225.0,24.6,304.0,106.0,198.0,24.2,463528.0,122872.0,1179472.0,344560.0,2.0,0.0,51.0,10.0,0.0,1010.0,0.0,5e-05,20000000.0,4635280.0,1228720.0,11794720.0,3445600.0,0.703125,0.6513157894736842
1754,1754.0,1.0,160.0,43.0,117.0,23.19,38.0,10.0,28.0,20.0,4100760.0,1112392.0,1337328.0,364048.0,14.0,0.0,51.0,10.0,0.0,4770.0,0.0,5e-05,20000000.0,41007600.0,11123920.0,13373280.0,3640480.0,0.73125,0.7368421052631579
1755,1755.0,1.0,160.0,43.0,117.0,25.66,38.0,10.0,28.0,25.58,4657904.0,1222296.0,1797872.0,479184.0,14.0,0.0,51.0,10.0,0.0,3540.0,0.0,5e-05,20000000.0,46579040.0,12222960.0,17978720.0,4791840.0,0.73125,0.7368421052631579
1756,1756.0,1.0,320.0,158.0,162.0,6.14,304.0,196.0,108.0,2.13,82432.0,25600.0,41344.0,26656.0,2.0,0.0,51.0,10.0,0.0,2000.0,0.0,5e-05,20000000.0,824320.0,256000.0,413440.0,266560.0,0.50625,0.3552631578947368
1757,1757.0,1.0,160.0,43.0,117.0,23.12,38.0,10.0,28.0,25.58,3309712.0,894848.0,1797872.0,479184.0,14.0,0.0,51.0,10.0,0.0,3350.0,0.0,5e-05,20000000.0,33097120.0,8948480.0,17978720.0,4791840.0,0.73125,0.7368421052631579
1758,1758.0,1.0,290.0,78.0,212.0,22.27,95.0,25.0,70.0,20.26,3686152.0,972456.0,1375544.0,374424.0,7.0,0.0,51.0,10.0,0.0,4030.0,0.0,5e-05,20000000.0,36861520.0,9724560.0,13755440.0,3744240.0,0.7310344827586207,0.7368421052631579
1759,1759.0,1.0,320.0,111.0,209.0,21.58,304.0,101.0,203.0,23.35,334664.0,93288.0,1018744.0,287408.0,2.0,0.0,51.0,10.0,0.0,3520.0,0.0,5e-05,20000000.0,3346640.0,932880.0,10187440.0,2874080.0,0.653125,0.6677631578947368
1760,1760.0,1.0,160.0,43.0,117.0,18.4,38.0,10.0,28.0,15.68,2505544.0,659600.0,991920.0,248912.0,14.0,0.0,51.0,10.0,0.0,4550.0,0.0,5e-05,20000000.0,25055440.0,6596000.0,9919200.0,2489120.0,0.73125,0.7368421052631579
1761,1761.0,1.0,320.0,94.0,226.0,20.25,304.0,97.0,207.0,21.21,344536.0,90648.0,983992.0,273832.0,2.0,0.0,51.0,10.0,0.0,4840.0,0.0,5e-05,20000000.0,3445360.0,906480.0,9839920.0,2738320.0,0.70625,0.680921052631579
1762,1762.0,1.0,160.0,43.0,117.0,21.91,38.0,10.0,28.0,24.16,3550360.0,974792.0,1797872.0,479184.0,14.0,0.0,51.0,10.0,0.0,4440.0,0.0,5e-05,20000000.0,35503600.0,9747920.0,17978720.0,4791840.0,0.73125,0.7368421052631579
1763,1763.0,1.0,160.0,43.0,117.0,25.59,38.0,10.0,28.0,24.26,5041592.0,1347600.0,1797872.0,479184.0,14.0,0.0,51.0,10.0,0.0,4350.0,0.0,5e-05,20000000.0,50415920.0,13476000.0,17978720.0,4791840.0,0.73125,0.7368421052631579
1764,1764.0,1.0,290.0,78.0,212.0,25.81,95.0,25.0,70.0,27.0,4285352.0,1143656.0,2320888.0,610760.0,7.0,0.0,51.0,10.0,0.0,4570.0,0.0,5e-05,20000000.0,42853520.0,11436560.0,23208880.0,6107600.0,0.7310344827586207,0.7368421052631579
1765,1765.0,1.0,160.0,44.0,116.0,25.96,38.0,11.0,27.0,25.58,4959360.0,1328648.0,1970576.0,538616.0,14.0,0.0,51.0,10.0,0.0,1370.0,0.0,5e-05,20000000.0,49593600.0,13286480.0,19705760.0,5386160.0,0.725,0.7105263157894737
1766,1766.0,1.0,320.0,87.0,233.0,20.28,171.0,47.0,124.0,23.57,1310352.0,337688.0,1080616.0,293064.0,4.0,0.0,51.0,10.0,0.0,4700.0,0.0,5e-05,20000000.0,13103520.0,3376880.0,10806160.0,2930640.0,0.728125,0.7251461988304093
1767,1767.0,1.0,320.0,83.0,237.0,23.88,171.0,45.0,126.0,27.0,1117656.0,284288.0,1975848.0,519960.0,4.0,0.0,51.0,10.0,0.0,4870.0,0.0,5e-05,20000000.0,11176560.0,2842880.0,19758480.0,5199600.0,0.740625,0.7368421052631579
1768,1768.0,1.0,320.0,94.0,226.0,25.19,171.0,45.0,126.0,27.0,1768512.0,467112.0,1975848.0,519960.0,4.0,0.0,51.0,10.0,0.0,1110.0,0.0,5e-05,20000000.0,17685120.0,4671120.0,19758480.0,5199600.0,0.70625,0.7368421052631579
1769,1769.0,1.0,320.0,80.0,240.0,26.65,304.0,94.0,210.0,25.58,494080.0,123520.0,1266352.0,351616.0,2.0,0.0,51.0,10.0,0.0,1180.0,0.0,5e-05,20000000.0,4940800.0,1235200.0,12663520.0,3516160.0,0.75,0.6907894736842105
1770,1770.0,1.0,320.0,101.0,219.0,23.99,304.0,101.0,203.0,23.67,421720.0,116824.0,1079560.0,313472.0,2.0,0.0,51.0,10.0,0.0,3210.0,0.0,5e-05,20000000.0,4217200.0,1168240.0,10795600.0,3134720.0,0.684375,0.6677631578947368
1771,1771.0,1.0,320.0,80.0,240.0,26.5,171.0,45.0,126.0,27.0,1915904.0,478976.0,1975848.0,519960.0,4.0,0.0,51.0,10.0,0.0,10.0,0.0,5e-05,20000000.0,19159040.0,4789760.0,19758480.0,5199600.0,0.75,0.7368421052631579
1772,1772.0,1.0,320.0,80.0,240.0,26.54,171.0,45.0,126.0,27.0,1942144.0,485536.0,1975848.0,519960.0,4.0,0.0,51.0,10.0,0.0,1040.0,0.0,5e-05,20000000.0,19421440.0,4855360.0,19758480.0,5199600.0,0.75,0.7368421052631579
1773,1773.0,1.0,290.0,79.0,211.0,26.49,95.0,25.0,70.0,27.0,4703272.0,1266064.0,2320888.0,610760.0,7.0,0.0,51.0,10.0,0.0,720.0,0.0,5e-05,20000000.0,47032720.0,12660640.0,23208880.0,6107600.0,0.7275862068965517,0.7368421052631579
1774,1774.0,1.0,320.0,92.0,228.0,25.15,304.0,80.0,224.0,27.0,434720.0,114272.0,1361920.0,358400.0,2.0,0.0,51.0,10.0,0.0,2140.0,0.0,5e-05,20000000.0,4347200.0,1142720.0,13619200.0,3584000.0,0.7125,0.7368421052631579
1775,1775.0,1.0,320.0,96.0,224.0,23.28,304.0,100.0,204.0,21.45,370040.0,97152.0,918832.0,256864.0,2.0,0.0,51.0,10.0,0.0,4630.0,0.0,5e-05,20000000.0,3700400.0,971520.0,9188320.0,2568640.0,0.7,0.6710526315789473
1776,1776.0,1.0,320.0,80.0,240.0,26.56,171.0,45.0,126.0,27.0,1942144.0,485536.0,1975848.0,519960.0,4.0,0.0,51.0,10.0,0.0,370.0,0.0,5e-05,20000000.0,19421440.0,4855360.0,19758480.0,5199600.0,0.75,0.7368421052631579
1777,1777.0,1.0,290.0,79.0,211.0,21.72,95.0,26.0,69.0,19.02,3275272.0,836304.0,1519968.0,401568.0,7.0,0.0,51.0,10.0,0.0,3200.0,0.0,5e-05,20000000.0,32752720.0,8363040.0,15199680.0,4015680.0,0.7275862068965517,0.7263157894736842
1778,1778.0,1.0,320.0,92.0,228.0,23.98,304.0,101.0,203.0,22.56,389696.0,101408.0,975304.0,265688.0,2.0,0.0,51.0,10.0,0.0,3680.0,0.0,5e-05,20000000.0,3896960.0,1014080.0,9753040.0,2656880.0,0.7125,0.6677631578947368
1779,1779.0,1.0,290.0,81.0,209.0,25.3,95.0,26.0,69.0,23.93,4189672.0,1147840.0,1733600.0,468104.0,7.0,0.0,51.0,10.0,0.0,2590.0,0.0,5e-05,20000000.0,41896720.0,11478400.0,17336000.0,4681040.0,0.7206896551724138,0.7263157894736842
1780,1780.0,1.0,320.0,80.0,240.0,26.48,171.0,54.0,117.0,21.64,1915904.0,478976.0,1166168.0,311472.0,4.0,0.0,51.0,10.0,0.0,3920.0,0.0,5e-05,20000000.0,19159040.0,4789760.0,11661680.0,3114720.0,0.75,0.6842105263157895
1781,1781.0,1.0,290.0,83.0,207.0,24.18,95.0,28.0,67.0,24.16,3658952.0,1012496.0,1890288.0,535080.0,7.0,0.0,51.0,10.0,0.0,2630.0,0.0,5e-05,20000000.0,36589520.0,10124960.0,18902880.0,5350800.0,0.7137931034482758,0.7052631578947368
1782,1782.0,1.0,290.0,78.0,212.0,17.03,95.0,25.0,70.0,19.34,2453512.0,647176.0,1375544.0,374424.0,7.0,0.0,51.0,10.0,0.0,4120.0,0.0,5e-05,20000000.0,24535120.0,6471760.0,13755440.0,3744240.0,0.7310344827586207,0.7368421052631579
1783,1783.0,1.0,320.0,98.0,222.0,22.45,171.0,50.0,121.0,24.33,1281920.0,350144.0,1541432.0,411736.0,4.0,0.0,51.0,10.0,0.0,3260.0,0.0,5e-05,20000000.0,12819200.0,3501440.0,15414320.0,4117360.0,0.69375,0.7076023391812866
1784,1784.0,1.0,160.0,43.0,117.0,26.39,38.0,10.0,28.0,27.0,5198296.0,1386776.0,2258416.0,594320.0,14.0,0.0,51.0,10.0,0.0,390.0,0.0,5e-05,20000000.0,51982960.0,13867760.0,22584160.0,5943200.0,0.73125,0.7368421052631579
1785,1785.0,1.0,320.0,89.0,231.0,24.45,171.0,45.0,126.0,27.0,1584976.0,408576.0,1975848.0,519960.0,4.0,0.0,51.0,10.0,0.0,3280.0,0.0,5e-05,20000000.0,15849760.0,4085760.0,19758480.0,5199600.0,0.721875,0.7368421052631579
1786,1786.0,1.0,160.0,43.0,117.0,19.35,38.0,10.0,28.0,15.63,2191528.0,581096.0,70832.0,18640.0,14.0,0.0,51.0,10.0,0.0,4430.0,0.0,5e-05,20000000.0,21915280.0,5810960.0,708320.0,186400.0,0.73125,0.7368421052631579
1787,1787.0,1.0,160.0,43.0,117.0,19.74,38.0,10.0,28.0,14.37,2820888.0,718848.0,70832.0,18640.0,14.0,0.0,51.0,10.0,0.0,5000.0,0.0,5e-05,20000000.0,28208880.0,7188480.0,708320.0,186400.0,0.73125,0.7368421052631579
1788,1788.0,1.0,320.0,80.0,240.0,26.56,171.0,45.0,126.0,25.63,1942144.0,485536.0,1581384.0,421344.0,4.0,0.0,51.0,10.0,0.0,1900.0,0.0,5e-05,20000000.0,19421440.0,4855360.0,15813840.0,4213440.0,0.75,0.7368421052631579
1789,1789.0,1.0,320.0,80.0,240.0,26.56,171.0,45.0,126.0,27.0,1942144.0,485536.0,1975848.0,519960.0,4.0,0.0,51.0,10.0,0.0,330.0,0.0,5e-05,20000000.0,19421440.0,4855360.0,19758480.0,5199600.0,0.75,0.7368421052631579
1790,1790.0,1.0,320.0,80.0,240.0,26.48,171.0,52.0,119.0,25.58,1915904.0,478976.0,1732616.0,477912.0,4.0,0.0,51.0,10.0,0.0,1590.0,0.0,5e-05,20000000.0,19159040.0,4789760.0,17326160.0,4779120.0,0.75,0.695906432748538
1791,1791.0,1.0,320.0,105.0,215.0,22.59,171.0,61.0,110.0,24.16,1423968.0,404264.0,1603744.0,472112.0,4.0,0.0,51.0,10.0,0.0,1400.0,0.0,5e-05,20000000.0,14239680.0,4042640.0,16037440.0,4721120.0,0.671875,0.6432748538011696
1792,1792.0,1.0,320.0,107.0,213.0,23.38,304.0,103.0,201.0,24.42,381656.0,105584.0,1183816.0,335464.0,2.0,0.0,51.0,10.0,0.0,2250.0,0.0,5e-05,20000000.0,3816560.0,1055840.0,11838160.0,3354640.0,0.665625,0.6611842105263158
1793,1793.0,1.0,320.0,103.0,217.0,23.88,171.0,52.0,119.0,25.58,1561832.0,440656.0,1822576.0,496104.0,4.0,0.0,51.0,10.0,0.0,1520.0,0.0,5e-05,20000000.0,15618320.0,4406560.0,18225760.0,4961040.0,0.678125,0.695906432748538
1794,1794.0,1.0,290.0,78.0,212.0,18.84,95.0,26.0,69.0,22.47,2370184.0,677704.0,1815392.0,494888.0,7.0,0.0,51.0,10.0,0.0,3530.0,0.0,5e-05,20000000.0,23701840.0,6777040.0,18153920.0,4948880.0,0.7310344827586207,0.7263157894736842
1795,1795.0,1.0,320.0,80.0,240.0,26.42,171.0,45.0,126.0,27.0,1915904.0,478976.0,1975848.0,519960.0,4.0,0.0,51.0,10.0,0.0,2470.0,0.0,5e-05,20000000.0,19159040.0,4789760.0,19758480.0,5199600.0,0.75,0.7368421052631579
1796,1796.0,1.0,320.0,94.0,226.0,25.3,304.0,80.0,224.0,27.0,458704.0,121200.0,1361920.0,358400.0,2.0,0.0,51.0,10.0,0.0,1230.0,0.0,5e-05,20000000.0,4587040.0,1212000.0,13619200.0,3584000.0,0.70625,0.7368421052631579
1797,1797.0,1.0,320.0,80.0,240.0,26.6,304.0,80.0,224.0,27.0,487424.0,121856.0,1361920.0,358400.0,2.0,0.0,51.0,10.0,0.0,260.0,0.0,5e-05,20000000.0,4874240.0,1218560.0,13619200.0,3584000.0,0.75,0.7368421052631579
1798,1798.0,1.0,290.0,80.0,210.0,23.7,95.0,26.0,69.0,22.87,3497832.0,956952.0,2025480.0,547752.0,7.0,0.0,51.0,10.0,0.0,3030.0,0.0,5e-05,20000000.0,34978320.0,9569520.0,20254800.0,5477520.0,0.7241379310344828,0.7263157894736842
1799,1799.0,1.0,320.0,91.0,229.0,18.88,171.0,53.0,118.0,20.53,1117832.0,283024.0,1329168.0,368960.0,4.0,0.0,51.0,10.0,0.0,4460.0,0.0,5e-05,20000000.0,11178320.0,2830240.0,13291680.0,3689600.0,0.715625,0.6900584795321637
1800,1800.0,1.0,290.0,78.0,212.0,23.66,95.0,25.0,70.0,27.0,3806472.0,1036776.0,2320888.0,610760.0,7.0,0.0,51.0,10.0,0.0,3640.0,0.0,5e-05,20000000.0,38064720.0,10367760.0,23208880.0,6107600.0,0.7310344827586207,0.7368421052631579
1801,1801.0,1.0,160.0,43.0,117.0,24.36,38.0,10.0,28.0,24.16,4410904.0,1189928.0,1797872.0,479184.0,14.0,0.0,51.0,10.0,0.0,3190.0,0.0,5e-05,20000000.0,44109040.0,11899280.0,17978720.0,4791840.0,0.73125,0.7368421052631579
1802,1802.0,1.0,320.0,91.0,229.0,25.3,304.0,80.0,224.0,27.0,444232.0,116184.0,1361920.0,358400.0,2.0,0.0,51.0,10.0,0.0,3140.0,0.0,5e-05,20000000.0,4442320.0,1161840.0,13619200.0,3584000.0,0.715625,0.7368421052631579
1803,1803.0,1.0,290.0,79.0,211.0,25.74,95.0,25.0,70.0,27.0,4337192.0,1174544.0,2320888.0,610760.0,7.0,0.0,51.0,10.0,0.0,2220.0,0.0,5e-05,20000000.0,43371920.0,11745440.0,23208880.0,6107600.0,0.7275862068965517,0.7368421052631579
1804,1804.0,1.0,320.0,109.0,211.0,21.82,304.0,102.0,202.0,23.09,371648.0,97984.0,1023088.0,274512.0,2.0,0.0,51.0,10.0,0.0,3510.0,0.0,5e-05,20000000.0,3716480.0,979840.0,10230880.0,2745120.0,0.659375,0.6644736842105263
1805,1805.0,1.0,160.0,45.0,115.0,26.14,38.0,12.0,26.0,25.58,5256576.0,1389504.0,2143280.0,598048.0,14.0,0.0,51.0,10.0,0.0,100.0,0.0,5e-05,20000000.0,52565760.0,13895040.0,21432800.0,5980480.0,0.71875,0.6842105263157895
1806,1806.0,1.0,160.0,43.0,117.0,25.82,38.0,10.0,28.0,27.0,4961304.0,1327528.0,2258416.0,594320.0,14.0,0.0,51.0,10.0,0.0,3980.0,0.0,5e-05,20000000.0,49613040.0,13275280.0,22584160.0,5943200.0,0.73125,0.7368421052631579
1807,1807.0,1.0,290.0,79.0,211.0,26.49,95.0,25.0,70.0,27.0,4703272.0,1266064.0,2320888.0,610760.0,7.0,0.0,51.0,10.0,0.0,160.0,0.0,5e-05,20000000.0,47032720.0,12660640.0,23208880.0,6107600.0,0.7275862068965517,0.7368421052631579
1808,1808.0,1.0,290.0,80.0,210.0,26.36,95.0,25.0,70.0,27.0,4696232.0,1265112.0,2320888.0,610760.0,7.0,0.0,51.0,10.0,0.0,1320.0,0.0,5e-05,20000000.0,46962320.0,12651120.0,23208880.0,6107600.0,0.7241379310344828,0.7368421052631579
1809,1809.0,1.0,160.0,43.0,117.0,20.94,38.0,10.0,28.0,18.47,3330176.0,875552.0,991920.0,248912.0,14.0,0.0,51.0,10.0,0.0,3130.0,0.0,5e-05,20000000.0,33301760.0,8755520.0,9919200.0,2489120.0,0.73125,0.7368421052631579
1810,1810.0,1.0,160.0,49.0,111.0,25.27,38.0,14.0,24.0,24.16,4962048.0,1356600.0,2028144.0,601776.0,14.0,0.0,51.0,10.0,0.0,250.0,0.0,5e-05,20000000.0,49620480.0,13566000.0,20281440.0,6017760.0,0.69375,0.631578947368421
1811,1811.0,1.0,320.0,94.0,226.0,23.26,304.0,95.0,209.0,22.57,410464.0,108336.0,1001368.0,273560.0,2.0,0.0,51.0,10.0,0.0,4080.0,0.0,5e-05,20000000.0,4104640.0,1083360.0,10013680.0,2735600.0,0.70625,0.6875
1812,1812.0,1.0,320.0,84.0,236.0,21.82,171.0,48.0,123.0,24.19,1167256.0,299000.0,1388504.0,370440.0,4.0,0.0,51.0,10.0,0.0,4740.0,0.0,5e-05,20000000.0,11672560.0,2990000.0,13885040.0,3704400.0,0.7375,0.7192982456140351
1813,1813.0,1.0,160.0,43.0,117.0,21.06,38.0,10.0,28.0,21.32,3161472.0,867776.0,1337328.0,364048.0,14.0,0.0,51.0,10.0,0.0,4180.0,0.0,5e-05,20000000.0,31614720.0,8677760.0,13373280.0,3640480.0,0.73125,0.7368421052631579
1814,1814.0,1.0,320.0,89.0,231.0,23.66,171.0,45.0,126.0,27.0,1515608.0,393088.0,1975848.0,519960.0,4.0,0.0,51.0,10.0,0.0,3640.0,0.0,5e-05,20000000.0,15156080.0,3930880.0,19758480.0,5199600.0,0.721875,0.7368421052631579
1815,1815.0,1.0,290.0,78.0,212.0,26.31,95.0,25.0,70.0,27.0,4679112.0,1247184.0,2320888.0,610760.0,7.0,0.0,51.0,10.0,0.0,880.0,0.0,5e-05,20000000.0,46791120.0,12471840.0,23208880.0,6107600.0,0.7310344827586207,0.7368421052631579
1816,1816.0,1.0,160.0,46.0,114.0,25.08,38.0,10.0,28.0,25.58,4155936.0,1155320.0,1797872.0,479184.0,14.0,0.0,51.0,10.0,0.0,1460.0,0.0,5e-05,20000000.0,41559360.0,11553200.0,17978720.0,4791840.0,0.7125,0.7368421052631579
1817,1817.0,1.0,320.0,80.0,240.0,26.65,304.0,80.0,224.0,27.0,494080.0,123520.0,1361920.0,358400.0,2.0,0.0,51.0,10.0,0.0,70.0,0.0,5e-05,20000000.0,4940800.0,1235200.0,13619200.0,3584000.0,0.75,0.7368421052631579
1818,1818.0,1.0,290.0,86.0,204.0,25.51,95.0,35.0,60.0,24.16,4480712.0,1220360.0,2084552.0,618728.0,7.0,0.0,51.0,10.0,0.0,750.0,0.0,5e-05,20000000.0,44807120.0,12203600.0,20845520.0,6187280.0,0.7034482758620689,0.631578947368421
1819,1819.0,1.0,320.0,109.0,211.0,22.48,171.0,64.0,107.0,18.71,1453400.0,423584.0,1121096.0,336440.0,4.0,0.0,51.0,10.0,0.0,2600.0,0.0,5e-05,20000000.0,14534000.0,4235840.0,11210960.0,3364400.0,0.659375,0.6257309941520468
1820,1820.0,1.0,320.0,94.0,226.0,25.3,304.0,80.0,224.0,27.0,458704.0,121200.0,1361920.0,358400.0,2.0,0.0,51.0,10.0,0.0,1050.0,0.0,5e-05,20000000.0,4587040.0,1212000.0,13619200.0,3584000.0,0.70625,0.7368421052631579
1821,1821.0,1.0,290.0,88.0,202.0,24.96,95.0,26.0,69.0,25.58,4148392.0,1151736.0,2018896.0,519736.0,7.0,0.0,51.0,10.0,0.0,1940.0,0.0,5e-05,20000000.0,41483920.0,11517360.0,20188960.0,5197360.0,0.696551724137931,0.7263157894736842
1822,1822.0,1.0,320.0,80.0,240.0,26.56,171.0,45.0,126.0,27.0,1942144.0,485536.0,1975848.0,519960.0,4.0,0.0,51.0,10.0,0.0,280.0,0.0,5e-05,20000000.0,19421440.0,4855360.0,19758480.0,5199600.0,0.75,0.7368421052631579
1823,1823.0,1.0,290.0,80.0,210.0,24.09,95.0,25.0,70.0,27.0,3617672.0,991192.0,2320888.0,610760.0,7.0,0.0,51.0,10.0,0.0,2980.0,0.0,5e-05,20000000.0,36176720.0,9911920.0,23208880.0,6107600.0,0.7241379310344828,0.7368421052631579
1824,1824.0,1.0,320.0,80.0,240.0,26.5,304.0,92.0,212.0,25.58,479744.0,119936.0,1240288.0,342656.0,2.0,0.0,51.0,10.0,0.0,2110.0,0.0,5e-05,20000000.0,4797440.0,1199360.0,12402880.0,3426560.0,0.75,0.6973684210526315
1825,1825.0,1.0,320.0,94.0,226.0,24.28,171.0,50.0,121.0,25.58,1604128.0,426016.0,1580096.0,432568.0,4.0,0.0,51.0,10.0,0.0,2030.0,0.0,5e-05,20000000.0,16041280.0,4260160.0,15800960.0,4325680.0,0.70625,0.7076023391812866
1826,1826.0,1.0,320.0,80.0,240.0,26.5,171.0,45.0,126.0,27.0,1942144.0,485536.0,1975848.0,519960.0,4.0,0.0,51.0,10.0,0.0,1330.0,0.0,5e-05,20000000.0,19421440.0,4855360.0,19758480.0,5199600.0,0.75,0.7368421052631579
1827,1827.0,1.0,320.0,109.0,211.0,22.31,304.0,99.0,205.0,24.16,381520.0,109296.0,1196848.0,334920.0,2.0,0.0,51.0,10.0,0.0,3290.0,0.0,5e-05,20000000.0,3815200.0,1092960.0,11968480.0,3349200.0,0.659375,0.6743421052631579
1828,1828.0,1.0,320.0,80.0,240.0,26.21,171.0,50.0,121.0,23.4,1942144.0,485536.0,1120368.0,308744.0,4.0,0.0,51.0,10.0,0.0,4050.0,0.0,5e-05,20000000.0,19421440.0,4855360.0,11203680.0,3087440.0,0.75,0.7076023391812866
1829,1829.0,1.0,320.0,102.0,218.0,23.0,171.0,50.0,121.0,24.95,1423424.0,398120.0,1653752.0,450760.0,4.0,0.0,51.0,10.0,0.0,2180.0,0.0,5e-05,20000000.0,14234240.0,3981200.0,16537520.0,4507600.0,0.68125,0.7076023391812866
1830,1830.0,1.0,290.0,78.0,212.0,20.97,95.0,25.0,70.0,23.06,3145352.0,871496.0,1848216.0,492592.0,7.0,0.0,51.0,10.0,0.0,4480.0,0.0,5e-05,20000000.0,31453520.0,8714960.0,18482160.0,4925920.0,0.7310344827586207,0.7368421052631579
1831,1831.0,1.0,290.0,78.0,212.0,25.5,95.0,25.0,70.0,27.0,4326632.0,1145416.0,2320888.0,610760.0,7.0,0.0,51.0,10.0,0.0,3870.0,0.0,5e-05,20000000.0,43266320.0,11454160.0,23208880.0,6107600.0,0.7310344827586207,0.7368421052631579
1832,1832.0,1.0,290.0,78.0,212.0,26.45,95.0,25.0,70.0,27.0,4747592.0,1246376.0,2320888.0,610760.0,7.0,0.0,51.0,10.0,0.0,1790.0,0.0,5e-05,20000000.0,47475920.0,12463760.0,23208880.0,6107600.0,0.7310344827586207,0.7368421052631579
1833,1833.0,1.0,320.0,80.0,240.0,26.6,304.0,80.0,224.0,27.0,487424.0,121856.0,1361920.0,358400.0,2.0,0.0,51.0,10.0,0.0,820.0,0.0,5e-05,20000000.0,4874240.0,1218560.0,13619200.0,3584000.0,0.75,0.7368421052631579
1834,1834.0,1.0,290.0,78.0,212.0,22.31,95.0,25.0,70.0,23.33,3463592.0,938216.0,1848216.0,492592.0,7.0,0.0,51.0,10.0,0.0,4540.0,0.0,5e-05,20000000.0,34635920.0,9382160.0,18482160.0,4925920.0,0.7310344827586207,0.7368421052631579
1835,1835.0,1.0,290.0,78.0,212.0,26.49,95.0,25.0,70.0,27.0,4703272.0,1248136.0,2320888.0,610760.0,7.0,0.0,51.0,10.0,0.0,1540.0,0.0,5e-05,20000000.0,47032720.0,12481360.0,23208880.0,6107600.0,0.7310344827586207,0.7368421052631579
1836,1836.0,1.0,290.0,78.0,212.0,20.08,95.0,25.0,70.0,19.89,2008872.0,540296.0,548368.0,138088.0,7.0,0.0,51.0,10.0,0.0,4130.0,0.0,5e-05,20000000.0,20088720.0,5402960.0,5483680.0,1380880.0,0.7310344827586207,0.7368421052631579
1837,1837.0,1.0,160.0,45.0,115.0,25.65,38.0,12.0,26.0,25.58,4702296.0,1270328.0,2143280.0,598048.0,14.0,0.0,51.0,10.0,0.0,1300.0,0.0,5e-05,20000000.0,47022960.0,12703280.0,21432800.0,5980480.0,0.71875,0.6842105263157895
1838,1838.0,1.0,160.0,43.0,117.0,26.5,38.0,10.0,28.0,27.0,5090776.0,1359896.0,2258416.0,594320.0,14.0,0.0,51.0,10.0,0.0,170.0,0.0,5e-05,20000000.0,50907760.0,13598960.0,22584160.0,5943200.0,0.73125,0.7368421052631579
1839,1839.0,1.0,290.0,82.0,208.0,24.49,95.0,29.0,66.0,24.44,4131272.0,1112648.0,1946712.0,550416.0,7.0,0.0,51.0,10.0,0.0,2040.0,0.0,5e-05,20000000.0,41312720.0,11126480.0,19467120.0,5504160.0,0.7172413793103448,0.6947368421052632
1840,1840.0,1.0,320.0,80.0,240.0,25.35,304.0,80.0,224.0,27.0,392704.0,98176.0,1361920.0,358400.0,2.0,0.0,51.0,10.0,0.0,1190.0,0.0,5e-05,20000000.0,3927040.0,981760.0,13619200.0,3584000.0,0.75,0.7368421052631579
1841,1841.0,1.0,160.0,43.0,117.0,19.78,38.0,10.0,28.0,14.37,2820888.0,718848.0,70832.0,18640.0,14.0,0.0,51.0,10.0,0.0,3000.0,0.0,5e-05,20000000.0,28208880.0,7188480.0,708320.0,186400.0,0.73125,0.7368421052631579
1842,1842.0,1.0,160.0,43.0,117.0,25.99,38.0,10.0,28.0,27.0,4697080.0,1261472.0,2258416.0,594320.0,14.0,0.0,51.0,10.0,0.0,2280.0,0.0,5e-05,20000000.0,46970800.0,12614720.0,22584160.0,5943200.0,0.73125,0.7368421052631579
1843,1843.0,1.0,290.0,78.0,212.0,25.93,95.0,25.0,70.0,27.0,4371656.0,1157648.0,2320888.0,610760.0,7.0,0.0,51.0,10.0,0.0,2160.0,0.0,5e-05,20000000.0,43716560.0,11576480.0,23208880.0,6107600.0,0.7310344827586207,0.7368421052631579
1844,1844.0,1.0,290.0,79.0,211.0,26.54,95.0,25.0,70.0,27.0,4764712.0,1281424.0,2320888.0,610760.0,7.0,0.0,51.0,10.0,0.0,120.0,0.0,5e-05,20000000.0,47647120.0,12814240.0,23208880.0,6107600.0,0.7275862068965517,0.7368421052631579
1845,1845.0,1.0,320.0,89.0,231.0,25.25,304.0,80.0,224.0,27.0,427928.0,111176.0,1361920.0,358400.0,2.0,0.0,51.0,10.0,0.0,2870.0,0.0,5e-05,20000000.0,4279280.0,1111760.0,13619200.0,3584000.0,0.721875,0.7368421052631579
1846,1846.0,1.0,290.0,78.0,212.0,22.3,95.0,26.0,69.0,21.68,3059752.0,803016.0,1548960.0,402024.0,7.0,0.0,51.0,10.0,0.0,3970.0,0.0,5e-05,20000000.0,30597520.0,8030160.0,15489600.0,4020240.0,0.7310344827586207,0.7263157894736842
1847,1847.0,1.0,320.0,80.0,240.0,26.65,304.0,80.0,224.0,25.63,494080.0,123520.0,1089536.0,290304.0,2.0,0.0,51.0,10.0,0.0,1900.0,0.0,5e-05,20000000.0,4940800.0,1235200.0,10895360.0,2903040.0,0.75,0.7368421052631579
1848,1848.0,1.0,160.0,43.0,117.0,24.09,38.0,10.0,28.0,24.16,3459648.0,907920.0,1452464.0,364048.0,14.0,0.0,51.0,10.0,0.0,2130.0,0.0,5e-05,20000000.0,34596480.0,9079200.0,14524640.0,3640480.0,0.73125,0.7368421052631579
1849,1849.0,1.0,320.0,80.0,240.0,26.65,304.0,80.0,224.0,27.0,494080.0,123520.0,1361920.0,358400.0,2.0,0.0,51.0,10.0,0.0,1440.0,0.0,5e-05,20000000.0,4940800.0,1235200.0,13619200.0,3584000.0,0.75,0.7368421052631579
1850,1850.0,1.0,160.0,43.0,117.0,22.09,38.0,10.0,28.0,24.16,3114224.0,836376.0,1337328.0,364048.0,14.0,0.0,51.0,10.0,0.0,4500.0,0.0,5e-05,20000000.0,31142240.0,8363760.0,13373280.0,3640480.0,0.73125,0.7368421052631579
1851,1851.0,1.0,290.0,78.0,212.0,26.37,95.0,25.0,70.0,25.63,4579080.0,1229928.0,1857752.0,494976.0,7.0,0.0,51.0,10.0,0.0,1100.0,0.0,5e-05,20000000.0,45790800.0,12299280.0,18577520.0,4949760.0,0.7310344827586207,0.7368421052631579
1852,1852.0,1.0,320.0,91.0,229.0,25.15,171.0,45.0,126.0,27.0,1741864.0,455576.0,1975848.0,519960.0,4.0,0.0,51.0,10.0,0.0,1230.0,0.0,5e-05,20000000.0,17418640.0,4555760.0,19758480.0,5199600.0,0.715625,0.7368421052631579
1853,1853.0,1.0,290.0,94.0,196.0,23.85,95.0,34.0,61.0,24.16,3960072.0,1156584.0,2073624.0,618720.0,7.0,0.0,51.0,10.0,0.0,1170.0,0.0,5e-05,20000000.0,39600720.0,11565840.0,20736240.0,6187200.0,0.6758620689655173,0.6421052631578947
1854,1854.0,1.0,160.0,43.0,117.0,26.39,38.0,10.0,28.0,27.0,5355000.0,1425952.0,2258416.0,594320.0,14.0,0.0,51.0,10.0,0.0,290.0,0.0,5e-05,20000000.0,53550000.0,14259520.0,22584160.0,5943200.0,0.73125,0.7368421052631579
1855,1855.0,1.0,320.0,80.0,240.0,26.48,171.0,52.0,119.0,25.58,1915904.0,478976.0,1696232.0,468816.0,4.0,0.0,51.0,10.0,0.0,1610.0,0.0,5e-05,20000000.0,19159040.0,4789760.0,16962320.0,4688160.0,0.75,0.695906432748538
1856,1856.0,1.0,320.0,91.0,229.0,24.45,171.0,45.0,126.0,27.0,1516328.0,398760.0,1975848.0,519960.0,4.0,0.0,51.0,10.0,0.0,2860.0,0.0,5e-05,20000000.0,15163280.0,3987600.0,19758480.0,5199600.0,0.715625,0.7368421052631579
1857,1857.0,1.0,290.0,78.0,212.0,26.54,95.0,25.0,70.0,27.0,4764712.0,1263496.0,2320888.0,610760.0,7.0,0.0,51.0,10.0,0.0,3990.0,0.0,5e-05,20000000.0,47647120.0,12634960.0,23208880.0,6107600.0,0.7310344827586207,0.7368421052631579
1858,1858.0,1.0,290.0,80.0,210.0,25.67,95.0,29.0,66.0,25.01,4412232.0,1198392.0,2158128.0,602928.0,7.0,0.0,51.0,10.0,0.0,1670.0,0.0,5e-05,20000000.0,44122320.0,11983920.0,21581280.0,6029280.0,0.7241379310344828,0.6947368421052632
1859,1859.0,1.0,320.0,90.0,230.0,18.82,171.0,52.0,119.0,20.9,1018376.0,267032.0,1136832.0,319704.0,4.0,0.0,51.0,10.0,0.0,4930.0,0.0,5e-05,20000000.0,10183760.0,2670320.0,11368320.0,3197040.0,0.71875,0.695906432748538
1860,1860.0,1.0,290.0,80.0,210.0,22.21,95.0,26.0,69.0,21.62,3275272.0,871352.0,1129192.0,297424.0,7.0,0.0,51.0,10.0,0.0,3070.0,0.0,5e-05,20000000.0,32752720.0,8713520.0,11291920.0,2974240.0,0.7241379310344828,0.7263157894736842
1861,1861.0,1.0,160.0,43.0,117.0,24.59,38.0,10.0,28.0,27.0,3741392.0,973144.0,2258416.0,594320.0,14.0,0.0,51.0,10.0,0.0,2790.0,0.0,5e-05,20000000.0,37413920.0,9731440.0,22584160.0,5943200.0,0.73125,0.7368421052631579
1862,1862.0,1.0,290.0,81.0,209.0,26.17,95.0,25.0,70.0,27.0,4593512.0,1248800.0,2320888.0,610760.0,7.0,0.0,51.0,10.0,0.0,1050.0,0.0,5e-05,20000000.0,45935120.0,12488000.0,23208880.0,6107600.0,0.7206896551724138,0.7368421052631579
1863,1863.0,1.0,320.0,80.0,240.0,26.6,304.0,80.0,224.0,27.0,487424.0,121856.0,1361920.0,358400.0,2.0,0.0,51.0,10.0,0.0,1540.0,0.0,5e-05,20000000.0,4874240.0,1218560.0,13619200.0,3584000.0,0.75,0.7368421052631579
1864,1864.0,1.0,320.0,90.0,230.0,24.47,171.0,57.0,114.0,23.53,1693128.0,440864.0,1405992.0,386880.0,4.0,0.0,51.0,10.0,0.0,2040.0,0.0,5e-05,20000000.0,16931280.0,4408640.0,14059920.0,3868800.0,0.71875,0.6666666666666666
1865,1865.0,1.0,320.0,80.0,240.0,26.65,304.0,80.0,224.0,27.0,494080.0,123520.0,1361920.0,358400.0,2.0,0.0,51.0,10.0,0.0,390.0,0.0,5e-05,20000000.0,4940800.0,1235200.0,13619200.0,3584000.0,0.75,0.7368421052631579
1866,1866.0,1.0,320.0,80.0,240.0,26.6,304.0,80.0,224.0,27.0,487424.0,121856.0,1361920.0,358400.0,2.0,0.0,51.0,10.0,0.0,160.0,0.0,5e-05,20000000.0,4874240.0,1218560.0,13619200.0,3584000.0,0.75,0.7368421052631579
1867,1867.0,1.0,160.0,43.0,117.0,26.27,38.0,10.0,28.0,25.58,5096576.0,1326752.0,1913008.0,479184.0,14.0,0.0,51.0,10.0,0.0,4940.0,0.0,5e-05,20000000.0,50965760.0,13267520.0,19130080.0,4791840.0,0.73125,0.7368421052631579
1868,1868.0,1.0,290.0,79.0,211.0,26.03,95.0,25.0,70.0,27.0,4422312.0,1195824.0,2320888.0,610760.0,7.0,0.0,51.0,10.0,0.0,3140.0,0.0,5e-05,20000000.0,44223120.0,11958240.0,23208880.0,6107600.0,0.7275862068965517,0.7368421052631579
1869,1869.0,1.0,160.0,43.0,117.0,23.32,38.0,10.0,28.0,22.74,3974736.0,1031480.0,1337328.0,364048.0,14.0,0.0,51.0,10.0,0.0,3250.0,0.0,5e-05,20000000.0,39747360.0,10314800.0,13373280.0,3640480.0,0.73125,0.7368421052631579
1870,1870.0,1.0,290.0,78.0,212.0,23.47,95.0,25.0,70.0,21.64,3898632.0,1025576.0,1375544.0,374424.0,7.0,0.0,51.0,10.0,0.0,4760.0,0.0,5e-05,20000000.0,38986320.0,10255760.0,13755440.0,3744240.0,0.7310344827586207,0.7368421052631579
1871,1871.0,1.0,290.0,82.0,208.0,25.24,95.0,30.0,65.0,23.61,4097032.0,1095528.0,1867552.0,511480.0,7.0,0.0,51.0,10.0,0.0,1810.0,0.0,5e-05,20000000.0,40970320.0,10955280.0,18675520.0,5114800.0,0.7172413793103448,0.6842105263157895
1872,1872.0,1.0,320.0,92.0,228.0,22.85,171.0,50.0,121.0,22.83,1300440.0,343408.0,1295672.0,361240.0,4.0,0.0,51.0,10.0,0.0,3380.0,0.0,5e-05,20000000.0,13004400.0,3434080.0,12956720.0,3612400.0,0.7125,0.7076023391812866
1873,1873.0,1.0,320.0,87.0,233.0,25.12,171.0,45.0,126.0,27.0,1562864.0,403208.0,1975848.0,519960.0,4.0,0.0,51.0,10.0,0.0,2850.0,0.0,5e-05,20000000.0,15628640.0,4032080.0,19758480.0,5199600.0,0.728125,0.7368421052631579
1874,1874.0,1.0,290.0,80.0,210.0,23.85,95.0,25.0,70.0,25.58,3669032.0,956952.0,1966384.0,492592.0,7.0,0.0,51.0,10.0,0.0,2970.0,0.0,5e-05,20000000.0,36690320.0,9569520.0,19663840.0,4925920.0,0.7241379310344828,0.7368421052631579
1875,1875.0,1.0,290.0,84.0,206.0,23.31,95.0,28.0,67.0,22.49,3830152.0,1030424.0,1790088.0,470760.0,7.0,0.0,51.0,10.0,0.0,2390.0,0.0,5e-05,20000000.0,38301520.0,10304240.0,17900880.0,4707600.0,0.7103448275862069,0.7052631578947368
1876,1876.0,1.0,290.0,79.0,211.0,26.4,95.0,25.0,70.0,27.0,4686152.0,1248944.0,2320888.0,610760.0,7.0,0.0,51.0,10.0,0.0,620.0,0.0,5e-05,20000000.0,46861520.0,12489440.0,23208880.0,6107600.0,0.7275862068965517,0.7368421052631579
1877,1877.0,1.0,320.0,80.0,240.0,26.54,171.0,45.0,126.0,27.0,1942144.0,485536.0,1975848.0,519960.0,4.0,0.0,51.0,10.0,0.0,3790.0,0.0,5e-05,20000000.0,19421440.0,4855360.0,19758480.0,5199600.0,0.75,0.7368421052631579
1878,1878.0,1.0,320.0,80.0,240.0,26.56,171.0,45.0,126.0,27.0,1942144.0,485536.0,1975848.0,519960.0,4.0,0.0,51.0,10.0,0.0,550.0,0.0,5e-05,20000000.0,19421440.0,4855360.0,19758480.0,5199600.0,0.75,0.7368421052631579
1879,1879.0,1.0,320.0,104.0,216.0,24.2,304.0,93.0,211.0,25.58,426544.0,117016.0,1266352.0,347136.0,2.0,0.0,51.0,10.0,0.0,1940.0,0.0,5e-05,20000000.0,4265440.0,1170160.0,12663520.0,3471360.0,0.675,0.694078947368421
1880,1880.0,1.0,320.0,107.0,213.0,21.17,304.0,95.0,209.0,22.5,345920.0,96248.0,1036120.0,282248.0,2.0,0.0,51.0,10.0,0.0,4480.0,0.0,5e-05,20000000.0,3459200.0,962480.0,10361200.0,2822480.0,0.665625,0.6875
1881,1881.0,1.0,320.0,80.0,240.0,26.48,171.0,48.0,123.0,24.99,1915904.0,478976.0,1564904.0,423608.0,4.0,0.0,51.0,10.0,0.0,2820.0,0.0,5e-05,20000000.0,19159040.0,4789760.0,15649040.0,4236080.0,0.75,0.7192982456140351
1882,1882.0,1.0,320.0,92.0,228.0,24.93,171.0,45.0,126.0,27.0,1705160.0,448280.0,1975848.0,519960.0,4.0,0.0,51.0,10.0,0.0,2270.0,0.0,5e-05,20000000.0,17051600.0,4482800.0,19758480.0,5199600.0,0.7125,0.7368421052631579
1883,1883.0,1.0,160.0,44.0,116.0,25.93,38.0,11.0,27.0,25.58,4724984.0,1269400.0,1970576.0,538616.0,14.0,0.0,51.0,10.0,0.0,1060.0,0.0,5e-05,20000000.0,47249840.0,12694000.0,19705760.0,5386160.0,0.725,0.7105263157894737
1884,1884.0,1.0,160.0,44.0,116.0,25.64,38.0,11.0,27.0,24.16,4864592.0,1309296.0,1510032.0,423480.0,14.0,0.0,51.0,10.0,0.0,1670.0,0.0,5e-05,20000000.0,48645920.0,13092960.0,15100320.0,4234800.0,0.725,0.7105263157894737
1885,1885.0,1.0,320.0,102.0,218.0,23.13,304.0,106.0,198.0,22.57,399208.0,110456.0,1036120.0,305464.0,2.0,0.0,51.0,10.0,0.0,3070.0,0.0,5e-05,20000000.0,3992080.0,1104560.0,10361200.0,3054640.0,0.68125,0.6513157894736842
1886,1886.0,1.0,160.0,43.0,117.0,24.63,38.0,10.0,28.0,24.16,4177176.0,1131496.0,1797872.0,479184.0,14.0,0.0,51.0,10.0,0.0,2510.0,0.0,5e-05,20000000.0,41771760.0,11314960.0,17978720.0,4791840.0,0.73125,0.7368421052631579
1887,1887.0,1.0,160.0,43.0,117.0,26.33,38.0,10.0,28.0,27.0,5078216.0,1346768.0,2258416.0,594320.0,14.0,0.0,51.0,10.0,0.0,610.0,0.0,5e-05,20000000.0,50782160.0,13467680.0,22584160.0,5943200.0,0.73125,0.7368421052631579
1888,1888.0,1.0,320.0,91.0,229.0,24.95,304.0,94.0,210.0,24.69,444232.0,116184.0,1092592.0,308176.0,2.0,0.0,51.0,10.0,0.0,3690.0,0.0,5e-05,20000000.0,4442320.0,1161840.0,10925920.0,3081760.0,0.715625,0.6907894736842105
1889,1889.0,1.0,290.0,80.0,210.0,26.02,95.0,25.0,70.0,27.0,4388552.0,1192472.0,2320888.0,610760.0,7.0,0.0,51.0,10.0,0.0,2280.0,0.0,5e-05,20000000.0,43885520.0,11924720.0,23208880.0,6107600.0,0.7241379310344828,0.7368421052631579
1890,1890.0,1.0,320.0,80.0,240.0,26.56,171.0,45.0,126.0,27.0,1942144.0,485536.0,1975848.0,519960.0,4.0,0.0,51.0,10.0,0.0,1990.0,0.0,5e-05,20000000.0,19421440.0,4855360.0,19758480.0,5199600.0,0.75,0.7368421052631579
1891,1891.0,1.0,160.0,43.0,117.0,24.88,38.0,10.0,28.0,25.58,4254200.0,1150752.0,1797872.0,479184.0,14.0,0.0,51.0,10.0,0.0,2960.0,0.0,5e-05,20000000.0,42542000.0,11507520.0,17978720.0,4791840.0,0.73125,0.7368421052631579
1892,1892.0,1.0,160.0,43.0,117.0,23.86,38.0,10.0,28.0,22.74,3853344.0,1006344.0,1452464.0,364048.0,14.0,0.0,51.0,10.0,0.0,4170.0,0.0,5e-05,20000000.0,38533440.0,10063440.0,14524640.0,3640480.0,0.73125,0.7368421052631579
1893,1893.0,1.0,320.0,90.0,230.0,25.15,304.0,80.0,224.0,27.0,425072.0,110928.0,1361920.0,358400.0,2.0,0.0,51.0,10.0,0.0,3580.0,0.0,5e-05,20000000.0,4250720.0,1109280.0,13619200.0,3584000.0,0.71875,0.7368421052631579
1894,1894.0,1.0,290.0,78.0,212.0,23.96,95.0,26.0,69.0,21.34,3607592.0,974216.0,1391360.0,388880.0,7.0,0.0,51.0,10.0,0.0,3920.0,0.0,5e-05,20000000.0,36075920.0,9742160.0,13913600.0,3888800.0,0.7310344827586207,0.7263157894736842
1895,1895.0,1.0,320.0,107.0,213.0,23.95,304.0,93.0,211.0,25.58,436192.0,122032.0,1266352.0,347136.0,2.0,0.0,51.0,10.0,0.0,1260.0,0.0,5e-05,20000000.0,4361920.0,1220320.0,12663520.0,3471360.0,0.665625,0.694078947368421
1896,1896.0,1.0,320.0,80.0,240.0,26.5,171.0,45.0,126.0,27.0,1942144.0,485536.0,1975848.0,519960.0,4.0,0.0,51.0,10.0,0.0,1270.0,0.0,5e-05,20000000.0,19421440.0,4855360.0,19758480.0,5199600.0,0.75,0.7368421052631579
1897,1897.0,1.0,320.0,94.0,226.0,25.17,304.0,80.0,224.0,27.0,458704.0,121200.0,1361920.0,358400.0,2.0,0.0,51.0,10.0,0.0,1760.0,0.0,5e-05,20000000.0,4587040.0,1212000.0,13619200.0,3584000.0,0.70625,0.7368421052631579
1898,1898.0,1.0,320.0,96.0,224.0,24.94,304.0,103.0,201.0,23.59,448832.0,122880.0,1153408.0,326776.0,2.0,0.0,51.0,10.0,0.0,1750.0,0.0,5e-05,20000000.0,4488320.0,1228800.0,11534080.0,3267760.0,0.7,0.6611842105263158
1899,1899.0,1.0,320.0,93.0,227.0,25.19,171.0,45.0,126.0,27.0,1744992.0,458920.0,1975848.0,519960.0,4.0,0.0,51.0,10.0,0.0,1030.0,0.0,5e-05,20000000.0,17449920.0,4589200.0,19758480.0,5199600.0,0.709375,0.7368421052631579
1900,1900.0,1.0,160.0,43.0,117.0,24.15,38.0,10.0,28.0,24.16,4211728.0,1090728.0,1797872.0,479184.0,14.0,0.0,51.0,10.0,0.0,3240.0,0.0,5e-05,20000000.0,42117280.0,10907280.0,17978720.0,4791840.0,0.73125,0.7368421052631579
1901,1901.0,1.0,320.0,80.0,240.0,26.6,304.0,96.0,208.0,25.49,487424.0,121856.0,1275040.0,356232.0,2.0,0.0,51.0,10.0,0.0,710.0,0.0,5e-05,20000000.0,4874240.0,1218560.0,12750400.0,3562320.0,0.75,0.6842105263157895
1902,1902.0,1.0,320.0,80.0,240.0,26.65,304.0,80.0,224.0,27.0,494080.0,123520.0,1361920.0,358400.0,2.0,0.0,51.0,10.0,0.0,1780.0,0.0,5e-05,20000000.0,4940800.0,1235200.0,13619200.0,3584000.0,0.75,0.7368421052631579
1903,1903.0,1.0,290.0,82.0,208.0,21.98,95.0,32.0,63.0,18.72,3316552.0,926088.0,1551112.0,460744.0,7.0,0.0,51.0,10.0,0.0,2600.0,0.0,5e-05,20000000.0,33165520.0,9260880.0,15511120.0,4607440.0,0.7172413793103448,0.6631578947368421
1904,1904.0,1.0,320.0,93.0,227.0,25.15,171.0,69.0,102.0,21.63,1744832.0,458880.0,1429528.0,387424.0,4.0,0.0,51.0,10.0,0.0,800.0,0.0,5e-05,20000000.0,17448320.0,4588800.0,14295280.0,3874240.0,0.709375,0.5964912280701754
1905,1905.0,1.0,320.0,92.0,228.0,23.86,171.0,48.0,123.0,24.79,1349208.0,346008.0,1473712.0,388336.0,4.0,0.0,51.0,10.0,0.0,3950.0,0.0,5e-05,20000000.0,13492080.0,3460080.0,14737120.0,3883360.0,0.7125,0.7192982456140351
1906,1906.0,1.0,290.0,78.0,212.0,20.97,95.0,25.0,70.0,19.09,2783272.0,768136.0,1385080.0,376808.0,7.0,0.0,51.0,10.0,0.0,4800.0,0.0,5e-05,20000000.0,27832720.0,7681360.0,13850800.0,3768080.0,0.7310344827586207,0.7368421052631579
1907,1907.0,1.0,320.0,80.0,240.0,26.65,304.0,108.0,196.0,22.02,494080.0,123520.0,1001368.0,275328.0,2.0,0.0,51.0,10.0,0.0,3240.0,0.0,5e-05,20000000.0,4940800.0,1235200.0,10013680.0,2753280.0,0.75,0.6447368421052632
1908,1908.0,1.0,320.0,104.0,216.0,20.7,171.0,59.0,112.0,21.01,1289840.0,354608.0,1133128.0,321136.0,4.0,0.0,51.0,10.0,0.0,3040.0,0.0,5e-05,20000000.0,12898400.0,3546080.0,11331280.0,3211360.0,0.675,0.6549707602339181
1909,1909.0,1.0,320.0,93.0,227.0,22.02,171.0,52.0,119.0,22.35,1292848.0,346112.0,1120096.0,319000.0,4.0,0.0,51.0,10.0,0.0,4310.0,0.0,5e-05,20000000.0,12928480.0,3461120.0,11200960.0,3190000.0,0.709375,0.695906432748538
1910,1910.0,1.0,290.0,79.0,211.0,26.17,95.0,28.0,67.0,25.58,4542152.0,1212944.0,2235136.0,614728.0,7.0,0.0,51.0,10.0,0.0,1910.0,0.0,5e-05,20000000.0,45421520.0,12129440.0,22351360.0,6147280.0,0.7275862068965517,0.7052631578947368
1911,1911.0,1.0,320.0,80.0,240.0,26.5,171.0,53.0,118.0,25.58,1915904.0,478976.0,1771160.0,491488.0,4.0,0.0,51.0,10.0,0.0,590.0,0.0,5e-05,20000000.0,19159040.0,4789760.0,17711600.0,4914880.0,0.75,0.6900584795321637
1912,1912.0,1.0,160.0,43.0,117.0,24.85,38.0,10.0,28.0,27.0,4307000.0,1163952.0,2258416.0,594320.0,14.0,0.0,51.0,10.0,0.0,3570.0,0.0,5e-05,20000000.0,43070000.0,11639520.0,22584160.0,5943200.0,0.73125,0.7368421052631579
1913,1913.0,1.0,320.0,80.0,240.0,26.65,304.0,112.0,192.0,24.07,494080.0,123520.0,1205536.0,358408.0,2.0,0.0,51.0,10.0,0.0,500.0,0.0,5e-05,20000000.0,4940800.0,1235200.0,12055360.0,3584080.0,0.75,0.631578947368421
1914,1914.0,1.0,160.0,43.0,117.0,26.27,38.0,10.0,28.0,27.0,5118008.0,1366704.0,2258416.0,594320.0,14.0,0.0,51.0,10.0,0.0,1050.0,0.0,5e-05,20000000.0,51180080.0,13667040.0,22584160.0,5943200.0,0.73125,0.7368421052631579
1915,1915.0,1.0,160.0,43.0,117.0,26.61,38.0,10.0,28.0,27.0,5235144.0,1386000.0,2258416.0,594320.0,14.0,0.0,51.0,10.0,0.0,1990.0,0.0,5e-05,20000000.0,52351440.0,13860000.0,22584160.0,5943200.0,0.73125,0.7368421052631579
1916,1916.0,1.0,320.0,99.0,221.0,22.53,171.0,56.0,115.0,23.89,1452440.0,399624.0,1613432.0,452464.0,4.0,0.0,51.0,10.0,0.0,2300.0,0.0,5e-05,20000000.0,14524400.0,3996240.0,16134320.0,4524640.0,0.690625,0.672514619883041
1917,1917.0,1.0,290.0,82.0,208.0,26.17,95.0,25.0,70.0,27.0,4644872.0,1266728.0,2320888.0,610760.0,7.0,0.0,51.0,10.0,0.0,1090.0,0.0,5e-05,20000000.0,46448720.0,12667280.0,23208880.0,6107600.0,0.7172413793103448,0.7368421052631579
1918,1918.0,1.0,160.0,44.0,116.0,25.83,38.0,10.0,28.0,27.0,4858560.0,1283856.0,2258416.0,594320.0,14.0,0.0,51.0,10.0,0.0,2160.0,0.0,5e-05,20000000.0,48585600.0,12838560.0,22584160.0,5943200.0,0.725,0.7368421052631579
1919,1919.0,1.0,160.0,43.0,117.0,25.62,38.0,10.0,28.0,27.0,5040984.0,1308272.0,2258416.0,594320.0,14.0,0.0,51.0,10.0,0.0,3870.0,0.0,5e-05,20000000.0,50409840.0,13082720.0,22584160.0,5943200.0,0.73125,0.7368421052631579
1920,1920.0,1.0,320.0,91.0,229.0,24.31,171.0,45.0,126.0,27.0,1521768.0,400120.0,1975848.0,519960.0,4.0,0.0,51.0,10.0,0.0,2990.0,0.0,5e-05,20000000.0,15217680.0,4001200.0,19758480.0,5199600.0,0.715625,0.7368421052631579
1921,1921.0,1.0,320.0,80.0,240.0,26.19,171.0,51.0,120.0,22.76,1942144.0,485536.0,920976.0,263256.0,4.0,0.0,51.0,10.0,0.0,4710.0,0.0,5e-05,20000000.0,19421440.0,4855360.0,9209760.0,2632560.0,0.75,0.7017543859649122
1922,1922.0,1.0,320.0,80.0,240.0,26.56,171.0,60.0,111.0,23.06,1942144.0,485536.0,1414792.0,387880.0,4.0,0.0,51.0,10.0,0.0,1810.0,0.0,5e-05,20000000.0,19421440.0,4855360.0,14147920.0,3878800.0,0.75,0.6491228070175439
1923,1923.0,1.0,290.0,78.0,212.0,24.89,95.0,26.0,69.0,22.79,3553672.0,973576.0,1033248.0,299352.0,7.0,0.0,51.0,10.0,0.0,3300.0,0.0,5e-05,20000000.0,35536720.0,9735760.0,10332480.0,2993520.0,0.7310344827586207,0.7263157894736842
1924,1924.0,1.0,290.0,79.0,211.0,20.62,95.0,26.0,69.0,21.62,3189672.0,802064.0,1519968.0,401568.0,7.0,0.0,51.0,10.0,0.0,3040.0,0.0,5e-05,20000000.0,31896720.0,8020640.0,15199680.0,4015680.0,0.7275862068965517,0.7263157894736842
1925,1925.0,1.0,160.0,43.0,117.0,25.08,38.0,10.0,28.0,21.32,4210536.0,1129848.0,1337328.0,364048.0,14.0,0.0,51.0,10.0,0.0,3920.0,0.0,5e-05,20000000.0,42105360.0,11298480.0,13373280.0,3640480.0,0.73125,0.7368421052631579
1926,1926.0,1.0,290.0,78.0,212.0,26.64,95.0,25.0,70.0,27.0,4781832.0,1280616.0,2320888.0,610760.0,7.0,0.0,51.0,10.0,0.0,70.0,0.0,5e-05,20000000.0,47818320.0,12806160.0,23208880.0,6107600.0,0.7310344827586207,0.7368421052631579
1927,1927.0,1.0,320.0,89.0,231.0,21.07,171.0,51.0,120.0,19.56,1101136.0,285440.0,1052632.0,288904.0,4.0,0.0,51.0,10.0,0.0,4800.0,0.0,5e-05,20000000.0,11011360.0,2854400.0,10526320.0,2889040.0,0.721875,0.7017543859649122
1928,1928.0,1.0,160.0,44.0,116.0,25.82,38.0,10.0,28.0,27.0,5116264.0,1328456.0,2258416.0,594320.0,14.0,0.0,51.0,10.0,0.0,1290.0,0.0,5e-05,20000000.0,51162640.0,13284560.0,22584160.0,5943200.0,0.725,0.7368421052631579
1929,1929.0,1.0,290.0,78.0,212.0,22.17,95.0,25.0,70.0,22.54,3121192.0,852616.0,1375544.0,374424.0,7.0,0.0,51.0,10.0,0.0,4380.0,0.0,5e-05,20000000.0,31211920.0,8526160.0,13755440.0,3744240.0,0.7310344827586207,0.7368421052631579
1930,1930.0,1.0,290.0,79.0,211.0,26.13,95.0,32.0,63.0,24.44,4703272.0,1266064.0,2183016.0,631848.0,7.0,0.0,51.0,10.0,0.0,680.0,0.0,5e-05,20000000.0,47032720.0,12660640.0,21830160.0,6318480.0,0.7275862068965517,0.6631578947368421
1931,1931.0,1.0,320.0,80.0,240.0,26.65,304.0,91.0,213.0,22.74,494080.0,123520.0,1153408.0,290392.0,2.0,0.0,51.0,10.0,0.0,4290.0,0.0,5e-05,20000000.0,4940800.0,1235200.0,11534080.0,2903920.0,0.75,0.7006578947368421
1932,1932.0,1.0,320.0,98.0,222.0,23.95,304.0,100.0,204.0,23.64,420112.0,113416.0,1079560.0,308992.0,2.0,0.0,51.0,10.0,0.0,3780.0,0.0,5e-05,20000000.0,4201120.0,1134160.0,10795600.0,3089920.0,0.69375,0.6710526315789473
1933,1933.0,1.0,160.0,43.0,117.0,26.48,38.0,10.0,28.0,27.0,5355000.0,1425952.0,2258416.0,594320.0,14.0,0.0,51.0,10.0,0.0,1450.0,0.0,5e-05,20000000.0,53550000.0,14259520.0,22584160.0,5943200.0,0.73125,0.7368421052631579
1934,1934.0,1.0,160.0,43.0,117.0,24.26,38.0,10.0,28.0,22.74,4177784.0,1131648.0,1337328.0,364048.0,14.0,0.0,51.0,10.0,0.0,4050.0,0.0,5e-05,20000000.0,41777840.0,11316480.0,13373280.0,3640480.0,0.73125,0.7368421052631579
1935,1935.0,1.0,320.0,80.0,240.0,26.65,304.0,80.0,224.0,27.0,494080.0,123520.0,1361920.0,358400.0,2.0,0.0,51.0,10.0,0.0,920.0,0.0,5e-05,20000000.0,4940800.0,1235200.0,13619200.0,3584000.0,0.75,0.7368421052631579
1936,1936.0,1.0,160.0,46.0,114.0,22.82,38.0,10.0,28.0,24.26,3867256.0,1056800.0,1797872.0,479184.0,14.0,0.0,51.0,10.0,0.0,2480.0,0.0,5e-05,20000000.0,38672560.0,10568000.0,17978720.0,4791840.0,0.7125,0.7368421052631579
1937,1937.0,1.0,320.0,98.0,222.0,23.95,304.0,112.0,192.0,21.1,416896.0,111808.0,897112.0,258496.0,2.0,0.0,51.0,10.0,0.0,3810.0,0.0,5e-05,20000000.0,4168960.0,1118080.0,8971120.0,2584960.0,0.69375,0.631578947368421
1938,1938.0,1.0,320.0,80.0,240.0,26.5,171.0,45.0,126.0,27.0,1915904.0,478976.0,1975848.0,519960.0,4.0,0.0,51.0,10.0,0.0,780.0,0.0,5e-05,20000000.0,19159040.0,4789760.0,19758480.0,5199600.0,0.75,0.7368421052631579
1939,1939.0,1.0,320.0,91.0,229.0,22.83,171.0,54.0,117.0,21.71,1397480.0,370936.0,1189848.0,324408.0,4.0,0.0,51.0,10.0,0.0,3910.0,0.0,5e-05,20000000.0,13974800.0,3709360.0,11898480.0,3244080.0,0.715625,0.6842105263157895
1940,1940.0,1.0,160.0,44.0,116.0,23.88,38.0,10.0,28.0,27.0,4199672.0,1113224.0,2258416.0,594320.0,14.0,0.0,51.0,10.0,0.0,1640.0,0.0,5e-05,20000000.0,41996720.0,11132240.0,22584160.0,5943200.0,0.725,0.7368421052631579
1941,1941.0,1.0,320.0,80.0,240.0,26.6,304.0,94.0,210.0,22.01,487424.0,121856.0,1014400.0,273424.0,2.0,0.0,51.0,10.0,0.0,4650.0,0.0,5e-05,20000000.0,4874240.0,1218560.0,10144000.0,2734240.0,0.75,0.6907894736842105
1942,1942.0,1.0,320.0,95.0,225.0,23.24,171.0,50.0,121.0,24.63,1399456.0,374984.0,1488856.0,398592.0,4.0,0.0,51.0,10.0,0.0,3550.0,0.0,5e-05,20000000.0,13994560.0,3749840.0,14888560.0,3985920.0,0.703125,0.7076023391812866
1943,1943.0,1.0,320.0,84.0,236.0,23.48,171.0,48.0,123.0,23.78,1592536.0,403144.0,1363968.0,361048.0,4.0,0.0,51.0,10.0,0.0,4820.0,0.0,5e-05,20000000.0,15925360.0,4031440.0,13639680.0,3610480.0,0.7375,0.7192982456140351
1944,1944.0,1.0,320.0,80.0,240.0,26.65,304.0,80.0,224.0,27.0,494080.0,123520.0,1361920.0,358400.0,2.0,0.0,51.0,10.0,0.0,1380.0,0.0,5e-05,20000000.0,4940800.0,1235200.0,13619200.0,3584000.0,0.75,0.7368421052631579
1945,1945.0,1.0,160.0,43.0,117.0,22.22,38.0,10.0,28.0,20.11,3379360.0,887848.0,991920.0,248912.0,14.0,0.0,51.0,10.0,0.0,4590.0,0.0,5e-05,20000000.0,33793600.0,8878480.0,9919200.0,2489120.0,0.73125,0.7368421052631579
1946,1946.0,1.0,320.0,92.0,228.0,25.12,171.0,45.0,126.0,27.0,1740872.0,457208.0,1975848.0,519960.0,4.0,0.0,51.0,10.0,0.0,1660.0,0.0,5e-05,20000000.0,17408720.0,4572080.0,19758480.0,5199600.0,0.7125,0.7368421052631579
1947,1947.0,1.0,160.0,43.0,117.0,25.59,38.0,10.0,28.0,24.16,4604232.0,1228272.0,1337328.0,364048.0,14.0,0.0,51.0,10.0,0.0,4470.0,0.0,5e-05,20000000.0,46042320.0,12282720.0,13373280.0,3640480.0,0.73125,0.7368421052631579
1948,1948.0,1.0,320.0,90.0,230.0,24.18,171.0,45.0,126.0,27.0,1617000.0,419656.0,1975848.0,519960.0,4.0,0.0,51.0,10.0,0.0,2930.0,0.0,5e-05,20000000.0,16170000.0,4196560.0,19758480.0,5199600.0,0.71875,0.7368421052631579
1949,1949.0,1.0,320.0,80.0,240.0,26.48,171.0,48.0,123.0,25.58,1915904.0,478976.0,1735024.0,450896.0,4.0,0.0,51.0,10.0,0.0,2940.0,0.0,5e-05,20000000.0,19159040.0,4789760.0,17350240.0,4508960.0,0.75,0.7192982456140351
1950,1950.0,1.0,320.0,80.0,240.0,26.6,304.0,92.0,212.0,25.58,487424.0,121856.0,1257664.0,342656.0,2.0,0.0,51.0,10.0,0.0,1550.0,0.0,5e-05,20000000.0,4874240.0,1218560.0,12576640.0,3426560.0,0.75,0.6973684210526315
1951,1951.0,1.0,320.0,80.0,240.0,26.56,171.0,52.0,119.0,25.58,1942144.0,485536.0,1768112.0,487008.0,4.0,0.0,51.0,10.0,0.0,1960.0,0.0,5e-05,20000000.0,19421440.0,4855360.0,17681120.0,4870080.0,0.75,0.695906432748538
1952,1952.0,1.0,320.0,80.0,240.0,26.6,304.0,80.0,224.0,27.0,487424.0,121856.0,1361920.0,358400.0,2.0,0.0,51.0,10.0,0.0,140.0,0.0,5e-05,20000000.0,4874240.0,1218560.0,13619200.0,3584000.0,0.75,0.7368421052631579
1953,1953.0,1.0,160.0,43.0,117.0,24.85,38.0,10.0,28.0,24.16,4434240.0,1151568.0,1452464.0,364048.0,14.0,0.0,51.0,10.0,0.0,2680.0,0.0,5e-05,20000000.0,44342400.0,11515680.0,14524640.0,3640480.0,0.73125,0.7368421052631579
1954,1954.0,1.0,320.0,94.0,226.0,21.32,171.0,54.0,117.0,22.89,1279568.0,349024.0,1171328.0,346856.0,4.0,0.0,51.0,10.0,0.0,4420.0,0.0,5e-05,20000000.0,12795680.0,3490240.0,11713280.0,3468560.0,0.70625,0.6842105263157895
1955,1955.0,1.0,290.0,78.0,212.0,21.17,95.0,25.0,70.0,22.84,3293064.0,870408.0,1848216.0,492592.0,7.0,0.0,51.0,10.0,0.0,4320.0,0.0,5e-05,20000000.0,32930640.0,8704080.0,18482160.0,4925920.0,0.7310344827586207,0.7368421052631579
1956,1956.0,1.0,160.0,43.0,117.0,21.78,38.0,10.0,28.0,18.79,3664008.0,993216.0,1337328.0,364048.0,14.0,0.0,51.0,10.0,0.0,3400.0,0.0,5e-05,20000000.0,36640080.0,9932160.0,13373280.0,3640480.0,0.73125,0.7368421052631579
1957,1957.0,1.0,160.0,43.0,117.0,25.92,38.0,10.0,28.0,27.0,4761904.0,1228272.0,2258416.0,594320.0,14.0,0.0,51.0,10.0,0.0,1620.0,0.0,5e-05,20000000.0,47619040.0,12282720.0,22584160.0,5943200.0,0.73125,0.7368421052631579
1958,1958.0,1.0,320.0,93.0,227.0,24.68,171.0,56.0,115.0,23.43,1710832.0,458880.0,1598240.0,444368.0,4.0,0.0,51.0,10.0,0.0,1750.0,0.0,5e-05,20000000.0,17108320.0,4588800.0,15982400.0,4443680.0,0.709375,0.672514619883041
1959,1959.0,1.0,320.0,80.0,240.0,26.3,304.0,87.0,217.0,24.84,494080.0,123520.0,1188160.0,320256.0,2.0,0.0,51.0,10.0,0.0,4350.0,0.0,5e-05,20000000.0,4940800.0,1235200.0,11881600.0,3202560.0,0.75,0.7138157894736842
1960,1960.0,1.0,320.0,100.0,220.0,21.93,304.0,87.0,217.0,24.78,368656.0,99072.0,1214224.0,320256.0,2.0,0.0,51.0,10.0,0.0,4850.0,0.0,5e-05,20000000.0,3686560.0,990720.0,12142240.0,3202560.0,0.6875,0.7138157894736842
1961,1961.0,1.0,160.0,43.0,117.0,21.26,38.0,10.0,28.0,21.42,3190248.0,874776.0,1337328.0,364048.0,14.0,0.0,51.0,10.0,0.0,4310.0,0.0,5e-05,20000000.0,31902480.0,8747760.0,13373280.0,3640480.0,0.73125,0.7368421052631579
1962,1962.0,1.0,290.0,79.0,211.0,25.43,95.0,29.0,66.0,23.87,4172552.0,1094864.0,1682392.0,484336.0,7.0,0.0,51.0,10.0,0.0,2500.0,0.0,5e-05,20000000.0,41725520.0,10948640.0,16823920.0,4843360.0,0.7275862068965517,0.6947368421052632
1963,1963.0,1.0,160.0,43.0,117.0,24.98,38.0,10.0,28.0,27.0,4016592.0,1071568.0,2258416.0,594320.0,14.0,0.0,51.0,10.0,0.0,3440.0,0.0,5e-05,20000000.0,40165920.0,10715680.0,22584160.0,5943200.0,0.73125,0.7368421052631579
1964,1964.0,1.0,290.0,78.0,212.0,26.64,95.0,25.0,70.0,27.0,4781832.0,1280616.0,2320888.0,610760.0,7.0,0.0,51.0,10.0,0.0,450.0,0.0,5e-05,20000000.0,47818320.0,12806160.0,23208880.0,6107600.0,0.7310344827586207,0.7368421052631579
1965,1965.0,1.0,320.0,95.0,225.0,24.53,304.0,91.0,213.0,25.58,437800.0,116440.0,1227256.0,338176.0,2.0,0.0,51.0,10.0,0.0,2030.0,0.0,5e-05,20000000.0,4378000.0,1164400.0,12272560.0,3381760.0,0.703125,0.7006578947368421
1966,1966.0,1.0,320.0,80.0,240.0,26.65,304.0,80.0,224.0,27.0,494080.0,123520.0,1361920.0,358400.0,2.0,0.0,51.0,10.0,0.0,370.0,0.0,5e-05,20000000.0,4940800.0,1235200.0,13619200.0,3584000.0,0.75,0.7368421052631579
1967,1967.0,1.0,160.0,43.0,117.0,22.81,38.0,10.0,28.0,25.58,3131744.0,835544.0,1913008.0,479184.0,14.0,0.0,51.0,10.0,0.0,3940.0,0.0,5e-05,20000000.0,31317440.0,8355440.0,19130080.0,4791840.0,0.73125,0.7368421052631579
1968,1968.0,1.0,320.0,110.0,210.0,22.66,304.0,96.0,208.0,24.2,397376.0,110912.0,1166440.0,317136.0,2.0,0.0,51.0,10.0,0.0,2540.0,0.0,5e-05,20000000.0,3973760.0,1109120.0,11664400.0,3171360.0,0.65625,0.6842105263157895
1969,1969.0,1.0,320.0,80.0,240.0,26.48,171.0,45.0,126.0,27.0,1915904.0,478976.0,1975848.0,519960.0,4.0,0.0,51.0,10.0,0.0,2560.0,0.0,5e-05,20000000.0,19159040.0,4789760.0,19758480.0,5199600.0,0.75,0.7368421052631579
1970,1970.0,1.0,320.0,93.0,227.0,23.94,171.0,51.0,120.0,22.69,1523168.0,403464.0,1274008.0,348200.0,4.0,0.0,51.0,10.0,0.0,3030.0,0.0,5e-05,20000000.0,15231680.0,4034640.0,12740080.0,3482000.0,0.709375,0.7017543859649122
1971,1971.0,1.0,320.0,80.0,240.0,25.75,171.0,57.0,114.0,22.42,1915904.0,478976.0,1205240.0,315520.0,4.0,0.0,51.0,10.0,0.0,2380.0,0.0,5e-05,20000000.0,19159040.0,4789760.0,12052400.0,3155200.0,0.75,0.6666666666666666
1972,1972.0,1.0,160.0,43.0,117.0,23.95,38.0,10.0,28.0,24.74,3704752.0,993760.0,1797872.0,479184.0,14.0,0.0,51.0,10.0,0.0,3960.0,0.0,5e-05,20000000.0,37047520.0,9937600.0,17978720.0,4791840.0,0.73125,0.7368421052631579
1973,1973.0,1.0,290.0,78.0,212.0,26.64,95.0,25.0,70.0,27.0,4781832.0,1280616.0,2320888.0,610760.0,7.0,0.0,51.0,10.0,0.0,890.0,0.0,5e-05,20000000.0,47818320.0,12806160.0,23208880.0,6107600.0,0.7310344827586207,0.7368421052631579
1974,1974.0,1.0,320.0,91.0,229.0,22.77,304.0,93.0,211.0,22.2,373256.0,98440.0,997024.0,268944.0,2.0,0.0,51.0,10.0,0.0,4740.0,0.0,5e-05,20000000.0,3732560.0,984400.0,9970240.0,2689440.0,0.715625,0.694078947368421
1975,1975.0,1.0,160.0,47.0,113.0,25.98,38.0,11.0,27.0,25.58,5117520.0,1392328.0,1970576.0,538616.0,14.0,0.0,51.0,10.0,0.0,1210.0,0.0,5e-05,20000000.0,51175200.0,13923280.0,19705760.0,5386160.0,0.70625,0.7105263157894737
1976,1976.0,1.0,160.0,44.0,116.0,26.06,38.0,12.0,26.0,25.58,5116456.0,1348528.0,2143280.0,598048.0,14.0,0.0,51.0,10.0,0.0,300.0,0.0,5e-05,20000000.0,51164560.0,13485280.0,21432800.0,5980480.0,0.725,0.6842105263157895
1977,1977.0,1.0,320.0,80.0,240.0,26.48,171.0,53.0,118.0,25.58,1942144.0,485536.0,1848272.0,509680.0,4.0,0.0,51.0,10.0,0.0,1390.0,0.0,5e-05,20000000.0,19421440.0,4855360.0,18482720.0,5096800.0,0.75,0.6900584795321637
1978,1978.0,1.0,290.0,78.0,212.0,20.89,95.0,25.0,70.0,24.16,2488232.0,660136.0,1493712.0,374424.0,7.0,0.0,51.0,10.0,0.0,3650.0,0.0,5e-05,20000000.0,24882320.0,6601360.0,14937120.0,3744240.0,0.7310344827586207,0.7368421052631579
1979,1979.0,1.0,160.0,43.0,117.0,26.61,38.0,10.0,28.0,27.0,5235144.0,1386000.0,2258416.0,594320.0,14.0,0.0,51.0,10.0,0.0,1980.0,0.0,5e-05,20000000.0,52351440.0,13860000.0,22584160.0,5943200.0,0.73125,0.7368421052631579
1980,1980.0,1.0,160.0,45.0,115.0,25.25,38.0,10.0,28.0,27.0,4195400.0,1113568.0,2258416.0,594320.0,14.0,0.0,51.0,10.0,0.0,1580.0,0.0,5e-05,20000000.0,41954000.0,11135680.0,22584160.0,5943200.0,0.71875,0.7368421052631579
1981,1981.0,1.0,290.0,78.0,212.0,26.64,95.0,25.0,70.0,27.0,4781832.0,1280616.0,2320888.0,610760.0,7.0,0.0,51.0,10.0,0.0,220.0,0.0,5e-05,20000000.0,47818320.0,12806160.0,23208880.0,6107600.0,0.7310344827586207,0.7368421052631579
1982,1982.0,1.0,320.0,80.0,240.0,26.5,171.0,52.0,119.0,25.43,1942144.0,485536.0,1672992.0,459720.0,4.0,0.0,51.0,10.0,0.0,3180.0,0.0,5e-05,20000000.0,19421440.0,4855360.0,16729920.0,4597200.0,0.75,0.695906432748538
1983,1983.0,1.0,320.0,80.0,240.0,26.1,171.0,53.0,118.0,22.47,1915904.0,478976.0,1145792.0,333912.0,4.0,0.0,51.0,10.0,0.0,3420.0,0.0,5e-05,20000000.0,19159040.0,4789760.0,11457920.0,3339120.0,0.75,0.6900584795321637
1984,1984.0,1.0,320.0,104.0,216.0,23.11,304.0,97.0,207.0,23.55,407248.0,112192.0,1144720.0,321616.0,2.0,0.0,51.0,10.0,0.0,3130.0,0.0,5e-05,20000000.0,4072480.0,1121920.0,11447200.0,3216160.0,0.675,0.680921052631579
1985,1985.0,1.0,320.0,80.0,240.0,26.48,171.0,45.0,126.0,27.0,1915904.0,478976.0,1975848.0,519960.0,4.0,0.0,51.0,10.0,0.0,160.0,0.0,5e-05,20000000.0,19159040.0,4789760.0,19758480.0,5199600.0,0.75,0.7368421052631579
1986,1986.0,1.0,320.0,98.0,222.0,21.61,304.0,104.0,200.0,19.39,345920.0,90848.0,875392.0,227000.0,2.0,0.0,51.0,10.0,0.0,4210.0,0.0,5e-05,20000000.0,3459200.0,908480.0,8753920.0,2270000.0,0.69375,0.6578947368421053
1987,1987.0,1.0,160.0,44.0,116.0,24.19,38.0,10.0,28.0,25.58,4314416.0,1171752.0,1797872.0,479184.0,14.0,0.0,51.0,10.0,0.0,1880.0,0.0,5e-05,20000000.0,43144160.0,11717520.0,17978720.0,4791840.0,0.725,0.7368421052631579
1988,1988.0,1.0,320.0,103.0,217.0,19.81,171.0,56.0,115.0,21.41,1225808.0,334328.0,1475712.0,400592.0,4.0,0.0,51.0,10.0,0.0,3170.0,0.0,5e-05,20000000.0,12258080.0,3343280.0,14757120.0,4005920.0,0.678125,0.672514619883041
1989,1989.0,1.0,320.0,112.0,208.0,21.45,171.0,57.0,114.0,23.38,1329720.0,392936.0,1588552.0,448848.0,4.0,0.0,51.0,10.0,0.0,2240.0,0.0,5e-05,20000000.0,13297200.0,3929360.0,15885520.0,4488480.0,0.65,0.6666666666666666
1990,1990.0,1.0,320.0,80.0,240.0,26.26,171.0,55.0,116.0,24.63,1942144.0,485536.0,1507576.0,430088.0,4.0,0.0,51.0,10.0,0.0,1340.0,0.0,5e-05,20000000.0,19421440.0,4855360.0,15075760.0,4300880.0,0.75,0.6783625730994152
1991,1991.0,1.0,320.0,91.0,229.0,25.17,171.0,45.0,126.0,27.0,1716648.0,449056.0,1975848.0,519960.0,4.0,0.0,51.0,10.0,0.0,1090.0,0.0,5e-05,20000000.0,17166480.0,4490560.0,19758480.0,5199600.0,0.715625,0.7368421052631579
1992,1992.0,1.0,320.0,97.0,223.0,22.08,171.0,53.0,118.0,23.65,1297480.0,355320.0,1276528.0,362912.0,4.0,0.0,51.0,10.0,0.0,3520.0,0.0,5e-05,20000000.0,12974800.0,3553200.0,12765280.0,3629120.0,0.696875,0.6900584795321637
1993,1993.0,1.0,320.0,80.0,240.0,26.3,304.0,109.0,195.0,22.22,494080.0,123520.0,918832.0,284152.0,2.0,0.0,51.0,10.0,0.0,3360.0,0.0,5e-05,20000000.0,4940800.0,1235200.0,9188320.0,2841520.0,0.75,0.6414473684210527
1994,1994.0,1.0,290.0,81.0,209.0,22.83,95.0,27.0,68.0,22.86,3316552.0,856800.0,1494624.0,376200.0,7.0,0.0,51.0,10.0,0.0,2910.0,0.0,5e-05,20000000.0,33165520.0,8568000.0,14946240.0,3762000.0,0.7206896551724138,0.7157894736842105
1995,1995.0,1.0,320.0,80.0,240.0,25.4,304.0,100.0,204.0,20.1,487424.0,121856.0,801544.0,230800.0,2.0,0.0,51.0,10.0,0.0,4770.0,0.0,5e-05,20000000.0,4874240.0,1218560.0,8015440.0,2308000.0,0.75,0.6710526315789473
1996,1996.0,1.0,290.0,78.0,212.0,18.38,95.0,25.0,70.0,16.27,2248072.0,578696.0,1021040.0,256256.0,7.0,0.0,51.0,10.0,0.0,4550.0,0.0,5e-05,20000000.0,22480720.0,5786960.0,10210400.0,2562560.0,0.7310344827586207,0.7368421052631579
1997,1997.0,1.0,320.0,90.0,230.0,25.06,171.0,45.0,126.0,27.0,1579016.0,412336.0,1975848.0,519960.0,4.0,0.0,51.0,10.0,0.0,2190.0,0.0,5e-05,20000000.0,15790160.0,4123360.0,19758480.0,5199600.0,0.71875,0.7368421052631579
1998,1998.0,1.0,160.0,43.0,117.0,23.77,38.0,10.0,28.0,24.26,4138000.0,1092320.0,1797872.0,479184.0,14.0,0.0,51.0,10.0,0.0,2540.0,0.0,5e-05,20000000.0,41380000.0,10923200.0,17978720.0,4791840.0,0.73125,0.7368421052631579
1999,1999.0,1.0,290.0,80.0,210.0,26.31,95.0,25.0,70.0,27.0,4634792.0,1249752.0,2320888.0,610760.0,7.0,0.0,51.0,10.0,0.0,830.0,0.0,5e-05,20000000.0,46347920.0,12497520.0,23208880.0,6107600.0,0.7241379310344828,0.7368421052631579
